phase,split,date,day_index,event_id,offer_kw,ok,ac_ok,energy_ok,soc_start,soc_after_service,soc_after_recovery,vmin,vmax,max_line_loading,error
single,train,2010-07-01,0,1,140.0,1,1,1,0.8,0.21052631578947378,0.5297263157894738,1.000027557305621,1.0494124638932658,0.75535630180271,
single,train,2010-07-01,0,2,140.0,1,1,1,0.8,0.21052631578947378,0.5297263157894738,1.0000099910721045,1.0486909835438913,0.8675944470432162,
single,train,2010-07-02,1,1,140.0,0,0,1,0.8,0.21052631578947378,0.5297263157894738,1.0000253497431388,1.0503998591087127,0.7712658529445633,service AC infeasible
single,train,2010-07-02,1,2,140.0,1,1,1,0.8,0.21052631578947378,0.5297263157894738,0.9982848577836618,1.0486966973393859,0.9315096231746254,
single,train,2010-07-03,2,1,140.0,1,1,1,0.8,0.21052631578947378,0.5297263157894738,1.0000343738816848,1.0494971767390902,0.7175596782556394,
single,train,2010-07-03,2,2,140.0,1,1,1,0.8,0.21052631578947378,0.5297263157894738,1.0000077110894299,1.0485294355007317,0.8825518353796624,
single,train,2010-07-04,3,1,140.0,1,1,1,0.8,0.21052631578947378,0.5297263157894738,1.000030950248691,1.0494812690369428,0.733945234951031,
single,train,2010-07-04,3,2,140.0,1,1,1,0.8,0.21052631578947378,0.5297263157894738,1.0000187093614776,1.048656589834403,0.8106862344878324,
single,train,2010-07-05,4,1,140.0,1,1,1,0.8,0.21052631578947378,0.5297263157894738,1.0000296771530326,1.0495018949515595,0.741767055733993,
single,train,2010-07-05,4,2,140.0,1,1,1,0.8,0.21052631578947378,0.5297263157894738,1.000003187689646,1.0488165788246817,0.9122257031919508,
single,train,2010-07-06,5,1,140.0,1,1,1,0.8,0.21052631578947378,0.5297263157894738,1.0000337015661582,1.0495030909909662,0.7143758915719409,
single,train,2010-07-06,5,2,140.0,1,1,1,0.8,0.21052631578947378,0.5297263157894738,1.0000107887683725,1.0486940102801225,0.8480337610999534,
single,train,2010-07-07,6,1,140.0,1,1,1,0.8,0.21052631578947378,0.5297263157894738,1.000027823518263,1.0494895547707837,0.7551573878269905,
single,train,2010-07-07,6,2,140.0,1,1,1,0.8,0.21052631578947378,0.5297263157894738,1.0000092856960348,1.0488027289226363,0.872217191636408,
single,train,2010-07-08,7,1,140.0,1,1,1,0.8,0.21052631578947378,0.5297263157894738,1.0000362407205614,1.049488360853065,0.6993282384193076,
single,train,2010-07-08,7,2,140.0,1,1,1,0.8,0.21052631578947378,0.5297263157894738,1.0000147103185464,1.0485508364008007,0.8367854643177367,
single,train,2010-07-09,8,1,140.0,1,1,1,0.8,0.21052631578947378,0.5297263157894738,1.0000217297403016,1.0494745020706293,0.7923042361872619,
single,train,2010-07-09,8,2,140.0,1,1,1,0.8,0.21052631578947378,0.5297263157894738,1.0000122343707114,1.0488414496648006,0.8529191389710388,
single,train,2010-07-10,9,1,140.0,1,1,1,0.8,0.21052631578947378,0.5297263157894738,1.0000352268939185,1.0494602260073638,0.7186621855700834,
single,train,2010-07-10,9,2,140.0,1,1,1,0.8,0.21052631578947378,0.5297263157894738,1.0000109546844314,1.048843324629299,0.8613171165883271,
single,train,2010-07-11,10,1,140.0,1,1,1,0.8,0.21052631578947378,0.5297263157894738,1.0000384955749189,1.0494876813680125,0.6911878032024369,
single,train,2010-07-11,10,2,140.0,1,1,1,0.8,0.21052631578947378,0.5297263157894738,1.0000171753137177,1.0489727770397113,0.8206925614430041,
single,train,2010-07-12,11,1,140.0,1,1,1,0.8,0.21052631578947378,0.5297263157894738,1.000032476793432,1.0494130208501085,0.729060838079115,
single,train,2010-07-12,11,2,140.0,1,1,1,0.8,0.21052631578947378,0.5297263157894738,1.0000086349243693,1.0488656721654648,0.8764949292047391,
single,train,2010-07-13,12,1,140.0,1,1,1,0.8,0.21052631578947378,0.5297263157894738,1.0000400001802914,1.0494511618022542,0.6831440998879822,
single,train,2010-07-13,12,2,140.0,1,1,1,0.8,0.21052631578947378,0.5297263157894738,1.0000188529868197,1.0485871231385144,0.809774902487086,
single,train,2010-07-14,13,1,140.0,1,1,1,0.8,0.21052631578947378,0.5297263157894738,1.0000357747798845,1.0495934033897787,0.7007854118192179,
single,train,2010-07-14,13,2,140.0,1,1,1,0.8,0.21052631578947378,0.5297263157894738,1.0000087715643893,1.0489349943656523,0.875636854225734,
single,train,2010-07-15,14,1,140.0,1,1,1,0.8,0.21052631578947378,0.5297263157894738,1.000033400921692,1.0498140913504181,0.720106059285934,
single,train,2010-07-15,14,2,140.0,1,1,1,0.8,0.21052631578947378,0.5297263157894738,1.0000074653328046,1.0491455344325151,0.8841499163154538,
single,train,2010-07-16,15,1,140.0,0,0,1,0.8,0.21052631578947378,0.5297263157894738,1.0000282240789367,1.0502384521877761,0.7491212711891062,service AC infeasible
single,train,2010-07-16,15,2,140.0,1,1,1,0.8,0.21052631578947378,0.5297263157894738,0.9999978654250194,1.0488421079118884,0.9472445209200545,
single,train,2010-07-17,16,1,140.0,1,1,1,0.8,0.21052631578947378,0.5297263157894738,1.0000179704333219,1.0494527913061455,0.8247365931891169,
single,train,2010-07-17,16,2,140.0,1,1,1,0.8,0.21052631578947378,0.5297263157894738,1.000012733173138,1.0486550753224193,0.8496986375565682,
single,train,2010-07-18,17,1,140.0,0,0,1,0.8,0.21052631578947378,0.5297263157894738,1.0000316162986964,1.0502185037582865,0.751725732183659,service AC infeasible
single,train,2010-07-18,17,2,140.0,1,1,1,0.8,0.21052631578947378,0.5297263157894738,1.0000103099352866,1.0487156121431795,0.8655155812093035,
single,train,2010-08-01,31,1,140.0,1,1,1,0.8,0.21052631578947378,0.5297263157894738,1.0000369824012119,1.0496849856302406,0.720738926610303,
single,train,2010-08-01,31,2,140.0,1,1,1,0.8,0.21052631578947378,0.5297263157894738,1.0000075304115077,1.048977976188381,0.8837198594806691,
single,train,2010-08-02,32,1,140.0,1,1,1,0.8,0.21052631578947378,0.5297263157894738,1.0000261689717478,1.0495099945258235,0.7685189628863119,
single,train,2010-08-02,32,2,140.0,1,1,1,0.8,0.21052631578947378,0.5297263157894738,1.0000057742156507,1.0482348794890852,0.8952349599781236,
single,train,2010-08-03,33,1,140.0,1,1,1,0.8,0.21052631578947378,0.5297263157894738,1.0000170682132015,1.0494854263780033,0.8216631073128142,
single,train,2010-08-03,33,2,140.0,1,1,1,0.8,0.21052631578947378,0.5297263157894738,1.0000018002003621,1.048376410590024,0.9213414287046087,
single,train,2010-08-04,34,1,140.0,1,1,1,0.8,0.21052631578947378,0.5297263157894738,1.0000188539149952,1.0493313903644244,0.8098239522641706,
single,train,2010-08-04,34,2,140.0,1,1,1,0.8,0.21052631578947378,0.5297263157894738,1.0000055851173877,1.0489605296820383,0.8964756809452132,
single,train,2010-08-05,35,1,140.0,1,1,1,0.8,0.21052631578947378,0.5297263157894738,1.0000186202077619,1.0494718211634022,0.8121886753417883,
single,train,2010-08-05,35,2,140.0,1,1,1,0.8,0.21052631578947378,0.5297263157894738,1.000004647995957,1.0488068999633153,0.902685294400596,
single,train,2010-08-06,36,1,140.0,1,1,1,0.8,0.21052631578947378,0.5297263157894738,1.000019778570911,1.0494603788815184,0.811208421384739,
single,train,2010-08-06,36,2,140.0,1,1,1,0.8,0.21052631578947378,0.5297263157894738,0.9983402822593329,1.0487968363532425,0.9053880760688616,
single,train,2010-08-07,37,1,140.0,1,1,1,0.8,0.21052631578947378,0.5297263157894738,1.0000234843372566,1.049473971479141,0.7942678870457044,
single,train,2010-08-07,37,2,140.0,1,1,1,0.8,0.21052631578947378,0.5297263157894738,1.0000015666468334,1.048285939113835,0.9228800129665218,
single,train,2010-08-08,38,1,140.0,1,1,1,0.8,0.21052631578947378,0.5297263157894738,1.0000281663416641,1.0494380869033655,0.772317355635178,
single,train,2010-08-08,38,2,140.0,1,1,1,0.8,0.21052631578947378,0.5297263157894738,1.0000091150443415,1.0486540662576849,0.8733520123897526,
single,train,2010-08-09,39,1,140.0,1,1,1,0.8,0.21052631578947378,0.5297263157894738,1.0000219472624063,1.0494582509308532,0.7965382907938958,
single,train,2010-08-09,39,2,140.0,1,1,1,0.8,0.21052631578947378,0.5297263157894738,0.9999996897077776,1.0485745809382974,0.9352471668731678,
single,train,2010-08-10,40,1,140.0,1,1,1,0.8,0.21052631578947378,0.5297263157894738,1.000026044586094,1.0494339519805926,0.7632565575178011,
single,train,2010-08-10,40,2,140.0,1,1,1,0.8,0.21052631578947378,0.5297263157894738,1.0000043823347375,1.0484135045067426,0.9043979210332874,
single,train,2010-08-11,41,1,140.0,1,1,1,0.8,0.21052631578947378,0.5297263157894738,1.0000325175661455,1.0494891363002863,0.7221511099257427,
single,train,2010-08-11,41,2,140.0,1,1,1,0.8,0.21052631578947378,0.5297263157894738,1.000010968291607,1.0487848001295368,0.8612052032404546,
single,train,2010-08-12,42,1,140.0,1,1,1,0.8,0.21052631578947378,0.5297263157894738,1.0000225757336212,1.0495126942795407,0.7878419829877457,
single,train,2010-08-12,42,2,140.0,1,1,1,0.8,0.21052631578947378,0.5297263157894738,0.9999969937491413,1.0485400916578351,0.9530220826909541,
single,train,2010-08-13,43,1,140.0,1,1,1,0.8,0.21052631578947378,0.5297263157894738,1.0000287730542212,1.0494591384886178,0.7536963899071981,
single,train,2010-08-13,43,2,140.0,1,1,1,0.8,0.21052631578947378,0.5297263157894738,1.000009228876381,1.048822878393946,0.8725842081070444,
single,train,2010-08-14,44,1,140.0,1,1,1,0.8,0.21052631578947378,0.5297263157894738,1.0000230282744544,1.049446990103407,0.7917785725286192,
single,train,2010-08-14,44,2,140.0,1,1,1,0.8,0.21052631578947378,0.5297263157894738,1.0000143313977246,1.0489348485714698,0.8392619237628348,
single,train,2010-08-15,45,1,140.0,1,1,1,0.8,0.21052631578947378,0.5297263157894738,1.0000332159276666,1.0493620696311636,0.7213525144636419,
single,train,2010-08-15,45,2,140.0,1,1,1,0.8,0.21052631578947378,0.5297263157894738,1.000010385001446,1.0489263331357583,0.8650339976751995,
single,train,2010-08-16,46,1,140.0,1,1,1,0.8,0.21052631578947378,0.5297263157894738,1.000025230572769,1.0494198532702952,0.7723059705205383,
single,train,2010-08-16,46,2,140.0,1,1,1,0.8,0.21052631578947378,0.5297263157894738,1.0000124496628326,1.0488288290247834,0.8515217941154026,
single,train,2010-08-17,47,1,140.0,1,1,1,0.8,0.21052631578947378,0.5297263157894738,1.0000274675368932,1.049384059374525,0.7581487856746989,
single,train,2010-08-17,47,2,140.0,1,1,1,0.8,0.21052631578947378,0.5297263157894738,0.9999998906978513,1.0487764756402433,0.9339037807880908,
single,train,2010-08-18,48,1,140.0,1,1,1,0.8,0.21052631578947378,0.5297263157894738,1.0000259659463646,1.049444505184291,0.7772403928324944,
single,train,2010-08-18,48,2,140.0,1,1,1,0.8,0.21052631578947378,0.5297263157894738,1.0000001001421386,1.048718234394569,0.9325243478202927,
single,train,2010-09-01,62,1,140.0,1,1,1,0.8,0.21052631578947378,0.5297263157894738,1.0000298072567213,1.0497721070675734,0.7436671015314613,
single,train,2010-09-01,62,2,140.0,1,1,1,0.8,0.21052631578947378,0.5297263157894738,1.0000250459544022,1.0488153318549107,0.7696736857270707,
single,train,2010-09-02,63,1,140.0,1,1,1,0.8,0.21052631578947378,0.5297263157894738,1.0000362943168588,1.0494070123075314,0.6981250483552742,
single,train,2010-09-02,63,2,140.0,1,1,1,0.8,0.21052631578947378,0.5297263157894738,1.000021284252315,1.048977555496839,0.7939622248724291,
single,train,2010-09-03,64,1,140.0,1,1,1,0.8,0.21052631578947378,0.5297263157894738,1.0000347334027517,1.0494685629857825,0.7080150450787854,
single,train,2010-09-03,64,2,140.0,1,1,1,0.8,0.21052631578947378,0.5297263157894738,1.000018195385361,1.048695362626585,0.8140529341112707,
single,train,2010-09-04,65,1,140.0,1,1,1,0.8,0.21052631578947378,0.5297263157894738,1.0000348006468687,1.0494088851586787,0.7071961025017921,
single,train,2010-09-04,65,2,140.0,1,1,1,0.8,0.21052631578947378,0.5297263157894738,1.0000169841684683,1.0487215778389622,0.8219515982506904,
single,train,2010-09-05,66,1,140.0,1,1,1,0.8,0.21052631578947378,0.5297263157894738,1.0000388568064382,1.0494133398527832,0.7160670676167022,
single,train,2010-09-05,66,2,140.0,1,1,1,0.8,0.21052631578947378,0.5297263157894738,1.0000268469309535,1.0490461814189416,0.758008842679574,
single,train,2010-09-06,67,1,140.0,1,1,1,0.8,0.21052631578947378,0.5297263157894738,1.0000329469501048,1.0496776377891297,0.7366145377798026,
single,train,2010-09-06,67,2,140.0,1,1,1,0.8,0.21052631578947378,0.5297263157894738,1.0000213112768241,1.0488051870900938,0.7938070593054263,
single,train,2010-09-07,68,1,140.0,1,1,1,0.8,0.21052631578947378,0.5297263157894738,1.0000314842097475,1.0496765880943675,0.7292919969631382,
single,train,2010-09-07,68,2,140.0,1,1,1,0.8,0.21052631578947378,0.5297263157894738,1.000014231923928,1.0489537718612425,0.8398858200461712,
single,train,2010-09-08,69,1,140.0,1,1,1,0.8,0.21052631578947378,0.5297263157894738,1.0000194196906842,1.049440629321443,0.815991810757788,
single,train,2010-09-08,69,2,140.0,1,1,1,0.8,0.21052631578947378,0.5297263157894738,1.0000099946755332,1.0488292306969433,0.8675619033490453,
single,train,2010-09-09,70,1,140.0,1,1,1,0.8,0.21052631578947378,0.5297263157894738,1.0000263680221986,1.0495444355143666,0.7621296181875818,
single,train,2010-09-09,70,2,140.0,1,1,1,0.8,0.21052631578947378,0.5297263157894738,1.0000174503904844,1.0490610288714353,0.8189003696534788,
single,train,2010-09-10,71,1,140.0,1,1,1,0.8,0.21052631578947378,0.5297263157894738,1.0000272054679868,1.0495179474300451,0.7592664778747685,
single,train,2010-09-10,71,2,140.0,1,1,1,0.8,0.21052631578947378,0.5297263157894738,1.0000171468840096,1.0486143834607364,0.8208701385633854,
single,train,2010-09-11,72,1,140.0,1,1,1,0.8,0.21052631578947378,0.5297263157894738,1.0000403688643342,1.0495064395772362,0.6757293272621729,
single,train,2010-09-11,72,2,140.0,1,1,1,0.8,0.21052631578947378,0.5297263157894738,1.0000175517257937,1.049087817306865,0.818235937434329,
single,train,2010-09-12,73,1,140.0,1,1,1,0.8,0.21052631578947378,0.5297263157894738,1.0000403733110361,1.0494708421140562,0.6834610090222628,
single,train,2010-09-12,73,2,140.0,1,1,1,0.8,0.21052631578947378,0.5297263157894738,1.0000105336816003,1.048448984995155,0.864042019286915,
single,train,2010-09-13,74,1,140.0,1,1,1,0.8,0.21052631578947378,0.5297263157894738,1.0000295984597598,1.049507435574773,0.7461309731124741,
single,train,2010-09-13,74,2,140.0,1,1,1,0.8,0.21052631578947378,0.5297263157894738,1.000022360234228,1.048982740939188,0.7870196394919016,
single,train,2010-09-14,75,1,140.0,1,1,1,0.8,0.21052631578947378,0.5297263157894738,1.0000348518882536,1.0495048519933874,0.7107827821429479,
single,train,2010-09-14,75,2,140.0,1,1,1,0.8,0.21052631578947378,0.5297263157894738,1.0000155512741822,1.0487237324054506,0.8312685618812045,
single,train,2010-09-15,76,1,140.0,1,1,1,0.8,0.21052631578947378,0.5297263157894738,1.0000362194828714,1.0494129556345932,0.6994609767340143,
single,train,2010-09-15,76,2,140.0,1,1,1,0.8,0.21052631578947378,0.5297263157894738,1.0000275028179721,1.0489379470978741,0.7537834886811621,
single,train,2010-09-16,77,1,140.0,1,1,1,0.8,0.21052631578947378,0.5297263157894738,1.0000400804636391,1.0494601181967582,0.6928589383870607,
single,train,2010-09-16,77,2,140.0,1,1,1,0.8,0.21052631578947378,0.5297263157894738,1.0000228180133492,1.048857045341461,0.78403491337136,
single,train,2010-09-17,78,1,140.0,1,1,1,0.8,0.21052631578947378,0.5297263157894738,1.0000346404589346,1.049475757597654,0.7200667049323074,
single,train,2010-09-17,78,2,140.0,1,1,1,0.8,0.21052631578947378,0.5297263157894738,1.00001275607577,1.0487293598381466,0.8495326484647443,
single,train,2010-09-18,79,1,140.0,1,1,1,0.8,0.21052631578947378,0.5297263157894738,1.0000364608114123,1.0495472638431391,0.7226384663929635,
single,train,2010-09-18,79,2,140.0,1,1,1,0.8,0.21052631578947378,0.5297263157894738,1.000025019582132,1.0491056027705499,0.7698435152232999,
single,train,2010-10-01,92,1,140.0,1,1,1,0.8,0.21052631578947378,0.5297263157894738,1.0000402912703947,1.0494933851734816,0.6826831495535395,
single,train,2010-10-01,92,2,140.0,1,1,1,0.8,0.21052631578947378,0.5297263157894738,1.0000237837446289,1.0487702323433667,0.7778083815735666,
single,train,2010-10-02,93,1,140.0,1,1,1,0.8,0.21052631578947378,0.5297263157894738,1.0000371741705782,1.0494045423392895,0.6954405049753821,
single,train,2010-10-02,93,2,140.0,1,1,1,0.8,0.21052631578947378,0.5297263157894738,1.0000275963171497,1.048984077637296,0.7531419136711768,
single,train,2010-10-03,94,1,140.0,1,1,1,0.8,0.21052631578947378,0.5297263157894738,1.0000392237193083,1.0494225044777774,0.6909224684704799,
single,train,2010-10-03,94,2,140.0,1,1,1,0.8,0.21052631578947378,0.5297263157894738,1.0000169754474804,1.0479701203860932,0.8227021815321487,
single,train,2010-10-04,95,1,140.0,1,1,1,0.8,0.21052631578947378,0.5297263157894738,1.0000366225520472,1.0494949554235389,0.6968499093652079,
single,train,2010-10-04,95,2,140.0,1,1,1,0.8,0.21052631578947378,0.5297263157894738,1.0000215590151325,1.0481746187398138,0.7922862197271143,
single,train,2010-10-05,96,1,140.0,1,1,1,0.8,0.21052631578947378,0.5297263157894738,1.0000385724904066,1.0495233241383224,0.6832819184367864,
single,train,2010-10-05,96,2,140.0,1,1,1,0.8,0.21052631578947378,0.5297263157894738,1.0000322065478944,1.0487668121378022,0.7235933893563113,
single,train,2010-10-06,97,1,140.0,1,1,1,0.8,0.21052631578947378,0.5297263157894738,1.0000379035783475,1.0494881989364084,0.6933083515519399,
single,train,2010-10-06,97,2,140.0,1,1,1,0.8,0.21052631578947378,0.5297263157894738,1.0000305438732724,1.0486384300515743,0.7343273113835603,
single,train,2010-10-07,98,1,140.0,1,1,1,0.8,0.21052631578947378,0.5297263157894738,1.0000344928593023,1.0497278396192031,0.7098782302932735,
single,train,2010-10-07,98,2,140.0,1,1,1,0.8,0.21052631578947378,0.5297263157894738,1.0000295328550024,1.0487203524685818,0.74070902837578,
single,train,2010-10-08,99,1,140.0,1,1,1,0.8,0.21052631578947378,0.5297263157894738,1.0000376885617517,1.0494004983914154,0.6887933620871175,
single,train,2010-10-08,99,2,140.0,1,1,1,0.8,0.21052631578947378,0.5297263157894738,1.0000346239147466,1.048069203366428,0.7081464766868565,
single,train,2010-10-09,100,1,140.0,1,1,1,0.8,0.21052631578947378,0.5297263157894738,1.0000384638934607,1.049479883439792,0.690778121195808,
single,train,2010-10-09,100,2,140.0,1,1,1,0.8,0.21052631578947378,0.5297263157894738,1.0000261916276514,1.048292883611477,0.7622203382132775,
single,train,2010-10-10,101,1,140.0,1,1,1,0.8,0.21052631578947378,0.5297263157894738,1.0000364091012532,1.0494771551484674,0.7076925299967872,
single,train,2010-10-10,101,2,140.0,1,1,1,0.8,0.21052631578947378,0.5297263157894738,1.0000233510319614,1.048301503073588,0.7806561017509475,
single,train,2010-10-11,102,1,140.0,1,1,1,0.8,0.21052631578947378,0.5297263157894738,1.0000332510527796,1.0494901293520007,0.7172680858209745,
single,train,2010-10-11,102,2,140.0,1,1,1,0.8,0.21052631578947378,0.5297263157894738,1.000028893534978,1.0477624823765648,0.7450883374684304,
single,train,2010-10-12,103,1,140.0,1,1,1,0.8,0.21052631578947378,0.5297263157894738,1.0000366078801235,1.049438031322646,0.7149062650136105,
single,train,2010-10-12,103,2,140.0,1,1,1,0.8,0.21052631578947378,0.5297263157894738,1.0000292648712832,1.047836585970249,0.7424804482689814,
single,train,2010-10-13,104,1,140.0,1,1,1,0.8,0.21052631578947378,0.5297263157894738,1.0000389406128405,1.0494913019580727,0.6810911097064846,
single,train,2010-10-13,104,2,140.0,1,1,1,0.8,0.21052631578947378,0.5297263157894738,1.0000283207639287,1.0484730252608678,0.7499053398117774,
single,train,2010-10-14,105,1,140.0,1,1,1,0.8,0.21052631578947378,0.5297263157894738,1.0000362611632794,1.0496081509531758,0.6982883090669748,
single,train,2010-10-14,105,2,140.0,1,1,1,0.8,0.21052631578947378,0.5297263157894738,1.000022056076612,1.047906862426766,0.7889657736751619,
single,train,2010-10-15,106,1,140.0,1,1,1,0.8,0.21052631578947378,0.5297263157894738,1.0000347248472388,1.049438189630237,0.709575798622152,
single,train,2010-10-15,106,2,140.0,1,1,1,0.8,0.21052631578947378,0.5297263157894738,1.0000304930594561,1.0476494067788686,0.7345753710020486,
single,train,2010-10-16,107,1,140.0,1,1,1,0.8,0.21052631578947378,0.5297263157894738,1.0000353474964059,1.0494940951693155,0.7207050075477377,
single,train,2010-10-16,107,2,140.0,1,1,1,0.8,0.21052631578947378,0.5297263157894738,1.0000265899770477,1.0480367724592219,0.7599329039488525,
single,train,2010-10-17,108,1,140.0,1,1,1,0.8,0.21052631578947378,0.5297263157894738,1.0000349539853917,1.0494812537618314,0.7079586505370028,
single,train,2010-10-17,108,2,140.0,1,1,1,0.8,0.21052631578947378,0.5297263157894738,1.0000298656238702,1.0486984813300069,0.7387788809620446,
single,train,2010-10-18,109,1,140.0,1,1,1,0.8,0.21052631578947378,0.5297263157894738,1.0000351287693432,1.0495026020759453,0.706858429377088,
single,train,2010-10-18,109,2,140.0,1,1,1,0.8,0.21052631578947378,0.5297263157894738,1.0000263745259335,1.049104282804602,0.7610371171285731,
single,train,2010-11-01,123,1,140.0,1,1,1,0.8,0.21052631578947378,0.5297263157894738,1.000038852048151,1.0494565064363637,0.6871492861726807,
single,train,2010-11-01,123,2,140.0,1,1,1,0.8,0.21052631578947378,0.5297263157894738,1.0000248262220757,1.0489446964487963,0.7712296670979285,
single,train,2010-11-02,124,1,140.0,1,1,1,0.8,0.21052631578947378,0.5297263157894738,1.0000357604168493,1.0494452509712326,0.7029270986169959,
single,train,2010-11-02,124,2,140.0,1,1,1,0.8,0.21052631578947378,0.5297263157894738,1.000034193396063,1.0479590099020635,0.7108802617408907,
single,train,2010-11-03,125,1,140.0,1,1,1,0.8,0.21052631578947378,0.5297263157894738,1.000038407790409,1.049907501826359,0.6928531267813056,
single,train,2010-11-03,125,2,140.0,0,0,1,0.8,0.21052631578947378,0.5297263157894738,1.0000270538896328,1.0502253347673296,0.7589637064779966,service AC infeasible
single,train,2010-11-04,126,1,140.0,1,1,1,0.8,0.21052631578947378,0.5297263157894738,1.0000357304003449,1.0495059447973671,0.7042830718453378,
single,train,2010-11-04,126,2,140.0,1,1,1,0.8,0.21052631578947378,0.5297263157894738,1.0000283274094883,1.0490165303271266,0.749145520291358,
single,train,2010-11-05,127,1,140.0,1,1,1,0.8,0.21052631578947378,0.5297263157894738,1.0000367020589582,1.0494828317280482,0.6953218107561284,
single,train,2010-11-05,127,2,140.0,1,1,1,0.8,0.21052631578947378,0.5297263157894738,1.0000218749057752,1.048215756817611,0.791436059860901,
single,train,2010-11-06,128,1,140.0,1,1,1,0.8,0.21052631578947378,0.5297263157894738,1.000033713111227,1.0494299096819326,0.7280918503177469,
single,train,2010-11-06,128,2,140.0,1,1,1,0.8,0.21052631578947378,0.5297263157894738,1.0000313193610988,1.0477545133367092,0.7292940778158911,
single,train,2010-11-07,129,1,140.0,1,1,1,0.8,0.21052631578947378,0.5297263157894738,1.0000393416145459,1.0494709745299078,0.7085317693529523,
single,train,2010-11-07,129,2,140.0,1,1,1,0.8,0.21052631578947378,0.5297263157894738,1.000030098797944,1.0477910530011154,0.7370866117183326,
single,train,2010-11-08,130,1,140.0,1,1,1,0.8,0.21052631578947378,0.5297263157894738,1.0000381512629823,1.0494181726894225,0.6899314493509731,
single,train,2010-11-08,130,2,140.0,1,1,1,0.8,0.21052631578947378,0.5297263157894738,1.0000287310198086,1.048118531158971,0.746181862585285,
single,train,2010-11-09,131,1,140.0,1,1,1,0.8,0.21052631578947378,0.5297263157894738,1.0000349589736848,1.0495068447471696,0.7097779281838037,
single,train,2010-11-09,131,2,140.0,1,1,1,0.8,0.21052631578947378,0.5297263157894738,1.000030875731709,1.0479520109727045,0.7332188808455576,
single,train,2010-11-10,132,1,140.0,1,1,1,0.8,0.21052631578947378,0.5297263157894738,1.00004098992242,1.049456310908001,0.6773423217005023,
single,train,2010-11-10,132,2,140.0,1,1,1,0.8,0.21052631578947378,0.5297263157894738,1.0000308364552832,1.0478402722286153,0.732410135126503,
single,train,2010-11-11,133,1,140.0,1,1,1,0.8,0.21052631578947378,0.5297263157894738,1.0000388329939074,1.0499643057566048,0.6815816562499845,
single,train,2010-11-11,133,2,140.0,1,1,1,0.8,0.21052631578947378,0.5297263157894738,1.0000285378595686,1.047734200170101,0.7475947063478757,
single,train,2010-11-12,134,1,140.0,1,1,1,0.8,0.21052631578947378,0.5297263157894738,1.000040591458663,1.0498634212609341,0.6796623187120115,
single,train,2010-11-12,134,2,140.0,1,1,1,0.8,0.21052631578947378,0.5297263157894738,1.0000262817350334,1.047598174308051,0.7638384729972105,
single,train,2010-11-13,135,1,140.0,1,1,1,0.8,0.21052631578947378,0.5297263157894738,1.0000429344456006,1.0494193464747419,0.6582784952228979,
single,train,2010-11-13,135,2,140.0,1,1,1,0.8,0.21052631578947378,0.5297263157894738,1.0000267863623826,1.0476259609729357,0.759785597535095,
single,train,2010-11-14,136,1,140.0,1,1,1,0.8,0.21052631578947378,0.5297263157894738,1.0000398335344594,1.049395491386719,0.6887744704452003,
single,train,2010-11-14,136,2,140.0,1,1,1,0.8,0.21052631578947378,0.5297263157894738,1.0000171542052263,1.0473757863123476,0.8217937788804401,
single,train,2010-11-15,137,1,140.0,1,1,1,0.8,0.21052631578947378,0.5297263157894738,1.0000384176325121,1.0495621666053645,0.6875428835109945,
single,train,2010-11-15,137,2,140.0,1,1,1,0.8,0.21052631578947378,0.5297263157894738,1.000028588283439,1.048647745695991,0.746951438625941,
single,train,2010-11-16,138,1,140.0,1,1,1,0.8,0.21052631578947378,0.5297263157894738,1.0000374127878315,1.0494905755739792,0.6907731388539776,
single,train,2010-11-16,138,2,140.0,1,1,1,0.8,0.21052631578947378,0.5297263157894738,1.000029229115032,1.0469567909589228,0.7426555374365732,
single,train,2010-11-17,139,1,140.0,1,1,1,0.8,0.21052631578947378,0.5297263157894738,1.0000394018816927,1.0494476769531886,0.6812816029357972,
single,train,2010-11-17,139,2,140.0,1,1,1,0.8,0.21052631578947378,0.5297263157894738,1.0000317670699548,1.047267845053444,0.7268016475068094,
single,train,2010-11-18,140,1,140.0,1,1,1,0.8,0.21052631578947378,0.5297263157894738,1.000036375212067,1.049469866274678,0.7006673719418621,
single,train,2010-11-18,140,2,140.0,1,1,1,0.8,0.21052631578947378,0.5297263157894738,1.0000281452348887,1.04822576011675,0.7536046617985137,
single,train,2010-12-01,153,1,140.0,1,1,1,0.8,0.21052631578947378,0.5297263157894738,1.0000365823211403,1.0495042734466455,0.6961645099789568,
single,train,2010-12-01,153,2,140.0,1,1,1,0.8,0.21052631578947378,0.5297263157894738,1.0000276289443932,1.0485276930817482,0.7536207359317789,
single,train,2010-12-02,154,1,140.0,1,1,1,0.8,0.21052631578947378,0.5297263157894738,1.0000324014038184,1.0494195678030742,0.7306736451427953,
single,train,2010-12-02,154,2,140.0,1,1,1,0.8,0.21052631578947378,0.5297263157894738,1.0000322175380283,1.047988458984622,0.7235078228382568,
single,train,2010-12-03,155,1,140.0,1,1,1,0.8,0.21052631578947378,0.5297263157894738,1.0000372997567448,1.0494357913204169,0.7052757574007515,
single,train,2010-12-03,155,2,140.0,1,1,1,0.8,0.21052631578947378,0.5297263157894738,1.0000331101782152,1.0478360195391558,0.7189826470702348,
single,train,2010-12-04,156,1,140.0,1,1,1,0.8,0.21052631578947378,0.5297263157894738,1.0000408601460098,1.049438161511322,0.684253819772861,
single,train,2010-12-04,156,2,140.0,1,1,1,0.8,0.21052631578947378,0.5297263157894738,1.000031374410275,1.0479365588161653,0.730283384507741,
single,train,2010-12-05,157,1,140.0,1,1,1,0.8,0.21052631578947378,0.5297263157894738,1.0000399381933873,1.0494247341387775,0.6946273242025514,
single,train,2010-12-05,157,2,140.0,1,1,1,0.8,0.21052631578947378,0.5297263157894738,1.000030502175594,1.0474544212770147,0.7388600153397349,
single,train,2010-12-06,158,1,140.0,1,1,1,0.8,0.21052631578947378,0.5297263157894738,1.000039542350916,1.049425677814351,0.6775906341227602,
single,train,2010-12-06,158,2,140.0,1,1,1,0.8,0.21052631578947378,0.5297263157894738,1.0000266743686244,1.0468907625386599,0.7617654035593604,
single,train,2010-12-07,159,1,140.0,1,1,1,0.8,0.21052631578947378,0.5297263157894738,1.0000374882716698,1.049466169955529,0.6942273369217282,
single,train,2010-12-07,159,2,140.0,1,1,1,0.8,0.21052631578947378,0.5297263157894738,1.0000249817143259,1.0469323779645967,0.7734784878335403,
single,train,2010-12-08,160,1,140.0,1,1,1,0.8,0.21052631578947378,0.5297263157894738,1.0000404495158024,1.0494163421471194,0.6804329359843146,
single,train,2010-12-08,160,2,140.0,1,1,1,0.8,0.21052631578947378,0.5297263157894738,1.0000222499680367,1.0462870753826696,0.7920829684388621,
single,train,2010-12-09,161,1,140.0,1,1,1,0.8,0.21052631578947378,0.5297263157894738,1.000037227115728,1.0494283451462976,0.6933949626635681,
single,train,2010-12-09,161,2,140.0,1,1,1,0.8,0.21052631578947378,0.5297263157894738,1.0000152231347015,1.0476709865904483,0.8371831757492465,
single,train,2010-12-10,162,1,140.0,1,1,1,0.8,0.21052631578947378,0.5297263157894738,1.000035779625562,1.049409890438957,0.7018865342311544,
single,train,2010-12-10,162,2,140.0,1,1,1,0.8,0.21052631578947378,0.5297263157894738,1.0000284227053884,1.0472628425462136,0.75260619007835,
single,train,2010-12-11,163,1,140.0,1,1,1,0.8,0.21052631578947378,0.5297263157894738,1.0000435337325062,1.049360331423246,0.6585668588507366,
single,train,2010-12-11,163,2,140.0,1,1,1,0.8,0.21052631578947378,0.5297263157894738,1.000033453148163,1.0473460123538807,0.7158011512289407,
single,train,2010-12-12,164,1,140.0,1,1,1,0.8,0.21052631578947378,0.5297263157894738,1.0000391826166226,1.0493880153229636,0.6812672842970442,
single,train,2010-12-12,164,2,140.0,1,1,1,0.8,0.21052631578947378,0.5297263157894738,1.0000275329560824,1.0474153239953936,0.7535638225188953,
single,train,2010-12-13,165,1,140.0,1,1,1,0.8,0.21052631578947378,0.5297263157894738,1.00004077712281,1.0494443174812498,0.6702876394864832,
single,train,2010-12-13,165,2,140.0,1,1,1,0.8,0.21052631578947378,0.5297263157894738,1.0000257712973433,1.0496535637394406,0.7691249658511087,
single,train,2010-12-14,166,1,140.0,1,1,1,0.8,0.21052631578947378,0.5297263157894738,1.0000380617582856,1.0493849075102613,0.6924511075756528,
single,train,2010-12-14,166,2,140.0,1,1,1,0.8,0.21052631578947378,0.5297263157894738,1.0000322146383098,1.04810330676721,0.7275015442632352,
single,train,2010-12-15,167,1,140.0,1,1,1,0.8,0.21052631578947378,0.5297263157894738,1.0000356056071107,1.0493668988090845,0.706043881551,
single,train,2010-12-15,167,2,140.0,1,1,1,0.8,0.21052631578947378,0.5297263157894738,1.000015428905828,1.0459496680123765,0.8371412216343025,
single,train,2010-12-16,168,1,140.0,1,1,1,0.8,0.21052631578947378,0.5297263157894738,1.0000374982041365,1.0494255690709584,0.6923401891684439,
single,train,2010-12-16,168,2,140.0,1,1,1,0.8,0.21052631578947378,0.5297263157894738,1.0000326331409302,1.0475294338305332,0.72145908968092,
single,train,2010-12-17,169,1,140.0,1,1,1,0.8,0.21052631578947378,0.5297263157894738,1.000038490918553,1.0494762472847052,0.6849498526717075,
single,train,2010-12-17,169,2,140.0,1,1,1,0.8,0.21052631578947378,0.5297263157894738,1.0000311085977218,1.0470021827575493,0.7306026995120906,
single,train,2010-12-18,170,1,140.0,1,1,1,0.8,0.21052631578947378,0.5297263157894738,1.0000398916349416,1.0493204791253727,0.6851872367755785,
single,train,2010-12-18,170,2,140.0,1,1,1,0.8,0.21052631578947378,0.5297263157894738,1.0000337424512336,1.04719576665503,0.7172827602442866,
single,train,2011-01-01,184,1,140.0,1,1,1,0.8,0.21052631578947378,0.5297263157894738,1.0000432573289078,1.0494377389817628,0.6900559795453214,
single,train,2011-01-01,184,2,140.0,1,1,1,0.8,0.21052631578947378,0.5297263157894738,1.0000092774060616,1.045579753419949,0.8776041759472725,
single,train,2011-01-02,185,1,140.0,1,1,1,0.8,0.21052631578947378,0.5297263157894738,1.0000405974126207,1.049429137892392,0.6871112422486373,
single,train,2011-01-02,185,2,140.0,1,1,1,0.8,0.21052631578947378,0.5297263157894738,1.0000308674997753,1.0482842627135365,0.7321529025950498,
single,train,2011-01-03,186,1,140.0,1,1,1,0.8,0.21052631578947378,0.5297263157894738,1.0000415710333854,1.0494683716185564,0.6745990923250977,
single,train,2011-01-03,186,2,140.0,1,1,1,0.8,0.21052631578947378,0.5297263157894738,1.000031465308732,1.0479672979284382,0.7306936342681898,
single,train,2011-01-04,187,1,140.0,1,1,1,0.8,0.21052631578947378,0.5297263157894738,1.000041488624668,1.049500094982452,0.6710457248853087,
single,train,2011-01-04,187,2,140.0,1,1,1,0.8,0.21052631578947378,0.5297263157894738,1.0000261936777382,1.0472133343847363,0.766995137305748,
single,train,2011-01-05,188,1,140.0,1,1,1,0.8,0.21052631578947378,0.5297263157894738,1.0000384004541933,1.0494755884692069,0.7061929732951121,
single,train,2011-01-05,188,2,140.0,1,1,1,0.8,0.21052631578947378,0.5297263157894738,1.000023911827654,1.0482392559439622,0.7771462893435782,
single,train,2011-01-06,189,1,140.0,1,1,1,0.8,0.21052631578947378,0.5297263157894738,1.0000414874071748,1.0494895650044784,0.679293447083588,
single,train,2011-01-06,189,2,140.0,1,1,1,0.8,0.21052631578947378,0.5297263157894738,1.000031820471276,1.048813791667297,0.7285974054045967,
single,train,2011-01-07,190,1,140.0,1,1,1,0.8,0.21052631578947378,0.5297263157894738,1.0000396254107393,1.0494455378119874,0.6813856746816509,
single,train,2011-01-07,190,2,140.0,1,1,1,0.8,0.21052631578947378,0.5297263157894738,1.0000297882848377,1.0482393089483217,0.7446068439569399,
single,train,2011-01-08,191,1,140.0,1,1,1,0.8,0.21052631578947378,0.5297263157894738,1.0000414082824176,1.0494645878077424,0.6903284655874377,
single,train,2011-01-08,191,2,140.0,1,1,1,0.8,0.21052631578947378,0.5297263157894738,1.0000313693339213,1.0465638079678676,0.7331801610563015,
single,train,2011-01-09,192,1,140.0,1,1,1,0.8,0.21052631578947378,0.5297263157894738,1.0000414923431933,1.049398243950253,0.6685962181789681,
single,train,2011-01-09,192,2,140.0,1,1,1,0.8,0.21052631578947378,0.5297263157894738,1.0000282365100996,1.046439353452589,0.7506405891673731,
single,train,2011-01-10,193,1,140.0,1,1,1,0.8,0.21052631578947378,0.5297263157894738,1.0000387151734556,1.0494553332581762,0.6864015648422139,
single,train,2011-01-10,193,2,140.0,1,1,1,0.8,0.21052631578947378,0.5297263157894738,1.0000288096822831,1.048310221003618,0.7453920382960483,
single,train,2011-01-11,194,1,140.0,1,1,1,0.8,0.21052631578947378,0.5297263157894738,1.0000407245544716,1.0494114186899035,0.6769899259991385,
single,train,2011-01-11,194,2,140.0,1,1,1,0.8,0.21052631578947378,0.5297263157894738,1.000028195755486,1.0472598089555327,0.7506264748790704,
single,train,2011-01-12,195,1,140.0,1,1,1,0.8,0.21052631578947378,0.5297263157894738,1.0000396135370855,1.0493905259127945,0.6767734229877078,
single,train,2011-01-12,195,2,140.0,1,1,1,0.8,0.21052631578947378,0.5297263157894738,1.0000210858328977,1.0463594406232781,0.79865190361118,
single,train,2011-01-13,196,1,140.0,1,1,1,0.8,0.21052631578947378,0.5297263157894738,1.0000408016407087,1.0494930608309152,0.6708036887886638,
single,train,2011-01-13,196,2,140.0,1,1,1,0.8,0.21052631578947378,0.5297263157894738,1.00003073011418,1.0474125300130972,0.7330045173140496,
single,train,2011-01-14,197,1,140.0,1,1,1,0.8,0.21052631578947378,0.5297263157894738,1.000041547761862,1.0494398345899902,0.6759203726574605,
single,train,2011-01-14,197,2,140.0,1,1,1,0.8,0.21052631578947378,0.5297263157894738,1.0000290439274628,1.0468774960393816,0.7438835847698312,
single,train,2011-01-15,198,1,140.0,1,1,1,0.8,0.21052631578947378,0.5297263157894738,1.0000413585090575,1.0494379153509794,0.676250218615478,
single,train,2011-01-15,198,2,140.0,1,1,1,0.8,0.21052631578947378,0.5297263157894738,1.0000251789719286,1.047165473328655,0.7731033318011273,
single,train,2011-01-16,199,1,140.0,1,1,1,0.8,0.21052631578947378,0.5297263157894738,1.0000406044779135,1.04934314139208,0.6775490284975108,
single,train,2011-01-16,199,2,140.0,1,1,1,0.8,0.21052631578947378,0.5297263157894738,1.0000270503272437,1.0460324134222996,0.7566972739392892,
single,train,2011-01-17,200,1,140.0,1,1,1,0.8,0.21052631578947378,0.5297263157894738,1.000036777673069,1.0494392306900455,0.6992893087065355,
single,train,2011-01-17,200,2,140.0,1,1,1,0.8,0.21052631578947378,0.5297263157894738,1.0000142560775742,1.0466957049847354,0.8445914987799008,
single,train,2011-01-18,201,1,140.0,1,1,1,0.8,0.21052631578947378,0.5297263157894738,1.0000386151114047,1.04941366327112,0.6832922132342064,
single,train,2011-01-18,201,2,140.0,1,1,1,0.8,0.21052631578947378,0.5297263157894738,1.000025918740973,1.0474137728962676,0.7690000164737616,
single,train,2011-02-01,215,1,140.0,1,1,1,0.8,0.21052631578947378,0.5297263157894738,1.0000318855514745,1.0494027160682575,0.753341630436646,
single,train,2011-02-01,215,2,140.0,0,0,1,0.8,0.21052631578947378,0.5297263157894738,0.9999870526808867,1.0452984535601848,1.0186094347967656,recovery AC infeasible
single,train,2011-02-02,216,1,140.0,1,1,1,0.8,0.21052631578947378,0.5297263157894738,1.0000259633635429,1.0491866942276524,0.7914850561014711,
single,train,2011-02-02,216,2,140.0,1,1,1,0.8,0.21052631578947378,0.5297263157894738,0.9999959120648564,1.045632903351196,0.9601485266209688,
single,train,2011-02-03,217,1,140.0,1,1,1,0.8,0.21052631578947378,0.5297263157894738,1.0000281699392886,1.049142709959694,0.7555307067359336,
single,train,2011-02-03,217,2,140.0,0,0,1,0.8,0.21052631578947378,0.5297263157894738,0.9999897653759812,1.044781956550134,1.0073847018513966,recovery AC infeasible
single,train,2011-02-04,218,1,140.0,1,1,1,0.8,0.21052631578947378,0.5297263157894738,1.000029518255351,1.0493179911775379,0.7542323075772712,
single,train,2011-02-04,218,2,140.0,1,1,1,0.8,0.21052631578947378,0.5297263157894738,1.0000076474310704,1.0462135544253561,0.889104558952429,
single,train,2011-02-05,219,1,140.0,1,1,1,0.8,0.21052631578947378,0.5297263157894738,1.0000163059706502,1.0491879277570653,0.856352160636821,
single,train,2011-02-05,219,2,140.0,1,1,1,0.8,0.21052631578947378,0.5297263157894738,0.9999913769998587,1.0450373226437635,0.9910676328066937,
single,train,2011-02-06,220,1,140.0,1,1,1,0.8,0.21052631578947378,0.5297263157894738,1.0000237686237106,1.0490134840641447,0.8050340068588606,
single,train,2011-02-06,220,2,140.0,1,1,1,0.8,0.21052631578947378,0.5297263157894738,1.000024808703503,1.0484579698112175,0.7588028369786213,
single,train,2011-02-07,221,1,140.0,1,1,1,0.8,0.21052631578947378,0.5297263157894738,1.000039038931188,1.0494001070296193,0.6839528330680099,
single,train,2011-02-07,221,2,140.0,1,1,1,0.8,0.21052631578947378,0.5297263157894738,1.0000327684621433,1.0477531565339315,0.721735666411427,
single,train,2011-02-08,222,1,140.0,1,1,1,0.8,0.21052631578947378,0.5297263157894738,1.0000355448153262,1.0494631061354014,0.706407800390704,
single,train,2011-02-08,222,2,140.0,1,1,1,0.8,0.21052631578947378,0.5297263157894738,1.000033851575594,1.0476946799394655,0.7183892955249697,
single,train,2011-02-09,223,1,140.0,1,1,1,0.8,0.21052631578947378,0.5297263157894738,1.0000367969157038,1.0494609382692486,0.6947455870596069,
single,train,2011-02-09,223,2,140.0,1,1,1,0.8,0.21052631578947378,0.5297263157894738,1.0000342120981498,1.0490776861965543,0.7107734197703677,
single,train,2011-02-10,224,1,140.0,1,1,1,0.8,0.21052631578947378,0.5297263157894738,1.0000346722382194,1.04945839651632,0.7081254882069475,
single,train,2011-02-10,224,2,140.0,1,1,1,0.8,0.21052631578947378,0.5297263157894738,1.0000323619374174,1.0477444598713002,0.7248847858383097,
single,train,2011-02-11,225,1,140.0,1,1,1,0.8,0.21052631578947378,0.5297263157894738,1.0000398724086135,1.0494134121419554,0.6752974026285412,
single,train,2011-02-11,225,2,140.0,1,1,1,0.8,0.21052631578947378,0.5297263157894738,1.0000203334109474,1.0468771845657452,0.80467655611064,
single,train,2011-02-12,226,1,140.0,1,1,1,0.8,0.21052631578947378,0.5297263157894738,1.0000363012759224,1.0494379723727636,0.6987159959661774,
single,train,2011-02-12,226,2,140.0,1,1,1,0.8,0.21052631578947378,0.5297263157894738,1.0000306068613398,1.0486227491071816,0.7347217943123272,
single,train,2011-02-13,227,1,140.0,1,1,1,0.8,0.21052631578947378,0.5297263157894738,1.00003983678371,1.0494389514164362,0.6783635257861649,
single,train,2011-02-13,227,2,140.0,1,1,1,0.8,0.21052631578947378,0.5297263157894738,1.0000328630836017,1.0485435230461362,0.7194462967627689,
single,train,2011-02-14,228,1,140.0,1,1,1,0.8,0.21052631578947378,0.5297263157894738,1.0000376094215908,1.0494744568588743,0.689589617151515,
single,train,2011-02-14,228,2,140.0,1,1,1,0.8,0.21052631578947378,0.5297263157894738,1.0000278507452496,1.0480559859689134,0.752059963113764,
single,train,2011-02-15,229,1,140.0,1,1,1,0.8,0.21052631578947378,0.5297263157894738,1.0000365893697607,1.0494375848444473,0.6956298353095957,
single,train,2011-02-15,229,2,140.0,1,1,1,0.8,0.21052631578947378,0.5297263157894738,1.000035512975079,1.0486378764545385,0.705654493928998,
single,train,2011-02-16,230,1,140.0,1,1,1,0.8,0.21052631578947378,0.5297263157894738,1.0000374884701257,1.0494664125070985,0.6899477733538056,
single,train,2011-02-16,230,2,140.0,0,0,1,0.8,0.21052631578947378,0.5297263157894738,1.000030653935882,1.050926353869454,0.7335384937556364,service AC infeasible
single,train,2011-03-01,243,1,140.0,1,1,1,0.8,0.21052631578947378,0.5297263157894738,1.0000337812636262,1.0494731895536438,0.715103780294054,
single,train,2011-03-01,243,2,140.0,1,1,1,0.8,0.21052631578947378,0.5297263157894738,1.0000126078105551,1.0464886119719294,0.8299126422457637,
single,train,2011-03-02,244,1,140.0,1,1,1,0.8,0.21052631578947378,0.5297263157894738,1.0000329744346534,1.0494451272249536,0.7186658929673067,
single,train,2011-03-02,244,2,140.0,1,1,1,0.8,0.21052631578947378,0.5297263157894738,1.0000313036427546,1.0482652118270162,0.731455597362518,
single,train,2011-03-03,245,1,140.0,1,1,1,0.8,0.21052631578947378,0.5297263157894738,1.000038206178841,1.0494372769268203,0.6854006621959244,
single,train,2011-03-03,245,2,140.0,1,1,1,0.8,0.21052631578947378,0.5297263157894738,1.0000220611438726,1.0489766289489602,0.7891073821508057,
single,train,2011-03-04,246,1,140.0,1,1,1,0.8,0.21052631578947378,0.5297263157894738,1.0000386198292885,1.0494837448242467,0.6827740168101626,
single,train,2011-03-04,246,2,140.0,1,1,1,0.8,0.21052631578947378,0.5297263157894738,1.0000254977572232,1.047245232753925,0.766732463576153,
single,train,2011-03-05,247,1,140.0,1,1,1,0.8,0.21052631578947378,0.5297263157894738,1.0000391550815784,1.049450314445582,0.6901259241944422,
single,train,2011-03-05,247,2,140.0,1,1,1,0.8,0.21052631578947378,0.5297263157894738,1.0000341134902366,1.0480792735816988,0.7113603552667592,
single,train,2011-03-06,248,1,140.0,1,1,1,0.8,0.21052631578947378,0.5297263157894738,1.0000383785144933,1.0494434048557504,0.697282662892021,
single,train,2011-03-06,248,2,140.0,1,1,1,0.8,0.21052631578947378,0.5297263157894738,1.0000283844220248,1.047637169593435,0.7515218843894726,
single,train,2011-03-07,249,1,140.0,1,1,1,0.8,0.21052631578947378,0.5297263157894738,1.0000331216909273,1.0494847373746214,0.7223883494151974,
single,train,2011-03-07,249,2,140.0,0,0,1,0.8,0.21052631578947378,0.5297263157894738,1.0000290687758278,1.050019953933847,0.7443469879584478,service AC infeasible
single,train,2011-03-08,250,1,140.0,1,1,1,0.8,0.21052631578947378,0.5297263157894738,1.0000364285096517,1.0494852314085317,0.6980863868128822,
single,train,2011-03-08,250,2,140.0,1,1,1,0.8,0.21052631578947378,0.5297263157894738,1.0000306004540072,1.0476626564541267,0.7338716813320671,
single,train,2011-03-09,251,1,140.0,1,1,1,0.8,0.21052631578947378,0.5297263157894738,1.0000370926908002,1.0497343201275924,0.6969178972748,
single,train,2011-03-09,251,2,140.0,1,1,1,0.8,0.21052631578947378,0.5297263157894738,1.0000300309796397,1.0484018880233859,0.7394153094657276,
single,train,2011-03-10,252,1,140.0,1,1,1,0.8,0.21052631578947378,0.5297263157894738,1.0000384422820572,1.0494179118456446,0.6838644338837544,
single,train,2011-03-10,252,2,140.0,1,1,1,0.8,0.21052631578947378,0.5297263157894738,1.0000261192837718,1.0481020246541943,0.7627016928713042,
single,train,2011-03-11,253,1,140.0,1,1,1,0.8,0.21052631578947378,0.5297263157894738,1.0000366975409756,1.0494788583192467,0.6971414099782767,
single,train,2011-03-11,253,2,140.0,1,1,1,0.8,0.21052631578947378,0.5297263157894738,1.00002556977168,1.0480624921740023,0.7662315465945055,
single,train,2011-03-12,254,1,140.0,1,1,1,0.8,0.21052631578947378,0.5297263157894738,1.0000399814976824,1.0494575127119665,0.6923429669290384,
single,train,2011-03-12,254,2,140.0,1,1,1,0.8,0.21052631578947378,0.5297263157894738,1.0000269912936397,1.0473825231902798,0.7571078781658107,
single,train,2011-03-13,255,1,140.0,1,1,1,0.8,0.21052631578947378,0.5297263157894738,1.0000400175814728,1.0494170823220994,0.6739197763411937,
single,train,2011-03-13,255,2,140.0,1,1,1,0.8,0.21052631578947378,0.5297263157894738,1.0000261440959473,1.047456231397293,0.7625296254859917,
single,train,2011-03-14,256,1,140.0,1,1,1,0.8,0.21052631578947378,0.5297263157894738,1.0000331975225825,1.0493746364544927,0.7172108254749276,
single,train,2011-03-14,256,2,140.0,1,1,1,0.8,0.21052631578947378,0.5297263157894738,1.0000252645927383,1.0485267053832017,0.7684721186256545,
single,train,2011-03-15,257,1,140.0,1,1,1,0.8,0.21052631578947378,0.5297263157894738,1.000033936151725,1.0494778158214673,0.7124962022814197,
single,train,2011-03-15,257,2,140.0,1,1,1,0.8,0.21052631578947378,0.5297263157894738,1.0000281355175393,1.0482170147606442,0.7497134564550574,
single,train,2011-03-16,258,1,140.0,1,1,1,0.8,0.21052631578947378,0.5297263157894738,1.000032254969346,1.0493650165218862,0.7284405714372844,
single,train,2011-03-16,258,2,140.0,1,1,1,0.8,0.21052631578947378,0.5297263157894738,1.0000225570464463,1.0484917776878977,0.7871800610050547,
single,train,2011-03-17,259,1,140.0,1,1,1,0.8,0.21052631578947378,0.5297263157894738,1.0000341136026611,1.0494886013611968,0.7114166762287215,
single,train,2011-03-17,259,2,140.0,1,1,1,0.8,0.21052631578947378,0.5297263157894738,1.0000281449860087,1.048259794506564,0.7499562451062911,
single,train,2011-03-18,260,1,140.0,1,1,1,0.8,0.21052631578947378,0.5297263157894738,1.0000358578113144,1.049427839241585,0.7025482492312974,
single,train,2011-03-18,260,2,140.0,1,1,1,0.8,0.21052631578947378,0.5297263157894738,1.0000276239884318,1.0479099792982447,0.7545268596765371,
single,train,2011-04-01,274,1,140.0,1,1,1,0.8,0.21052631578947378,0.5297263157894738,1.0000337435805589,1.04947771228162,0.7159839227985411,
single,train,2011-04-01,274,2,140.0,1,1,1,0.8,0.21052631578947378,0.5297263157894738,1.0000285336878778,1.049981644073149,0.7471460987388359,
single,train,2011-04-02,275,1,140.0,1,1,1,0.8,0.21052631578947378,0.5297263157894738,1.0000378866370714,1.0494621413874525,0.7033527797778415,
single,train,2011-04-02,275,2,140.0,1,1,1,0.8,0.21052631578947378,0.5297263157894738,1.0000333067533271,1.0486671148355327,0.7165550615111178,
single,train,2011-04-03,276,1,140.0,1,1,1,0.8,0.21052631578947378,0.5297263157894738,1.0000429488843443,1.0494047380084501,0.6867634373476116,
single,train,2011-04-03,276,2,140.0,1,1,1,0.8,0.21052631578947378,0.5297263157894738,1.0000254083315587,1.0489112327249506,0.7673312512093682,
single,train,2011-04-04,277,1,140.0,1,1,1,0.8,0.21052631578947378,0.5297263157894738,1.0000380568086082,1.0494151842434694,0.6984218795589224,
single,train,2011-04-04,277,2,140.0,1,1,1,0.8,0.21052631578947378,0.5297263157894738,1.0000247472512167,1.048912178686693,0.7715827998031766,
single,train,2011-04-05,278,1,140.0,1,1,1,0.8,0.21052631578947378,0.5297263157894738,1.0000347775239764,1.0494332673643305,0.7097505348675659,
single,train,2011-04-05,278,2,140.0,1,1,1,0.8,0.21052631578947378,0.5297263157894738,1.0000284234725083,1.048620298275187,0.747863019373647,
single,train,2011-04-06,279,1,140.0,1,1,1,0.8,0.21052631578947378,0.5297263157894738,1.000032668184752,1.0494680628425115,0.7270354540787066,
single,train,2011-04-06,279,2,140.0,1,1,1,0.8,0.21052631578947378,0.5297263157894738,1.000032014930743,1.0488009659232058,0.7248015578851595,
single,train,2011-04-07,280,1,140.0,1,1,1,0.8,0.21052631578947378,0.5297263157894738,1.0000375372965187,1.0494772294097652,0.7034440684146328,
single,train,2011-04-07,280,2,140.0,1,1,1,0.8,0.21052631578947378,0.5297263157894738,1.0000270287240538,1.048858137553303,0.7568286811155077,
single,train,2011-04-08,281,1,140.0,1,1,1,0.8,0.21052631578947378,0.5297263157894738,1.0000364053899642,1.049511638054965,0.6974957018068108,
single,train,2011-04-08,281,2,140.0,1,1,1,0.8,0.21052631578947378,0.5297263157894738,1.0000242409879567,1.0489107636737962,0.7748485422725644,
single,train,2011-04-09,282,1,140.0,1,1,1,0.8,0.21052631578947378,0.5297263157894738,1.0000358228067558,1.0494658260016738,0.702839166592388,
single,train,2011-04-09,282,2,140.0,1,1,1,0.8,0.21052631578947378,0.5297263157894738,1.0000278230006965,1.048893895965498,0.7517237451277746,
single,train,2011-04-10,283,1,140.0,1,1,1,0.8,0.21052631578947378,0.5297263157894738,1.0000359835359791,1.049626201812151,0.7019084960632046,
single,train,2011-04-10,283,2,140.0,1,1,1,0.8,0.21052631578947378,0.5297263157894738,1.0000265627573826,1.0488964110800454,0.7598418936038168,
single,train,2011-04-11,284,1,140.0,1,1,1,0.8,0.21052631578947378,0.5297263157894738,1.0000390002042843,1.049448973034513,0.6914676541719011,
single,train,2011-04-11,284,2,140.0,1,1,1,0.8,0.21052631578947378,0.5297263157894738,1.0000255584890874,1.0489274937907176,0.7663561561534463,
single,train,2011-04-12,285,1,140.0,1,1,1,0.8,0.21052631578947378,0.5297263157894738,1.0000377170280281,1.0497631472397393,0.6907097478981951,
single,train,2011-04-12,285,2,140.0,1,1,1,0.8,0.21052631578947378,0.5297263157894738,1.000026122019462,1.0489110968847821,0.7626851562579854,
single,train,2011-04-13,286,1,140.0,1,1,1,0.8,0.21052631578947378,0.5297263157894738,1.000041122454458,1.0494422853763836,0.6856036302657291,
single,train,2011-04-13,286,2,140.0,1,1,1,0.8,0.21052631578947378,0.5297263157894738,1.0000276143393347,1.0489950572286186,0.7530654691444405,
single,train,2011-04-14,287,1,140.0,1,1,1,0.8,0.21052631578947378,0.5297263157894738,1.000035976495662,1.0494242370410947,0.7146952726516962,
single,train,2011-04-14,287,2,140.0,1,1,1,0.8,0.21052631578947378,0.5297263157894738,1.0000281041455878,1.0491625800490991,0.7499274971266278,
single,train,2011-04-15,288,1,140.0,1,1,1,0.8,0.21052631578947378,0.5297263157894738,1.0000377673852456,1.0495021253456405,0.716475524392194,
single,train,2011-04-15,288,2,140.0,1,1,1,0.8,0.21052631578947378,0.5297263157894738,1.000029903088304,1.048933413568132,0.7383545016830495,
single,train,2011-04-16,289,1,140.0,1,1,1,0.8,0.21052631578947378,0.5297263157894738,1.00003876614152,1.049631450468565,0.6820857137478774,
single,train,2011-04-16,289,2,140.0,1,1,1,0.8,0.21052631578947378,0.5297263157894738,1.000021699935144,1.0489136620093806,0.7913260302785491,
single,train,2011-04-17,290,1,140.0,1,1,1,0.8,0.21052631578947378,0.5297263157894738,1.0000385989117728,1.0494741188132737,0.698424291054429,
single,train,2011-04-17,290,2,140.0,1,1,1,0.8,0.21052631578947378,0.5297263157894738,1.0000216590513975,1.0489220173570688,0.7915549564197701,
single,train,2011-04-18,291,1,140.0,1,1,1,0.8,0.21052631578947378,0.5297263157894738,1.0000380469674885,1.0494429485386472,0.6929901680970345,
single,train,2011-04-18,291,2,140.0,1,1,1,0.8,0.21052631578947378,0.5297263157894738,1.0000286451407991,1.0489513824687844,0.7464248163227545,
single,train,2011-05-01,304,1,140.0,1,1,1,0.8,0.21052631578947378,0.5297263157894738,1.000034306845531,1.0494881098184383,0.7345141991556495,
single,train,2011-05-01,304,2,140.0,1,1,1,0.8,0.21052631578947378,0.5297263157894738,1.0000206053472804,1.048966088735577,0.7983885117998986,
single,train,2011-05-02,305,1,140.0,1,1,1,0.8,0.21052631578947378,0.5297263157894738,1.0000378784954984,1.0494646991161622,0.6930725384642861,
single,train,2011-05-02,305,2,140.0,1,1,1,0.8,0.21052631578947378,0.5297263157894738,1.0000282166298138,1.0490009855958264,0.7491902815874671,
single,train,2011-05-03,306,1,140.0,1,1,1,0.8,0.21052631578947378,0.5297263157894738,1.000035737405272,1.049464978818671,0.7116035994809964,
single,train,2011-05-03,306,2,140.0,1,1,1,0.8,0.21052631578947378,0.5297263157894738,1.0000291587942445,1.0489689751707765,0.7431281404592336,
single,train,2011-05-04,307,1,140.0,1,1,1,0.8,0.21052631578947378,0.5297263157894738,1.0000353848777213,1.049442166274005,0.7033069286142656,
single,train,2011-05-04,307,2,140.0,1,1,1,0.8,0.21052631578947378,0.5297263157894738,1.0000245392579423,1.0489334153547336,0.772914178245303,
single,train,2011-05-05,308,1,140.0,1,1,1,0.8,0.21052631578947378,0.5297263157894738,1.0000268195129194,1.049503437763792,0.7585457617525593,
single,train,2011-05-05,308,2,140.0,1,1,1,0.8,0.21052631578947378,0.5297263157894738,1.0000189124963412,1.048774781963183,0.8093880399684398,
single,train,2011-05-06,309,1,140.0,1,1,1,0.8,0.21052631578947378,0.5297263157894738,1.000034006984294,1.0494813341903435,0.7203205287967315,
single,train,2011-05-06,309,2,140.0,1,1,1,0.8,0.21052631578947378,0.5297263157894738,1.0000180453379772,1.0490771816975437,0.8150223496870883,
single,train,2011-05-07,310,1,140.0,1,1,1,0.8,0.21052631578947378,0.5297263157894738,1.0000360359101648,1.0494619651143853,0.7083449764572625,
single,train,2011-05-07,310,2,140.0,1,1,1,0.8,0.21052631578947378,0.5297263157894738,1.0000238790093636,1.0489363888911867,0.77717823596381,
single,train,2011-05-08,311,1,140.0,1,1,1,0.8,0.21052631578947378,0.5297263157894738,1.0000372058362585,1.049482989660328,0.7173013073666238,
single,train,2011-05-08,311,2,140.0,1,1,1,0.8,0.21052631578947378,0.5297263157894738,1.000026045115076,1.0490021496597632,0.7631552279117818,
single,train,2011-05-09,312,1,140.0,1,1,1,0.8,0.21052631578947378,0.5297263157894738,1.000034481322639,1.0494941022324,0.7125851244237141,
single,train,2011-05-09,312,2,140.0,1,1,1,0.8,0.21052631578947378,0.5297263157894738,1.000019417723241,1.048887005057881,0.8061267886725686,
single,train,2011-05-10,313,1,140.0,1,1,1,0.8,0.21052631578947378,0.5297263157894738,1.0000267632423505,1.0494230633354513,0.7585456631516478,
single,train,2011-05-10,313,2,140.0,1,1,1,0.8,0.21052631578947378,0.5297263157894738,1.0000216259421155,1.0490592604697706,0.7917549541864181,
single,train,2011-05-11,314,1,140.0,1,1,1,0.8,0.21052631578947378,0.5297263157894738,1.0000283380628145,1.049430366081872,0.7486907568284962,
single,train,2011-05-11,314,2,140.0,1,1,1,0.8,0.21052631578947378,0.5297263157894738,1.000013264407361,1.0483938195079097,0.8461919410214837,
single,train,2011-05-12,315,1,140.0,1,1,1,0.8,0.21052631578947378,0.5297263157894738,1.0000237568058634,1.0495017020988342,0.7870867400323032,
single,train,2011-05-12,315,2,140.0,1,1,1,0.8,0.21052631578947378,0.5297263157894738,1.0000119867846373,1.0487574989691648,0.8545819868291143,
single,train,2011-05-13,316,1,140.0,1,1,1,0.8,0.21052631578947378,0.5297263157894738,1.0000266814520062,1.0494343431587232,0.7679394219403903,
single,train,2011-05-13,316,2,140.0,1,1,1,0.8,0.21052631578947378,0.5297263157894738,1.0000219927938976,1.0488370298118548,0.789403653841279,
single,train,2011-05-14,317,1,140.0,1,1,1,0.8,0.21052631578947378,0.5297263157894738,1.0000308314812032,1.0494363643099691,0.7355140068070735,
single,train,2011-05-14,317,2,140.0,1,1,1,0.8,0.21052631578947378,0.5297263157894738,1.0000154696573633,1.0489508270678725,0.8318389714021808,
single,train,2011-05-15,318,1,140.0,1,1,1,0.8,0.21052631578947378,0.5297263157894738,1.0000311362846788,1.049482963005977,0.7332172244475481,
single,train,2011-05-15,318,2,140.0,1,1,1,0.8,0.21052631578947378,0.5297263157894738,1.000012990326148,1.0487759636216623,0.8480000525882381,
single,train,2011-05-16,319,1,140.0,1,1,1,0.8,0.21052631578947378,0.5297263157894738,1.0000214891103445,1.049425829881372,0.7957823862448172,
single,train,2011-05-16,319,2,140.0,1,1,1,0.8,0.21052631578947378,0.5297263157894738,1.00000992239092,1.048961591263543,0.8680372919302246,
single,train,2011-05-17,320,1,140.0,1,1,1,0.8,0.21052631578947378,0.5297263157894738,1.0000251879431263,1.049445315433956,0.7713305725529299,
single,train,2011-05-17,320,2,140.0,1,1,1,0.8,0.21052631578947378,0.5297263157894738,1.0000075807541873,1.0488796209700146,0.8833852722523419,
single,train,2011-05-18,321,1,140.0,1,1,1,0.8,0.21052631578947378,0.5297263157894738,1.0000248338475646,1.0499675192535218,0.771070536588106,
single,train,2011-05-18,321,2,140.0,1,1,1,0.8,0.21052631578947378,0.5297263157894738,1.0000185359391034,1.0490026686524174,0.8118383836976462,
single,train,2011-06-01,335,1,140.0,1,1,1,0.8,0.21052631578947378,0.5297263157894738,1.0000317643688825,1.0494406284288809,0.7295386759641506,
single,train,2011-06-01,335,2,140.0,1,1,1,0.8,0.21052631578947378,0.5297263157894738,1.000024016171226,1.0487668540524464,0.7763271449361362,
single,train,2011-06-02,336,1,140.0,1,1,1,0.8,0.21052631578947378,0.5297263157894738,1.0000361769683632,1.049426453988441,0.7035348442741874,
single,train,2011-06-02,336,2,140.0,1,1,1,0.8,0.21052631578947378,0.5297263157894738,1.0000138481553886,1.0490486646102948,0.7984946896594499,
single,train,2011-06-03,337,1,140.0,1,1,1,0.8,0.21052631578947378,0.5297263157894738,1.0000312808953633,1.0495035020472665,0.7349726124829493,
single,train,2011-06-03,337,2,140.0,1,1,1,0.8,0.21052631578947378,0.5297263157894738,1.000023211224605,1.0489315449086172,0.7635793149021294,
single,train,2011-06-04,338,1,140.0,1,1,1,0.8,0.21052631578947378,0.5297263157894738,1.000035650095238,1.0495574108459422,0.7035844037159643,
single,train,2011-06-04,338,2,140.0,1,1,1,0.8,0.21052631578947378,0.5297263157894738,1.0000071877783439,1.0488234950086561,0.8859597408972546,
single,train,2011-06-05,339,1,140.0,1,1,1,0.8,0.21052631578947378,0.5297263157894738,1.0000334859035445,1.0495390712154915,0.7210135422715146,
single,train,2011-06-05,339,2,140.0,1,1,1,0.8,0.21052631578947378,0.5297263157894738,1.0000056000820796,1.04841000948643,0.8963782927656929,
single,train,2011-06-06,340,1,140.0,1,1,1,0.8,0.21052631578947378,0.5297263157894738,1.0000119209666933,1.0493980873919087,0.8609275801194874,
single,train,2011-06-06,340,2,140.0,1,1,1,0.8,0.21052631578947378,0.5297263157894738,0.999995388670248,1.0488407272212545,0.9636370930919275,
single,train,2011-06-07,341,1,140.0,1,1,1,0.8,0.21052631578947378,0.5297263157894738,1.000013405334154,1.0494063757371677,0.8519534827732376,
single,train,2011-06-07,341,2,140.0,1,1,1,0.8,0.21052631578947378,0.5297263157894738,0.9999962931947805,1.048520989352158,0.9576065175215264,
single,train,2011-06-08,342,1,140.0,1,1,1,0.8,0.21052631578947378,0.5297263157894738,1.000020311790961,1.0494487142585371,0.8010809368063279,
single,train,2011-06-08,342,2,140.0,1,1,1,0.8,0.21052631578947378,0.5297263157894738,0.9999920171557535,1.0484601733656476,0.9858135778399943,
single,train,2011-06-09,343,1,140.0,1,1,1,0.8,0.21052631578947378,0.5297263157894738,1.0000174915875732,1.0494642184731904,0.8195863112576728,
single,train,2011-06-09,343,2,140.0,1,1,1,0.8,0.21052631578947378,0.5297263157894738,1.0000011798464707,1.0482141681140273,0.9254289461545194,
single,train,2011-06-10,344,1,140.0,1,1,1,0.8,0.21052631578947378,0.5297263157894738,1.0000146685664697,1.049424069392731,0.842415055449429,
single,train,2011-06-10,344,2,140.0,1,1,1,0.8,0.21052631578947378,0.5297263157894738,1.0000043290251346,1.0486289003947105,0.9047230901634541,
single,train,2011-06-11,345,1,140.0,1,1,1,0.8,0.21052631578947378,0.5297263157894738,1.0000214484546268,1.0493930064764145,0.7944529037769125,
single,train,2011-06-11,345,2,140.0,1,1,1,0.8,0.21052631578947378,0.5297263157894738,1.0000034848787303,1.0481730470169655,0.9033794069734635,
single,train,2011-06-12,346,1,140.0,1,1,1,0.8,0.21052631578947378,0.5297263157894738,1.0000165042152258,1.0494714154230147,0.8267328108301938,
single,train,2011-06-12,346,2,140.0,1,1,1,0.8,0.21052631578947378,0.5297263157894738,1.0000088952813408,1.0483870001684406,0.8504109311416082,
single,train,2011-06-13,347,1,140.0,1,1,1,0.8,0.21052631578947378,0.5297263157894738,1.000026713167966,1.0494582133660182,0.7682524202740834,
single,train,2011-06-13,347,2,140.0,1,1,1,0.8,0.21052631578947378,0.5297263157894738,0.9999991763701604,1.0485104944718324,0.9386140265774965,
single,train,2011-06-14,348,1,140.0,1,1,1,0.8,0.21052631578947378,0.5297263157894738,1.000020829397202,1.049501059254496,0.797015079912238,
single,train,2011-06-14,348,2,140.0,1,1,1,0.8,0.21052631578947378,0.5297263157894738,1.0000088032181162,1.0485445869713748,0.875377457489233,
single,train,2011-06-15,349,1,140.0,1,1,1,0.8,0.21052631578947378,0.5297263157894738,1.000022255225115,1.0494054554575036,0.7876639705987505,
single,train,2011-06-15,349,2,140.0,1,1,1,0.8,0.21052631578947378,0.5297263157894738,1.0000147247369164,1.0487867247121105,0.8366603667143238,
single,train,2011-06-16,350,1,140.0,1,1,1,0.8,0.21052631578947378,0.5297263157894738,1.0000219162330506,1.0493383759248636,0.7985937608495203,
single,train,2011-06-16,350,2,140.0,1,1,1,0.8,0.21052631578947378,0.5297263157894738,1.0000034632414974,1.0488388677121028,0.9104313700178855,
single,train,2011-06-17,351,1,140.0,1,1,1,0.8,0.21052631578947378,0.5297263157894738,1.000026701685648,1.0494206506582302,0.763559865701161,
single,train,2011-06-17,351,2,140.0,1,1,1,0.8,0.21052631578947378,0.5297263157894738,1.0000062946626402,1.0486596932756245,0.8918289850135528,
single,train,2011-06-18,352,1,140.0,1,1,1,0.8,0.21052631578947378,0.5297263157894738,1.0000258933293402,1.049281675078072,0.780939286707037,
single,train,2011-06-18,352,2,140.0,1,1,1,0.8,0.21052631578947378,0.5297263157894738,1.000008735866028,1.0487242832407695,0.8758537572446649,
single,cal,2010-07-19,18,1,140.0,1,1,1,0.8,0.21052631578947378,0.5297263157894738,1.0000258011598553,1.0495107016092262,0.7828210236634812,
single,cal,2010-07-19,18,2,140.0,1,1,1,0.8,0.21052631578947378,0.5297263157894738,1.0000082309621652,1.0483491762925545,0.8791148709151851,
single,cal,2010-07-20,19,1,140.0,1,1,1,0.8,0.21052631578947378,0.5297263157894738,1.0000209573615049,1.0495131224136423,0.7961979326664186,
single,cal,2010-07-20,19,2,140.0,1,1,1,0.8,0.21052631578947378,0.5297263157894738,0.9999981986507012,1.048655037263507,0.9450469075811615,
single,cal,2010-07-21,20,1,140.0,1,1,1,0.8,0.21052631578947378,0.5297263157894738,1.000028639816405,1.0494877840818493,0.7479122648254498,
single,cal,2010-07-21,20,2,140.0,1,1,1,0.8,0.21052631578947378,0.5297263157894738,0.9999908860702459,1.0485531791143428,0.9932816352034528,
single,cal,2010-07-22,21,1,140.0,1,1,1,0.8,0.21052631578947378,0.5297263157894738,1.0000169894684412,1.0493604147221474,0.8249147676880988,
single,cal,2010-07-22,21,2,140.0,0,0,1,0.8,0.21052631578947378,0.5297263157894738,0.9963494572638355,1.0483931041551124,1.0033410187499536,recovery AC infeasible
single,cal,2010-07-23,22,1,140.0,1,1,1,0.8,0.21052631578947378,0.5297263157894738,1.0000148447844712,1.049512887117093,0.8384903344720045,
single,cal,2010-07-23,22,2,140.0,1,1,1,0.8,0.21052631578947378,0.5297263157894738,1.0000062690808942,1.0486865253044286,0.8919929393169351,
single,cal,2010-07-24,23,1,140.0,1,1,1,0.8,0.21052631578947378,0.5297263157894738,1.0000231870571532,1.0494565064363637,0.7859546644246496,
single,cal,2010-07-24,23,2,140.0,1,1,1,0.8,0.21052631578947378,0.5297263157894738,1.0000128883195263,1.0485822022974318,0.8486359835910594,
single,cal,2010-08-19,49,1,140.0,1,1,1,0.8,0.21052631578947378,0.5297263157894738,1.0000338417773829,1.0494717649357113,0.7132105473930749,
single,cal,2010-08-19,49,2,140.0,1,1,1,0.8,0.21052631578947378,0.5297263157894738,1.000021737411974,1.0490491548649137,0.7910768090451411,
single,cal,2010-08-20,50,1,140.0,1,1,1,0.8,0.21052631578947378,0.5297263157894738,1.000030778903625,1.0494886961405412,0.7370927747224439,
single,cal,2010-08-20,50,2,140.0,1,1,1,0.8,0.21052631578947378,0.5297263157894738,1.0000080877395991,1.0490585720488614,0.8800647157069609,
single,cal,2010-08-21,51,1,140.0,1,1,1,0.8,0.21052631578947378,0.5297263157894738,1.00002365381804,1.0494342290211032,0.7794232257403828,
single,cal,2010-08-21,51,2,140.0,1,1,1,0.8,0.21052631578947378,0.5297263157894738,1.000005999337492,1.0487727779826266,0.893811342249889,
single,cal,2010-08-22,52,1,140.0,1,1,1,0.8,0.21052631578947378,0.5297263157894738,1.0000254295737658,1.0494311133412335,0.7792901043003948,
single,cal,2010-08-22,52,2,140.0,1,1,1,0.8,0.21052631578947378,0.5297263157894738,1.000007255462315,1.0484770925347215,0.8855653548457577,
single,cal,2010-08-23,53,1,140.0,1,1,1,0.8,0.21052631578947378,0.5297263157894738,1.0000254065057501,1.0494883754691786,0.7675798792587623,
single,cal,2010-08-23,53,2,140.0,1,1,1,0.8,0.21052631578947378,0.5297263157894738,0.9999968500960292,1.048149207389798,0.9539288093844734,
single,cal,2010-08-24,54,1,140.0,1,1,1,0.8,0.21052631578947378,0.5297263157894738,1.0000227932049255,1.049445779071613,0.7853347118765679,
single,cal,2010-08-24,54,2,140.0,1,1,1,0.8,0.21052631578947378,0.5297263157894738,1.0000094537750037,1.048592500736086,0.8711298110443743,
single,cal,2010-09-19,80,1,140.0,1,1,1,0.8,0.21052631578947378,0.5297263157894738,1.000035983153989,1.0498203888833662,0.727322794257012,
single,cal,2010-09-19,80,2,140.0,1,1,1,0.8,0.21052631578947378,0.5297263157894738,1.0000176315351832,1.0487641316895187,0.8177136007450474,
single,cal,2010-09-20,81,1,140.0,1,1,1,0.8,0.21052631578947378,0.5297263157894738,1.0000413019672705,1.049796838414373,0.6663461746252963,
single,cal,2010-09-20,81,2,140.0,1,1,1,0.8,0.21052631578947378,0.5297263157894738,1.0000214566781933,1.0485524379231226,0.7928840619195233,
single,cal,2010-09-21,82,1,140.0,1,1,1,0.8,0.21052631578947378,0.5297263157894738,1.0000398685928777,1.0494845917843512,0.7147129285269223,
single,cal,2010-09-21,82,2,140.0,1,1,1,0.8,0.21052631578947378,0.5297263157894738,1.0000201695793618,1.0487506033538279,0.8012292492922858,
single,cal,2010-09-22,83,1,140.0,1,1,1,0.8,0.21052631578947378,0.5297263157894738,1.0000384287305555,1.0495116658080936,0.6890342135871311,
single,cal,2010-09-22,83,2,140.0,1,1,1,0.8,0.21052631578947378,0.5297263157894738,1.0000208072642283,1.0487033107180264,0.7970759970057997,
single,cal,2010-09-23,84,1,140.0,1,1,1,0.8,0.21052631578947378,0.5297263157894738,1.000035500390662,1.0494470881518514,0.7042625303267651,
single,cal,2010-09-23,84,2,140.0,1,1,1,0.8,0.21052631578947378,0.5297263157894738,1.0000207784151909,1.0488163302506508,0.797267594018362,
single,cal,2010-09-24,85,1,140.0,1,1,1,0.8,0.21052631578947378,0.5297263157894738,1.0000330413294485,1.049497515994758,0.7223715715100171,
single,cal,2010-09-24,85,2,140.0,1,1,1,0.8,0.21052631578947378,0.5297263157894738,1.000022767160177,1.048797055591454,0.7843706007523867,
single,cal,2010-10-19,110,1,140.0,1,1,1,0.8,0.21052631578947378,0.5297263157894738,1.0000351791375632,1.0494717560013067,0.7053323448779725,
single,cal,2010-10-19,110,2,140.0,1,1,1,0.8,0.21052631578947378,0.5297263157894738,1.000024925302913,1.0482362464825332,0.7711017323041497,
single,cal,2010-10-20,111,1,140.0,1,1,1,0.8,0.21052631578947378,0.5297263157894738,1.0000354327342753,1.0494375174823214,0.7045058458236649,
single,cal,2010-10-20,111,2,140.0,1,1,1,0.8,0.21052631578947378,0.5297263157894738,1.000028429098027,1.049357724534129,0.7481340364125134,
single,cal,2010-10-21,112,1,140.0,1,1,1,0.8,0.21052631578947378,0.5297263157894738,1.0000375654869782,1.0494500726133118,0.6964808044009905,
single,cal,2010-10-21,112,2,140.0,1,1,1,0.8,0.21052631578947378,0.5297263157894738,1.0000242719321124,1.0485496729625665,0.7766077478816875,
single,cal,2010-10-22,113,1,140.0,1,1,1,0.8,0.21052631578947378,0.5297263157894738,1.0000358474013704,1.0494261931746494,0.7075421199592797,
single,cal,2010-10-22,113,2,140.0,1,1,1,0.8,0.21052631578947378,0.5297263157894738,1.0000306472880909,1.0480366799928695,0.736594074251551,
single,cal,2010-10-23,114,1,140.0,1,1,1,0.8,0.21052631578947378,0.5297263157894738,1.0000394379637692,1.0494673248392972,0.6904264799062542,
single,cal,2010-10-23,114,2,140.0,1,1,1,0.8,0.21052631578947378,0.5297263157894738,1.0000347363764084,1.0486302451115912,0.7075053096835204,
single,cal,2010-10-24,115,1,140.0,1,1,1,0.8,0.21052631578947378,0.5297263157894738,1.0000317306192936,1.0494039553286325,0.7281059549900055,
single,cal,2010-10-24,115,2,140.0,1,1,1,0.8,0.21052631578947378,0.5297263157894738,1.000021228817296,1.0483546158651167,0.7943956600461118,
single,cal,2010-11-19,141,1,140.0,0,0,1,0.8,0.21052631578947378,0.5297263157894738,1.0000354797437894,1.0501720672164971,0.7037387163196251,service AC infeasible
single,cal,2010-11-19,141,2,140.0,1,1,1,0.8,0.21052631578947378,0.5297263157894738,1.0000338704909033,1.0476302446281167,0.7130847307599314,
single,cal,2010-11-20,142,1,140.0,1,1,1,0.8,0.21052631578947378,0.5297263157894738,1.0000338218207303,1.0494229185091122,0.7291566114726379,
single,cal,2010-11-20,142,2,140.0,1,1,1,0.8,0.21052631578947378,0.5297263157894738,1.00003450299761,1.048082358944686,0.7091036568657809,
single,cal,2010-11-21,143,1,140.0,1,1,1,0.8,0.21052631578947378,0.5297263157894738,1.000042722763253,1.0494487500684728,0.6628747663596326,
single,cal,2010-11-21,143,2,140.0,1,1,1,0.8,0.21052631578947378,0.5297263157894738,1.0000311809244702,1.048983708136495,0.7319187594471045,
single,cal,2010-11-22,144,1,140.0,1,1,1,0.8,0.21052631578947378,0.5297263157894738,1.0000333401836015,1.0494497411931483,0.7210543441526537,
single,cal,2010-11-22,144,2,140.0,1,1,1,0.8,0.21052631578947378,0.5297263157894738,1.0000306554173788,1.047720559163494,0.734694877768444,
single,cal,2010-11-23,145,1,140.0,1,1,1,0.8,0.21052631578947378,0.5297263157894738,1.0000404097533093,1.0494860870752234,0.6755850248557667,
single,cal,2010-11-23,145,2,140.0,1,1,1,0.8,0.21052631578947378,0.5297263157894738,1.0000292968749562,1.0472951730574451,0.7436374107734595,
single,cal,2010-11-24,146,1,140.0,1,1,1,0.8,0.21052631578947378,0.5297263157894738,1.0000382296031969,1.0494929956882537,0.6898397715066151,
single,cal,2010-11-24,146,2,140.0,1,1,1,0.8,0.21052631578947378,0.5297263157894738,1.000031624387989,1.048779486163598,0.7285307153521596,
single,cal,2010-12-19,171,1,140.0,1,1,1,0.8,0.21052631578947378,0.5297263157894738,1.000040294585365,1.0494250474472948,0.6832178730199296,
single,cal,2010-12-19,171,2,140.0,1,1,1,0.8,0.21052631578947378,0.5297263157894738,1.0000338797950965,1.0486151645993882,0.7153668986640025,
single,cal,2010-12-20,172,1,140.0,1,1,1,0.8,0.21052631578947378,0.5297263157894738,1.000035343013336,1.0494683674903968,0.7073683453455317,
single,cal,2010-12-20,172,2,140.0,0,0,1,0.8,0.21052631578947378,0.5297263157894738,1.0000328397731026,1.0502611233915982,0.7211774498399047,service AC infeasible
single,cal,2010-12-21,173,1,140.0,1,1,1,0.8,0.21052631578947378,0.5297263157894738,1.0000392104251907,1.0494831313464685,0.6867103946741586,
single,cal,2010-12-21,173,2,140.0,0,0,1,0.8,0.21052631578947378,0.5297263157894738,1.00003584912899,1.0507901007225606,0.7025445232807663,service AC infeasible
single,cal,2010-12-22,174,1,140.0,1,1,1,0.8,0.21052631578947378,0.5297263157894738,1.0000372012317367,1.049475005441193,0.6927751872566656,
single,cal,2010-12-22,174,2,140.0,1,1,1,0.8,0.21052631578947378,0.5297263157894738,1.000034965942267,1.0489800298159064,0.7078264385458028,
single,cal,2010-12-23,175,1,140.0,1,1,1,0.8,0.21052631578947378,0.5297263157894738,1.000038044488026,1.049499065013139,0.6870947664072564,
single,cal,2010-12-23,175,2,140.0,1,1,1,0.8,0.21052631578947378,0.5297263157894738,1.000028869234977,1.0470980068945868,0.7496989816139051,
single,cal,2010-12-24,176,1,140.0,1,1,1,0.8,0.21052631578947378,0.5297263157894738,1.0000294381617774,1.0494746116704137,0.7414619104273741,
single,cal,2010-12-24,176,2,140.0,1,1,1,0.8,0.21052631578947378,0.5297263157894738,1.0000367396146608,1.0478262657461104,0.6946822428895083,
single,cal,2011-01-19,202,1,140.0,1,1,1,0.8,0.21052631578947378,0.5297263157894738,1.000037058367668,1.0494262558097025,0.6998906945124722,
single,cal,2011-01-19,202,2,140.0,1,1,1,0.8,0.21052631578947378,0.5297263157894738,1.0000310261475371,1.046786398010523,0.7311775875294044,
single,cal,2011-01-20,203,1,140.0,1,1,1,0.8,0.21052631578947378,0.5297263157894738,1.0000377900430597,1.0494575346127983,0.6894426966734646,
single,cal,2011-01-20,203,2,140.0,1,1,1,0.8,0.21052631578947378,0.5297263157894738,1.0000266720381388,1.0466047675476706,0.7617342853588598,
single,cal,2011-01-21,204,1,140.0,1,1,1,0.8,0.21052631578947378,0.5297263157894738,1.000033557889378,1.0494315456624328,0.7164331113245175,
single,cal,2011-01-21,204,2,140.0,1,1,1,0.8,0.21052631578947378,0.5297263157894738,1.0000282223275334,1.0463623863677327,0.7544510960065018,
single,cal,2011-01-22,205,1,140.0,1,1,1,0.8,0.21052631578947378,0.5297263157894738,1.0000416275814237,1.0494776203514355,0.6858756351779393,
single,cal,2011-01-22,205,2,140.0,1,1,1,0.8,0.21052631578947378,0.5297263157894738,1.0000304182957016,1.0476683241252667,0.7350180356394094,
single,cal,2011-01-23,206,1,140.0,1,1,1,0.8,0.21052631578947378,0.5297263157894738,1.0000409563775923,1.049465924146868,0.6883206945212418,
single,cal,2011-01-23,206,2,140.0,1,1,1,0.8,0.21052631578947378,0.5297263157894738,1.0000278075472766,1.0473546888961183,0.7573702378994213,
single,cal,2011-01-24,207,1,140.0,1,1,1,0.8,0.21052631578947378,0.5297263157894738,1.000040639084286,1.0494055859020204,0.6757172756901371,
single,cal,2011-01-24,207,2,140.0,1,1,1,0.8,0.21052631578947378,0.5297263157894738,1.0000020301786174,1.047200504476861,0.9198474298289814,
single,cal,2011-02-17,231,1,140.0,1,1,1,0.8,0.21052631578947378,0.5297263157894738,1.0000367788982483,1.0494685629857825,0.6947082647860657,
single,cal,2011-02-17,231,2,140.0,1,1,1,0.8,0.21052631578947378,0.5297263157894738,1.0000234493175917,1.048349465012422,0.7811117411755427,
single,cal,2011-02-18,232,1,140.0,1,1,1,0.8,0.21052631578947378,0.5297263157894738,1.0000361677659988,1.0494397166689096,0.6983827093710137,
single,cal,2011-02-18,232,2,140.0,1,1,1,0.8,0.21052631578947378,0.5297263157894738,1.000032669837995,1.0472037777094858,0.7243021657021835,
single,cal,2011-02-19,233,1,140.0,1,1,1,0.8,0.21052631578947378,0.5297263157894738,1.0000408428627112,1.0494323904002218,0.6845475529627625,
single,cal,2011-02-19,233,2,140.0,1,1,1,0.8,0.21052631578947378,0.5297263157894738,1.000007042844467,1.0461921232738258,0.8869167561250058,
single,cal,2011-02-20,234,1,140.0,1,1,1,0.8,0.21052631578947378,0.5297263157894738,1.0000345254964815,1.04936549082701,0.731250005297714,
single,cal,2011-02-20,234,2,140.0,1,1,1,0.8,0.21052631578947378,0.5297263157894738,1.0000235574420349,1.0466575051731635,0.7615906120150449,
single,cal,2011-02-21,235,1,140.0,1,1,1,0.8,0.21052631578947378,0.5297263157894738,1.0000257485334934,1.049449858082087,0.7659283724496332,
single,cal,2011-02-21,235,2,140.0,1,1,1,0.8,0.21052631578947378,0.5297263157894738,1.0000285115519234,1.0482134309559397,0.747314880450874,
single,cal,2011-03-19,261,1,140.0,1,1,1,0.8,0.21052631578947378,0.5297263157894738,1.0000376618747646,1.0494270969821262,0.6983978007017386,
single,cal,2011-03-19,261,2,140.0,1,1,1,0.8,0.21052631578947378,0.5297263157894738,1.0000321563386467,1.048269440974273,0.7253519128432963,
single,cal,2011-03-20,262,1,140.0,1,1,1,0.8,0.21052631578947378,0.5297263157894738,1.000042045527949,1.0494046410610778,0.6691244473012016,
single,cal,2011-03-20,262,2,140.0,1,1,1,0.8,0.21052631578947378,0.5297263157894738,1.0000230903137073,1.047984667745061,0.7823902401035808,
single,cal,2011-03-21,263,1,140.0,1,1,1,0.8,0.21052631578947378,0.5297263157894738,1.000034354190769,1.0494457515835718,0.7106897785641726,
single,cal,2011-03-21,263,2,140.0,1,1,1,0.8,0.21052631578947378,0.5297263157894738,1.0000236177506134,1.0482236188624832,0.7789024758678178,
single,cal,2011-03-22,264,1,140.0,1,1,1,0.8,0.21052631578947378,0.5297263157894738,1.0000333399220953,1.0493849450710782,0.7162936787515117,
single,cal,2011-03-22,264,2,140.0,1,1,1,0.8,0.21052631578947378,0.5297263157894738,1.0000243074598743,1.0476407451627006,0.7743848287175681,
single,cal,2011-03-23,265,1,140.0,1,1,1,0.8,0.21052631578947378,0.5297263157894738,1.0000366949760942,1.0494378257436647,0.6985542236407357,
single,cal,2011-03-23,265,2,140.0,1,1,1,0.8,0.21052631578947378,0.5297263157894738,1.0000262353701495,1.0474848158815215,0.7641750913449634,
single,cal,2011-03-24,266,1,140.0,1,1,1,0.8,0.21052631578947378,0.5297263157894738,1.0000314775085,1.0494308373087808,0.7282251750060443,
single,cal,2011-03-24,266,2,140.0,1,1,1,0.8,0.21052631578947378,0.5297263157894738,1.0000240601891905,1.0480129247883054,0.7761270815663766,
single,cal,2011-04-19,292,1,140.0,1,1,1,0.8,0.21052631578947378,0.5297263157894738,1.0000377944713958,1.0494027812930162,0.6994168143762839,
single,cal,2011-04-19,292,2,140.0,1,1,1,0.8,0.21052631578947378,0.5297263157894738,1.0000207942937547,1.0488726750045894,0.7971637904653786,
single,cal,2011-04-20,293,1,140.0,1,1,1,0.8,0.21052631578947378,0.5297263157894738,1.0000383756580808,1.0494789234748503,0.6939046075391384,
single,cal,2011-04-20,293,2,140.0,1,1,1,0.8,0.21052631578947378,0.5297263157894738,1.0000260098086813,1.0489708241176972,0.7634129124919404,
single,cal,2011-04-21,294,1,140.0,1,1,1,0.8,0.21052631578947378,0.5297263157894738,1.0000382326034039,1.0494105056666752,0.6900469996572564,
single,cal,2011-04-21,294,2,140.0,1,1,1,0.8,0.21052631578947378,0.5297263157894738,1.0000298855492438,1.0489908312254492,0.738471911058236,
single,cal,2011-04-22,295,1,140.0,1,1,1,0.8,0.21052631578947378,0.5297263157894738,1.0000395978644552,1.0494783370722618,0.680737573234198,
single,cal,2011-04-22,295,2,140.0,1,1,1,0.8,0.21052631578947378,0.5297263157894738,1.0000259964493166,1.0489717721913001,0.7634963754071079,
single,cal,2011-04-23,296,1,140.0,1,1,1,0.8,0.21052631578947378,0.5297263157894738,1.0000409811251685,1.0495027052865153,0.6740419940891514,
single,cal,2011-04-23,296,2,140.0,1,1,1,0.8,0.21052631578947378,0.5297263157894738,1.0000313653277677,1.0490662041073107,0.7289508725630488,
single,cal,2011-04-24,297,1,140.0,1,1,1,0.8,0.21052631578947378,0.5297263157894738,1.0000418863632308,1.049453182828384,0.666747533791386,
single,cal,2011-04-24,297,2,140.0,1,1,1,0.8,0.21052631578947378,0.5297263157894738,1.000032342702061,1.0490029962090608,0.7227323975649075,
single,cal,2011-05-19,322,1,140.0,1,1,1,0.8,0.21052631578947378,0.5297263157894738,1.000025422077722,1.0495020235198955,0.7699126865351295,
single,cal,2011-05-19,322,2,140.0,1,1,1,0.8,0.21052631578947378,0.5297263157894738,1.0000149773481182,1.0490098085596296,0.8350698804115683,
single,cal,2011-05-20,323,1,140.0,1,1,1,0.8,0.21052631578947378,0.5297263157894738,1.0000207472157367,1.0494544207729604,0.7999805496845035,
single,cal,2011-05-20,323,2,140.0,1,1,1,0.8,0.21052631578947378,0.5297263157894738,1.0000214346930443,1.048848477699795,0.7930078409893307,
single,cal,2011-05-21,324,1,140.0,1,1,1,0.8,0.21052631578947378,0.5297263157894738,1.0000329286609422,1.049499988208788,0.7220319839170208,
single,cal,2011-05-21,324,2,140.0,1,1,1,0.8,0.21052631578947378,0.5297263157894738,1.0000230661002485,1.0490457805158417,0.7824401347990287,
single,cal,2011-05-22,325,1,140.0,1,1,1,0.8,0.21052631578947378,0.5297263157894738,1.0000342659232913,1.049483454420916,0.7220342903653932,
single,cal,2011-05-22,325,2,140.0,1,1,1,0.8,0.21052631578947378,0.5297263157894738,1.0000224397734387,1.0489718483903736,0.7865120190187593,
single,cal,2011-05-23,326,1,140.0,1,1,1,0.8,0.21052631578947378,0.5297263157894738,1.000031305397644,1.0493851324910253,0.729378227939098,
single,cal,2011-05-23,326,2,140.0,1,1,1,0.8,0.21052631578947378,0.5297263157894738,1.0000208161093822,1.0491230421223312,0.7970212826986487,
single,cal,2011-05-24,327,1,140.0,1,1,1,0.8,0.21052631578947378,0.5297263157894738,1.0000255375182936,1.049505816232636,0.7696574138218283,
single,cal,2011-05-24,327,2,140.0,1,1,1,0.8,0.21052631578947378,0.5297263157894738,1.0000190108258116,1.049015561462163,0.8087652480607932,
single,cal,2011-06-19,353,1,140.0,1,1,1,0.8,0.21052631578947378,0.5297263157894738,1.0000226103742627,1.0494637406100573,0.8117515609872692,
single,cal,2011-06-19,353,2,140.0,1,1,1,0.8,0.21052631578947378,0.5297263157894738,1.0000050045410729,1.048262359298608,0.9003102772624212,
single,cal,2011-06-20,354,1,140.0,1,1,1,0.8,0.21052631578947378,0.5297263157894738,1.0000196569249897,1.0494700382318982,0.8090875675210885,
single,cal,2011-06-20,354,2,140.0,1,1,1,0.8,0.21052631578947378,0.5297263157894738,0.9999994978151769,1.0485516912568067,0.9364639900262803,
single,cal,2011-06-21,355,1,140.0,1,1,1,0.8,0.21052631578947378,0.5297263157894738,1.0000253354976054,1.0493775639018161,0.7722631172943829,
single,cal,2011-06-21,355,2,140.0,1,1,1,0.8,0.21052631578947378,0.5297263157894738,1.0000033725138668,1.0484784338672968,0.9110150946222578,
single,cal,2011-06-22,356,1,140.0,1,1,1,0.8,0.21052631578947378,0.5297263157894738,1.000023056743731,1.0494175037269762,0.7868383890868419,
single,cal,2011-06-22,356,2,140.0,1,1,1,0.8,0.21052631578947378,0.5297263157894738,1.0000046104937437,1.0487133568733364,0.902878993639845,
single,cal,2011-06-23,357,1,140.0,1,1,1,0.8,0.21052631578947378,0.5297263157894738,1.00002453662763,1.0493643537417072,0.7734203123057971,
single,cal,2011-06-23,357,2,140.0,1,1,1,0.8,0.21052631578947378,0.5297263157894738,1.0000064034089797,1.0487927706041134,0.8911097582654431,
single,cal,2011-06-24,358,1,140.0,1,1,1,0.8,0.21052631578947378,0.5297263157894738,1.0000215269328077,1.0493982229696381,0.794452221417233,
single,cal,2011-06-24,358,2,140.0,1,1,1,0.8,0.21052631578947378,0.5297263157894738,1.0000118280872863,1.0487219010595488,0.8555793216697224,
single,test,2010-07-25,24,1,140.0,1,1,1,0.8,0.21052631578947378,0.5297263157894738,1.0000254128109758,1.0493383106423357,0.7865881127466191,
single,test,2010-07-25,24,2,140.0,1,1,1,0.8,0.21052631578947378,0.5297263157894738,1.00001167020693,1.048648975669214,0.8566051423367557,
single,test,2010-07-26,25,1,140.0,1,1,1,0.8,0.21052631578947378,0.5297263157894738,1.000022032195161,1.0495188683084586,0.7921221921278339,
single,test,2010-07-26,25,2,140.0,1,1,1,0.8,0.21052631578947378,0.5297263157894738,1.0000075166939493,1.0488554833750572,0.8838335501181426,
single,test,2010-07-27,26,1,140.0,0,0,1,0.8,0.21052631578947378,0.5297263157894738,1.0000268116696949,1.0503891533441645,0.7586361630944942,service AC infeasible
single,test,2010-07-27,26,2,140.0,1,1,1,0.8,0.21052631578947378,0.5297263157894738,1.0000150909993872,1.0488984875874698,0.8342617820341546,
single,test,2010-07-28,27,1,140.0,0,0,1,0.8,0.21052631578947378,0.5297263157894738,1.0000340718648466,1.0500741573146342,0.7121394453064588,service AC infeasible
single,test,2010-07-28,27,2,140.0,1,1,1,0.8,0.21052631578947378,0.5297263157894738,1.0000091908809632,1.048441552616066,0.8728760416202571,
single,test,2010-07-29,28,1,140.0,1,1,1,0.8,0.21052631578947378,0.5297263157894738,1.0000267335317026,1.0494837448242467,0.7609397312826459,
single,test,2010-07-29,28,2,140.0,1,1,1,0.8,0.21052631578947378,0.5297263157894738,0.9999984509868673,1.0486686756471626,0.9434045696408597,
single,test,2010-07-30,29,1,140.0,1,1,1,0.8,0.21052631578947378,0.5297263157894738,1.0000221052299838,1.0499303882518298,0.7895589198287511,
single,test,2010-07-30,29,2,140.0,1,1,1,0.8,0.21052631578947378,0.5297263157894738,1.0000120010635292,1.0491518063167693,0.854448361594137,
single,test,2010-07-31,30,1,140.0,1,1,1,0.8,0.21052631578947378,0.5297263157894738,1.00003510852965,1.0494942888037548,0.71225976150696,
single,test,2010-07-31,30,2,140.0,1,1,1,0.8,0.21052631578947378,0.5297263157894738,1.000026591040508,1.0490635931629653,0.7596355159570749,
single,test,2010-08-25,55,1,140.0,1,1,1,0.8,0.21052631578947378,0.5297263157894738,1.000031555702648,1.0494587223871286,0.7332293542476015,
single,test,2010-08-25,55,2,140.0,1,1,1,0.8,0.21052631578947378,0.5297263157894738,1.0000157276032233,1.0488195455925151,0.8301186991618806,
single,test,2010-08-26,56,1,140.0,1,1,1,0.8,0.21052631578947378,0.5297263157894738,1.0000313358323618,1.0494577447702504,0.7354120038265605,
single,test,2010-08-26,56,2,140.0,1,1,1,0.8,0.21052631578947378,0.5297263157894738,1.000009679457076,1.0487001961180384,0.8696326211691597,
single,test,2010-08-27,57,1,140.0,1,1,1,0.8,0.21052631578947378,0.5297263157894738,1.0000332603471258,1.0499253435623268,0.717925526892563,
single,test,2010-08-27,57,2,140.0,1,1,1,0.8,0.21052631578947378,0.5297263157894738,1.000007874543202,1.0488279116952801,0.8814577025833523,
single,test,2010-08-28,58,1,140.0,1,1,1,0.8,0.21052631578947378,0.5297263157894738,1.0000411797928224,1.0493834358088143,0.6778575504747676,
single,test,2010-08-28,58,2,140.0,1,1,1,0.8,0.21052631578947378,0.5297263157894738,1.0000141979577908,1.048969593585415,0.8401300452281361,
single,test,2010-08-29,59,1,140.0,1,1,1,0.8,0.21052631578947378,0.5297263157894738,1.0000311036713794,1.0494611333693014,0.755281555011465,
single,test,2010-08-29,59,2,140.0,1,1,1,0.8,0.21052631578947378,0.5297263157894738,1.0000035264295313,1.0485014165899498,0.9100083011590204,
single,test,2010-08-30,60,1,140.0,1,1,1,0.8,0.21052631578947378,0.5297263157894738,1.0000322036575209,1.0498707681189818,0.73646309035933,
single,test,2010-08-30,60,2,140.0,1,1,1,0.8,0.21052631578947378,0.5297263157894738,1.0000111407645211,1.0485821547156813,0.8600696857916879,
single,test,2010-08-31,61,1,140.0,1,1,1,0.8,0.21052631578947378,0.5297263157894738,1.0000306399117824,1.0494803568830844,0.7406000588406875,
single,test,2010-08-31,61,2,140.0,1,1,1,0.8,0.21052631578947378,0.5297263157894738,1.0000221927027984,1.0488987597436772,0.7880853025028993,
single,test,2010-09-25,86,1,140.0,1,1,1,0.8,0.21052631578947378,0.5297263157894738,1.0000367961611776,1.0494516506121512,0.7017670050468935,
single,test,2010-09-25,86,2,140.0,1,1,1,0.8,0.21052631578947378,0.5297263157894738,1.000026666378302,1.0488624172345171,0.7592096471325783,
single,test,2010-09-26,87,1,140.0,1,1,1,0.8,0.21052631578947378,0.5297263157894738,1.0000376944373137,1.049507012259089,0.7201229528573054,
single,test,2010-09-26,87,2,140.0,1,1,1,0.8,0.21052631578947378,0.5297263157894738,1.0000230804495904,1.0487490794421228,0.7823795926333892,
single,test,2010-09-27,88,1,140.0,1,1,1,0.8,0.21052631578947378,0.5297263157894738,1.0000357639242572,1.0494226068892023,0.7158284838564061,
single,test,2010-09-27,88,2,140.0,1,1,1,0.8,0.21052631578947378,0.5297263157894738,1.0000225838723422,1.0487981513212994,0.7855945329049204,
single,test,2010-09-28,89,1,140.0,1,1,1,0.8,0.21052631578947378,0.5297263157894738,1.0000412877587253,1.049456636788309,0.682442361797492,
single,test,2010-09-28,89,2,140.0,1,1,1,0.8,0.21052631578947378,0.5297263157894738,1.0000276883374206,1.0488929999062615,0.7525891231995798,
single,test,2010-09-29,90,1,140.0,1,1,1,0.8,0.21052631578947378,0.5297263157894738,1.000041902195742,1.049580012779687,0.6854359694452354,
single,test,2010-09-29,90,2,140.0,1,1,1,0.8,0.21052631578947378,0.5297263157894738,1.0000185197358753,1.0488934963310172,0.8119492734497418,
single,test,2010-09-30,91,1,140.0,1,1,1,0.8,0.21052631578947378,0.5297263157894738,1.0000427195255155,1.0494075145611181,0.6800471410975866,
single,test,2010-09-30,91,2,140.0,1,1,1,0.8,0.21052631578947378,0.5297263157894738,1.0000234624404836,1.0488751979340527,0.779829635025289,
single,test,2010-10-25,116,1,140.0,0,0,1,0.8,0.21052631578947378,0.5297263157894738,1.0000298013562408,1.0500789085120257,0.7418402244204649,service AC infeasible
single,test,2010-10-25,116,2,140.0,1,1,1,0.8,0.21052631578947378,0.5297263157894738,1.0000193965041422,1.048580645504451,0.8080097978523995,
single,test,2010-10-26,117,1,140.0,1,1,1,0.8,0.21052631578947378,0.5297263157894738,1.0000375596397413,1.0494760565718895,0.6920707832389134,
single,test,2010-10-26,117,2,140.0,1,1,1,0.8,0.21052631578947378,0.5297263157894738,1.0000276770508956,1.0478462592204292,0.7546986390047369,
single,test,2010-10-27,118,1,140.0,1,1,1,0.8,0.21052631578947378,0.5297263157894738,1.000035130528267,1.0494648103768884,0.7079199972356165,
single,test,2010-10-27,118,2,140.0,1,1,1,0.8,0.21052631578947378,0.5297263157894738,1.0000320646972487,1.0481406501865318,0.7244993186416576,
single,test,2010-10-28,119,1,140.0,1,1,1,0.8,0.21052631578947378,0.5297263157894738,1.00003722151588,1.0497028302252933,0.6934970614605163,
single,test,2010-10-28,119,2,140.0,1,1,1,0.8,0.21052631578947378,0.5297263157894738,1.0000321406972907,1.0481198937171763,0.7239963613059969,
single,test,2010-10-29,120,1,140.0,1,1,1,0.8,0.21052631578947378,0.5297263157894738,1.0000317772028804,1.0494725379425163,0.7277820725999125,
single,test,2010-10-29,120,2,140.0,1,1,1,0.8,0.21052631578947378,0.5297263157894738,1.0000296537909976,1.047908330453758,0.7405030275638438,
single,test,2010-10-30,121,1,140.0,1,1,1,0.8,0.21052631578947378,0.5297263157894738,1.0000394361949902,1.0494080643031012,0.6907528296130073,
single,test,2010-10-30,121,2,140.0,0,0,1,0.8,0.21052631578947378,0.5297263157894738,1.0000293172040078,1.050079618487914,0.7426216421119958,service AC infeasible
single,test,2010-10-31,122,1,140.0,1,1,1,0.8,0.21052631578947378,0.5297263157894738,1.0000383579144574,1.0497847024857123,0.6898124800975567,
single,test,2010-10-31,122,2,140.0,1,1,1,0.8,0.21052631578947378,0.5297263157894738,1.0000309659047004,1.0475499332326699,0.7317393357975363,
single,test,2010-11-25,147,1,140.0,1,1,1,0.8,0.21052631578947378,0.5297263157894738,1.0000366346531122,1.04949052022284,0.6967629690586137,
single,test,2010-11-25,147,2,140.0,1,1,1,0.8,0.21052631578947378,0.5297263157894738,1.000029654340351,1.0499118498950415,0.7428950044374365,
single,test,2010-11-26,148,1,140.0,1,1,1,0.8,0.21052631578947378,0.5297263157894738,1.000036136628091,1.0494012811086542,0.7032648474059695,
single,test,2010-11-26,148,2,140.0,1,1,1,0.8,0.21052631578947378,0.5297263157894738,1.000029293293594,1.0477475350849295,0.743739274336861,
single,test,2010-11-27,149,1,140.0,1,1,1,0.8,0.21052631578947378,0.5297263157894738,1.0000425488993556,1.0494623900133941,0.6720840752712324,
single,test,2010-11-27,149,2,140.0,1,1,1,0.8,0.21052631578947378,0.5297263157894738,1.0000326091415852,1.0470847143082185,0.7258024704923752,
single,test,2010-11-28,150,1,140.0,1,1,1,0.8,0.21052631578947378,0.5297263157894738,1.0000411673754146,1.0494470552880693,0.6687006155826463,
single,test,2010-11-28,150,2,140.0,1,1,1,0.8,0.21052631578947378,0.5297263157894738,1.0000311995351034,1.0482357048538984,0.7300179519454728,
single,test,2010-11-29,151,1,140.0,1,1,1,0.8,0.21052631578947378,0.5297263157894738,1.000035127370196,1.0494951924266833,0.7092173291639035,
single,test,2010-11-29,151,2,140.0,1,1,1,0.8,0.21052631578947378,0.5297263157894738,1.000029663294043,1.0481187818836943,0.741858150972139,
single,test,2010-11-30,152,1,140.0,1,1,1,0.8,0.21052631578947378,0.5297263157894738,1.0000362676507033,1.0494379565205223,0.6998442847346034,
single,test,2010-11-30,152,2,140.0,1,1,1,0.8,0.21052631578947378,0.5297263157894738,1.0000314329033488,1.047088383803219,0.7305231265972734,
single,test,2010-12-25,177,1,140.0,1,1,1,0.8,0.21052631578947378,0.5297263157894738,1.0000337559262635,1.0494269401049872,0.7146057207427314,
single,test,2010-12-25,177,2,140.0,1,1,1,0.8,0.21052631578947378,0.5297263157894738,1.00002666639191,1.0464858729328257,0.7601042529158609,
single,test,2010-12-26,178,1,140.0,1,1,1,0.8,0.21052631578947378,0.5297263157894738,1.0000356838844455,1.0494126007829192,0.7085576751319336,
single,test,2010-12-26,178,2,140.0,1,1,1,0.8,0.21052631578947378,0.5297263157894738,1.0000319226728758,1.0473357722427326,0.7253910863514966,
single,test,2010-12-27,179,1,140.0,1,1,1,0.8,0.21052631578947378,0.5297263157894738,1.000040061689737,1.0494290176893566,0.6790724318763162,
single,test,2010-12-27,179,2,140.0,1,1,1,0.8,0.21052631578947378,0.5297263157894738,1.0000279271044026,1.0481147184053894,0.7532497763226651,
single,test,2010-12-28,180,1,140.0,1,1,1,0.8,0.21052631578947378,0.5297263157894738,1.0000393790943674,1.0494349576497675,0.6990668990622398,
single,test,2010-12-28,180,2,140.0,1,1,1,0.8,0.21052631578947378,0.5297263157894738,1.0000308701384806,1.0477537113974047,0.7352720744094732,
single,test,2010-12-29,181,1,140.0,1,1,1,0.8,0.21052631578947378,0.5297263157894738,1.0000422518069643,1.049443665607077,0.6724944975252519,
single,test,2010-12-29,181,2,140.0,1,1,1,0.8,0.21052631578947378,0.5297263157894738,1.0000354425211653,1.0489357295197947,0.7053011280519175,
single,test,2010-12-30,182,1,140.0,1,1,1,0.8,0.21052631578947378,0.5297263157894738,1.0000436344502706,1.0494414491905901,0.6610712675288419,
single,test,2010-12-30,182,2,140.0,1,1,1,0.8,0.21052631578947378,0.5297263157894738,1.0000249486623303,1.046838654289644,0.770263719582212,
single,test,2010-12-31,183,1,140.0,1,1,1,0.8,0.21052631578947378,0.5297263157894738,1.0000396878130229,1.0494595110805005,0.6787409756285143,
single,test,2010-12-31,183,2,140.0,1,1,1,0.8,0.21052631578947378,0.5297263157894738,1.0000236325206342,1.045932629796877,0.7839160379880261,
single,test,2011-01-25,208,1,140.0,1,1,1,0.8,0.21052631578947378,0.5297263157894738,1.0000336026780021,1.0493395733674231,0.7275743098188666,
single,test,2011-01-25,208,2,140.0,1,1,1,0.8,0.21052631578947378,0.5297263157894738,1.0000061116369647,1.0460442132719376,0.8943883604314238,
single,test,2011-01-26,209,1,140.0,1,1,1,0.8,0.21052631578947378,0.5297263157894738,1.0000322593366917,1.0493232941158521,0.7500356067613545,
single,test,2011-01-26,209,2,140.0,0,0,1,0.8,0.21052631578947378,0.5297263157894738,0.9999901041654927,1.0453731962144786,1.0012037422371174,recovery AC infeasible
single,test,2011-01-27,210,1,140.0,1,1,1,0.8,0.21052631578947378,0.5297263157894738,1.0000350782518819,1.0492808256580708,0.7205030432622789,
single,test,2011-01-27,210,2,140.0,1,1,1,0.8,0.21052631578947378,0.5297263157894738,1.0000046310094126,1.0458822336629239,0.9073463755251743,
single,test,2011-01-28,211,1,140.0,1,1,1,0.8,0.21052631578947378,0.5297263157894738,1.0000397441418316,1.0493728332280912,0.6804623621082729,
single,test,2011-01-28,211,2,140.0,1,1,1,0.8,0.21052631578947378,0.5297263157894738,1.0000291340599172,1.0472066301782865,0.7449939968923144,
single,test,2011-01-29,212,1,140.0,1,1,1,0.8,0.21052631578947378,0.5297263157894738,1.0000395365335488,1.0494376582976865,0.6777115194747472,
single,test,2011-01-29,212,2,140.0,1,1,1,0.8,0.21052631578947378,0.5297263157894738,1.0000311533814998,1.0495989067803286,0.7356694872264923,
single,test,2011-01-30,213,1,140.0,1,1,1,0.8,0.21052631578947378,0.5297263157894738,1.0000384241700857,1.0493831196337875,0.6849889474292661,
single,test,2011-01-30,213,2,140.0,1,1,1,0.8,0.21052631578947378,0.5297263157894738,1.0000149349996426,1.0458157811491755,0.8406419721601237,
single,test,2011-01-31,214,1,140.0,1,1,1,0.8,0.21052631578947378,0.5297263157894738,1.0000369752500164,1.0494442798154335,0.6941616061813867,
single,test,2011-01-31,214,2,140.0,1,1,1,0.8,0.21052631578947378,0.5297263157894738,0.9999960092800125,1.0453874838061745,0.9649115909495865,
single,test,2011-02-22,236,1,140.0,1,1,1,0.8,0.21052631578947378,0.5297263157894738,1.0000323943151408,1.0494231339157807,0.7223488643299238,
single,test,2011-02-22,236,2,140.0,1,1,1,0.8,0.21052631578947378,0.5297263157894738,1.00002809640015,1.0482882856671085,0.7512300679387051,
single,test,2011-02-23,237,1,140.0,1,1,1,0.8,0.21052631578947378,0.5297263157894738,1.00003235949866,1.0494573170031143,0.7250162826969013,
single,test,2011-02-23,237,2,140.0,0,0,1,0.8,0.21052631578947378,0.5297263157894738,1.000031545963736,1.0505997343665858,0.7278120269514158,service AC infeasible
single,test,2011-02-24,238,1,140.0,1,1,1,0.8,0.21052631578947378,0.5297263157894738,1.0000377627007204,1.0494200909451974,0.6902210709752902,
single,test,2011-02-24,238,2,140.0,1,1,1,0.8,0.21052631578947378,0.5297263157894738,1.0000276787120803,1.0494881611006555,0.7568631395686863,
single,test,2011-02-25,239,1,140.0,1,1,1,0.8,0.21052631578947378,0.5297263157894738,1.0000302852079517,1.049481138729964,0.7435981615593539,
single,test,2011-02-25,239,2,140.0,1,1,1,0.8,0.21052631578947378,0.5297263157894738,1.0000325454115424,1.0483718339132562,0.7213978201108051,
single,test,2011-02-26,240,1,140.0,1,1,1,0.8,0.21052631578947378,0.5297263157894738,1.0000379339800094,1.0494095643466566,0.687096199593435,
single,test,2011-02-26,240,2,140.0,1,1,1,0.8,0.21052631578947378,0.5297263157894738,1.0000264976142883,1.0464706962488444,0.7642449558404182,
single,test,2011-02-27,241,1,140.0,1,1,1,0.8,0.21052631578947378,0.5297263157894738,1.0000377394704951,1.0494615486592938,0.6986293623615364,
single,test,2011-02-27,241,2,140.0,1,1,1,0.8,0.21052631578947378,0.5297263157894738,1.0000227063164655,1.0474686343912698,0.7868929204852093,
single,test,2011-02-28,242,1,140.0,1,1,1,0.8,0.21052631578947378,0.5297263157894738,1.0000327309472703,1.0494245910234865,0.7202480405242957,
single,test,2011-02-28,242,2,140.0,1,1,1,0.8,0.21052631578947378,0.5297263157894738,1.0000256174952205,1.0483605660174153,0.7659344699313896,
single,test,2011-03-25,267,1,140.0,1,1,1,0.8,0.21052631578947378,0.5297263157894738,1.000036666511545,1.0494586601612936,0.6951118568991241,
single,test,2011-03-25,267,2,140.0,1,1,1,0.8,0.21052631578947378,0.5297263157894738,1.0000306599363709,1.0481154227520544,0.7334849693451011,
single,test,2011-03-26,268,1,140.0,1,1,1,0.8,0.21052631578947378,0.5297263157894738,1.0000401099575822,1.0494887878103194,0.676631956043951,
single,test,2011-03-26,268,2,140.0,1,1,1,0.8,0.21052631578947378,0.5297263157894738,1.000029186445221,1.0483804399639725,0.7429958952829074,
single,test,2011-03-27,269,1,140.0,1,1,1,0.8,0.21052631578947378,0.5297263157894738,1.0000324581627893,1.04946139447175,0.7219674340608982,
single,test,2011-03-27,269,2,140.0,1,1,1,0.8,0.21052631578947378,0.5297263157894738,1.0000251499392308,1.048042576979352,0.7703283040169532,
single,test,2011-03-28,270,1,140.0,1,1,1,0.8,0.21052631578947378,0.5297263157894738,1.000029082705146,1.0494847220850108,0.7451199405569497,
single,test,2011-03-28,270,2,140.0,1,1,1,0.8,0.21052631578947378,0.5297263157894738,1.0000322604692629,1.0480251270221475,0.723354423015751,
single,test,2011-03-29,271,1,140.0,1,1,1,0.8,0.21052631578947378,0.5297263157894738,1.0000321100959118,1.0494806006848305,0.7241832491845596,
single,test,2011-03-29,271,2,140.0,1,1,1,0.8,0.21052631578947378,0.5297263157894738,1.0000275780503896,1.048132956112132,0.7542387315145918,
single,test,2011-03-30,272,1,140.0,1,1,1,0.8,0.21052631578947378,0.5297263157894738,1.0000308207756323,1.0494845302225386,0.7349067547433503,
single,test,2011-03-30,272,2,140.0,1,1,1,0.8,0.21052631578947378,0.5297263157894738,1.0000282103933071,1.0481238053519852,0.7502044791921897,
single,test,2011-03-31,273,1,140.0,1,1,1,0.8,0.21052631578947378,0.5297263157894738,1.0000348099213494,1.0494775147436572,0.706922445853191,
single,test,2011-03-31,273,2,140.0,1,1,1,0.8,0.21052631578947378,0.5297263157894738,1.0000292075238304,1.048421526034309,0.742972405888818,
single,test,2011-04-25,298,1,140.0,1,1,1,0.8,0.21052631578947378,0.5297263157894738,1.0000388113650263,1.0494195903955301,0.6850162253078012,
single,test,2011-04-25,298,2,140.0,1,1,1,0.8,0.21052631578947378,0.5297263157894738,1.0000230784599469,1.0490254652429458,0.7823771390913395,
single,test,2011-04-26,299,1,140.0,1,1,1,0.8,0.21052631578947378,0.5297263157894738,1.0000369525510313,1.0494649136503318,0.703063419501034,
single,test,2011-04-26,299,2,140.0,1,1,1,0.8,0.21052631578947378,0.5297263157894738,1.0000220824249724,1.0487167044545427,0.7888078689119749,
single,test,2011-04-27,300,1,140.0,1,1,1,0.8,0.21052631578947378,0.5297263157894738,1.0000316341254236,1.049687085006271,0.727802177387025,
single,test,2011-04-27,300,2,140.0,1,1,1,0.8,0.21052631578947378,0.5297263157894738,1.0000200667454249,1.0485322391444518,0.8018757547658238,
single,test,2011-04-28,301,1,140.0,1,1,1,0.8,0.21052631578947378,0.5297263157894738,1.0000309566479886,1.049448973034513,0.7370956508025642,
single,test,2011-04-28,301,2,140.0,1,1,1,0.8,0.21052631578947378,0.5297263157894738,1.0000227618222164,1.0487352933819976,0.7844432392022107,
single,test,2011-04-29,302,1,140.0,1,1,1,0.8,0.21052631578947378,0.5297263157894738,1.0000349777175228,1.0494953215150726,0.715058475797641,
single,test,2011-04-29,302,2,140.0,1,1,1,0.8,0.21052631578947378,0.5297263157894738,1.0000259670012055,1.0487740496029814,0.7637146657882119,
single,test,2011-04-30,303,1,140.0,1,1,1,0.8,0.21052631578947378,0.5297263157894738,1.000033017415517,1.0494579856300936,0.735018100450667,
single,test,2011-04-30,303,2,140.0,1,1,1,0.8,0.21052631578947378,0.5297263157894738,1.0000290141451587,1.0489863808040445,0.744061794275262,
single,test,2011-05-25,328,1,140.0,1,1,1,0.8,0.21052631578947378,0.5297263157894738,1.000025549896957,1.0494479938138055,0.7665315963406383,
single,test,2011-05-25,328,2,140.0,1,1,1,0.8,0.21052631578947378,0.5297263157894738,1.0000037481528856,1.0484808548050408,0.9085591618121706,
single,test,2011-05-26,329,1,140.0,1,1,1,0.8,0.21052631578947378,0.5297263157894738,1.0000246177992969,1.0494020179800605,0.7763242578005558,
single,test,2011-05-26,329,2,140.0,1,1,1,0.8,0.21052631578947378,0.5297263157894738,1.0000133026063462,1.0487904889630875,0.8459472257412027,
single,test,2011-05-27,330,1,140.0,1,1,1,0.8,0.21052631578947378,0.5297263157894738,1.0000252236139406,1.0494666731746305,0.7754498460633319,
single,test,2011-05-27,330,2,140.0,1,1,1,0.8,0.21052631578947378,0.5297263157894738,1.0000078886429549,1.0488951495670154,0.8813585903354538,
single,test,2011-05-28,331,1,140.0,1,1,1,0.8,0.21052631578947378,0.5297263157894738,1.0000288766439935,1.0494805466557813,0.7550271377813318,
single,test,2011-05-28,331,2,140.0,1,1,1,0.8,0.21052631578947378,0.5297263157894738,1.0000130095213775,1.0484915695905592,0.8479094636591618,
single,test,2011-05-29,332,1,140.0,1,1,1,0.8,0.21052631578947378,0.5297263157894738,1.0000344422633287,1.0494405598066527,0.710124599035399,
single,test,2011-05-29,332,2,140.0,1,1,1,0.8,0.21052631578947378,0.5297263157894738,1.000016030559354,1.0486078717205078,0.8281440492903307,
single,test,2011-05-30,333,1,140.0,1,1,1,0.8,0.21052631578947378,0.5297263157894738,1.0000248011938728,1.0497883897456528,0.771901143047979,
single,test,2011-05-30,333,2,140.0,1,1,1,0.8,0.21052631578947378,0.5297263157894738,1.0000035182725404,1.048646367996081,0.9100545831321318,
single,test,2011-05-31,334,1,140.0,1,1,1,0.8,0.21052631578947378,0.5297263157894738,1.0000242707143967,1.0494684978207143,0.7748229398229847,
single,test,2011-05-31,334,2,140.0,1,1,1,0.8,0.21052631578947378,0.5297263157894738,1.0000120598029822,1.0487514724179443,0.8540795061499215,
single,test,2011-06-25,359,1,140.0,1,1,1,0.8,0.21052631578947378,0.5297263157894738,1.000015884078009,1.0493350299797777,0.8389929300045124,
single,test,2011-06-25,359,2,140.0,1,1,1,0.8,0.21052631578947378,0.5297263157894738,1.0000047624837904,1.0483992960123083,0.9018818541710135,
single,test,2011-06-26,360,1,140.0,1,1,1,0.8,0.21052631578947378,0.5297263157894738,1.000023730217294,1.0493889523288862,0.7948292826952296,
single,test,2011-06-26,360,2,140.0,1,1,1,0.8,0.21052631578947378,0.5297263157894738,1.0000097801319325,1.0485792269845116,0.8690017593433693,
single,test,2011-06-27,361,1,140.0,1,1,1,0.8,0.21052631578947378,0.5297263157894738,1.0000267461035286,1.0494093686905683,0.7631575290696055,
single,test,2011-06-27,361,2,140.0,1,1,1,0.8,0.21052631578947378,0.5297263157894738,1.000004278046023,1.048621216163893,0.905083471783134,
single,test,2011-06-28,362,1,140.0,1,1,1,0.8,0.21052631578947378,0.5297263157894738,1.0000308294906912,1.049401802915442,0.7391760240613648,
single,test,2011-06-28,362,2,140.0,1,1,1,0.8,0.21052631578947378,0.5297263157894738,1.0000010367504208,1.0482771553292216,0.9263845406600437,
single,test,2011-06-29,363,1,140.0,1,1,1,0.8,0.21052631578947378,0.5297263157894738,1.0000268095638418,1.0494447086029084,0.7617012068486146,
single,test,2011-06-29,363,2,140.0,1,1,1,0.8,0.21052631578947378,0.5297263157894738,1.0000166780715185,1.0487472690098845,0.8239282529865005,
single,test,2011-06-30,364,1,140.0,1,1,1,0.8,0.21052631578947378,0.5297263157894738,1.0000316985090385,1.0493846753728606,0.7294431119413011,
single,test,2011-06-30,364,2,140.0,1,1,1,0.8,0.21052631578947378,0.5297263157894738,1.0000126520583654,1.0488534713113142,0.8286390617484141,
full_rearm_control,test,2010-07-25,24,1,140.0,1,1,1,0.8,0.21052631578947378,0.8000000000000002,1.0000235853169477,1.0493383106423357,0.8240031117001742,
full_rearm_control,test,2010-07-25,24,2,140.0,1,1,1,0.8,0.21052631578947378,0.8000000000000002,1.0000235853169477,1.0493383106423357,0.8240031117001742,
nonreset_sequence,test,2010-07-25,24,1,140.0,1,1,1,0.8,0.21052631578947378,0.5297263157894738,1.0000254128109758,1.0493383106423357,0.7865881127466191,
nonreset_sequence,test,2010-07-25,24,2,140.0,0,1,0,0.5297263157894738,-0.05974736842105244,0.25945263157894755,1.0000254128109758,1.0493383106423357,0.7865881127466191,
