date,day_index,group,site,service_kw,certificate_feasible,e_min_kwh,e_max_kwh,cuts_checked,message,lower_kind,lower_start,lower_end,lower_charge_kwh,lower_discharge_kwh,lower_residual_at_boundary
2012-07-01,0,0,611.3,154.53125,1,542.2149122807017,inf,2352,all cumulative-window cuts are feasible,reachability_lower,0,12,0.0,325.32894736842104,0.0
2012-07-01,0,1,611.3,150.15625,1,526.8640350877192,inf,2352,all cumulative-window cuts are feasible,reachability_lower,0,12,0.0,316.1184210526316,5.684341886080802e-14
2012-07-01,0,2,611.3,156.796875,1,550.1644736842105,inf,2352,all cumulative-window cuts are feasible,reachability_lower,0,12,0.0,330.09868421052636,0.0
2012-07-01,0,3,611.3,153.4375,1,538.3771929824561,inf,2352,all cumulative-window cuts are feasible,reachability_lower,0,12,0.0,323.0263157894737,0.0
2012-07-01,0,4,611.3,156.484375,1,549.0679824561403,inf,2352,all cumulative-window cuts are feasible,reachability_lower,0,12,0.0,329.4407894736842,0.0
2012-07-01,0,5,611.3,141.09375,1,495.0657894736841,inf,2352,all cumulative-window cuts are feasible,reachability_lower,0,12,0.0,297.0394736842105,0.0
2012-07-01,0,6,611.3,159.296875,1,558.9364035087718,inf,2352,all cumulative-window cuts are feasible,reachability_lower,0,12,0.0,335.3618421052632,5.684341886080802e-14
2012-07-01,0,7,611.3,157.8125,1,553.7280701754386,inf,2352,all cumulative-window cuts are feasible,reachability_lower,0,12,0.0,332.2368421052632,0.0
2012-07-01,0,8,611.3,158.671875,1,556.7434210526316,inf,2352,all cumulative-window cuts are feasible,reachability_lower,0,12,0.0,334.04605263157896,0.0
2012-07-01,0,9,611.3,159.6875,1,560.3070175438595,inf,2352,all cumulative-window cuts are feasible,reachability_lower,0,12,0.0,336.1842105263158,5.684341886080802e-14
2012-07-02,1,0,611.3,124.53125,1,436.9517543859649,inf,2352,all cumulative-window cuts are feasible,reachability_lower,0,12,0.0,262.17105263157896,0.0
2012-07-02,1,1,611.3,144.375,1,506.57894736842104,inf,2352,all cumulative-window cuts are feasible,reachability_lower,0,12,0.0,303.94736842105266,0.0
2012-07-02,1,2,611.3,157.265625,1,551.8092105263157,inf,2352,all cumulative-window cuts are feasible,reachability_lower,0,12,0.0,331.0855263157895,0.0
2012-07-02,1,3,611.3,158.984375,1,557.8399122807017,inf,2352,all cumulative-window cuts are feasible,reachability_lower,0,12,0.0,334.70394736842104,0.0
2012-07-02,1,4,611.3,156.015625,1,547.423245614035,inf,2352,all cumulative-window cuts are feasible,reachability_lower,0,12,0.0,328.45394736842104,0.0
2012-07-02,1,5,611.3,141.5625,1,496.7105263157894,inf,2352,all cumulative-window cuts are feasible,reachability_lower,0,12,0.0,298.0263157894737,0.0
2012-07-02,1,6,611.3,159.21875,1,558.6622807017543,inf,2352,all cumulative-window cuts are feasible,reachability_lower,0,12,0.0,335.19736842105266,5.684341886080802e-14
2012-07-02,1,7,611.3,143.671875,1,504.1118421052631,inf,2352,all cumulative-window cuts are feasible,reachability_lower,0,12,0.0,302.4671052631579,0.0
2012-07-02,1,8,611.3,166.5625,1,584.4298245614035,inf,2352,all cumulative-window cuts are feasible,reachability_lower,0,12,0.0,350.65789473684214,0.0
2012-07-02,1,9,611.3,158.59375,1,556.469298245614,inf,2352,all cumulative-window cuts are feasible,reachability_lower,0,12,0.0,333.88157894736844,0.0
2012-07-03,2,0,611.3,130.15625,1,456.68859649122805,inf,2352,all cumulative-window cuts are feasible,reachability_lower,0,12,0.0,274.0131578947369,0.0
2012-07-03,2,1,611.3,159.21875,1,558.6622807017543,inf,2352,all cumulative-window cuts are feasible,reachability_lower,0,12,0.0,335.19736842105266,5.684341886080802e-14
2012-07-03,2,2,611.3,110.625,1,388.157894736842,inf,2352,all cumulative-window cuts are feasible,reachability_lower,0,12,0.0,232.89473684210526,0.0
2012-07-03,2,3,611.3,141.796875,1,497.532894736842,inf,2352,all cumulative-window cuts are feasible,reachability_lower,0,12,0.0,298.51973684210526,0.0
2012-07-03,2,4,611.3,157.890625,1,554.0021929824561,inf,2352,all cumulative-window cuts are feasible,reachability_lower,0,12,0.0,332.4013157894737,0.0
2012-07-03,2,5,611.3,151.328125,1,530.9758771929824,inf,2352,all cumulative-window cuts are feasible,reachability_lower,0,12,0.0,318.5855263157895,0.0
2012-07-03,2,6,611.3,149.53125,1,524.671052631579,inf,2352,all cumulative-window cuts are feasible,reachability_lower,0,12,0.0,314.8026315789474,0.0
2012-07-03,2,7,611.3,160.3125,1,562.4999999999999,inf,2352,all cumulative-window cuts are feasible,reachability_lower,0,12,0.0,337.5,0.0
2012-07-03,2,8,611.3,126.796875,1,444.90131578947364,inf,2352,all cumulative-window cuts are feasible,reachability_lower,0,12,0.0,266.9407894736842,0.0
2012-07-03,2,9,611.3,135.703125,1,476.15131578947364,inf,2352,all cumulative-window cuts are feasible,reachability_lower,0,12,0.0,285.6907894736842,0.0
2012-07-04,3,0,611.3,154.6875,1,542.7631578947368,inf,2352,all cumulative-window cuts are feasible,reachability_lower,0,12,0.0,325.65789473684214,5.684341886080802e-14
2012-07-04,3,1,611.3,157.109375,1,551.2609649122807,inf,2352,all cumulative-window cuts are feasible,reachability_lower,0,12,0.0,330.75657894736844,0.0
2012-07-04,3,2,611.3,130.859375,1,459.155701754386,inf,2352,all cumulative-window cuts are feasible,reachability_lower,0,12,0.0,275.4934210526316,0.0
2012-07-04,3,3,611.3,157.890625,1,554.0021929824561,inf,2352,all cumulative-window cuts are feasible,reachability_lower,0,12,0.0,332.4013157894737,0.0
2012-07-04,3,4,611.3,157.65625,1,553.1798245614035,inf,2352,all cumulative-window cuts are feasible,reachability_lower,0,12,0.0,331.90789473684214,0.0
2012-07-04,3,5,611.3,157.890625,1,554.0021929824561,inf,2352,all cumulative-window cuts are feasible,reachability_lower,0,12,0.0,332.4013157894737,0.0
2012-07-04,3,6,611.3,161.015625,1,564.9671052631578,inf,2352,all cumulative-window cuts are feasible,reachability_lower,0,12,0.0,338.98026315789474,0.0
2012-07-04,3,7,611.3,160.78125,1,564.1447368421052,inf,2352,all cumulative-window cuts are feasible,reachability_lower,0,12,0.0,338.4868421052632,0.0
2012-07-04,3,8,611.3,156.09375,1,547.6973684210526,inf,2352,all cumulative-window cuts are feasible,reachability_lower,0,12,0.0,328.6184210526316,0.0
2012-07-04,3,9,611.3,147.34375,1,516.9956140350877,inf,2352,all cumulative-window cuts are feasible,reachability_lower,0,12,0.0,310.19736842105266,0.0
2012-07-05,4,0,611.3,157.734375,1,553.453947368421,inf,2352,all cumulative-window cuts are feasible,reachability_lower,0,12,0.0,332.07236842105266,0.0
2012-07-05,4,1,611.3,162.03125,1,568.530701754386,inf,2352,all cumulative-window cuts are feasible,reachability_lower,0,12,0.0,341.1184210526316,0.0
2012-07-05,4,2,611.3,146.171875,1,512.8837719298244,inf,2352,all cumulative-window cuts are feasible,reachability_lower,0,12,0.0,307.73026315789474,5.684341886080802e-14
2012-07-05,4,3,611.3,155.9375,1,547.1491228070174,inf,2352,all cumulative-window cuts are feasible,reachability_lower,0,12,0.0,328.2894736842105,0.0
2012-07-05,4,4,611.3,157.5,1,552.6315789473683,inf,2352,all cumulative-window cuts are feasible,reachability_lower,0,12,0.0,331.57894736842104,0.0
2012-07-05,4,5,611.3,143.828125,1,504.6600877192982,inf,2352,all cumulative-window cuts are feasible,reachability_lower,0,12,0.0,302.79605263157896,0.0
2012-07-05,4,6,611.3,151.328125,1,530.9758771929824,inf,2352,all cumulative-window cuts are feasible,reachability_lower,0,12,0.0,318.5855263157895,0.0
2012-07-05,4,7,611.3,162.96875,1,571.8201754385965,inf,2352,all cumulative-window cuts are feasible,reachability_lower,0,12,0.0,343.0921052631579,0.0
2012-07-05,4,8,611.3,158.4375,1,555.921052631579,inf,2352,all cumulative-window cuts are feasible,reachability_lower,0,12,0.0,333.5526315789474,0.0
2012-07-05,4,9,611.3,159.53125,1,559.7587719298244,inf,2352,all cumulative-window cuts are feasible,reachability_lower,0,12,0.0,335.85526315789474,5.684341886080802e-14
2012-07-06,5,0,611.3,157.1875,1,551.5350877192982,inf,2352,all cumulative-window cuts are feasible,reachability_lower,0,12,0.0,330.92105263157896,0.0
2012-07-06,5,1,611.3,159.921875,1,561.1293859649122,inf,2352,all cumulative-window cuts are feasible,reachability_lower,0,12,0.0,336.6776315789474,0.0
2012-07-06,5,2,611.3,158.515625,1,556.1951754385965,inf,2352,all cumulative-window cuts are feasible,reachability_lower,0,12,0.0,333.7171052631579,0.0
2012-07-06,5,3,611.3,158.515625,1,556.1951754385965,inf,2352,all cumulative-window cuts are feasible,reachability_lower,0,12,0.0,333.7171052631579,0.0
2012-07-06,5,4,611.3,156.25,1,548.2456140350877,inf,2352,all cumulative-window cuts are feasible,reachability_lower,0,12,0.0,328.94736842105266,0.0
2012-07-06,5,5,611.3,153.046875,1,537.0065789473683,inf,2352,all cumulative-window cuts are feasible,reachability_lower,0,12,0.0,322.20394736842104,0.0
2012-07-06,5,6,611.3,160.15625,1,561.9517543859648,inf,2352,all cumulative-window cuts are feasible,reachability_lower,0,12,0.0,337.17105263157896,0.0
2012-07-06,5,7,611.3,163.046875,1,572.094298245614,inf,2352,all cumulative-window cuts are feasible,reachability_lower,0,12,0.0,343.25657894736844,0.0
2012-07-06,5,8,611.3,159.53125,1,559.7587719298244,inf,2352,all cumulative-window cuts are feasible,reachability_lower,0,12,0.0,335.85526315789474,5.684341886080802e-14
2012-07-06,5,9,611.3,145.859375,1,511.78728070175436,inf,2352,all cumulative-window cuts are feasible,reachability_lower,0,12,0.0,307.07236842105266,0.0
2012-07-07,6,0,611.3,153.515625,1,538.6513157894736,inf,2352,all cumulative-window cuts are feasible,reachability_lower,0,12,0.0,323.1907894736842,0.0
2012-07-07,6,1,611.3,159.0625,1,558.1140350877192,inf,2352,all cumulative-window cuts are feasible,reachability_lower,0,12,0.0,334.8684210526316,5.684341886080802e-14
2012-07-07,6,2,611.3,157.03125,1,550.9868421052631,inf,2352,all cumulative-window cuts are feasible,reachability_lower,0,12,0.0,330.5921052631579,0.0
2012-07-07,6,3,611.3,156.09375,1,547.6973684210526,inf,2352,all cumulative-window cuts are feasible,reachability_lower,0,12,0.0,328.6184210526316,0.0
2012-07-07,6,4,611.3,156.484375,1,549.0679824561403,inf,2352,all cumulative-window cuts are feasible,reachability_lower,0,12,0.0,329.4407894736842,0.0
2012-07-07,6,5,611.3,142.109375,1,498.6293859649123,inf,2352,all cumulative-window cuts are feasible,reachability_lower,0,12,0.0,299.1776315789474,0.0
2012-07-07,6,6,611.3,159.609375,1,560.032894736842,inf,2352,all cumulative-window cuts are feasible,reachability_lower,0,12,0.0,336.01973684210526,5.684341886080802e-14
2012-07-07,6,7,611.3,163.203125,1,572.6425438596491,inf,2352,all cumulative-window cuts are feasible,reachability_lower,0,12,0.0,343.5855263157895,0.0
2012-07-07,6,8,611.3,158.984375,1,557.8399122807017,inf,2352,all cumulative-window cuts are feasible,reachability_lower,0,12,0.0,334.70394736842104,0.0
2012-07-07,6,9,611.3,148.28125,1,520.2850877192982,inf,2352,all cumulative-window cuts are feasible,reachability_lower,0,12,0.0,312.17105263157896,0.0
2012-07-08,7,0,611.3,106.5625,1,373.9035087719298,inf,2352,all cumulative-window cuts are feasible,reachability_lower,0,12,0.0,224.34210526315792,0.0
2012-07-08,7,1,611.3,120.234375,1,421.87499999999994,inf,2352,all cumulative-window cuts are feasible,reachability_lower,0,12,0.0,253.125,0.0
2012-07-08,7,2,611.3,156.71875,1,549.8903508771929,inf,2352,all cumulative-window cuts are feasible,reachability_lower,0,12,0.0,329.9342105263158,0.0
2012-07-08,7,3,611.3,139.765625,1,490.405701754386,inf,2352,all cumulative-window cuts are feasible,reachability_lower,0,12,0.0,294.2434210526316,0.0
2012-07-08,7,4,611.3,146.015625,1,512.3355263157894,inf,2352,all cumulative-window cuts are feasible,reachability_lower,0,12,0.0,307.4013157894737,5.684341886080802e-14
2012-07-08,7,5,611.3,150.859375,1,529.3311403508771,inf,2352,all cumulative-window cuts are feasible,reachability_lower,0,12,0.0,317.59868421052636,0.0
2012-07-08,7,6,611.3,148.671875,1,521.655701754386,inf,2352,all cumulative-window cuts are feasible,reachability_lower,0,12,0.0,312.9934210526316,0.0
2012-07-08,7,7,611.3,159.53125,1,559.7587719298244,inf,2352,all cumulative-window cuts are feasible,reachability_lower,0,12,0.0,335.85526315789474,5.684341886080802e-14
2012-07-08,7,8,611.3,157.8125,1,553.7280701754386,inf,2352,all cumulative-window cuts are feasible,reachability_lower,0,12,0.0,332.2368421052632,0.0
2012-07-08,7,9,611.3,150.625,1,528.5087719298244,inf,2352,all cumulative-window cuts are feasible,reachability_lower,0,12,0.0,317.10526315789474,5.684341886080802e-14
2012-07-09,8,0,611.3,146.5625,1,514.2543859649122,inf,2352,all cumulative-window cuts are feasible,reachability_lower,0,12,0.0,308.5526315789474,0.0
2012-07-09,8,1,611.3,145.703125,1,511.2390350877193,inf,2352,all cumulative-window cuts are feasible,reachability_lower,0,12,0.0,306.7434210526316,0.0
2012-07-09,8,2,611.3,149.21875,1,523.5745614035087,inf,2352,all cumulative-window cuts are feasible,reachability_lower,0,12,0.0,314.14473684210526,0.0
2012-07-09,8,3,611.3,153.59375,1,538.9254385964912,inf,2352,all cumulative-window cuts are feasible,reachability_lower,0,12,0.0,323.35526315789474,0.0
2012-07-09,8,4,611.3,146.953125,1,515.6249999999999,inf,2352,all cumulative-window cuts are feasible,reachability_lower,0,12,0.0,309.375,0.0
2012-07-09,8,5,611.3,134.0625,1,470.3947368421052,inf,2352,all cumulative-window cuts are feasible,reachability_lower,0,12,0.0,282.2368421052632,0.0
2012-07-09,8,6,611.3,133.4375,1,468.2017543859649,inf,2352,all cumulative-window cuts are feasible,reachability_lower,0,12,0.0,280.92105263157896,0.0
2012-07-09,8,7,611.3,158.125,1,554.8245614035087,inf,2352,all cumulative-window cuts are feasible,reachability_lower,0,12,0.0,332.89473684210526,0.0
2012-07-09,8,8,611.3,149.921875,1,526.0416666666666,inf,2352,all cumulative-window cuts are feasible,reachability_lower,0,12,0.0,315.625,0.0
2012-07-09,8,9,611.3,122.34375,1,429.27631578947364,inf,2352,all cumulative-window cuts are feasible,reachability_lower,0,12,0.0,257.5657894736842,0.0
2012-07-10,9,0,611.3,154.84375,1,543.3114035087718,inf,2352,all cumulative-window cuts are feasible,reachability_lower,0,12,0.0,325.9868421052632,5.684341886080802e-14
2012-07-10,9,1,611.3,157.421875,1,552.3574561403508,inf,2352,all cumulative-window cuts are feasible,reachability_lower,0,12,0.0,331.4144736842105,0.0
2012-07-10,9,2,611.3,133.59375,1,468.74999999999994,inf,2352,all cumulative-window cuts are feasible,reachability_lower,0,12,0.0,281.25,0.0
2012-07-10,9,3,611.3,156.875,1,550.438596491228,inf,2352,all cumulative-window cuts are feasible,reachability_lower,0,12,0.0,330.2631578947369,0.0
2012-07-10,9,4,611.3,145.703125,1,511.2390350877193,inf,2352,all cumulative-window cuts are feasible,reachability_lower,0,12,0.0,306.7434210526316,0.0
2012-07-10,9,5,611.3,133.203125,1,467.3793859649123,inf,2352,all cumulative-window cuts are feasible,reachability_lower,0,12,0.0,280.4276315789474,0.0
2012-07-10,9,6,611.3,160.3125,1,562.4999999999999,inf,2352,all cumulative-window cuts are feasible,reachability_lower,0,12,0.0,337.5,0.0
2012-07-10,9,7,611.3,158.59375,1,556.469298245614,inf,2352,all cumulative-window cuts are feasible,reachability_lower,0,12,0.0,333.88157894736844,0.0
2012-07-10,9,8,611.3,156.875,1,550.438596491228,inf,2352,all cumulative-window cuts are feasible,reachability_lower,0,12,0.0,330.2631578947369,0.0
2012-07-10,9,9,611.3,149.453125,1,524.3969298245614,inf,2352,all cumulative-window cuts are feasible,reachability_lower,0,12,0.0,314.6381578947369,0.0
2012-07-11,10,0,611.3,112.578125,1,395.01096491228066,inf,2352,all cumulative-window cuts are feasible,reachability_lower,0,12,0.0,237.00657894736844,0.0
2012-07-11,10,1,611.3,156.796875,1,550.1644736842105,inf,2352,all cumulative-window cuts are feasible,reachability_lower,0,12,0.0,330.09868421052636,0.0
2012-07-11,10,2,611.3,113.359375,1,397.7521929824561,inf,2352,all cumulative-window cuts are feasible,reachability_lower,0,12,0.0,238.6513157894737,0.0
2012-07-11,10,3,611.3,136.328125,1,478.34429824561397,inf,2352,all cumulative-window cuts are feasible,reachability_lower,0,12,0.0,287.00657894736844,0.0
2012-07-11,10,4,611.3,137.03125,1,480.8114035087719,inf,2352,all cumulative-window cuts are feasible,reachability_lower,0,12,0.0,288.4868421052632,0.0
2012-07-11,10,5,611.3,94.765625,1,332.51096491228066,inf,2352,all cumulative-window cuts are feasible,reachability_lower,0,12,0.0,199.50657894736844,2.842170943040401e-14
2012-07-11,10,6,611.3,130.390625,1,457.51096491228066,inf,2352,all cumulative-window cuts are feasible,reachability_lower,0,12,0.0,274.50657894736844,0.0
2012-07-11,10,7,611.3,132.65625,1,465.4605263157894,inf,2352,all cumulative-window cuts are feasible,reachability_lower,0,12,0.0,279.2763157894737,0.0
2012-07-11,10,8,611.3,128.28125,1,450.10964912280696,inf,2352,all cumulative-window cuts are feasible,reachability_lower,0,12,0.0,270.0657894736842,0.0
2012-07-11,10,9,611.3,129.0625,1,452.8508771929824,inf,2352,all cumulative-window cuts are feasible,reachability_lower,0,12,0.0,271.7105263157895,0.0
2012-07-12,11,0,611.3,158.203125,1,555.0986842105262,inf,2352,all cumulative-window cuts are feasible,reachability_lower,0,12,0.0,333.0592105263158,0.0
2012-07-12,11,1,611.3,156.09375,1,547.6973684210526,inf,2352,all cumulative-window cuts are feasible,reachability_lower,0,12,0.0,328.6184210526316,0.0
2012-07-12,11,2,611.3,157.890625,1,554.0021929824561,inf,2352,all cumulative-window cuts are feasible,reachability_lower,0,12,0.0,332.4013157894737,0.0
2012-07-12,11,3,611.3,158.046875,1,554.5504385964912,inf,2352,all cumulative-window cuts are feasible,reachability_lower,0,12,0.0,332.73026315789474,0.0
2012-07-12,11,4,611.3,156.484375,1,549.0679824561403,inf,2352,all cumulative-window cuts are feasible,reachability_lower,0,12,0.0,329.4407894736842,0.0
2012-07-12,11,5,611.3,159.296875,1,558.9364035087718,inf,2352,all cumulative-window cuts are feasible,reachability_lower,0,12,0.0,335.3618421052632,5.684341886080802e-14
2012-07-12,11,6,611.3,158.984375,1,557.8399122807017,inf,2352,all cumulative-window cuts are feasible,reachability_lower,0,12,0.0,334.70394736842104,0.0
2012-07-12,11,7,611.3,157.578125,1,552.905701754386,inf,2352,all cumulative-window cuts are feasible,reachability_lower,0,12,0.0,331.7434210526316,0.0
2012-07-12,11,8,611.3,157.5,1,552.6315789473683,inf,2352,all cumulative-window cuts are feasible,reachability_lower,0,12,0.0,331.57894736842104,0.0
2012-07-12,11,9,611.3,156.796875,1,550.1644736842105,inf,2352,all cumulative-window cuts are feasible,reachability_lower,0,12,0.0,330.09868421052636,0.0
2012-07-13,12,0,611.3,157.109375,1,551.2609649122807,inf,2352,all cumulative-window cuts are feasible,reachability_lower,0,12,0.0,330.75657894736844,0.0
2012-07-13,12,1,611.3,142.96875,1,501.6447368421052,inf,2352,all cumulative-window cuts are feasible,reachability_lower,0,12,0.0,300.9868421052632,0.0
2012-07-13,12,2,611.3,161.015625,1,564.9671052631578,inf,2352,all cumulative-window cuts are feasible,reachability_lower,0,12,0.0,338.98026315789474,0.0
2012-07-13,12,3,611.3,154.84375,1,543.3114035087718,inf,2352,all cumulative-window cuts are feasible,reachability_lower,0,12,0.0,325.9868421052632,5.684341886080802e-14
2012-07-13,12,4,611.3,136.09375,1,477.52192982456137,inf,2352,all cumulative-window cuts are feasible,reachability_lower,0,12,0.0,286.5131578947369,0.0
2012-07-13,12,5,611.3,134.375,1,471.49122807017534,inf,2352,all cumulative-window cuts are feasible,reachability_lower,0,12,0.0,282.89473684210526,0.0
2012-07-13,12,6,611.3,170.078125,1,596.7653508771929,inf,2352,all cumulative-window cuts are feasible,reachability_lower,0,12,0.0,358.0592105263158,0.0
2012-07-13,12,7,611.3,158.125,1,554.8245614035087,inf,2352,all cumulative-window cuts are feasible,reachability_lower,0,12,0.0,332.89473684210526,0.0
2012-07-13,12,8,611.3,157.34375,1,552.0833333333333,inf,2352,all cumulative-window cuts are feasible,reachability_lower,0,12,0.0,331.25,0.0
2012-07-13,12,9,611.3,129.0625,1,452.8508771929824,inf,2352,all cumulative-window cuts are feasible,reachability_lower,0,12,0.0,271.7105263157895,0.0
2012-07-14,13,0,611.3,118.828125,1,416.94078947368416,inf,2352,all cumulative-window cuts are feasible,reachability_lower,0,12,0.0,250.16447368421055,0.0
2012-07-14,13,1,611.3,132.96875,1,466.55701754385956,inf,2352,all cumulative-window cuts are feasible,reachability_lower,0,12,0.0,279.9342105263158,0.0
2012-07-14,13,2,611.3,138.671875,1,486.56798245614027,inf,2352,all cumulative-window cuts are feasible,reachability_lower,0,12,0.0,291.9407894736842,0.0
2012-07-14,13,3,611.3,160.390625,1,562.7741228070174,inf,2352,all cumulative-window cuts are feasible,reachability_lower,0,12,0.0,337.6644736842105,0.0
2012-07-14,13,4,611.3,148.125,1,519.7368421052631,inf,2352,all cumulative-window cuts are feasible,reachability_lower,0,12,0.0,311.8421052631579,0.0
2012-07-14,13,5,611.3,123.203125,1,432.29166666666663,inf,2352,all cumulative-window cuts are feasible,reachability_lower,0,12,0.0,259.375,0.0
2012-07-14,13,6,611.3,159.296875,1,558.9364035087718,inf,2352,all cumulative-window cuts are feasible,reachability_lower,0,12,0.0,335.3618421052632,5.684341886080802e-14
2012-07-14,13,7,611.3,133.4375,1,468.2017543859649,inf,2352,all cumulative-window cuts are feasible,reachability_lower,0,12,0.0,280.92105263157896,0.0
2012-07-14,13,8,611.3,130.3125,1,457.2368421052631,inf,2352,all cumulative-window cuts are feasible,reachability_lower,0,12,0.0,274.3421052631579,0.0
2012-07-14,13,9,611.3,134.53125,1,472.0394736842104,inf,2352,all cumulative-window cuts are feasible,reachability_lower,0,12,0.0,283.2236842105263,0.0
2012-07-15,14,0,611.3,118.90625,1,417.2149122807017,inf,2352,all cumulative-window cuts are feasible,reachability_lower,0,12,0.0,250.32894736842107,0.0
2012-07-15,14,1,611.3,139.6875,1,490.1315789473683,inf,2352,all cumulative-window cuts are feasible,reachability_lower,0,12,0.0,294.07894736842104,0.0
2012-07-15,14,2,611.3,119.453125,1,419.1337719298245,inf,2352,all cumulative-window cuts are feasible,reachability_lower,0,12,0.0,251.48026315789474,0.0
2012-07-15,14,3,611.3,130.859375,1,459.155701754386,inf,2352,all cumulative-window cuts are feasible,reachability_lower,0,12,0.0,275.4934210526316,0.0
2012-07-15,14,4,611.3,148.515625,1,521.1074561403508,inf,2352,all cumulative-window cuts are feasible,reachability_lower,0,12,0.0,312.6644736842105,0.0
2012-07-15,14,5,611.3,101.015625,1,354.4407894736842,inf,2352,all cumulative-window cuts are feasible,reachability_lower,0,12,0.0,212.66447368421055,-2.842170943040401e-14
2012-07-15,14,6,611.3,147.578125,1,517.8179824561403,inf,2352,all cumulative-window cuts are feasible,reachability_lower,0,12,0.0,310.6907894736842,0.0
2012-07-15,14,7,611.3,158.75,1,557.0175438596491,inf,2352,all cumulative-window cuts are feasible,reachability_lower,0,12,0.0,334.2105263157895,0.0
2012-07-15,14,8,611.3,136.171875,1,477.7960526315789,inf,2352,all cumulative-window cuts are feasible,reachability_lower,0,12,0.0,286.6776315789474,0.0
2012-07-15,14,9,611.3,135.78125,1,476.4254385964912,inf,2352,all cumulative-window cuts are feasible,reachability_lower,0,12,0.0,285.85526315789474,0.0
2012-07-16,15,0,611.3,122.65625,1,430.3728070175438,inf,2352,all cumulative-window cuts are feasible,reachability_lower,0,12,0.0,258.2236842105263,0.0
2012-07-16,15,1,611.3,138.984375,1,487.6644736842105,inf,2352,all cumulative-window cuts are feasible,reachability_lower,0,12,0.0,292.59868421052636,0.0
2012-07-16,15,2,611.3,119.0625,1,417.76315789473676,inf,2352,all cumulative-window cuts are feasible,reachability_lower,0,12,0.0,250.6578947368421,0.0
2012-07-16,15,3,611.3,124.6875,1,437.49999999999994,inf,2352,all cumulative-window cuts are feasible,reachability_lower,0,12,0.0,262.5,0.0
2012-07-16,15,4,611.3,136.25,1,478.07017543859644,inf,2352,all cumulative-window cuts are feasible,reachability_lower,0,12,0.0,286.8421052631579,0.0
2012-07-16,15,5,611.3,124.375,1,436.4035087719298,inf,2352,all cumulative-window cuts are feasible,reachability_lower,0,12,0.0,261.8421052631579,0.0
2012-07-16,15,6,611.3,155.78125,1,546.6008771929824,inf,2352,all cumulative-window cuts are feasible,reachability_lower,0,12,0.0,327.9605263157895,0.0
2012-07-16,15,7,611.3,127.890625,1,448.7390350877193,inf,2352,all cumulative-window cuts are feasible,reachability_lower,0,12,0.0,269.2434210526316,0.0
2012-07-16,15,8,611.3,116.328125,1,408.1688596491228,inf,2352,all cumulative-window cuts are feasible,reachability_lower,0,12,0.0,244.9013157894737,0.0
2012-07-16,15,9,611.3,143.28125,1,502.74122807017534,inf,2352,all cumulative-window cuts are feasible,reachability_lower,0,12,0.0,301.64473684210526,0.0
2012-07-17,16,0,611.3,115.3125,1,404.6052631578947,inf,2352,all cumulative-window cuts are feasible,reachability_lower,0,12,0.0,242.76315789473685,0.0
2012-07-17,16,1,611.3,105.546875,1,370.33991228070175,inf,2352,all cumulative-window cuts are feasible,reachability_lower,0,12,0.0,222.20394736842107,-2.842170943040401e-14
2012-07-17,16,2,611.3,123.4375,1,433.1140350877193,inf,2352,all cumulative-window cuts are feasible,reachability_lower,0,12,0.0,259.8684210526316,0.0
2012-07-17,16,3,611.3,109.6875,1,384.86842105263156,inf,2352,all cumulative-window cuts are feasible,reachability_lower,0,12,0.0,230.92105263157896,0.0
2012-07-17,16,4,611.3,117.34375,1,411.73245614035085,inf,2352,all cumulative-window cuts are feasible,reachability_lower,0,12,0.0,247.03947368421055,0.0
2012-07-17,16,5,611.3,84.765625,1,297.42324561403507,inf,2352,all cumulative-window cuts are feasible,reachability_lower,0,12,0.0,178.45394736842107,0.0
2012-07-17,16,6,611.3,125.390625,1,439.96710526315786,inf,2352,all cumulative-window cuts are feasible,reachability_lower,0,12,0.0,263.98026315789474,0.0
2012-07-17,16,7,611.3,143.90625,1,504.9342105263157,inf,2352,all cumulative-window cuts are feasible,reachability_lower,0,12,0.0,302.9605263157895,0.0
2012-07-17,16,8,611.3,118.4375,1,415.5701754385965,inf,2352,all cumulative-window cuts are feasible,reachability_lower,0,12,0.0,249.34210526315792,0.0
2012-07-17,16,9,611.3,116.171875,1,407.62061403508767,inf,2352,all cumulative-window cuts are feasible,reachability_lower,0,12,0.0,244.57236842105263,0.0
2012-07-18,17,0,611.3,115.234375,1,404.33114035087715,inf,2352,all cumulative-window cuts are feasible,reachability_lower,0,12,0.0,242.59868421052633,0.0
2012-07-18,17,1,611.3,117.1875,1,411.1842105263157,inf,2352,all cumulative-window cuts are feasible,reachability_lower,0,12,0.0,246.71052631578948,0.0
2012-07-18,17,2,611.3,129.921875,1,455.86622807017534,inf,2352,all cumulative-window cuts are feasible,reachability_lower,0,12,0.0,273.51973684210526,0.0
2012-07-18,17,3,611.3,116.953125,1,410.3618421052631,inf,2352,all cumulative-window cuts are feasible,reachability_lower,0,12,0.0,246.21710526315792,0.0
2012-07-18,17,4,611.3,118.59375,1,416.11842105263156,inf,2352,all cumulative-window cuts are feasible,reachability_lower,0,12,0.0,249.67105263157896,-2.842170943040401e-14
2012-07-18,17,5,611.3,99.453125,1,348.95833333333326,inf,2352,all cumulative-window cuts are feasible,reachability_lower,0,12,0.0,209.375,2.842170943040401e-14
2012-07-18,17,6,611.3,143.984375,1,505.20833333333326,inf,2352,all cumulative-window cuts are feasible,reachability_lower,0,12,0.0,303.125,0.0
2012-07-18,17,7,611.3,159.375,1,559.2105263157894,inf,2352,all cumulative-window cuts are feasible,reachability_lower,0,12,0.0,335.5263157894737,5.684341886080802e-14
2012-07-18,17,8,611.3,114.453125,1,401.5899122807017,inf,2352,all cumulative-window cuts are feasible,reachability_lower,0,12,0.0,240.95394736842107,2.842170943040401e-14
2012-07-18,17,9,611.3,156.015625,1,547.423245614035,inf,2352,all cumulative-window cuts are feasible,reachability_lower,0,12,0.0,328.45394736842104,0.0
2012-07-19,18,0,611.3,160.078125,1,561.6776315789473,inf,2352,all cumulative-window cuts are feasible,reachability_lower,0,12,0.0,337.00657894736844,0.0
2012-07-19,18,1,611.3,148.984375,1,522.7521929824561,inf,2352,all cumulative-window cuts are feasible,reachability_lower,0,12,0.0,313.6513157894737,0.0
2012-07-19,18,2,611.3,143.828125,1,504.6600877192982,inf,2352,all cumulative-window cuts are feasible,reachability_lower,0,12,0.0,302.79605263157896,0.0
2012-07-19,18,3,611.3,159.53125,1,559.7587719298244,inf,2352,all cumulative-window cuts are feasible,reachability_lower,0,12,0.0,335.85526315789474,5.684341886080802e-14
2012-07-19,18,4,611.3,157.34375,1,552.0833333333333,inf,2352,all cumulative-window cuts are feasible,reachability_lower,0,12,0.0,331.25,0.0
2012-07-19,18,5,611.3,153.28125,1,537.828947368421,inf,2352,all cumulative-window cuts are feasible,reachability_lower,0,12,0.0,322.69736842105266,0.0
2012-07-19,18,6,611.3,169.6875,1,595.3947368421052,inf,2352,all cumulative-window cuts are feasible,reachability_lower,0,12,0.0,357.2368421052632,0.0
2012-07-19,18,7,611.3,159.609375,1,560.032894736842,inf,2352,all cumulative-window cuts are feasible,reachability_lower,0,12,0.0,336.01973684210526,5.684341886080802e-14
2012-07-19,18,8,611.3,159.765625,1,560.5811403508771,inf,2352,all cumulative-window cuts are feasible,reachability_lower,0,12,0.0,336.34868421052636,0.0
2012-07-19,18,9,611.3,156.328125,1,548.5197368421052,inf,2352,all cumulative-window cuts are feasible,reachability_lower,0,12,0.0,329.1118421052632,0.0
2012-07-20,19,0,611.3,126.015625,1,442.1600877192982,inf,2352,all cumulative-window cuts are feasible,reachability_lower,0,12,0.0,265.29605263157896,0.0
2012-07-20,19,1,611.3,142.34375,1,499.4517543859649,inf,2352,all cumulative-window cuts are feasible,reachability_lower,0,12,0.0,299.67105263157896,0.0
2012-07-20,19,2,611.3,115.859375,1,406.52412280701753,inf,2352,all cumulative-window cuts are feasible,reachability_lower,0,12,0.0,243.91447368421055,0.0
2012-07-20,19,3,611.3,154.140625,1,540.844298245614,inf,2352,all cumulative-window cuts are feasible,reachability_lower,0,12,0.0,324.50657894736844,0.0
2012-07-20,19,4,611.3,157.265625,1,551.8092105263157,inf,2352,all cumulative-window cuts are feasible,reachability_lower,0,12,0.0,331.0855263157895,0.0
2012-07-20,19,5,611.3,111.328125,1,390.62499999999994,inf,2352,all cumulative-window cuts are feasible,reachability_lower,0,12,0.0,234.375,0.0
2012-07-20,19,6,611.3,141.40625,1,496.16228070175436,inf,2352,all cumulative-window cuts are feasible,reachability_lower,0,12,0.0,297.69736842105266,0.0
2012-07-20,19,7,611.3,136.25,1,478.07017543859644,inf,2352,all cumulative-window cuts are feasible,reachability_lower,0,12,0.0,286.8421052631579,0.0
2012-07-20,19,8,611.3,126.640625,1,444.3530701754386,inf,2352,all cumulative-window cuts are feasible,reachability_lower,0,12,0.0,266.6118421052632,0.0
2012-07-20,19,9,611.3,155.390625,1,545.2302631578947,inf,2352,all cumulative-window cuts are feasible,reachability_lower,0,12,0.0,327.1381578947369,0.0
2012-07-21,20,0,611.3,156.5625,1,549.3421052631578,inf,2352,all cumulative-window cuts are feasible,reachability_lower,0,12,0.0,329.60526315789474,0.0
2012-07-21,20,1,611.3,148.046875,1,519.4627192982456,inf,2352,all cumulative-window cuts are feasible,reachability_lower,0,12,0.0,311.6776315789474,0.0
2012-07-21,20,2,611.3,159.921875,1,561.1293859649122,inf,2352,all cumulative-window cuts are feasible,reachability_lower,0,12,0.0,336.6776315789474,0.0
2012-07-21,20,3,611.3,139.609375,1,489.8574561403508,inf,2352,all cumulative-window cuts are feasible,reachability_lower,0,12,0.0,293.9144736842105,0.0
2012-07-21,20,4,611.3,157.34375,1,552.0833333333333,inf,2352,all cumulative-window cuts are feasible,reachability_lower,0,12,0.0,331.25,0.0
2012-07-21,20,5,611.3,157.421875,1,552.3574561403508,inf,2352,all cumulative-window cuts are feasible,reachability_lower,0,12,0.0,331.4144736842105,0.0
2012-07-21,20,6,611.3,167.96875,1,589.3640350877192,inf,2352,all cumulative-window cuts are feasible,reachability_lower,0,12,0.0,353.6184210526316,0.0
2012-07-21,20,7,611.3,159.140625,1,558.3881578947368,inf,2352,all cumulative-window cuts are feasible,reachability_lower,0,12,0.0,335.03289473684214,5.684341886080802e-14
2012-07-21,20,8,611.3,157.34375,1,552.0833333333333,inf,2352,all cumulative-window cuts are feasible,reachability_lower,0,12,0.0,331.25,0.0
2012-07-21,20,9,611.3,158.125,1,554.8245614035087,inf,2352,all cumulative-window cuts are feasible,reachability_lower,0,12,0.0,332.89473684210526,0.0
2012-07-22,21,0,611.3,158.671875,1,556.7434210526316,inf,2352,all cumulative-window cuts are feasible,reachability_lower,0,12,0.0,334.04605263157896,0.0
2012-07-22,21,1,611.3,158.90625,1,557.5657894736842,inf,2352,all cumulative-window cuts are feasible,reachability_lower,0,12,0.0,334.5394736842105,0.0
2012-07-22,21,2,611.3,157.265625,1,551.8092105263157,inf,2352,all cumulative-window cuts are feasible,reachability_lower,0,12,0.0,331.0855263157895,0.0
2012-07-22,21,3,611.3,140.0,1,491.2280701754386,inf,2352,all cumulative-window cuts are feasible,reachability_lower,0,12,0.0,294.7368421052632,0.0
2012-07-22,21,4,611.3,156.484375,1,549.0679824561403,inf,2352,all cumulative-window cuts are feasible,reachability_lower,0,12,0.0,329.4407894736842,0.0
2012-07-22,21,5,611.3,156.71875,1,549.8903508771929,inf,2352,all cumulative-window cuts are feasible,reachability_lower,0,12,0.0,329.9342105263158,0.0
2012-07-22,21,6,611.3,157.109375,1,551.2609649122807,inf,2352,all cumulative-window cuts are feasible,reachability_lower,0,12,0.0,330.75657894736844,0.0
2012-07-22,21,7,611.3,161.953125,1,568.2565789473683,inf,2352,all cumulative-window cuts are feasible,reachability_lower,0,12,0.0,340.95394736842104,0.0
2012-07-22,21,8,611.3,160.546875,1,563.3223684210526,inf,2352,all cumulative-window cuts are feasible,reachability_lower,0,12,0.0,337.9934210526316,0.0
2012-07-22,21,9,611.3,159.140625,1,558.3881578947368,inf,2352,all cumulative-window cuts are feasible,reachability_lower,0,12,0.0,335.03289473684214,5.684341886080802e-14
2012-07-23,22,0,611.3,158.046875,1,554.5504385964912,inf,2352,all cumulative-window cuts are feasible,reachability_lower,0,12,0.0,332.73026315789474,0.0
2012-07-23,22,1,611.3,157.03125,1,550.9868421052631,inf,2352,all cumulative-window cuts are feasible,reachability_lower,0,12,0.0,330.5921052631579,0.0
2012-07-23,22,2,611.3,136.328125,1,478.34429824561397,inf,2352,all cumulative-window cuts are feasible,reachability_lower,0,12,0.0,287.00657894736844,0.0
2012-07-23,22,3,611.3,149.296875,1,523.8486842105262,inf,2352,all cumulative-window cuts are feasible,reachability_lower,0,12,0.0,314.3092105263158,0.0
2012-07-23,22,4,611.3,155.9375,1,547.1491228070174,inf,2352,all cumulative-window cuts are feasible,reachability_lower,0,12,0.0,328.2894736842105,0.0
2012-07-23,22,5,611.3,134.453125,1,471.7653508771929,inf,2352,all cumulative-window cuts are feasible,reachability_lower,0,12,0.0,283.0592105263158,0.0
2012-07-23,22,6,611.3,163.828125,1,574.8355263157894,inf,2352,all cumulative-window cuts are feasible,reachability_lower,0,12,0.0,344.9013157894737,5.684341886080802e-14
2012-07-23,22,7,611.3,159.921875,1,561.1293859649122,inf,2352,all cumulative-window cuts are feasible,reachability_lower,0,12,0.0,336.6776315789474,0.0
2012-07-23,22,8,611.3,160.234375,1,562.2258771929824,inf,2352,all cumulative-window cuts are feasible,reachability_lower,0,12,0.0,337.3355263157895,0.0
2012-07-23,22,9,611.3,153.046875,1,537.0065789473683,inf,2352,all cumulative-window cuts are feasible,reachability_lower,0,12,0.0,322.20394736842104,0.0
2012-07-24,23,0,611.3,157.03125,1,550.9868421052631,inf,2352,all cumulative-window cuts are feasible,reachability_lower,0,12,0.0,330.5921052631579,0.0
2012-07-24,23,1,611.3,161.171875,1,565.5153508771929,inf,2352,all cumulative-window cuts are feasible,reachability_lower,0,12,0.0,339.3092105263158,0.0
2012-07-24,23,2,611.3,138.359375,1,485.47149122807014,inf,2352,all cumulative-window cuts are feasible,reachability_lower,0,12,0.0,291.28289473684214,0.0
2012-07-24,23,3,611.3,156.875,1,550.438596491228,inf,2352,all cumulative-window cuts are feasible,reachability_lower,0,12,0.0,330.2631578947369,0.0
2012-07-24,23,4,611.3,155.3125,1,544.9561403508771,inf,2352,all cumulative-window cuts are feasible,reachability_lower,0,12,0.0,326.97368421052636,0.0
2012-07-24,23,5,611.3,133.59375,1,468.74999999999994,inf,2352,all cumulative-window cuts are feasible,reachability_lower,0,12,0.0,281.25,0.0
2012-07-24,23,6,611.3,162.5,1,570.1754385964912,inf,2352,all cumulative-window cuts are feasible,reachability_lower,0,12,0.0,342.10526315789474,0.0
2012-07-24,23,7,611.3,158.984375,1,557.8399122807017,inf,2352,all cumulative-window cuts are feasible,reachability_lower,0,12,0.0,334.70394736842104,0.0
2012-07-24,23,8,611.3,158.984375,1,557.8399122807017,inf,2352,all cumulative-window cuts are feasible,reachability_lower,0,12,0.0,334.70394736842104,0.0
2012-07-24,23,9,611.3,151.484375,1,531.5241228070174,inf,2352,all cumulative-window cuts are feasible,reachability_lower,0,12,0.0,318.9144736842105,0.0
2012-07-25,24,0,611.3,119.21875,1,418.3114035087719,inf,2352,all cumulative-window cuts are feasible,reachability_lower,0,12,0.0,250.98684210526318,0.0
2012-07-25,24,1,611.3,134.140625,1,470.66885964912274,inf,2352,all cumulative-window cuts are feasible,reachability_lower,0,12,0.0,282.4013157894737,0.0
2012-07-25,24,2,611.3,95.78125,1,336.0745614035087,inf,2352,all cumulative-window cuts are feasible,reachability_lower,0,12,0.0,201.64473684210526,0.0
2012-07-25,24,3,611.3,94.296875,1,330.8662280701754,inf,2352,all cumulative-window cuts are feasible,reachability_lower,0,12,0.0,198.51973684210526,0.0
2012-07-25,24,4,611.3,132.8125,1,466.0087719298245,inf,2352,all cumulative-window cuts are feasible,reachability_lower,0,12,0.0,279.60526315789474,0.0
2012-07-25,24,5,611.3,101.953125,1,357.7302631578947,inf,2352,all cumulative-window cuts are feasible,reachability_lower,0,12,0.0,214.63815789473685,0.0
2012-07-25,24,6,611.3,121.40625,1,425.9868421052631,inf,2352,all cumulative-window cuts are feasible,reachability_lower,0,12,0.0,255.59210526315792,0.0
2012-07-25,24,7,611.3,124.765625,1,437.7741228070175,inf,2352,all cumulative-window cuts are feasible,reachability_lower,0,12,0.0,262.6644736842105,0.0
2012-07-25,24,8,611.3,96.71875,1,339.3640350877193,inf,2352,all cumulative-window cuts are feasible,reachability_lower,0,12,0.0,203.6184210526316,0.0
2012-07-25,24,9,611.3,113.125,1,396.92982456140345,inf,2352,all cumulative-window cuts are feasible,reachability_lower,0,12,0.0,238.1578947368421,0.0
2012-07-26,25,0,611.3,159.453125,1,559.4846491228069,inf,2352,all cumulative-window cuts are feasible,reachability_lower,0,12,0.0,335.6907894736842,5.684341886080802e-14
2012-07-26,25,1,611.3,160.703125,1,563.8706140350877,inf,2352,all cumulative-window cuts are feasible,reachability_lower,0,12,0.0,338.32236842105266,0.0
2012-07-26,25,2,611.3,139.84375,1,490.6798245614035,inf,2352,all cumulative-window cuts are feasible,reachability_lower,0,12,0.0,294.40789473684214,0.0
2012-07-26,25,3,611.3,149.296875,1,523.8486842105262,inf,2352,all cumulative-window cuts are feasible,reachability_lower,0,12,0.0,314.3092105263158,0.0
2012-07-26,25,4,611.3,157.265625,1,551.8092105263157,inf,2352,all cumulative-window cuts are feasible,reachability_lower,0,12,0.0,331.0855263157895,0.0
2012-07-26,25,5,611.3,132.734375,1,465.73464912280696,inf,2352,all cumulative-window cuts are feasible,reachability_lower,0,12,0.0,279.4407894736842,0.0
2012-07-26,25,6,611.3,147.65625,1,518.0921052631578,inf,2352,all cumulative-window cuts are feasible,reachability_lower,0,12,0.0,310.85526315789474,0.0
2012-07-26,25,7,611.3,158.59375,1,556.469298245614,inf,2352,all cumulative-window cuts are feasible,reachability_lower,0,12,0.0,333.88157894736844,0.0
2012-07-26,25,8,611.3,157.8125,1,553.7280701754386,inf,2352,all cumulative-window cuts are feasible,reachability_lower,0,12,0.0,332.2368421052632,0.0
2012-07-26,25,9,611.3,138.046875,1,484.37499999999994,inf,2352,all cumulative-window cuts are feasible,reachability_lower,0,12,0.0,290.625,0.0
2012-07-27,26,0,611.3,119.53125,1,419.4078947368421,inf,2352,all cumulative-window cuts are feasible,reachability_lower,0,12,0.0,251.6447368421053,0.0
2012-07-27,26,1,611.3,125.625,1,440.78947368421046,inf,2352,all cumulative-window cuts are feasible,reachability_lower,0,12,0.0,264.4736842105263,0.0
2012-07-27,26,2,611.3,101.171875,1,354.9890350877193,inf,2352,all cumulative-window cuts are feasible,reachability_lower,0,12,0.0,212.9934210526316,-2.842170943040401e-14
2012-07-27,26,3,611.3,123.359375,1,432.8399122807017,inf,2352,all cumulative-window cuts are feasible,reachability_lower,0,12,0.0,259.70394736842104,0.0
2012-07-27,26,4,611.3,129.6875,1,455.04385964912274,inf,2352,all cumulative-window cuts are feasible,reachability_lower,0,12,0.0,273.0263157894737,0.0
2012-07-27,26,5,611.3,146.5625,1,514.2543859649122,inf,2352,all cumulative-window cuts are feasible,reachability_lower,0,12,0.0,308.5526315789474,0.0
2012-07-27,26,6,611.3,155.9375,1,547.1491228070174,inf,2352,all cumulative-window cuts are feasible,reachability_lower,0,12,0.0,328.2894736842105,0.0
2012-07-27,26,7,611.3,131.40625,1,461.0745614035087,inf,2352,all cumulative-window cuts are feasible,reachability_lower,0,12,0.0,276.64473684210526,0.0
2012-07-27,26,8,611.3,112.96875,1,396.3815789473684,inf,2352,all cumulative-window cuts are feasible,reachability_lower,0,12,0.0,237.82894736842107,0.0
2012-07-27,26,9,611.3,125.078125,1,438.8706140350877,inf,2352,all cumulative-window cuts are feasible,reachability_lower,0,12,0.0,263.32236842105266,0.0
2012-07-28,27,0,611.3,161.328125,1,566.063596491228,inf,2352,all cumulative-window cuts are feasible,reachability_lower,0,12,0.0,339.6381578947369,0.0
2012-07-28,27,1,611.3,156.015625,1,547.423245614035,inf,2352,all cumulative-window cuts are feasible,reachability_lower,0,12,0.0,328.45394736842104,0.0
2012-07-28,27,2,611.3,126.25,1,442.9824561403508,inf,2352,all cumulative-window cuts are feasible,reachability_lower,0,12,0.0,265.7894736842105,0.0
2012-07-28,27,3,611.3,139.453125,1,489.3092105263157,inf,2352,all cumulative-window cuts are feasible,reachability_lower,0,12,0.0,293.5855263157895,0.0
2012-07-28,27,4,611.3,155.15625,1,544.407894736842,inf,2352,all cumulative-window cuts are feasible,reachability_lower,0,12,0.0,326.64473684210526,5.684341886080802e-14
2012-07-28,27,5,611.3,133.671875,1,469.0241228070175,inf,2352,all cumulative-window cuts are feasible,reachability_lower,0,12,0.0,281.4144736842105,0.0
2012-07-28,27,6,611.3,167.421875,1,587.4451754385965,inf,2352,all cumulative-window cuts are feasible,reachability_lower,0,12,0.0,352.4671052631579,-5.684341886080802e-14
2012-07-28,27,7,611.3,130.390625,1,457.51096491228066,inf,2352,all cumulative-window cuts are feasible,reachability_lower,0,12,0.0,274.50657894736844,0.0
2012-07-28,27,8,611.3,150.3125,1,527.4122807017543,inf,2352,all cumulative-window cuts are feasible,reachability_lower,0,12,0.0,316.44736842105266,5.684341886080802e-14
2012-07-28,27,9,611.3,156.40625,1,548.7938596491227,inf,2352,all cumulative-window cuts are feasible,reachability_lower,0,12,0.0,329.2763157894737,0.0
2012-07-29,28,0,611.3,159.21875,1,558.6622807017543,inf,2352,all cumulative-window cuts are feasible,reachability_lower,0,12,0.0,335.19736842105266,5.684341886080802e-14
2012-07-29,28,1,611.3,158.203125,1,555.0986842105262,inf,2352,all cumulative-window cuts are feasible,reachability_lower,0,12,0.0,333.0592105263158,0.0
2012-07-29,28,2,611.3,158.4375,1,555.921052631579,inf,2352,all cumulative-window cuts are feasible,reachability_lower,0,12,0.0,333.5526315789474,0.0
2012-07-29,28,3,611.3,159.921875,1,561.1293859649122,inf,2352,all cumulative-window cuts are feasible,reachability_lower,0,12,0.0,336.6776315789474,0.0
2012-07-29,28,4,611.3,158.046875,1,554.5504385964912,inf,2352,all cumulative-window cuts are feasible,reachability_lower,0,12,0.0,332.73026315789474,0.0
2012-07-29,28,5,611.3,147.890625,1,518.9144736842105,inf,2352,all cumulative-window cuts are feasible,reachability_lower,0,12,0.0,311.34868421052636,0.0
2012-07-29,28,6,611.3,166.953125,1,585.8004385964912,inf,2352,all cumulative-window cuts are feasible,reachability_lower,0,12,0.0,351.48026315789474,0.0
2012-07-29,28,7,611.3,138.359375,1,485.47149122807014,inf,2352,all cumulative-window cuts are feasible,reachability_lower,0,12,0.0,291.28289473684214,0.0
2012-07-29,28,8,611.3,147.65625,1,518.0921052631578,inf,2352,all cumulative-window cuts are feasible,reachability_lower,0,12,0.0,310.85526315789474,0.0
2012-07-29,28,9,611.3,156.953125,1,550.7127192982456,inf,2352,all cumulative-window cuts are feasible,reachability_lower,0,12,0.0,330.4276315789474,0.0
2012-07-30,29,0,611.3,108.359375,1,380.20833333333326,inf,2352,all cumulative-window cuts are feasible,reachability_lower,0,12,0.0,228.125,0.0
2012-07-30,29,1,611.3,135.234375,1,474.5065789473683,inf,2352,all cumulative-window cuts are feasible,reachability_lower,0,12,0.0,284.70394736842104,0.0
2012-07-30,29,2,611.3,157.734375,1,553.453947368421,inf,2352,all cumulative-window cuts are feasible,reachability_lower,0,12,0.0,332.07236842105266,0.0
2012-07-30,29,3,611.3,150.078125,1,526.5899122807017,inf,2352,all cumulative-window cuts are feasible,reachability_lower,0,12,0.0,315.95394736842104,0.0
2012-07-30,29,4,611.3,157.65625,1,553.1798245614035,inf,2352,all cumulative-window cuts are feasible,reachability_lower,0,12,0.0,331.90789473684214,0.0
2012-07-30,29,5,611.3,106.875,1,374.99999999999994,inf,2352,all cumulative-window cuts are feasible,reachability_lower,0,12,0.0,225.0,0.0
2012-07-30,29,6,611.3,143.90625,1,504.9342105263157,inf,2352,all cumulative-window cuts are feasible,reachability_lower,0,12,0.0,302.9605263157895,0.0
2012-07-30,29,7,611.3,127.8125,1,448.46491228070164,inf,2352,all cumulative-window cuts are feasible,reachability_lower,0,12,0.0,269.07894736842104,0.0
2012-07-30,29,8,611.3,108.203125,1,379.6600877192982,inf,2352,all cumulative-window cuts are feasible,reachability_lower,0,12,0.0,227.79605263157896,0.0
2012-07-30,29,9,611.3,156.25,1,548.2456140350877,inf,2352,all cumulative-window cuts are feasible,reachability_lower,0,12,0.0,328.94736842105266,0.0
2012-07-31,30,0,611.3,150.9375,1,529.6052631578947,inf,2352,all cumulative-window cuts are feasible,reachability_lower,0,12,0.0,317.7631578947369,0.0
2012-07-31,30,1,611.3,157.5,1,552.6315789473683,inf,2352,all cumulative-window cuts are feasible,reachability_lower,0,12,0.0,331.57894736842104,0.0
2012-07-31,30,2,611.3,157.34375,1,552.0833333333333,inf,2352,all cumulative-window cuts are feasible,reachability_lower,0,12,0.0,331.25,0.0
2012-07-31,30,3,611.3,156.5625,1,549.3421052631578,inf,2352,all cumulative-window cuts are feasible,reachability_lower,0,12,0.0,329.60526315789474,0.0
2012-07-31,30,4,611.3,156.5625,1,549.3421052631578,inf,2352,all cumulative-window cuts are feasible,reachability_lower,0,12,0.0,329.60526315789474,0.0
2012-07-31,30,5,611.3,135.0,1,473.6842105263157,inf,2352,all cumulative-window cuts are feasible,reachability_lower,0,12,0.0,284.2105263157895,0.0
2012-07-31,30,6,611.3,173.046875,1,607.1820175438595,inf,2352,all cumulative-window cuts are feasible,reachability_lower,0,12,0.0,364.3092105263158,0.0
2012-07-31,30,7,611.3,162.5,1,570.1754385964912,inf,2352,all cumulative-window cuts are feasible,reachability_lower,0,12,0.0,342.10526315789474,0.0
2012-07-31,30,8,611.3,156.015625,1,547.423245614035,inf,2352,all cumulative-window cuts are feasible,reachability_lower,0,12,0.0,328.45394736842104,0.0
2012-07-31,30,9,611.3,151.25,1,530.7017543859648,inf,2352,all cumulative-window cuts are feasible,reachability_lower,0,12,0.0,318.42105263157896,0.0
2012-08-01,31,0,611.3,132.65625,1,465.4605263157894,inf,2352,all cumulative-window cuts are feasible,reachability_lower,0,12,0.0,279.2763157894737,0.0
2012-08-01,31,1,611.3,132.5,1,464.91228070175436,inf,2352,all cumulative-window cuts are feasible,reachability_lower,0,12,0.0,278.94736842105266,0.0
2012-08-01,31,2,611.3,128.671875,1,451.48026315789474,inf,2352,all cumulative-window cuts are feasible,reachability_lower,0,12,0.0,270.8881578947369,0.0
2012-08-01,31,3,611.3,157.578125,1,552.905701754386,inf,2352,all cumulative-window cuts are feasible,reachability_lower,0,12,0.0,331.7434210526316,0.0
2012-08-01,31,4,611.3,139.6875,1,490.1315789473683,inf,2352,all cumulative-window cuts are feasible,reachability_lower,0,12,0.0,294.07894736842104,0.0
2012-08-01,31,5,611.3,120.46875,1,422.6973684210526,inf,2352,all cumulative-window cuts are feasible,reachability_lower,0,12,0.0,253.6184210526316,0.0
2012-08-01,31,6,611.3,157.890625,1,554.0021929824561,inf,2352,all cumulative-window cuts are feasible,reachability_lower,0,12,0.0,332.4013157894737,0.0
2012-08-01,31,7,611.3,142.34375,1,499.4517543859649,inf,2352,all cumulative-window cuts are feasible,reachability_lower,0,12,0.0,299.67105263157896,0.0
2012-08-01,31,8,611.3,128.203125,1,449.8355263157894,inf,2352,all cumulative-window cuts are feasible,reachability_lower,0,12,0.0,269.9013157894737,0.0
2012-08-01,31,9,611.3,119.375,1,418.85964912280696,inf,2352,all cumulative-window cuts are feasible,reachability_lower,0,12,0.0,251.31578947368422,0.0
2012-08-02,32,0,611.3,142.65625,1,500.548245614035,inf,2352,all cumulative-window cuts are feasible,reachability_lower,0,12,0.0,300.32894736842104,0.0
2012-08-02,32,1,611.3,137.34375,1,481.907894736842,inf,2352,all cumulative-window cuts are feasible,reachability_lower,0,12,0.0,289.14473684210526,0.0
2012-08-02,32,2,611.3,116.25,1,407.89473684210526,inf,2352,all cumulative-window cuts are feasible,reachability_lower,0,12,0.0,244.73684210526318,0.0
2012-08-02,32,3,611.3,117.96875,1,413.9254385964912,inf,2352,all cumulative-window cuts are feasible,reachability_lower,0,12,0.0,248.35526315789474,0.0
2012-08-02,32,4,611.3,133.203125,1,467.3793859649123,inf,2352,all cumulative-window cuts are feasible,reachability_lower,0,12,0.0,280.4276315789474,0.0
2012-08-02,32,5,611.3,108.828125,1,381.8530701754386,inf,2352,all cumulative-window cuts are feasible,reachability_lower,0,12,0.0,229.11184210526318,0.0
2012-08-02,32,6,611.3,139.140625,1,488.2127192982456,inf,2352,all cumulative-window cuts are feasible,reachability_lower,0,12,0.0,292.9276315789474,0.0
2012-08-02,32,7,611.3,153.28125,1,537.828947368421,inf,2352,all cumulative-window cuts are feasible,reachability_lower,0,12,0.0,322.69736842105266,0.0
2012-08-02,32,8,611.3,134.453125,1,471.7653508771929,inf,2352,all cumulative-window cuts are feasible,reachability_lower,0,12,0.0,283.0592105263158,0.0
2012-08-02,32,9,611.3,156.71875,1,549.8903508771929,inf,2352,all cumulative-window cuts are feasible,reachability_lower,0,12,0.0,329.9342105263158,0.0
2012-08-03,33,0,611.3,138.90625,1,487.3903508771929,inf,2352,all cumulative-window cuts are feasible,reachability_lower,0,12,0.0,292.4342105263158,0.0
2012-08-03,33,1,611.3,102.65625,1,360.1973684210526,inf,2352,all cumulative-window cuts are feasible,reachability_lower,0,12,0.0,216.1184210526316,0.0
2012-08-03,33,2,611.3,119.453125,1,419.1337719298245,inf,2352,all cumulative-window cuts are feasible,reachability_lower,0,12,0.0,251.48026315789474,0.0
2012-08-03,33,3,611.3,123.75,1,434.2105263157894,inf,2352,all cumulative-window cuts are feasible,reachability_lower,0,12,0.0,260.5263157894737,0.0
2012-08-03,33,4,611.3,154.53125,1,542.2149122807017,inf,2352,all cumulative-window cuts are feasible,reachability_lower,0,12,0.0,325.32894736842104,0.0
2012-08-03,33,5,611.3,115.703125,1,405.9758771929824,inf,2352,all cumulative-window cuts are feasible,reachability_lower,0,12,0.0,243.58552631578948,0.0
2012-08-03,33,6,611.3,131.25,1,460.52631578947364,inf,2352,all cumulative-window cuts are feasible,reachability_lower,0,12,0.0,276.3157894736842,0.0
2012-08-03,33,7,611.3,154.453125,1,541.9407894736842,inf,2352,all cumulative-window cuts are feasible,reachability_lower,0,12,0.0,325.1644736842105,0.0
2012-08-03,33,8,611.3,119.765625,1,420.2302631578947,inf,2352,all cumulative-window cuts are feasible,reachability_lower,0,12,0.0,252.13815789473685,0.0
2012-08-03,33,9,611.3,129.53125,1,454.49561403508767,inf,2352,all cumulative-window cuts are feasible,reachability_lower,0,12,0.0,272.69736842105266,0.0
2012-08-04,34,0,611.3,134.84375,1,473.13596491228066,inf,2352,all cumulative-window cuts are feasible,reachability_lower,0,12,0.0,283.88157894736844,0.0
2012-08-04,34,1,611.3,131.484375,1,461.34868421052624,inf,2352,all cumulative-window cuts are feasible,reachability_lower,0,12,0.0,276.8092105263158,0.0
2012-08-04,34,2,611.3,131.09375,1,459.9780701754386,inf,2352,all cumulative-window cuts are feasible,reachability_lower,0,12,0.0,275.9868421052632,0.0
2012-08-04,34,3,611.3,130.3125,1,457.2368421052631,inf,2352,all cumulative-window cuts are feasible,reachability_lower,0,12,0.0,274.3421052631579,0.0
2012-08-04,34,4,611.3,141.5625,1,496.7105263157894,inf,2352,all cumulative-window cuts are feasible,reachability_lower,0,12,0.0,298.0263157894737,0.0
2012-08-04,34,5,611.3,124.453125,1,436.67763157894734,inf,2352,all cumulative-window cuts are feasible,reachability_lower,0,12,0.0,262.00657894736844,0.0
2012-08-04,34,6,611.3,134.6875,1,472.5877192982456,inf,2352,all cumulative-window cuts are feasible,reachability_lower,0,12,0.0,283.5526315789474,0.0
2012-08-04,34,7,611.3,128.4375,1,450.657894736842,inf,2352,all cumulative-window cuts are feasible,reachability_lower,0,12,0.0,270.39473684210526,0.0
2012-08-04,34,8,611.3,117.578125,1,412.55482456140345,inf,2352,all cumulative-window cuts are feasible,reachability_lower,0,12,0.0,247.5328947368421,0.0
2012-08-04,34,9,611.3,152.734375,1,535.9100877192982,inf,2352,all cumulative-window cuts are feasible,reachability_lower,0,12,0.0,321.54605263157896,0.0
2012-08-05,35,0,611.3,136.484375,1,478.89254385964904,inf,2352,all cumulative-window cuts are feasible,reachability_lower,0,12,0.0,287.3355263157895,0.0
2012-08-05,35,1,611.3,119.921875,1,420.7785087719298,inf,2352,all cumulative-window cuts are feasible,reachability_lower,0,12,0.0,252.46710526315792,0.0
2012-08-05,35,2,611.3,133.046875,1,466.8311403508771,inf,2352,all cumulative-window cuts are feasible,reachability_lower,0,12,0.0,280.0986842105263,0.0
2012-08-05,35,3,611.3,128.203125,1,449.8355263157894,inf,2352,all cumulative-window cuts are feasible,reachability_lower,0,12,0.0,269.9013157894737,0.0
2012-08-05,35,4,611.3,150.859375,1,529.3311403508771,inf,2352,all cumulative-window cuts are feasible,reachability_lower,0,12,0.0,317.59868421052636,0.0
2012-08-05,35,5,611.3,122.1875,1,428.7280701754386,inf,2352,all cumulative-window cuts are feasible,reachability_lower,0,12,0.0,257.2368421052632,0.0
2012-08-05,35,6,611.3,155.546875,1,545.7785087719298,inf,2352,all cumulative-window cuts are feasible,reachability_lower,0,12,0.0,327.4671052631579,0.0
2012-08-05,35,7,611.3,149.0625,1,523.0263157894736,inf,2352,all cumulative-window cuts are feasible,reachability_lower,0,12,0.0,313.8157894736842,0.0
2012-08-05,35,8,611.3,139.453125,1,489.3092105263157,inf,2352,all cumulative-window cuts are feasible,reachability_lower,0,12,0.0,293.5855263157895,0.0
2012-08-05,35,9,611.3,130.234375,1,456.9627192982456,inf,2352,all cumulative-window cuts are feasible,reachability_lower,0,12,0.0,274.1776315789474,0.0
2012-08-06,36,0,611.3,116.328125,1,408.1688596491228,inf,2352,all cumulative-window cuts are feasible,reachability_lower,0,12,0.0,244.9013157894737,0.0
2012-08-06,36,1,611.3,113.671875,1,398.8486842105263,inf,2352,all cumulative-window cuts are feasible,reachability_lower,0,12,0.0,239.3092105263158,0.0
2012-08-06,36,2,611.3,95.78125,1,336.0745614035087,inf,2352,all cumulative-window cuts are feasible,reachability_lower,0,12,0.0,201.64473684210526,0.0
2012-08-06,36,3,611.3,111.796875,1,392.26973684210526,inf,2352,all cumulative-window cuts are feasible,reachability_lower,0,12,0.0,235.36184210526318,0.0
2012-08-06,36,4,611.3,138.046875,1,484.37499999999994,inf,2352,all cumulative-window cuts are feasible,reachability_lower,0,12,0.0,290.625,0.0
2012-08-06,36,5,611.3,85.546875,1,300.1644736842105,inf,2352,all cumulative-window cuts are feasible,reachability_lower,0,12,0.0,180.09868421052633,0.0
2012-08-06,36,6,611.3,144.453125,1,506.8530701754386,inf,2352,all cumulative-window cuts are feasible,reachability_lower,0,12,0.0,304.1118421052632,0.0
2012-08-06,36,7,611.3,147.265625,1,516.7214912280701,inf,2352,all cumulative-window cuts are feasible,reachability_lower,0,12,0.0,310.03289473684214,0.0
2012-08-06,36,8,611.3,94.609375,1,331.9627192982456,inf,2352,all cumulative-window cuts are feasible,reachability_lower,0,12,0.0,199.17763157894737,0.0
2012-08-06,36,9,611.3,118.125,1,414.4736842105263,inf,2352,all cumulative-window cuts are feasible,reachability_lower,0,12,0.0,248.6842105263158,0.0
2012-08-07,37,0,611.3,134.21875,1,470.94298245614027,inf,2352,all cumulative-window cuts are feasible,reachability_lower,0,12,0.0,282.5657894736842,0.0
2012-08-07,37,1,611.3,103.515625,1,363.2127192982456,inf,2352,all cumulative-window cuts are feasible,reachability_lower,0,12,0.0,217.92763157894737,-2.842170943040401e-14
2012-08-07,37,2,611.3,87.65625,1,307.5657894736842,inf,2352,all cumulative-window cuts are feasible,reachability_lower,0,12,0.0,184.53947368421055,0.0
2012-08-07,37,3,611.3,128.75,1,451.7543859649123,inf,2352,all cumulative-window cuts are feasible,reachability_lower,0,12,0.0,271.0526315789474,0.0
2012-08-07,37,4,611.3,119.609375,1,419.6820175438596,inf,2352,all cumulative-window cuts are feasible,reachability_lower,0,12,0.0,251.8092105263158,0.0
2012-08-07,37,5,611.3,93.4375,1,327.8508771929824,inf,2352,all cumulative-window cuts are feasible,reachability_lower,0,12,0.0,196.71052631578948,0.0
2012-08-07,37,6,611.3,123.90625,1,434.7587719298245,inf,2352,all cumulative-window cuts are feasible,reachability_lower,0,12,0.0,260.85526315789474,0.0
2012-08-07,37,7,611.3,125.46875,1,440.2412280701754,inf,2352,all cumulative-window cuts are feasible,reachability_lower,0,12,0.0,264.14473684210526,0.0
2012-08-07,37,8,611.3,90.703125,1,318.2565789473684,inf,2352,all cumulative-window cuts are feasible,reachability_lower,0,12,0.0,190.95394736842107,0.0
2012-08-07,37,9,611.3,114.765625,1,402.6864035087719,inf,2352,all cumulative-window cuts are feasible,reachability_lower,0,12,0.0,241.61184210526318,0.0
2012-08-08,38,0,611.3,118.984375,1,417.48903508771923,inf,2352,all cumulative-window cuts are feasible,reachability_lower,0,12,0.0,250.4934210526316,0.0
2012-08-08,38,1,611.3,117.578125,1,412.55482456140345,inf,2352,all cumulative-window cuts are feasible,reachability_lower,0,12,0.0,247.5328947368421,0.0
2012-08-08,38,2,611.3,118.125,1,414.4736842105263,inf,2352,all cumulative-window cuts are feasible,reachability_lower,0,12,0.0,248.6842105263158,0.0
2012-08-08,38,3,611.3,128.90625,1,452.30263157894734,inf,2352,all cumulative-window cuts are feasible,reachability_lower,0,12,0.0,271.38157894736844,0.0
2012-08-08,38,4,611.3,93.359375,1,327.5767543859649,inf,2352,all cumulative-window cuts are feasible,reachability_lower,0,12,0.0,196.54605263157896,0.0
2012-08-08,38,5,611.3,106.953125,1,375.27412280701753,inf,2352,all cumulative-window cuts are feasible,reachability_lower,0,12,0.0,225.16447368421055,0.0
2012-08-08,38,6,611.3,116.484375,1,408.71710526315786,inf,2352,all cumulative-window cuts are feasible,reachability_lower,0,12,0.0,245.23026315789474,0.0
2012-08-08,38,7,611.3,121.171875,1,425.16447368421046,inf,2352,all cumulative-window cuts are feasible,reachability_lower,0,12,0.0,255.09868421052633,0.0
2012-08-08,38,8,611.3,96.171875,1,337.44517543859644,inf,2352,all cumulative-window cuts are feasible,reachability_lower,0,12,0.0,202.4671052631579,0.0
2012-08-08,38,9,611.3,110.0,1,385.9649122807017,inf,2352,all cumulative-window cuts are feasible,reachability_lower,0,12,0.0,231.57894736842107,2.842170943040401e-14
2012-08-09,39,0,611.3,101.015625,1,354.4407894736842,inf,2352,all cumulative-window cuts are feasible,reachability_lower,0,12,0.0,212.66447368421055,-2.842170943040401e-14
2012-08-09,39,1,611.3,139.6875,1,490.1315789473683,inf,2352,all cumulative-window cuts are feasible,reachability_lower,0,12,0.0,294.07894736842104,0.0
2012-08-09,39,2,611.3,112.578125,1,395.01096491228066,inf,2352,all cumulative-window cuts are feasible,reachability_lower,0,12,0.0,237.00657894736844,0.0
2012-08-09,39,3,611.3,131.796875,1,462.44517543859644,inf,2352,all cumulative-window cuts are feasible,reachability_lower,0,12,0.0,277.4671052631579,0.0
2012-08-09,39,4,611.3,131.328125,1,460.8004385964912,inf,2352,all cumulative-window cuts are feasible,reachability_lower,0,12,0.0,276.48026315789474,0.0
2012-08-09,39,5,611.3,118.984375,1,417.48903508771923,inf,2352,all cumulative-window cuts are feasible,reachability_lower,0,12,0.0,250.4934210526316,0.0
2012-08-09,39,6,611.3,160.3125,1,562.4999999999999,inf,2352,all cumulative-window cuts are feasible,reachability_lower,0,12,0.0,337.5,0.0
2012-08-09,39,7,611.3,160.234375,1,562.2258771929824,inf,2352,all cumulative-window cuts are feasible,reachability_lower,0,12,0.0,337.3355263157895,0.0
2012-08-09,39,8,611.3,136.71875,1,479.71491228070164,inf,2352,all cumulative-window cuts are feasible,reachability_lower,0,12,0.0,287.82894736842104,0.0
2012-08-09,39,9,611.3,118.28125,1,415.02192982456137,inf,2352,all cumulative-window cuts are feasible,reachability_lower,0,12,0.0,249.01315789473685,0.0
2012-08-10,40,1,611.3,165.625,1,581.1403508771929,inf,2352,all cumulative-window cuts are feasible,reachability_lower,0,12,0.0,348.6842105263158,0.0
2012-08-10,40,2,611.3,159.921875,1,561.1293859649122,inf,2352,all cumulative-window cuts are feasible,reachability_lower,0,12,0.0,336.6776315789474,0.0
2012-08-10,40,3,611.3,156.71875,1,549.8903508771929,inf,2352,all cumulative-window cuts are feasible,reachability_lower,0,12,0.0,329.9342105263158,0.0
2012-08-10,40,4,611.3,158.203125,1,555.0986842105262,inf,2352,all cumulative-window cuts are feasible,reachability_lower,0,12,0.0,333.0592105263158,0.0
2012-08-10,40,5,611.3,157.34375,1,552.0833333333333,inf,2352,all cumulative-window cuts are feasible,reachability_lower,0,12,0.0,331.25,0.0
2012-08-10,40,6,611.3,168.828125,1,592.3793859649122,inf,2352,all cumulative-window cuts are feasible,reachability_lower,0,12,0.0,355.4276315789474,0.0
2012-08-10,40,7,611.3,160.15625,1,561.9517543859648,inf,2352,all cumulative-window cuts are feasible,reachability_lower,0,12,0.0,337.17105263157896,0.0
2012-08-10,40,8,611.3,163.671875,1,574.2872807017543,inf,2352,all cumulative-window cuts are feasible,reachability_lower,0,12,0.0,344.57236842105266,5.684341886080802e-14
2012-08-10,40,9,611.3,153.984375,1,540.296052631579,inf,2352,all cumulative-window cuts are feasible,reachability_lower,0,12,0.0,324.1776315789474,0.0
2012-08-11,41,0,611.3,164.0625,1,575.657894736842,inf,2352,all cumulative-window cuts are feasible,reachability_lower,0,12,0.0,345.39473684210526,5.684341886080802e-14
2012-08-11,41,1,611.3,161.328125,1,566.063596491228,inf,2352,all cumulative-window cuts are feasible,reachability_lower,0,12,0.0,339.6381578947369,0.0
2012-08-11,41,2,611.3,160.390625,1,562.7741228070174,inf,2352,all cumulative-window cuts are feasible,reachability_lower,0,12,0.0,337.6644736842105,0.0
2012-08-11,41,3,611.3,158.59375,1,556.469298245614,inf,2352,all cumulative-window cuts are feasible,reachability_lower,0,12,0.0,333.88157894736844,0.0
2012-08-11,41,4,611.3,156.09375,1,547.6973684210526,inf,2352,all cumulative-window cuts are feasible,reachability_lower,0,12,0.0,328.6184210526316,0.0
2012-08-11,41,5,611.3,154.140625,1,540.844298245614,inf,2352,all cumulative-window cuts are feasible,reachability_lower,0,12,0.0,324.50657894736844,0.0
2012-08-11,41,6,611.3,168.59375,1,591.5570175438595,inf,2352,all cumulative-window cuts are feasible,reachability_lower,0,12,0.0,354.9342105263158,0.0
2012-08-11,41,7,611.3,160.859375,1,564.4188596491227,inf,2352,all cumulative-window cuts are feasible,reachability_lower,0,12,0.0,338.6513157894737,0.0
2012-08-11,41,8,611.3,158.671875,1,556.7434210526316,inf,2352,all cumulative-window cuts are feasible,reachability_lower,0,12,0.0,334.04605263157896,0.0
2012-08-11,41,9,611.3,157.03125,1,550.9868421052631,inf,2352,all cumulative-window cuts are feasible,reachability_lower,0,12,0.0,330.5921052631579,0.0
2012-08-12,42,0,611.3,159.53125,1,559.7587719298244,inf,2352,all cumulative-window cuts are feasible,reachability_lower,0,12,0.0,335.85526315789474,5.684341886080802e-14
2012-08-12,42,1,611.3,153.28125,1,537.828947368421,inf,2352,all cumulative-window cuts are feasible,reachability_lower,0,12,0.0,322.69736842105266,0.0
2012-08-12,42,2,611.3,160.078125,1,561.6776315789473,inf,2352,all cumulative-window cuts are feasible,reachability_lower,0,12,0.0,337.00657894736844,0.0
2012-08-12,42,3,611.3,159.53125,1,559.7587719298244,inf,2352,all cumulative-window cuts are feasible,reachability_lower,0,12,0.0,335.85526315789474,5.684341886080802e-14
2012-08-12,42,4,611.3,143.28125,1,502.74122807017534,inf,2352,all cumulative-window cuts are feasible,reachability_lower,0,12,0.0,301.64473684210526,0.0
2012-08-12,42,5,611.3,156.796875,1,550.1644736842105,inf,2352,all cumulative-window cuts are feasible,reachability_lower,0,12,0.0,330.09868421052636,0.0
2012-08-12,42,6,611.3,160.9375,1,564.6929824561403,inf,2352,all cumulative-window cuts are feasible,reachability_lower,0,12,0.0,338.8157894736842,0.0
2012-08-12,42,7,611.3,162.421875,1,569.9013157894736,inf,2352,all cumulative-window cuts are feasible,reachability_lower,0,12,0.0,341.9407894736842,0.0
2012-08-12,42,8,611.3,158.90625,1,557.5657894736842,inf,2352,all cumulative-window cuts are feasible,reachability_lower,0,12,0.0,334.5394736842105,0.0
2012-08-12,42,9,611.3,159.6875,1,560.3070175438595,inf,2352,all cumulative-window cuts are feasible,reachability_lower,0,12,0.0,336.1842105263158,5.684341886080802e-14
2012-08-13,43,0,611.3,150.625,1,528.5087719298244,inf,2352,all cumulative-window cuts are feasible,reachability_lower,0,12,0.0,317.10526315789474,5.684341886080802e-14
2012-08-13,43,1,611.3,128.359375,1,450.3837719298245,inf,2352,all cumulative-window cuts are feasible,reachability_lower,0,12,0.0,270.23026315789474,0.0
2012-08-13,43,2,611.3,120.15625,1,421.6008771929824,inf,2352,all cumulative-window cuts are feasible,reachability_lower,0,12,0.0,252.96052631578948,0.0
2012-08-13,43,3,611.3,104.296875,1,365.953947368421,inf,2352,all cumulative-window cuts are feasible,reachability_lower,0,12,0.0,219.57236842105263,0.0
2012-08-13,43,4,611.3,133.203125,1,467.3793859649123,inf,2352,all cumulative-window cuts are feasible,reachability_lower,0,12,0.0,280.4276315789474,0.0
2012-08-13,43,5,611.3,87.8125,1,308.1140350877193,inf,2352,all cumulative-window cuts are feasible,reachability_lower,0,12,0.0,184.8684210526316,0.0
2012-08-13,43,6,611.3,147.578125,1,517.8179824561403,inf,2352,all cumulative-window cuts are feasible,reachability_lower,0,12,0.0,310.6907894736842,0.0
2012-08-13,43,7,611.3,139.0625,1,487.93859649122805,inf,2352,all cumulative-window cuts are feasible,reachability_lower,0,12,0.0,292.7631578947369,0.0
2012-08-13,43,8,611.3,122.03125,1,428.1798245614035,inf,2352,all cumulative-window cuts are feasible,reachability_lower,0,12,0.0,256.90789473684214,0.0
2012-08-13,43,9,611.3,121.015625,1,424.6162280701754,inf,2352,all cumulative-window cuts are feasible,reachability_lower,0,12,0.0,254.7697368421053,0.0
2012-08-14,44,0,611.3,150.546875,1,528.2346491228069,inf,2352,all cumulative-window cuts are feasible,reachability_lower,0,12,0.0,316.9407894736842,5.684341886080802e-14
2012-08-14,44,1,611.3,108.984375,1,382.40131578947364,inf,2352,all cumulative-window cuts are feasible,reachability_lower,0,12,0.0,229.44078947368422,0.0
2012-08-14,44,2,611.3,157.34375,1,552.0833333333333,inf,2352,all cumulative-window cuts are feasible,reachability_lower,0,12,0.0,331.25,0.0
2012-08-14,44,3,611.3,102.1875,1,358.55263157894734,inf,2352,all cumulative-window cuts are feasible,reachability_lower,0,12,0.0,215.13157894736844,0.0
2012-08-14,44,4,611.3,112.96875,1,396.3815789473684,inf,2352,all cumulative-window cuts are feasible,reachability_lower,0,12,0.0,237.82894736842107,0.0
2012-08-14,44,5,611.3,103.828125,1,364.3092105263157,inf,2352,all cumulative-window cuts are feasible,reachability_lower,0,12,0.0,218.58552631578948,0.0
2012-08-14,44,6,611.3,109.921875,1,385.69078947368416,inf,2352,all cumulative-window cuts are feasible,reachability_lower,0,12,0.0,231.41447368421055,2.842170943040401e-14
2012-08-14,44,7,611.3,131.09375,1,459.9780701754386,inf,2352,all cumulative-window cuts are feasible,reachability_lower,0,12,0.0,275.9868421052632,0.0
2012-08-14,44,8,611.3,111.25,1,390.3508771929824,inf,2352,all cumulative-window cuts are feasible,reachability_lower,0,12,0.0,234.21052631578948,0.0
2012-08-14,44,9,611.3,134.921875,1,473.4100877192982,inf,2352,all cumulative-window cuts are feasible,reachability_lower,0,12,0.0,284.04605263157896,0.0
2012-08-15,45,0,611.3,148.59375,1,521.3815789473683,inf,2352,all cumulative-window cuts are feasible,reachability_lower,0,12,0.0,312.82894736842104,0.0
2012-08-15,45,1,611.3,144.84375,1,508.22368421052624,inf,2352,all cumulative-window cuts are feasible,reachability_lower,0,12,0.0,304.9342105263158,0.0
2012-08-15,45,2,611.3,144.453125,1,506.8530701754386,inf,2352,all cumulative-window cuts are feasible,reachability_lower,0,12,0.0,304.1118421052632,0.0
2012-08-15,45,3,611.3,126.953125,1,445.4495614035087,inf,2352,all cumulative-window cuts are feasible,reachability_lower,0,12,0.0,267.26973684210526,0.0
2012-08-15,45,4,611.3,148.671875,1,521.655701754386,inf,2352,all cumulative-window cuts are feasible,reachability_lower,0,12,0.0,312.9934210526316,0.0
2012-08-15,45,5,611.3,130.703125,1,458.6074561403508,inf,2352,all cumulative-window cuts are feasible,reachability_lower,0,12,0.0,275.1644736842105,0.0
2012-08-15,45,6,611.3,140.9375,1,494.51754385964904,inf,2352,all cumulative-window cuts are feasible,reachability_lower,0,12,0.0,296.7105263157895,0.0
2012-08-15,45,7,611.3,160.3125,1,562.4999999999999,inf,2352,all cumulative-window cuts are feasible,reachability_lower,0,12,0.0,337.5,0.0
2012-08-15,45,8,611.3,144.21875,1,506.030701754386,inf,2352,all cumulative-window cuts are feasible,reachability_lower,0,12,0.0,303.6184210526316,0.0
2012-08-15,45,9,611.3,143.359375,1,503.0153508771929,inf,2352,all cumulative-window cuts are feasible,reachability_lower,0,12,0.0,301.8092105263158,0.0
2012-08-16,46,0,611.3,98.125,1,344.29824561403507,inf,2352,all cumulative-window cuts are feasible,reachability_lower,0,12,0.0,206.57894736842107,0.0
2012-08-16,46,1,611.3,115.234375,1,404.33114035087715,inf,2352,all cumulative-window cuts are feasible,reachability_lower,0,12,0.0,242.59868421052633,0.0
2012-08-16,46,2,611.3,80.9375,1,283.9912280701754,inf,2352,all cumulative-window cuts are feasible,reachability_lower,0,12,0.0,170.39473684210526,0.0
2012-08-16,46,3,611.3,69.296875,1,243.14692982456137,inf,2352,all cumulative-window cuts are feasible,reachability_lower,0,12,0.0,145.88815789473685,0.0
2012-08-16,46,4,611.3,112.03125,1,393.09210526315786,inf,2352,all cumulative-window cuts are feasible,reachability_lower,0,12,0.0,235.85526315789474,0.0
2012-08-16,46,5,611.3,92.734375,1,325.3837719298245,inf,2352,all cumulative-window cuts are feasible,reachability_lower,0,12,0.0,195.23026315789474,2.842170943040401e-14
2012-08-16,46,6,611.3,101.40625,1,355.8114035087719,inf,2352,all cumulative-window cuts are feasible,reachability_lower,0,12,0.0,213.48684210526318,0.0
2012-08-16,46,7,611.3,106.015625,1,371.98464912280696,inf,2352,all cumulative-window cuts are feasible,reachability_lower,0,12,0.0,223.19078947368422,0.0
2012-08-16,46,8,611.3,102.65625,1,360.1973684210526,inf,2352,all cumulative-window cuts are feasible,reachability_lower,0,12,0.0,216.1184210526316,0.0
2012-08-16,46,9,611.3,102.734375,1,360.47149122807014,inf,2352,all cumulative-window cuts are feasible,reachability_lower,0,12,0.0,216.2828947368421,0.0
2012-08-17,47,0,611.3,125.078125,1,438.8706140350877,inf,2352,all cumulative-window cuts are feasible,reachability_lower,0,12,0.0,263.32236842105266,0.0
2012-08-17,47,1,611.3,118.59375,1,416.11842105263156,inf,2352,all cumulative-window cuts are feasible,reachability_lower,0,12,0.0,249.67105263157896,-2.842170943040401e-14
2012-08-17,47,2,611.3,92.734375,1,325.3837719298245,inf,2352,all cumulative-window cuts are feasible,reachability_lower,0,12,0.0,195.23026315789474,2.842170943040401e-14
2012-08-17,47,3,611.3,126.71875,1,444.6271929824561,inf,2352,all cumulative-window cuts are feasible,reachability_lower,0,12,0.0,266.7763157894737,0.0
2012-08-17,47,4,611.3,119.140625,1,418.0372807017543,inf,2352,all cumulative-window cuts are feasible,reachability_lower,0,12,0.0,250.82236842105263,0.0
2012-08-17,47,5,611.3,120.703125,1,423.51973684210526,inf,2352,all cumulative-window cuts are feasible,reachability_lower,0,12,0.0,254.11184210526318,-2.842170943040401e-14
2012-08-17,47,6,611.3,124.0625,1,435.30701754385956,inf,2352,all cumulative-window cuts are feasible,reachability_lower,0,12,0.0,261.1842105263158,0.0
2012-08-17,47,7,611.3,108.75,1,381.578947368421,inf,2352,all cumulative-window cuts are feasible,reachability_lower,0,12,0.0,228.94736842105263,0.0
2012-08-17,47,8,611.3,120.546875,1,422.97149122807014,inf,2352,all cumulative-window cuts are feasible,reachability_lower,0,12,0.0,253.7828947368421,0.0
2012-08-17,47,9,611.3,141.328125,1,495.8881578947368,inf,2352,all cumulative-window cuts are feasible,reachability_lower,0,12,0.0,297.53289473684214,0.0
2012-08-18,48,0,611.3,128.90625,1,452.30263157894734,inf,2352,all cumulative-window cuts are feasible,reachability_lower,0,12,0.0,271.38157894736844,0.0
2012-08-18,48,1,611.3,157.65625,1,553.1798245614035,inf,2352,all cumulative-window cuts are feasible,reachability_lower,0,12,0.0,331.90789473684214,0.0
2012-08-18,48,2,611.3,142.734375,1,500.8223684210526,inf,2352,all cumulative-window cuts are feasible,reachability_lower,0,12,0.0,300.4934210526316,0.0
2012-08-18,48,3,611.3,146.25,1,513.157894736842,inf,2352,all cumulative-window cuts are feasible,reachability_lower,0,12,0.0,307.89473684210526,5.684341886080802e-14
2012-08-18,48,4,611.3,153.59375,1,538.9254385964912,inf,2352,all cumulative-window cuts are feasible,reachability_lower,0,12,0.0,323.35526315789474,0.0
2012-08-18,48,5,611.3,122.03125,1,428.1798245614035,inf,2352,all cumulative-window cuts are feasible,reachability_lower,0,12,0.0,256.90789473684214,0.0
2012-08-18,48,6,611.3,136.640625,1,479.4407894736841,inf,2352,all cumulative-window cuts are feasible,reachability_lower,0,12,0.0,287.6644736842105,0.0
2012-08-18,48,7,611.3,134.0625,1,470.3947368421052,inf,2352,all cumulative-window cuts are feasible,reachability_lower,0,12,0.0,282.2368421052632,0.0
2012-08-18,48,8,611.3,153.046875,1,537.0065789473683,inf,2352,all cumulative-window cuts are feasible,reachability_lower,0,12,0.0,322.20394736842104,0.0
2012-08-18,48,9,611.3,132.65625,1,465.4605263157894,inf,2352,all cumulative-window cuts are feasible,reachability_lower,0,12,0.0,279.2763157894737,0.0
2012-08-19,49,0,611.3,158.28125,1,555.3728070175439,inf,2352,all cumulative-window cuts are feasible,reachability_lower,0,12,0.0,333.22368421052636,0.0
2012-08-19,49,1,611.3,131.71875,1,462.1710526315789,inf,2352,all cumulative-window cuts are feasible,reachability_lower,0,12,0.0,277.3026315789474,0.0
2012-08-19,49,2,611.3,132.578125,1,465.1864035087719,inf,2352,all cumulative-window cuts are feasible,reachability_lower,0,12,0.0,279.1118421052632,0.0
2012-08-19,49,3,611.3,123.359375,1,432.8399122807017,inf,2352,all cumulative-window cuts are feasible,reachability_lower,0,12,0.0,259.70394736842104,0.0
2012-08-19,49,4,611.3,126.640625,1,444.3530701754386,inf,2352,all cumulative-window cuts are feasible,reachability_lower,0,12,0.0,266.6118421052632,0.0
2012-08-19,49,5,611.3,141.640625,1,496.98464912280696,inf,2352,all cumulative-window cuts are feasible,reachability_lower,0,12,0.0,298.1907894736842,0.0
2012-08-19,49,6,611.3,114.84375,1,402.9605263157894,inf,2352,all cumulative-window cuts are feasible,reachability_lower,0,12,0.0,241.7763157894737,0.0
2012-08-19,49,7,611.3,130.15625,1,456.68859649122805,inf,2352,all cumulative-window cuts are feasible,reachability_lower,0,12,0.0,274.0131578947369,0.0
2012-08-19,49,8,611.3,116.875,1,410.08771929824553,inf,2352,all cumulative-window cuts are feasible,reachability_lower,0,12,0.0,246.05263157894737,2.842170943040401e-14
2012-08-19,49,9,611.3,139.84375,1,490.6798245614035,inf,2352,all cumulative-window cuts are feasible,reachability_lower,0,12,0.0,294.40789473684214,0.0
2012-08-20,50,0,611.3,135.0,1,473.6842105263157,inf,2352,all cumulative-window cuts are feasible,reachability_lower,0,12,0.0,284.2105263157895,0.0
2012-08-20,50,1,611.3,129.375,1,453.9473684210526,inf,2352,all cumulative-window cuts are feasible,reachability_lower,0,12,0.0,272.3684210526316,0.0
2012-08-20,50,2,611.3,104.765625,1,367.5986842105263,inf,2352,all cumulative-window cuts are feasible,reachability_lower,0,12,0.0,220.5592105263158,0.0
2012-08-20,50,3,611.3,91.40625,1,320.7236842105263,inf,2352,all cumulative-window cuts are feasible,reachability_lower,0,12,0.0,192.4342105263158,0.0
2012-08-20,50,4,611.3,111.875,1,392.5438596491228,inf,2352,all cumulative-window cuts are feasible,reachability_lower,0,12,0.0,235.5263157894737,0.0
2012-08-20,50,5,611.3,108.515625,1,380.7565789473684,inf,2352,all cumulative-window cuts are feasible,reachability_lower,0,12,0.0,228.45394736842107,0.0
2012-08-20,50,6,611.3,113.90625,1,399.6710526315789,inf,2352,all cumulative-window cuts are feasible,reachability_lower,0,12,0.0,239.80263157894737,0.0
2012-08-20,50,7,611.3,132.890625,1,466.282894736842,inf,2352,all cumulative-window cuts are feasible,reachability_lower,0,12,0.0,279.76973684210526,0.0
2012-08-20,50,8,611.3,88.671875,1,311.1293859649122,inf,2352,all cumulative-window cuts are feasible,reachability_lower,0,12,0.0,186.67763157894737,0.0
2012-08-20,50,9,611.3,108.59375,1,381.0307017543859,inf,2352,all cumulative-window cuts are feasible,reachability_lower,0,12,0.0,228.6184210526316,0.0
2012-08-21,51,0,611.3,113.984375,1,399.9451754385965,inf,2352,all cumulative-window cuts are feasible,reachability_lower,0,12,0.0,239.96710526315792,0.0
2012-08-21,51,1,611.3,94.84375,1,332.7850877192982,inf,2352,all cumulative-window cuts are feasible,reachability_lower,0,12,0.0,199.67105263157896,2.842170943040401e-14
2012-08-21,51,2,611.3,106.25,1,372.8070175438596,inf,2352,all cumulative-window cuts are feasible,reachability_lower,0,12,0.0,223.6842105263158,0.0
2012-08-21,51,3,611.3,88.984375,1,312.2258771929824,inf,2352,all cumulative-window cuts are feasible,reachability_lower,0,12,0.0,187.33552631578948,0.0
2012-08-21,51,4,611.3,112.1875,1,393.64035087719293,inf,2352,all cumulative-window cuts are feasible,reachability_lower,0,12,0.0,236.1842105263158,2.842170943040401e-14
2012-08-21,51,5,611.3,85.0,1,298.24561403508767,inf,2352,all cumulative-window cuts are feasible,reachability_lower,0,12,0.0,178.94736842105263,0.0
2012-08-21,51,6,611.3,117.265625,1,411.45833333333326,inf,2352,all cumulative-window cuts are feasible,reachability_lower,0,12,0.0,246.875,0.0
2012-08-21,51,7,611.3,113.984375,1,399.9451754385965,inf,2352,all cumulative-window cuts are feasible,reachability_lower,0,12,0.0,239.96710526315792,0.0
2012-08-21,51,8,611.3,92.109375,1,323.1907894736842,inf,2352,all cumulative-window cuts are feasible,reachability_lower,0,12,0.0,193.91447368421055,0.0
2012-08-21,51,9,611.3,115.546875,1,405.42763157894734,inf,2352,all cumulative-window cuts are feasible,reachability_lower,0,12,0.0,243.25657894736844,0.0
2012-08-22,52,0,611.3,122.578125,1,430.09868421052624,inf,2352,all cumulative-window cuts are feasible,reachability_lower,0,12,0.0,258.0592105263158,0.0
2012-08-22,52,1,611.3,112.65625,1,395.2850877192982,inf,2352,all cumulative-window cuts are feasible,reachability_lower,0,12,0.0,237.17105263157896,0.0
2012-08-22,52,2,611.3,102.34375,1,359.1008771929824,inf,2352,all cumulative-window cuts are feasible,reachability_lower,0,12,0.0,215.46052631578948,0.0
2012-08-22,52,3,611.3,89.84375,1,315.2412280701754,inf,2352,all cumulative-window cuts are feasible,reachability_lower,0,12,0.0,189.14473684210526,0.0
2012-08-22,52,4,611.3,115.546875,1,405.42763157894734,inf,2352,all cumulative-window cuts are feasible,reachability_lower,0,12,0.0,243.25657894736844,0.0
2012-08-22,52,5,611.3,90.0,1,315.7894736842105,inf,2352,all cumulative-window cuts are feasible,reachability_lower,0,12,0.0,189.47368421052633,0.0
2012-08-22,52,6,611.3,118.984375,1,417.48903508771923,inf,2352,all cumulative-window cuts are feasible,reachability_lower,0,12,0.0,250.4934210526316,0.0
2012-08-22,52,7,611.3,132.03125,1,463.26754385964904,inf,2352,all cumulative-window cuts are feasible,reachability_lower,0,12,0.0,277.9605263157895,0.0
2012-08-22,52,8,611.3,91.25,1,320.1754385964912,inf,2352,all cumulative-window cuts are feasible,reachability_lower,0,12,0.0,192.10526315789474,0.0
2012-08-22,52,9,611.3,125.078125,1,438.8706140350877,inf,2352,all cumulative-window cuts are feasible,reachability_lower,0,12,0.0,263.32236842105266,0.0
2012-08-23,53,0,611.3,120.46875,1,422.6973684210526,inf,2352,all cumulative-window cuts are feasible,reachability_lower,0,12,0.0,253.6184210526316,0.0
2012-08-23,53,1,611.3,93.359375,1,327.5767543859649,inf,2352,all cumulative-window cuts are feasible,reachability_lower,0,12,0.0,196.54605263157896,0.0
2012-08-23,53,2,611.3,90.859375,1,318.80482456140345,inf,2352,all cumulative-window cuts are feasible,reachability_lower,0,12,0.0,191.2828947368421,0.0
2012-08-23,53,3,611.3,95.859375,1,336.3486842105263,inf,2352,all cumulative-window cuts are feasible,reachability_lower,0,12,0.0,201.8092105263158,0.0
2012-08-23,53,4,611.3,89.921875,1,315.515350877193,inf,2352,all cumulative-window cuts are feasible,reachability_lower,0,12,0.0,189.3092105263158,0.0
2012-08-23,53,5,611.3,100.859375,1,353.8925438596491,inf,2352,all cumulative-window cuts are feasible,reachability_lower,0,12,0.0,212.33552631578948,0.0
2012-08-23,53,6,611.3,114.453125,1,401.5899122807017,inf,2352,all cumulative-window cuts are feasible,reachability_lower,0,12,0.0,240.95394736842107,2.842170943040401e-14
2012-08-23,53,7,611.3,110.234375,1,386.7872807017543,inf,2352,all cumulative-window cuts are feasible,reachability_lower,0,12,0.0,232.07236842105263,2.842170943040401e-14
2012-08-23,53,8,611.3,105.390625,1,369.79166666666663,inf,2352,all cumulative-window cuts are feasible,reachability_lower,0,12,0.0,221.875,0.0
2012-08-23,53,9,611.3,115.0,1,403.5087719298245,inf,2352,all cumulative-window cuts are feasible,reachability_lower,0,12,0.0,242.10526315789474,0.0
2012-08-24,54,0,611.3,110.0,1,385.9649122807017,inf,2352,all cumulative-window cuts are feasible,reachability_lower,0,12,0.0,231.57894736842107,2.842170943040401e-14
2012-08-24,54,1,611.3,97.265625,1,341.282894736842,inf,2352,all cumulative-window cuts are feasible,reachability_lower,0,12,0.0,204.76973684210526,2.842170943040401e-14
2012-08-24,54,2,611.3,104.0625,1,365.1315789473684,inf,2352,all cumulative-window cuts are feasible,reachability_lower,0,12,0.0,219.07894736842107,0.0
2012-08-24,54,3,611.3,68.75,1,241.2280701754386,inf,2352,all cumulative-window cuts are feasible,reachability_lower,0,12,0.0,144.73684210526318,0.0
2012-08-24,54,4,611.3,105.46875,1,370.0657894736842,inf,2352,all cumulative-window cuts are feasible,reachability_lower,0,12,0.0,222.03947368421055,-2.842170943040401e-14
2012-08-24,54,5,611.3,78.203125,1,274.39692982456137,inf,2352,all cumulative-window cuts are feasible,reachability_lower,0,12,0.0,164.63815789473685,0.0
2012-08-24,54,6,611.3,113.4375,1,398.02631578947364,inf,2352,all cumulative-window cuts are feasible,reachability_lower,0,12,0.0,238.81578947368422,0.0
2012-08-24,54,7,611.3,89.21875,1,313.04824561403507,inf,2352,all cumulative-window cuts are feasible,reachability_lower,0,12,0.0,187.82894736842107,0.0
2012-08-24,54,8,611.3,109.765625,1,385.1425438596491,inf,2352,all cumulative-window cuts are feasible,reachability_lower,0,12,0.0,231.08552631578948,0.0
2012-08-24,54,9,611.3,103.828125,1,364.3092105263157,inf,2352,all cumulative-window cuts are feasible,reachability_lower,0,12,0.0,218.58552631578948,0.0
2012-08-25,55,0,611.3,114.53125,1,401.86403508771923,inf,2352,all cumulative-window cuts are feasible,reachability_lower,0,12,0.0,241.1184210526316,2.842170943040401e-14
2012-08-25,55,1,611.3,103.90625,1,364.58333333333326,inf,2352,all cumulative-window cuts are feasible,reachability_lower,0,12,0.0,218.75,0.0
2012-08-25,55,2,611.3,101.953125,1,357.7302631578947,inf,2352,all cumulative-window cuts are feasible,reachability_lower,0,12,0.0,214.63815789473685,0.0
2012-08-25,55,3,611.3,102.265625,1,358.8267543859649,inf,2352,all cumulative-window cuts are feasible,reachability_lower,0,12,0.0,215.29605263157896,0.0
2012-08-25,55,4,611.3,133.75,1,469.298245614035,inf,2352,all cumulative-window cuts are feasible,reachability_lower,0,12,0.0,281.57894736842104,0.0
2012-08-25,55,5,611.3,92.109375,1,323.1907894736842,inf,2352,all cumulative-window cuts are feasible,reachability_lower,0,12,0.0,193.91447368421055,0.0
2012-08-25,55,6,611.3,135.0,1,473.6842105263157,inf,2352,all cumulative-window cuts are feasible,reachability_lower,0,12,0.0,284.2105263157895,0.0
2012-08-25,55,7,611.3,110.390625,1,387.3355263157894,inf,2352,all cumulative-window cuts are feasible,reachability_lower,0,12,0.0,232.4013157894737,0.0
2012-08-25,55,8,611.3,134.6875,1,472.5877192982456,inf,2352,all cumulative-window cuts are feasible,reachability_lower,0,12,0.0,283.5526315789474,0.0
2012-08-25,55,9,611.3,123.515625,1,433.3881578947368,inf,2352,all cumulative-window cuts are feasible,reachability_lower,0,12,0.0,260.03289473684214,0.0
2012-08-26,56,0,611.3,123.75,1,434.2105263157894,inf,2352,all cumulative-window cuts are feasible,reachability_lower,0,12,0.0,260.5263157894737,0.0
2012-08-26,56,1,611.3,151.640625,1,532.0723684210526,inf,2352,all cumulative-window cuts are feasible,reachability_lower,0,12,0.0,319.2434210526316,0.0
2012-08-26,56,2,611.3,152.890625,1,536.4583333333333,inf,2352,all cumulative-window cuts are feasible,reachability_lower,0,12,0.0,321.875,0.0
2012-08-26,56,3,611.3,119.453125,1,419.1337719298245,inf,2352,all cumulative-window cuts are feasible,reachability_lower,0,12,0.0,251.48026315789474,0.0
2012-08-26,56,4,611.3,133.59375,1,468.74999999999994,inf,2352,all cumulative-window cuts are feasible,reachability_lower,0,12,0.0,281.25,0.0
2012-08-26,56,5,611.3,114.84375,1,402.9605263157894,inf,2352,all cumulative-window cuts are feasible,reachability_lower,0,12,0.0,241.7763157894737,0.0
2012-08-26,56,6,611.3,144.53125,1,507.1271929824561,inf,2352,all cumulative-window cuts are feasible,reachability_lower,0,12,0.0,304.2763157894737,0.0
2012-08-26,56,7,611.3,140.078125,1,491.5021929824561,inf,2352,all cumulative-window cuts are feasible,reachability_lower,0,12,0.0,294.9013157894737,0.0
2012-08-26,56,8,611.3,145.859375,1,511.78728070175436,inf,2352,all cumulative-window cuts are feasible,reachability_lower,0,12,0.0,307.07236842105266,0.0
2012-08-26,56,9,611.3,135.15625,1,474.2324561403508,inf,2352,all cumulative-window cuts are feasible,reachability_lower,0,12,0.0,284.5394736842105,0.0
2012-08-27,57,0,611.3,110.859375,1,388.9802631578947,inf,2352,all cumulative-window cuts are feasible,reachability_lower,0,12,0.0,233.38815789473685,0.0
2012-08-27,57,1,611.3,120.703125,1,423.51973684210526,inf,2352,all cumulative-window cuts are feasible,reachability_lower,0,12,0.0,254.11184210526318,-2.842170943040401e-14
2012-08-27,57,2,611.3,111.25,1,390.3508771929824,inf,2352,all cumulative-window cuts are feasible,reachability_lower,0,12,0.0,234.21052631578948,0.0
2012-08-27,57,3,611.3,102.265625,1,358.8267543859649,inf,2352,all cumulative-window cuts are feasible,reachability_lower,0,12,0.0,215.29605263157896,0.0
2012-08-27,57,4,611.3,124.21875,1,435.85526315789474,inf,2352,all cumulative-window cuts are feasible,reachability_lower,0,12,0.0,261.5131578947369,0.0
2012-08-27,57,5,611.3,96.09375,1,337.1710526315789,inf,2352,all cumulative-window cuts are feasible,reachability_lower,0,12,0.0,202.30263157894737,0.0
2012-08-27,57,6,611.3,117.8125,1,413.3771929824561,inf,2352,all cumulative-window cuts are feasible,reachability_lower,0,12,0.0,248.0263157894737,0.0
2012-08-27,57,7,611.3,137.34375,1,481.907894736842,inf,2352,all cumulative-window cuts are feasible,reachability_lower,0,12,0.0,289.14473684210526,0.0
2012-08-27,57,8,611.3,99.921875,1,350.6030701754386,inf,2352,all cumulative-window cuts are feasible,reachability_lower,0,12,0.0,210.36184210526318,0.0
2012-08-27,57,9,611.3,112.109375,1,393.3662280701754,inf,2352,all cumulative-window cuts are feasible,reachability_lower,0,12,0.0,236.01973684210526,0.0
2012-08-28,58,0,611.3,101.015625,1,354.4407894736842,inf,2352,all cumulative-window cuts are feasible,reachability_lower,0,12,0.0,212.66447368421055,-2.842170943040401e-14
2012-08-28,58,1,611.3,98.4375,1,345.39473684210526,inf,2352,all cumulative-window cuts are feasible,reachability_lower,0,12,0.0,207.23684210526318,0.0
2012-08-28,58,2,611.3,86.71875,1,304.27631578947364,inf,2352,all cumulative-window cuts are feasible,reachability_lower,0,12,0.0,182.56578947368422,0.0
2012-08-28,58,3,611.3,87.1875,1,305.9210526315789,inf,2352,all cumulative-window cuts are feasible,reachability_lower,0,12,0.0,183.55263157894737,0.0
2012-08-28,58,4,611.3,108.90625,1,382.1271929824561,inf,2352,all cumulative-window cuts are feasible,reachability_lower,0,12,0.0,229.2763157894737,0.0
2012-08-28,58,5,611.3,87.265625,1,306.19517543859644,inf,2352,all cumulative-window cuts are feasible,reachability_lower,0,12,0.0,183.7171052631579,0.0
2012-08-28,58,6,611.3,109.609375,1,384.594298245614,inf,2352,all cumulative-window cuts are feasible,reachability_lower,0,12,0.0,230.75657894736844,0.0
2012-08-28,58,7,611.3,113.90625,1,399.6710526315789,inf,2352,all cumulative-window cuts are feasible,reachability_lower,0,12,0.0,239.80263157894737,0.0
2012-08-28,58,8,611.3,88.4375,1,310.3070175438596,inf,2352,all cumulative-window cuts are feasible,reachability_lower,0,12,0.0,186.1842105263158,0.0
2012-08-28,58,9,611.3,114.21875,1,400.7675438596491,inf,2352,all cumulative-window cuts are feasible,reachability_lower,0,12,0.0,240.46052631578948,0.0
2012-08-29,59,0,611.3,126.5625,1,444.07894736842104,inf,2352,all cumulative-window cuts are feasible,reachability_lower,0,12,0.0,266.44736842105266,0.0
2012-08-29,59,1,611.3,148.90625,1,522.4780701754386,inf,2352,all cumulative-window cuts are feasible,reachability_lower,0,12,0.0,313.4868421052632,0.0
2012-08-29,59,2,611.3,100.9375,1,354.16666666666663,inf,2352,all cumulative-window cuts are feasible,reachability_lower,0,12,0.0,212.5,0.0
2012-08-29,59,3,611.3,81.640625,1,286.4583333333333,inf,2352,all cumulative-window cuts are feasible,reachability_lower,0,12,0.0,171.875,0.0
2012-08-29,59,4,611.3,130.9375,1,459.4298245614035,inf,2352,all cumulative-window cuts are feasible,reachability_lower,0,12,0.0,275.65789473684214,0.0
2012-08-29,59,5,611.3,111.484375,1,391.17324561403507,inf,2352,all cumulative-window cuts are feasible,reachability_lower,0,12,0.0,234.70394736842107,0.0
2012-08-29,59,6,611.3,150.078125,1,526.5899122807017,inf,2352,all cumulative-window cuts are feasible,reachability_lower,0,12,0.0,315.95394736842104,0.0
2012-08-29,59,7,611.3,100.15625,1,351.4254385964912,inf,2352,all cumulative-window cuts are feasible,reachability_lower,0,12,0.0,210.85526315789474,0.0
2012-08-29,59,8,611.3,96.484375,1,338.54166666666663,inf,2352,all cumulative-window cuts are feasible,reachability_lower,0,12,0.0,203.125,0.0
2012-08-29,59,9,611.3,125.78125,1,441.3377192982456,inf,2352,all cumulative-window cuts are feasible,reachability_lower,0,12,0.0,264.8026315789474,0.0
2012-08-30,60,0,611.3,97.421875,1,341.83114035087715,inf,2352,all cumulative-window cuts are feasible,reachability_lower,0,12,0.0,205.09868421052633,0.0
2012-08-30,60,1,611.3,98.359375,1,345.12061403508767,inf,2352,all cumulative-window cuts are feasible,reachability_lower,0,12,0.0,207.07236842105263,0.0
2012-08-30,60,2,611.3,89.21875,1,313.04824561403507,inf,2352,all cumulative-window cuts are feasible,reachability_lower,0,12,0.0,187.82894736842107,0.0
2012-08-30,60,3,611.3,92.5,1,324.5614035087719,inf,2352,all cumulative-window cuts are feasible,reachability_lower,0,12,0.0,194.73684210526318,2.842170943040401e-14
2012-08-30,60,4,611.3,94.609375,1,331.9627192982456,inf,2352,all cumulative-window cuts are feasible,reachability_lower,0,12,0.0,199.17763157894737,0.0
2012-08-30,60,5,611.3,89.140625,1,312.77412280701753,inf,2352,all cumulative-window cuts are feasible,reachability_lower,0,12,0.0,187.66447368421055,0.0
2012-08-30,60,6,611.3,112.734375,1,395.5592105263157,inf,2352,all cumulative-window cuts are feasible,reachability_lower,0,12,0.0,237.33552631578948,0.0
2012-08-30,60,7,611.3,108.203125,1,379.6600877192982,inf,2352,all cumulative-window cuts are feasible,reachability_lower,0,12,0.0,227.79605263157896,0.0
2012-08-30,60,8,611.3,90.3125,1,316.8859649122807,inf,2352,all cumulative-window cuts are feasible,reachability_lower,0,12,0.0,190.13157894736844,-2.842170943040401e-14
2012-08-30,60,9,611.3,106.640625,1,374.17763157894734,inf,2352,all cumulative-window cuts are feasible,reachability_lower,0,12,0.0,224.50657894736844,0.0
2012-08-31,61,0,611.3,101.25,1,355.2631578947368,inf,2352,all cumulative-window cuts are feasible,reachability_lower,0,12,0.0,213.1578947368421,-2.842170943040401e-14
2012-08-31,61,1,611.3,110.859375,1,388.9802631578947,inf,2352,all cumulative-window cuts are feasible,reachability_lower,0,12,0.0,233.38815789473685,0.0
2012-08-31,61,2,611.3,104.375,1,366.2280701754386,inf,2352,all cumulative-window cuts are feasible,reachability_lower,0,12,0.0,219.73684210526318,0.0
2012-08-31,61,3,611.3,94.765625,1,332.51096491228066,inf,2352,all cumulative-window cuts are feasible,reachability_lower,0,12,0.0,199.50657894736844,2.842170943040401e-14
2012-08-31,61,4,611.3,113.359375,1,397.7521929824561,inf,2352,all cumulative-window cuts are feasible,reachability_lower,0,12,0.0,238.6513157894737,0.0
2012-08-31,61,5,611.3,96.953125,1,340.1864035087719,inf,2352,all cumulative-window cuts are feasible,reachability_lower,0,12,0.0,204.11184210526318,2.842170943040401e-14
2012-08-31,61,6,611.3,109.453125,1,384.0460526315789,inf,2352,all cumulative-window cuts are feasible,reachability_lower,0,12,0.0,230.42763157894737,0.0
2012-08-31,61,7,611.3,103.671875,1,363.76096491228066,inf,2352,all cumulative-window cuts are feasible,reachability_lower,0,12,0.0,218.25657894736844,0.0
2012-08-31,61,8,611.3,94.765625,1,332.51096491228066,inf,2352,all cumulative-window cuts are feasible,reachability_lower,0,12,0.0,199.50657894736844,2.842170943040401e-14
2012-08-31,61,9,611.3,119.6875,1,419.95614035087715,inf,2352,all cumulative-window cuts are feasible,reachability_lower,0,12,0.0,251.97368421052633,0.0
2012-09-01,62,0,611.3,129.921875,1,455.86622807017534,inf,2352,all cumulative-window cuts are feasible,reachability_lower,0,12,0.0,273.51973684210526,0.0
2012-09-01,62,1,611.3,156.484375,1,549.0679824561403,inf,2352,all cumulative-window cuts are feasible,reachability_lower,0,12,0.0,329.4407894736842,0.0
2012-09-01,62,2,611.3,102.5,1,359.64912280701753,inf,2352,all cumulative-window cuts are feasible,reachability_lower,0,12,0.0,215.78947368421055,0.0
2012-09-01,62,3,611.3,120.625,1,423.24561403508767,inf,2352,all cumulative-window cuts are feasible,reachability_lower,0,12,0.0,253.94736842105263,0.0
2012-09-01,62,4,611.3,137.03125,1,480.8114035087719,inf,2352,all cumulative-window cuts are feasible,reachability_lower,0,12,0.0,288.4868421052632,0.0
2012-09-01,62,5,611.3,82.8125,1,290.57017543859644,inf,2352,all cumulative-window cuts are feasible,reachability_lower,0,12,0.0,174.3421052631579,0.0
2012-09-01,62,6,611.3,113.125,1,396.92982456140345,inf,2352,all cumulative-window cuts are feasible,reachability_lower,0,12,0.0,238.1578947368421,0.0
2012-09-01,62,7,611.3,162.734375,1,570.9978070175439,inf,2352,all cumulative-window cuts are feasible,reachability_lower,0,12,0.0,342.59868421052636,0.0
2012-09-01,62,8,611.3,133.90625,1,469.84649122807014,inf,2352,all cumulative-window cuts are feasible,reachability_lower,0,12,0.0,281.90789473684214,0.0
2012-09-01,62,9,611.3,142.109375,1,498.6293859649123,inf,2352,all cumulative-window cuts are feasible,reachability_lower,0,12,0.0,299.1776315789474,0.0
2012-09-02,63,0,611.3,129.609375,1,454.7697368421052,inf,2352,all cumulative-window cuts are feasible,reachability_lower,0,12,0.0,272.8618421052632,0.0
2012-09-02,63,1,611.3,115.546875,1,405.42763157894734,inf,2352,all cumulative-window cuts are feasible,reachability_lower,0,12,0.0,243.25657894736844,0.0
2012-09-02,63,2,611.3,88.4375,1,310.3070175438596,inf,2352,all cumulative-window cuts are feasible,reachability_lower,0,12,0.0,186.1842105263158,0.0
2012-09-02,63,3,611.3,107.34375,1,376.64473684210526,inf,2352,all cumulative-window cuts are feasible,reachability_lower,0,12,0.0,225.98684210526318,0.0
2012-09-02,63,4,611.3,120.15625,1,421.6008771929824,inf,2352,all cumulative-window cuts are feasible,reachability_lower,0,12,0.0,252.96052631578948,0.0
2012-09-02,63,5,611.3,104.296875,1,365.953947368421,inf,2352,all cumulative-window cuts are feasible,reachability_lower,0,12,0.0,219.57236842105263,0.0
2012-09-02,63,6,611.3,119.0625,1,417.76315789473676,inf,2352,all cumulative-window cuts are feasible,reachability_lower,0,12,0.0,250.6578947368421,0.0
2012-09-02,63,7,611.3,128.671875,1,451.48026315789474,inf,2352,all cumulative-window cuts are feasible,reachability_lower,0,12,0.0,270.8881578947369,0.0
2012-09-02,63,8,611.3,125.859375,1,441.6118421052631,inf,2352,all cumulative-window cuts are feasible,reachability_lower,0,12,0.0,264.9671052631579,0.0
2012-09-02,63,9,611.3,138.046875,1,484.37499999999994,inf,2352,all cumulative-window cuts are feasible,reachability_lower,0,12,0.0,290.625,0.0
2012-09-03,64,0,611.3,104.0625,1,365.1315789473684,inf,2352,all cumulative-window cuts are feasible,reachability_lower,0,12,0.0,219.07894736842107,0.0
2012-09-03,64,1,611.3,110.0,1,385.9649122807017,inf,2352,all cumulative-window cuts are feasible,reachability_lower,0,12,0.0,231.57894736842107,2.842170943040401e-14
2012-09-03,64,2,611.3,81.796875,1,287.0065789473684,inf,2352,all cumulative-window cuts are feasible,reachability_lower,0,12,0.0,172.20394736842107,2.842170943040401e-14
2012-09-03,64,3,611.3,72.421875,1,254.11184210526312,inf,2352,all cumulative-window cuts are feasible,reachability_lower,0,12,0.0,152.4671052631579,0.0
2012-09-03,64,4,611.3,90.78125,1,318.5307017543859,inf,2352,all cumulative-window cuts are feasible,reachability_lower,0,12,0.0,191.1184210526316,0.0
2012-09-03,64,5,611.3,78.359375,1,274.94517543859644,inf,2352,all cumulative-window cuts are feasible,reachability_lower,0,12,0.0,164.9671052631579,0.0
2012-09-03,64,6,611.3,113.203125,1,397.203947368421,inf,2352,all cumulative-window cuts are feasible,reachability_lower,0,12,0.0,238.32236842105263,0.0
2012-09-03,64,7,611.3,118.984375,1,417.48903508771923,inf,2352,all cumulative-window cuts are feasible,reachability_lower,0,12,0.0,250.4934210526316,0.0
2012-09-03,64,8,611.3,91.953125,1,322.6425438596491,inf,2352,all cumulative-window cuts are feasible,reachability_lower,0,12,0.0,193.58552631578948,0.0
2012-09-03,64,9,611.3,119.140625,1,418.0372807017543,inf,2352,all cumulative-window cuts are feasible,reachability_lower,0,12,0.0,250.82236842105263,0.0
2012-09-04,65,0,611.3,96.25,1,337.719298245614,inf,2352,all cumulative-window cuts are feasible,reachability_lower,0,12,0.0,202.63157894736844,0.0
2012-09-04,65,1,611.3,96.40625,1,338.2675438596491,inf,2352,all cumulative-window cuts are feasible,reachability_lower,0,12,0.0,202.96052631578948,0.0
2012-09-04,65,2,611.3,98.59375,1,345.9429824561403,inf,2352,all cumulative-window cuts are feasible,reachability_lower,0,12,0.0,207.56578947368422,0.0
2012-09-04,65,3,611.3,66.25,1,232.45614035087718,inf,2352,all cumulative-window cuts are feasible,reachability_lower,0,12,0.0,139.47368421052633,0.0
2012-09-04,65,4,611.3,89.140625,1,312.77412280701753,inf,2352,all cumulative-window cuts are feasible,reachability_lower,0,12,0.0,187.66447368421055,0.0
2012-09-04,65,5,611.3,95.234375,1,334.1557017543859,inf,2352,all cumulative-window cuts are feasible,reachability_lower,0,12,0.0,200.4934210526316,0.0
2012-09-04,65,6,611.3,110.078125,1,386.23903508771923,inf,2352,all cumulative-window cuts are feasible,reachability_lower,0,12,0.0,231.7434210526316,2.842170943040401e-14
2012-09-04,65,7,611.3,98.90625,1,347.0394736842105,inf,2352,all cumulative-window cuts are feasible,reachability_lower,0,12,0.0,208.22368421052633,0.0
2012-09-04,65,8,611.3,88.828125,1,311.67763157894734,inf,2352,all cumulative-window cuts are feasible,reachability_lower,0,12,0.0,187.00657894736844,0.0
2012-09-04,65,9,611.3,103.4375,1,362.93859649122805,inf,2352,all cumulative-window cuts are feasible,reachability_lower,0,12,0.0,217.76315789473685,-2.842170943040401e-14
2012-09-05,66,0,611.3,92.109375,1,323.1907894736842,inf,2352,all cumulative-window cuts are feasible,reachability_lower,0,12,0.0,193.91447368421055,0.0
2012-09-05,66,1,611.3,87.5,1,307.0175438596491,inf,2352,all cumulative-window cuts are feasible,reachability_lower,0,12,0.0,184.21052631578948,0.0
2012-09-05,66,2,611.3,104.765625,1,367.5986842105263,inf,2352,all cumulative-window cuts are feasible,reachability_lower,0,12,0.0,220.5592105263158,0.0
2012-09-05,66,3,611.3,65.390625,1,229.44078947368416,inf,2352,all cumulative-window cuts are feasible,reachability_lower,0,12,0.0,137.66447368421052,0.0
2012-09-05,66,4,611.3,82.1875,1,288.3771929824561,inf,2352,all cumulative-window cuts are feasible,reachability_lower,0,12,0.0,173.0263157894737,0.0
2012-09-05,66,5,611.3,79.453125,1,278.7828947368421,inf,2352,all cumulative-window cuts are feasible,reachability_lower,0,12,0.0,167.26973684210526,0.0
2012-09-05,66,6,611.3,110.078125,1,386.23903508771923,inf,2352,all cumulative-window cuts are feasible,reachability_lower,0,12,0.0,231.7434210526316,2.842170943040401e-14
2012-09-05,66,7,611.3,109.6875,1,384.86842105263156,inf,2352,all cumulative-window cuts are feasible,reachability_lower,0,12,0.0,230.92105263157896,0.0
2012-09-05,66,8,611.3,78.046875,1,273.8486842105263,inf,2352,all cumulative-window cuts are feasible,reachability_lower,0,12,0.0,164.3092105263158,0.0
2012-09-05,66,9,611.3,103.515625,1,363.2127192982456,inf,2352,all cumulative-window cuts are feasible,reachability_lower,0,12,0.0,217.92763157894737,-2.842170943040401e-14
2012-09-06,67,0,611.3,105.3125,1,369.5175438596491,inf,2352,all cumulative-window cuts are feasible,reachability_lower,0,12,0.0,221.71052631578948,0.0
2012-09-06,67,1,611.3,93.515625,1,328.12499999999994,inf,2352,all cumulative-window cuts are feasible,reachability_lower,0,12,0.0,196.875,0.0
2012-09-06,67,2,611.3,86.015625,1,301.8092105263158,inf,2352,all cumulative-window cuts are feasible,reachability_lower,0,12,0.0,181.08552631578948,-2.842170943040401e-14
2012-09-06,67,3,611.3,84.84375,1,297.6973684210526,inf,2352,all cumulative-window cuts are feasible,reachability_lower,0,12,0.0,178.6184210526316,0.0
2012-09-06,67,4,611.3,96.09375,1,337.1710526315789,inf,2352,all cumulative-window cuts are feasible,reachability_lower,0,12,0.0,202.30263157894737,0.0
2012-09-06,67,5,611.3,93.4375,1,327.8508771929824,inf,2352,all cumulative-window cuts are feasible,reachability_lower,0,12,0.0,196.71052631578948,0.0
2012-09-06,67,6,611.3,120.15625,1,421.6008771929824,inf,2352,all cumulative-window cuts are feasible,reachability_lower,0,12,0.0,252.96052631578948,0.0
2012-09-06,67,7,611.3,106.328125,1,373.08114035087715,inf,2352,all cumulative-window cuts are feasible,reachability_lower,0,12,0.0,223.84868421052633,0.0
2012-09-06,67,8,611.3,107.265625,1,376.37061403508767,inf,2352,all cumulative-window cuts are feasible,reachability_lower,0,12,0.0,225.82236842105263,0.0
2012-09-06,67,9,611.3,118.203125,1,414.74780701754383,inf,2352,all cumulative-window cuts are feasible,reachability_lower,0,12,0.0,248.84868421052633,0.0
2012-09-07,68,0,611.3,112.65625,1,395.2850877192982,inf,2352,all cumulative-window cuts are feasible,reachability_lower,0,12,0.0,237.17105263157896,0.0
2012-09-07,68,1,611.3,99.296875,1,348.4100877192982,inf,2352,all cumulative-window cuts are feasible,reachability_lower,0,12,0.0,209.04605263157896,2.842170943040401e-14
2012-09-07,68,2,611.3,132.421875,1,464.6381578947368,inf,2352,all cumulative-window cuts are feasible,reachability_lower,0,12,0.0,278.78289473684214,0.0
2012-09-07,68,3,611.3,111.40625,1,390.89912280701753,inf,2352,all cumulative-window cuts are feasible,reachability_lower,0,12,0.0,234.53947368421055,0.0
2012-09-07,68,4,611.3,113.671875,1,398.8486842105263,inf,2352,all cumulative-window cuts are feasible,reachability_lower,0,12,0.0,239.3092105263158,0.0
2012-09-07,68,5,611.3,128.59375,1,451.2061403508771,inf,2352,all cumulative-window cuts are feasible,reachability_lower,0,12,0.0,270.7236842105263,0.0
2012-09-07,68,6,611.3,114.921875,1,403.23464912280696,inf,2352,all cumulative-window cuts are feasible,reachability_lower,0,12,0.0,241.94078947368422,0.0
2012-09-07,68,7,611.3,111.171875,1,390.0767543859649,inf,2352,all cumulative-window cuts are feasible,reachability_lower,0,12,0.0,234.04605263157896,0.0
2012-09-07,68,8,611.3,134.84375,1,473.13596491228066,inf,2352,all cumulative-window cuts are feasible,reachability_lower,0,12,0.0,283.88157894736844,0.0
2012-09-07,68,9,611.3,131.40625,1,461.0745614035087,inf,2352,all cumulative-window cuts are feasible,reachability_lower,0,12,0.0,276.64473684210526,0.0
2012-09-08,69,0,611.3,112.1875,1,393.64035087719293,inf,2352,all cumulative-window cuts are feasible,reachability_lower,0,12,0.0,236.1842105263158,2.842170943040401e-14
2012-09-08,69,1,611.3,112.65625,1,395.2850877192982,inf,2352,all cumulative-window cuts are feasible,reachability_lower,0,12,0.0,237.17105263157896,0.0
2012-09-08,69,2,611.3,89.0625,1,312.49999999999994,inf,2352,all cumulative-window cuts are feasible,reachability_lower,0,12,0.0,187.5,0.0
2012-09-08,69,3,611.3,79.6875,1,279.6052631578947,inf,2352,all cumulative-window cuts are feasible,reachability_lower,0,12,0.0,167.76315789473685,2.842170943040401e-14
2012-09-08,69,4,611.3,108.515625,1,380.7565789473684,inf,2352,all cumulative-window cuts are feasible,reachability_lower,0,12,0.0,228.45394736842107,0.0
2012-09-08,69,5,611.3,93.59375,1,328.39912280701753,inf,2352,all cumulative-window cuts are feasible,reachability_lower,0,12,0.0,197.03947368421055,0.0
2012-09-08,69,6,611.3,92.8125,1,325.657894736842,inf,2352,all cumulative-window cuts are feasible,reachability_lower,0,12,0.0,195.39473684210526,2.842170943040401e-14
2012-09-08,69,7,611.3,111.015625,1,389.5285087719298,inf,2352,all cumulative-window cuts are feasible,reachability_lower,0,12,0.0,233.71710526315792,0.0
2012-09-08,69,8,611.3,121.09375,1,424.89035087719293,inf,2352,all cumulative-window cuts are feasible,reachability_lower,0,12,0.0,254.9342105263158,0.0
2012-09-08,69,9,611.3,114.453125,1,401.5899122807017,inf,2352,all cumulative-window cuts are feasible,reachability_lower,0,12,0.0,240.95394736842107,2.842170943040401e-14
2012-09-09,70,0,611.3,117.421875,1,412.0065789473684,inf,2352,all cumulative-window cuts are feasible,reachability_lower,0,12,0.0,247.20394736842107,0.0
2012-09-09,70,1,611.3,127.1875,1,446.2719298245614,inf,2352,all cumulative-window cuts are feasible,reachability_lower,0,12,0.0,267.7631578947369,0.0
2012-09-09,70,2,611.3,115.546875,1,405.42763157894734,inf,2352,all cumulative-window cuts are feasible,reachability_lower,0,12,0.0,243.25657894736844,0.0
2012-09-09,70,3,611.3,102.734375,1,360.47149122807014,inf,2352,all cumulative-window cuts are feasible,reachability_lower,0,12,0.0,216.2828947368421,0.0
2012-09-09,70,4,611.3,114.453125,1,401.5899122807017,inf,2352,all cumulative-window cuts are feasible,reachability_lower,0,12,0.0,240.95394736842107,2.842170943040401e-14
2012-09-09,70,5,611.3,83.4375,1,292.7631578947368,inf,2352,all cumulative-window cuts are feasible,reachability_lower,0,12,0.0,175.6578947368421,0.0
2012-09-09,70,6,611.3,119.53125,1,419.4078947368421,inf,2352,all cumulative-window cuts are feasible,reachability_lower,0,12,0.0,251.6447368421053,0.0
2012-09-09,70,7,611.3,132.1875,1,463.8157894736841,inf,2352,all cumulative-window cuts are feasible,reachability_lower,0,12,0.0,278.2894736842105,0.0
2012-09-09,70,8,611.3,119.375,1,418.85964912280696,inf,2352,all cumulative-window cuts are feasible,reachability_lower,0,12,0.0,251.31578947368422,0.0
2012-09-09,70,9,611.3,106.40625,1,373.3552631578947,inf,2352,all cumulative-window cuts are feasible,reachability_lower,0,12,0.0,224.01315789473685,0.0
2012-09-10,71,0,611.3,97.65625,1,342.65350877192975,inf,2352,all cumulative-window cuts are feasible,reachability_lower,0,12,0.0,205.5921052631579,0.0
2012-09-10,71,1,611.3,93.671875,1,328.67324561403507,inf,2352,all cumulative-window cuts are feasible,reachability_lower,0,12,0.0,197.20394736842107,0.0
2012-09-10,71,2,611.3,93.671875,1,328.67324561403507,inf,2352,all cumulative-window cuts are feasible,reachability_lower,0,12,0.0,197.20394736842107,0.0
2012-09-10,71,3,611.3,81.40625,1,285.6359649122807,inf,2352,all cumulative-window cuts are feasible,reachability_lower,0,12,0.0,171.38157894736844,0.0
2012-09-10,71,4,611.3,81.09375,1,284.5394736842105,inf,2352,all cumulative-window cuts are feasible,reachability_lower,0,12,0.0,170.72368421052633,0.0
2012-09-10,71,5,611.3,71.015625,1,249.17763157894737,inf,2352,all cumulative-window cuts are feasible,reachability_lower,0,12,0.0,149.50657894736844,0.0
2012-09-10,71,6,611.3,99.21875,1,348.13596491228066,inf,2352,all cumulative-window cuts are feasible,reachability_lower,0,12,0.0,208.88157894736844,2.842170943040401e-14
2012-09-10,71,7,611.3,89.453125,1,313.87061403508767,inf,2352,all cumulative-window cuts are feasible,reachability_lower,0,12,0.0,188.32236842105263,0.0
2012-09-10,71,8,611.3,84.21875,1,295.5043859649122,inf,2352,all cumulative-window cuts are feasible,reachability_lower,0,12,0.0,177.30263157894737,0.0
2012-09-10,71,9,611.3,101.796875,1,357.1820175438596,inf,2352,all cumulative-window cuts are feasible,reachability_lower,0,12,0.0,214.3092105263158,0.0
2012-09-11,72,0,611.3,109.375,1,383.77192982456137,inf,2352,all cumulative-window cuts are feasible,reachability_lower,0,12,0.0,230.26315789473685,0.0
2012-09-11,72,1,611.3,106.71875,1,374.4517543859649,inf,2352,all cumulative-window cuts are feasible,reachability_lower,0,12,0.0,224.67105263157896,0.0
2012-09-11,72,2,611.3,88.4375,1,310.3070175438596,inf,2352,all cumulative-window cuts are feasible,reachability_lower,0,12,0.0,186.1842105263158,0.0
2012-09-11,72,3,611.3,86.640625,1,304.0021929824561,inf,2352,all cumulative-window cuts are feasible,reachability_lower,0,12,0.0,182.4013157894737,0.0
2012-09-11,72,4,611.3,99.84375,1,350.328947368421,inf,2352,all cumulative-window cuts are feasible,reachability_lower,0,12,0.0,210.19736842105263,0.0
2012-09-11,72,5,611.3,101.015625,1,354.4407894736842,inf,2352,all cumulative-window cuts are feasible,reachability_lower,0,12,0.0,212.66447368421055,-2.842170943040401e-14
2012-09-11,72,6,611.3,113.4375,1,398.02631578947364,inf,2352,all cumulative-window cuts are feasible,reachability_lower,0,12,0.0,238.81578947368422,0.0
2012-09-11,72,7,611.3,94.140625,1,330.3179824561403,inf,2352,all cumulative-window cuts are feasible,reachability_lower,0,12,0.0,198.19078947368422,0.0
2012-09-11,72,8,611.3,105.9375,1,371.7105263157894,inf,2352,all cumulative-window cuts are feasible,reachability_lower,0,12,0.0,223.0263157894737,0.0
2012-09-11,72,9,611.3,125.3125,1,439.6929824561403,inf,2352,all cumulative-window cuts are feasible,reachability_lower,0,12,0.0,263.8157894736842,0.0
2012-09-12,73,0,611.3,102.109375,1,358.2785087719298,inf,2352,all cumulative-window cuts are feasible,reachability_lower,0,12,0.0,214.96710526315792,0.0
2012-09-12,73,1,611.3,101.40625,1,355.8114035087719,inf,2352,all cumulative-window cuts are feasible,reachability_lower,0,12,0.0,213.48684210526318,0.0
2012-09-12,73,2,611.3,94.765625,1,332.51096491228066,inf,2352,all cumulative-window cuts are feasible,reachability_lower,0,12,0.0,199.50657894736844,2.842170943040401e-14
2012-09-12,73,3,611.3,84.921875,1,297.97149122807014,inf,2352,all cumulative-window cuts are feasible,reachability_lower,0,12,0.0,178.7828947368421,0.0
2012-09-12,73,4,611.3,94.0625,1,330.0438596491228,inf,2352,all cumulative-window cuts are feasible,reachability_lower,0,12,0.0,198.0263157894737,0.0
2012-09-12,73,5,611.3,82.265625,1,288.65131578947364,inf,2352,all cumulative-window cuts are feasible,reachability_lower,0,12,0.0,173.19078947368422,0.0
2012-09-12,73,6,611.3,100.703125,1,353.344298245614,inf,2352,all cumulative-window cuts are feasible,reachability_lower,0,12,0.0,212.00657894736844,0.0
2012-09-12,73,7,611.3,91.875,1,322.36842105263156,inf,2352,all cumulative-window cuts are feasible,reachability_lower,0,12,0.0,193.42105263157896,0.0
2012-09-12,73,8,611.3,80.15625,1,281.24999999999994,inf,2352,all cumulative-window cuts are feasible,reachability_lower,0,12,0.0,168.75,0.0
2012-09-12,73,9,611.3,101.5625,1,356.35964912280696,inf,2352,all cumulative-window cuts are feasible,reachability_lower,0,12,0.0,213.81578947368422,0.0
2012-09-13,74,0,611.3,158.359375,1,555.6469298245614,inf,2352,all cumulative-window cuts are feasible,reachability_lower,0,12,0.0,333.3881578947369,0.0
2012-09-13,74,1,611.3,148.828125,1,522.203947368421,inf,2352,all cumulative-window cuts are feasible,reachability_lower,0,12,0.0,313.32236842105266,0.0
2012-09-13,74,2,611.3,144.0625,1,505.4824561403508,inf,2352,all cumulative-window cuts are feasible,reachability_lower,0,12,0.0,303.2894736842105,0.0
2012-09-13,74,3,611.3,135.78125,1,476.4254385964912,inf,2352,all cumulative-window cuts are feasible,reachability_lower,0,12,0.0,285.85526315789474,0.0
2012-09-13,74,4,611.3,141.875,1,497.80701754385956,inf,2352,all cumulative-window cuts are feasible,reachability_lower,0,12,0.0,298.6842105263158,0.0
2012-09-13,74,5,611.3,137.96875,1,484.1008771929824,inf,2352,all cumulative-window cuts are feasible,reachability_lower,0,12,0.0,290.4605263157895,0.0
2012-09-13,74,6,611.3,136.71875,1,479.71491228070164,inf,2352,all cumulative-window cuts are feasible,reachability_lower,0,12,0.0,287.82894736842104,0.0
2012-09-13,74,7,611.3,157.65625,1,553.1798245614035,inf,2352,all cumulative-window cuts are feasible,reachability_lower,0,12,0.0,331.90789473684214,0.0
2012-09-13,74,8,611.3,147.65625,1,518.0921052631578,inf,2352,all cumulative-window cuts are feasible,reachability_lower,0,12,0.0,310.85526315789474,0.0
2012-09-13,74,9,611.3,147.421875,1,517.2697368421052,inf,2352,all cumulative-window cuts are feasible,reachability_lower,0,12,0.0,310.3618421052632,0.0
2012-09-14,75,0,611.3,95.703125,1,335.8004385964912,inf,2352,all cumulative-window cuts are feasible,reachability_lower,0,12,0.0,201.48026315789474,0.0
2012-09-14,75,1,611.3,104.84375,1,367.87280701754383,inf,2352,all cumulative-window cuts are feasible,reachability_lower,0,12,0.0,220.72368421052633,0.0
2012-09-14,75,2,611.3,106.40625,1,373.3552631578947,inf,2352,all cumulative-window cuts are feasible,reachability_lower,0,12,0.0,224.01315789473685,0.0
2012-09-14,75,3,611.3,64.84375,1,227.52192982456137,inf,2352,all cumulative-window cuts are feasible,reachability_lower,0,12,0.0,136.51315789473685,0.0
2012-09-14,75,4,611.3,82.578125,1,289.74780701754383,inf,2352,all cumulative-window cuts are feasible,reachability_lower,0,12,0.0,173.84868421052633,0.0
2012-09-14,75,5,611.3,80.78125,1,283.4429824561403,inf,2352,all cumulative-window cuts are feasible,reachability_lower,0,12,0.0,170.06578947368422,0.0
2012-09-14,75,6,611.3,102.578125,1,359.92324561403507,inf,2352,all cumulative-window cuts are feasible,reachability_lower,0,12,0.0,215.95394736842107,0.0
2012-09-14,75,7,611.3,92.890625,1,325.9320175438596,inf,2352,all cumulative-window cuts are feasible,reachability_lower,0,12,0.0,195.5592105263158,0.0
2012-09-14,75,8,611.3,98.75,1,346.4912280701754,inf,2352,all cumulative-window cuts are feasible,reachability_lower,0,12,0.0,207.89473684210526,0.0
2012-09-14,75,9,611.3,109.453125,1,384.0460526315789,inf,2352,all cumulative-window cuts are feasible,reachability_lower,0,12,0.0,230.42763157894737,0.0
2012-09-15,76,0,611.3,117.5,1,412.2807017543859,inf,2352,all cumulative-window cuts are feasible,reachability_lower,0,12,0.0,247.3684210526316,0.0
2012-09-15,76,1,611.3,132.265625,1,464.08991228070164,inf,2352,all cumulative-window cuts are feasible,reachability_lower,0,12,0.0,278.45394736842104,0.0
2012-09-15,76,2,611.3,103.203125,1,362.1162280701754,inf,2352,all cumulative-window cuts are feasible,reachability_lower,0,12,0.0,217.26973684210526,0.0
2012-09-15,76,3,611.3,97.578125,1,342.3793859649122,inf,2352,all cumulative-window cuts are feasible,reachability_lower,0,12,0.0,205.42763157894737,0.0
2012-09-15,76,4,611.3,125.46875,1,440.2412280701754,inf,2352,all cumulative-window cuts are feasible,reachability_lower,0,12,0.0,264.14473684210526,0.0
2012-09-15,76,5,611.3,101.796875,1,357.1820175438596,inf,2352,all cumulative-window cuts are feasible,reachability_lower,0,12,0.0,214.3092105263158,0.0
2012-09-15,76,6,611.3,135.703125,1,476.15131578947364,inf,2352,all cumulative-window cuts are feasible,reachability_lower,0,12,0.0,285.6907894736842,0.0
2012-09-15,76,7,611.3,140.3125,1,492.3245614035087,inf,2352,all cumulative-window cuts are feasible,reachability_lower,0,12,0.0,295.39473684210526,0.0
2012-09-15,76,8,611.3,124.296875,1,436.1293859649123,inf,2352,all cumulative-window cuts are feasible,reachability_lower,0,12,0.0,261.6776315789474,0.0
2012-09-15,76,9,611.3,118.828125,1,416.94078947368416,inf,2352,all cumulative-window cuts are feasible,reachability_lower,0,12,0.0,250.16447368421055,0.0
2012-09-16,77,0,611.3,114.0625,1,400.219298245614,inf,2352,all cumulative-window cuts are feasible,reachability_lower,0,12,0.0,240.13157894736844,0.0
2012-09-16,77,1,611.3,107.65625,1,377.7412280701754,inf,2352,all cumulative-window cuts are feasible,reachability_lower,0,12,0.0,226.64473684210526,0.0
2012-09-16,77,2,611.3,103.046875,1,361.5679824561403,inf,2352,all cumulative-window cuts are feasible,reachability_lower,0,12,0.0,216.94078947368422,0.0
2012-09-16,77,3,611.3,123.125,1,432.0175438596491,inf,2352,all cumulative-window cuts are feasible,reachability_lower,0,12,0.0,259.2105263157895,0.0
2012-09-16,77,4,611.3,102.96875,1,361.2938596491228,inf,2352,all cumulative-window cuts are feasible,reachability_lower,0,12,0.0,216.7763157894737,0.0
2012-09-16,77,5,611.3,89.609375,1,314.4188596491228,inf,2352,all cumulative-window cuts are feasible,reachability_lower,0,12,0.0,188.6513157894737,0.0
2012-09-16,77,6,611.3,119.375,1,418.85964912280696,inf,2352,all cumulative-window cuts are feasible,reachability_lower,0,12,0.0,251.31578947368422,0.0
2012-09-16,77,7,611.3,115.390625,1,404.8793859649122,inf,2352,all cumulative-window cuts are feasible,reachability_lower,0,12,0.0,242.92763157894737,0.0
2012-09-16,77,8,611.3,87.734375,1,307.83991228070175,inf,2352,all cumulative-window cuts are feasible,reachability_lower,0,12,0.0,184.70394736842107,0.0
2012-09-16,77,9,611.3,121.71875,1,427.08333333333326,inf,2352,all cumulative-window cuts are feasible,reachability_lower,0,12,0.0,256.25,0.0
2012-09-17,78,0,611.3,132.421875,1,464.6381578947368,inf,2352,all cumulative-window cuts are feasible,reachability_lower,0,12,0.0,278.78289473684214,0.0
2012-09-17,78,1,611.3,122.1875,1,428.7280701754386,inf,2352,all cumulative-window cuts are feasible,reachability_lower,0,12,0.0,257.2368421052632,0.0
2012-09-17,78,2,611.3,121.71875,1,427.08333333333326,inf,2352,all cumulative-window cuts are feasible,reachability_lower,0,12,0.0,256.25,0.0
2012-09-17,78,3,611.3,98.90625,1,347.0394736842105,inf,2352,all cumulative-window cuts are feasible,reachability_lower,0,12,0.0,208.22368421052633,0.0
2012-09-17,78,4,611.3,131.328125,1,460.8004385964912,inf,2352,all cumulative-window cuts are feasible,reachability_lower,0,12,0.0,276.48026315789474,0.0
2012-09-17,78,5,611.3,97.109375,1,340.73464912280696,inf,2352,all cumulative-window cuts are feasible,reachability_lower,0,12,0.0,204.44078947368422,2.842170943040401e-14
2012-09-17,78,6,611.3,127.109375,1,445.9978070175438,inf,2352,all cumulative-window cuts are feasible,reachability_lower,0,12,0.0,267.5986842105263,0.0
2012-09-17,78,7,611.3,121.796875,1,427.3574561403508,inf,2352,all cumulative-window cuts are feasible,reachability_lower,0,12,0.0,256.4144736842105,0.0
2012-09-17,78,8,611.3,111.953125,1,392.8179824561403,inf,2352,all cumulative-window cuts are feasible,reachability_lower,0,12,0.0,235.69078947368422,0.0
2012-09-17,78,9,611.3,134.921875,1,473.4100877192982,inf,2352,all cumulative-window cuts are feasible,reachability_lower,0,12,0.0,284.04605263157896,0.0
2012-09-18,79,0,611.3,86.796875,1,304.5504385964912,inf,2352,all cumulative-window cuts are feasible,reachability_lower,0,12,0.0,182.73026315789474,0.0
2012-09-18,79,1,611.3,106.71875,1,374.4517543859649,inf,2352,all cumulative-window cuts are feasible,reachability_lower,0,12,0.0,224.67105263157896,0.0
2012-09-18,79,2,611.3,77.65625,1,272.4780701754386,inf,2352,all cumulative-window cuts are feasible,reachability_lower,0,12,0.0,163.48684210526318,0.0
2012-09-18,79,3,611.3,78.984375,1,277.1381578947368,inf,2352,all cumulative-window cuts are feasible,reachability_lower,0,12,0.0,166.2828947368421,0.0
2012-09-18,79,4,611.3,85.3125,1,299.34210526315786,inf,2352,all cumulative-window cuts are feasible,reachability_lower,0,12,0.0,179.60526315789474,0.0
2012-09-18,79,5,611.3,85.15625,1,298.7938596491228,inf,2352,all cumulative-window cuts are feasible,reachability_lower,0,12,0.0,179.2763157894737,0.0
2012-09-18,79,6,611.3,103.359375,1,362.6644736842105,inf,2352,all cumulative-window cuts are feasible,reachability_lower,0,12,0.0,217.59868421052633,-2.842170943040401e-14
2012-09-18,79,7,611.3,82.8125,1,290.57017543859644,inf,2352,all cumulative-window cuts are feasible,reachability_lower,0,12,0.0,174.3421052631579,0.0
2012-09-18,79,8,611.3,78.828125,1,276.58991228070175,inf,2352,all cumulative-window cuts are feasible,reachability_lower,0,12,0.0,165.95394736842107,0.0
2012-09-18,79,9,611.3,109.296875,1,383.49780701754383,inf,2352,all cumulative-window cuts are feasible,reachability_lower,0,12,0.0,230.09868421052633,0.0
2012-09-19,80,0,611.3,110.390625,1,387.3355263157894,inf,2352,all cumulative-window cuts are feasible,reachability_lower,0,12,0.0,232.4013157894737,0.0
2012-09-19,80,1,611.3,114.921875,1,403.23464912280696,inf,2352,all cumulative-window cuts are feasible,reachability_lower,0,12,0.0,241.94078947368422,0.0
2012-09-19,80,2,611.3,97.65625,1,342.65350877192975,inf,2352,all cumulative-window cuts are feasible,reachability_lower,0,12,0.0,205.5921052631579,0.0
2012-09-19,80,3,611.3,95.9375,1,336.62280701754383,inf,2352,all cumulative-window cuts are feasible,reachability_lower,0,12,0.0,201.97368421052633,0.0
2012-09-19,80,4,611.3,108.046875,1,379.1118421052631,inf,2352,all cumulative-window cuts are feasible,reachability_lower,0,12,0.0,227.46710526315792,0.0
2012-09-19,80,5,611.3,90.703125,1,318.2565789473684,inf,2352,all cumulative-window cuts are feasible,reachability_lower,0,12,0.0,190.95394736842107,0.0
2012-09-19,80,6,611.3,120.625,1,423.24561403508767,inf,2352,all cumulative-window cuts are feasible,reachability_lower,0,12,0.0,253.94736842105263,0.0
2012-09-19,80,7,611.3,104.6875,1,367.3245614035087,inf,2352,all cumulative-window cuts are feasible,reachability_lower,0,12,0.0,220.39473684210526,0.0
2012-09-19,80,8,611.3,92.890625,1,325.9320175438596,inf,2352,all cumulative-window cuts are feasible,reachability_lower,0,12,0.0,195.5592105263158,0.0
2012-09-19,80,9,611.3,113.671875,1,398.8486842105263,inf,2352,all cumulative-window cuts are feasible,reachability_lower,0,12,0.0,239.3092105263158,0.0
2012-09-20,81,0,611.3,91.171875,1,319.90131578947364,inf,2352,all cumulative-window cuts are feasible,reachability_lower,0,12,0.0,191.94078947368422,0.0
2012-09-20,81,1,611.3,97.1875,1,341.0087719298245,inf,2352,all cumulative-window cuts are feasible,reachability_lower,0,12,0.0,204.60526315789474,2.842170943040401e-14
2012-09-20,81,2,611.3,83.28125,1,292.21491228070175,inf,2352,all cumulative-window cuts are feasible,reachability_lower,0,12,0.0,175.32894736842107,0.0
2012-09-20,81,3,611.3,73.75,1,258.77192982456137,inf,2352,all cumulative-window cuts are feasible,reachability_lower,0,12,0.0,155.26315789473685,0.0
2012-09-20,81,4,611.3,100.546875,1,352.7960526315789,inf,2352,all cumulative-window cuts are feasible,reachability_lower,0,12,0.0,211.67763157894737,0.0
2012-09-20,81,5,611.3,80.078125,1,280.9758771929824,inf,2352,all cumulative-window cuts are feasible,reachability_lower,0,12,0.0,168.58552631578948,0.0
2012-09-20,81,6,611.3,110.859375,1,388.9802631578947,inf,2352,all cumulative-window cuts are feasible,reachability_lower,0,12,0.0,233.38815789473685,0.0
2012-09-20,81,7,611.3,99.0625,1,347.5877192982456,inf,2352,all cumulative-window cuts are feasible,reachability_lower,0,12,0.0,208.55263157894737,0.0
2012-09-20,81,8,611.3,79.140625,1,277.68640350877195,inf,2352,all cumulative-window cuts are feasible,reachability_lower,0,12,0.0,166.61184210526318,0.0
2012-09-20,81,9,611.3,102.578125,1,359.92324561403507,inf,2352,all cumulative-window cuts are feasible,reachability_lower,0,12,0.0,215.95394736842107,0.0
2012-09-21,82,0,611.3,116.40625,1,408.4429824561403,inf,2352,all cumulative-window cuts are feasible,reachability_lower,0,12,0.0,245.06578947368422,0.0
2012-09-21,82,1,611.3,117.96875,1,413.9254385964912,inf,2352,all cumulative-window cuts are feasible,reachability_lower,0,12,0.0,248.35526315789474,0.0
2012-09-21,82,2,611.3,103.046875,1,361.5679824561403,inf,2352,all cumulative-window cuts are feasible,reachability_lower,0,12,0.0,216.94078947368422,0.0
2012-09-21,82,3,611.3,88.75,1,311.40350877192975,inf,2352,all cumulative-window cuts are feasible,reachability_lower,0,12,0.0,186.8421052631579,0.0
2012-09-21,82,4,611.3,103.90625,1,364.58333333333326,inf,2352,all cumulative-window cuts are feasible,reachability_lower,0,12,0.0,218.75,0.0
2012-09-21,82,5,611.3,99.296875,1,348.4100877192982,inf,2352,all cumulative-window cuts are feasible,reachability_lower,0,12,0.0,209.04605263157896,2.842170943040401e-14
2012-09-21,82,6,611.3,117.5,1,412.2807017543859,inf,2352,all cumulative-window cuts are feasible,reachability_lower,0,12,0.0,247.3684210526316,0.0
2012-09-21,82,7,611.3,117.421875,1,412.0065789473684,inf,2352,all cumulative-window cuts are feasible,reachability_lower,0,12,0.0,247.20394736842107,0.0
2012-09-21,82,8,611.3,113.90625,1,399.6710526315789,inf,2352,all cumulative-window cuts are feasible,reachability_lower,0,12,0.0,239.80263157894737,0.0
2012-09-21,82,9,611.3,134.765625,1,472.8618421052631,inf,2352,all cumulative-window cuts are feasible,reachability_lower,0,12,0.0,283.7171052631579,0.0
2012-09-22,83,0,611.3,126.25,1,442.9824561403508,inf,2352,all cumulative-window cuts are feasible,reachability_lower,0,12,0.0,265.7894736842105,0.0
2012-09-22,83,1,611.3,125.0,1,438.5964912280702,inf,2352,all cumulative-window cuts are feasible,reachability_lower,0,12,0.0,263.15789473684214,0.0
2012-09-22,83,2,611.3,88.90625,1,311.9517543859649,inf,2352,all cumulative-window cuts are feasible,reachability_lower,0,12,0.0,187.17105263157896,0.0
2012-09-22,83,3,611.3,85.703125,1,300.7127192982456,inf,2352,all cumulative-window cuts are feasible,reachability_lower,0,12,0.0,180.42763157894737,0.0
2012-09-22,83,4,611.3,118.671875,1,416.3925438596491,inf,2352,all cumulative-window cuts are feasible,reachability_lower,0,12,0.0,249.83552631578948,-2.842170943040401e-14
2012-09-22,83,5,611.3,85.625,1,300.43859649122805,inf,2352,all cumulative-window cuts are feasible,reachability_lower,0,12,0.0,180.26315789473685,0.0
2012-09-22,83,6,611.3,114.921875,1,403.23464912280696,inf,2352,all cumulative-window cuts are feasible,reachability_lower,0,12,0.0,241.94078947368422,0.0
2012-09-22,83,7,611.3,135.390625,1,475.0548245614035,inf,2352,all cumulative-window cuts are feasible,reachability_lower,0,12,0.0,285.03289473684214,0.0
2012-09-22,83,8,611.3,103.828125,1,364.3092105263157,inf,2352,all cumulative-window cuts are feasible,reachability_lower,0,12,0.0,218.58552631578948,0.0
2012-09-22,83,9,611.3,125.625,1,440.78947368421046,inf,2352,all cumulative-window cuts are feasible,reachability_lower,0,12,0.0,264.4736842105263,0.0
2012-09-23,84,0,611.3,119.140625,1,418.0372807017543,inf,2352,all cumulative-window cuts are feasible,reachability_lower,0,12,0.0,250.82236842105263,0.0
2012-09-23,84,1,611.3,110.78125,1,388.70614035087715,inf,2352,all cumulative-window cuts are feasible,reachability_lower,0,12,0.0,233.22368421052633,0.0
2012-09-23,84,2,611.3,88.28125,1,309.75877192982455,inf,2352,all cumulative-window cuts are feasible,reachability_lower,0,12,0.0,185.85526315789474,-2.842170943040401e-14
2012-09-23,84,3,611.3,94.140625,1,330.3179824561403,inf,2352,all cumulative-window cuts are feasible,reachability_lower,0,12,0.0,198.19078947368422,0.0
2012-09-23,84,4,611.3,115.078125,1,403.7828947368421,inf,2352,all cumulative-window cuts are feasible,reachability_lower,0,12,0.0,242.2697368421053,0.0
2012-09-23,84,5,611.3,118.671875,1,416.3925438596491,inf,2352,all cumulative-window cuts are feasible,reachability_lower,0,12,0.0,249.83552631578948,-2.842170943040401e-14
2012-09-23,84,6,611.3,114.375,1,401.31578947368416,inf,2352,all cumulative-window cuts are feasible,reachability_lower,0,12,0.0,240.78947368421055,2.842170943040401e-14
2012-09-23,84,7,611.3,99.921875,1,350.6030701754386,inf,2352,all cumulative-window cuts are feasible,reachability_lower,0,12,0.0,210.36184210526318,0.0
2012-09-23,84,8,611.3,107.1875,1,376.09649122807014,inf,2352,all cumulative-window cuts are feasible,reachability_lower,0,12,0.0,225.6578947368421,0.0
2012-09-23,84,9,611.3,116.40625,1,408.4429824561403,inf,2352,all cumulative-window cuts are feasible,reachability_lower,0,12,0.0,245.06578947368422,0.0
2012-09-24,85,0,611.3,107.96875,1,378.8377192982456,inf,2352,all cumulative-window cuts are feasible,reachability_lower,0,12,0.0,227.30263157894737,-2.842170943040401e-14
2012-09-24,85,1,611.3,104.453125,1,366.5021929824561,inf,2352,all cumulative-window cuts are feasible,reachability_lower,0,12,0.0,219.9013157894737,0.0
2012-09-24,85,2,611.3,110.078125,1,386.23903508771923,inf,2352,all cumulative-window cuts are feasible,reachability_lower,0,12,0.0,231.7434210526316,2.842170943040401e-14
2012-09-24,85,3,611.3,70.234375,1,246.43640350877192,inf,2352,all cumulative-window cuts are feasible,reachability_lower,0,12,0.0,147.86184210526318,0.0
2012-09-24,85,4,611.3,92.96875,1,326.20614035087715,inf,2352,all cumulative-window cuts are feasible,reachability_lower,0,12,0.0,195.72368421052633,0.0
2012-09-24,85,5,611.3,69.84375,1,245.06578947368416,inf,2352,all cumulative-window cuts are feasible,reachability_lower,0,12,0.0,147.03947368421052,0.0
2012-09-24,85,6,611.3,95.3125,1,334.42982456140345,inf,2352,all cumulative-window cuts are feasible,reachability_lower,0,12,0.0,200.6578947368421,0.0
2012-09-24,85,7,611.3,94.140625,1,330.3179824561403,inf,2352,all cumulative-window cuts are feasible,reachability_lower,0,12,0.0,198.19078947368422,0.0
2012-09-24,85,8,611.3,79.296875,1,278.234649122807,inf,2352,all cumulative-window cuts are feasible,reachability_lower,0,12,0.0,166.94078947368422,0.0
2012-09-24,85,9,611.3,106.328125,1,373.08114035087715,inf,2352,all cumulative-window cuts are feasible,reachability_lower,0,12,0.0,223.84868421052633,0.0
2012-09-25,86,0,611.3,127.34375,1,446.8201754385965,inf,2352,all cumulative-window cuts are feasible,reachability_lower,0,12,0.0,268.0921052631579,0.0
2012-09-25,86,1,611.3,124.21875,1,435.85526315789474,inf,2352,all cumulative-window cuts are feasible,reachability_lower,0,12,0.0,261.5131578947369,0.0
2012-09-25,86,2,611.3,131.40625,1,461.0745614035087,inf,2352,all cumulative-window cuts are feasible,reachability_lower,0,12,0.0,276.64473684210526,0.0
2012-09-25,86,3,611.3,110.234375,1,386.7872807017543,inf,2352,all cumulative-window cuts are feasible,reachability_lower,0,12,0.0,232.07236842105263,2.842170943040401e-14
2012-09-25,86,4,611.3,128.203125,1,449.8355263157894,inf,2352,all cumulative-window cuts are feasible,reachability_lower,0,12,0.0,269.9013157894737,0.0
2012-09-25,86,5,611.3,103.671875,1,363.76096491228066,inf,2352,all cumulative-window cuts are feasible,reachability_lower,0,12,0.0,218.25657894736844,0.0
2012-09-25,86,6,611.3,125.234375,1,439.4188596491228,inf,2352,all cumulative-window cuts are feasible,reachability_lower,0,12,0.0,263.6513157894737,0.0
2012-09-25,86,7,611.3,122.109375,1,428.45394736842104,inf,2352,all cumulative-window cuts are feasible,reachability_lower,0,12,0.0,257.07236842105266,0.0
2012-09-25,86,8,611.3,118.828125,1,416.94078947368416,inf,2352,all cumulative-window cuts are feasible,reachability_lower,0,12,0.0,250.16447368421055,0.0
2012-09-25,86,9,611.3,138.671875,1,486.56798245614027,inf,2352,all cumulative-window cuts are feasible,reachability_lower,0,12,0.0,291.9407894736842,0.0
2012-09-26,87,0,611.3,117.109375,1,410.9100877192982,inf,2352,all cumulative-window cuts are feasible,reachability_lower,0,12,0.0,246.54605263157896,0.0
2012-09-26,87,1,611.3,99.921875,1,350.6030701754386,inf,2352,all cumulative-window cuts are feasible,reachability_lower,0,12,0.0,210.36184210526318,0.0
2012-09-26,87,2,611.3,81.015625,1,284.265350877193,inf,2352,all cumulative-window cuts are feasible,reachability_lower,0,12,0.0,170.5592105263158,0.0
2012-09-26,87,3,611.3,78.515625,1,275.49342105263156,inf,2352,all cumulative-window cuts are feasible,reachability_lower,0,12,0.0,165.29605263157896,0.0
2012-09-26,87,4,611.3,112.5,1,394.7368421052631,inf,2352,all cumulative-window cuts are feasible,reachability_lower,0,12,0.0,236.84210526315792,0.0
2012-09-26,87,5,611.3,89.53125,1,314.14473684210526,inf,2352,all cumulative-window cuts are feasible,reachability_lower,0,12,0.0,188.48684210526318,0.0
2012-09-26,87,6,611.3,94.0625,1,330.0438596491228,inf,2352,all cumulative-window cuts are feasible,reachability_lower,0,12,0.0,198.0263157894737,0.0
2012-09-26,87,7,611.3,90.3125,1,316.8859649122807,inf,2352,all cumulative-window cuts are feasible,reachability_lower,0,12,0.0,190.13157894736844,-2.842170943040401e-14
2012-09-26,87,8,611.3,117.8125,1,413.3771929824561,inf,2352,all cumulative-window cuts are feasible,reachability_lower,0,12,0.0,248.0263157894737,0.0
2012-09-26,87,9,611.3,110.546875,1,387.8837719298245,inf,2352,all cumulative-window cuts are feasible,reachability_lower,0,12,0.0,232.73026315789474,0.0
2012-09-27,88,0,611.3,112.96875,1,396.3815789473684,inf,2352,all cumulative-window cuts are feasible,reachability_lower,0,12,0.0,237.82894736842107,0.0
2012-09-27,88,1,611.3,101.015625,1,354.4407894736842,inf,2352,all cumulative-window cuts are feasible,reachability_lower,0,12,0.0,212.66447368421055,-2.842170943040401e-14
2012-09-27,88,2,611.3,89.296875,1,313.3223684210526,inf,2352,all cumulative-window cuts are feasible,reachability_lower,0,12,0.0,187.9934210526316,0.0
2012-09-27,88,3,611.3,97.578125,1,342.3793859649122,inf,2352,all cumulative-window cuts are feasible,reachability_lower,0,12,0.0,205.42763157894737,0.0
2012-09-27,88,4,611.3,105.3125,1,369.5175438596491,inf,2352,all cumulative-window cuts are feasible,reachability_lower,0,12,0.0,221.71052631578948,0.0
2012-09-27,88,5,611.3,91.40625,1,320.7236842105263,inf,2352,all cumulative-window cuts are feasible,reachability_lower,0,12,0.0,192.4342105263158,0.0
2012-09-27,88,6,611.3,109.84375,1,385.41666666666663,inf,2352,all cumulative-window cuts are feasible,reachability_lower,0,12,0.0,231.25,0.0
2012-09-27,88,7,611.3,114.609375,1,402.13815789473676,inf,2352,all cumulative-window cuts are feasible,reachability_lower,0,12,0.0,241.2828947368421,2.842170943040401e-14
2012-09-27,88,8,611.3,97.890625,1,343.4758771929824,inf,2352,all cumulative-window cuts are feasible,reachability_lower,0,12,0.0,206.08552631578948,0.0
2012-09-27,88,9,611.3,118.671875,1,416.3925438596491,inf,2352,all cumulative-window cuts are feasible,reachability_lower,0,12,0.0,249.83552631578948,-2.842170943040401e-14
2012-09-28,89,0,611.3,116.796875,1,409.813596491228,inf,2352,all cumulative-window cuts are feasible,reachability_lower,0,12,0.0,245.88815789473685,2.842170943040401e-14
2012-09-28,89,1,611.3,119.6875,1,419.95614035087715,inf,2352,all cumulative-window cuts are feasible,reachability_lower,0,12,0.0,251.97368421052633,0.0
2012-09-28,89,2,611.3,90.703125,1,318.2565789473684,inf,2352,all cumulative-window cuts are feasible,reachability_lower,0,12,0.0,190.95394736842107,0.0
2012-09-28,89,3,611.3,92.5,1,324.5614035087719,inf,2352,all cumulative-window cuts are feasible,reachability_lower,0,12,0.0,194.73684210526318,2.842170943040401e-14
2012-09-28,89,4,611.3,124.84375,1,438.048245614035,inf,2352,all cumulative-window cuts are feasible,reachability_lower,0,12,0.0,262.82894736842104,0.0
2012-09-28,89,5,611.3,96.71875,1,339.3640350877193,inf,2352,all cumulative-window cuts are feasible,reachability_lower,0,12,0.0,203.6184210526316,0.0
2012-09-28,89,6,611.3,111.25,1,390.3508771929824,inf,2352,all cumulative-window cuts are feasible,reachability_lower,0,12,0.0,234.21052631578948,0.0
2012-09-28,89,7,611.3,112.890625,1,396.10745614035085,inf,2352,all cumulative-window cuts are feasible,reachability_lower,0,12,0.0,237.66447368421055,0.0
2012-09-28,89,8,611.3,124.296875,1,436.1293859649123,inf,2352,all cumulative-window cuts are feasible,reachability_lower,0,12,0.0,261.6776315789474,0.0
2012-09-28,89,9,611.3,131.640625,1,461.89692982456137,inf,2352,all cumulative-window cuts are feasible,reachability_lower,0,12,0.0,277.1381578947369,0.0
2012-09-29,90,0,611.3,115.078125,1,403.7828947368421,inf,2352,all cumulative-window cuts are feasible,reachability_lower,0,12,0.0,242.2697368421053,0.0
2012-09-29,90,1,611.3,125.15625,1,439.14473684210526,inf,2352,all cumulative-window cuts are feasible,reachability_lower,0,12,0.0,263.4868421052632,0.0
2012-09-29,90,2,611.3,98.515625,1,345.6688596491228,inf,2352,all cumulative-window cuts are feasible,reachability_lower,0,12,0.0,207.4013157894737,0.0
2012-09-29,90,3,611.3,118.984375,1,417.48903508771923,inf,2352,all cumulative-window cuts are feasible,reachability_lower,0,12,0.0,250.4934210526316,0.0
2012-09-29,90,4,611.3,145.234375,1,509.59429824561397,inf,2352,all cumulative-window cuts are feasible,reachability_lower,0,12,0.0,305.75657894736844,0.0
2012-09-29,90,5,611.3,94.6875,1,332.2368421052631,inf,2352,all cumulative-window cuts are feasible,reachability_lower,0,12,0.0,199.3421052631579,0.0
2012-09-29,90,6,611.3,116.5625,1,408.9912280701754,inf,2352,all cumulative-window cuts are feasible,reachability_lower,0,12,0.0,245.3947368421053,2.842170943040401e-14
2012-09-29,90,7,611.3,109.453125,1,384.0460526315789,inf,2352,all cumulative-window cuts are feasible,reachability_lower,0,12,0.0,230.42763157894737,0.0
2012-09-29,90,8,611.3,111.25,1,390.3508771929824,inf,2352,all cumulative-window cuts are feasible,reachability_lower,0,12,0.0,234.21052631578948,0.0
2012-09-29,90,9,611.3,117.578125,1,412.55482456140345,inf,2352,all cumulative-window cuts are feasible,reachability_lower,0,12,0.0,247.5328947368421,0.0
2012-09-30,91,0,611.3,101.796875,1,357.1820175438596,inf,2352,all cumulative-window cuts are feasible,reachability_lower,0,12,0.0,214.3092105263158,0.0
2012-09-30,91,1,611.3,106.40625,1,373.3552631578947,inf,2352,all cumulative-window cuts are feasible,reachability_lower,0,12,0.0,224.01315789473685,0.0
2012-09-30,91,2,611.3,86.71875,1,304.27631578947364,inf,2352,all cumulative-window cuts are feasible,reachability_lower,0,12,0.0,182.56578947368422,0.0
2012-09-30,91,3,611.3,95.546875,1,335.2521929824561,inf,2352,all cumulative-window cuts are feasible,reachability_lower,0,12,0.0,201.1513157894737,0.0
2012-09-30,91,4,611.3,106.171875,1,372.532894736842,inf,2352,all cumulative-window cuts are feasible,reachability_lower,0,12,0.0,223.51973684210526,0.0
2012-09-30,91,5,611.3,114.0625,1,400.219298245614,inf,2352,all cumulative-window cuts are feasible,reachability_lower,0,12,0.0,240.13157894736844,0.0
2012-09-30,91,6,611.3,125.703125,1,441.06359649122805,inf,2352,all cumulative-window cuts are feasible,reachability_lower,0,12,0.0,264.6381578947369,0.0
2012-09-30,91,7,611.3,93.046875,1,326.4802631578947,inf,2352,all cumulative-window cuts are feasible,reachability_lower,0,12,0.0,195.88815789473685,0.0
2012-09-30,91,8,611.3,117.265625,1,411.45833333333326,inf,2352,all cumulative-window cuts are feasible,reachability_lower,0,12,0.0,246.875,0.0
2012-09-30,91,9,611.3,121.25,1,425.438596491228,inf,2352,all cumulative-window cuts are feasible,reachability_lower,0,12,0.0,255.26315789473685,0.0
2012-10-01,92,0,611.3,130.703125,1,458.6074561403508,inf,2352,all cumulative-window cuts are feasible,reachability_lower,0,12,0.0,275.1644736842105,0.0
2012-10-01,92,1,611.3,130.625,1,458.33333333333326,inf,2352,all cumulative-window cuts are feasible,reachability_lower,0,12,0.0,275.0,0.0
2012-10-01,92,2,611.3,97.421875,1,341.83114035087715,inf,2352,all cumulative-window cuts are feasible,reachability_lower,0,12,0.0,205.09868421052633,0.0
2012-10-01,92,3,611.3,102.265625,1,358.8267543859649,inf,2352,all cumulative-window cuts are feasible,reachability_lower,0,12,0.0,215.29605263157896,0.0
2012-10-01,92,4,611.3,139.609375,1,489.8574561403508,inf,2352,all cumulative-window cuts are feasible,reachability_lower,0,12,0.0,293.9144736842105,0.0
2012-10-01,92,5,611.3,112.5,1,394.7368421052631,inf,2352,all cumulative-window cuts are feasible,reachability_lower,0,12,0.0,236.84210526315792,0.0
2012-10-01,92,6,611.3,124.53125,1,436.9517543859649,inf,2352,all cumulative-window cuts are feasible,reachability_lower,0,12,0.0,262.17105263157896,0.0
2012-10-01,92,7,611.3,137.421875,1,482.18201754385956,inf,2352,all cumulative-window cuts are feasible,reachability_lower,0,12,0.0,289.3092105263158,0.0
2012-10-01,92,8,611.3,121.171875,1,425.16447368421046,inf,2352,all cumulative-window cuts are feasible,reachability_lower,0,12,0.0,255.09868421052633,0.0
2012-10-01,92,9,611.3,132.109375,1,463.5416666666666,inf,2352,all cumulative-window cuts are feasible,reachability_lower,0,12,0.0,278.125,0.0
2012-10-02,93,0,611.3,102.8125,1,360.74561403508767,inf,2352,all cumulative-window cuts are feasible,reachability_lower,0,12,0.0,216.44736842105263,0.0
2012-10-02,93,1,611.3,107.890625,1,378.56359649122805,inf,2352,all cumulative-window cuts are feasible,reachability_lower,0,12,0.0,227.13815789473685,-2.842170943040401e-14
2012-10-02,93,2,611.3,91.953125,1,322.6425438596491,inf,2352,all cumulative-window cuts are feasible,reachability_lower,0,12,0.0,193.58552631578948,0.0
2012-10-02,93,3,611.3,95.15625,1,333.8815789473684,inf,2352,all cumulative-window cuts are feasible,reachability_lower,0,12,0.0,200.32894736842107,0.0
2012-10-02,93,4,611.3,93.203125,1,327.02850877192975,inf,2352,all cumulative-window cuts are feasible,reachability_lower,0,12,0.0,196.2171052631579,0.0
2012-10-02,93,5,611.3,74.296875,1,260.69078947368416,inf,2352,all cumulative-window cuts are feasible,reachability_lower,0,12,0.0,156.41447368421052,0.0
2012-10-02,93,6,611.3,107.734375,1,378.015350877193,inf,2352,all cumulative-window cuts are feasible,reachability_lower,0,12,0.0,226.8092105263158,-2.842170943040401e-14
2012-10-02,93,7,611.3,91.171875,1,319.90131578947364,inf,2352,all cumulative-window cuts are feasible,reachability_lower,0,12,0.0,191.94078947368422,0.0
2012-10-02,93,8,611.3,76.71875,1,269.18859649122805,inf,2352,all cumulative-window cuts are feasible,reachability_lower,0,12,0.0,161.51315789473685,0.0
2012-10-02,93,9,611.3,99.21875,1,348.13596491228066,inf,2352,all cumulative-window cuts are feasible,reachability_lower,0,12,0.0,208.88157894736844,2.842170943040401e-14
2012-10-03,94,0,611.3,106.328125,1,373.08114035087715,inf,2352,all cumulative-window cuts are feasible,reachability_lower,0,12,0.0,223.84868421052633,0.0
2012-10-03,94,1,611.3,111.40625,1,390.89912280701753,inf,2352,all cumulative-window cuts are feasible,reachability_lower,0,12,0.0,234.53947368421055,0.0
2012-10-03,94,2,611.3,89.0625,1,312.49999999999994,inf,2352,all cumulative-window cuts are feasible,reachability_lower,0,12,0.0,187.5,0.0
2012-10-03,94,3,611.3,86.953125,1,305.0986842105263,inf,2352,all cumulative-window cuts are feasible,reachability_lower,0,12,0.0,183.0592105263158,0.0
2012-10-03,94,4,611.3,115.078125,1,403.7828947368421,inf,2352,all cumulative-window cuts are feasible,reachability_lower,0,12,0.0,242.2697368421053,0.0
2012-10-03,94,5,611.3,74.296875,1,260.69078947368416,inf,2352,all cumulative-window cuts are feasible,reachability_lower,0,12,0.0,156.41447368421052,0.0
2012-10-03,94,6,611.3,103.359375,1,362.6644736842105,inf,2352,all cumulative-window cuts are feasible,reachability_lower,0,12,0.0,217.59868421052633,-2.842170943040401e-14
2012-10-03,94,7,611.3,94.375,1,331.140350877193,inf,2352,all cumulative-window cuts are feasible,reachability_lower,0,12,0.0,198.6842105263158,0.0
2012-10-03,94,8,611.3,89.296875,1,313.3223684210526,inf,2352,all cumulative-window cuts are feasible,reachability_lower,0,12,0.0,187.9934210526316,0.0
2012-10-03,94,9,611.3,94.609375,1,331.9627192982456,inf,2352,all cumulative-window cuts are feasible,reachability_lower,0,12,0.0,199.17763157894737,0.0
2012-10-04,95,0,611.3,103.28125,1,362.390350877193,inf,2352,all cumulative-window cuts are feasible,reachability_lower,0,12,0.0,217.4342105263158,-2.842170943040401e-14
2012-10-04,95,1,611.3,119.84375,1,420.5043859649122,inf,2352,all cumulative-window cuts are feasible,reachability_lower,0,12,0.0,252.30263157894737,0.0
2012-10-04,95,2,611.3,87.03125,1,305.37280701754383,inf,2352,all cumulative-window cuts are feasible,reachability_lower,0,12,0.0,183.22368421052633,0.0
2012-10-04,95,3,611.3,82.421875,1,289.1995614035087,inf,2352,all cumulative-window cuts are feasible,reachability_lower,0,12,0.0,173.51973684210526,0.0
2012-10-04,95,4,611.3,130.0,1,456.1403508771929,inf,2352,all cumulative-window cuts are feasible,reachability_lower,0,12,0.0,273.6842105263158,0.0
2012-10-04,95,5,611.3,86.171875,1,302.35745614035085,inf,2352,all cumulative-window cuts are feasible,reachability_lower,0,12,0.0,181.41447368421055,0.0
2012-10-04,95,6,611.3,105.15625,1,368.969298245614,inf,2352,all cumulative-window cuts are feasible,reachability_lower,0,12,0.0,221.38157894736844,0.0
2012-10-04,95,7,611.3,108.4375,1,380.48245614035085,inf,2352,all cumulative-window cuts are feasible,reachability_lower,0,12,0.0,228.28947368421055,0.0
2012-10-04,95,8,611.3,100.390625,1,352.24780701754383,inf,2352,all cumulative-window cuts are feasible,reachability_lower,0,12,0.0,211.34868421052633,0.0
2012-10-04,95,9,611.3,124.6875,1,437.49999999999994,inf,2352,all cumulative-window cuts are feasible,reachability_lower,0,12,0.0,262.5,0.0
2012-10-05,96,0,611.3,127.34375,1,446.8201754385965,inf,2352,all cumulative-window cuts are feasible,reachability_lower,0,12,0.0,268.0921052631579,0.0
2012-10-05,96,1,611.3,118.359375,1,415.2960526315789,inf,2352,all cumulative-window cuts are feasible,reachability_lower,0,12,0.0,249.17763157894737,0.0
2012-10-05,96,2,611.3,99.6875,1,349.7807017543859,inf,2352,all cumulative-window cuts are feasible,reachability_lower,0,12,0.0,209.8684210526316,0.0
2012-10-05,96,3,611.3,103.046875,1,361.5679824561403,inf,2352,all cumulative-window cuts are feasible,reachability_lower,0,12,0.0,216.94078947368422,0.0
2012-10-05,96,4,611.3,116.484375,1,408.71710526315786,inf,2352,all cumulative-window cuts are feasible,reachability_lower,0,12,0.0,245.23026315789474,0.0
2012-10-05,96,5,611.3,114.0625,1,400.219298245614,inf,2352,all cumulative-window cuts are feasible,reachability_lower,0,12,0.0,240.13157894736844,0.0
2012-10-05,96,6,611.3,119.21875,1,418.3114035087719,inf,2352,all cumulative-window cuts are feasible,reachability_lower,0,12,0.0,250.98684210526318,0.0
2012-10-05,96,7,611.3,132.03125,1,463.26754385964904,inf,2352,all cumulative-window cuts are feasible,reachability_lower,0,12,0.0,277.9605263157895,0.0
2012-10-05,96,8,611.3,135.390625,1,475.0548245614035,inf,2352,all cumulative-window cuts are feasible,reachability_lower,0,12,0.0,285.03289473684214,0.0
2012-10-05,96,9,611.3,123.046875,1,431.74342105263156,inf,2352,all cumulative-window cuts are feasible,reachability_lower,0,12,0.0,259.04605263157896,0.0
2012-10-06,97,0,611.3,157.109375,1,551.2609649122807,inf,2352,all cumulative-window cuts are feasible,reachability_lower,0,12,0.0,330.75657894736844,0.0
2012-10-06,97,1,611.3,148.4375,1,520.8333333333333,inf,2352,all cumulative-window cuts are feasible,reachability_lower,0,12,0.0,312.5,0.0
2012-10-06,97,2,611.3,151.40625,1,531.2499999999999,inf,2352,all cumulative-window cuts are feasible,reachability_lower,0,12,0.0,318.75,0.0
2012-10-06,97,3,611.3,142.734375,1,500.8223684210526,inf,2352,all cumulative-window cuts are feasible,reachability_lower,0,12,0.0,300.4934210526316,0.0
2012-10-06,97,4,611.3,151.328125,1,530.9758771929824,inf,2352,all cumulative-window cuts are feasible,reachability_lower,0,12,0.0,318.5855263157895,0.0
2012-10-06,97,5,611.3,130.46875,1,457.7850877192982,inf,2352,all cumulative-window cuts are feasible,reachability_lower,0,12,0.0,274.67105263157896,0.0
2012-10-06,97,6,611.3,137.421875,1,482.18201754385956,inf,2352,all cumulative-window cuts are feasible,reachability_lower,0,12,0.0,289.3092105263158,0.0
2012-10-06,97,7,611.3,156.796875,1,550.1644736842105,inf,2352,all cumulative-window cuts are feasible,reachability_lower,0,12,0.0,330.09868421052636,0.0
2012-10-06,97,8,611.3,143.984375,1,505.20833333333326,inf,2352,all cumulative-window cuts are feasible,reachability_lower,0,12,0.0,303.125,0.0
2012-10-06,97,9,611.3,143.515625,1,503.56359649122805,inf,2352,all cumulative-window cuts are feasible,reachability_lower,0,12,0.0,302.1381578947369,0.0
2012-10-07,98,0,611.3,108.828125,1,381.8530701754386,inf,2352,all cumulative-window cuts are feasible,reachability_lower,0,12,0.0,229.11184210526318,0.0
2012-10-07,98,1,611.3,125.703125,1,441.06359649122805,inf,2352,all cumulative-window cuts are feasible,reachability_lower,0,12,0.0,264.6381578947369,0.0
2012-10-07,98,2,611.3,112.890625,1,396.10745614035085,inf,2352,all cumulative-window cuts are feasible,reachability_lower,0,12,0.0,237.66447368421055,0.0
2012-10-07,98,3,611.3,90.3125,1,316.8859649122807,inf,2352,all cumulative-window cuts are feasible,reachability_lower,0,12,0.0,190.13157894736844,-2.842170943040401e-14
2012-10-07,98,4,611.3,130.15625,1,456.68859649122805,inf,2352,all cumulative-window cuts are feasible,reachability_lower,0,12,0.0,274.0131578947369,0.0
2012-10-07,98,5,611.3,75.0,1,263.1578947368421,inf,2352,all cumulative-window cuts are feasible,reachability_lower,0,12,0.0,157.89473684210526,0.0
2012-10-07,98,6,611.3,141.171875,1,495.33991228070164,inf,2352,all cumulative-window cuts are feasible,reachability_lower,0,12,0.0,297.20394736842104,0.0
2012-10-07,98,7,611.3,102.578125,1,359.92324561403507,inf,2352,all cumulative-window cuts are feasible,reachability_lower,0,12,0.0,215.95394736842107,0.0
2012-10-07,98,8,611.3,108.046875,1,379.1118421052631,inf,2352,all cumulative-window cuts are feasible,reachability_lower,0,12,0.0,227.46710526315792,0.0
2012-10-07,98,9,611.3,123.28125,1,432.56578947368416,inf,2352,all cumulative-window cuts are feasible,reachability_lower,0,12,0.0,259.5394736842105,0.0
2012-10-08,99,0,611.3,118.515625,1,415.844298245614,inf,2352,all cumulative-window cuts are feasible,reachability_lower,0,12,0.0,249.50657894736844,0.0
2012-10-08,99,1,611.3,118.203125,1,414.74780701754383,inf,2352,all cumulative-window cuts are feasible,reachability_lower,0,12,0.0,248.84868421052633,0.0
2012-10-08,99,2,611.3,113.515625,1,398.3004385964912,inf,2352,all cumulative-window cuts are feasible,reachability_lower,0,12,0.0,238.98026315789474,0.0
2012-10-08,99,3,611.3,113.984375,1,399.9451754385965,inf,2352,all cumulative-window cuts are feasible,reachability_lower,0,12,0.0,239.96710526315792,0.0
2012-10-08,99,4,611.3,132.734375,1,465.73464912280696,inf,2352,all cumulative-window cuts are feasible,reachability_lower,0,12,0.0,279.4407894736842,0.0
2012-10-08,99,5,611.3,104.53125,1,366.77631578947364,inf,2352,all cumulative-window cuts are feasible,reachability_lower,0,12,0.0,220.06578947368422,0.0
2012-10-08,99,6,611.3,122.734375,1,430.6469298245614,inf,2352,all cumulative-window cuts are feasible,reachability_lower,0,12,0.0,258.3881578947369,0.0
2012-10-08,99,7,611.3,113.75,1,399.12280701754383,inf,2352,all cumulative-window cuts are feasible,reachability_lower,0,12,0.0,239.47368421052633,0.0
2012-10-08,99,8,611.3,108.984375,1,382.40131578947364,inf,2352,all cumulative-window cuts are feasible,reachability_lower,0,12,0.0,229.44078947368422,0.0
2012-10-08,99,9,611.3,129.296875,1,453.673245614035,inf,2352,all cumulative-window cuts are feasible,reachability_lower,0,12,0.0,272.20394736842104,0.0
2012-10-09,100,0,611.3,102.96875,1,361.2938596491228,inf,2352,all cumulative-window cuts are feasible,reachability_lower,0,12,0.0,216.7763157894737,0.0
2012-10-09,100,1,611.3,120.703125,1,423.51973684210526,inf,2352,all cumulative-window cuts are feasible,reachability_lower,0,12,0.0,254.11184210526318,-2.842170943040401e-14
2012-10-09,100,2,611.3,104.375,1,366.2280701754386,inf,2352,all cumulative-window cuts are feasible,reachability_lower,0,12,0.0,219.73684210526318,0.0
2012-10-09,100,3,611.3,83.046875,1,291.3925438596491,inf,2352,all cumulative-window cuts are feasible,reachability_lower,0,12,0.0,174.83552631578948,0.0
2012-10-09,100,4,611.3,100.46875,1,352.52192982456137,inf,2352,all cumulative-window cuts are feasible,reachability_lower,0,12,0.0,211.51315789473685,0.0
2012-10-09,100,5,611.3,87.1875,1,305.9210526315789,inf,2352,all cumulative-window cuts are feasible,reachability_lower,0,12,0.0,183.55263157894737,0.0
2012-10-09,100,6,611.3,121.328125,1,425.71271929824553,inf,2352,all cumulative-window cuts are feasible,reachability_lower,0,12,0.0,255.42763157894737,0.0
2012-10-09,100,7,611.3,104.21875,1,365.67982456140345,inf,2352,all cumulative-window cuts are feasible,reachability_lower,0,12,0.0,219.4078947368421,0.0
2012-10-09,100,8,611.3,78.671875,1,276.04166666666663,inf,2352,all cumulative-window cuts are feasible,reachability_lower,0,12,0.0,165.625,0.0
2012-10-09,100,9,611.3,105.625,1,370.6140350877193,inf,2352,all cumulative-window cuts are feasible,reachability_lower,0,12,0.0,222.3684210526316,-2.842170943040401e-14
2012-10-10,101,0,611.3,108.359375,1,380.20833333333326,inf,2352,all cumulative-window cuts are feasible,reachability_lower,0,12,0.0,228.125,0.0
2012-10-10,101,1,611.3,78.828125,1,276.58991228070175,inf,2352,all cumulative-window cuts are feasible,reachability_lower,0,12,0.0,165.95394736842107,0.0
2012-10-10,101,2,611.3,93.828125,1,329.22149122807014,inf,2352,all cumulative-window cuts are feasible,reachability_lower,0,12,0.0,197.5328947368421,0.0
2012-10-10,101,3,611.3,76.015625,1,266.72149122807014,inf,2352,all cumulative-window cuts are feasible,reachability_lower,0,12,0.0,160.0328947368421,0.0
2012-10-10,101,4,611.3,90.0,1,315.7894736842105,inf,2352,all cumulative-window cuts are feasible,reachability_lower,0,12,0.0,189.47368421052633,0.0
2012-10-10,101,5,611.3,84.53125,1,296.6008771929824,inf,2352,all cumulative-window cuts are feasible,reachability_lower,0,12,0.0,177.96052631578948,0.0
2012-10-10,101,6,611.3,101.328125,1,355.53728070175436,inf,2352,all cumulative-window cuts are feasible,reachability_lower,0,12,0.0,213.32236842105263,-2.842170943040401e-14
2012-10-10,101,7,611.3,85.9375,1,301.53508771929825,inf,2352,all cumulative-window cuts are feasible,reachability_lower,0,12,0.0,180.92105263157896,-2.842170943040401e-14
2012-10-10,101,8,611.3,70.390625,1,246.98464912280699,inf,2352,all cumulative-window cuts are feasible,reachability_lower,0,12,0.0,148.19078947368422,0.0
2012-10-10,101,9,611.3,95.46875,1,334.9780701754386,inf,2352,all cumulative-window cuts are feasible,reachability_lower,0,12,0.0,200.98684210526318,0.0
2012-10-11,102,0,611.3,145.234375,1,509.59429824561397,inf,2352,all cumulative-window cuts are feasible,reachability_lower,0,12,0.0,305.75657894736844,0.0
2012-10-11,102,1,611.3,155.3125,1,544.9561403508771,inf,2352,all cumulative-window cuts are feasible,reachability_lower,0,12,0.0,326.97368421052636,0.0
2012-10-11,102,2,611.3,133.125,1,467.10526315789474,inf,2352,all cumulative-window cuts are feasible,reachability_lower,0,12,0.0,280.2631578947369,0.0
2012-10-11,102,3,611.3,134.765625,1,472.8618421052631,inf,2352,all cumulative-window cuts are feasible,reachability_lower,0,12,0.0,283.7171052631579,0.0
2012-10-11,102,4,611.3,130.546875,1,458.0592105263157,inf,2352,all cumulative-window cuts are feasible,reachability_lower,0,12,0.0,274.8355263157895,0.0
2012-10-11,102,5,611.3,120.859375,1,424.0679824561403,inf,2352,all cumulative-window cuts are feasible,reachability_lower,0,12,0.0,254.44078947368422,-2.842170943040401e-14
2012-10-11,102,6,611.3,147.421875,1,517.2697368421052,inf,2352,all cumulative-window cuts are feasible,reachability_lower,0,12,0.0,310.3618421052632,0.0
2012-10-11,102,7,611.3,147.734375,1,518.3662280701753,inf,2352,all cumulative-window cuts are feasible,reachability_lower,0,12,0.0,311.01973684210526,0.0
2012-10-11,102,8,611.3,135.390625,1,475.0548245614035,inf,2352,all cumulative-window cuts are feasible,reachability_lower,0,12,0.0,285.03289473684214,0.0
2012-10-11,102,9,611.3,143.59375,1,503.8377192982456,inf,2352,all cumulative-window cuts are feasible,reachability_lower,0,12,0.0,302.3026315789474,0.0
2013-01-01,103,0,611.3,156.953125,1,550.7127192982456,inf,2352,all cumulative-window cuts are feasible,reachability_lower,0,12,0.0,330.4276315789474,0.0
2013-01-01,103,1,611.3,121.953125,1,427.905701754386,inf,2352,all cumulative-window cuts are feasible,reachability_lower,0,12,0.0,256.7434210526316,0.0
2013-01-01,103,2,611.3,121.09375,1,424.89035087719293,inf,2352,all cumulative-window cuts are feasible,reachability_lower,0,12,0.0,254.9342105263158,0.0
2013-01-01,103,3,611.3,123.4375,1,433.1140350877193,inf,2352,all cumulative-window cuts are feasible,reachability_lower,0,12,0.0,259.8684210526316,0.0
2013-01-01,103,4,611.3,156.5625,1,549.3421052631578,inf,2352,all cumulative-window cuts are feasible,reachability_lower,0,12,0.0,329.60526315789474,0.0
2013-01-01,103,5,611.3,140.390625,1,492.59868421052624,inf,2352,all cumulative-window cuts are feasible,reachability_lower,0,12,0.0,295.5592105263158,0.0
2013-01-01,103,6,611.3,157.8125,1,553.7280701754386,inf,2352,all cumulative-window cuts are feasible,reachability_lower,0,12,0.0,332.2368421052632,0.0
2013-01-01,103,7,611.3,163.59375,1,574.0131578947368,inf,2352,all cumulative-window cuts are feasible,reachability_lower,0,12,0.0,344.40789473684214,5.684341886080802e-14
2013-01-01,103,8,611.3,146.5625,1,514.2543859649122,inf,2352,all cumulative-window cuts are feasible,reachability_lower,0,12,0.0,308.5526315789474,0.0
2013-01-01,103,9,611.3,156.484375,1,549.0679824561403,inf,2352,all cumulative-window cuts are feasible,reachability_lower,0,12,0.0,329.4407894736842,0.0
2013-01-02,104,0,611.3,161.328125,1,566.063596491228,inf,2352,all cumulative-window cuts are feasible,reachability_lower,0,12,0.0,339.6381578947369,0.0
2013-01-02,104,1,611.3,124.765625,1,437.7741228070175,inf,2352,all cumulative-window cuts are feasible,reachability_lower,0,12,0.0,262.6644736842105,0.0
2013-01-02,104,2,611.3,131.328125,1,460.8004385964912,inf,2352,all cumulative-window cuts are feasible,reachability_lower,0,12,0.0,276.48026315789474,0.0
2013-01-02,104,3,611.3,127.421875,1,447.094298245614,inf,2352,all cumulative-window cuts are feasible,reachability_lower,0,12,0.0,268.25657894736844,0.0
2013-01-02,104,4,611.3,156.171875,1,547.9714912280701,inf,2352,all cumulative-window cuts are feasible,reachability_lower,0,12,0.0,328.78289473684214,0.0
2013-01-02,104,5,611.3,118.125,1,414.4736842105263,inf,2352,all cumulative-window cuts are feasible,reachability_lower,0,12,0.0,248.6842105263158,0.0
2013-01-02,104,6,611.3,130.46875,1,457.7850877192982,inf,2352,all cumulative-window cuts are feasible,reachability_lower,0,12,0.0,274.67105263157896,0.0
2013-01-02,104,7,611.3,134.296875,1,471.2171052631578,inf,2352,all cumulative-window cuts are feasible,reachability_lower,0,12,0.0,282.73026315789474,0.0
2013-01-02,104,8,611.3,129.921875,1,455.86622807017534,inf,2352,all cumulative-window cuts are feasible,reachability_lower,0,12,0.0,273.51973684210526,0.0
2013-01-02,104,9,611.3,143.90625,1,504.9342105263157,inf,2352,all cumulative-window cuts are feasible,reachability_lower,0,12,0.0,302.9605263157895,0.0
2013-01-03,105,0,611.3,133.828125,1,469.5723684210526,inf,2352,all cumulative-window cuts are feasible,reachability_lower,0,12,0.0,281.7434210526316,0.0
2013-01-03,105,1,611.3,98.90625,1,347.0394736842105,inf,2352,all cumulative-window cuts are feasible,reachability_lower,0,12,0.0,208.22368421052633,0.0
2013-01-03,105,2,611.3,113.359375,1,397.7521929824561,inf,2352,all cumulative-window cuts are feasible,reachability_lower,0,12,0.0,238.6513157894737,0.0
2013-01-03,105,3,611.3,107.578125,1,377.46710526315786,inf,2352,all cumulative-window cuts are feasible,reachability_lower,0,12,0.0,226.48026315789474,0.0
2013-01-03,105,4,611.3,135.078125,1,473.95833333333326,inf,2352,all cumulative-window cuts are feasible,reachability_lower,0,12,0.0,284.375,0.0
2013-01-03,105,5,611.3,105.0,1,368.4210526315789,inf,2352,all cumulative-window cuts are feasible,reachability_lower,0,12,0.0,221.05263157894737,0.0
2013-01-03,105,6,611.3,115.9375,1,406.79824561403507,inf,2352,all cumulative-window cuts are feasible,reachability_lower,0,12,0.0,244.07894736842107,0.0
2013-01-03,105,7,611.3,131.015625,1,459.70394736842104,inf,2352,all cumulative-window cuts are feasible,reachability_lower,0,12,0.0,275.82236842105266,0.0
2013-01-03,105,8,611.3,107.734375,1,378.015350877193,inf,2352,all cumulative-window cuts are feasible,reachability_lower,0,12,0.0,226.8092105263158,-2.842170943040401e-14
2013-01-03,105,9,611.3,125.0,1,438.5964912280702,inf,2352,all cumulative-window cuts are feasible,reachability_lower,0,12,0.0,263.15789473684214,0.0
2013-01-04,106,0,611.3,121.171875,1,425.16447368421046,inf,2352,all cumulative-window cuts are feasible,reachability_lower,0,12,0.0,255.09868421052633,0.0
2013-01-04,106,1,611.3,102.578125,1,359.92324561403507,inf,2352,all cumulative-window cuts are feasible,reachability_lower,0,12,0.0,215.95394736842107,0.0
2013-01-04,106,2,611.3,106.015625,1,371.98464912280696,inf,2352,all cumulative-window cuts are feasible,reachability_lower,0,12,0.0,223.19078947368422,0.0
2013-01-04,106,3,611.3,93.75,1,328.9473684210526,inf,2352,all cumulative-window cuts are feasible,reachability_lower,0,12,0.0,197.3684210526316,0.0
2013-01-04,106,4,611.3,109.453125,1,384.0460526315789,inf,2352,all cumulative-window cuts are feasible,reachability_lower,0,12,0.0,230.42763157894737,0.0
2013-01-04,106,5,611.3,82.109375,1,288.1030701754386,inf,2352,all cumulative-window cuts are feasible,reachability_lower,0,12,0.0,172.86184210526318,0.0
2013-01-04,106,6,611.3,147.890625,1,518.9144736842105,inf,2352,all cumulative-window cuts are feasible,reachability_lower,0,12,0.0,311.34868421052636,0.0
2013-01-04,106,7,611.3,158.75,1,557.0175438596491,inf,2352,all cumulative-window cuts are feasible,reachability_lower,0,12,0.0,334.2105263157895,0.0
2013-01-04,106,8,611.3,100.0,1,350.8771929824561,inf,2352,all cumulative-window cuts are feasible,reachability_lower,0,12,0.0,210.5263157894737,0.0
2013-01-04,106,9,611.3,112.1875,1,393.64035087719293,inf,2352,all cumulative-window cuts are feasible,reachability_lower,0,12,0.0,236.1842105263158,2.842170943040401e-14
2013-01-05,107,0,611.3,157.96875,1,554.2763157894736,inf,2352,all cumulative-window cuts are feasible,reachability_lower,0,12,0.0,332.5657894736842,0.0
2013-01-05,107,1,611.3,108.125,1,379.38596491228066,inf,2352,all cumulative-window cuts are feasible,reachability_lower,0,12,0.0,227.63157894736844,0.0
2013-01-05,107,2,611.3,100.625,1,353.0701754385965,inf,2352,all cumulative-window cuts are feasible,reachability_lower,0,12,0.0,211.84210526315792,0.0
2013-01-05,107,3,611.3,142.578125,1,500.2741228070175,inf,2352,all cumulative-window cuts are feasible,reachability_lower,0,12,0.0,300.1644736842105,0.0
2013-01-05,107,4,611.3,147.03125,1,515.8991228070174,inf,2352,all cumulative-window cuts are feasible,reachability_lower,0,12,0.0,309.5394736842105,0.0
2013-01-05,107,5,611.3,131.25,1,460.52631578947364,inf,2352,all cumulative-window cuts are feasible,reachability_lower,0,12,0.0,276.3157894736842,0.0
2013-01-05,107,6,611.3,156.484375,1,549.0679824561403,inf,2352,all cumulative-window cuts are feasible,reachability_lower,0,12,0.0,329.4407894736842,0.0
2013-01-05,107,7,611.3,160.15625,1,561.9517543859648,inf,2352,all cumulative-window cuts are feasible,reachability_lower,0,12,0.0,337.17105263157896,0.0
2013-01-05,107,8,611.3,137.34375,1,481.907894736842,inf,2352,all cumulative-window cuts are feasible,reachability_lower,0,12,0.0,289.14473684210526,0.0
2013-01-05,107,9,611.3,150.234375,1,527.1381578947368,inf,2352,all cumulative-window cuts are feasible,reachability_lower,0,12,0.0,316.28289473684214,5.684341886080802e-14
2013-01-06,108,0,611.3,156.171875,1,547.9714912280701,inf,2352,all cumulative-window cuts are feasible,reachability_lower,0,12,0.0,328.78289473684214,0.0
2013-01-06,108,1,611.3,133.515625,1,468.4758771929824,inf,2352,all cumulative-window cuts are feasible,reachability_lower,0,12,0.0,281.0855263157895,0.0
2013-01-06,108,2,611.3,101.171875,1,354.9890350877193,inf,2352,all cumulative-window cuts are feasible,reachability_lower,0,12,0.0,212.9934210526316,-2.842170943040401e-14
2013-01-06,108,3,611.3,117.96875,1,413.9254385964912,inf,2352,all cumulative-window cuts are feasible,reachability_lower,0,12,0.0,248.35526315789474,0.0
2013-01-06,108,4,611.3,157.109375,1,551.2609649122807,inf,2352,all cumulative-window cuts are feasible,reachability_lower,0,12,0.0,330.75657894736844,0.0
2013-01-06,108,5,611.3,131.71875,1,462.1710526315789,inf,2352,all cumulative-window cuts are feasible,reachability_lower,0,12,0.0,277.3026315789474,0.0
2013-01-06,108,6,611.3,156.5625,1,549.3421052631578,inf,2352,all cumulative-window cuts are feasible,reachability_lower,0,12,0.0,329.60526315789474,0.0
2013-01-06,108,7,611.3,159.0625,1,558.1140350877192,inf,2352,all cumulative-window cuts are feasible,reachability_lower,0,12,0.0,334.8684210526316,5.684341886080802e-14
2013-01-06,108,8,611.3,146.484375,1,513.9802631578947,inf,2352,all cumulative-window cuts are feasible,reachability_lower,0,12,0.0,308.3881578947369,0.0
2013-01-06,108,9,611.3,156.015625,1,547.423245614035,inf,2352,all cumulative-window cuts are feasible,reachability_lower,0,12,0.0,328.45394736842104,0.0
2013-01-07,109,0,611.3,107.578125,1,377.46710526315786,inf,2352,all cumulative-window cuts are feasible,reachability_lower,0,12,0.0,226.48026315789474,0.0
2013-01-07,109,1,611.3,127.1875,1,446.2719298245614,inf,2352,all cumulative-window cuts are feasible,reachability_lower,0,12,0.0,267.7631578947369,0.0
2013-01-07,109,2,611.3,89.0625,1,312.49999999999994,inf,2352,all cumulative-window cuts are feasible,reachability_lower,0,12,0.0,187.5,0.0
2013-01-07,109,3,611.3,117.890625,1,413.65131578947364,inf,2352,all cumulative-window cuts are feasible,reachability_lower,0,12,0.0,248.19078947368422,0.0
2013-01-07,109,4,611.3,158.4375,1,555.921052631579,inf,2352,all cumulative-window cuts are feasible,reachability_lower,0,12,0.0,333.5526315789474,0.0
2013-01-07,109,5,611.3,102.34375,1,359.1008771929824,inf,2352,all cumulative-window cuts are feasible,reachability_lower,0,12,0.0,215.46052631578948,0.0
2013-01-07,109,6,611.3,127.265625,1,446.54605263157896,inf,2352,all cumulative-window cuts are feasible,reachability_lower,0,12,0.0,267.9276315789474,0.0
2013-01-07,109,7,611.3,122.96875,1,431.469298245614,inf,2352,all cumulative-window cuts are feasible,reachability_lower,0,12,0.0,258.88157894736844,0.0
2013-01-07,109,8,611.3,117.734375,1,413.1030701754386,inf,2352,all cumulative-window cuts are feasible,reachability_lower,0,12,0.0,247.86184210526318,0.0
2013-01-07,109,9,611.3,146.09375,1,512.6096491228069,inf,2352,all cumulative-window cuts are feasible,reachability_lower,0,12,0.0,307.5657894736842,5.684341886080802e-14
2013-01-08,110,1,611.3,146.328125,1,513.4320175438595,inf,2352,all cumulative-window cuts are feasible,reachability_lower,0,12,0.0,308.0592105263158,5.684341886080802e-14
2013-01-08,110,2,611.3,155.703125,1,546.3267543859648,inf,2352,all cumulative-window cuts are feasible,reachability_lower,0,12,0.0,327.79605263157896,0.0
2013-01-08,110,3,611.3,156.640625,1,549.6162280701753,inf,2352,all cumulative-window cuts are feasible,reachability_lower,0,12,0.0,329.76973684210526,0.0
2013-01-08,110,4,611.3,148.75,1,521.9298245614035,inf,2352,all cumulative-window cuts are feasible,reachability_lower,0,12,0.0,313.15789473684214,0.0
2013-01-08,110,5,611.3,155.859375,1,546.8749999999999,inf,2352,all cumulative-window cuts are feasible,reachability_lower,0,12,0.0,328.125,0.0
2013-01-08,110,6,611.3,159.453125,1,559.4846491228069,inf,2352,all cumulative-window cuts are feasible,reachability_lower,0,12,0.0,335.6907894736842,5.684341886080802e-14
2013-01-08,110,7,611.3,160.546875,1,563.3223684210526,inf,2352,all cumulative-window cuts are feasible,reachability_lower,0,12,0.0,337.9934210526316,0.0
2013-01-08,110,8,611.3,144.296875,1,506.3048245614035,inf,2352,all cumulative-window cuts are feasible,reachability_lower,0,12,0.0,303.78289473684214,0.0
2013-01-08,110,9,611.3,153.28125,1,537.828947368421,inf,2352,all cumulative-window cuts are feasible,reachability_lower,0,12,0.0,322.69736842105266,0.0
2013-01-09,111,0,611.3,169.6875,1,595.3947368421052,inf,2352,all cumulative-window cuts are feasible,reachability_lower,0,12,0.0,357.2368421052632,0.0
2013-01-09,111,1,611.3,145.3125,1,509.8684210526315,inf,2352,all cumulative-window cuts are feasible,reachability_lower,0,12,0.0,305.92105263157896,0.0
2013-01-09,111,2,611.3,112.5,1,394.7368421052631,inf,2352,all cumulative-window cuts are feasible,reachability_lower,0,12,0.0,236.84210526315792,0.0
2013-01-09,111,3,611.3,125.0,1,438.5964912280702,inf,2352,all cumulative-window cuts are feasible,reachability_lower,0,12,0.0,263.15789473684214,0.0
2013-01-09,111,4,611.3,168.984375,1,592.9276315789473,inf,2352,all cumulative-window cuts are feasible,reachability_lower,0,12,0.0,355.75657894736844,0.0
2013-01-09,111,5,611.3,112.96875,1,396.3815789473684,inf,2352,all cumulative-window cuts are feasible,reachability_lower,0,12,0.0,237.82894736842107,0.0
2013-01-09,111,6,611.3,135.546875,1,475.6030701754386,inf,2352,all cumulative-window cuts are feasible,reachability_lower,0,12,0.0,285.3618421052632,0.0
2013-01-09,111,7,611.3,143.828125,1,504.6600877192982,inf,2352,all cumulative-window cuts are feasible,reachability_lower,0,12,0.0,302.79605263157896,0.0
2013-01-09,111,8,611.3,102.734375,1,360.47149122807014,inf,2352,all cumulative-window cuts are feasible,reachability_lower,0,12,0.0,216.2828947368421,0.0
2013-01-09,111,9,611.3,127.578125,1,447.6425438596491,inf,2352,all cumulative-window cuts are feasible,reachability_lower,0,12,0.0,268.5855263157895,0.0
2013-01-10,112,0,611.3,145.546875,1,510.6907894736841,inf,2352,all cumulative-window cuts are feasible,reachability_lower,0,12,0.0,306.4144736842105,0.0
2013-01-10,112,1,611.3,140.78125,1,493.96929824561397,inf,2352,all cumulative-window cuts are feasible,reachability_lower,0,12,0.0,296.38157894736844,0.0
2013-01-10,112,2,611.3,134.53125,1,472.0394736842104,inf,2352,all cumulative-window cuts are feasible,reachability_lower,0,12,0.0,283.2236842105263,0.0
2013-01-10,112,3,611.3,141.484375,1,496.4364035087719,inf,2352,all cumulative-window cuts are feasible,reachability_lower,0,12,0.0,297.8618421052632,0.0
2013-01-10,112,4,611.3,150.625,1,528.5087719298244,inf,2352,all cumulative-window cuts are feasible,reachability_lower,0,12,0.0,317.10526315789474,5.684341886080802e-14
2013-01-10,112,5,611.3,127.03125,1,445.72368421052624,inf,2352,all cumulative-window cuts are feasible,reachability_lower,0,12,0.0,267.4342105263158,0.0
2013-01-10,112,6,611.3,136.953125,1,480.53728070175436,inf,2352,all cumulative-window cuts are feasible,reachability_lower,0,12,0.0,288.32236842105266,0.0
2013-01-10,112,7,611.3,158.984375,1,557.8399122807017,inf,2352,all cumulative-window cuts are feasible,reachability_lower,0,12,0.0,334.70394736842104,0.0
2013-01-10,112,8,611.3,148.515625,1,521.1074561403508,inf,2352,all cumulative-window cuts are feasible,reachability_lower,0,12,0.0,312.6644736842105,0.0
2013-01-10,112,9,611.3,151.171875,1,530.4276315789473,inf,2352,all cumulative-window cuts are feasible,reachability_lower,0,12,0.0,318.25657894736844,0.0
2013-01-11,113,0,611.3,156.25,1,548.2456140350877,inf,2352,all cumulative-window cuts are feasible,reachability_lower,0,12,0.0,328.94736842105266,0.0
2013-01-11,113,1,611.3,134.6875,1,472.5877192982456,inf,2352,all cumulative-window cuts are feasible,reachability_lower,0,12,0.0,283.5526315789474,0.0
2013-01-11,113,2,611.3,90.9375,1,319.078947368421,inf,2352,all cumulative-window cuts are feasible,reachability_lower,0,12,0.0,191.44736842105263,0.0
2013-01-11,113,3,611.3,145.3125,1,509.8684210526315,inf,2352,all cumulative-window cuts are feasible,reachability_lower,0,12,0.0,305.92105263157896,0.0
2013-01-11,113,4,611.3,147.734375,1,518.3662280701753,inf,2352,all cumulative-window cuts are feasible,reachability_lower,0,12,0.0,311.01973684210526,0.0
2013-01-11,113,5,611.3,101.71875,1,356.907894736842,inf,2352,all cumulative-window cuts are feasible,reachability_lower,0,12,0.0,214.14473684210526,0.0
2013-01-11,113,6,611.3,150.3125,1,527.4122807017543,inf,2352,all cumulative-window cuts are feasible,reachability_lower,0,12,0.0,316.44736842105266,5.684341886080802e-14
2013-01-11,113,7,611.3,159.765625,1,560.5811403508771,inf,2352,all cumulative-window cuts are feasible,reachability_lower,0,12,0.0,336.34868421052636,0.0
2013-01-11,113,8,611.3,128.90625,1,452.30263157894734,inf,2352,all cumulative-window cuts are feasible,reachability_lower,0,12,0.0,271.38157894736844,0.0
2013-01-11,113,9,611.3,150.078125,1,526.5899122807017,inf,2352,all cumulative-window cuts are feasible,reachability_lower,0,12,0.0,315.95394736842104,0.0
2013-01-12,114,0,611.3,160.859375,1,564.4188596491227,inf,2352,all cumulative-window cuts are feasible,reachability_lower,0,12,0.0,338.6513157894737,0.0
2013-01-12,114,1,611.3,155.15625,1,544.407894736842,inf,2352,all cumulative-window cuts are feasible,reachability_lower,0,12,0.0,326.64473684210526,5.684341886080802e-14
2013-01-12,114,2,611.3,157.265625,1,551.8092105263157,inf,2352,all cumulative-window cuts are feasible,reachability_lower,0,12,0.0,331.0855263157895,0.0
2013-01-12,114,3,611.3,153.515625,1,538.6513157894736,inf,2352,all cumulative-window cuts are feasible,reachability_lower,0,12,0.0,323.1907894736842,0.0
2013-01-12,114,4,611.3,162.421875,1,569.9013157894736,inf,2352,all cumulative-window cuts are feasible,reachability_lower,0,12,0.0,341.9407894736842,0.0
2013-01-12,114,5,611.3,156.09375,1,547.6973684210526,inf,2352,all cumulative-window cuts are feasible,reachability_lower,0,12,0.0,328.6184210526316,0.0
2013-01-12,114,6,611.3,159.6875,1,560.3070175438595,inf,2352,all cumulative-window cuts are feasible,reachability_lower,0,12,0.0,336.1842105263158,5.684341886080802e-14
2013-01-12,114,7,611.3,160.234375,1,562.2258771929824,inf,2352,all cumulative-window cuts are feasible,reachability_lower,0,12,0.0,337.3355263157895,0.0
2013-01-12,114,8,611.3,158.90625,1,557.5657894736842,inf,2352,all cumulative-window cuts are feasible,reachability_lower,0,12,0.0,334.5394736842105,0.0
2013-01-12,114,9,611.3,158.515625,1,556.1951754385965,inf,2352,all cumulative-window cuts are feasible,reachability_lower,0,12,0.0,333.7171052631579,0.0
2013-01-13,115,0,611.3,159.21875,1,558.6622807017543,inf,2352,all cumulative-window cuts are feasible,reachability_lower,0,12,0.0,335.19736842105266,5.684341886080802e-14
2013-01-13,115,1,611.3,145.390625,1,510.14254385964904,inf,2352,all cumulative-window cuts are feasible,reachability_lower,0,12,0.0,306.0855263157895,0.0
2013-01-13,115,2,611.3,156.015625,1,547.423245614035,inf,2352,all cumulative-window cuts are feasible,reachability_lower,0,12,0.0,328.45394736842104,0.0
2013-01-13,115,3,611.3,147.109375,1,516.173245614035,inf,2352,all cumulative-window cuts are feasible,reachability_lower,0,12,0.0,309.70394736842104,0.0
2013-01-13,115,4,611.3,157.8125,1,553.7280701754386,inf,2352,all cumulative-window cuts are feasible,reachability_lower,0,12,0.0,332.2368421052632,0.0
2013-01-13,115,5,611.3,135.703125,1,476.15131578947364,inf,2352,all cumulative-window cuts are feasible,reachability_lower,0,12,0.0,285.6907894736842,0.0
2013-01-13,115,6,611.3,158.4375,1,555.921052631579,inf,2352,all cumulative-window cuts are feasible,reachability_lower,0,12,0.0,333.5526315789474,0.0
2013-01-13,115,7,611.3,158.75,1,557.0175438596491,inf,2352,all cumulative-window cuts are feasible,reachability_lower,0,12,0.0,334.2105263157895,0.0
2013-01-13,115,8,611.3,150.3125,1,527.4122807017543,inf,2352,all cumulative-window cuts are feasible,reachability_lower,0,12,0.0,316.44736842105266,5.684341886080802e-14
2013-01-13,115,9,611.3,153.28125,1,537.828947368421,inf,2352,all cumulative-window cuts are feasible,reachability_lower,0,12,0.0,322.69736842105266,0.0
2013-01-14,116,0,611.3,97.8125,1,343.2017543859649,inf,2352,all cumulative-window cuts are feasible,reachability_lower,0,12,0.0,205.92105263157896,0.0
2013-01-14,116,1,611.3,80.9375,1,283.9912280701754,inf,2352,all cumulative-window cuts are feasible,reachability_lower,0,12,0.0,170.39473684210526,0.0
2013-01-14,116,2,611.3,87.5,1,307.0175438596491,inf,2352,all cumulative-window cuts are feasible,reachability_lower,0,12,0.0,184.21052631578948,0.0
2013-01-14,116,3,611.3,85.546875,1,300.1644736842105,inf,2352,all cumulative-window cuts are feasible,reachability_lower,0,12,0.0,180.09868421052633,0.0
2013-01-14,116,4,611.3,113.125,1,396.92982456140345,inf,2352,all cumulative-window cuts are feasible,reachability_lower,0,12,0.0,238.1578947368421,0.0
2013-01-14,116,5,611.3,92.890625,1,325.9320175438596,inf,2352,all cumulative-window cuts are feasible,reachability_lower,0,12,0.0,195.5592105263158,0.0
2013-01-14,116,6,611.3,122.5,1,429.8245614035087,inf,2352,all cumulative-window cuts are feasible,reachability_lower,0,12,0.0,257.89473684210526,0.0
2013-01-14,116,7,611.3,111.09375,1,389.80263157894734,inf,2352,all cumulative-window cuts are feasible,reachability_lower,0,12,0.0,233.88157894736844,0.0
2013-01-14,116,8,611.3,84.140625,1,295.2302631578947,inf,2352,all cumulative-window cuts are feasible,reachability_lower,0,12,0.0,177.13815789473685,0.0
2013-01-14,116,9,611.3,112.1875,1,393.64035087719293,inf,2352,all cumulative-window cuts are feasible,reachability_lower,0,12,0.0,236.1842105263158,2.842170943040401e-14
2013-01-15,117,0,611.3,135.390625,1,475.0548245614035,inf,2352,all cumulative-window cuts are feasible,reachability_lower,0,12,0.0,285.03289473684214,0.0
2013-01-15,117,1,611.3,95.703125,1,335.8004385964912,inf,2352,all cumulative-window cuts are feasible,reachability_lower,0,12,0.0,201.48026315789474,0.0
2013-01-15,117,2,611.3,117.03125,1,410.63596491228066,inf,2352,all cumulative-window cuts are feasible,reachability_lower,0,12,0.0,246.38157894736844,0.0
2013-01-15,117,3,611.3,106.640625,1,374.17763157894734,inf,2352,all cumulative-window cuts are feasible,reachability_lower,0,12,0.0,224.50657894736844,0.0
2013-01-15,117,4,611.3,122.96875,1,431.469298245614,inf,2352,all cumulative-window cuts are feasible,reachability_lower,0,12,0.0,258.88157894736844,0.0
2013-01-15,117,5,611.3,110.390625,1,387.3355263157894,inf,2352,all cumulative-window cuts are feasible,reachability_lower,0,12,0.0,232.4013157894737,0.0
2013-01-15,117,6,611.3,130.15625,1,456.68859649122805,inf,2352,all cumulative-window cuts are feasible,reachability_lower,0,12,0.0,274.0131578947369,0.0
2013-01-15,117,7,611.3,105.78125,1,371.16228070175436,inf,2352,all cumulative-window cuts are feasible,reachability_lower,0,12,0.0,222.69736842105263,-2.842170943040401e-14
2013-01-15,117,8,611.3,102.890625,1,361.01973684210526,inf,2352,all cumulative-window cuts are feasible,reachability_lower,0,12,0.0,216.61184210526318,0.0
2013-01-15,117,9,611.3,130.859375,1,459.155701754386,inf,2352,all cumulative-window cuts are feasible,reachability_lower,0,12,0.0,275.4934210526316,0.0
2013-01-16,118,0,611.3,145.703125,1,511.2390350877193,inf,2352,all cumulative-window cuts are feasible,reachability_lower,0,12,0.0,306.7434210526316,0.0
2013-01-16,118,1,611.3,85.0,1,298.24561403508767,inf,2352,all cumulative-window cuts are feasible,reachability_lower,0,12,0.0,178.94736842105263,0.0
2013-01-16,118,2,611.3,88.203125,1,309.484649122807,inf,2352,all cumulative-window cuts are feasible,reachability_lower,0,12,0.0,185.69078947368422,-2.842170943040401e-14
2013-01-16,118,3,611.3,100.078125,1,351.15131578947364,inf,2352,all cumulative-window cuts are feasible,reachability_lower,0,12,0.0,210.69078947368422,0.0
2013-01-16,118,4,611.3,119.453125,1,419.1337719298245,inf,2352,all cumulative-window cuts are feasible,reachability_lower,0,12,0.0,251.48026315789474,0.0
2013-01-16,118,5,611.3,112.578125,1,395.01096491228066,inf,2352,all cumulative-window cuts are feasible,reachability_lower,0,12,0.0,237.00657894736844,0.0
2013-01-16,118,6,611.3,100.859375,1,353.8925438596491,inf,2352,all cumulative-window cuts are feasible,reachability_lower,0,12,0.0,212.33552631578948,0.0
2013-01-16,118,7,611.3,111.5625,1,391.4473684210526,inf,2352,all cumulative-window cuts are feasible,reachability_lower,0,12,0.0,234.8684210526316,0.0
2013-01-16,118,8,611.3,103.359375,1,362.6644736842105,inf,2352,all cumulative-window cuts are feasible,reachability_lower,0,12,0.0,217.59868421052633,-2.842170943040401e-14
2013-01-16,118,9,611.3,114.0625,1,400.219298245614,inf,2352,all cumulative-window cuts are feasible,reachability_lower,0,12,0.0,240.13157894736844,0.0
2013-01-17,119,0,611.3,125.078125,1,438.8706140350877,inf,2352,all cumulative-window cuts are feasible,reachability_lower,0,12,0.0,263.32236842105266,0.0
2013-01-17,119,1,611.3,84.375,1,296.05263157894734,inf,2352,all cumulative-window cuts are feasible,reachability_lower,0,12,0.0,177.63157894736844,0.0
2013-01-17,119,2,611.3,102.34375,1,359.1008771929824,inf,2352,all cumulative-window cuts are feasible,reachability_lower,0,12,0.0,215.46052631578948,0.0
2013-01-17,119,3,611.3,124.21875,1,435.85526315789474,inf,2352,all cumulative-window cuts are feasible,reachability_lower,0,12,0.0,261.5131578947369,0.0
2013-01-17,119,4,611.3,126.796875,1,444.90131578947364,inf,2352,all cumulative-window cuts are feasible,reachability_lower,0,12,0.0,266.9407894736842,0.0
2013-01-17,119,5,611.3,143.359375,1,503.0153508771929,inf,2352,all cumulative-window cuts are feasible,reachability_lower,0,12,0.0,301.8092105263158,0.0
2013-01-17,119,6,611.3,156.25,1,548.2456140350877,inf,2352,all cumulative-window cuts are feasible,reachability_lower,0,12,0.0,328.94736842105266,0.0
2013-01-17,119,7,611.3,122.421875,1,429.5504385964912,inf,2352,all cumulative-window cuts are feasible,reachability_lower,0,12,0.0,257.73026315789474,0.0
2013-01-17,119,8,611.3,144.453125,1,506.8530701754386,inf,2352,all cumulative-window cuts are feasible,reachability_lower,0,12,0.0,304.1118421052632,0.0
2013-01-17,119,9,611.3,134.609375,1,472.31359649122805,inf,2352,all cumulative-window cuts are feasible,reachability_lower,0,12,0.0,283.3881578947369,0.0
2013-01-18,120,0,611.3,162.421875,1,569.9013157894736,inf,2352,all cumulative-window cuts are feasible,reachability_lower,0,12,0.0,341.9407894736842,0.0
2013-01-18,120,1,611.3,142.734375,1,500.8223684210526,inf,2352,all cumulative-window cuts are feasible,reachability_lower,0,12,0.0,300.4934210526316,0.0
2013-01-18,120,2,611.3,145.859375,1,511.78728070175436,inf,2352,all cumulative-window cuts are feasible,reachability_lower,0,12,0.0,307.07236842105266,0.0
2013-01-18,120,3,611.3,149.21875,1,523.5745614035087,inf,2352,all cumulative-window cuts are feasible,reachability_lower,0,12,0.0,314.14473684210526,0.0
2013-01-18,120,4,611.3,158.125,1,554.8245614035087,inf,2352,all cumulative-window cuts are feasible,reachability_lower,0,12,0.0,332.89473684210526,0.0
2013-01-18,120,5,611.3,152.96875,1,536.7324561403508,inf,2352,all cumulative-window cuts are feasible,reachability_lower,0,12,0.0,322.0394736842105,0.0
2013-01-18,120,6,611.3,157.96875,1,554.2763157894736,inf,2352,all cumulative-window cuts are feasible,reachability_lower,0,12,0.0,332.5657894736842,0.0
2013-01-18,120,7,611.3,161.484375,1,566.6118421052631,inf,2352,all cumulative-window cuts are feasible,reachability_lower,0,12,0.0,339.9671052631579,0.0
2013-01-18,120,8,611.3,157.34375,1,552.0833333333333,inf,2352,all cumulative-window cuts are feasible,reachability_lower,0,12,0.0,331.25,0.0
2013-01-18,120,9,611.3,156.640625,1,549.6162280701753,inf,2352,all cumulative-window cuts are feasible,reachability_lower,0,12,0.0,329.76973684210526,0.0
2013-01-19,121,0,611.3,162.421875,1,569.9013157894736,inf,2352,all cumulative-window cuts are feasible,reachability_lower,0,12,0.0,341.9407894736842,0.0
2013-01-19,121,1,611.3,154.84375,1,543.3114035087718,inf,2352,all cumulative-window cuts are feasible,reachability_lower,0,12,0.0,325.9868421052632,5.684341886080802e-14
2013-01-19,121,2,611.3,148.59375,1,521.3815789473683,inf,2352,all cumulative-window cuts are feasible,reachability_lower,0,12,0.0,312.82894736842104,0.0
2013-01-19,121,3,611.3,125.546875,1,440.51535087719293,inf,2352,all cumulative-window cuts are feasible,reachability_lower,0,12,0.0,264.3092105263158,0.0
2013-01-19,121,4,611.3,150.390625,1,527.6864035087718,inf,2352,all cumulative-window cuts are feasible,reachability_lower,0,12,0.0,316.6118421052632,5.684341886080802e-14
2013-01-19,121,5,611.3,124.53125,1,436.9517543859649,inf,2352,all cumulative-window cuts are feasible,reachability_lower,0,12,0.0,262.17105263157896,0.0
2013-01-19,121,6,611.3,159.140625,1,558.3881578947368,inf,2352,all cumulative-window cuts are feasible,reachability_lower,0,12,0.0,335.03289473684214,5.684341886080802e-14
2013-01-19,121,7,611.3,161.875,1,567.9824561403508,inf,2352,all cumulative-window cuts are feasible,reachability_lower,0,12,0.0,340.7894736842105,0.0
2013-01-19,121,8,611.3,153.4375,1,538.3771929824561,inf,2352,all cumulative-window cuts are feasible,reachability_lower,0,12,0.0,323.0263157894737,0.0
2013-01-19,121,9,611.3,145.9375,1,512.0614035087718,inf,2352,all cumulative-window cuts are feasible,reachability_lower,0,12,0.0,307.2368421052632,5.684341886080802e-14
2013-01-20,122,0,611.3,150.78125,1,529.0570175438595,inf,2352,all cumulative-window cuts are feasible,reachability_lower,0,12,0.0,317.4342105263158,5.684341886080802e-14
2013-01-20,122,1,611.3,153.046875,1,537.0065789473683,inf,2352,all cumulative-window cuts are feasible,reachability_lower,0,12,0.0,322.20394736842104,0.0
2013-01-20,122,2,611.3,148.671875,1,521.655701754386,inf,2352,all cumulative-window cuts are feasible,reachability_lower,0,12,0.0,312.9934210526316,0.0
2013-01-20,122,3,611.3,143.046875,1,501.91885964912274,inf,2352,all cumulative-window cuts are feasible,reachability_lower,0,12,0.0,301.1513157894737,0.0
2013-01-20,122,4,611.3,154.0625,1,540.5701754385965,inf,2352,all cumulative-window cuts are feasible,reachability_lower,0,12,0.0,324.3421052631579,0.0
2013-01-20,122,5,611.3,139.53125,1,489.58333333333326,inf,2352,all cumulative-window cuts are feasible,reachability_lower,0,12,0.0,293.75,0.0
2013-01-20,122,6,611.3,158.28125,1,555.3728070175439,inf,2352,all cumulative-window cuts are feasible,reachability_lower,0,12,0.0,333.22368421052636,0.0
2013-01-20,122,7,611.3,158.203125,1,555.0986842105262,inf,2352,all cumulative-window cuts are feasible,reachability_lower,0,12,0.0,333.0592105263158,0.0
2013-01-20,122,8,611.3,142.109375,1,498.6293859649123,inf,2352,all cumulative-window cuts are feasible,reachability_lower,0,12,0.0,299.1776315789474,0.0
2013-01-20,122,9,611.3,148.4375,1,520.8333333333333,inf,2352,all cumulative-window cuts are feasible,reachability_lower,0,12,0.0,312.5,0.0
2013-01-21,123,0,611.3,121.953125,1,427.905701754386,inf,2352,all cumulative-window cuts are feasible,reachability_lower,0,12,0.0,256.7434210526316,0.0
2013-01-21,123,1,611.3,111.171875,1,390.0767543859649,inf,2352,all cumulative-window cuts are feasible,reachability_lower,0,12,0.0,234.04605263157896,0.0
2013-01-21,123,2,611.3,115.3125,1,404.6052631578947,inf,2352,all cumulative-window cuts are feasible,reachability_lower,0,12,0.0,242.76315789473685,0.0
2013-01-21,123,3,611.3,111.875,1,392.5438596491228,inf,2352,all cumulative-window cuts are feasible,reachability_lower,0,12,0.0,235.5263157894737,0.0
2013-01-21,123,4,611.3,144.921875,1,508.49780701754383,inf,2352,all cumulative-window cuts are feasible,reachability_lower,0,12,0.0,305.09868421052636,0.0
2013-01-21,123,5,611.3,123.828125,1,434.48464912280696,inf,2352,all cumulative-window cuts are feasible,reachability_lower,0,12,0.0,260.6907894736842,0.0
2013-01-21,123,6,611.3,148.125,1,519.7368421052631,inf,2352,all cumulative-window cuts are feasible,reachability_lower,0,12,0.0,311.8421052631579,0.0
2013-01-21,123,7,611.3,140.46875,1,492.87280701754383,inf,2352,all cumulative-window cuts are feasible,reachability_lower,0,12,0.0,295.72368421052636,0.0
2013-01-21,123,8,611.3,117.8125,1,413.3771929824561,inf,2352,all cumulative-window cuts are feasible,reachability_lower,0,12,0.0,248.0263157894737,0.0
2013-01-21,123,9,611.3,143.90625,1,504.9342105263157,inf,2352,all cumulative-window cuts are feasible,reachability_lower,0,12,0.0,302.9605263157895,0.0
2013-01-22,124,0,611.3,120.625,1,423.24561403508767,inf,2352,all cumulative-window cuts are feasible,reachability_lower,0,12,0.0,253.94736842105263,0.0
2013-01-22,124,1,611.3,133.125,1,467.10526315789474,inf,2352,all cumulative-window cuts are feasible,reachability_lower,0,12,0.0,280.2631578947369,0.0
2013-01-22,124,2,611.3,87.578125,1,307.29166666666663,inf,2352,all cumulative-window cuts are feasible,reachability_lower,0,12,0.0,184.375,0.0
2013-01-22,124,3,611.3,139.375,1,489.0350877192982,inf,2352,all cumulative-window cuts are feasible,reachability_lower,0,12,0.0,293.42105263157896,0.0
2013-01-22,124,4,611.3,147.65625,1,518.0921052631578,inf,2352,all cumulative-window cuts are feasible,reachability_lower,0,12,0.0,310.85526315789474,0.0
2013-01-22,124,5,611.3,106.171875,1,372.532894736842,inf,2352,all cumulative-window cuts are feasible,reachability_lower,0,12,0.0,223.51973684210526,0.0
2013-01-22,124,6,611.3,117.65625,1,412.828947368421,inf,2352,all cumulative-window cuts are feasible,reachability_lower,0,12,0.0,247.69736842105263,0.0
2013-01-22,124,7,611.3,138.671875,1,486.56798245614027,inf,2352,all cumulative-window cuts are feasible,reachability_lower,0,12,0.0,291.9407894736842,0.0
2013-01-22,124,8,611.3,149.609375,1,524.9451754385965,inf,2352,all cumulative-window cuts are feasible,reachability_lower,0,12,0.0,314.9671052631579,0.0
2013-01-22,124,9,611.3,123.515625,1,433.3881578947368,inf,2352,all cumulative-window cuts are feasible,reachability_lower,0,12,0.0,260.03289473684214,0.0
2013-01-23,125,0,611.3,145.703125,1,511.2390350877193,inf,2352,all cumulative-window cuts are feasible,reachability_lower,0,12,0.0,306.7434210526316,0.0
2013-01-23,125,1,611.3,151.796875,1,532.6206140350877,inf,2352,all cumulative-window cuts are feasible,reachability_lower,0,12,0.0,319.57236842105266,0.0
2013-01-23,125,2,611.3,149.53125,1,524.671052631579,inf,2352,all cumulative-window cuts are feasible,reachability_lower,0,12,0.0,314.8026315789474,0.0
2013-01-23,125,3,611.3,133.359375,1,467.92763157894734,inf,2352,all cumulative-window cuts are feasible,reachability_lower,0,12,0.0,280.75657894736844,0.0
2013-01-23,125,4,611.3,155.0,1,543.8596491228069,inf,2352,all cumulative-window cuts are feasible,reachability_lower,0,12,0.0,326.3157894736842,5.684341886080802e-14
2013-01-23,125,5,611.3,110.15625,1,386.51315789473676,inf,2352,all cumulative-window cuts are feasible,reachability_lower,0,12,0.0,231.9078947368421,2.842170943040401e-14
2013-01-23,125,6,611.3,131.796875,1,462.44517543859644,inf,2352,all cumulative-window cuts are feasible,reachability_lower,0,12,0.0,277.4671052631579,0.0
2013-01-23,125,7,611.3,142.890625,1,501.37061403508767,inf,2352,all cumulative-window cuts are feasible,reachability_lower,0,12,0.0,300.82236842105266,0.0
2013-01-23,125,8,611.3,130.234375,1,456.9627192982456,inf,2352,all cumulative-window cuts are feasible,reachability_lower,0,12,0.0,274.1776315789474,0.0
2013-01-23,125,9,611.3,153.203125,1,537.5548245614035,inf,2352,all cumulative-window cuts are feasible,reachability_lower,0,12,0.0,322.53289473684214,0.0
2013-01-24,126,0,611.3,102.421875,1,359.37499999999994,inf,2352,all cumulative-window cuts are feasible,reachability_lower,0,12,0.0,215.625,0.0
2013-01-24,126,1,611.3,114.140625,1,400.49342105263156,inf,2352,all cumulative-window cuts are feasible,reachability_lower,0,12,0.0,240.29605263157896,0.0
2013-01-24,126,2,611.3,104.375,1,366.2280701754386,inf,2352,all cumulative-window cuts are feasible,reachability_lower,0,12,0.0,219.73684210526318,0.0
2013-01-24,126,3,611.3,101.875,1,357.45614035087715,inf,2352,all cumulative-window cuts are feasible,reachability_lower,0,12,0.0,214.47368421052633,0.0
2013-01-24,126,4,611.3,125.859375,1,441.6118421052631,inf,2352,all cumulative-window cuts are feasible,reachability_lower,0,12,0.0,264.9671052631579,0.0
2013-01-24,126,5,611.3,101.953125,1,357.7302631578947,inf,2352,all cumulative-window cuts are feasible,reachability_lower,0,12,0.0,214.63815789473685,0.0
2013-01-24,126,6,611.3,156.640625,1,549.6162280701753,inf,2352,all cumulative-window cuts are feasible,reachability_lower,0,12,0.0,329.76973684210526,0.0
2013-01-24,126,7,611.3,133.515625,1,468.4758771929824,inf,2352,all cumulative-window cuts are feasible,reachability_lower,0,12,0.0,281.0855263157895,0.0
2013-01-24,126,8,611.3,107.421875,1,376.9188596491228,inf,2352,all cumulative-window cuts are feasible,reachability_lower,0,12,0.0,226.1513157894737,0.0
2013-01-24,126,9,611.3,108.125,1,379.38596491228066,inf,2352,all cumulative-window cuts are feasible,reachability_lower,0,12,0.0,227.63157894736844,0.0
2013-01-25,127,0,611.3,158.046875,1,554.5504385964912,inf,2352,all cumulative-window cuts are feasible,reachability_lower,0,12,0.0,332.73026315789474,0.0
2013-01-25,127,1,611.3,145.390625,1,510.14254385964904,inf,2352,all cumulative-window cuts are feasible,reachability_lower,0,12,0.0,306.0855263157895,0.0
2013-01-25,127,2,611.3,87.03125,1,305.37280701754383,inf,2352,all cumulative-window cuts are feasible,reachability_lower,0,12,0.0,183.22368421052633,0.0
2013-01-25,127,3,611.3,107.34375,1,376.64473684210526,inf,2352,all cumulative-window cuts are feasible,reachability_lower,0,12,0.0,225.98684210526318,0.0
2013-01-25,127,4,611.3,145.9375,1,512.0614035087718,inf,2352,all cumulative-window cuts are feasible,reachability_lower,0,12,0.0,307.2368421052632,5.684341886080802e-14
2013-01-25,127,5,611.3,131.25,1,460.52631578947364,inf,2352,all cumulative-window cuts are feasible,reachability_lower,0,12,0.0,276.3157894736842,0.0
2013-01-25,127,6,611.3,157.34375,1,552.0833333333333,inf,2352,all cumulative-window cuts are feasible,reachability_lower,0,12,0.0,331.25,0.0
2013-01-25,127,7,611.3,160.0,1,561.4035087719298,inf,2352,all cumulative-window cuts are feasible,reachability_lower,0,12,0.0,336.8421052631579,0.0
2013-01-25,127,8,611.3,138.4375,1,485.74561403508767,inf,2352,all cumulative-window cuts are feasible,reachability_lower,0,12,0.0,291.44736842105266,0.0
2013-01-25,127,9,611.3,150.15625,1,526.8640350877192,inf,2352,all cumulative-window cuts are feasible,reachability_lower,0,12,0.0,316.1184210526316,5.684341886080802e-14
2013-04-01,128,0,611.3,124.765625,1,437.7741228070175,inf,2352,all cumulative-window cuts are feasible,reachability_lower,0,12,0.0,262.6644736842105,0.0
2013-04-01,128,1,611.3,136.640625,1,479.4407894736841,inf,2352,all cumulative-window cuts are feasible,reachability_lower,0,12,0.0,287.6644736842105,0.0
2013-04-01,128,2,611.3,145.546875,1,510.6907894736841,inf,2352,all cumulative-window cuts are feasible,reachability_lower,0,12,0.0,306.4144736842105,0.0
2013-04-01,128,3,611.3,139.140625,1,488.2127192982456,inf,2352,all cumulative-window cuts are feasible,reachability_lower,0,12,0.0,292.9276315789474,0.0
2013-04-01,128,4,611.3,131.796875,1,462.44517543859644,inf,2352,all cumulative-window cuts are feasible,reachability_lower,0,12,0.0,277.4671052631579,0.0
2013-04-01,128,5,611.3,114.921875,1,403.23464912280696,inf,2352,all cumulative-window cuts are feasible,reachability_lower,0,12,0.0,241.94078947368422,0.0
2013-04-01,128,6,611.3,127.421875,1,447.094298245614,inf,2352,all cumulative-window cuts are feasible,reachability_lower,0,12,0.0,268.25657894736844,0.0
2013-04-01,128,7,611.3,150.46875,1,527.9605263157894,inf,2352,all cumulative-window cuts are feasible,reachability_lower,0,12,0.0,316.7763157894737,5.684341886080802e-14
2013-04-01,128,8,611.3,149.53125,1,524.671052631579,inf,2352,all cumulative-window cuts are feasible,reachability_lower,0,12,0.0,314.8026315789474,0.0
2013-04-01,128,9,611.3,144.53125,1,507.1271929824561,inf,2352,all cumulative-window cuts are feasible,reachability_lower,0,12,0.0,304.2763157894737,0.0
2013-04-02,129,0,611.3,85.234375,1,299.0679824561403,inf,2352,all cumulative-window cuts are feasible,reachability_lower,0,12,0.0,179.44078947368422,0.0
2013-04-02,129,1,611.3,93.046875,1,326.4802631578947,inf,2352,all cumulative-window cuts are feasible,reachability_lower,0,12,0.0,195.88815789473685,0.0
2013-04-02,129,2,611.3,97.34375,1,341.5570175438596,inf,2352,all cumulative-window cuts are feasible,reachability_lower,0,12,0.0,204.9342105263158,0.0
2013-04-02,129,3,611.3,75.390625,1,264.52850877192975,inf,2352,all cumulative-window cuts are feasible,reachability_lower,0,12,0.0,158.7171052631579,2.842170943040401e-14
2013-04-02,129,4,611.3,92.734375,1,325.3837719298245,inf,2352,all cumulative-window cuts are feasible,reachability_lower,0,12,0.0,195.23026315789474,2.842170943040401e-14
2013-04-02,129,5,611.3,92.1875,1,323.46491228070175,inf,2352,all cumulative-window cuts are feasible,reachability_lower,0,12,0.0,194.07894736842107,0.0
2013-04-02,129,6,611.3,110.078125,1,386.23903508771923,inf,2352,all cumulative-window cuts are feasible,reachability_lower,0,12,0.0,231.7434210526316,2.842170943040401e-14
2013-04-02,129,7,611.3,101.5625,1,356.35964912280696,inf,2352,all cumulative-window cuts are feasible,reachability_lower,0,12,0.0,213.81578947368422,0.0
2013-04-02,129,8,611.3,106.875,1,374.99999999999994,inf,2352,all cumulative-window cuts are feasible,reachability_lower,0,12,0.0,225.0,0.0
2013-04-02,129,9,611.3,107.109375,1,375.8223684210526,inf,2352,all cumulative-window cuts are feasible,reachability_lower,0,12,0.0,225.4934210526316,0.0
2013-04-03,130,0,611.3,145.390625,1,510.14254385964904,inf,2352,all cumulative-window cuts are feasible,reachability_lower,0,12,0.0,306.0855263157895,0.0
2013-04-03,130,1,611.3,141.015625,1,494.7916666666666,inf,2352,all cumulative-window cuts are feasible,reachability_lower,0,12,0.0,296.875,0.0
2013-04-03,130,2,611.3,157.109375,1,551.2609649122807,inf,2352,all cumulative-window cuts are feasible,reachability_lower,0,12,0.0,330.75657894736844,0.0
2013-04-03,130,3,611.3,137.109375,1,481.0855263157894,inf,2352,all cumulative-window cuts are feasible,reachability_lower,0,12,0.0,288.6513157894737,0.0
2013-04-03,130,4,611.3,132.578125,1,465.1864035087719,inf,2352,all cumulative-window cuts are feasible,reachability_lower,0,12,0.0,279.1118421052632,0.0
2013-04-03,130,5,611.3,145.3125,1,509.8684210526315,inf,2352,all cumulative-window cuts are feasible,reachability_lower,0,12,0.0,305.92105263157896,0.0
2013-04-03,130,6,611.3,157.5,1,552.6315789473683,inf,2352,all cumulative-window cuts are feasible,reachability_lower,0,12,0.0,331.57894736842104,0.0
2013-04-03,130,7,611.3,157.5,1,552.6315789473683,inf,2352,all cumulative-window cuts are feasible,reachability_lower,0,12,0.0,331.57894736842104,0.0
2013-04-03,130,8,611.3,141.5625,1,496.7105263157894,inf,2352,all cumulative-window cuts are feasible,reachability_lower,0,12,0.0,298.0263157894737,0.0
2013-04-03,130,9,611.3,149.84375,1,525.7675438596491,inf,2352,all cumulative-window cuts are feasible,reachability_lower,0,12,0.0,315.4605263157895,0.0
2013-04-04,131,0,611.3,144.6875,1,507.6754385964912,inf,2352,all cumulative-window cuts are feasible,reachability_lower,0,12,0.0,304.60526315789474,0.0
2013-04-04,131,1,611.3,146.71875,1,514.8026315789473,inf,2352,all cumulative-window cuts are feasible,reachability_lower,0,12,0.0,308.88157894736844,0.0
2013-04-04,131,2,611.3,158.90625,1,557.5657894736842,inf,2352,all cumulative-window cuts are feasible,reachability_lower,0,12,0.0,334.5394736842105,0.0
2013-04-04,131,3,611.3,135.625,1,475.8771929824561,inf,2352,all cumulative-window cuts are feasible,reachability_lower,0,12,0.0,285.5263157894737,0.0
2013-04-04,131,4,611.3,132.65625,1,465.4605263157894,inf,2352,all cumulative-window cuts are feasible,reachability_lower,0,12,0.0,279.2763157894737,0.0
2013-04-04,131,5,611.3,139.765625,1,490.405701754386,inf,2352,all cumulative-window cuts are feasible,reachability_lower,0,12,0.0,294.2434210526316,0.0
2013-04-04,131,6,611.3,156.875,1,550.438596491228,inf,2352,all cumulative-window cuts are feasible,reachability_lower,0,12,0.0,330.2631578947369,0.0
2013-04-04,131,7,611.3,158.515625,1,556.1951754385965,inf,2352,all cumulative-window cuts are feasible,reachability_lower,0,12,0.0,333.7171052631579,0.0
2013-04-04,131,8,611.3,151.171875,1,530.4276315789473,inf,2352,all cumulative-window cuts are feasible,reachability_lower,0,12,0.0,318.25657894736844,0.0
2013-04-04,131,9,611.3,149.0625,1,523.0263157894736,inf,2352,all cumulative-window cuts are feasible,reachability_lower,0,12,0.0,313.8157894736842,0.0
2013-04-05,132,0,611.3,118.90625,1,417.2149122807017,inf,2352,all cumulative-window cuts are feasible,reachability_lower,0,12,0.0,250.32894736842107,0.0
2013-04-05,132,1,611.3,112.65625,1,395.2850877192982,inf,2352,all cumulative-window cuts are feasible,reachability_lower,0,12,0.0,237.17105263157896,0.0
2013-04-05,132,2,611.3,121.484375,1,426.26096491228066,inf,2352,all cumulative-window cuts are feasible,reachability_lower,0,12,0.0,255.75657894736844,0.0
2013-04-05,132,3,611.3,117.578125,1,412.55482456140345,inf,2352,all cumulative-window cuts are feasible,reachability_lower,0,12,0.0,247.5328947368421,0.0
2013-04-05,132,4,611.3,127.734375,1,448.1907894736841,inf,2352,all cumulative-window cuts are feasible,reachability_lower,0,12,0.0,268.9144736842105,0.0
2013-04-05,132,5,611.3,119.53125,1,419.4078947368421,inf,2352,all cumulative-window cuts are feasible,reachability_lower,0,12,0.0,251.6447368421053,0.0
2013-04-05,132,6,611.3,128.125,1,449.5614035087719,inf,2352,all cumulative-window cuts are feasible,reachability_lower,0,12,0.0,269.7368421052632,0.0
2013-04-05,132,7,611.3,132.109375,1,463.5416666666666,inf,2352,all cumulative-window cuts are feasible,reachability_lower,0,12,0.0,278.125,0.0
2013-04-05,132,8,611.3,116.71875,1,409.53947368421046,inf,2352,all cumulative-window cuts are feasible,reachability_lower,0,12,0.0,245.72368421052633,2.842170943040401e-14
2013-04-05,132,9,611.3,139.84375,1,490.6798245614035,inf,2352,all cumulative-window cuts are feasible,reachability_lower,0,12,0.0,294.40789473684214,0.0
2013-04-06,133,0,611.3,139.453125,1,489.3092105263157,inf,2352,all cumulative-window cuts are feasible,reachability_lower,0,12,0.0,293.5855263157895,0.0
2013-04-06,133,1,611.3,130.703125,1,458.6074561403508,inf,2352,all cumulative-window cuts are feasible,reachability_lower,0,12,0.0,275.1644736842105,0.0
2013-04-06,133,2,611.3,147.65625,1,518.0921052631578,inf,2352,all cumulative-window cuts are feasible,reachability_lower,0,12,0.0,310.85526315789474,0.0
2013-04-06,133,3,611.3,138.125,1,484.6491228070175,inf,2352,all cumulative-window cuts are feasible,reachability_lower,0,12,0.0,290.7894736842105,0.0
2013-04-06,133,4,611.3,142.265625,1,499.17763157894734,inf,2352,all cumulative-window cuts are feasible,reachability_lower,0,12,0.0,299.50657894736844,0.0
2013-04-06,133,5,611.3,131.09375,1,459.9780701754386,inf,2352,all cumulative-window cuts are feasible,reachability_lower,0,12,0.0,275.9868421052632,0.0
2013-04-06,133,6,611.3,154.140625,1,540.844298245614,inf,2352,all cumulative-window cuts are feasible,reachability_lower,0,12,0.0,324.50657894736844,0.0
2013-04-06,133,7,611.3,156.484375,1,549.0679824561403,inf,2352,all cumulative-window cuts are feasible,reachability_lower,0,12,0.0,329.4407894736842,0.0
2013-04-06,133,8,611.3,140.78125,1,493.96929824561397,inf,2352,all cumulative-window cuts are feasible,reachability_lower,0,12,0.0,296.38157894736844,0.0
2013-04-06,133,9,611.3,142.265625,1,499.17763157894734,inf,2352,all cumulative-window cuts are feasible,reachability_lower,0,12,0.0,299.50657894736844,0.0
2013-04-07,134,0,611.3,156.171875,1,547.9714912280701,inf,2352,all cumulative-window cuts are feasible,reachability_lower,0,12,0.0,328.78289473684214,0.0
2013-04-07,134,1,611.3,140.703125,1,493.69517543859644,inf,2352,all cumulative-window cuts are feasible,reachability_lower,0,12,0.0,296.2171052631579,0.0
2013-04-07,134,2,611.3,130.46875,1,457.7850877192982,inf,2352,all cumulative-window cuts are feasible,reachability_lower,0,12,0.0,274.67105263157896,0.0
2013-04-07,134,3,611.3,113.828125,1,399.39692982456137,inf,2352,all cumulative-window cuts are feasible,reachability_lower,0,12,0.0,239.63815789473685,0.0
2013-04-07,134,4,611.3,138.90625,1,487.3903508771929,inf,2352,all cumulative-window cuts are feasible,reachability_lower,0,12,0.0,292.4342105263158,0.0
2013-04-07,134,5,611.3,118.359375,1,415.2960526315789,inf,2352,all cumulative-window cuts are feasible,reachability_lower,0,12,0.0,249.17763157894737,0.0
2013-04-07,134,6,611.3,147.96875,1,519.188596491228,inf,2352,all cumulative-window cuts are feasible,reachability_lower,0,12,0.0,311.5131578947369,0.0
2013-04-07,134,7,611.3,150.703125,1,528.782894736842,inf,2352,all cumulative-window cuts are feasible,reachability_lower,0,12,0.0,317.26973684210526,5.684341886080802e-14
2013-04-07,134,8,611.3,135.703125,1,476.15131578947364,inf,2352,all cumulative-window cuts are feasible,reachability_lower,0,12,0.0,285.6907894736842,0.0
2013-04-07,134,9,611.3,136.71875,1,479.71491228070164,inf,2352,all cumulative-window cuts are feasible,reachability_lower,0,12,0.0,287.82894736842104,0.0
2013-04-08,135,0,611.3,142.8125,1,501.09649122807014,inf,2352,all cumulative-window cuts are feasible,reachability_lower,0,12,0.0,300.65789473684214,0.0
2013-04-08,135,1,611.3,120.859375,1,424.0679824561403,inf,2352,all cumulative-window cuts are feasible,reachability_lower,0,12,0.0,254.44078947368422,-2.842170943040401e-14
2013-04-08,135,2,611.3,132.578125,1,465.1864035087719,inf,2352,all cumulative-window cuts are feasible,reachability_lower,0,12,0.0,279.1118421052632,0.0
2013-04-08,135,3,611.3,121.40625,1,425.9868421052631,inf,2352,all cumulative-window cuts are feasible,reachability_lower,0,12,0.0,255.59210526315792,0.0
2013-04-08,135,4,611.3,108.046875,1,379.1118421052631,inf,2352,all cumulative-window cuts are feasible,reachability_lower,0,12,0.0,227.46710526315792,0.0
2013-04-08,135,5,611.3,114.921875,1,403.23464912280696,inf,2352,all cumulative-window cuts are feasible,reachability_lower,0,12,0.0,241.94078947368422,0.0
2013-04-08,135,6,611.3,120.0,1,421.05263157894734,inf,2352,all cumulative-window cuts are feasible,reachability_lower,0,12,0.0,252.63157894736844,0.0
2013-04-08,135,7,611.3,123.59375,1,433.66228070175436,inf,2352,all cumulative-window cuts are feasible,reachability_lower,0,12,0.0,260.19736842105266,0.0
2013-04-08,135,8,611.3,115.46875,1,405.1535087719298,inf,2352,all cumulative-window cuts are feasible,reachability_lower,0,12,0.0,243.09210526315792,0.0
2013-04-08,135,9,611.3,146.09375,1,512.6096491228069,inf,2352,all cumulative-window cuts are feasible,reachability_lower,0,12,0.0,307.5657894736842,5.684341886080802e-14
2013-04-09,136,0,611.3,137.578125,1,482.73026315789474,inf,2352,all cumulative-window cuts are feasible,reachability_lower,0,12,0.0,289.6381578947369,0.0
2013-04-09,136,1,611.3,127.421875,1,447.094298245614,inf,2352,all cumulative-window cuts are feasible,reachability_lower,0,12,0.0,268.25657894736844,0.0
2013-04-09,136,2,611.3,150.859375,1,529.3311403508771,inf,2352,all cumulative-window cuts are feasible,reachability_lower,0,12,0.0,317.59868421052636,0.0
2013-04-09,136,3,611.3,139.609375,1,489.8574561403508,inf,2352,all cumulative-window cuts are feasible,reachability_lower,0,12,0.0,293.9144736842105,0.0
2013-04-09,136,4,611.3,137.8125,1,483.55263157894734,inf,2352,all cumulative-window cuts are feasible,reachability_lower,0,12,0.0,290.13157894736844,0.0
2013-04-09,136,5,611.3,143.359375,1,503.0153508771929,inf,2352,all cumulative-window cuts are feasible,reachability_lower,0,12,0.0,301.8092105263158,0.0
2013-04-09,136,6,611.3,145.46875,1,510.4166666666666,inf,2352,all cumulative-window cuts are feasible,reachability_lower,0,12,0.0,306.25,0.0
2013-04-09,136,7,611.3,156.40625,1,548.7938596491227,inf,2352,all cumulative-window cuts are feasible,reachability_lower,0,12,0.0,329.2763157894737,0.0
2013-04-09,136,8,611.3,128.125,1,449.5614035087719,inf,2352,all cumulative-window cuts are feasible,reachability_lower,0,12,0.0,269.7368421052632,0.0
2013-04-09,136,9,611.3,136.5625,1,479.1666666666666,inf,2352,all cumulative-window cuts are feasible,reachability_lower,0,12,0.0,287.5,0.0
2013-04-10,137,0,611.3,118.046875,1,414.19956140350877,inf,2352,all cumulative-window cuts are feasible,reachability_lower,0,12,0.0,248.5197368421053,0.0
2013-04-10,137,1,611.3,108.046875,1,379.1118421052631,inf,2352,all cumulative-window cuts are feasible,reachability_lower,0,12,0.0,227.46710526315792,0.0
2013-04-10,137,2,611.3,93.984375,1,329.76973684210526,inf,2352,all cumulative-window cuts are feasible,reachability_lower,0,12,0.0,197.86184210526318,0.0
2013-04-10,137,3,611.3,98.203125,1,344.5723684210526,inf,2352,all cumulative-window cuts are feasible,reachability_lower,0,12,0.0,206.7434210526316,0.0
2013-04-10,137,4,611.3,104.921875,1,368.14692982456137,inf,2352,all cumulative-window cuts are feasible,reachability_lower,0,12,0.0,220.88815789473685,0.0
2013-04-10,137,5,611.3,94.609375,1,331.9627192982456,inf,2352,all cumulative-window cuts are feasible,reachability_lower,0,12,0.0,199.17763157894737,0.0
2013-04-10,137,6,611.3,110.15625,1,386.51315789473676,inf,2352,all cumulative-window cuts are feasible,reachability_lower,0,12,0.0,231.9078947368421,2.842170943040401e-14
2013-04-10,137,7,611.3,115.703125,1,405.9758771929824,inf,2352,all cumulative-window cuts are feasible,reachability_lower,0,12,0.0,243.58552631578948,0.0
2013-04-10,137,8,611.3,104.0625,1,365.1315789473684,inf,2352,all cumulative-window cuts are feasible,reachability_lower,0,12,0.0,219.07894736842107,0.0
2013-04-10,137,9,611.3,123.59375,1,433.66228070175436,inf,2352,all cumulative-window cuts are feasible,reachability_lower,0,12,0.0,260.19736842105266,0.0
2013-04-11,138,0,611.3,98.4375,1,345.39473684210526,inf,2352,all cumulative-window cuts are feasible,reachability_lower,0,12,0.0,207.23684210526318,0.0
2013-04-11,138,1,611.3,99.21875,1,348.13596491228066,inf,2352,all cumulative-window cuts are feasible,reachability_lower,0,12,0.0,208.88157894736844,2.842170943040401e-14
2013-04-11,138,2,611.3,91.25,1,320.1754385964912,inf,2352,all cumulative-window cuts are feasible,reachability_lower,0,12,0.0,192.10526315789474,0.0
2013-04-11,138,3,611.3,91.484375,1,320.99780701754383,inf,2352,all cumulative-window cuts are feasible,reachability_lower,0,12,0.0,192.59868421052633,0.0
2013-04-11,138,4,611.3,95.15625,1,333.8815789473684,inf,2352,all cumulative-window cuts are feasible,reachability_lower,0,12,0.0,200.32894736842107,0.0
2013-04-11,138,5,611.3,80.859375,1,283.71710526315786,inf,2352,all cumulative-window cuts are feasible,reachability_lower,0,12,0.0,170.23026315789474,0.0
2013-04-11,138,6,611.3,119.609375,1,419.6820175438596,inf,2352,all cumulative-window cuts are feasible,reachability_lower,0,12,0.0,251.8092105263158,0.0
2013-04-11,138,7,611.3,106.015625,1,371.98464912280696,inf,2352,all cumulative-window cuts are feasible,reachability_lower,0,12,0.0,223.19078947368422,0.0
2013-04-11,138,8,611.3,96.328125,1,337.99342105263156,inf,2352,all cumulative-window cuts are feasible,reachability_lower,0,12,0.0,202.79605263157896,0.0
2013-04-11,138,9,611.3,114.921875,1,403.23464912280696,inf,2352,all cumulative-window cuts are feasible,reachability_lower,0,12,0.0,241.94078947368422,0.0
2013-04-12,139,0,611.3,141.484375,1,496.4364035087719,inf,2352,all cumulative-window cuts are feasible,reachability_lower,0,12,0.0,297.8618421052632,0.0
2013-04-12,139,1,611.3,118.203125,1,414.74780701754383,inf,2352,all cumulative-window cuts are feasible,reachability_lower,0,12,0.0,248.84868421052633,0.0
2013-04-12,139,2,611.3,108.359375,1,380.20833333333326,inf,2352,all cumulative-window cuts are feasible,reachability_lower,0,12,0.0,228.125,0.0
2013-04-12,139,3,611.3,98.984375,1,347.31359649122805,inf,2352,all cumulative-window cuts are feasible,reachability_lower,0,12,0.0,208.38815789473685,0.0
2013-04-12,139,4,611.3,103.671875,1,363.76096491228066,inf,2352,all cumulative-window cuts are feasible,reachability_lower,0,12,0.0,218.25657894736844,0.0
2013-04-12,139,5,611.3,102.8125,1,360.74561403508767,inf,2352,all cumulative-window cuts are feasible,reachability_lower,0,12,0.0,216.44736842105263,0.0
2013-04-12,139,6,611.3,137.109375,1,481.0855263157894,inf,2352,all cumulative-window cuts are feasible,reachability_lower,0,12,0.0,288.6513157894737,0.0
2013-04-12,139,7,611.3,104.0625,1,365.1315789473684,inf,2352,all cumulative-window cuts are feasible,reachability_lower,0,12,0.0,219.07894736842107,0.0
2013-04-12,139,8,611.3,102.734375,1,360.47149122807014,inf,2352,all cumulative-window cuts are feasible,reachability_lower,0,12,0.0,216.2828947368421,0.0
2013-04-12,139,9,611.3,120.546875,1,422.97149122807014,inf,2352,all cumulative-window cuts are feasible,reachability_lower,0,12,0.0,253.7828947368421,0.0
2013-04-13,140,0,611.3,115.546875,1,405.42763157894734,inf,2352,all cumulative-window cuts are feasible,reachability_lower,0,12,0.0,243.25657894736844,0.0
2013-04-13,140,1,611.3,120.9375,1,424.34210526315786,inf,2352,all cumulative-window cuts are feasible,reachability_lower,0,12,0.0,254.60526315789474,-2.842170943040401e-14
2013-04-13,140,2,611.3,118.75,1,416.66666666666663,inf,2352,all cumulative-window cuts are feasible,reachability_lower,0,12,0.0,250.0,-2.842170943040401e-14
2013-04-13,140,3,611.3,108.515625,1,380.7565789473684,inf,2352,all cumulative-window cuts are feasible,reachability_lower,0,12,0.0,228.45394736842107,0.0
2013-04-13,140,4,611.3,131.484375,1,461.34868421052624,inf,2352,all cumulative-window cuts are feasible,reachability_lower,0,12,0.0,276.8092105263158,0.0
2013-04-13,140,5,611.3,101.171875,1,354.9890350877193,inf,2352,all cumulative-window cuts are feasible,reachability_lower,0,12,0.0,212.9934210526316,-2.842170943040401e-14
2013-04-13,140,6,611.3,122.109375,1,428.45394736842104,inf,2352,all cumulative-window cuts are feasible,reachability_lower,0,12,0.0,257.07236842105266,0.0
2013-04-13,140,7,611.3,156.484375,1,549.0679824561403,inf,2352,all cumulative-window cuts are feasible,reachability_lower,0,12,0.0,329.4407894736842,0.0
2013-04-13,140,8,611.3,121.09375,1,424.89035087719293,inf,2352,all cumulative-window cuts are feasible,reachability_lower,0,12,0.0,254.9342105263158,0.0
2013-04-13,140,9,611.3,135.546875,1,475.6030701754386,inf,2352,all cumulative-window cuts are feasible,reachability_lower,0,12,0.0,285.3618421052632,0.0
2013-04-14,141,0,611.3,130.703125,1,458.6074561403508,inf,2352,all cumulative-window cuts are feasible,reachability_lower,0,12,0.0,275.1644736842105,0.0
2013-04-14,141,1,611.3,113.828125,1,399.39692982456137,inf,2352,all cumulative-window cuts are feasible,reachability_lower,0,12,0.0,239.63815789473685,0.0
2013-04-14,141,2,611.3,144.140625,1,505.7565789473683,inf,2352,all cumulative-window cuts are feasible,reachability_lower,0,12,0.0,303.45394736842104,0.0
2013-04-14,141,3,611.3,92.578125,1,324.8355263157894,inf,2352,all cumulative-window cuts are feasible,reachability_lower,0,12,0.0,194.9013157894737,2.842170943040401e-14
2013-04-14,141,4,611.3,121.328125,1,425.71271929824553,inf,2352,all cumulative-window cuts are feasible,reachability_lower,0,12,0.0,255.42763157894737,0.0
2013-04-14,141,5,611.3,103.90625,1,364.58333333333326,inf,2352,all cumulative-window cuts are feasible,reachability_lower,0,12,0.0,218.75,0.0
2013-04-14,141,6,611.3,136.25,1,478.07017543859644,inf,2352,all cumulative-window cuts are feasible,reachability_lower,0,12,0.0,286.8421052631579,0.0
2013-04-14,141,7,611.3,155.3125,1,544.9561403508771,inf,2352,all cumulative-window cuts are feasible,reachability_lower,0,12,0.0,326.97368421052636,0.0
2013-04-14,141,8,611.3,128.515625,1,450.93201754385956,inf,2352,all cumulative-window cuts are feasible,reachability_lower,0,12,0.0,270.5592105263158,0.0
2013-04-14,141,9,611.3,138.984375,1,487.6644736842105,inf,2352,all cumulative-window cuts are feasible,reachability_lower,0,12,0.0,292.59868421052636,0.0
2013-04-15,142,0,611.3,124.765625,1,437.7741228070175,inf,2352,all cumulative-window cuts are feasible,reachability_lower,0,12,0.0,262.6644736842105,0.0
2013-04-15,142,1,611.3,119.921875,1,420.7785087719298,inf,2352,all cumulative-window cuts are feasible,reachability_lower,0,12,0.0,252.46710526315792,0.0
2013-04-15,142,2,611.3,131.953125,1,462.9934210526315,inf,2352,all cumulative-window cuts are feasible,reachability_lower,0,12,0.0,277.79605263157896,0.0
2013-04-15,142,3,611.3,103.828125,1,364.3092105263157,inf,2352,all cumulative-window cuts are feasible,reachability_lower,0,12,0.0,218.58552631578948,0.0
2013-04-15,142,4,611.3,120.546875,1,422.97149122807014,inf,2352,all cumulative-window cuts are feasible,reachability_lower,0,12,0.0,253.7828947368421,0.0
2013-04-15,142,5,611.3,112.34375,1,394.188596491228,inf,2352,all cumulative-window cuts are feasible,reachability_lower,0,12,0.0,236.51315789473685,2.842170943040401e-14
2013-04-15,142,6,611.3,141.09375,1,495.0657894736841,inf,2352,all cumulative-window cuts are feasible,reachability_lower,0,12,0.0,297.0394736842105,0.0
2013-04-15,142,7,611.3,151.640625,1,532.0723684210526,inf,2352,all cumulative-window cuts are feasible,reachability_lower,0,12,0.0,319.2434210526316,0.0
2013-04-15,142,8,611.3,116.328125,1,408.1688596491228,inf,2352,all cumulative-window cuts are feasible,reachability_lower,0,12,0.0,244.9013157894737,0.0
2013-04-15,142,9,611.3,139.140625,1,488.2127192982456,inf,2352,all cumulative-window cuts are feasible,reachability_lower,0,12,0.0,292.9276315789474,0.0
2013-04-16,143,0,611.3,150.46875,1,527.9605263157894,inf,2352,all cumulative-window cuts are feasible,reachability_lower,0,12,0.0,316.7763157894737,5.684341886080802e-14
2013-04-16,143,1,611.3,138.046875,1,484.37499999999994,inf,2352,all cumulative-window cuts are feasible,reachability_lower,0,12,0.0,290.625,0.0
2013-04-16,143,2,611.3,118.28125,1,415.02192982456137,inf,2352,all cumulative-window cuts are feasible,reachability_lower,0,12,0.0,249.01315789473685,0.0
2013-04-16,143,3,611.3,128.046875,1,449.28728070175436,inf,2352,all cumulative-window cuts are feasible,reachability_lower,0,12,0.0,269.57236842105266,0.0
2013-04-16,143,4,611.3,128.515625,1,450.93201754385956,inf,2352,all cumulative-window cuts are feasible,reachability_lower,0,12,0.0,270.5592105263158,0.0
2013-04-16,143,5,611.3,129.84375,1,455.5921052631578,inf,2352,all cumulative-window cuts are feasible,reachability_lower,0,12,0.0,273.35526315789474,0.0
2013-04-16,143,6,611.3,146.953125,1,515.6249999999999,inf,2352,all cumulative-window cuts are feasible,reachability_lower,0,12,0.0,309.375,0.0
2013-04-16,143,7,611.3,141.171875,1,495.33991228070164,inf,2352,all cumulative-window cuts are feasible,reachability_lower,0,12,0.0,297.20394736842104,0.0
2013-04-16,143,8,611.3,131.5625,1,461.6228070175438,inf,2352,all cumulative-window cuts are feasible,reachability_lower,0,12,0.0,276.9736842105263,0.0
2013-04-16,143,9,611.3,123.828125,1,434.48464912280696,inf,2352,all cumulative-window cuts are feasible,reachability_lower,0,12,0.0,260.6907894736842,0.0
2013-04-17,144,0,611.3,134.21875,1,470.94298245614027,inf,2352,all cumulative-window cuts are feasible,reachability_lower,0,12,0.0,282.5657894736842,0.0
2013-04-17,144,1,611.3,108.75,1,381.578947368421,inf,2352,all cumulative-window cuts are feasible,reachability_lower,0,12,0.0,228.94736842105263,0.0
2013-04-17,144,2,611.3,124.21875,1,435.85526315789474,inf,2352,all cumulative-window cuts are feasible,reachability_lower,0,12,0.0,261.5131578947369,0.0
2013-04-17,144,3,611.3,101.40625,1,355.8114035087719,inf,2352,all cumulative-window cuts are feasible,reachability_lower,0,12,0.0,213.48684210526318,0.0
2013-04-17,144,4,611.3,106.25,1,372.8070175438596,inf,2352,all cumulative-window cuts are feasible,reachability_lower,0,12,0.0,223.6842105263158,0.0
2013-04-17,144,5,611.3,107.96875,1,378.8377192982456,inf,2352,all cumulative-window cuts are feasible,reachability_lower,0,12,0.0,227.30263157894737,-2.842170943040401e-14
2013-04-17,144,6,611.3,118.828125,1,416.94078947368416,inf,2352,all cumulative-window cuts are feasible,reachability_lower,0,12,0.0,250.16447368421055,0.0
2013-04-17,144,7,611.3,115.9375,1,406.79824561403507,inf,2352,all cumulative-window cuts are feasible,reachability_lower,0,12,0.0,244.07894736842107,0.0
2013-04-17,144,8,611.3,125.859375,1,441.6118421052631,inf,2352,all cumulative-window cuts are feasible,reachability_lower,0,12,0.0,264.9671052631579,0.0
2013-04-17,144,9,611.3,113.90625,1,399.6710526315789,inf,2352,all cumulative-window cuts are feasible,reachability_lower,0,12,0.0,239.80263157894737,0.0
2013-04-18,145,0,611.3,117.265625,1,411.45833333333326,inf,2352,all cumulative-window cuts are feasible,reachability_lower,0,12,0.0,246.875,0.0
2013-04-18,145,1,611.3,130.703125,1,458.6074561403508,inf,2352,all cumulative-window cuts are feasible,reachability_lower,0,12,0.0,275.1644736842105,0.0
2013-04-18,145,2,611.3,115.390625,1,404.8793859649122,inf,2352,all cumulative-window cuts are feasible,reachability_lower,0,12,0.0,242.92763157894737,0.0
2013-04-18,145,3,611.3,119.84375,1,420.5043859649122,inf,2352,all cumulative-window cuts are feasible,reachability_lower,0,12,0.0,252.30263157894737,0.0
2013-04-18,145,4,611.3,117.1875,1,411.1842105263157,inf,2352,all cumulative-window cuts are feasible,reachability_lower,0,12,0.0,246.71052631578948,0.0
2013-04-18,145,5,611.3,125.078125,1,438.8706140350877,inf,2352,all cumulative-window cuts are feasible,reachability_lower,0,12,0.0,263.32236842105266,0.0
2013-04-18,145,6,611.3,145.3125,1,509.8684210526315,inf,2352,all cumulative-window cuts are feasible,reachability_lower,0,12,0.0,305.92105263157896,0.0
2013-04-18,145,7,611.3,156.5625,1,549.3421052631578,inf,2352,all cumulative-window cuts are feasible,reachability_lower,0,12,0.0,329.60526315789474,0.0
2013-04-18,145,8,611.3,114.375,1,401.31578947368416,inf,2352,all cumulative-window cuts are feasible,reachability_lower,0,12,0.0,240.78947368421055,2.842170943040401e-14
2013-04-18,145,9,611.3,129.84375,1,455.5921052631578,inf,2352,all cumulative-window cuts are feasible,reachability_lower,0,12,0.0,273.35526315789474,0.0
2013-04-19,146,0,611.3,124.609375,1,437.2258771929824,inf,2352,all cumulative-window cuts are feasible,reachability_lower,0,12,0.0,262.3355263157895,0.0
2013-04-19,146,1,611.3,115.625,1,405.7017543859649,inf,2352,all cumulative-window cuts are feasible,reachability_lower,0,12,0.0,243.42105263157896,0.0
2013-04-19,146,2,611.3,131.40625,1,461.0745614035087,inf,2352,all cumulative-window cuts are feasible,reachability_lower,0,12,0.0,276.64473684210526,0.0
2013-04-19,146,3,611.3,133.90625,1,469.84649122807014,inf,2352,all cumulative-window cuts are feasible,reachability_lower,0,12,0.0,281.90789473684214,0.0
2013-04-19,146,4,611.3,125.0,1,438.5964912280702,inf,2352,all cumulative-window cuts are feasible,reachability_lower,0,12,0.0,263.15789473684214,0.0
2013-04-19,146,5,611.3,125.625,1,440.78947368421046,inf,2352,all cumulative-window cuts are feasible,reachability_lower,0,12,0.0,264.4736842105263,0.0
2013-04-19,146,6,611.3,130.15625,1,456.68859649122805,inf,2352,all cumulative-window cuts are feasible,reachability_lower,0,12,0.0,274.0131578947369,0.0
2013-04-19,146,7,611.3,141.015625,1,494.7916666666666,inf,2352,all cumulative-window cuts are feasible,reachability_lower,0,12,0.0,296.875,0.0
2013-04-19,146,8,611.3,141.71875,1,497.2587719298245,inf,2352,all cumulative-window cuts are feasible,reachability_lower,0,12,0.0,298.35526315789474,0.0
2013-04-19,146,9,611.3,128.984375,1,452.5767543859649,inf,2352,all cumulative-window cuts are feasible,reachability_lower,0,12,0.0,271.54605263157896,0.0
2013-04-20,147,0,611.3,156.328125,1,548.5197368421052,inf,2352,all cumulative-window cuts are feasible,reachability_lower,0,12,0.0,329.1118421052632,0.0
2013-04-20,147,1,611.3,151.5625,1,531.798245614035,inf,2352,all cumulative-window cuts are feasible,reachability_lower,0,12,0.0,319.07894736842104,0.0
2013-04-20,147,2,611.3,146.640625,1,514.5285087719298,inf,2352,all cumulative-window cuts are feasible,reachability_lower,0,12,0.0,308.7171052631579,0.0
2013-04-20,147,3,611.3,135.625,1,475.8771929824561,inf,2352,all cumulative-window cuts are feasible,reachability_lower,0,12,0.0,285.5263157894737,0.0
2013-04-20,147,4,611.3,156.09375,1,547.6973684210526,inf,2352,all cumulative-window cuts are feasible,reachability_lower,0,12,0.0,328.6184210526316,0.0
2013-04-20,147,5,611.3,141.796875,1,497.532894736842,inf,2352,all cumulative-window cuts are feasible,reachability_lower,0,12,0.0,298.51973684210526,0.0
2013-04-20,147,6,611.3,146.171875,1,512.8837719298244,inf,2352,all cumulative-window cuts are feasible,reachability_lower,0,12,0.0,307.73026315789474,5.684341886080802e-14
2013-04-20,147,7,611.3,159.84375,1,560.8552631578947,inf,2352,all cumulative-window cuts are feasible,reachability_lower,0,12,0.0,336.5131578947369,0.0
2013-04-20,147,8,611.3,138.59375,1,486.29385964912274,inf,2352,all cumulative-window cuts are feasible,reachability_lower,0,12,0.0,291.7763157894737,0.0
2013-04-20,147,9,611.3,142.5,1,499.99999999999994,inf,2352,all cumulative-window cuts are feasible,reachability_lower,0,12,0.0,300.0,0.0
2013-04-21,148,0,611.3,151.171875,1,530.4276315789473,inf,2352,all cumulative-window cuts are feasible,reachability_lower,0,12,0.0,318.25657894736844,0.0
2013-04-21,148,1,611.3,115.234375,1,404.33114035087715,inf,2352,all cumulative-window cuts are feasible,reachability_lower,0,12,0.0,242.59868421052633,0.0
2013-04-21,148,2,611.3,139.84375,1,490.6798245614035,inf,2352,all cumulative-window cuts are feasible,reachability_lower,0,12,0.0,294.40789473684214,0.0
2013-04-21,148,3,611.3,125.3125,1,439.6929824561403,inf,2352,all cumulative-window cuts are feasible,reachability_lower,0,12,0.0,263.8157894736842,0.0
2013-04-21,148,4,611.3,132.03125,1,463.26754385964904,inf,2352,all cumulative-window cuts are feasible,reachability_lower,0,12,0.0,277.9605263157895,0.0
2013-04-21,148,5,611.3,116.640625,1,409.26535087719293,inf,2352,all cumulative-window cuts are feasible,reachability_lower,0,12,0.0,245.5592105263158,2.842170943040401e-14
2013-04-21,148,6,611.3,141.71875,1,497.2587719298245,inf,2352,all cumulative-window cuts are feasible,reachability_lower,0,12,0.0,298.35526315789474,0.0
2013-04-21,148,7,611.3,138.28125,1,485.1973684210526,inf,2352,all cumulative-window cuts are feasible,reachability_lower,0,12,0.0,291.1184210526316,0.0
2013-04-21,148,8,611.3,121.796875,1,427.3574561403508,inf,2352,all cumulative-window cuts are feasible,reachability_lower,0,12,0.0,256.4144736842105,0.0
2013-04-21,148,9,611.3,151.5625,1,531.798245614035,inf,2352,all cumulative-window cuts are feasible,reachability_lower,0,12,0.0,319.07894736842104,0.0
2013-04-22,149,0,611.3,129.6875,1,455.04385964912274,inf,2352,all cumulative-window cuts are feasible,reachability_lower,0,12,0.0,273.0263157894737,0.0
2013-04-22,149,1,611.3,104.765625,1,367.5986842105263,inf,2352,all cumulative-window cuts are feasible,reachability_lower,0,12,0.0,220.5592105263158,0.0
2013-04-22,149,2,611.3,129.921875,1,455.86622807017534,inf,2352,all cumulative-window cuts are feasible,reachability_lower,0,12,0.0,273.51973684210526,0.0
2013-04-22,149,3,611.3,107.578125,1,377.46710526315786,inf,2352,all cumulative-window cuts are feasible,reachability_lower,0,12,0.0,226.48026315789474,0.0
2013-04-22,149,4,611.3,94.140625,1,330.3179824561403,inf,2352,all cumulative-window cuts are feasible,reachability_lower,0,12,0.0,198.19078947368422,0.0
2013-04-22,149,5,611.3,101.015625,1,354.4407894736842,inf,2352,all cumulative-window cuts are feasible,reachability_lower,0,12,0.0,212.66447368421055,-2.842170943040401e-14
2013-04-22,149,6,611.3,113.203125,1,397.203947368421,inf,2352,all cumulative-window cuts are feasible,reachability_lower,0,12,0.0,238.32236842105263,0.0
2013-04-22,149,7,611.3,118.671875,1,416.3925438596491,inf,2352,all cumulative-window cuts are feasible,reachability_lower,0,12,0.0,249.83552631578948,-2.842170943040401e-14
2013-04-22,149,8,611.3,123.90625,1,434.7587719298245,inf,2352,all cumulative-window cuts are feasible,reachability_lower,0,12,0.0,260.85526315789474,0.0
2013-04-22,149,9,611.3,131.640625,1,461.89692982456137,inf,2352,all cumulative-window cuts are feasible,reachability_lower,0,12,0.0,277.1381578947369,0.0
2013-04-23,150,0,611.3,103.203125,1,362.1162280701754,inf,2352,all cumulative-window cuts are feasible,reachability_lower,0,12,0.0,217.26973684210526,0.0
2013-04-23,150,1,611.3,115.3125,1,404.6052631578947,inf,2352,all cumulative-window cuts are feasible,reachability_lower,0,12,0.0,242.76315789473685,0.0
2013-04-23,150,2,611.3,94.53125,1,331.68859649122805,inf,2352,all cumulative-window cuts are feasible,reachability_lower,0,12,0.0,199.01315789473685,0.0
2013-04-23,150,3,611.3,90.78125,1,318.5307017543859,inf,2352,all cumulative-window cuts are feasible,reachability_lower,0,12,0.0,191.1184210526316,0.0
2013-04-23,150,4,611.3,108.515625,1,380.7565789473684,inf,2352,all cumulative-window cuts are feasible,reachability_lower,0,12,0.0,228.45394736842107,0.0
2013-04-23,150,5,611.3,87.8125,1,308.1140350877193,inf,2352,all cumulative-window cuts are feasible,reachability_lower,0,12,0.0,184.8684210526316,0.0
2013-04-23,150,6,611.3,120.46875,1,422.6973684210526,inf,2352,all cumulative-window cuts are feasible,reachability_lower,0,12,0.0,253.6184210526316,0.0
2013-04-23,150,7,611.3,119.53125,1,419.4078947368421,inf,2352,all cumulative-window cuts are feasible,reachability_lower,0,12,0.0,251.6447368421053,0.0
2013-04-23,150,8,611.3,141.796875,1,497.532894736842,inf,2352,all cumulative-window cuts are feasible,reachability_lower,0,12,0.0,298.51973684210526,0.0
2013-04-23,150,9,611.3,115.625,1,405.7017543859649,inf,2352,all cumulative-window cuts are feasible,reachability_lower,0,12,0.0,243.42105263157896,0.0
2013-04-24,151,0,611.3,110.78125,1,388.70614035087715,inf,2352,all cumulative-window cuts are feasible,reachability_lower,0,12,0.0,233.22368421052633,0.0
2013-04-24,151,1,611.3,111.71875,1,391.99561403508767,inf,2352,all cumulative-window cuts are feasible,reachability_lower,0,12,0.0,235.19736842105263,0.0
2013-04-24,151,2,611.3,101.328125,1,355.53728070175436,inf,2352,all cumulative-window cuts are feasible,reachability_lower,0,12,0.0,213.32236842105263,-2.842170943040401e-14
2013-04-24,151,3,611.3,92.109375,1,323.1907894736842,inf,2352,all cumulative-window cuts are feasible,reachability_lower,0,12,0.0,193.91447368421055,0.0
2013-04-24,151,4,611.3,98.90625,1,347.0394736842105,inf,2352,all cumulative-window cuts are feasible,reachability_lower,0,12,0.0,208.22368421052633,0.0
2013-04-24,151,5,611.3,91.25,1,320.1754385964912,inf,2352,all cumulative-window cuts are feasible,reachability_lower,0,12,0.0,192.10526315789474,0.0
2013-04-24,151,6,611.3,106.875,1,374.99999999999994,inf,2352,all cumulative-window cuts are feasible,reachability_lower,0,12,0.0,225.0,0.0
2013-04-24,151,7,611.3,158.046875,1,554.5504385964912,inf,2352,all cumulative-window cuts are feasible,reachability_lower,0,12,0.0,332.73026315789474,0.0
2013-04-24,151,8,611.3,112.1875,1,393.64035087719293,inf,2352,all cumulative-window cuts are feasible,reachability_lower,0,12,0.0,236.1842105263158,2.842170943040401e-14
2013-04-24,151,9,611.3,133.125,1,467.10526315789474,inf,2352,all cumulative-window cuts are feasible,reachability_lower,0,12,0.0,280.2631578947369,0.0
2013-04-25,152,0,611.3,111.953125,1,392.8179824561403,inf,2352,all cumulative-window cuts are feasible,reachability_lower,0,12,0.0,235.69078947368422,0.0
2013-04-25,152,1,611.3,123.28125,1,432.56578947368416,inf,2352,all cumulative-window cuts are feasible,reachability_lower,0,12,0.0,259.5394736842105,0.0
2013-04-25,152,2,611.3,137.1875,1,481.35964912280696,inf,2352,all cumulative-window cuts are feasible,reachability_lower,0,12,0.0,288.8157894736842,0.0
2013-04-25,152,3,611.3,132.03125,1,463.26754385964904,inf,2352,all cumulative-window cuts are feasible,reachability_lower,0,12,0.0,277.9605263157895,0.0
2013-04-25,152,4,611.3,129.609375,1,454.7697368421052,inf,2352,all cumulative-window cuts are feasible,reachability_lower,0,12,0.0,272.8618421052632,0.0
2013-04-25,152,5,611.3,108.75,1,381.578947368421,inf,2352,all cumulative-window cuts are feasible,reachability_lower,0,12,0.0,228.94736842105263,0.0
2013-04-25,152,6,611.3,120.703125,1,423.51973684210526,inf,2352,all cumulative-window cuts are feasible,reachability_lower,0,12,0.0,254.11184210526318,-2.842170943040401e-14
2013-04-25,152,7,611.3,139.21875,1,488.4868421052631,inf,2352,all cumulative-window cuts are feasible,reachability_lower,0,12,0.0,293.0921052631579,0.0
2013-04-25,152,8,611.3,142.578125,1,500.2741228070175,inf,2352,all cumulative-window cuts are feasible,reachability_lower,0,12,0.0,300.1644736842105,0.0
2013-04-25,152,9,611.3,110.46875,1,387.60964912280696,inf,2352,all cumulative-window cuts are feasible,reachability_lower,0,12,0.0,232.56578947368422,0.0
2013-04-26,153,0,611.3,97.96875,1,343.74999999999994,inf,2352,all cumulative-window cuts are feasible,reachability_lower,0,12,0.0,206.25,0.0
2013-04-26,153,1,611.3,109.765625,1,385.1425438596491,inf,2352,all cumulative-window cuts are feasible,reachability_lower,0,12,0.0,231.08552631578948,0.0
2013-04-26,153,2,611.3,101.953125,1,357.7302631578947,inf,2352,all cumulative-window cuts are feasible,reachability_lower,0,12,0.0,214.63815789473685,0.0
2013-04-26,153,3,611.3,102.734375,1,360.47149122807014,inf,2352,all cumulative-window cuts are feasible,reachability_lower,0,12,0.0,216.2828947368421,0.0
2013-04-26,153,4,611.3,104.375,1,366.2280701754386,inf,2352,all cumulative-window cuts are feasible,reachability_lower,0,12,0.0,219.73684210526318,0.0
2013-04-26,153,5,611.3,83.046875,1,291.3925438596491,inf,2352,all cumulative-window cuts are feasible,reachability_lower,0,12,0.0,174.83552631578948,0.0
2013-04-26,153,6,611.3,105.546875,1,370.33991228070175,inf,2352,all cumulative-window cuts are feasible,reachability_lower,0,12,0.0,222.20394736842107,-2.842170943040401e-14
2013-04-26,153,7,611.3,124.140625,1,435.5811403508771,inf,2352,all cumulative-window cuts are feasible,reachability_lower,0,12,0.0,261.3486842105263,0.0
2013-04-26,153,8,611.3,108.671875,1,381.30482456140345,inf,2352,all cumulative-window cuts are feasible,reachability_lower,0,12,0.0,228.7828947368421,0.0
2013-04-26,153,9,611.3,120.390625,1,422.42324561403507,inf,2352,all cumulative-window cuts are feasible,reachability_lower,0,12,0.0,253.45394736842107,0.0
2013-04-27,154,0,611.3,115.3125,1,404.6052631578947,inf,2352,all cumulative-window cuts are feasible,reachability_lower,0,12,0.0,242.76315789473685,0.0
2013-04-27,154,1,611.3,123.203125,1,432.29166666666663,inf,2352,all cumulative-window cuts are feasible,reachability_lower,0,12,0.0,259.375,0.0
2013-04-27,154,2,611.3,129.453125,1,454.22149122807014,inf,2352,all cumulative-window cuts are feasible,reachability_lower,0,12,0.0,272.53289473684214,0.0
2013-04-27,154,3,611.3,122.421875,1,429.5504385964912,inf,2352,all cumulative-window cuts are feasible,reachability_lower,0,12,0.0,257.73026315789474,0.0
2013-04-27,154,4,611.3,117.03125,1,410.63596491228066,inf,2352,all cumulative-window cuts are feasible,reachability_lower,0,12,0.0,246.38157894736844,0.0
2013-04-27,154,5,611.3,78.59375,1,275.7675438596491,inf,2352,all cumulative-window cuts are feasible,reachability_lower,0,12,0.0,165.46052631578948,0.0
2013-04-27,154,6,611.3,122.96875,1,431.469298245614,inf,2352,all cumulative-window cuts are feasible,reachability_lower,0,12,0.0,258.88157894736844,0.0
2013-04-27,154,7,611.3,154.765625,1,543.0372807017543,inf,2352,all cumulative-window cuts are feasible,reachability_lower,0,12,0.0,325.82236842105266,5.684341886080802e-14
2013-04-27,154,8,611.3,117.890625,1,413.65131578947364,inf,2352,all cumulative-window cuts are feasible,reachability_lower,0,12,0.0,248.19078947368422,0.0
2013-04-27,154,9,611.3,103.75,1,364.0350877192982,inf,2352,all cumulative-window cuts are feasible,reachability_lower,0,12,0.0,218.42105263157896,0.0
2013-04-28,155,0,611.3,127.03125,1,445.72368421052624,inf,2352,all cumulative-window cuts are feasible,reachability_lower,0,12,0.0,267.4342105263158,0.0
2013-04-28,155,1,611.3,134.0625,1,470.3947368421052,inf,2352,all cumulative-window cuts are feasible,reachability_lower,0,12,0.0,282.2368421052632,0.0
2013-04-28,155,2,611.3,139.921875,1,490.95394736842104,inf,2352,all cumulative-window cuts are feasible,reachability_lower,0,12,0.0,294.57236842105266,0.0
2013-04-28,155,3,611.3,104.84375,1,367.87280701754383,inf,2352,all cumulative-window cuts are feasible,reachability_lower,0,12,0.0,220.72368421052633,0.0
2013-04-28,155,4,611.3,118.984375,1,417.48903508771923,inf,2352,all cumulative-window cuts are feasible,reachability_lower,0,12,0.0,250.4934210526316,0.0
2013-04-28,155,5,611.3,100.46875,1,352.52192982456137,inf,2352,all cumulative-window cuts are feasible,reachability_lower,0,12,0.0,211.51315789473685,0.0
2013-04-28,155,6,611.3,116.796875,1,409.813596491228,inf,2352,all cumulative-window cuts are feasible,reachability_lower,0,12,0.0,245.88815789473685,2.842170943040401e-14
2013-04-28,155,7,611.3,136.40625,1,478.6184210526315,inf,2352,all cumulative-window cuts are feasible,reachability_lower,0,12,0.0,287.17105263157896,0.0
2013-04-28,155,8,611.3,136.5625,1,479.1666666666666,inf,2352,all cumulative-window cuts are feasible,reachability_lower,0,12,0.0,287.5,0.0
2013-04-28,155,9,611.3,139.921875,1,490.95394736842104,inf,2352,all cumulative-window cuts are feasible,reachability_lower,0,12,0.0,294.57236842105266,0.0
2013-04-29,156,0,611.3,112.734375,1,395.5592105263157,inf,2352,all cumulative-window cuts are feasible,reachability_lower,0,12,0.0,237.33552631578948,0.0
2013-04-29,156,1,611.3,125.234375,1,439.4188596491228,inf,2352,all cumulative-window cuts are feasible,reachability_lower,0,12,0.0,263.6513157894737,0.0
2013-04-29,156,2,611.3,123.59375,1,433.66228070175436,inf,2352,all cumulative-window cuts are feasible,reachability_lower,0,12,0.0,260.19736842105266,0.0
2013-04-29,156,3,611.3,92.734375,1,325.3837719298245,inf,2352,all cumulative-window cuts are feasible,reachability_lower,0,12,0.0,195.23026315789474,2.842170943040401e-14
2013-04-29,156,4,611.3,102.265625,1,358.8267543859649,inf,2352,all cumulative-window cuts are feasible,reachability_lower,0,12,0.0,215.29605263157896,0.0
2013-04-29,156,5,611.3,89.453125,1,313.87061403508767,inf,2352,all cumulative-window cuts are feasible,reachability_lower,0,12,0.0,188.32236842105263,0.0
2013-04-29,156,6,611.3,120.703125,1,423.51973684210526,inf,2352,all cumulative-window cuts are feasible,reachability_lower,0,12,0.0,254.11184210526318,-2.842170943040401e-14
2013-04-29,156,7,611.3,120.234375,1,421.87499999999994,inf,2352,all cumulative-window cuts are feasible,reachability_lower,0,12,0.0,253.125,0.0
2013-04-29,156,8,611.3,114.609375,1,402.13815789473676,inf,2352,all cumulative-window cuts are feasible,reachability_lower,0,12,0.0,241.2828947368421,2.842170943040401e-14
2013-04-29,156,9,611.3,125.390625,1,439.96710526315786,inf,2352,all cumulative-window cuts are feasible,reachability_lower,0,12,0.0,263.98026315789474,0.0
2013-04-30,157,0,611.3,120.78125,1,423.7938596491228,inf,2352,all cumulative-window cuts are feasible,reachability_lower,0,12,0.0,254.2763157894737,-2.842170943040401e-14
2013-04-30,157,1,611.3,129.21875,1,453.3991228070175,inf,2352,all cumulative-window cuts are feasible,reachability_lower,0,12,0.0,272.0394736842105,0.0
2013-04-30,157,2,611.3,131.328125,1,460.8004385964912,inf,2352,all cumulative-window cuts are feasible,reachability_lower,0,12,0.0,276.48026315789474,0.0
2013-04-30,157,3,611.3,115.15625,1,404.0570175438596,inf,2352,all cumulative-window cuts are feasible,reachability_lower,0,12,0.0,242.4342105263158,0.0
2013-04-30,157,4,611.3,102.8125,1,360.74561403508767,inf,2352,all cumulative-window cuts are feasible,reachability_lower,0,12,0.0,216.44736842105263,0.0
2013-04-30,157,5,611.3,115.3125,1,404.6052631578947,inf,2352,all cumulative-window cuts are feasible,reachability_lower,0,12,0.0,242.76315789473685,0.0
2013-04-30,157,6,611.3,141.09375,1,495.0657894736841,inf,2352,all cumulative-window cuts are feasible,reachability_lower,0,12,0.0,297.0394736842105,0.0
2013-04-30,157,7,611.3,115.15625,1,404.0570175438596,inf,2352,all cumulative-window cuts are feasible,reachability_lower,0,12,0.0,242.4342105263158,0.0
2013-04-30,157,8,611.3,114.21875,1,400.7675438596491,inf,2352,all cumulative-window cuts are feasible,reachability_lower,0,12,0.0,240.46052631578948,0.0
2013-04-30,157,9,611.3,154.21875,1,541.1184210526316,inf,2352,all cumulative-window cuts are feasible,reachability_lower,0,12,0.0,324.67105263157896,0.0
2013-05-01,158,0,611.3,114.375,1,401.31578947368416,inf,2352,all cumulative-window cuts are feasible,reachability_lower,0,12,0.0,240.78947368421055,2.842170943040401e-14
2013-05-01,158,1,611.3,102.03125,1,358.0043859649122,inf,2352,all cumulative-window cuts are feasible,reachability_lower,0,12,0.0,214.80263157894737,0.0
2013-05-01,158,2,611.3,107.890625,1,378.56359649122805,inf,2352,all cumulative-window cuts are feasible,reachability_lower,0,12,0.0,227.13815789473685,-2.842170943040401e-14
2013-05-01,158,3,611.3,112.109375,1,393.3662280701754,inf,2352,all cumulative-window cuts are feasible,reachability_lower,0,12,0.0,236.01973684210526,0.0
2013-05-01,158,4,611.3,83.75,1,293.859649122807,inf,2352,all cumulative-window cuts are feasible,reachability_lower,0,12,0.0,176.31578947368422,-2.842170943040401e-14
2013-05-01,158,5,611.3,96.171875,1,337.44517543859644,inf,2352,all cumulative-window cuts are feasible,reachability_lower,0,12,0.0,202.4671052631579,0.0
2013-05-01,158,6,611.3,104.21875,1,365.67982456140345,inf,2352,all cumulative-window cuts are feasible,reachability_lower,0,12,0.0,219.4078947368421,0.0
2013-05-01,158,7,611.3,108.515625,1,380.7565789473684,inf,2352,all cumulative-window cuts are feasible,reachability_lower,0,12,0.0,228.45394736842107,0.0
2013-05-01,158,8,611.3,107.421875,1,376.9188596491228,inf,2352,all cumulative-window cuts are feasible,reachability_lower,0,12,0.0,226.1513157894737,0.0
2013-05-01,158,9,611.3,120.390625,1,422.42324561403507,inf,2352,all cumulative-window cuts are feasible,reachability_lower,0,12,0.0,253.45394736842107,0.0
2013-05-02,159,0,611.3,101.5625,1,356.35964912280696,inf,2352,all cumulative-window cuts are feasible,reachability_lower,0,12,0.0,213.81578947368422,0.0
2013-05-02,159,1,611.3,116.015625,1,407.0723684210526,inf,2352,all cumulative-window cuts are feasible,reachability_lower,0,12,0.0,244.2434210526316,0.0
2013-05-02,159,2,611.3,108.203125,1,379.6600877192982,inf,2352,all cumulative-window cuts are feasible,reachability_lower,0,12,0.0,227.79605263157896,0.0
2013-05-02,159,3,611.3,90.546875,1,317.7083333333333,inf,2352,all cumulative-window cuts are feasible,reachability_lower,0,12,0.0,190.625,-2.842170943040401e-14
2013-05-02,159,4,611.3,86.171875,1,302.35745614035085,inf,2352,all cumulative-window cuts are feasible,reachability_lower,0,12,0.0,181.41447368421055,0.0
2013-05-02,159,5,611.3,102.109375,1,358.2785087719298,inf,2352,all cumulative-window cuts are feasible,reachability_lower,0,12,0.0,214.96710526315792,0.0
2013-05-02,159,6,611.3,104.765625,1,367.5986842105263,inf,2352,all cumulative-window cuts are feasible,reachability_lower,0,12,0.0,220.5592105263158,0.0
2013-05-02,159,7,611.3,108.90625,1,382.1271929824561,inf,2352,all cumulative-window cuts are feasible,reachability_lower,0,12,0.0,229.2763157894737,0.0
2013-05-02,159,8,611.3,116.953125,1,410.3618421052631,inf,2352,all cumulative-window cuts are feasible,reachability_lower,0,12,0.0,246.21710526315792,0.0
2013-05-02,159,9,611.3,120.3125,1,422.14912280701753,inf,2352,all cumulative-window cuts are feasible,reachability_lower,0,12,0.0,253.28947368421055,0.0
2013-05-03,160,0,611.3,103.046875,1,361.5679824561403,inf,2352,all cumulative-window cuts are feasible,reachability_lower,0,12,0.0,216.94078947368422,0.0
2013-05-03,160,1,611.3,117.8125,1,413.3771929824561,inf,2352,all cumulative-window cuts are feasible,reachability_lower,0,12,0.0,248.0263157894737,0.0
2013-05-03,160,2,611.3,115.78125,1,406.24999999999994,inf,2352,all cumulative-window cuts are feasible,reachability_lower,0,12,0.0,243.75,0.0
2013-05-03,160,3,611.3,111.796875,1,392.26973684210526,inf,2352,all cumulative-window cuts are feasible,reachability_lower,0,12,0.0,235.36184210526318,0.0
2013-05-03,160,4,611.3,100.3125,1,351.9736842105263,inf,2352,all cumulative-window cuts are feasible,reachability_lower,0,12,0.0,211.1842105263158,0.0
2013-05-03,160,5,611.3,81.953125,1,287.55482456140345,inf,2352,all cumulative-window cuts are feasible,reachability_lower,0,12,0.0,172.5328947368421,2.842170943040401e-14
2013-05-03,160,6,611.3,103.4375,1,362.93859649122805,inf,2352,all cumulative-window cuts are feasible,reachability_lower,0,12,0.0,217.76315789473685,-2.842170943040401e-14
2013-05-03,160,7,611.3,109.6875,1,384.86842105263156,inf,2352,all cumulative-window cuts are feasible,reachability_lower,0,12,0.0,230.92105263157896,0.0
2013-05-03,160,8,611.3,122.109375,1,428.45394736842104,inf,2352,all cumulative-window cuts are feasible,reachability_lower,0,12,0.0,257.07236842105266,0.0
2013-05-03,160,9,611.3,113.984375,1,399.9451754385965,inf,2352,all cumulative-window cuts are feasible,reachability_lower,0,12,0.0,239.96710526315792,0.0
2013-05-04,161,0,611.3,133.359375,1,467.92763157894734,inf,2352,all cumulative-window cuts are feasible,reachability_lower,0,12,0.0,280.75657894736844,0.0
2013-05-04,161,1,611.3,138.125,1,484.6491228070175,inf,2352,all cumulative-window cuts are feasible,reachability_lower,0,12,0.0,290.7894736842105,0.0
2013-05-04,161,2,611.3,109.140625,1,382.9495614035087,inf,2352,all cumulative-window cuts are feasible,reachability_lower,0,12,0.0,229.76973684210526,0.0
2013-05-04,161,3,611.3,135.625,1,475.8771929824561,inf,2352,all cumulative-window cuts are feasible,reachability_lower,0,12,0.0,285.5263157894737,0.0
2013-05-04,161,4,611.3,104.296875,1,365.953947368421,inf,2352,all cumulative-window cuts are feasible,reachability_lower,0,12,0.0,219.57236842105263,0.0
2013-05-04,161,5,611.3,105.9375,1,371.7105263157894,inf,2352,all cumulative-window cuts are feasible,reachability_lower,0,12,0.0,223.0263157894737,0.0
2013-05-04,161,6,611.3,128.59375,1,451.2061403508771,inf,2352,all cumulative-window cuts are feasible,reachability_lower,0,12,0.0,270.7236842105263,0.0
2013-05-04,161,7,611.3,117.578125,1,412.55482456140345,inf,2352,all cumulative-window cuts are feasible,reachability_lower,0,12,0.0,247.5328947368421,0.0
2013-05-04,161,8,611.3,134.140625,1,470.66885964912274,inf,2352,all cumulative-window cuts are feasible,reachability_lower,0,12,0.0,282.4013157894737,0.0
2013-05-04,161,9,611.3,144.296875,1,506.3048245614035,inf,2352,all cumulative-window cuts are feasible,reachability_lower,0,12,0.0,303.78289473684214,0.0
2013-05-05,162,0,611.3,135.9375,1,476.97368421052624,inf,2352,all cumulative-window cuts are feasible,reachability_lower,0,12,0.0,286.1842105263158,0.0
2013-05-05,162,1,611.3,123.28125,1,432.56578947368416,inf,2352,all cumulative-window cuts are feasible,reachability_lower,0,12,0.0,259.5394736842105,0.0
2013-05-05,162,2,611.3,127.8125,1,448.46491228070164,inf,2352,all cumulative-window cuts are feasible,reachability_lower,0,12,0.0,269.07894736842104,0.0
2013-05-05,162,3,611.3,117.421875,1,412.0065789473684,inf,2352,all cumulative-window cuts are feasible,reachability_lower,0,12,0.0,247.20394736842107,0.0
2013-05-05,162,4,611.3,116.5625,1,408.9912280701754,inf,2352,all cumulative-window cuts are feasible,reachability_lower,0,12,0.0,245.3947368421053,2.842170943040401e-14
2013-05-05,162,5,611.3,115.15625,1,404.0570175438596,inf,2352,all cumulative-window cuts are feasible,reachability_lower,0,12,0.0,242.4342105263158,0.0
2013-05-05,162,6,611.3,139.53125,1,489.58333333333326,inf,2352,all cumulative-window cuts are feasible,reachability_lower,0,12,0.0,293.75,0.0
2013-05-05,162,7,611.3,111.328125,1,390.62499999999994,inf,2352,all cumulative-window cuts are feasible,reachability_lower,0,12,0.0,234.375,0.0
2013-05-05,162,8,611.3,109.453125,1,384.0460526315789,inf,2352,all cumulative-window cuts are feasible,reachability_lower,0,12,0.0,230.42763157894737,0.0
2013-05-05,162,9,611.3,156.484375,1,549.0679824561403,inf,2352,all cumulative-window cuts are feasible,reachability_lower,0,12,0.0,329.4407894736842,0.0
2013-05-06,163,0,611.3,118.515625,1,415.844298245614,inf,2352,all cumulative-window cuts are feasible,reachability_lower,0,12,0.0,249.50657894736844,0.0
2013-05-06,163,1,611.3,108.125,1,379.38596491228066,inf,2352,all cumulative-window cuts are feasible,reachability_lower,0,12,0.0,227.63157894736844,0.0
2013-05-06,163,2,611.3,127.1875,1,446.2719298245614,inf,2352,all cumulative-window cuts are feasible,reachability_lower,0,12,0.0,267.7631578947369,0.0
2013-05-06,163,3,611.3,96.484375,1,338.54166666666663,inf,2352,all cumulative-window cuts are feasible,reachability_lower,0,12,0.0,203.125,0.0
2013-05-06,163,4,611.3,92.109375,1,323.1907894736842,inf,2352,all cumulative-window cuts are feasible,reachability_lower,0,12,0.0,193.91447368421055,0.0
2013-05-06,163,5,611.3,100.390625,1,352.24780701754383,inf,2352,all cumulative-window cuts are feasible,reachability_lower,0,12,0.0,211.34868421052633,0.0
2013-05-06,163,6,611.3,146.015625,1,512.3355263157894,inf,2352,all cumulative-window cuts are feasible,reachability_lower,0,12,0.0,307.4013157894737,5.684341886080802e-14
2013-05-06,163,7,611.3,123.28125,1,432.56578947368416,inf,2352,all cumulative-window cuts are feasible,reachability_lower,0,12,0.0,259.5394736842105,0.0
2013-05-06,163,8,611.3,112.578125,1,395.01096491228066,inf,2352,all cumulative-window cuts are feasible,reachability_lower,0,12,0.0,237.00657894736844,0.0
2013-05-06,163,9,611.3,129.140625,1,453.12499999999994,inf,2352,all cumulative-window cuts are feasible,reachability_lower,0,12,0.0,271.875,0.0
2013-05-07,164,0,611.3,149.84375,1,525.7675438596491,inf,2352,all cumulative-window cuts are feasible,reachability_lower,0,12,0.0,315.4605263157895,0.0
2013-05-07,164,1,611.3,121.71875,1,427.08333333333326,inf,2352,all cumulative-window cuts are feasible,reachability_lower,0,12,0.0,256.25,0.0
2013-05-07,164,2,611.3,143.28125,1,502.74122807017534,inf,2352,all cumulative-window cuts are feasible,reachability_lower,0,12,0.0,301.64473684210526,0.0
2013-05-07,164,3,611.3,134.84375,1,473.13596491228066,inf,2352,all cumulative-window cuts are feasible,reachability_lower,0,12,0.0,283.88157894736844,0.0
2013-05-07,164,4,611.3,132.890625,1,466.282894736842,inf,2352,all cumulative-window cuts are feasible,reachability_lower,0,12,0.0,279.76973684210526,0.0
2013-05-07,164,5,611.3,121.328125,1,425.71271929824553,inf,2352,all cumulative-window cuts are feasible,reachability_lower,0,12,0.0,255.42763157894737,0.0
2013-05-07,164,6,611.3,152.109375,1,533.7171052631578,inf,2352,all cumulative-window cuts are feasible,reachability_lower,0,12,0.0,320.23026315789474,0.0
2013-05-07,164,7,611.3,132.65625,1,465.4605263157894,inf,2352,all cumulative-window cuts are feasible,reachability_lower,0,12,0.0,279.2763157894737,0.0
2013-05-07,164,8,611.3,126.875,1,445.1754385964912,inf,2352,all cumulative-window cuts are feasible,reachability_lower,0,12,0.0,267.10526315789474,0.0
2013-05-07,164,9,611.3,142.109375,1,498.6293859649123,inf,2352,all cumulative-window cuts are feasible,reachability_lower,0,12,0.0,299.1776315789474,0.0
2013-05-08,165,0,611.3,125.0,1,438.5964912280702,inf,2352,all cumulative-window cuts are feasible,reachability_lower,0,12,0.0,263.15789473684214,0.0
2013-05-08,165,1,611.3,111.40625,1,390.89912280701753,inf,2352,all cumulative-window cuts are feasible,reachability_lower,0,12,0.0,234.53947368421055,0.0
2013-05-08,165,2,611.3,137.109375,1,481.0855263157894,inf,2352,all cumulative-window cuts are feasible,reachability_lower,0,12,0.0,288.6513157894737,0.0
2013-05-08,165,3,611.3,119.609375,1,419.6820175438596,inf,2352,all cumulative-window cuts are feasible,reachability_lower,0,12,0.0,251.8092105263158,0.0
2013-05-08,165,4,611.3,117.578125,1,412.55482456140345,inf,2352,all cumulative-window cuts are feasible,reachability_lower,0,12,0.0,247.5328947368421,0.0
2013-05-08,165,5,611.3,122.03125,1,428.1798245614035,inf,2352,all cumulative-window cuts are feasible,reachability_lower,0,12,0.0,256.90789473684214,0.0
2013-05-08,165,6,611.3,132.65625,1,465.4605263157894,inf,2352,all cumulative-window cuts are feasible,reachability_lower,0,12,0.0,279.2763157894737,0.0
2013-05-08,165,7,611.3,142.96875,1,501.6447368421052,inf,2352,all cumulative-window cuts are feasible,reachability_lower,0,12,0.0,300.9868421052632,0.0
2013-05-08,165,8,611.3,123.828125,1,434.48464912280696,inf,2352,all cumulative-window cuts are feasible,reachability_lower,0,12,0.0,260.6907894736842,0.0
2013-05-08,165,9,611.3,122.96875,1,431.469298245614,inf,2352,all cumulative-window cuts are feasible,reachability_lower,0,12,0.0,258.88157894736844,0.0
2013-05-09,166,0,611.3,110.546875,1,387.8837719298245,inf,2352,all cumulative-window cuts are feasible,reachability_lower,0,12,0.0,232.73026315789474,0.0
2013-05-09,166,1,611.3,105.390625,1,369.79166666666663,inf,2352,all cumulative-window cuts are feasible,reachability_lower,0,12,0.0,221.875,0.0
2013-05-09,166,2,611.3,102.96875,1,361.2938596491228,inf,2352,all cumulative-window cuts are feasible,reachability_lower,0,12,0.0,216.7763157894737,0.0
2013-05-09,166,3,611.3,97.8125,1,343.2017543859649,inf,2352,all cumulative-window cuts are feasible,reachability_lower,0,12,0.0,205.92105263157896,0.0
2013-05-09,166,4,611.3,100.15625,1,351.4254385964912,inf,2352,all cumulative-window cuts are feasible,reachability_lower,0,12,0.0,210.85526315789474,0.0
2013-05-09,166,5,611.3,99.765625,1,350.05482456140345,inf,2352,all cumulative-window cuts are feasible,reachability_lower,0,12,0.0,210.0328947368421,0.0
2013-05-09,166,6,611.3,111.71875,1,391.99561403508767,inf,2352,all cumulative-window cuts are feasible,reachability_lower,0,12,0.0,235.19736842105263,0.0
2013-05-09,166,7,611.3,113.125,1,396.92982456140345,inf,2352,all cumulative-window cuts are feasible,reachability_lower,0,12,0.0,238.1578947368421,0.0
2013-05-09,166,8,611.3,96.796875,1,339.6381578947368,inf,2352,all cumulative-window cuts are feasible,reachability_lower,0,12,0.0,203.7828947368421,0.0
2013-05-09,166,9,611.3,119.6875,1,419.95614035087715,inf,2352,all cumulative-window cuts are feasible,reachability_lower,0,12,0.0,251.97368421052633,0.0
2013-05-10,167,0,611.3,101.484375,1,356.0855263157894,inf,2352,all cumulative-window cuts are feasible,reachability_lower,0,12,0.0,213.6513157894737,0.0
2013-05-10,167,1,611.3,101.25,1,355.2631578947368,inf,2352,all cumulative-window cuts are feasible,reachability_lower,0,12,0.0,213.1578947368421,-2.842170943040401e-14
2013-05-10,167,2,611.3,125.15625,1,439.14473684210526,inf,2352,all cumulative-window cuts are feasible,reachability_lower,0,12,0.0,263.4868421052632,0.0
2013-05-10,167,3,611.3,93.359375,1,327.5767543859649,inf,2352,all cumulative-window cuts are feasible,reachability_lower,0,12,0.0,196.54605263157896,0.0
2013-05-10,167,4,611.3,109.140625,1,382.9495614035087,inf,2352,all cumulative-window cuts are feasible,reachability_lower,0,12,0.0,229.76973684210526,0.0
2013-05-10,167,5,611.3,92.03125,1,322.91666666666663,inf,2352,all cumulative-window cuts are feasible,reachability_lower,0,12,0.0,193.75,0.0
2013-05-10,167,6,611.3,111.640625,1,391.72149122807014,inf,2352,all cumulative-window cuts are feasible,reachability_lower,0,12,0.0,235.0328947368421,0.0
2013-05-10,167,7,611.3,97.890625,1,343.4758771929824,inf,2352,all cumulative-window cuts are feasible,reachability_lower,0,12,0.0,206.08552631578948,0.0
2013-05-10,167,8,611.3,110.703125,1,388.4320175438596,inf,2352,all cumulative-window cuts are feasible,reachability_lower,0,12,0.0,233.0592105263158,0.0
2013-05-10,167,9,611.3,140.546875,1,493.14692982456137,inf,2352,all cumulative-window cuts are feasible,reachability_lower,0,12,0.0,295.8881578947369,0.0
2013-05-11,168,0,611.3,156.796875,1,550.1644736842105,inf,2352,all cumulative-window cuts are feasible,reachability_lower,0,12,0.0,330.09868421052636,0.0
2013-05-11,168,1,611.3,132.8125,1,466.0087719298245,inf,2352,all cumulative-window cuts are feasible,reachability_lower,0,12,0.0,279.60526315789474,0.0
2013-05-11,168,2,611.3,149.453125,1,524.3969298245614,inf,2352,all cumulative-window cuts are feasible,reachability_lower,0,12,0.0,314.6381578947369,0.0
2013-05-11,168,3,611.3,154.921875,1,543.5855263157894,inf,2352,all cumulative-window cuts are feasible,reachability_lower,0,12,0.0,326.1513157894737,5.684341886080802e-14
2013-05-11,168,4,611.3,146.25,1,513.157894736842,inf,2352,all cumulative-window cuts are feasible,reachability_lower,0,12,0.0,307.89473684210526,5.684341886080802e-14
2013-05-11,168,5,611.3,152.65625,1,535.6359649122807,inf,2352,all cumulative-window cuts are feasible,reachability_lower,0,12,0.0,321.38157894736844,0.0
2013-05-11,168,6,611.3,157.5,1,552.6315789473683,inf,2352,all cumulative-window cuts are feasible,reachability_lower,0,12,0.0,331.57894736842104,0.0
2013-05-11,168,7,611.3,156.25,1,548.2456140350877,inf,2352,all cumulative-window cuts are feasible,reachability_lower,0,12,0.0,328.94736842105266,0.0
2013-05-11,168,8,611.3,127.890625,1,448.7390350877193,inf,2352,all cumulative-window cuts are feasible,reachability_lower,0,12,0.0,269.2434210526316,0.0
2013-05-11,168,9,611.3,147.8125,1,518.6403508771929,inf,2352,all cumulative-window cuts are feasible,reachability_lower,0,12,0.0,311.1842105263158,0.0
2013-05-12,169,0,611.3,129.375,1,453.9473684210526,inf,2352,all cumulative-window cuts are feasible,reachability_lower,0,12,0.0,272.3684210526316,0.0
2013-05-12,169,1,611.3,127.03125,1,445.72368421052624,inf,2352,all cumulative-window cuts are feasible,reachability_lower,0,12,0.0,267.4342105263158,0.0
2013-05-12,169,2,611.3,106.171875,1,372.532894736842,inf,2352,all cumulative-window cuts are feasible,reachability_lower,0,12,0.0,223.51973684210526,0.0
2013-05-12,169,3,611.3,127.265625,1,446.54605263157896,inf,2352,all cumulative-window cuts are feasible,reachability_lower,0,12,0.0,267.9276315789474,0.0
2013-05-12,169,4,611.3,143.4375,1,503.2894736842105,inf,2352,all cumulative-window cuts are feasible,reachability_lower,0,12,0.0,301.97368421052636,0.0
2013-05-12,169,5,611.3,114.453125,1,401.5899122807017,inf,2352,all cumulative-window cuts are feasible,reachability_lower,0,12,0.0,240.95394736842107,2.842170943040401e-14
2013-05-12,169,6,611.3,135.859375,1,476.6995614035087,inf,2352,all cumulative-window cuts are feasible,reachability_lower,0,12,0.0,286.01973684210526,0.0
2013-05-12,169,7,611.3,157.03125,1,550.9868421052631,inf,2352,all cumulative-window cuts are feasible,reachability_lower,0,12,0.0,330.5921052631579,0.0
2013-05-12,169,8,611.3,109.140625,1,382.9495614035087,inf,2352,all cumulative-window cuts are feasible,reachability_lower,0,12,0.0,229.76973684210526,0.0
2013-05-12,169,9,611.3,124.296875,1,436.1293859649123,inf,2352,all cumulative-window cuts are feasible,reachability_lower,0,12,0.0,261.6776315789474,0.0
2013-05-13,170,0,611.3,132.8125,1,466.0087719298245,inf,2352,all cumulative-window cuts are feasible,reachability_lower,0,12,0.0,279.60526315789474,0.0
2013-05-13,170,1,611.3,136.171875,1,477.7960526315789,inf,2352,all cumulative-window cuts are feasible,reachability_lower,0,12,0.0,286.6776315789474,0.0
2013-05-13,170,2,611.3,154.53125,1,542.2149122807017,inf,2352,all cumulative-window cuts are feasible,reachability_lower,0,12,0.0,325.32894736842104,0.0
2013-05-13,170,3,611.3,132.734375,1,465.73464912280696,inf,2352,all cumulative-window cuts are feasible,reachability_lower,0,12,0.0,279.4407894736842,0.0
2013-05-13,170,4,611.3,113.828125,1,399.39692982456137,inf,2352,all cumulative-window cuts are feasible,reachability_lower,0,12,0.0,239.63815789473685,0.0
2013-05-13,170,5,611.3,126.25,1,442.9824561403508,inf,2352,all cumulative-window cuts are feasible,reachability_lower,0,12,0.0,265.7894736842105,0.0
2013-05-13,170,6,611.3,152.03125,1,533.4429824561403,inf,2352,all cumulative-window cuts are feasible,reachability_lower,0,12,0.0,320.0657894736842,0.0
2013-05-13,170,7,611.3,139.84375,1,490.6798245614035,inf,2352,all cumulative-window cuts are feasible,reachability_lower,0,12,0.0,294.40789473684214,0.0
2013-05-13,170,8,611.3,135.3125,1,474.780701754386,inf,2352,all cumulative-window cuts are feasible,reachability_lower,0,12,0.0,284.8684210526316,0.0
2013-05-13,170,9,611.3,138.046875,1,484.37499999999994,inf,2352,all cumulative-window cuts are feasible,reachability_lower,0,12,0.0,290.625,0.0
2013-05-14,171,0,611.3,123.046875,1,431.74342105263156,inf,2352,all cumulative-window cuts are feasible,reachability_lower,0,12,0.0,259.04605263157896,0.0
2013-05-14,171,1,611.3,128.671875,1,451.48026315789474,inf,2352,all cumulative-window cuts are feasible,reachability_lower,0,12,0.0,270.8881578947369,0.0
2013-05-14,171,2,611.3,125.390625,1,439.96710526315786,inf,2352,all cumulative-window cuts are feasible,reachability_lower,0,12,0.0,263.98026315789474,0.0
2013-05-14,171,3,611.3,110.15625,1,386.51315789473676,inf,2352,all cumulative-window cuts are feasible,reachability_lower,0,12,0.0,231.9078947368421,2.842170943040401e-14
2013-05-14,171,4,611.3,109.21875,1,383.2236842105263,inf,2352,all cumulative-window cuts are feasible,reachability_lower,0,12,0.0,229.9342105263158,0.0
2013-05-14,171,5,611.3,98.515625,1,345.6688596491228,inf,2352,all cumulative-window cuts are feasible,reachability_lower,0,12,0.0,207.4013157894737,0.0
2013-05-14,171,6,611.3,131.40625,1,461.0745614035087,inf,2352,all cumulative-window cuts are feasible,reachability_lower,0,12,0.0,276.64473684210526,0.0
2013-05-14,171,7,611.3,156.25,1,548.2456140350877,inf,2352,all cumulative-window cuts are feasible,reachability_lower,0,12,0.0,328.94736842105266,0.0
2013-05-14,171,8,611.3,114.6875,1,402.4122807017543,inf,2352,all cumulative-window cuts are feasible,reachability_lower,0,12,0.0,241.44736842105263,2.842170943040401e-14
2013-05-14,171,9,611.3,133.75,1,469.298245614035,inf,2352,all cumulative-window cuts are feasible,reachability_lower,0,12,0.0,281.57894736842104,0.0
2013-05-15,172,0,611.3,122.734375,1,430.6469298245614,inf,2352,all cumulative-window cuts are feasible,reachability_lower,0,12,0.0,258.3881578947369,0.0
2013-05-15,172,1,611.3,107.96875,1,378.8377192982456,inf,2352,all cumulative-window cuts are feasible,reachability_lower,0,12,0.0,227.30263157894737,-2.842170943040401e-14
2013-05-15,172,2,611.3,117.34375,1,411.73245614035085,inf,2352,all cumulative-window cuts are feasible,reachability_lower,0,12,0.0,247.03947368421055,0.0
2013-05-15,172,3,611.3,106.875,1,374.99999999999994,inf,2352,all cumulative-window cuts are feasible,reachability_lower,0,12,0.0,225.0,0.0
2013-05-15,172,4,611.3,110.078125,1,386.23903508771923,inf,2352,all cumulative-window cuts are feasible,reachability_lower,0,12,0.0,231.7434210526316,2.842170943040401e-14
2013-05-15,172,5,611.3,106.5625,1,373.9035087719298,inf,2352,all cumulative-window cuts are feasible,reachability_lower,0,12,0.0,224.34210526315792,0.0
2013-05-15,172,6,611.3,97.65625,1,342.65350877192975,inf,2352,all cumulative-window cuts are feasible,reachability_lower,0,12,0.0,205.5921052631579,0.0
2013-05-15,172,7,611.3,142.265625,1,499.17763157894734,inf,2352,all cumulative-window cuts are feasible,reachability_lower,0,12,0.0,299.50657894736844,0.0
2013-05-15,172,8,611.3,113.046875,1,396.6557017543859,inf,2352,all cumulative-window cuts are feasible,reachability_lower,0,12,0.0,237.9934210526316,0.0
2013-05-15,172,9,611.3,133.046875,1,466.8311403508771,inf,2352,all cumulative-window cuts are feasible,reachability_lower,0,12,0.0,280.0986842105263,0.0
2013-05-16,173,0,611.3,111.484375,1,391.17324561403507,inf,2352,all cumulative-window cuts are feasible,reachability_lower,0,12,0.0,234.70394736842107,0.0
2013-05-16,173,1,611.3,138.28125,1,485.1973684210526,inf,2352,all cumulative-window cuts are feasible,reachability_lower,0,12,0.0,291.1184210526316,0.0
2013-05-16,173,2,611.3,146.953125,1,515.6249999999999,inf,2352,all cumulative-window cuts are feasible,reachability_lower,0,12,0.0,309.375,0.0
2013-05-16,173,3,611.3,124.84375,1,438.048245614035,inf,2352,all cumulative-window cuts are feasible,reachability_lower,0,12,0.0,262.82894736842104,0.0
2013-05-16,173,4,611.3,130.9375,1,459.4298245614035,inf,2352,all cumulative-window cuts are feasible,reachability_lower,0,12,0.0,275.65789473684214,0.0
2013-05-16,173,5,611.3,144.140625,1,505.7565789473683,inf,2352,all cumulative-window cuts are feasible,reachability_lower,0,12,0.0,303.45394736842104,0.0
2013-05-16,173,6,611.3,140.859375,1,494.2434210526315,inf,2352,all cumulative-window cuts are feasible,reachability_lower,0,12,0.0,296.54605263157896,0.0
2013-05-16,173,7,611.3,156.40625,1,548.7938596491227,inf,2352,all cumulative-window cuts are feasible,reachability_lower,0,12,0.0,329.2763157894737,0.0
2013-05-16,173,8,611.3,125.15625,1,439.14473684210526,inf,2352,all cumulative-window cuts are feasible,reachability_lower,0,12,0.0,263.4868421052632,0.0
2013-05-16,173,9,611.3,139.6875,1,490.1315789473683,inf,2352,all cumulative-window cuts are feasible,reachability_lower,0,12,0.0,294.07894736842104,0.0
2013-05-17,174,0,611.3,109.921875,1,385.69078947368416,inf,2352,all cumulative-window cuts are feasible,reachability_lower,0,12,0.0,231.41447368421055,2.842170943040401e-14
2013-05-17,174,1,611.3,123.671875,1,433.9364035087719,inf,2352,all cumulative-window cuts are feasible,reachability_lower,0,12,0.0,260.3618421052632,0.0
2013-05-17,174,2,611.3,119.21875,1,418.3114035087719,inf,2352,all cumulative-window cuts are feasible,reachability_lower,0,12,0.0,250.98684210526318,0.0
2013-05-17,174,3,611.3,112.96875,1,396.3815789473684,inf,2352,all cumulative-window cuts are feasible,reachability_lower,0,12,0.0,237.82894736842107,0.0
2013-05-17,174,4,611.3,102.109375,1,358.2785087719298,inf,2352,all cumulative-window cuts are feasible,reachability_lower,0,12,0.0,214.96710526315792,0.0
2013-05-17,174,5,611.3,105.546875,1,370.33991228070175,inf,2352,all cumulative-window cuts are feasible,reachability_lower,0,12,0.0,222.20394736842107,-2.842170943040401e-14
2013-05-17,174,6,611.3,114.296875,1,401.04166666666663,inf,2352,all cumulative-window cuts are feasible,reachability_lower,0,12,0.0,240.625,0.0
2013-05-17,174,7,611.3,111.640625,1,391.72149122807014,inf,2352,all cumulative-window cuts are feasible,reachability_lower,0,12,0.0,235.0328947368421,0.0
2013-05-17,174,8,611.3,117.96875,1,413.9254385964912,inf,2352,all cumulative-window cuts are feasible,reachability_lower,0,12,0.0,248.35526315789474,0.0
2013-05-17,174,9,611.3,135.859375,1,476.6995614035087,inf,2352,all cumulative-window cuts are feasible,reachability_lower,0,12,0.0,286.01973684210526,0.0
2013-05-18,175,0,611.3,117.1875,1,411.1842105263157,inf,2352,all cumulative-window cuts are feasible,reachability_lower,0,12,0.0,246.71052631578948,0.0
2013-05-18,175,1,611.3,125.859375,1,441.6118421052631,inf,2352,all cumulative-window cuts are feasible,reachability_lower,0,12,0.0,264.9671052631579,0.0
2013-05-18,175,2,611.3,144.609375,1,507.40131578947364,inf,2352,all cumulative-window cuts are feasible,reachability_lower,0,12,0.0,304.4407894736842,0.0
2013-05-18,175,3,611.3,113.4375,1,398.02631578947364,inf,2352,all cumulative-window cuts are feasible,reachability_lower,0,12,0.0,238.81578947368422,0.0
2013-05-18,175,4,611.3,128.046875,1,449.28728070175436,inf,2352,all cumulative-window cuts are feasible,reachability_lower,0,12,0.0,269.57236842105266,0.0
2013-05-18,175,5,611.3,97.109375,1,340.73464912280696,inf,2352,all cumulative-window cuts are feasible,reachability_lower,0,12,0.0,204.44078947368422,2.842170943040401e-14
2013-05-18,175,6,611.3,110.78125,1,388.70614035087715,inf,2352,all cumulative-window cuts are feasible,reachability_lower,0,12,0.0,233.22368421052633,0.0
2013-05-18,175,7,611.3,158.28125,1,555.3728070175439,inf,2352,all cumulative-window cuts are feasible,reachability_lower,0,12,0.0,333.22368421052636,0.0
2013-05-18,175,8,611.3,129.0625,1,452.8508771929824,inf,2352,all cumulative-window cuts are feasible,reachability_lower,0,12,0.0,271.7105263157895,0.0
2013-05-18,175,9,611.3,129.921875,1,455.86622807017534,inf,2352,all cumulative-window cuts are feasible,reachability_lower,0,12,0.0,273.51973684210526,0.0
2013-05-19,176,0,611.3,126.40625,1,443.530701754386,inf,2352,all cumulative-window cuts are feasible,reachability_lower,0,12,0.0,266.1184210526316,0.0
2013-05-19,176,1,611.3,135.390625,1,475.0548245614035,inf,2352,all cumulative-window cuts are feasible,reachability_lower,0,12,0.0,285.03289473684214,0.0
2013-05-19,176,2,611.3,129.84375,1,455.5921052631578,inf,2352,all cumulative-window cuts are feasible,reachability_lower,0,12,0.0,273.35526315789474,0.0
2013-05-19,176,3,611.3,117.65625,1,412.828947368421,inf,2352,all cumulative-window cuts are feasible,reachability_lower,0,12,0.0,247.69736842105263,0.0
2013-05-19,176,4,611.3,113.4375,1,398.02631578947364,inf,2352,all cumulative-window cuts are feasible,reachability_lower,0,12,0.0,238.81578947368422,0.0
2013-05-19,176,5,611.3,117.421875,1,412.0065789473684,inf,2352,all cumulative-window cuts are feasible,reachability_lower,0,12,0.0,247.20394736842107,0.0
2013-05-19,176,6,611.3,124.53125,1,436.9517543859649,inf,2352,all cumulative-window cuts are feasible,reachability_lower,0,12,0.0,262.17105263157896,0.0
2013-05-19,176,7,611.3,144.453125,1,506.8530701754386,inf,2352,all cumulative-window cuts are feasible,reachability_lower,0,12,0.0,304.1118421052632,0.0
2013-05-19,176,8,611.3,127.8125,1,448.46491228070164,inf,2352,all cumulative-window cuts are feasible,reachability_lower,0,12,0.0,269.07894736842104,0.0
2013-05-19,176,9,611.3,149.921875,1,526.0416666666666,inf,2352,all cumulative-window cuts are feasible,reachability_lower,0,12,0.0,315.625,0.0
2013-05-20,177,0,611.3,105.78125,1,371.16228070175436,inf,2352,all cumulative-window cuts are feasible,reachability_lower,0,12,0.0,222.69736842105263,-2.842170943040401e-14
2013-05-20,177,1,611.3,111.40625,1,390.89912280701753,inf,2352,all cumulative-window cuts are feasible,reachability_lower,0,12,0.0,234.53947368421055,0.0
2013-05-20,177,2,611.3,116.796875,1,409.813596491228,inf,2352,all cumulative-window cuts are feasible,reachability_lower,0,12,0.0,245.88815789473685,2.842170943040401e-14
2013-05-20,177,3,611.3,108.75,1,381.578947368421,inf,2352,all cumulative-window cuts are feasible,reachability_lower,0,12,0.0,228.94736842105263,0.0
2013-05-20,177,4,611.3,116.25,1,407.89473684210526,inf,2352,all cumulative-window cuts are feasible,reachability_lower,0,12,0.0,244.73684210526318,0.0
2013-05-20,177,5,611.3,104.6875,1,367.3245614035087,inf,2352,all cumulative-window cuts are feasible,reachability_lower,0,12,0.0,220.39473684210526,0.0
2013-05-20,177,6,611.3,111.875,1,392.5438596491228,inf,2352,all cumulative-window cuts are feasible,reachability_lower,0,12,0.0,235.5263157894737,0.0
2013-05-20,177,7,611.3,142.890625,1,501.37061403508767,inf,2352,all cumulative-window cuts are feasible,reachability_lower,0,12,0.0,300.82236842105266,0.0
2013-05-20,177,8,611.3,105.078125,1,368.6951754385965,inf,2352,all cumulative-window cuts are feasible,reachability_lower,0,12,0.0,221.21710526315792,0.0
2013-05-20,177,9,611.3,128.671875,1,451.48026315789474,inf,2352,all cumulative-window cuts are feasible,reachability_lower,0,12,0.0,270.8881578947369,0.0
2013-05-21,178,0,611.3,97.03125,1,340.4605263157894,inf,2352,all cumulative-window cuts are feasible,reachability_lower,0,12,0.0,204.2763157894737,2.842170943040401e-14
2013-05-21,178,1,611.3,106.328125,1,373.08114035087715,inf,2352,all cumulative-window cuts are feasible,reachability_lower,0,12,0.0,223.84868421052633,0.0
2013-05-21,178,2,611.3,124.921875,1,438.32236842105266,inf,2352,all cumulative-window cuts are feasible,reachability_lower,0,12,0.0,262.9934210526316,0.0
2013-05-21,178,3,611.3,118.359375,1,415.2960526315789,inf,2352,all cumulative-window cuts are feasible,reachability_lower,0,12,0.0,249.17763157894737,0.0
2013-05-21,178,4,611.3,95.703125,1,335.8004385964912,inf,2352,all cumulative-window cuts are feasible,reachability_lower,0,12,0.0,201.48026315789474,0.0
2013-05-21,178,5,611.3,110.46875,1,387.60964912280696,inf,2352,all cumulative-window cuts are feasible,reachability_lower,0,12,0.0,232.56578947368422,0.0
2013-05-21,178,6,611.3,134.375,1,471.49122807017534,inf,2352,all cumulative-window cuts are feasible,reachability_lower,0,12,0.0,282.89473684210526,0.0
2013-05-21,178,7,611.3,139.375,1,489.0350877192982,inf,2352,all cumulative-window cuts are feasible,reachability_lower,0,12,0.0,293.42105263157896,0.0
2013-05-21,178,8,611.3,112.03125,1,393.09210526315786,inf,2352,all cumulative-window cuts are feasible,reachability_lower,0,12,0.0,235.85526315789474,0.0
2013-05-21,178,9,611.3,135.15625,1,474.2324561403508,inf,2352,all cumulative-window cuts are feasible,reachability_lower,0,12,0.0,284.5394736842105,0.0
2013-05-22,179,0,611.3,150.859375,1,529.3311403508771,inf,2352,all cumulative-window cuts are feasible,reachability_lower,0,12,0.0,317.59868421052636,0.0
2013-05-22,179,1,611.3,158.90625,1,557.5657894736842,inf,2352,all cumulative-window cuts are feasible,reachability_lower,0,12,0.0,334.5394736842105,0.0
2013-05-22,179,2,611.3,158.984375,1,557.8399122807017,inf,2352,all cumulative-window cuts are feasible,reachability_lower,0,12,0.0,334.70394736842104,0.0
2013-05-22,179,3,611.3,148.203125,1,520.0109649122807,inf,2352,all cumulative-window cuts are feasible,reachability_lower,0,12,0.0,312.00657894736844,0.0
2013-05-22,179,4,611.3,150.9375,1,529.6052631578947,inf,2352,all cumulative-window cuts are feasible,reachability_lower,0,12,0.0,317.7631578947369,0.0
2013-05-22,179,5,611.3,154.53125,1,542.2149122807017,inf,2352,all cumulative-window cuts are feasible,reachability_lower,0,12,0.0,325.32894736842104,0.0
2013-05-22,179,6,611.3,154.375,1,541.6666666666666,inf,2352,all cumulative-window cuts are feasible,reachability_lower,0,12,0.0,325.0,0.0
2013-05-22,179,7,611.3,158.125,1,554.8245614035087,inf,2352,all cumulative-window cuts are feasible,reachability_lower,0,12,0.0,332.89473684210526,0.0
2013-05-22,179,8,611.3,159.140625,1,558.3881578947368,inf,2352,all cumulative-window cuts are feasible,reachability_lower,0,12,0.0,335.03289473684214,5.684341886080802e-14
2013-05-22,179,9,611.3,158.28125,1,555.3728070175439,inf,2352,all cumulative-window cuts are feasible,reachability_lower,0,12,0.0,333.22368421052636,0.0
2013-05-23,180,0,611.3,162.421875,1,569.9013157894736,inf,2352,all cumulative-window cuts are feasible,reachability_lower,0,12,0.0,341.9407894736842,0.0
2013-05-23,180,1,611.3,148.4375,1,520.8333333333333,inf,2352,all cumulative-window cuts are feasible,reachability_lower,0,12,0.0,312.5,0.0
2013-05-23,180,2,611.3,159.609375,1,560.032894736842,inf,2352,all cumulative-window cuts are feasible,reachability_lower,0,12,0.0,336.01973684210526,5.684341886080802e-14
2013-05-23,180,3,611.3,150.78125,1,529.0570175438595,inf,2352,all cumulative-window cuts are feasible,reachability_lower,0,12,0.0,317.4342105263158,5.684341886080802e-14
2013-05-23,180,4,611.3,151.640625,1,532.0723684210526,inf,2352,all cumulative-window cuts are feasible,reachability_lower,0,12,0.0,319.2434210526316,0.0
2013-05-23,180,5,611.3,153.4375,1,538.3771929824561,inf,2352,all cumulative-window cuts are feasible,reachability_lower,0,12,0.0,323.0263157894737,0.0
2013-05-23,180,6,611.3,143.359375,1,503.0153508771929,inf,2352,all cumulative-window cuts are feasible,reachability_lower,0,12,0.0,301.8092105263158,0.0
2013-05-23,180,7,611.3,157.890625,1,554.0021929824561,inf,2352,all cumulative-window cuts are feasible,reachability_lower,0,12,0.0,332.4013157894737,0.0
2013-05-23,180,8,611.3,156.953125,1,550.7127192982456,inf,2352,all cumulative-window cuts are feasible,reachability_lower,0,12,0.0,330.4276315789474,0.0
2013-05-23,180,9,611.3,156.5625,1,549.3421052631578,inf,2352,all cumulative-window cuts are feasible,reachability_lower,0,12,0.0,329.60526315789474,0.0
2013-05-24,181,0,611.3,160.625,1,563.5964912280701,inf,2352,all cumulative-window cuts are feasible,reachability_lower,0,12,0.0,338.15789473684214,0.0
2013-05-24,181,1,611.3,146.953125,1,515.6249999999999,inf,2352,all cumulative-window cuts are feasible,reachability_lower,0,12,0.0,309.375,0.0
2013-05-24,181,2,611.3,151.25,1,530.7017543859648,inf,2352,all cumulative-window cuts are feasible,reachability_lower,0,12,0.0,318.42105263157896,0.0
2013-05-24,181,3,611.3,156.640625,1,549.6162280701753,inf,2352,all cumulative-window cuts are feasible,reachability_lower,0,12,0.0,329.76973684210526,0.0
2013-05-24,181,4,611.3,154.296875,1,541.3925438596491,inf,2352,all cumulative-window cuts are feasible,reachability_lower,0,12,0.0,324.8355263157895,0.0
2013-05-24,181,5,611.3,147.890625,1,518.9144736842105,inf,2352,all cumulative-window cuts are feasible,reachability_lower,0,12,0.0,311.34868421052636,0.0
2013-05-24,181,6,611.3,143.203125,1,502.4671052631578,inf,2352,all cumulative-window cuts are feasible,reachability_lower,0,12,0.0,301.48026315789474,0.0
2013-05-24,181,7,611.3,158.046875,1,554.5504385964912,inf,2352,all cumulative-window cuts are feasible,reachability_lower,0,12,0.0,332.73026315789474,0.0
2013-05-24,181,8,611.3,148.671875,1,521.655701754386,inf,2352,all cumulative-window cuts are feasible,reachability_lower,0,12,0.0,312.9934210526316,0.0
2013-05-24,181,9,611.3,159.296875,1,558.9364035087718,inf,2352,all cumulative-window cuts are feasible,reachability_lower,0,12,0.0,335.3618421052632,5.684341886080802e-14
2013-05-25,182,0,611.3,112.265625,1,393.91447368421046,inf,2352,all cumulative-window cuts are feasible,reachability_lower,0,12,0.0,236.34868421052633,2.842170943040401e-14
2013-05-25,182,1,611.3,156.328125,1,548.5197368421052,inf,2352,all cumulative-window cuts are feasible,reachability_lower,0,12,0.0,329.1118421052632,0.0
2013-05-25,182,2,611.3,128.046875,1,449.28728070175436,inf,2352,all cumulative-window cuts are feasible,reachability_lower,0,12,0.0,269.57236842105266,0.0
2013-05-25,182,3,611.3,142.890625,1,501.37061403508767,inf,2352,all cumulative-window cuts are feasible,reachability_lower,0,12,0.0,300.82236842105266,0.0
2013-05-25,182,4,611.3,154.921875,1,543.5855263157894,inf,2352,all cumulative-window cuts are feasible,reachability_lower,0,12,0.0,326.1513157894737,5.684341886080802e-14
2013-05-25,182,5,611.3,135.78125,1,476.4254385964912,inf,2352,all cumulative-window cuts are feasible,reachability_lower,0,12,0.0,285.85526315789474,0.0
2013-05-25,182,6,611.3,132.8125,1,466.0087719298245,inf,2352,all cumulative-window cuts are feasible,reachability_lower,0,12,0.0,279.60526315789474,0.0
2013-05-25,182,7,611.3,157.734375,1,553.453947368421,inf,2352,all cumulative-window cuts are feasible,reachability_lower,0,12,0.0,332.07236842105266,0.0
2013-05-25,182,8,611.3,137.890625,1,483.8267543859649,inf,2352,all cumulative-window cuts are feasible,reachability_lower,0,12,0.0,290.29605263157896,0.0
2013-05-25,182,9,611.3,157.109375,1,551.2609649122807,inf,2352,all cumulative-window cuts are feasible,reachability_lower,0,12,0.0,330.75657894736844,0.0
2013-05-26,183,0,611.3,136.796875,1,479.9890350877193,inf,2352,all cumulative-window cuts are feasible,reachability_lower,0,12,0.0,287.9934210526316,0.0
2013-05-26,183,1,611.3,145.15625,1,509.32017543859644,inf,2352,all cumulative-window cuts are feasible,reachability_lower,0,12,0.0,305.5921052631579,0.0
2013-05-26,183,2,611.3,153.359375,1,538.1030701754386,inf,2352,all cumulative-window cuts are feasible,reachability_lower,0,12,0.0,322.8618421052632,0.0
2013-05-26,183,3,611.3,147.578125,1,517.8179824561403,inf,2352,all cumulative-window cuts are feasible,reachability_lower,0,12,0.0,310.6907894736842,0.0
2013-05-26,183,4,611.3,141.171875,1,495.33991228070164,inf,2352,all cumulative-window cuts are feasible,reachability_lower,0,12,0.0,297.20394736842104,0.0
2013-05-26,183,5,611.3,116.71875,1,409.53947368421046,inf,2352,all cumulative-window cuts are feasible,reachability_lower,0,12,0.0,245.72368421052633,2.842170943040401e-14
2013-05-26,183,6,611.3,132.421875,1,464.6381578947368,inf,2352,all cumulative-window cuts are feasible,reachability_lower,0,12,0.0,278.78289473684214,0.0
2013-05-26,183,7,611.3,153.984375,1,540.296052631579,inf,2352,all cumulative-window cuts are feasible,reachability_lower,0,12,0.0,324.1776315789474,0.0
2013-05-26,183,8,611.3,151.5625,1,531.798245614035,inf,2352,all cumulative-window cuts are feasible,reachability_lower,0,12,0.0,319.07894736842104,0.0
2013-05-26,183,9,611.3,143.984375,1,505.20833333333326,inf,2352,all cumulative-window cuts are feasible,reachability_lower,0,12,0.0,303.125,0.0
2013-05-27,184,0,611.3,158.046875,1,554.5504385964912,inf,2352,all cumulative-window cuts are feasible,reachability_lower,0,12,0.0,332.73026315789474,0.0
2013-05-27,184,1,611.3,153.28125,1,537.828947368421,inf,2352,all cumulative-window cuts are feasible,reachability_lower,0,12,0.0,322.69736842105266,0.0
2013-05-27,184,2,611.3,158.4375,1,555.921052631579,inf,2352,all cumulative-window cuts are feasible,reachability_lower,0,12,0.0,333.5526315789474,0.0
2013-05-27,184,3,611.3,133.046875,1,466.8311403508771,inf,2352,all cumulative-window cuts are feasible,reachability_lower,0,12,0.0,280.0986842105263,0.0
2013-05-27,184,4,611.3,121.640625,1,426.8092105263157,inf,2352,all cumulative-window cuts are feasible,reachability_lower,0,12,0.0,256.0855263157895,0.0
2013-05-27,184,5,611.3,140.859375,1,494.2434210526315,inf,2352,all cumulative-window cuts are feasible,reachability_lower,0,12,0.0,296.54605263157896,0.0
2013-05-27,184,6,611.3,145.234375,1,509.59429824561397,inf,2352,all cumulative-window cuts are feasible,reachability_lower,0,12,0.0,305.75657894736844,0.0
2013-05-27,184,7,611.3,158.4375,1,555.921052631579,inf,2352,all cumulative-window cuts are feasible,reachability_lower,0,12,0.0,333.5526315789474,0.0
2013-05-27,184,8,611.3,156.796875,1,550.1644736842105,inf,2352,all cumulative-window cuts are feasible,reachability_lower,0,12,0.0,330.09868421052636,0.0
2013-05-27,184,9,611.3,155.15625,1,544.407894736842,inf,2352,all cumulative-window cuts are feasible,reachability_lower,0,12,0.0,326.64473684210526,5.684341886080802e-14
2013-05-28,185,0,611.3,154.0625,1,540.5701754385965,inf,2352,all cumulative-window cuts are feasible,reachability_lower,0,12,0.0,324.3421052631579,0.0
2013-05-28,185,1,611.3,148.90625,1,522.4780701754386,inf,2352,all cumulative-window cuts are feasible,reachability_lower,0,12,0.0,313.4868421052632,0.0
2013-05-28,185,2,611.3,138.4375,1,485.74561403508767,inf,2352,all cumulative-window cuts are feasible,reachability_lower,0,12,0.0,291.44736842105266,0.0
2013-05-28,185,3,611.3,148.515625,1,521.1074561403508,inf,2352,all cumulative-window cuts are feasible,reachability_lower,0,12,0.0,312.6644736842105,0.0
2013-05-28,185,4,611.3,135.3125,1,474.780701754386,inf,2352,all cumulative-window cuts are feasible,reachability_lower,0,12,0.0,284.8684210526316,0.0
2013-05-28,185,5,611.3,116.71875,1,409.53947368421046,inf,2352,all cumulative-window cuts are feasible,reachability_lower,0,12,0.0,245.72368421052633,2.842170943040401e-14
2013-05-28,185,6,611.3,148.90625,1,522.4780701754386,inf,2352,all cumulative-window cuts are feasible,reachability_lower,0,12,0.0,313.4868421052632,0.0
2013-05-28,185,7,611.3,159.140625,1,558.3881578947368,inf,2352,all cumulative-window cuts are feasible,reachability_lower,0,12,0.0,335.03289473684214,5.684341886080802e-14
2013-05-28,185,8,611.3,148.515625,1,521.1074561403508,inf,2352,all cumulative-window cuts are feasible,reachability_lower,0,12,0.0,312.6644736842105,0.0
2013-05-28,185,9,611.3,143.828125,1,504.6600877192982,inf,2352,all cumulative-window cuts are feasible,reachability_lower,0,12,0.0,302.79605263157896,0.0
2013-05-29,186,0,611.3,107.1875,1,376.09649122807014,inf,2352,all cumulative-window cuts are feasible,reachability_lower,0,12,0.0,225.6578947368421,0.0
2013-05-29,186,1,611.3,117.734375,1,413.1030701754386,inf,2352,all cumulative-window cuts are feasible,reachability_lower,0,12,0.0,247.86184210526318,0.0
2013-05-29,186,2,611.3,121.953125,1,427.905701754386,inf,2352,all cumulative-window cuts are feasible,reachability_lower,0,12,0.0,256.7434210526316,0.0
2013-05-29,186,3,611.3,111.484375,1,391.17324561403507,inf,2352,all cumulative-window cuts are feasible,reachability_lower,0,12,0.0,234.70394736842107,0.0
2013-05-29,186,4,611.3,106.40625,1,373.3552631578947,inf,2352,all cumulative-window cuts are feasible,reachability_lower,0,12,0.0,224.01315789473685,0.0
2013-05-29,186,5,611.3,122.734375,1,430.6469298245614,inf,2352,all cumulative-window cuts are feasible,reachability_lower,0,12,0.0,258.3881578947369,0.0
2013-05-29,186,6,611.3,119.765625,1,420.2302631578947,inf,2352,all cumulative-window cuts are feasible,reachability_lower,0,12,0.0,252.13815789473685,0.0
2013-05-29,186,7,611.3,150.859375,1,529.3311403508771,inf,2352,all cumulative-window cuts are feasible,reachability_lower,0,12,0.0,317.59868421052636,0.0
2013-05-29,186,8,611.3,121.5625,1,426.5350877192982,inf,2352,all cumulative-window cuts are feasible,reachability_lower,0,12,0.0,255.92105263157896,0.0
2013-05-29,186,9,611.3,136.5625,1,479.1666666666666,inf,2352,all cumulative-window cuts are feasible,reachability_lower,0,12,0.0,287.5,0.0
2013-05-30,187,0,611.3,106.796875,1,374.7258771929824,inf,2352,all cumulative-window cuts are feasible,reachability_lower,0,12,0.0,224.83552631578948,0.0
2013-05-30,187,1,611.3,121.09375,1,424.89035087719293,inf,2352,all cumulative-window cuts are feasible,reachability_lower,0,12,0.0,254.9342105263158,0.0
2013-05-30,187,2,611.3,115.390625,1,404.8793859649122,inf,2352,all cumulative-window cuts are feasible,reachability_lower,0,12,0.0,242.92763157894737,0.0
2013-05-30,187,3,611.3,122.03125,1,428.1798245614035,inf,2352,all cumulative-window cuts are feasible,reachability_lower,0,12,0.0,256.90789473684214,0.0
2013-05-30,187,4,611.3,103.59375,1,363.4868421052631,inf,2352,all cumulative-window cuts are feasible,reachability_lower,0,12,0.0,218.09210526315792,0.0
2013-05-30,187,5,611.3,102.96875,1,361.2938596491228,inf,2352,all cumulative-window cuts are feasible,reachability_lower,0,12,0.0,216.7763157894737,0.0
2013-05-30,187,6,611.3,119.375,1,418.85964912280696,inf,2352,all cumulative-window cuts are feasible,reachability_lower,0,12,0.0,251.31578947368422,0.0
2013-05-30,187,7,611.3,132.890625,1,466.282894736842,inf,2352,all cumulative-window cuts are feasible,reachability_lower,0,12,0.0,279.76973684210526,0.0
2013-05-30,187,8,611.3,113.828125,1,399.39692982456137,inf,2352,all cumulative-window cuts are feasible,reachability_lower,0,12,0.0,239.63815789473685,0.0
2013-05-30,187,9,611.3,120.390625,1,422.42324561403507,inf,2352,all cumulative-window cuts are feasible,reachability_lower,0,12,0.0,253.45394736842107,0.0
2013-05-31,188,0,611.3,113.359375,1,397.7521929824561,inf,2352,all cumulative-window cuts are feasible,reachability_lower,0,12,0.0,238.6513157894737,0.0
2013-05-31,188,1,611.3,118.203125,1,414.74780701754383,inf,2352,all cumulative-window cuts are feasible,reachability_lower,0,12,0.0,248.84868421052633,0.0
2013-05-31,188,2,611.3,106.875,1,374.99999999999994,inf,2352,all cumulative-window cuts are feasible,reachability_lower,0,12,0.0,225.0,0.0
2013-05-31,188,3,611.3,105.15625,1,368.969298245614,inf,2352,all cumulative-window cuts are feasible,reachability_lower,0,12,0.0,221.38157894736844,0.0
2013-05-31,188,4,611.3,102.03125,1,358.0043859649122,inf,2352,all cumulative-window cuts are feasible,reachability_lower,0,12,0.0,214.80263157894737,0.0
2013-05-31,188,5,611.3,107.1875,1,376.09649122807014,inf,2352,all cumulative-window cuts are feasible,reachability_lower,0,12,0.0,225.6578947368421,0.0
2013-05-31,188,6,611.3,123.984375,1,435.032894736842,inf,2352,all cumulative-window cuts are feasible,reachability_lower,0,12,0.0,261.01973684210526,0.0
2013-05-31,188,7,611.3,130.15625,1,456.68859649122805,inf,2352,all cumulative-window cuts are feasible,reachability_lower,0,12,0.0,274.0131578947369,0.0
2013-05-31,188,8,611.3,117.734375,1,413.1030701754386,inf,2352,all cumulative-window cuts are feasible,reachability_lower,0,12,0.0,247.86184210526318,0.0
2013-05-31,188,9,611.3,114.375,1,401.31578947368416,inf,2352,all cumulative-window cuts are feasible,reachability_lower,0,12,0.0,240.78947368421055,2.842170943040401e-14
2013-06-01,189,0,611.3,153.046875,1,537.0065789473683,inf,2352,all cumulative-window cuts are feasible,reachability_lower,0,12,0.0,322.20394736842104,0.0
2013-06-01,189,1,611.3,156.328125,1,548.5197368421052,inf,2352,all cumulative-window cuts are feasible,reachability_lower,0,12,0.0,329.1118421052632,0.0
2013-06-01,189,2,611.3,158.4375,1,555.921052631579,inf,2352,all cumulative-window cuts are feasible,reachability_lower,0,12,0.0,333.5526315789474,0.0
2013-06-01,189,3,611.3,145.15625,1,509.32017543859644,inf,2352,all cumulative-window cuts are feasible,reachability_lower,0,12,0.0,305.5921052631579,0.0
2013-06-01,189,4,611.3,146.875,1,515.3508771929824,inf,2352,all cumulative-window cuts are feasible,reachability_lower,0,12,0.0,309.2105263157895,0.0
2013-06-01,189,5,611.3,156.953125,1,550.7127192982456,inf,2352,all cumulative-window cuts are feasible,reachability_lower,0,12,0.0,330.4276315789474,0.0
2013-06-01,189,6,611.3,146.5625,1,514.2543859649122,inf,2352,all cumulative-window cuts are feasible,reachability_lower,0,12,0.0,308.5526315789474,0.0
2013-06-01,189,7,611.3,152.1875,1,533.9912280701753,inf,2352,all cumulative-window cuts are feasible,reachability_lower,0,12,0.0,320.39473684210526,0.0
2013-06-01,189,8,611.3,148.359375,1,520.5592105263157,inf,2352,all cumulative-window cuts are feasible,reachability_lower,0,12,0.0,312.3355263157895,0.0
2013-06-01,189,9,611.3,157.578125,1,552.905701754386,inf,2352,all cumulative-window cuts are feasible,reachability_lower,0,12,0.0,331.7434210526316,0.0
2013-06-02,190,0,611.3,157.5,1,552.6315789473683,inf,2352,all cumulative-window cuts are feasible,reachability_lower,0,12,0.0,331.57894736842104,0.0
2013-06-02,190,1,611.3,145.859375,1,511.78728070175436,inf,2352,all cumulative-window cuts are feasible,reachability_lower,0,12,0.0,307.07236842105266,0.0
2013-06-02,190,2,611.3,157.734375,1,553.453947368421,inf,2352,all cumulative-window cuts are feasible,reachability_lower,0,12,0.0,332.07236842105266,0.0
2013-06-02,190,3,611.3,152.03125,1,533.4429824561403,inf,2352,all cumulative-window cuts are feasible,reachability_lower,0,12,0.0,320.0657894736842,0.0
2013-06-02,190,4,611.3,133.515625,1,468.4758771929824,inf,2352,all cumulative-window cuts are feasible,reachability_lower,0,12,0.0,281.0855263157895,0.0
2013-06-02,190,5,611.3,145.546875,1,510.6907894736841,inf,2352,all cumulative-window cuts are feasible,reachability_lower,0,12,0.0,306.4144736842105,0.0
2013-06-02,190,6,611.3,136.71875,1,479.71491228070164,inf,2352,all cumulative-window cuts are feasible,reachability_lower,0,12,0.0,287.82894736842104,0.0
2013-06-02,190,7,611.3,158.359375,1,555.6469298245614,inf,2352,all cumulative-window cuts are feasible,reachability_lower,0,12,0.0,333.3881578947369,0.0
2013-06-02,190,8,611.3,156.015625,1,547.423245614035,inf,2352,all cumulative-window cuts are feasible,reachability_lower,0,12,0.0,328.45394736842104,0.0
2013-06-02,190,9,611.3,156.09375,1,547.6973684210526,inf,2352,all cumulative-window cuts are feasible,reachability_lower,0,12,0.0,328.6184210526316,0.0
2013-06-03,191,0,611.3,104.140625,1,365.4057017543859,inf,2352,all cumulative-window cuts are feasible,reachability_lower,0,12,0.0,219.2434210526316,0.0
2013-06-03,191,1,611.3,129.453125,1,454.22149122807014,inf,2352,all cumulative-window cuts are feasible,reachability_lower,0,12,0.0,272.53289473684214,0.0
2013-06-03,191,2,611.3,118.125,1,414.4736842105263,inf,2352,all cumulative-window cuts are feasible,reachability_lower,0,12,0.0,248.6842105263158,0.0
2013-06-03,191,3,611.3,146.796875,1,515.0767543859648,inf,2352,all cumulative-window cuts are feasible,reachability_lower,0,12,0.0,309.04605263157896,0.0
2013-06-03,191,4,611.3,131.953125,1,462.9934210526315,inf,2352,all cumulative-window cuts are feasible,reachability_lower,0,12,0.0,277.79605263157896,0.0
2013-06-03,191,5,611.3,132.65625,1,465.4605263157894,inf,2352,all cumulative-window cuts are feasible,reachability_lower,0,12,0.0,279.2763157894737,0.0
2013-06-03,191,6,611.3,126.40625,1,443.530701754386,inf,2352,all cumulative-window cuts are feasible,reachability_lower,0,12,0.0,266.1184210526316,0.0
2013-06-03,191,7,611.3,159.375,1,559.2105263157894,inf,2352,all cumulative-window cuts are feasible,reachability_lower,0,12,0.0,335.5263157894737,5.684341886080802e-14
2013-06-03,191,8,611.3,138.515625,1,486.0197368421052,inf,2352,all cumulative-window cuts are feasible,reachability_lower,0,12,0.0,291.6118421052632,0.0
2013-06-03,191,9,611.3,141.875,1,497.80701754385956,inf,2352,all cumulative-window cuts are feasible,reachability_lower,0,12,0.0,298.6842105263158,0.0
2013-06-04,192,0,611.3,103.671875,1,363.76096491228066,inf,2352,all cumulative-window cuts are feasible,reachability_lower,0,12,0.0,218.25657894736844,0.0
2013-06-04,192,1,611.3,100.46875,1,352.52192982456137,inf,2352,all cumulative-window cuts are feasible,reachability_lower,0,12,0.0,211.51315789473685,0.0
2013-06-04,192,2,611.3,110.15625,1,386.51315789473676,inf,2352,all cumulative-window cuts are feasible,reachability_lower,0,12,0.0,231.9078947368421,2.842170943040401e-14
2013-06-04,192,3,611.3,122.265625,1,429.0021929824561,inf,2352,all cumulative-window cuts are feasible,reachability_lower,0,12,0.0,257.4013157894737,0.0
2013-06-04,192,4,611.3,151.25,1,530.7017543859648,inf,2352,all cumulative-window cuts are feasible,reachability_lower,0,12,0.0,318.42105263157896,0.0
2013-06-04,192,5,611.3,105.9375,1,371.7105263157894,inf,2352,all cumulative-window cuts are feasible,reachability_lower,0,12,0.0,223.0263157894737,0.0
2013-06-04,192,6,611.3,106.09375,1,372.2587719298245,inf,2352,all cumulative-window cuts are feasible,reachability_lower,0,12,0.0,223.35526315789474,0.0
2013-06-04,192,7,611.3,144.609375,1,507.40131578947364,inf,2352,all cumulative-window cuts are feasible,reachability_lower,0,12,0.0,304.4407894736842,0.0
2013-06-04,192,8,611.3,120.390625,1,422.42324561403507,inf,2352,all cumulative-window cuts are feasible,reachability_lower,0,12,0.0,253.45394736842107,0.0
2013-06-04,192,9,611.3,124.140625,1,435.5811403508771,inf,2352,all cumulative-window cuts are feasible,reachability_lower,0,12,0.0,261.3486842105263,0.0
2013-06-05,193,0,611.3,127.578125,1,447.6425438596491,inf,2352,all cumulative-window cuts are feasible,reachability_lower,0,12,0.0,268.5855263157895,0.0
2013-06-05,193,1,611.3,127.734375,1,448.1907894736841,inf,2352,all cumulative-window cuts are feasible,reachability_lower,0,12,0.0,268.9144736842105,0.0
2013-06-05,193,2,611.3,128.28125,1,450.10964912280696,inf,2352,all cumulative-window cuts are feasible,reachability_lower,0,12,0.0,270.0657894736842,0.0
2013-06-05,193,3,611.3,157.890625,1,554.0021929824561,inf,2352,all cumulative-window cuts are feasible,reachability_lower,0,12,0.0,332.4013157894737,0.0
2013-06-05,193,4,611.3,117.96875,1,413.9254385964912,inf,2352,all cumulative-window cuts are feasible,reachability_lower,0,12,0.0,248.35526315789474,0.0
2013-06-05,193,5,611.3,132.96875,1,466.55701754385956,inf,2352,all cumulative-window cuts are feasible,reachability_lower,0,12,0.0,279.9342105263158,0.0
2013-06-05,193,6,611.3,139.21875,1,488.4868421052631,inf,2352,all cumulative-window cuts are feasible,reachability_lower,0,12,0.0,293.0921052631579,0.0
2013-06-05,193,7,611.3,149.453125,1,524.3969298245614,inf,2352,all cumulative-window cuts are feasible,reachability_lower,0,12,0.0,314.6381578947369,0.0
2013-06-05,193,8,611.3,138.984375,1,487.6644736842105,inf,2352,all cumulative-window cuts are feasible,reachability_lower,0,12,0.0,292.59868421052636,0.0
2013-06-05,193,9,611.3,150.15625,1,526.8640350877192,inf,2352,all cumulative-window cuts are feasible,reachability_lower,0,12,0.0,316.1184210526316,5.684341886080802e-14
2013-06-06,194,0,611.3,148.125,1,519.7368421052631,inf,2352,all cumulative-window cuts are feasible,reachability_lower,0,12,0.0,311.8421052631579,0.0
2013-06-06,194,1,611.3,138.90625,1,487.3903508771929,inf,2352,all cumulative-window cuts are feasible,reachability_lower,0,12,0.0,292.4342105263158,0.0
2013-06-06,194,2,611.3,157.65625,1,553.1798245614035,inf,2352,all cumulative-window cuts are feasible,reachability_lower,0,12,0.0,331.90789473684214,0.0
2013-06-06,194,3,611.3,147.5,1,517.5438596491227,inf,2352,all cumulative-window cuts are feasible,reachability_lower,0,12,0.0,310.5263157894737,0.0
2013-06-06,194,4,611.3,148.90625,1,522.4780701754386,inf,2352,all cumulative-window cuts are feasible,reachability_lower,0,12,0.0,313.4868421052632,0.0
2013-06-06,194,5,611.3,139.6875,1,490.1315789473683,inf,2352,all cumulative-window cuts are feasible,reachability_lower,0,12,0.0,294.07894736842104,0.0
2013-06-06,194,6,611.3,141.09375,1,495.0657894736841,inf,2352,all cumulative-window cuts are feasible,reachability_lower,0,12,0.0,297.0394736842105,0.0
2013-06-06,194,7,611.3,158.4375,1,555.921052631579,inf,2352,all cumulative-window cuts are feasible,reachability_lower,0,12,0.0,333.5526315789474,0.0
2013-06-06,194,8,611.3,148.203125,1,520.0109649122807,inf,2352,all cumulative-window cuts are feasible,reachability_lower,0,12,0.0,312.00657894736844,0.0
2013-06-06,194,9,611.3,155.46875,1,545.5043859649122,inf,2352,all cumulative-window cuts are feasible,reachability_lower,0,12,0.0,327.3026315789474,0.0
2013-06-07,195,0,611.3,150.0,1,526.3157894736842,inf,2352,all cumulative-window cuts are feasible,reachability_lower,0,12,0.0,315.7894736842105,0.0
2013-06-07,195,1,611.3,147.8125,1,518.6403508771929,inf,2352,all cumulative-window cuts are feasible,reachability_lower,0,12,0.0,311.1842105263158,0.0
2013-06-07,195,2,611.3,156.015625,1,547.423245614035,inf,2352,all cumulative-window cuts are feasible,reachability_lower,0,12,0.0,328.45394736842104,0.0
2013-06-07,195,3,611.3,154.609375,1,542.4890350877192,inf,2352,all cumulative-window cuts are feasible,reachability_lower,0,12,0.0,325.4934210526316,5.684341886080802e-14
2013-06-07,195,4,611.3,146.328125,1,513.4320175438595,inf,2352,all cumulative-window cuts are feasible,reachability_lower,0,12,0.0,308.0592105263158,5.684341886080802e-14
2013-06-07,195,5,611.3,135.9375,1,476.97368421052624,inf,2352,all cumulative-window cuts are feasible,reachability_lower,0,12,0.0,286.1842105263158,0.0
2013-06-07,195,6,611.3,142.578125,1,500.2741228070175,inf,2352,all cumulative-window cuts are feasible,reachability_lower,0,12,0.0,300.1644736842105,0.0
2013-06-07,195,7,611.3,157.109375,1,551.2609649122807,inf,2352,all cumulative-window cuts are feasible,reachability_lower,0,12,0.0,330.75657894736844,0.0
2013-06-07,195,8,611.3,141.796875,1,497.532894736842,inf,2352,all cumulative-window cuts are feasible,reachability_lower,0,12,0.0,298.51973684210526,0.0
2013-06-07,195,9,611.3,160.078125,1,561.6776315789473,inf,2352,all cumulative-window cuts are feasible,reachability_lower,0,12,0.0,337.00657894736844,0.0
2013-06-08,196,0,611.3,132.5,1,464.91228070175436,inf,2352,all cumulative-window cuts are feasible,reachability_lower,0,12,0.0,278.94736842105266,0.0
2013-06-08,196,1,611.3,135.46875,1,475.32894736842104,inf,2352,all cumulative-window cuts are feasible,reachability_lower,0,12,0.0,285.19736842105266,0.0
2013-06-08,196,2,611.3,160.859375,1,564.4188596491227,inf,2352,all cumulative-window cuts are feasible,reachability_lower,0,12,0.0,338.6513157894737,0.0
2013-06-08,196,3,611.3,142.1875,1,498.9035087719298,inf,2352,all cumulative-window cuts are feasible,reachability_lower,0,12,0.0,299.3421052631579,0.0
2013-06-08,196,4,611.3,143.046875,1,501.91885964912274,inf,2352,all cumulative-window cuts are feasible,reachability_lower,0,12,0.0,301.1513157894737,0.0
2013-06-08,196,5,611.3,131.640625,1,461.89692982456137,inf,2352,all cumulative-window cuts are feasible,reachability_lower,0,12,0.0,277.1381578947369,0.0
2013-06-08,196,6,611.3,136.71875,1,479.71491228070164,inf,2352,all cumulative-window cuts are feasible,reachability_lower,0,12,0.0,287.82894736842104,0.0
2013-06-08,196,7,611.3,157.890625,1,554.0021929824561,inf,2352,all cumulative-window cuts are feasible,reachability_lower,0,12,0.0,332.4013157894737,0.0
2013-06-08,196,8,611.3,139.296875,1,488.76096491228066,inf,2352,all cumulative-window cuts are feasible,reachability_lower,0,12,0.0,293.25657894736844,0.0
2013-06-08,196,9,611.3,158.75,1,557.0175438596491,inf,2352,all cumulative-window cuts are feasible,reachability_lower,0,12,0.0,334.2105263157895,0.0
2013-06-09,197,0,611.3,157.890625,1,554.0021929824561,inf,2352,all cumulative-window cuts are feasible,reachability_lower,0,12,0.0,332.4013157894737,0.0
2013-06-09,197,1,611.3,136.640625,1,479.4407894736841,inf,2352,all cumulative-window cuts are feasible,reachability_lower,0,12,0.0,287.6644736842105,0.0
2013-06-09,197,2,611.3,157.1875,1,551.5350877192982,inf,2352,all cumulative-window cuts are feasible,reachability_lower,0,12,0.0,330.92105263157896,0.0
2013-06-09,197,3,611.3,154.453125,1,541.9407894736842,inf,2352,all cumulative-window cuts are feasible,reachability_lower,0,12,0.0,325.1644736842105,0.0
2013-06-09,197,4,611.3,147.734375,1,518.3662280701753,inf,2352,all cumulative-window cuts are feasible,reachability_lower,0,12,0.0,311.01973684210526,0.0
2013-06-09,197,5,611.3,141.40625,1,496.16228070175436,inf,2352,all cumulative-window cuts are feasible,reachability_lower,0,12,0.0,297.69736842105266,0.0
2013-06-09,197,6,611.3,156.953125,1,550.7127192982456,inf,2352,all cumulative-window cuts are feasible,reachability_lower,0,12,0.0,330.4276315789474,0.0
2013-06-09,197,7,611.3,157.65625,1,553.1798245614035,inf,2352,all cumulative-window cuts are feasible,reachability_lower,0,12,0.0,331.90789473684214,0.0
2013-06-09,197,8,611.3,144.140625,1,505.7565789473683,inf,2352,all cumulative-window cuts are feasible,reachability_lower,0,12,0.0,303.45394736842104,0.0
2013-06-09,197,9,611.3,156.875,1,550.438596491228,inf,2352,all cumulative-window cuts are feasible,reachability_lower,0,12,0.0,330.2631578947369,0.0
2013-06-10,198,0,611.3,158.59375,1,556.469298245614,inf,2352,all cumulative-window cuts are feasible,reachability_lower,0,12,0.0,333.88157894736844,0.0
2013-06-10,198,1,611.3,148.4375,1,520.8333333333333,inf,2352,all cumulative-window cuts are feasible,reachability_lower,0,12,0.0,312.5,0.0
2013-06-10,198,2,611.3,161.640625,1,567.1600877192982,inf,2352,all cumulative-window cuts are feasible,reachability_lower,0,12,0.0,340.29605263157896,0.0
2013-06-10,198,3,611.3,149.0625,1,523.0263157894736,inf,2352,all cumulative-window cuts are feasible,reachability_lower,0,12,0.0,313.8157894736842,0.0
2013-06-10,198,4,611.3,150.078125,1,526.5899122807017,inf,2352,all cumulative-window cuts are feasible,reachability_lower,0,12,0.0,315.95394736842104,0.0
2013-06-10,198,5,611.3,139.21875,1,488.4868421052631,inf,2352,all cumulative-window cuts are feasible,reachability_lower,0,12,0.0,293.0921052631579,0.0
2013-06-10,198,6,611.3,148.90625,1,522.4780701754386,inf,2352,all cumulative-window cuts are feasible,reachability_lower,0,12,0.0,313.4868421052632,0.0
2013-06-10,198,7,611.3,158.671875,1,556.7434210526316,inf,2352,all cumulative-window cuts are feasible,reachability_lower,0,12,0.0,334.04605263157896,0.0
2013-06-10,198,8,611.3,148.828125,1,522.203947368421,inf,2352,all cumulative-window cuts are feasible,reachability_lower,0,12,0.0,313.32236842105266,0.0
2013-06-10,198,9,611.3,156.484375,1,549.0679824561403,inf,2352,all cumulative-window cuts are feasible,reachability_lower,0,12,0.0,329.4407894736842,0.0
2013-06-11,199,0,611.3,115.3125,1,404.6052631578947,inf,2352,all cumulative-window cuts are feasible,reachability_lower,0,12,0.0,242.76315789473685,0.0
2013-06-11,199,1,611.3,111.40625,1,390.89912280701753,inf,2352,all cumulative-window cuts are feasible,reachability_lower,0,12,0.0,234.53947368421055,0.0
2013-06-11,199,2,611.3,114.609375,1,402.13815789473676,inf,2352,all cumulative-window cuts are feasible,reachability_lower,0,12,0.0,241.2828947368421,2.842170943040401e-14
2013-06-11,199,3,611.3,109.765625,1,385.1425438596491,inf,2352,all cumulative-window cuts are feasible,reachability_lower,0,12,0.0,231.08552631578948,0.0
2013-06-11,199,4,611.3,120.234375,1,421.87499999999994,inf,2352,all cumulative-window cuts are feasible,reachability_lower,0,12,0.0,253.125,0.0
2013-06-11,199,5,611.3,103.828125,1,364.3092105263157,inf,2352,all cumulative-window cuts are feasible,reachability_lower,0,12,0.0,218.58552631578948,0.0
2013-06-11,199,6,611.3,126.953125,1,445.4495614035087,inf,2352,all cumulative-window cuts are feasible,reachability_lower,0,12,0.0,267.26973684210526,0.0
2013-06-11,199,7,611.3,126.328125,1,443.2565789473683,inf,2352,all cumulative-window cuts are feasible,reachability_lower,0,12,0.0,265.95394736842104,0.0
2013-06-11,199,8,611.3,119.765625,1,420.2302631578947,inf,2352,all cumulative-window cuts are feasible,reachability_lower,0,12,0.0,252.13815789473685,0.0
2013-06-11,199,9,611.3,133.359375,1,467.92763157894734,inf,2352,all cumulative-window cuts are feasible,reachability_lower,0,12,0.0,280.75657894736844,0.0
2013-06-12,200,0,611.3,159.53125,1,559.7587719298244,inf,2352,all cumulative-window cuts are feasible,reachability_lower,0,12,0.0,335.85526315789474,5.684341886080802e-14
2013-06-12,200,1,611.3,157.65625,1,553.1798245614035,inf,2352,all cumulative-window cuts are feasible,reachability_lower,0,12,0.0,331.90789473684214,0.0
2013-06-12,200,2,611.3,156.640625,1,549.6162280701753,inf,2352,all cumulative-window cuts are feasible,reachability_lower,0,12,0.0,329.76973684210526,0.0
2013-06-12,200,3,611.3,146.484375,1,513.9802631578947,inf,2352,all cumulative-window cuts are feasible,reachability_lower,0,12,0.0,308.3881578947369,0.0
2013-06-12,200,4,611.3,148.4375,1,520.8333333333333,inf,2352,all cumulative-window cuts are feasible,reachability_lower,0,12,0.0,312.5,0.0
2013-06-12,200,5,611.3,142.5,1,499.99999999999994,inf,2352,all cumulative-window cuts are feasible,reachability_lower,0,12,0.0,300.0,0.0
2013-06-12,200,6,611.3,141.25,1,495.6140350877193,inf,2352,all cumulative-window cuts are feasible,reachability_lower,0,12,0.0,297.3684210526316,0.0
2013-06-12,200,7,611.3,157.578125,1,552.905701754386,inf,2352,all cumulative-window cuts are feasible,reachability_lower,0,12,0.0,331.7434210526316,0.0
2013-06-12,200,8,611.3,146.875,1,515.3508771929824,inf,2352,all cumulative-window cuts are feasible,reachability_lower,0,12,0.0,309.2105263157895,0.0
2013-06-12,200,9,611.3,156.09375,1,547.6973684210526,inf,2352,all cumulative-window cuts are feasible,reachability_lower,0,12,0.0,328.6184210526316,0.0
2013-06-13,201,0,611.3,121.015625,1,424.6162280701754,inf,2352,all cumulative-window cuts are feasible,reachability_lower,0,12,0.0,254.7697368421053,0.0
2013-06-13,201,1,611.3,118.671875,1,416.3925438596491,inf,2352,all cumulative-window cuts are feasible,reachability_lower,0,12,0.0,249.83552631578948,-2.842170943040401e-14
2013-06-13,201,2,611.3,140.703125,1,493.69517543859644,inf,2352,all cumulative-window cuts are feasible,reachability_lower,0,12,0.0,296.2171052631579,0.0
2013-06-13,201,3,611.3,116.484375,1,408.71710526315786,inf,2352,all cumulative-window cuts are feasible,reachability_lower,0,12,0.0,245.23026315789474,0.0
2013-06-13,201,4,611.3,118.203125,1,414.74780701754383,inf,2352,all cumulative-window cuts are feasible,reachability_lower,0,12,0.0,248.84868421052633,0.0
2013-06-13,201,5,611.3,127.65625,1,447.91666666666663,inf,2352,all cumulative-window cuts are feasible,reachability_lower,0,12,0.0,268.75,0.0
2013-06-13,201,6,611.3,123.828125,1,434.48464912280696,inf,2352,all cumulative-window cuts are feasible,reachability_lower,0,12,0.0,260.6907894736842,0.0
2013-06-13,201,7,611.3,119.6875,1,419.95614035087715,inf,2352,all cumulative-window cuts are feasible,reachability_lower,0,12,0.0,251.97368421052633,0.0
2013-06-13,201,8,611.3,119.140625,1,418.0372807017543,inf,2352,all cumulative-window cuts are feasible,reachability_lower,0,12,0.0,250.82236842105263,0.0
2013-06-13,201,9,611.3,129.453125,1,454.22149122807014,inf,2352,all cumulative-window cuts are feasible,reachability_lower,0,12,0.0,272.53289473684214,0.0
2013-06-14,202,0,611.3,103.671875,1,363.76096491228066,inf,2352,all cumulative-window cuts are feasible,reachability_lower,0,12,0.0,218.25657894736844,0.0
2013-06-14,202,1,611.3,129.140625,1,453.12499999999994,inf,2352,all cumulative-window cuts are feasible,reachability_lower,0,12,0.0,271.875,0.0
2013-06-14,202,2,611.3,136.875,1,480.2631578947368,inf,2352,all cumulative-window cuts are feasible,reachability_lower,0,12,0.0,288.15789473684214,0.0
2013-06-14,202,3,611.3,117.890625,1,413.65131578947364,inf,2352,all cumulative-window cuts are feasible,reachability_lower,0,12,0.0,248.19078947368422,0.0
2013-06-14,202,4,611.3,135.078125,1,473.95833333333326,inf,2352,all cumulative-window cuts are feasible,reachability_lower,0,12,0.0,284.375,0.0
2013-06-14,202,5,611.3,137.8125,1,483.55263157894734,inf,2352,all cumulative-window cuts are feasible,reachability_lower,0,12,0.0,290.13157894736844,0.0
2013-06-14,202,6,611.3,127.03125,1,445.72368421052624,inf,2352,all cumulative-window cuts are feasible,reachability_lower,0,12,0.0,267.4342105263158,0.0
2013-06-14,202,7,611.3,148.75,1,521.9298245614035,inf,2352,all cumulative-window cuts are feasible,reachability_lower,0,12,0.0,313.15789473684214,0.0
2013-06-14,202,8,611.3,124.765625,1,437.7741228070175,inf,2352,all cumulative-window cuts are feasible,reachability_lower,0,12,0.0,262.6644736842105,0.0
2013-06-14,202,9,611.3,145.078125,1,509.0460526315789,inf,2352,all cumulative-window cuts are feasible,reachability_lower,0,12,0.0,305.4276315789474,0.0
2013-06-15,203,0,611.3,147.578125,1,517.8179824561403,inf,2352,all cumulative-window cuts are feasible,reachability_lower,0,12,0.0,310.6907894736842,0.0
2013-06-15,203,1,611.3,156.953125,1,550.7127192982456,inf,2352,all cumulative-window cuts are feasible,reachability_lower,0,12,0.0,330.4276315789474,0.0
2013-06-15,203,2,611.3,155.390625,1,545.2302631578947,inf,2352,all cumulative-window cuts are feasible,reachability_lower,0,12,0.0,327.1381578947369,0.0
2013-06-15,203,3,611.3,156.796875,1,550.1644736842105,inf,2352,all cumulative-window cuts are feasible,reachability_lower,0,12,0.0,330.09868421052636,0.0
2013-06-15,203,4,611.3,148.046875,1,519.4627192982456,inf,2352,all cumulative-window cuts are feasible,reachability_lower,0,12,0.0,311.6776315789474,0.0
2013-06-15,203,5,611.3,154.140625,1,540.844298245614,inf,2352,all cumulative-window cuts are feasible,reachability_lower,0,12,0.0,324.50657894736844,0.0
2013-06-15,203,6,611.3,156.5625,1,549.3421052631578,inf,2352,all cumulative-window cuts are feasible,reachability_lower,0,12,0.0,329.60526315789474,0.0
2013-06-15,203,7,611.3,159.0625,1,558.1140350877192,inf,2352,all cumulative-window cuts are feasible,reachability_lower,0,12,0.0,334.8684210526316,5.684341886080802e-14
2013-06-15,203,8,611.3,147.65625,1,518.0921052631578,inf,2352,all cumulative-window cuts are feasible,reachability_lower,0,12,0.0,310.85526315789474,0.0
2013-06-15,203,9,611.3,148.4375,1,520.8333333333333,inf,2352,all cumulative-window cuts are feasible,reachability_lower,0,12,0.0,312.5,0.0
2013-06-16,204,0,611.3,137.8125,1,483.55263157894734,inf,2352,all cumulative-window cuts are feasible,reachability_lower,0,12,0.0,290.13157894736844,0.0
2013-06-16,204,1,611.3,139.0625,1,487.93859649122805,inf,2352,all cumulative-window cuts are feasible,reachability_lower,0,12,0.0,292.7631578947369,0.0
2013-06-16,204,2,611.3,149.140625,1,523.3004385964912,inf,2352,all cumulative-window cuts are feasible,reachability_lower,0,12,0.0,313.98026315789474,0.0
2013-06-16,204,3,611.3,142.65625,1,500.548245614035,inf,2352,all cumulative-window cuts are feasible,reachability_lower,0,12,0.0,300.32894736842104,0.0
2013-06-16,204,4,611.3,151.5625,1,531.798245614035,inf,2352,all cumulative-window cuts are feasible,reachability_lower,0,12,0.0,319.07894736842104,0.0
2013-06-16,204,5,611.3,130.0,1,456.1403508771929,inf,2352,all cumulative-window cuts are feasible,reachability_lower,0,12,0.0,273.6842105263158,0.0
2013-06-16,204,6,611.3,141.796875,1,497.532894736842,inf,2352,all cumulative-window cuts are feasible,reachability_lower,0,12,0.0,298.51973684210526,0.0
2013-06-16,204,7,611.3,159.453125,1,559.4846491228069,inf,2352,all cumulative-window cuts are feasible,reachability_lower,0,12,0.0,335.6907894736842,5.684341886080802e-14
2013-06-16,204,8,611.3,155.234375,1,544.6820175438595,inf,2352,all cumulative-window cuts are feasible,reachability_lower,0,12,0.0,326.8092105263158,5.684341886080802e-14
2013-06-16,204,9,611.3,156.171875,1,547.9714912280701,inf,2352,all cumulative-window cuts are feasible,reachability_lower,0,12,0.0,328.78289473684214,0.0
2013-06-17,205,0,611.3,124.84375,1,438.048245614035,inf,2352,all cumulative-window cuts are feasible,reachability_lower,0,12,0.0,262.82894736842104,0.0
2013-06-17,205,1,611.3,150.390625,1,527.6864035087718,inf,2352,all cumulative-window cuts are feasible,reachability_lower,0,12,0.0,316.6118421052632,5.684341886080802e-14
2013-06-17,205,2,611.3,138.125,1,484.6491228070175,inf,2352,all cumulative-window cuts are feasible,reachability_lower,0,12,0.0,290.7894736842105,0.0
2013-06-17,205,3,611.3,158.125,1,554.8245614035087,inf,2352,all cumulative-window cuts are feasible,reachability_lower,0,12,0.0,332.89473684210526,0.0
2013-06-17,205,4,611.3,142.5,1,499.99999999999994,inf,2352,all cumulative-window cuts are feasible,reachability_lower,0,12,0.0,300.0,0.0
2013-06-17,205,5,611.3,136.09375,1,477.52192982456137,inf,2352,all cumulative-window cuts are feasible,reachability_lower,0,12,0.0,286.5131578947369,0.0
2013-06-17,205,6,611.3,149.0625,1,523.0263157894736,inf,2352,all cumulative-window cuts are feasible,reachability_lower,0,12,0.0,313.8157894736842,0.0
2013-06-17,205,7,611.3,159.921875,1,561.1293859649122,inf,2352,all cumulative-window cuts are feasible,reachability_lower,0,12,0.0,336.6776315789474,0.0
2013-06-17,205,8,611.3,131.40625,1,461.0745614035087,inf,2352,all cumulative-window cuts are feasible,reachability_lower,0,12,0.0,276.64473684210526,0.0
2013-06-17,205,9,611.3,157.1875,1,551.5350877192982,inf,2352,all cumulative-window cuts are feasible,reachability_lower,0,12,0.0,330.92105263157896,0.0
2013-06-18,206,0,611.3,113.984375,1,399.9451754385965,inf,2352,all cumulative-window cuts are feasible,reachability_lower,0,12,0.0,239.96710526315792,0.0
2013-06-18,206,1,611.3,114.921875,1,403.23464912280696,inf,2352,all cumulative-window cuts are feasible,reachability_lower,0,12,0.0,241.94078947368422,0.0
2013-06-18,206,2,611.3,124.0625,1,435.30701754385956,inf,2352,all cumulative-window cuts are feasible,reachability_lower,0,12,0.0,261.1842105263158,0.0
2013-06-18,206,3,611.3,133.28125,1,467.6535087719298,inf,2352,all cumulative-window cuts are feasible,reachability_lower,0,12,0.0,280.5921052631579,0.0
2013-06-18,206,4,611.3,117.421875,1,412.0065789473684,inf,2352,all cumulative-window cuts are feasible,reachability_lower,0,12,0.0,247.20394736842107,0.0
2013-06-18,206,5,611.3,92.03125,1,322.91666666666663,inf,2352,all cumulative-window cuts are feasible,reachability_lower,0,12,0.0,193.75,0.0
2013-06-18,206,6,611.3,121.5625,1,426.5350877192982,inf,2352,all cumulative-window cuts are feasible,reachability_lower,0,12,0.0,255.92105263157896,0.0
2013-06-18,206,7,611.3,143.671875,1,504.1118421052631,inf,2352,all cumulative-window cuts are feasible,reachability_lower,0,12,0.0,302.4671052631579,0.0
2013-06-18,206,8,611.3,119.0625,1,417.76315789473676,inf,2352,all cumulative-window cuts are feasible,reachability_lower,0,12,0.0,250.6578947368421,0.0
2013-06-18,206,9,611.3,153.984375,1,540.296052631579,inf,2352,all cumulative-window cuts are feasible,reachability_lower,0,12,0.0,324.1776315789474,0.0
2013-06-19,207,0,611.3,159.921875,1,561.1293859649122,inf,2352,all cumulative-window cuts are feasible,reachability_lower,0,12,0.0,336.6776315789474,0.0
2013-06-19,207,1,611.3,156.5625,1,549.3421052631578,inf,2352,all cumulative-window cuts are feasible,reachability_lower,0,12,0.0,329.60526315789474,0.0
2013-06-19,207,2,611.3,153.90625,1,540.0219298245614,inf,2352,all cumulative-window cuts are feasible,reachability_lower,0,12,0.0,324.0131578947369,0.0
2013-06-19,207,3,611.3,157.34375,1,552.0833333333333,inf,2352,all cumulative-window cuts are feasible,reachability_lower,0,12,0.0,331.25,0.0
2013-06-19,207,4,611.3,152.65625,1,535.6359649122807,inf,2352,all cumulative-window cuts are feasible,reachability_lower,0,12,0.0,321.38157894736844,0.0
2013-06-19,207,5,611.3,146.015625,1,512.3355263157894,inf,2352,all cumulative-window cuts are feasible,reachability_lower,0,12,0.0,307.4013157894737,5.684341886080802e-14
2013-06-19,207,6,611.3,138.28125,1,485.1973684210526,inf,2352,all cumulative-window cuts are feasible,reachability_lower,0,12,0.0,291.1184210526316,0.0
2013-06-19,207,7,611.3,161.953125,1,568.2565789473683,inf,2352,all cumulative-window cuts are feasible,reachability_lower,0,12,0.0,340.95394736842104,0.0
2013-06-19,207,8,611.3,156.484375,1,549.0679824561403,inf,2352,all cumulative-window cuts are feasible,reachability_lower,0,12,0.0,329.4407894736842,0.0
2013-06-19,207,9,611.3,147.734375,1,518.3662280701753,inf,2352,all cumulative-window cuts are feasible,reachability_lower,0,12,0.0,311.01973684210526,0.0
2013-06-20,208,0,611.3,143.359375,1,503.0153508771929,inf,2352,all cumulative-window cuts are feasible,reachability_lower,0,12,0.0,301.8092105263158,0.0
2013-06-20,208,1,611.3,157.109375,1,551.2609649122807,inf,2352,all cumulative-window cuts are feasible,reachability_lower,0,12,0.0,330.75657894736844,0.0
2013-06-20,208,2,611.3,153.125,1,537.280701754386,inf,2352,all cumulative-window cuts are feasible,reachability_lower,0,12,0.0,322.3684210526316,0.0
2013-06-20,208,3,611.3,158.75,1,557.0175438596491,inf,2352,all cumulative-window cuts are feasible,reachability_lower,0,12,0.0,334.2105263157895,0.0
2013-06-20,208,4,611.3,154.6875,1,542.7631578947368,inf,2352,all cumulative-window cuts are feasible,reachability_lower,0,12,0.0,325.65789473684214,5.684341886080802e-14
2013-06-20,208,5,611.3,146.015625,1,512.3355263157894,inf,2352,all cumulative-window cuts are feasible,reachability_lower,0,12,0.0,307.4013157894737,5.684341886080802e-14
2013-06-20,208,6,611.3,157.03125,1,550.9868421052631,inf,2352,all cumulative-window cuts are feasible,reachability_lower,0,12,0.0,330.5921052631579,0.0
2013-06-20,208,7,611.3,161.796875,1,567.7083333333333,inf,2352,all cumulative-window cuts are feasible,reachability_lower,0,12,0.0,340.625,0.0
2013-06-20,208,8,611.3,152.578125,1,535.3618421052631,inf,2352,all cumulative-window cuts are feasible,reachability_lower,0,12,0.0,321.2171052631579,0.0
2013-06-20,208,9,611.3,159.140625,1,558.3881578947368,inf,2352,all cumulative-window cuts are feasible,reachability_lower,0,12,0.0,335.03289473684214,5.684341886080802e-14
2013-06-21,209,0,611.3,138.203125,1,484.923245614035,inf,2352,all cumulative-window cuts are feasible,reachability_lower,0,12,0.0,290.95394736842104,0.0
2013-06-21,209,1,611.3,148.671875,1,521.655701754386,inf,2352,all cumulative-window cuts are feasible,reachability_lower,0,12,0.0,312.9934210526316,0.0
2013-06-21,209,2,611.3,148.28125,1,520.2850877192982,inf,2352,all cumulative-window cuts are feasible,reachability_lower,0,12,0.0,312.17105263157896,0.0
2013-06-21,209,3,611.3,157.5,1,552.6315789473683,inf,2352,all cumulative-window cuts are feasible,reachability_lower,0,12,0.0,331.57894736842104,0.0
2013-06-21,209,4,611.3,150.9375,1,529.6052631578947,inf,2352,all cumulative-window cuts are feasible,reachability_lower,0,12,0.0,317.7631578947369,0.0
2013-06-21,209,5,611.3,149.765625,1,525.4934210526316,inf,2352,all cumulative-window cuts are feasible,reachability_lower,0,12,0.0,315.29605263157896,0.0
2013-06-21,209,6,611.3,146.09375,1,512.6096491228069,inf,2352,all cumulative-window cuts are feasible,reachability_lower,0,12,0.0,307.5657894736842,5.684341886080802e-14
2013-06-21,209,7,611.3,162.265625,1,569.3530701754386,inf,2352,all cumulative-window cuts are feasible,reachability_lower,0,12,0.0,341.6118421052632,0.0
2013-06-21,209,8,611.3,158.4375,1,555.921052631579,inf,2352,all cumulative-window cuts are feasible,reachability_lower,0,12,0.0,333.5526315789474,0.0
2013-06-21,209,9,611.3,156.09375,1,547.6973684210526,inf,2352,all cumulative-window cuts are feasible,reachability_lower,0,12,0.0,328.6184210526316,0.0
2013-06-22,210,0,611.3,156.25,1,548.2456140350877,inf,2352,all cumulative-window cuts are feasible,reachability_lower,0,12,0.0,328.94736842105266,0.0
2013-06-22,210,1,611.3,157.1875,1,551.5350877192982,inf,2352,all cumulative-window cuts are feasible,reachability_lower,0,12,0.0,330.92105263157896,0.0
2013-06-22,210,2,611.3,160.390625,1,562.7741228070174,inf,2352,all cumulative-window cuts are feasible,reachability_lower,0,12,0.0,337.6644736842105,0.0
2013-06-22,210,3,611.3,161.09375,1,565.2412280701753,inf,2352,all cumulative-window cuts are feasible,reachability_lower,0,12,0.0,339.14473684210526,0.0
2013-06-22,210,4,611.3,156.5625,1,549.3421052631578,inf,2352,all cumulative-window cuts are feasible,reachability_lower,0,12,0.0,329.60526315789474,0.0
2013-06-22,210,5,611.3,157.890625,1,554.0021929824561,inf,2352,all cumulative-window cuts are feasible,reachability_lower,0,12,0.0,332.4013157894737,0.0
2013-06-22,210,6,611.3,157.03125,1,550.9868421052631,inf,2352,all cumulative-window cuts are feasible,reachability_lower,0,12,0.0,330.5921052631579,0.0
2013-06-22,210,7,611.3,161.484375,1,566.6118421052631,inf,2352,all cumulative-window cuts are feasible,reachability_lower,0,12,0.0,339.9671052631579,0.0
2013-06-22,210,8,611.3,158.671875,1,556.7434210526316,inf,2352,all cumulative-window cuts are feasible,reachability_lower,0,12,0.0,334.04605263157896,0.0
2013-06-22,210,9,611.3,157.34375,1,552.0833333333333,inf,2352,all cumulative-window cuts are feasible,reachability_lower,0,12,0.0,331.25,0.0
2013-06-23,211,0,611.3,158.28125,1,555.3728070175439,inf,2352,all cumulative-window cuts are feasible,reachability_lower,0,12,0.0,333.22368421052636,0.0
2013-06-23,211,1,611.3,156.25,1,548.2456140350877,inf,2352,all cumulative-window cuts are feasible,reachability_lower,0,12,0.0,328.94736842105266,0.0
2013-06-23,211,2,611.3,161.328125,1,566.063596491228,inf,2352,all cumulative-window cuts are feasible,reachability_lower,0,12,0.0,339.6381578947369,0.0
2013-06-23,211,3,611.3,157.265625,1,551.8092105263157,inf,2352,all cumulative-window cuts are feasible,reachability_lower,0,12,0.0,331.0855263157895,0.0
2013-06-23,211,4,611.3,156.484375,1,549.0679824561403,inf,2352,all cumulative-window cuts are feasible,reachability_lower,0,12,0.0,329.4407894736842,0.0
2013-06-23,211,5,611.3,144.53125,1,507.1271929824561,inf,2352,all cumulative-window cuts are feasible,reachability_lower,0,12,0.0,304.2763157894737,0.0
2013-06-23,211,6,611.3,158.359375,1,555.6469298245614,inf,2352,all cumulative-window cuts are feasible,reachability_lower,0,12,0.0,333.3881578947369,0.0
2013-06-23,211,7,611.3,160.9375,1,564.6929824561403,inf,2352,all cumulative-window cuts are feasible,reachability_lower,0,12,0.0,338.8157894736842,0.0
2013-06-23,211,8,611.3,146.171875,1,512.8837719298244,inf,2352,all cumulative-window cuts are feasible,reachability_lower,0,12,0.0,307.73026315789474,5.684341886080802e-14
2013-06-23,211,9,611.3,161.171875,1,565.5153508771929,inf,2352,all cumulative-window cuts are feasible,reachability_lower,0,12,0.0,339.3092105263158,0.0
2013-06-24,212,0,611.3,134.21875,1,470.94298245614027,inf,2352,all cumulative-window cuts are feasible,reachability_lower,0,12,0.0,282.5657894736842,0.0
2013-06-24,212,1,611.3,155.859375,1,546.8749999999999,inf,2352,all cumulative-window cuts are feasible,reachability_lower,0,12,0.0,328.125,0.0
2013-06-24,212,2,611.3,150.234375,1,527.1381578947368,inf,2352,all cumulative-window cuts are feasible,reachability_lower,0,12,0.0,316.28289473684214,5.684341886080802e-14
2013-06-24,212,3,611.3,159.375,1,559.2105263157894,inf,2352,all cumulative-window cuts are feasible,reachability_lower,0,12,0.0,335.5263157894737,5.684341886080802e-14
2013-06-24,212,4,611.3,142.65625,1,500.548245614035,inf,2352,all cumulative-window cuts are feasible,reachability_lower,0,12,0.0,300.32894736842104,0.0
2013-06-24,212,5,611.3,152.578125,1,535.3618421052631,inf,2352,all cumulative-window cuts are feasible,reachability_lower,0,12,0.0,321.2171052631579,0.0
2013-06-24,212,6,611.3,147.1875,1,516.4473684210526,inf,2352,all cumulative-window cuts are feasible,reachability_lower,0,12,0.0,309.8684210526316,0.0
2013-06-24,212,7,611.3,156.171875,1,547.9714912280701,inf,2352,all cumulative-window cuts are feasible,reachability_lower,0,12,0.0,328.78289473684214,0.0
2013-06-24,212,8,611.3,159.921875,1,561.1293859649122,inf,2352,all cumulative-window cuts are feasible,reachability_lower,0,12,0.0,336.6776315789474,0.0
2013-06-24,212,9,611.3,157.5,1,552.6315789473683,inf,2352,all cumulative-window cuts are feasible,reachability_lower,0,12,0.0,331.57894736842104,0.0
2013-06-25,213,0,611.3,152.03125,1,533.4429824561403,inf,2352,all cumulative-window cuts are feasible,reachability_lower,0,12,0.0,320.0657894736842,0.0
2013-06-25,213,1,611.3,154.765625,1,543.0372807017543,inf,2352,all cumulative-window cuts are feasible,reachability_lower,0,12,0.0,325.82236842105266,5.684341886080802e-14
2013-06-25,213,2,611.3,160.3125,1,562.4999999999999,inf,2352,all cumulative-window cuts are feasible,reachability_lower,0,12,0.0,337.5,0.0
2013-06-25,213,3,611.3,158.59375,1,556.469298245614,inf,2352,all cumulative-window cuts are feasible,reachability_lower,0,12,0.0,333.88157894736844,0.0
2013-06-25,213,4,611.3,146.015625,1,512.3355263157894,inf,2352,all cumulative-window cuts are feasible,reachability_lower,0,12,0.0,307.4013157894737,5.684341886080802e-14
2013-06-25,213,5,611.3,157.03125,1,550.9868421052631,inf,2352,all cumulative-window cuts are feasible,reachability_lower,0,12,0.0,330.5921052631579,0.0
2013-06-25,213,6,611.3,153.28125,1,537.828947368421,inf,2352,all cumulative-window cuts are feasible,reachability_lower,0,12,0.0,322.69736842105266,0.0
2013-06-25,213,7,611.3,157.265625,1,551.8092105263157,inf,2352,all cumulative-window cuts are feasible,reachability_lower,0,12,0.0,331.0855263157895,0.0
2013-06-25,213,8,611.3,160.46875,1,563.048245614035,inf,2352,all cumulative-window cuts are feasible,reachability_lower,0,12,0.0,337.82894736842104,0.0
2013-06-25,213,9,611.3,161.09375,1,565.2412280701753,inf,2352,all cumulative-window cuts are feasible,reachability_lower,0,12,0.0,339.14473684210526,0.0
2013-06-26,214,0,611.3,157.96875,1,554.2763157894736,inf,2352,all cumulative-window cuts are feasible,reachability_lower,0,12,0.0,332.5657894736842,0.0
2013-06-26,214,1,611.3,156.25,1,548.2456140350877,inf,2352,all cumulative-window cuts are feasible,reachability_lower,0,12,0.0,328.94736842105266,0.0
2013-06-26,214,2,611.3,157.65625,1,553.1798245614035,inf,2352,all cumulative-window cuts are feasible,reachability_lower,0,12,0.0,331.90789473684214,0.0
2013-06-26,214,3,611.3,158.515625,1,556.1951754385965,inf,2352,all cumulative-window cuts are feasible,reachability_lower,0,12,0.0,333.7171052631579,0.0
2013-06-26,214,4,611.3,140.9375,1,494.51754385964904,inf,2352,all cumulative-window cuts are feasible,reachability_lower,0,12,0.0,296.7105263157895,0.0
2013-06-26,214,5,611.3,156.484375,1,549.0679824561403,inf,2352,all cumulative-window cuts are feasible,reachability_lower,0,12,0.0,329.4407894736842,0.0
2013-06-26,214,6,611.3,144.921875,1,508.49780701754383,inf,2352,all cumulative-window cuts are feasible,reachability_lower,0,12,0.0,305.09868421052636,0.0
2013-06-26,214,7,611.3,162.109375,1,568.8048245614035,inf,2352,all cumulative-window cuts are feasible,reachability_lower,0,12,0.0,341.28289473684214,0.0
2013-06-26,214,8,611.3,158.515625,1,556.1951754385965,inf,2352,all cumulative-window cuts are feasible,reachability_lower,0,12,0.0,333.7171052631579,0.0
2013-06-26,214,9,611.3,159.296875,1,558.9364035087718,inf,2352,all cumulative-window cuts are feasible,reachability_lower,0,12,0.0,335.3618421052632,5.684341886080802e-14
2013-06-27,215,0,611.3,155.3125,1,544.9561403508771,inf,2352,all cumulative-window cuts are feasible,reachability_lower,0,12,0.0,326.97368421052636,0.0
2013-06-27,215,1,611.3,158.359375,1,555.6469298245614,inf,2352,all cumulative-window cuts are feasible,reachability_lower,0,12,0.0,333.3881578947369,0.0
2013-06-27,215,2,611.3,158.046875,1,554.5504385964912,inf,2352,all cumulative-window cuts are feasible,reachability_lower,0,12,0.0,332.73026315789474,0.0
2013-06-27,215,3,611.3,158.90625,1,557.5657894736842,inf,2352,all cumulative-window cuts are feasible,reachability_lower,0,12,0.0,334.5394736842105,0.0
2013-06-27,215,4,611.3,143.59375,1,503.8377192982456,inf,2352,all cumulative-window cuts are feasible,reachability_lower,0,12,0.0,302.3026315789474,0.0
2013-06-27,215,5,611.3,158.4375,1,555.921052631579,inf,2352,all cumulative-window cuts are feasible,reachability_lower,0,12,0.0,333.5526315789474,0.0
2013-06-27,215,6,611.3,154.84375,1,543.3114035087718,inf,2352,all cumulative-window cuts are feasible,reachability_lower,0,12,0.0,325.9868421052632,5.684341886080802e-14
2013-06-27,215,7,611.3,163.75,1,574.5614035087718,inf,2352,all cumulative-window cuts are feasible,reachability_lower,0,12,0.0,344.7368421052632,5.684341886080802e-14
2013-06-27,215,8,611.3,157.34375,1,552.0833333333333,inf,2352,all cumulative-window cuts are feasible,reachability_lower,0,12,0.0,331.25,0.0
2013-06-27,215,9,611.3,160.703125,1,563.8706140350877,inf,2352,all cumulative-window cuts are feasible,reachability_lower,0,12,0.0,338.32236842105266,0.0
2013-06-28,216,0,611.3,158.515625,1,556.1951754385965,inf,2352,all cumulative-window cuts are feasible,reachability_lower,0,12,0.0,333.7171052631579,0.0
2013-06-28,216,1,611.3,148.671875,1,521.655701754386,inf,2352,all cumulative-window cuts are feasible,reachability_lower,0,12,0.0,312.9934210526316,0.0
2013-06-28,216,2,611.3,159.140625,1,558.3881578947368,inf,2352,all cumulative-window cuts are feasible,reachability_lower,0,12,0.0,335.03289473684214,5.684341886080802e-14
2013-06-28,216,3,611.3,158.28125,1,555.3728070175439,inf,2352,all cumulative-window cuts are feasible,reachability_lower,0,12,0.0,333.22368421052636,0.0
2013-06-28,216,4,611.3,150.46875,1,527.9605263157894,inf,2352,all cumulative-window cuts are feasible,reachability_lower,0,12,0.0,316.7763157894737,5.684341886080802e-14
2013-06-28,216,5,611.3,146.71875,1,514.8026315789473,inf,2352,all cumulative-window cuts are feasible,reachability_lower,0,12,0.0,308.88157894736844,0.0
2013-06-28,216,6,611.3,152.96875,1,536.7324561403508,inf,2352,all cumulative-window cuts are feasible,reachability_lower,0,12,0.0,322.0394736842105,0.0
2013-06-28,216,7,611.3,160.078125,1,561.6776315789473,inf,2352,all cumulative-window cuts are feasible,reachability_lower,0,12,0.0,337.00657894736844,0.0
2013-06-28,216,8,611.3,158.203125,1,555.0986842105262,inf,2352,all cumulative-window cuts are feasible,reachability_lower,0,12,0.0,333.0592105263158,0.0
2013-06-28,216,9,611.3,161.484375,1,566.6118421052631,inf,2352,all cumulative-window cuts are feasible,reachability_lower,0,12,0.0,339.9671052631579,0.0
2013-06-29,217,0,611.3,160.625,1,563.5964912280701,inf,2352,all cumulative-window cuts are feasible,reachability_lower,0,12,0.0,338.15789473684214,0.0
2013-06-29,217,1,611.3,156.640625,1,549.6162280701753,inf,2352,all cumulative-window cuts are feasible,reachability_lower,0,12,0.0,329.76973684210526,0.0
2013-06-29,217,2,611.3,159.53125,1,559.7587719298244,inf,2352,all cumulative-window cuts are feasible,reachability_lower,0,12,0.0,335.85526315789474,5.684341886080802e-14
2013-06-29,217,3,611.3,159.609375,1,560.032894736842,inf,2352,all cumulative-window cuts are feasible,reachability_lower,0,12,0.0,336.01973684210526,5.684341886080802e-14
2013-06-29,217,4,611.3,156.71875,1,549.8903508771929,inf,2352,all cumulative-window cuts are feasible,reachability_lower,0,12,0.0,329.9342105263158,0.0
2013-06-29,217,5,611.3,146.484375,1,513.9802631578947,inf,2352,all cumulative-window cuts are feasible,reachability_lower,0,12,0.0,308.3881578947369,0.0
2013-06-29,217,6,611.3,156.875,1,550.438596491228,inf,2352,all cumulative-window cuts are feasible,reachability_lower,0,12,0.0,330.2631578947369,0.0
2013-06-29,217,7,611.3,164.375,1,576.7543859649122,inf,2352,all cumulative-window cuts are feasible,reachability_lower,0,12,0.0,346.0526315789474,0.0
2013-06-29,217,8,611.3,156.796875,1,550.1644736842105,inf,2352,all cumulative-window cuts are feasible,reachability_lower,0,12,0.0,330.09868421052636,0.0
2013-06-29,217,9,611.3,160.9375,1,564.6929824561403,inf,2352,all cumulative-window cuts are feasible,reachability_lower,0,12,0.0,338.8157894736842,0.0
2013-06-30,218,0,611.3,158.125,1,554.8245614035087,inf,2352,all cumulative-window cuts are feasible,reachability_lower,0,12,0.0,332.89473684210526,0.0
2013-06-30,218,1,611.3,151.015625,1,529.8793859649122,inf,2352,all cumulative-window cuts are feasible,reachability_lower,0,12,0.0,317.9276315789474,0.0
2013-06-30,218,2,611.3,155.9375,1,547.1491228070174,inf,2352,all cumulative-window cuts are feasible,reachability_lower,0,12,0.0,328.2894736842105,0.0
2013-06-30,218,3,611.3,160.390625,1,562.7741228070174,inf,2352,all cumulative-window cuts are feasible,reachability_lower,0,12,0.0,337.6644736842105,0.0
2013-06-30,218,4,611.3,156.015625,1,547.423245614035,inf,2352,all cumulative-window cuts are feasible,reachability_lower,0,12,0.0,328.45394736842104,0.0
2013-06-30,218,5,611.3,141.875,1,497.80701754385956,inf,2352,all cumulative-window cuts are feasible,reachability_lower,0,12,0.0,298.6842105263158,0.0
2013-06-30,218,6,611.3,157.734375,1,553.453947368421,inf,2352,all cumulative-window cuts are feasible,reachability_lower,0,12,0.0,332.07236842105266,0.0
2013-06-30,218,7,611.3,162.265625,1,569.3530701754386,inf,2352,all cumulative-window cuts are feasible,reachability_lower,0,12,0.0,341.6118421052632,0.0
2013-06-30,218,8,611.3,156.640625,1,549.6162280701753,inf,2352,all cumulative-window cuts are feasible,reachability_lower,0,12,0.0,329.76973684210526,0.0
2013-06-30,218,9,611.3,158.90625,1,557.5657894736842,inf,2352,all cumulative-window cuts are feasible,reachability_lower,0,12,0.0,334.5394736842105,0.0
2012-07-01,0,0,634.1,174.375,1,611.8421052631578,inf,2352,all cumulative-window cuts are feasible,reachability_lower,0,12,0.0,367.10526315789474,0.0
2012-07-01,0,1,634.1,172.34375,1,604.7149122807017,inf,2352,all cumulative-window cuts are feasible,reachability_lower,0,12,0.0,362.8289473684211,0.0
2012-07-01,0,2,634.1,177.890625,1,624.1776315789473,inf,2352,all cumulative-window cuts are feasible,reachability_lower,0,12,0.0,374.50657894736844,0.0
2012-07-01,0,3,634.1,173.90625,1,610.1973684210526,inf,2352,all cumulative-window cuts are feasible,reachability_lower,0,12,0.0,366.1184210526316,0.0
2012-07-01,0,4,634.1,177.03125,1,621.1622807017543,inf,2352,all cumulative-window cuts are feasible,reachability_lower,0,12,0.0,372.69736842105266,0.0
2012-07-01,0,5,634.1,168.359375,1,590.7346491228069,inf,2352,all cumulative-window cuts are feasible,reachability_lower,0,12,0.0,354.4407894736842,0.0
2012-07-01,0,6,634.1,184.921875,1,648.8486842105262,inf,2352,all cumulative-window cuts are feasible,reachability_lower,0,12,0.0,389.3092105263158,0.0
2012-07-01,0,7,634.1,181.328125,1,636.2390350877192,inf,2352,all cumulative-window cuts are feasible,reachability_lower,0,12,0.0,381.7434210526316,0.0
2012-07-01,0,8,634.1,175.390625,1,615.405701754386,inf,2352,all cumulative-window cuts are feasible,reachability_lower,0,12,0.0,369.2434210526316,0.0
2012-07-01,0,9,634.1,187.578125,1,658.1688596491227,inf,2352,all cumulative-window cuts are feasible,reachability_lower,0,12,0.0,394.9013157894737,0.0
2012-07-02,1,0,634.1,137.8125,1,483.55263157894734,inf,2352,all cumulative-window cuts are feasible,reachability_lower,0,12,0.0,290.13157894736844,0.0
2012-07-02,1,1,634.1,160.390625,1,562.7741228070174,inf,2352,all cumulative-window cuts are feasible,reachability_lower,0,12,0.0,337.6644736842105,0.0
2012-07-02,1,2,634.1,174.6875,1,612.938596491228,inf,2352,all cumulative-window cuts are feasible,reachability_lower,0,12,0.0,367.7631578947369,0.0
2012-07-02,1,3,634.1,173.515625,1,608.8267543859648,inf,2352,all cumulative-window cuts are feasible,reachability_lower,0,12,0.0,365.29605263157896,0.0
2012-07-02,1,4,634.1,175.3125,1,615.1315789473684,inf,2352,all cumulative-window cuts are feasible,reachability_lower,0,12,0.0,369.0789473684211,0.0
2012-07-02,1,5,634.1,148.75,1,521.9298245614035,inf,2352,all cumulative-window cuts are feasible,reachability_lower,0,12,0.0,313.15789473684214,0.0
2012-07-02,1,6,634.1,172.1875,1,604.1666666666666,inf,2352,all cumulative-window cuts are feasible,reachability_lower,0,12,0.0,362.5,-5.684341886080802e-14
2012-07-02,1,7,634.1,154.84375,1,543.3114035087718,inf,2352,all cumulative-window cuts are feasible,reachability_lower,0,12,0.0,325.9868421052632,5.684341886080802e-14
2012-07-02,1,8,634.1,174.375,1,611.8421052631578,inf,2352,all cumulative-window cuts are feasible,reachability_lower,0,12,0.0,367.10526315789474,0.0
2012-07-02,1,9,634.1,173.359375,1,608.2785087719298,inf,2352,all cumulative-window cuts are feasible,reachability_lower,0,12,0.0,364.9671052631579,0.0
2012-07-03,2,0,634.1,137.34375,1,481.907894736842,inf,2352,all cumulative-window cuts are feasible,reachability_lower,0,12,0.0,289.14473684210526,0.0
2012-07-03,2,1,634.1,163.90625,1,575.1096491228069,inf,2352,all cumulative-window cuts are feasible,reachability_lower,0,12,0.0,345.0657894736842,5.684341886080802e-14
2012-07-03,2,2,634.1,118.203125,1,414.74780701754383,inf,2352,all cumulative-window cuts are feasible,reachability_lower,0,12,0.0,248.84868421052633,0.0
2012-07-03,2,3,634.1,154.6875,1,542.7631578947368,inf,2352,all cumulative-window cuts are feasible,reachability_lower,0,12,0.0,325.65789473684214,5.684341886080802e-14
2012-07-03,2,4,634.1,177.734375,1,623.6293859649122,inf,2352,all cumulative-window cuts are feasible,reachability_lower,0,12,0.0,374.1776315789474,0.0
2012-07-03,2,5,634.1,154.296875,1,541.3925438596491,inf,2352,all cumulative-window cuts are feasible,reachability_lower,0,12,0.0,324.8355263157895,0.0
2012-07-03,2,6,634.1,155.78125,1,546.6008771929824,inf,2352,all cumulative-window cuts are feasible,reachability_lower,0,12,0.0,327.9605263157895,0.0
2012-07-03,2,7,634.1,175.703125,1,616.5021929824561,inf,2352,all cumulative-window cuts are feasible,reachability_lower,0,12,0.0,369.9013157894737,0.0
2012-07-03,2,8,634.1,130.625,1,458.33333333333326,inf,2352,all cumulative-window cuts are feasible,reachability_lower,0,12,0.0,275.0,0.0
2012-07-03,2,9,634.1,147.1875,1,516.4473684210526,inf,2352,all cumulative-window cuts are feasible,reachability_lower,0,12,0.0,309.8684210526316,0.0
2012-07-04,3,0,634.1,162.421875,1,569.9013157894736,inf,2352,all cumulative-window cuts are feasible,reachability_lower,0,12,0.0,341.9407894736842,0.0
2012-07-04,3,1,634.1,170.46875,1,598.1359649122807,inf,2352,all cumulative-window cuts are feasible,reachability_lower,0,12,0.0,358.88157894736844,0.0
2012-07-04,3,2,634.1,136.71875,1,479.71491228070164,inf,2352,all cumulative-window cuts are feasible,reachability_lower,0,12,0.0,287.82894736842104,0.0
2012-07-04,3,3,634.1,181.484375,1,636.7872807017543,inf,2352,all cumulative-window cuts are feasible,reachability_lower,0,12,0.0,382.07236842105266,0.0
2012-07-04,3,4,634.1,180.546875,1,633.4978070175439,inf,2352,all cumulative-window cuts are feasible,reachability_lower,0,12,0.0,380.09868421052636,-5.684341886080802e-14
2012-07-04,3,5,634.1,174.21875,1,611.2938596491227,inf,2352,all cumulative-window cuts are feasible,reachability_lower,0,12,0.0,366.7763157894737,0.0
2012-07-04,3,6,634.1,184.765625,1,648.3004385964912,inf,2352,all cumulative-window cuts are feasible,reachability_lower,0,12,0.0,388.98026315789474,0.0
2012-07-04,3,7,634.1,191.09375,1,670.5043859649122,inf,2352,all cumulative-window cuts are feasible,reachability_lower,0,12,0.0,402.3026315789474,0.0
2012-07-04,3,8,634.1,159.53125,1,559.7587719298244,inf,2352,all cumulative-window cuts are feasible,reachability_lower,0,12,0.0,335.85526315789474,5.684341886080802e-14
2012-07-04,3,9,634.1,167.578125,1,587.9934210526316,inf,2352,all cumulative-window cuts are feasible,reachability_lower,0,12,0.0,352.79605263157896,-5.684341886080802e-14
2012-07-05,4,0,634.1,174.84375,1,613.4868421052631,inf,2352,all cumulative-window cuts are feasible,reachability_lower,0,12,0.0,368.0921052631579,0.0
2012-07-05,4,1,634.1,177.65625,1,623.3552631578947,inf,2352,all cumulative-window cuts are feasible,reachability_lower,0,12,0.0,374.0131578947369,0.0
2012-07-05,4,2,634.1,156.25,1,548.2456140350877,inf,2352,all cumulative-window cuts are feasible,reachability_lower,0,12,0.0,328.94736842105266,0.0
2012-07-05,4,3,634.1,165.9375,1,582.2368421052631,inf,2352,all cumulative-window cuts are feasible,reachability_lower,0,12,0.0,349.3421052631579,0.0
2012-07-05,4,4,634.1,180.390625,1,632.9495614035087,inf,2352,all cumulative-window cuts are feasible,reachability_lower,0,12,0.0,379.76973684210526,0.0
2012-07-05,4,5,634.1,163.59375,1,574.0131578947368,inf,2352,all cumulative-window cuts are feasible,reachability_lower,0,12,0.0,344.40789473684214,5.684341886080802e-14
2012-07-05,4,6,634.1,164.6875,1,577.8508771929824,inf,2352,all cumulative-window cuts are feasible,reachability_lower,0,12,0.0,346.7105263157895,0.0
2012-07-05,4,7,634.1,184.6875,1,648.0263157894736,inf,2352,all cumulative-window cuts are feasible,reachability_lower,0,12,0.0,388.8157894736842,0.0
2012-07-05,4,8,634.1,170.390625,1,597.8618421052631,inf,2352,all cumulative-window cuts are feasible,reachability_lower,0,12,0.0,358.7171052631579,0.0
2012-07-05,4,9,634.1,179.375,1,629.3859649122807,inf,2352,all cumulative-window cuts are feasible,reachability_lower,0,12,0.0,377.63157894736844,0.0
2012-07-06,5,0,634.1,179.140625,1,628.563596491228,inf,2352,all cumulative-window cuts are feasible,reachability_lower,0,12,0.0,377.1381578947369,0.0
2012-07-06,5,1,634.1,172.03125,1,603.6184210526316,inf,2352,all cumulative-window cuts are feasible,reachability_lower,0,12,0.0,362.17105263157896,-5.684341886080802e-14
2012-07-06,5,2,634.1,172.265625,1,604.4407894736842,inf,2352,all cumulative-window cuts are feasible,reachability_lower,0,12,0.0,362.6644736842105,-5.684341886080802e-14
2012-07-06,5,3,634.1,177.578125,1,623.0811403508771,inf,2352,all cumulative-window cuts are feasible,reachability_lower,0,12,0.0,373.84868421052636,0.0
2012-07-06,5,4,634.1,176.171875,1,618.1469298245614,inf,2352,all cumulative-window cuts are feasible,reachability_lower,0,12,0.0,370.8881578947369,-5.684341886080802e-14
2012-07-06,5,5,634.1,173.75,1,609.6491228070174,inf,2352,all cumulative-window cuts are feasible,reachability_lower,0,12,0.0,365.7894736842105,0.0
2012-07-06,5,6,634.1,185.703125,1,651.5899122807017,inf,2352,all cumulative-window cuts are feasible,reachability_lower,0,12,0.0,390.9539473684211,0.0
2012-07-06,5,7,634.1,198.359375,1,695.9978070175438,inf,2352,all cumulative-window cuts are feasible,reachability_lower,0,12,0.0,417.59868421052636,5.684341886080802e-14
2012-07-06,5,8,634.1,187.03125,1,656.2499999999999,inf,2352,all cumulative-window cuts are feasible,reachability_lower,0,12,0.0,393.75,0.0
2012-07-06,5,9,634.1,170.46875,1,598.1359649122807,inf,2352,all cumulative-window cuts are feasible,reachability_lower,0,12,0.0,358.88157894736844,0.0
2012-07-07,6,0,634.1,173.984375,1,610.4714912280701,inf,2352,all cumulative-window cuts are feasible,reachability_lower,0,12,0.0,366.28289473684214,0.0
2012-07-07,6,1,634.1,174.296875,1,611.5679824561403,inf,2352,all cumulative-window cuts are feasible,reachability_lower,0,12,0.0,366.9407894736842,0.0
2012-07-07,6,2,634.1,178.828125,1,627.4671052631578,inf,2352,all cumulative-window cuts are feasible,reachability_lower,0,12,0.0,376.48026315789474,0.0
2012-07-07,6,3,634.1,175.546875,1,615.953947368421,inf,2352,all cumulative-window cuts are feasible,reachability_lower,0,12,0.0,369.57236842105266,0.0
2012-07-07,6,4,634.1,176.796875,1,620.3399122807017,inf,2352,all cumulative-window cuts are feasible,reachability_lower,0,12,0.0,372.2039473684211,0.0
2012-07-07,6,5,634.1,168.828125,1,592.3793859649122,inf,2352,all cumulative-window cuts are feasible,reachability_lower,0,12,0.0,355.4276315789474,0.0
2012-07-07,6,6,634.1,186.328125,1,653.782894736842,inf,2352,all cumulative-window cuts are feasible,reachability_lower,0,12,0.0,392.26973684210526,0.0
2012-07-07,6,7,634.1,195.859375,1,687.2258771929824,inf,2352,all cumulative-window cuts are feasible,reachability_lower,0,12,0.0,412.3355263157895,0.0
2012-07-07,6,8,634.1,177.65625,1,623.3552631578947,inf,2352,all cumulative-window cuts are feasible,reachability_lower,0,12,0.0,374.0131578947369,0.0
2012-07-07,6,9,634.1,171.5625,1,601.9736842105262,inf,2352,all cumulative-window cuts are feasible,reachability_lower,0,12,0.0,361.1842105263158,0.0
2012-07-08,7,0,634.1,121.25,1,425.438596491228,inf,2352,all cumulative-window cuts are feasible,reachability_lower,0,12,0.0,255.26315789473685,0.0
2012-07-08,7,1,634.1,141.40625,1,496.16228070175436,inf,2352,all cumulative-window cuts are feasible,reachability_lower,0,12,0.0,297.69736842105266,0.0
2012-07-08,7,2,634.1,167.265625,1,586.8969298245614,inf,2352,all cumulative-window cuts are feasible,reachability_lower,0,12,0.0,352.1381578947369,-5.684341886080802e-14
2012-07-08,7,3,634.1,153.28125,1,537.828947368421,inf,2352,all cumulative-window cuts are feasible,reachability_lower,0,12,0.0,322.69736842105266,0.0
2012-07-08,7,4,634.1,170.546875,1,598.4100877192982,inf,2352,all cumulative-window cuts are feasible,reachability_lower,0,12,0.0,359.04605263157896,0.0
2012-07-08,7,5,634.1,159.765625,1,560.5811403508771,inf,2352,all cumulative-window cuts are feasible,reachability_lower,0,12,0.0,336.34868421052636,0.0
2012-07-08,7,6,634.1,166.875,1,585.5263157894736,inf,2352,all cumulative-window cuts are feasible,reachability_lower,0,12,0.0,351.3157894736842,0.0
2012-07-08,7,7,634.1,174.21875,1,611.2938596491227,inf,2352,all cumulative-window cuts are feasible,reachability_lower,0,12,0.0,366.7763157894737,0.0
2012-07-08,7,8,634.1,173.125,1,607.4561403508771,inf,2352,all cumulative-window cuts are feasible,reachability_lower,0,12,0.0,364.47368421052636,0.0
2012-07-08,7,9,634.1,172.65625,1,605.8114035087718,inf,2352,all cumulative-window cuts are feasible,reachability_lower,0,12,0.0,363.4868421052632,0.0
2012-07-09,8,0,634.1,158.4375,1,555.921052631579,inf,2352,all cumulative-window cuts are feasible,reachability_lower,0,12,0.0,333.5526315789474,0.0
2012-07-09,8,1,634.1,160.3125,1,562.4999999999999,inf,2352,all cumulative-window cuts are feasible,reachability_lower,0,12,0.0,337.5,0.0
2012-07-09,8,2,634.1,151.328125,1,530.9758771929824,inf,2352,all cumulative-window cuts are feasible,reachability_lower,0,12,0.0,318.5855263157895,0.0
2012-07-09,8,3,634.1,165.234375,1,579.7697368421052,inf,2352,all cumulative-window cuts are feasible,reachability_lower,0,12,0.0,347.8618421052632,0.0
2012-07-09,8,4,634.1,159.53125,1,559.7587719298244,inf,2352,all cumulative-window cuts are feasible,reachability_lower,0,12,0.0,335.85526315789474,5.684341886080802e-14
2012-07-09,8,5,634.1,142.8125,1,501.09649122807014,inf,2352,all cumulative-window cuts are feasible,reachability_lower,0,12,0.0,300.65789473684214,0.0
2012-07-09,8,6,634.1,145.46875,1,510.4166666666666,inf,2352,all cumulative-window cuts are feasible,reachability_lower,0,12,0.0,306.25,0.0
2012-07-09,8,7,634.1,170.859375,1,599.5065789473684,inf,2352,all cumulative-window cuts are feasible,reachability_lower,0,12,0.0,359.7039473684211,0.0
2012-07-09,8,8,634.1,155.15625,1,544.407894736842,inf,2352,all cumulative-window cuts are feasible,reachability_lower,0,12,0.0,326.64473684210526,5.684341886080802e-14
2012-07-09,8,9,634.1,133.671875,1,469.0241228070175,inf,2352,all cumulative-window cuts are feasible,reachability_lower,0,12,0.0,281.4144736842105,0.0
2012-07-10,9,0,634.1,169.453125,1,594.5723684210526,inf,2352,all cumulative-window cuts are feasible,reachability_lower,0,12,0.0,356.7434210526316,0.0
2012-07-10,9,1,634.1,170.546875,1,598.4100877192982,inf,2352,all cumulative-window cuts are feasible,reachability_lower,0,12,0.0,359.04605263157896,0.0
2012-07-10,9,2,634.1,148.515625,1,521.1074561403508,inf,2352,all cumulative-window cuts are feasible,reachability_lower,0,12,0.0,312.6644736842105,0.0
2012-07-10,9,3,634.1,172.03125,1,603.6184210526316,inf,2352,all cumulative-window cuts are feasible,reachability_lower,0,12,0.0,362.17105263157896,-5.684341886080802e-14
2012-07-10,9,4,634.1,170.390625,1,597.8618421052631,inf,2352,all cumulative-window cuts are feasible,reachability_lower,0,12,0.0,358.7171052631579,0.0
2012-07-10,9,5,634.1,149.765625,1,525.4934210526316,inf,2352,all cumulative-window cuts are feasible,reachability_lower,0,12,0.0,315.29605263157896,0.0
2012-07-10,9,6,634.1,174.140625,1,611.0197368421052,inf,2352,all cumulative-window cuts are feasible,reachability_lower,0,12,0.0,366.6118421052632,0.0
2012-07-10,9,7,634.1,169.921875,1,596.2171052631578,inf,2352,all cumulative-window cuts are feasible,reachability_lower,0,12,0.0,357.73026315789474,0.0
2012-07-10,9,8,634.1,168.203125,1,590.1864035087718,inf,2352,all cumulative-window cuts are feasible,reachability_lower,0,12,0.0,354.1118421052632,0.0
2012-07-10,9,9,634.1,163.671875,1,574.2872807017543,inf,2352,all cumulative-window cuts are feasible,reachability_lower,0,12,0.0,344.57236842105266,5.684341886080802e-14
2012-07-11,10,0,634.1,128.28125,1,450.10964912280696,inf,2352,all cumulative-window cuts are feasible,reachability_lower,0,12,0.0,270.0657894736842,0.0
2012-07-11,10,1,634.1,169.6875,1,595.3947368421052,inf,2352,all cumulative-window cuts are feasible,reachability_lower,0,12,0.0,357.2368421052632,0.0
2012-07-11,10,2,634.1,123.28125,1,432.56578947368416,inf,2352,all cumulative-window cuts are feasible,reachability_lower,0,12,0.0,259.5394736842105,0.0
2012-07-11,10,3,634.1,153.359375,1,538.1030701754386,inf,2352,all cumulative-window cuts are feasible,reachability_lower,0,12,0.0,322.8618421052632,0.0
2012-07-11,10,4,634.1,166.484375,1,584.155701754386,inf,2352,all cumulative-window cuts are feasible,reachability_lower,0,12,0.0,350.4934210526316,0.0
2012-07-11,10,5,634.1,108.4375,1,380.48245614035085,inf,2352,all cumulative-window cuts are feasible,reachability_lower,0,12,0.0,228.28947368421055,0.0
2012-07-11,10,6,634.1,142.8125,1,501.09649122807014,inf,2352,all cumulative-window cuts are feasible,reachability_lower,0,12,0.0,300.65789473684214,0.0
2012-07-11,10,7,634.1,152.109375,1,533.7171052631578,inf,2352,all cumulative-window cuts are feasible,reachability_lower,0,12,0.0,320.23026315789474,0.0
2012-07-11,10,8,634.1,138.828125,1,487.11622807017534,inf,2352,all cumulative-window cuts are feasible,reachability_lower,0,12,0.0,292.26973684210526,0.0
2012-07-11,10,9,634.1,146.5625,1,514.2543859649122,inf,2352,all cumulative-window cuts are feasible,reachability_lower,0,12,0.0,308.5526315789474,0.0
2012-07-12,11,0,634.1,182.578125,1,640.6249999999999,inf,2352,all cumulative-window cuts are feasible,reachability_lower,0,12,0.0,384.375,0.0
2012-07-12,11,1,634.1,175.078125,1,614.3092105263157,inf,2352,all cumulative-window cuts are feasible,reachability_lower,0,12,0.0,368.5855263157895,0.0
2012-07-12,11,2,634.1,181.71875,1,637.6096491228069,inf,2352,all cumulative-window cuts are feasible,reachability_lower,0,12,0.0,382.5657894736842,0.0
2012-07-12,11,3,634.1,181.640625,1,637.3355263157894,inf,2352,all cumulative-window cuts are feasible,reachability_lower,0,12,0.0,382.4013157894737,0.0
2012-07-12,11,4,634.1,177.03125,1,621.1622807017543,inf,2352,all cumulative-window cuts are feasible,reachability_lower,0,12,0.0,372.69736842105266,0.0
2012-07-12,11,5,634.1,184.609375,1,647.7521929824561,inf,2352,all cumulative-window cuts are feasible,reachability_lower,0,12,0.0,388.6513157894737,0.0
2012-07-12,11,6,634.1,185.15625,1,649.6710526315788,inf,2352,all cumulative-window cuts are feasible,reachability_lower,0,12,0.0,389.8026315789474,5.684341886080802e-14
2012-07-12,11,7,634.1,180.546875,1,633.4978070175439,inf,2352,all cumulative-window cuts are feasible,reachability_lower,0,12,0.0,380.09868421052636,-5.684341886080802e-14
2012-07-12,11,8,634.1,180.234375,1,632.4013157894736,inf,2352,all cumulative-window cuts are feasible,reachability_lower,0,12,0.0,379.4407894736842,0.0
2012-07-12,11,9,634.1,178.046875,1,624.7258771929824,inf,2352,all cumulative-window cuts are feasible,reachability_lower,0,12,0.0,374.8355263157895,0.0
2012-07-13,12,0,634.1,175.390625,1,615.405701754386,inf,2352,all cumulative-window cuts are feasible,reachability_lower,0,12,0.0,369.2434210526316,0.0
2012-07-13,12,1,634.1,164.6875,1,577.8508771929824,inf,2352,all cumulative-window cuts are feasible,reachability_lower,0,12,0.0,346.7105263157895,0.0
2012-07-13,12,2,634.1,173.125,1,607.4561403508771,inf,2352,all cumulative-window cuts are feasible,reachability_lower,0,12,0.0,364.47368421052636,0.0
2012-07-13,12,3,634.1,174.53125,1,612.3903508771929,inf,2352,all cumulative-window cuts are feasible,reachability_lower,0,12,0.0,367.4342105263158,0.0
2012-07-13,12,4,634.1,166.09375,1,582.7850877192982,inf,2352,all cumulative-window cuts are feasible,reachability_lower,0,12,0.0,349.67105263157896,0.0
2012-07-13,12,5,634.1,143.75,1,504.38596491228066,inf,2352,all cumulative-window cuts are feasible,reachability_lower,0,12,0.0,302.63157894736844,0.0
2012-07-13,12,6,634.1,180.9375,1,634.8684210526316,inf,2352,all cumulative-window cuts are feasible,reachability_lower,0,12,0.0,380.92105263157896,-5.684341886080802e-14
2012-07-13,12,7,634.1,179.296875,1,629.1118421052631,inf,2352,all cumulative-window cuts are feasible,reachability_lower,0,12,0.0,377.4671052631579,0.0
2012-07-13,12,8,634.1,179.6875,1,630.4824561403508,inf,2352,all cumulative-window cuts are feasible,reachability_lower,0,12,0.0,378.2894736842105,0.0
2012-07-13,12,9,634.1,152.03125,1,533.4429824561403,inf,2352,all cumulative-window cuts are feasible,reachability_lower,0,12,0.0,320.0657894736842,0.0
2012-07-14,13,0,634.1,132.03125,1,463.26754385964904,inf,2352,all cumulative-window cuts are feasible,reachability_lower,0,12,0.0,277.9605263157895,0.0
2012-07-14,13,1,634.1,143.203125,1,502.4671052631578,inf,2352,all cumulative-window cuts are feasible,reachability_lower,0,12,0.0,301.48026315789474,0.0
2012-07-14,13,2,634.1,140.15625,1,491.77631578947364,inf,2352,all cumulative-window cuts are feasible,reachability_lower,0,12,0.0,295.0657894736842,0.0
2012-07-14,13,3,634.1,172.5,1,605.2631578947368,inf,2352,all cumulative-window cuts are feasible,reachability_lower,0,12,0.0,363.15789473684214,0.0
2012-07-14,13,4,634.1,158.75,1,557.0175438596491,inf,2352,all cumulative-window cuts are feasible,reachability_lower,0,12,0.0,334.2105263157895,0.0
2012-07-14,13,5,634.1,131.171875,1,460.2521929824561,inf,2352,all cumulative-window cuts are feasible,reachability_lower,0,12,0.0,276.1513157894737,0.0
2012-07-14,13,6,634.1,173.4375,1,608.5526315789473,inf,2352,all cumulative-window cuts are feasible,reachability_lower,0,12,0.0,365.13157894736844,0.0
2012-07-14,13,7,634.1,141.71875,1,497.2587719298245,inf,2352,all cumulative-window cuts are feasible,reachability_lower,0,12,0.0,298.35526315789474,0.0
2012-07-14,13,8,634.1,136.25,1,478.07017543859644,inf,2352,all cumulative-window cuts are feasible,reachability_lower,0,12,0.0,286.8421052631579,0.0
2012-07-14,13,9,634.1,148.671875,1,521.655701754386,inf,2352,all cumulative-window cuts are feasible,reachability_lower,0,12,0.0,312.9934210526316,0.0
2012-07-15,14,0,634.1,128.046875,1,449.28728070175436,inf,2352,all cumulative-window cuts are feasible,reachability_lower,0,12,0.0,269.57236842105266,0.0
2012-07-15,14,1,634.1,148.203125,1,520.0109649122807,inf,2352,all cumulative-window cuts are feasible,reachability_lower,0,12,0.0,312.00657894736844,0.0
2012-07-15,14,2,634.1,121.5625,1,426.5350877192982,inf,2352,all cumulative-window cuts are feasible,reachability_lower,0,12,0.0,255.92105263157896,0.0
2012-07-15,14,3,634.1,136.875,1,480.2631578947368,inf,2352,all cumulative-window cuts are feasible,reachability_lower,0,12,0.0,288.15789473684214,0.0
2012-07-15,14,4,634.1,171.71875,1,602.5219298245614,inf,2352,all cumulative-window cuts are feasible,reachability_lower,0,12,0.0,361.5131578947369,-5.684341886080802e-14
2012-07-15,14,5,634.1,104.375,1,366.2280701754386,inf,2352,all cumulative-window cuts are feasible,reachability_lower,0,12,0.0,219.73684210526318,0.0
2012-07-15,14,6,634.1,153.984375,1,540.296052631579,inf,2352,all cumulative-window cuts are feasible,reachability_lower,0,12,0.0,324.1776315789474,0.0
2012-07-15,14,7,634.1,184.140625,1,646.1074561403508,inf,2352,all cumulative-window cuts are feasible,reachability_lower,0,12,0.0,387.6644736842105,0.0
2012-07-15,14,8,634.1,139.53125,1,489.58333333333326,inf,2352,all cumulative-window cuts are feasible,reachability_lower,0,12,0.0,293.75,0.0
2012-07-15,14,9,634.1,145.234375,1,509.59429824561397,inf,2352,all cumulative-window cuts are feasible,reachability_lower,0,12,0.0,305.75657894736844,0.0
2012-07-16,15,0,634.1,132.65625,1,465.4605263157894,inf,2352,all cumulative-window cuts are feasible,reachability_lower,0,12,0.0,279.2763157894737,0.0
2012-07-16,15,1,634.1,144.21875,1,506.030701754386,inf,2352,all cumulative-window cuts are feasible,reachability_lower,0,12,0.0,303.6184210526316,0.0
2012-07-16,15,2,634.1,121.09375,1,424.89035087719293,inf,2352,all cumulative-window cuts are feasible,reachability_lower,0,12,0.0,254.9342105263158,0.0
2012-07-16,15,3,634.1,128.828125,1,452.0285087719298,inf,2352,all cumulative-window cuts are feasible,reachability_lower,0,12,0.0,271.2171052631579,0.0
2012-07-16,15,4,634.1,148.125,1,519.7368421052631,inf,2352,all cumulative-window cuts are feasible,reachability_lower,0,12,0.0,311.8421052631579,0.0
2012-07-16,15,5,634.1,128.828125,1,452.0285087719298,inf,2352,all cumulative-window cuts are feasible,reachability_lower,0,12,0.0,271.2171052631579,0.0
2012-07-16,15,6,634.1,167.1875,1,586.6228070175439,inf,2352,all cumulative-window cuts are feasible,reachability_lower,0,12,0.0,351.97368421052636,-5.684341886080802e-14
2012-07-16,15,7,634.1,132.96875,1,466.55701754385956,inf,2352,all cumulative-window cuts are feasible,reachability_lower,0,12,0.0,279.9342105263158,0.0
2012-07-16,15,8,634.1,124.84375,1,438.048245614035,inf,2352,all cumulative-window cuts are feasible,reachability_lower,0,12,0.0,262.82894736842104,0.0
2012-07-16,15,9,634.1,152.578125,1,535.3618421052631,inf,2352,all cumulative-window cuts are feasible,reachability_lower,0,12,0.0,321.2171052631579,0.0
2012-07-17,16,0,634.1,125.703125,1,441.06359649122805,inf,2352,all cumulative-window cuts are feasible,reachability_lower,0,12,0.0,264.6381578947369,0.0
2012-07-17,16,1,634.1,116.484375,1,408.71710526315786,inf,2352,all cumulative-window cuts are feasible,reachability_lower,0,12,0.0,245.23026315789474,0.0
2012-07-17,16,2,634.1,125.390625,1,439.96710526315786,inf,2352,all cumulative-window cuts are feasible,reachability_lower,0,12,0.0,263.98026315789474,0.0
2012-07-17,16,3,634.1,118.28125,1,415.02192982456137,inf,2352,all cumulative-window cuts are feasible,reachability_lower,0,12,0.0,249.01315789473685,0.0
2012-07-17,16,4,634.1,129.375,1,453.9473684210526,inf,2352,all cumulative-window cuts are feasible,reachability_lower,0,12,0.0,272.3684210526316,0.0
2012-07-17,16,5,634.1,82.96875,1,291.11842105263156,inf,2352,all cumulative-window cuts are feasible,reachability_lower,0,12,0.0,174.67105263157896,0.0
2012-07-17,16,6,634.1,134.921875,1,473.4100877192982,inf,2352,all cumulative-window cuts are feasible,reachability_lower,0,12,0.0,284.04605263157896,0.0
2012-07-17,16,7,634.1,148.046875,1,519.4627192982456,inf,2352,all cumulative-window cuts are feasible,reachability_lower,0,12,0.0,311.6776315789474,0.0
2012-07-17,16,8,634.1,123.90625,1,434.7587719298245,inf,2352,all cumulative-window cuts are feasible,reachability_lower,0,12,0.0,260.85526315789474,0.0
2012-07-17,16,9,634.1,128.59375,1,451.2061403508771,inf,2352,all cumulative-window cuts are feasible,reachability_lower,0,12,0.0,270.7236842105263,0.0
2012-07-18,17,0,634.1,128.984375,1,452.5767543859649,inf,2352,all cumulative-window cuts are feasible,reachability_lower,0,12,0.0,271.54605263157896,0.0
2012-07-18,17,1,634.1,125.703125,1,441.06359649122805,inf,2352,all cumulative-window cuts are feasible,reachability_lower,0,12,0.0,264.6381578947369,0.0
2012-07-18,17,2,634.1,135.78125,1,476.4254385964912,inf,2352,all cumulative-window cuts are feasible,reachability_lower,0,12,0.0,285.85526315789474,0.0
2012-07-18,17,3,634.1,129.921875,1,455.86622807017534,inf,2352,all cumulative-window cuts are feasible,reachability_lower,0,12,0.0,273.51973684210526,0.0
2012-07-18,17,4,634.1,134.453125,1,471.7653508771929,inf,2352,all cumulative-window cuts are feasible,reachability_lower,0,12,0.0,283.0592105263158,0.0
2012-07-18,17,5,634.1,111.484375,1,391.17324561403507,inf,2352,all cumulative-window cuts are feasible,reachability_lower,0,12,0.0,234.70394736842107,0.0
2012-07-18,17,6,634.1,154.609375,1,542.4890350877192,inf,2352,all cumulative-window cuts are feasible,reachability_lower,0,12,0.0,325.4934210526316,5.684341886080802e-14
2012-07-18,17,7,634.1,165.703125,1,581.4144736842105,inf,2352,all cumulative-window cuts are feasible,reachability_lower,0,12,0.0,348.84868421052636,0.0
2012-07-18,17,8,634.1,121.953125,1,427.905701754386,inf,2352,all cumulative-window cuts are feasible,reachability_lower,0,12,0.0,256.7434210526316,0.0
2012-07-18,17,9,634.1,175.390625,1,615.405701754386,inf,2352,all cumulative-window cuts are feasible,reachability_lower,0,12,0.0,369.2434210526316,0.0
2012-07-19,18,0,634.1,182.109375,1,638.9802631578947,inf,2352,all cumulative-window cuts are feasible,reachability_lower,0,12,0.0,383.3881578947369,0.0
2012-07-19,18,1,634.1,171.71875,1,602.5219298245614,inf,2352,all cumulative-window cuts are feasible,reachability_lower,0,12,0.0,361.5131578947369,-5.684341886080802e-14
2012-07-19,18,2,634.1,164.84375,1,578.3991228070174,inf,2352,all cumulative-window cuts are feasible,reachability_lower,0,12,0.0,347.0394736842105,0.0
2012-07-19,18,3,634.1,180.859375,1,634.594298245614,inf,2352,all cumulative-window cuts are feasible,reachability_lower,0,12,0.0,380.75657894736844,-5.684341886080802e-14
2012-07-19,18,4,634.1,179.921875,1,631.3048245614035,inf,2352,all cumulative-window cuts are feasible,reachability_lower,0,12,0.0,378.78289473684214,0.0
2012-07-19,18,5,634.1,170.15625,1,597.0394736842105,inf,2352,all cumulative-window cuts are feasible,reachability_lower,0,12,0.0,358.22368421052636,0.0
2012-07-19,18,6,634.1,177.578125,1,623.0811403508771,inf,2352,all cumulative-window cuts are feasible,reachability_lower,0,12,0.0,373.84868421052636,0.0
2012-07-19,18,7,634.1,186.875,1,655.7017543859648,inf,2352,all cumulative-window cuts are feasible,reachability_lower,0,12,0.0,393.42105263157896,0.0
2012-07-19,18,8,634.1,175.078125,1,614.3092105263157,inf,2352,all cumulative-window cuts are feasible,reachability_lower,0,12,0.0,368.5855263157895,0.0
2012-07-19,18,9,634.1,176.328125,1,618.6951754385965,inf,2352,all cumulative-window cuts are feasible,reachability_lower,0,12,0.0,371.2171052631579,-5.684341886080802e-14
2012-07-20,19,0,634.1,144.765625,1,507.9495614035087,inf,2352,all cumulative-window cuts are feasible,reachability_lower,0,12,0.0,304.76973684210526,0.0
2012-07-20,19,1,634.1,148.984375,1,522.7521929824561,inf,2352,all cumulative-window cuts are feasible,reachability_lower,0,12,0.0,313.6513157894737,0.0
2012-07-20,19,2,634.1,122.8125,1,430.92105263157896,inf,2352,all cumulative-window cuts are feasible,reachability_lower,0,12,0.0,258.5526315789474,0.0
2012-07-20,19,3,634.1,157.5,1,552.6315789473683,inf,2352,all cumulative-window cuts are feasible,reachability_lower,0,12,0.0,331.57894736842104,0.0
2012-07-20,19,4,634.1,179.140625,1,628.563596491228,inf,2352,all cumulative-window cuts are feasible,reachability_lower,0,12,0.0,377.1381578947369,0.0
2012-07-20,19,5,634.1,118.515625,1,415.844298245614,inf,2352,all cumulative-window cuts are feasible,reachability_lower,0,12,0.0,249.50657894736844,0.0
2012-07-20,19,6,634.1,155.859375,1,546.8749999999999,inf,2352,all cumulative-window cuts are feasible,reachability_lower,0,12,0.0,328.125,0.0
2012-07-20,19,7,634.1,142.03125,1,498.35526315789474,inf,2352,all cumulative-window cuts are feasible,reachability_lower,0,12,0.0,299.0131578947369,0.0
2012-07-20,19,8,634.1,132.03125,1,463.26754385964904,inf,2352,all cumulative-window cuts are feasible,reachability_lower,0,12,0.0,277.9605263157895,0.0
2012-07-20,19,9,634.1,159.453125,1,559.4846491228069,inf,2352,all cumulative-window cuts are feasible,reachability_lower,0,12,0.0,335.6907894736842,5.684341886080802e-14
2012-07-21,20,0,634.1,177.265625,1,621.9846491228069,inf,2352,all cumulative-window cuts are feasible,reachability_lower,0,12,0.0,373.1907894736842,0.0
2012-07-21,20,1,634.1,171.40625,1,601.4254385964912,inf,2352,all cumulative-window cuts are feasible,reachability_lower,0,12,0.0,360.85526315789474,0.0
2012-07-21,20,2,634.1,180.078125,1,631.8530701754386,inf,2352,all cumulative-window cuts are feasible,reachability_lower,0,12,0.0,379.1118421052632,0.0
2012-07-21,20,3,634.1,167.65625,1,588.2675438596491,inf,2352,all cumulative-window cuts are feasible,reachability_lower,0,12,0.0,352.9605263157895,-5.684341886080802e-14
2012-07-21,20,4,634.1,179.921875,1,631.3048245614035,inf,2352,all cumulative-window cuts are feasible,reachability_lower,0,12,0.0,378.78289473684214,0.0
2012-07-21,20,5,634.1,179.609375,1,630.2083333333333,inf,2352,all cumulative-window cuts are feasible,reachability_lower,0,12,0.0,378.125,0.0
2012-07-21,20,6,634.1,182.578125,1,640.6249999999999,inf,2352,all cumulative-window cuts are feasible,reachability_lower,0,12,0.0,384.375,0.0
2012-07-21,20,7,634.1,185.46875,1,650.767543859649,inf,2352,all cumulative-window cuts are feasible,reachability_lower,0,12,0.0,390.4605263157895,5.684341886080802e-14
2012-07-21,20,8,634.1,179.6875,1,630.4824561403508,inf,2352,all cumulative-window cuts are feasible,reachability_lower,0,12,0.0,378.2894736842105,0.0
2012-07-21,20,9,634.1,182.5,1,640.3508771929824,inf,2352,all cumulative-window cuts are feasible,reachability_lower,0,12,0.0,384.2105263157895,0.0
2012-07-22,21,0,634.1,184.0625,1,645.8333333333333,inf,2352,all cumulative-window cuts are feasible,reachability_lower,0,12,0.0,387.5,0.0
2012-07-22,21,1,634.1,177.578125,1,623.0811403508771,inf,2352,all cumulative-window cuts are feasible,reachability_lower,0,12,0.0,373.84868421052636,0.0
2012-07-22,21,2,634.1,179.53125,1,629.9342105263157,inf,2352,all cumulative-window cuts are feasible,reachability_lower,0,12,0.0,377.9605263157895,0.0
2012-07-22,21,3,634.1,167.8125,1,588.8157894736842,inf,2352,all cumulative-window cuts are feasible,reachability_lower,0,12,0.0,353.2894736842105,-5.684341886080802e-14
2012-07-22,21,4,634.1,176.875,1,620.6140350877192,inf,2352,all cumulative-window cuts are feasible,reachability_lower,0,12,0.0,372.3684210526316,0.0
2012-07-22,21,5,634.1,177.34375,1,622.2587719298244,inf,2352,all cumulative-window cuts are feasible,reachability_lower,0,12,0.0,373.35526315789474,0.0
2012-07-22,21,6,634.1,175.390625,1,615.405701754386,inf,2352,all cumulative-window cuts are feasible,reachability_lower,0,12,0.0,369.2434210526316,0.0
2012-07-22,21,7,634.1,194.921875,1,683.9364035087718,inf,2352,all cumulative-window cuts are feasible,reachability_lower,0,12,0.0,410.3618421052632,0.0
2012-07-22,21,8,634.1,190.390625,1,668.0372807017543,inf,2352,all cumulative-window cuts are feasible,reachability_lower,0,12,0.0,400.82236842105266,0.0
2012-07-22,21,9,634.1,185.703125,1,651.5899122807017,inf,2352,all cumulative-window cuts are feasible,reachability_lower,0,12,0.0,390.9539473684211,0.0
2012-07-23,22,0,634.1,171.484375,1,601.6995614035087,inf,2352,all cumulative-window cuts are feasible,reachability_lower,0,12,0.0,361.01973684210526,0.0
2012-07-23,22,1,634.1,175.46875,1,615.6798245614035,inf,2352,all cumulative-window cuts are feasible,reachability_lower,0,12,0.0,369.40789473684214,0.0
2012-07-23,22,2,634.1,158.125,1,554.8245614035087,inf,2352,all cumulative-window cuts are feasible,reachability_lower,0,12,0.0,332.89473684210526,0.0
2012-07-23,22,3,634.1,167.34375,1,587.171052631579,inf,2352,all cumulative-window cuts are feasible,reachability_lower,0,12,0.0,352.3026315789474,-5.684341886080802e-14
2012-07-23,22,4,634.1,173.671875,1,609.3749999999999,inf,2352,all cumulative-window cuts are feasible,reachability_lower,0,12,0.0,365.625,0.0
2012-07-23,22,5,634.1,150.9375,1,529.6052631578947,inf,2352,all cumulative-window cuts are feasible,reachability_lower,0,12,0.0,317.7631578947369,0.0
2012-07-23,22,6,634.1,181.484375,1,636.7872807017543,inf,2352,all cumulative-window cuts are feasible,reachability_lower,0,12,0.0,382.07236842105266,0.0
2012-07-23,22,7,634.1,188.359375,1,660.9100877192982,inf,2352,all cumulative-window cuts are feasible,reachability_lower,0,12,0.0,396.54605263157896,0.0
2012-07-23,22,8,634.1,188.59375,1,661.7324561403508,inf,2352,all cumulative-window cuts are feasible,reachability_lower,0,12,0.0,397.0394736842105,0.0
2012-07-23,22,9,634.1,173.75,1,609.6491228070174,inf,2352,all cumulative-window cuts are feasible,reachability_lower,0,12,0.0,365.7894736842105,0.0
2012-07-24,23,0,634.1,178.359375,1,625.8223684210526,inf,2352,all cumulative-window cuts are feasible,reachability_lower,0,12,0.0,375.4934210526316,0.0
2012-07-24,23,1,634.1,182.34375,1,639.8026315789473,inf,2352,all cumulative-window cuts are feasible,reachability_lower,0,12,0.0,383.88157894736844,0.0
2012-07-24,23,2,634.1,163.984375,1,575.3837719298244,inf,2352,all cumulative-window cuts are feasible,reachability_lower,0,12,0.0,345.23026315789474,5.684341886080802e-14
2012-07-24,23,3,634.1,178.28125,1,625.5482456140351,inf,2352,all cumulative-window cuts are feasible,reachability_lower,0,12,0.0,375.3289473684211,0.0
2012-07-24,23,4,634.1,174.765625,1,613.2127192982456,inf,2352,all cumulative-window cuts are feasible,reachability_lower,0,12,0.0,367.9276315789474,0.0
2012-07-24,23,5,634.1,161.484375,1,566.6118421052631,inf,2352,all cumulative-window cuts are feasible,reachability_lower,0,12,0.0,339.9671052631579,0.0
2012-07-24,23,6,634.1,177.5,1,622.8070175438595,inf,2352,all cumulative-window cuts are feasible,reachability_lower,0,12,0.0,373.6842105263158,0.0
2012-07-24,23,7,634.1,182.578125,1,640.6249999999999,inf,2352,all cumulative-window cuts are feasible,reachability_lower,0,12,0.0,384.375,0.0
2012-07-24,23,8,634.1,182.1875,1,639.2543859649122,inf,2352,all cumulative-window cuts are feasible,reachability_lower,0,12,0.0,383.5526315789474,0.0
2012-07-24,23,9,634.1,173.046875,1,607.1820175438595,inf,2352,all cumulative-window cuts are feasible,reachability_lower,0,12,0.0,364.3092105263158,0.0
2012-07-25,24,0,634.1,128.984375,1,452.5767543859649,inf,2352,all cumulative-window cuts are feasible,reachability_lower,0,12,0.0,271.54605263157896,0.0
2012-07-25,24,1,634.1,141.71875,1,497.2587719298245,inf,2352,all cumulative-window cuts are feasible,reachability_lower,0,12,0.0,298.35526315789474,0.0
2012-07-25,24,2,634.1,95.703125,1,335.8004385964912,inf,2352,all cumulative-window cuts are feasible,reachability_lower,0,12,0.0,201.48026315789474,0.0
2012-07-25,24,3,634.1,98.046875,1,344.02412280701753,inf,2352,all cumulative-window cuts are feasible,reachability_lower,0,12,0.0,206.41447368421055,0.0
2012-07-25,24,4,634.1,141.640625,1,496.98464912280696,inf,2352,all cumulative-window cuts are feasible,reachability_lower,0,12,0.0,298.1907894736842,0.0
2012-07-25,24,5,634.1,102.8125,1,360.74561403508767,inf,2352,all cumulative-window cuts are feasible,reachability_lower,0,12,0.0,216.44736842105263,0.0
2012-07-25,24,6,634.1,130.234375,1,456.9627192982456,inf,2352,all cumulative-window cuts are feasible,reachability_lower,0,12,0.0,274.1776315789474,0.0
2012-07-25,24,7,634.1,130.078125,1,456.4144736842104,inf,2352,all cumulative-window cuts are feasible,reachability_lower,0,12,0.0,273.8486842105263,0.0
2012-07-25,24,8,634.1,98.125,1,344.29824561403507,inf,2352,all cumulative-window cuts are feasible,reachability_lower,0,12,0.0,206.57894736842107,0.0
2012-07-25,24,9,634.1,125.625,1,440.78947368421046,inf,2352,all cumulative-window cuts are feasible,reachability_lower,0,12,0.0,264.4736842105263,0.0
2012-07-26,25,0,634.1,183.28125,1,643.0921052631578,inf,2352,all cumulative-window cuts are feasible,reachability_lower,0,12,0.0,385.85526315789474,0.0
2012-07-26,25,1,634.1,177.109375,1,621.4364035087718,inf,2352,all cumulative-window cuts are feasible,reachability_lower,0,12,0.0,372.8618421052632,0.0
2012-07-26,25,2,634.1,164.296875,1,576.4802631578947,inf,2352,all cumulative-window cuts are feasible,reachability_lower,0,12,0.0,345.8881578947369,0.0
2012-07-26,25,3,634.1,168.90625,1,592.6535087719298,inf,2352,all cumulative-window cuts are feasible,reachability_lower,0,12,0.0,355.5921052631579,0.0
2012-07-26,25,4,634.1,178.359375,1,625.8223684210526,inf,2352,all cumulative-window cuts are feasible,reachability_lower,0,12,0.0,375.4934210526316,0.0
2012-07-26,25,5,634.1,164.53125,1,577.3026315789473,inf,2352,all cumulative-window cuts are feasible,reachability_lower,0,12,0.0,346.38157894736844,0.0
2012-07-26,25,6,634.1,167.96875,1,589.3640350877192,inf,2352,all cumulative-window cuts are feasible,reachability_lower,0,12,0.0,353.6184210526316,0.0
2012-07-26,25,7,634.1,183.90625,1,645.2850877192982,inf,2352,all cumulative-window cuts are feasible,reachability_lower,0,12,0.0,387.17105263157896,0.0
2012-07-26,25,8,634.1,173.515625,1,608.8267543859648,inf,2352,all cumulative-window cuts are feasible,reachability_lower,0,12,0.0,365.29605263157896,0.0
2012-07-26,25,9,634.1,166.953125,1,585.8004385964912,inf,2352,all cumulative-window cuts are feasible,reachability_lower,0,12,0.0,351.48026315789474,0.0
2012-07-27,26,0,634.1,134.609375,1,472.31359649122805,inf,2352,all cumulative-window cuts are feasible,reachability_lower,0,12,0.0,283.3881578947369,0.0
2012-07-27,26,1,634.1,136.25,1,478.07017543859644,inf,2352,all cumulative-window cuts are feasible,reachability_lower,0,12,0.0,286.8421052631579,0.0
2012-07-27,26,2,634.1,98.359375,1,345.12061403508767,inf,2352,all cumulative-window cuts are feasible,reachability_lower,0,12,0.0,207.07236842105263,0.0
2012-07-27,26,3,634.1,124.453125,1,436.67763157894734,inf,2352,all cumulative-window cuts are feasible,reachability_lower,0,12,0.0,262.00657894736844,0.0
2012-07-27,26,4,634.1,139.296875,1,488.76096491228066,inf,2352,all cumulative-window cuts are feasible,reachability_lower,0,12,0.0,293.25657894736844,0.0
2012-07-27,26,5,634.1,142.734375,1,500.8223684210526,inf,2352,all cumulative-window cuts are feasible,reachability_lower,0,12,0.0,300.4934210526316,0.0
2012-07-27,26,6,634.1,169.140625,1,593.4758771929824,inf,2352,all cumulative-window cuts are feasible,reachability_lower,0,12,0.0,356.0855263157895,0.0
2012-07-27,26,7,634.1,134.296875,1,471.2171052631578,inf,2352,all cumulative-window cuts are feasible,reachability_lower,0,12,0.0,282.73026315789474,0.0
2012-07-27,26,8,634.1,114.53125,1,401.86403508771923,inf,2352,all cumulative-window cuts are feasible,reachability_lower,0,12,0.0,241.1184210526316,2.842170943040401e-14
2012-07-27,26,9,634.1,130.9375,1,459.4298245614035,inf,2352,all cumulative-window cuts are feasible,reachability_lower,0,12,0.0,275.65789473684214,0.0
2012-07-28,27,0,634.1,169.921875,1,596.2171052631578,inf,2352,all cumulative-window cuts are feasible,reachability_lower,0,12,0.0,357.73026315789474,0.0
2012-07-28,27,1,634.1,164.21875,1,576.2061403508771,inf,2352,all cumulative-window cuts are feasible,reachability_lower,0,12,0.0,345.72368421052636,0.0
2012-07-28,27,2,634.1,136.40625,1,478.6184210526315,inf,2352,all cumulative-window cuts are feasible,reachability_lower,0,12,0.0,287.17105263157896,0.0
2012-07-28,27,3,634.1,139.765625,1,490.405701754386,inf,2352,all cumulative-window cuts are feasible,reachability_lower,0,12,0.0,294.2434210526316,0.0
2012-07-28,27,4,634.1,160.9375,1,564.6929824561403,inf,2352,all cumulative-window cuts are feasible,reachability_lower,0,12,0.0,338.8157894736842,0.0
2012-07-28,27,5,634.1,132.8125,1,466.0087719298245,inf,2352,all cumulative-window cuts are feasible,reachability_lower,0,12,0.0,279.60526315789474,0.0
2012-07-28,27,6,634.1,174.765625,1,613.2127192982456,inf,2352,all cumulative-window cuts are feasible,reachability_lower,0,12,0.0,367.9276315789474,0.0
2012-07-28,27,7,634.1,133.359375,1,467.92763157894734,inf,2352,all cumulative-window cuts are feasible,reachability_lower,0,12,0.0,280.75657894736844,0.0
2012-07-28,27,8,634.1,146.5625,1,514.2543859649122,inf,2352,all cumulative-window cuts are feasible,reachability_lower,0,12,0.0,308.5526315789474,0.0
2012-07-28,27,9,634.1,176.5625,1,619.5175438596491,inf,2352,all cumulative-window cuts are feasible,reachability_lower,0,12,0.0,371.7105263157895,-5.684341886080802e-14
2012-07-29,28,0,634.1,174.140625,1,611.0197368421052,inf,2352,all cumulative-window cuts are feasible,reachability_lower,0,12,0.0,366.6118421052632,0.0
2012-07-29,28,1,634.1,170.078125,1,596.7653508771929,inf,2352,all cumulative-window cuts are feasible,reachability_lower,0,12,0.0,358.0592105263158,0.0
2012-07-29,28,2,634.1,176.015625,1,617.5986842105262,inf,2352,all cumulative-window cuts are feasible,reachability_lower,0,12,0.0,370.5592105263158,0.0
2012-07-29,28,3,634.1,174.765625,1,613.2127192982456,inf,2352,all cumulative-window cuts are feasible,reachability_lower,0,12,0.0,367.9276315789474,0.0
2012-07-29,28,4,634.1,180.546875,1,633.4978070175439,inf,2352,all cumulative-window cuts are feasible,reachability_lower,0,12,0.0,380.09868421052636,-5.684341886080802e-14
2012-07-29,28,5,634.1,171.40625,1,601.4254385964912,inf,2352,all cumulative-window cuts are feasible,reachability_lower,0,12,0.0,360.85526315789474,0.0
2012-07-29,28,6,634.1,179.453125,1,629.6600877192982,inf,2352,all cumulative-window cuts are feasible,reachability_lower,0,12,0.0,377.79605263157896,0.0
2012-07-29,28,7,634.1,151.71875,1,532.3464912280701,inf,2352,all cumulative-window cuts are feasible,reachability_lower,0,12,0.0,319.40789473684214,0.0
2012-07-29,28,8,634.1,162.109375,1,568.8048245614035,inf,2352,all cumulative-window cuts are feasible,reachability_lower,0,12,0.0,341.28289473684214,0.0
2012-07-29,28,9,634.1,178.4375,1,626.0964912280701,inf,2352,all cumulative-window cuts are feasible,reachability_lower,0,12,0.0,375.65789473684214,0.0
2012-07-30,29,0,634.1,117.734375,1,413.1030701754386,inf,2352,all cumulative-window cuts are feasible,reachability_lower,0,12,0.0,247.86184210526318,0.0
2012-07-30,29,1,634.1,142.1875,1,498.9035087719298,inf,2352,all cumulative-window cuts are feasible,reachability_lower,0,12,0.0,299.3421052631579,0.0
2012-07-30,29,2,634.1,171.328125,1,601.1513157894736,inf,2352,all cumulative-window cuts are feasible,reachability_lower,0,12,0.0,360.6907894736842,0.0
2012-07-30,29,3,634.1,150.625,1,528.5087719298244,inf,2352,all cumulative-window cuts are feasible,reachability_lower,0,12,0.0,317.10526315789474,5.684341886080802e-14
2012-07-30,29,4,634.1,180.9375,1,634.8684210526316,inf,2352,all cumulative-window cuts are feasible,reachability_lower,0,12,0.0,380.92105263157896,-5.684341886080802e-14
2012-07-30,29,5,634.1,110.859375,1,388.9802631578947,inf,2352,all cumulative-window cuts are feasible,reachability_lower,0,12,0.0,233.38815789473685,0.0
2012-07-30,29,6,634.1,150.15625,1,526.8640350877192,inf,2352,all cumulative-window cuts are feasible,reachability_lower,0,12,0.0,316.1184210526316,5.684341886080802e-14
2012-07-30,29,7,634.1,134.84375,1,473.13596491228066,inf,2352,all cumulative-window cuts are feasible,reachability_lower,0,12,0.0,283.88157894736844,0.0
2012-07-30,29,8,634.1,111.328125,1,390.62499999999994,inf,2352,all cumulative-window cuts are feasible,reachability_lower,0,12,0.0,234.375,0.0
2012-07-30,29,9,634.1,176.09375,1,617.8728070175439,inf,2352,all cumulative-window cuts are feasible,reachability_lower,0,12,0.0,370.72368421052636,-5.684341886080802e-14
2012-07-31,30,0,634.1,168.203125,1,590.1864035087718,inf,2352,all cumulative-window cuts are feasible,reachability_lower,0,12,0.0,354.1118421052632,0.0
2012-07-31,30,1,634.1,171.25,1,600.8771929824561,inf,2352,all cumulative-window cuts are feasible,reachability_lower,0,12,0.0,360.5263157894737,0.0
2012-07-31,30,2,634.1,179.765625,1,630.7565789473684,inf,2352,all cumulative-window cuts are feasible,reachability_lower,0,12,0.0,378.4539473684211,0.0
2012-07-31,30,3,634.1,176.796875,1,620.3399122807017,inf,2352,all cumulative-window cuts are feasible,reachability_lower,0,12,0.0,372.2039473684211,0.0
2012-07-31,30,4,634.1,175.15625,1,614.5833333333333,inf,2352,all cumulative-window cuts are feasible,reachability_lower,0,12,0.0,368.75,0.0
2012-07-31,30,5,634.1,156.40625,1,548.7938596491227,inf,2352,all cumulative-window cuts are feasible,reachability_lower,0,12,0.0,329.2763157894737,0.0
2012-07-31,30,6,634.1,182.265625,1,639.5285087719298,inf,2352,all cumulative-window cuts are feasible,reachability_lower,0,12,0.0,383.7171052631579,0.0
2012-07-31,30,7,634.1,175.625,1,616.2280701754386,inf,2352,all cumulative-window cuts are feasible,reachability_lower,0,12,0.0,369.7368421052632,0.0
2012-07-31,30,8,634.1,170.46875,1,598.1359649122807,inf,2352,all cumulative-window cuts are feasible,reachability_lower,0,12,0.0,358.88157894736844,0.0
2012-07-31,30,9,634.1,172.96875,1,606.907894736842,inf,2352,all cumulative-window cuts are feasible,reachability_lower,0,12,0.0,364.14473684210526,0.0
2012-08-01,31,0,634.1,140.859375,1,494.2434210526315,inf,2352,all cumulative-window cuts are feasible,reachability_lower,0,12,0.0,296.54605263157896,0.0
2012-08-01,31,1,634.1,142.03125,1,498.35526315789474,inf,2352,all cumulative-window cuts are feasible,reachability_lower,0,12,0.0,299.0131578947369,0.0
2012-08-01,31,2,634.1,132.34375,1,464.3640350877193,inf,2352,all cumulative-window cuts are feasible,reachability_lower,0,12,0.0,278.6184210526316,0.0
2012-08-01,31,3,634.1,159.0625,1,558.1140350877192,inf,2352,all cumulative-window cuts are feasible,reachability_lower,0,12,0.0,334.8684210526316,5.684341886080802e-14
2012-08-01,31,4,634.1,158.75,1,557.0175438596491,inf,2352,all cumulative-window cuts are feasible,reachability_lower,0,12,0.0,334.2105263157895,0.0
2012-08-01,31,5,634.1,124.609375,1,437.2258771929824,inf,2352,all cumulative-window cuts are feasible,reachability_lower,0,12,0.0,262.3355263157895,0.0
2012-08-01,31,6,634.1,171.40625,1,601.4254385964912,inf,2352,all cumulative-window cuts are feasible,reachability_lower,0,12,0.0,360.85526315789474,0.0
2012-08-01,31,7,634.1,144.21875,1,506.030701754386,inf,2352,all cumulative-window cuts are feasible,reachability_lower,0,12,0.0,303.6184210526316,0.0
2012-08-01,31,8,634.1,128.828125,1,452.0285087719298,inf,2352,all cumulative-window cuts are feasible,reachability_lower,0,12,0.0,271.2171052631579,0.0
2012-08-01,31,9,634.1,123.75,1,434.2105263157894,inf,2352,all cumulative-window cuts are feasible,reachability_lower,0,12,0.0,260.5263157894737,0.0
2012-08-02,32,0,634.1,152.5,1,535.0877192982456,inf,2352,all cumulative-window cuts are feasible,reachability_lower,0,12,0.0,321.0526315789474,0.0
2012-08-02,32,1,634.1,144.21875,1,506.030701754386,inf,2352,all cumulative-window cuts are feasible,reachability_lower,0,12,0.0,303.6184210526316,0.0
2012-08-02,32,2,634.1,114.609375,1,402.13815789473676,inf,2352,all cumulative-window cuts are feasible,reachability_lower,0,12,0.0,241.2828947368421,2.842170943040401e-14
2012-08-02,32,3,634.1,119.53125,1,419.4078947368421,inf,2352,all cumulative-window cuts are feasible,reachability_lower,0,12,0.0,251.6447368421053,0.0
2012-08-02,32,4,634.1,141.015625,1,494.7916666666666,inf,2352,all cumulative-window cuts are feasible,reachability_lower,0,12,0.0,296.875,0.0
2012-08-02,32,5,634.1,111.953125,1,392.8179824561403,inf,2352,all cumulative-window cuts are feasible,reachability_lower,0,12,0.0,235.69078947368422,0.0
2012-08-02,32,6,634.1,145.859375,1,511.78728070175436,inf,2352,all cumulative-window cuts are feasible,reachability_lower,0,12,0.0,307.07236842105266,0.0
2012-08-02,32,7,634.1,154.53125,1,542.2149122807017,inf,2352,all cumulative-window cuts are feasible,reachability_lower,0,12,0.0,325.32894736842104,0.0
2012-08-02,32,8,634.1,133.984375,1,470.12061403508767,inf,2352,all cumulative-window cuts are feasible,reachability_lower,0,12,0.0,282.07236842105266,0.0
2012-08-02,32,9,634.1,161.875,1,567.9824561403508,inf,2352,all cumulative-window cuts are feasible,reachability_lower,0,12,0.0,340.7894736842105,0.0
2012-08-03,33,0,634.1,143.046875,1,501.91885964912274,inf,2352,all cumulative-window cuts are feasible,reachability_lower,0,12,0.0,301.1513157894737,0.0
2012-08-03,33,1,634.1,112.96875,1,396.3815789473684,inf,2352,all cumulative-window cuts are feasible,reachability_lower,0,12,0.0,237.82894736842107,0.0
2012-08-03,33,2,634.1,118.75,1,416.66666666666663,inf,2352,all cumulative-window cuts are feasible,reachability_lower,0,12,0.0,250.0,-2.842170943040401e-14
2012-08-03,33,3,634.1,126.71875,1,444.6271929824561,inf,2352,all cumulative-window cuts are feasible,reachability_lower,0,12,0.0,266.7763157894737,0.0
2012-08-03,33,4,634.1,160.625,1,563.5964912280701,inf,2352,all cumulative-window cuts are feasible,reachability_lower,0,12,0.0,338.15789473684214,0.0
2012-08-03,33,5,634.1,118.125,1,414.4736842105263,inf,2352,all cumulative-window cuts are feasible,reachability_lower,0,12,0.0,248.6842105263158,0.0
2012-08-03,33,6,634.1,141.25,1,495.6140350877193,inf,2352,all cumulative-window cuts are feasible,reachability_lower,0,12,0.0,297.3684210526316,0.0
2012-08-03,33,7,634.1,157.5,1,552.6315789473683,inf,2352,all cumulative-window cuts are feasible,reachability_lower,0,12,0.0,331.57894736842104,0.0
2012-08-03,33,8,634.1,122.890625,1,431.1951754385965,inf,2352,all cumulative-window cuts are feasible,reachability_lower,0,12,0.0,258.7171052631579,0.0
2012-08-03,33,9,634.1,137.1875,1,481.35964912280696,inf,2352,all cumulative-window cuts are feasible,reachability_lower,0,12,0.0,288.8157894736842,0.0
2012-08-04,34,0,634.1,145.15625,1,509.32017543859644,inf,2352,all cumulative-window cuts are feasible,reachability_lower,0,12,0.0,305.5921052631579,0.0
2012-08-04,34,1,634.1,138.90625,1,487.3903508771929,inf,2352,all cumulative-window cuts are feasible,reachability_lower,0,12,0.0,292.4342105263158,0.0
2012-08-04,34,2,634.1,129.453125,1,454.22149122807014,inf,2352,all cumulative-window cuts are feasible,reachability_lower,0,12,0.0,272.53289473684214,0.0
2012-08-04,34,3,634.1,128.359375,1,450.3837719298245,inf,2352,all cumulative-window cuts are feasible,reachability_lower,0,12,0.0,270.23026315789474,0.0
2012-08-04,34,4,634.1,146.875,1,515.3508771929824,inf,2352,all cumulative-window cuts are feasible,reachability_lower,0,12,0.0,309.2105263157895,0.0
2012-08-04,34,5,634.1,122.5,1,429.8245614035087,inf,2352,all cumulative-window cuts are feasible,reachability_lower,0,12,0.0,257.89473684210526,0.0
2012-08-04,34,6,634.1,142.96875,1,501.6447368421052,inf,2352,all cumulative-window cuts are feasible,reachability_lower,0,12,0.0,300.9868421052632,0.0
2012-08-04,34,7,634.1,129.140625,1,453.12499999999994,inf,2352,all cumulative-window cuts are feasible,reachability_lower,0,12,0.0,271.875,0.0
2012-08-04,34,8,634.1,117.65625,1,412.828947368421,inf,2352,all cumulative-window cuts are feasible,reachability_lower,0,12,0.0,247.69736842105263,0.0
2012-08-04,34,9,634.1,158.75,1,557.0175438596491,inf,2352,all cumulative-window cuts are feasible,reachability_lower,0,12,0.0,334.2105263157895,0.0
2012-08-05,35,0,634.1,136.875,1,480.2631578947368,inf,2352,all cumulative-window cuts are feasible,reachability_lower,0,12,0.0,288.15789473684214,0.0
2012-08-05,35,1,634.1,128.125,1,449.5614035087719,inf,2352,all cumulative-window cuts are feasible,reachability_lower,0,12,0.0,269.7368421052632,0.0
2012-08-05,35,2,634.1,128.203125,1,449.8355263157894,inf,2352,all cumulative-window cuts are feasible,reachability_lower,0,12,0.0,269.9013157894737,0.0
2012-08-05,35,3,634.1,130.234375,1,456.9627192982456,inf,2352,all cumulative-window cuts are feasible,reachability_lower,0,12,0.0,274.1776315789474,0.0
2012-08-05,35,4,634.1,167.1875,1,586.6228070175439,inf,2352,all cumulative-window cuts are feasible,reachability_lower,0,12,0.0,351.97368421052636,-5.684341886080802e-14
2012-08-05,35,5,634.1,120.3125,1,422.14912280701753,inf,2352,all cumulative-window cuts are feasible,reachability_lower,0,12,0.0,253.28947368421055,0.0
2012-08-05,35,6,634.1,158.515625,1,556.1951754385965,inf,2352,all cumulative-window cuts are feasible,reachability_lower,0,12,0.0,333.7171052631579,0.0
2012-08-05,35,7,634.1,146.5625,1,514.2543859649122,inf,2352,all cumulative-window cuts are feasible,reachability_lower,0,12,0.0,308.5526315789474,0.0
2012-08-05,35,8,634.1,143.984375,1,505.20833333333326,inf,2352,all cumulative-window cuts are feasible,reachability_lower,0,12,0.0,303.125,0.0
2012-08-05,35,9,634.1,132.8125,1,466.0087719298245,inf,2352,all cumulative-window cuts are feasible,reachability_lower,0,12,0.0,279.60526315789474,0.0
2012-08-06,36,0,634.1,118.75,1,416.66666666666663,inf,2352,all cumulative-window cuts are feasible,reachability_lower,0,12,0.0,250.0,-2.842170943040401e-14
2012-08-06,36,1,634.1,118.203125,1,414.74780701754383,inf,2352,all cumulative-window cuts are feasible,reachability_lower,0,12,0.0,248.84868421052633,0.0
2012-08-06,36,2,634.1,92.65625,1,325.10964912280696,inf,2352,all cumulative-window cuts are feasible,reachability_lower,0,12,0.0,195.06578947368422,2.842170943040401e-14
2012-08-06,36,3,634.1,116.71875,1,409.53947368421046,inf,2352,all cumulative-window cuts are feasible,reachability_lower,0,12,0.0,245.72368421052633,2.842170943040401e-14
2012-08-06,36,4,634.1,144.296875,1,506.3048245614035,inf,2352,all cumulative-window cuts are feasible,reachability_lower,0,12,0.0,303.78289473684214,0.0
2012-08-06,36,5,634.1,78.984375,1,277.1381578947368,inf,2352,all cumulative-window cuts are feasible,reachability_lower,0,12,0.0,166.2828947368421,0.0
2012-08-06,36,6,634.1,148.046875,1,519.4627192982456,inf,2352,all cumulative-window cuts are feasible,reachability_lower,0,12,0.0,311.6776315789474,0.0
2012-08-06,36,7,634.1,149.921875,1,526.0416666666666,inf,2352,all cumulative-window cuts are feasible,reachability_lower,0,12,0.0,315.625,0.0
2012-08-06,36,8,634.1,97.34375,1,341.5570175438596,inf,2352,all cumulative-window cuts are feasible,reachability_lower,0,12,0.0,204.9342105263158,0.0
2012-08-06,36,9,634.1,122.109375,1,428.45394736842104,inf,2352,all cumulative-window cuts are feasible,reachability_lower,0,12,0.0,257.07236842105266,0.0
2012-08-07,37,0,634.1,135.546875,1,475.6030701754386,inf,2352,all cumulative-window cuts are feasible,reachability_lower,0,12,0.0,285.3618421052632,0.0
2012-08-07,37,1,634.1,109.609375,1,384.594298245614,inf,2352,all cumulative-window cuts are feasible,reachability_lower,0,12,0.0,230.75657894736844,0.0
2012-08-07,37,2,634.1,88.75,1,311.40350877192975,inf,2352,all cumulative-window cuts are feasible,reachability_lower,0,12,0.0,186.8421052631579,0.0
2012-08-07,37,3,634.1,126.484375,1,443.8048245614035,inf,2352,all cumulative-window cuts are feasible,reachability_lower,0,12,0.0,266.28289473684214,0.0
2012-08-07,37,4,634.1,126.640625,1,444.3530701754386,inf,2352,all cumulative-window cuts are feasible,reachability_lower,0,12,0.0,266.6118421052632,0.0
2012-08-07,37,5,634.1,88.203125,1,309.484649122807,inf,2352,all cumulative-window cuts are feasible,reachability_lower,0,12,0.0,185.69078947368422,-2.842170943040401e-14
2012-08-07,37,6,634.1,130.234375,1,456.9627192982456,inf,2352,all cumulative-window cuts are feasible,reachability_lower,0,12,0.0,274.1776315789474,0.0
2012-08-07,37,7,634.1,128.125,1,449.5614035087719,inf,2352,all cumulative-window cuts are feasible,reachability_lower,0,12,0.0,269.7368421052632,0.0
2012-08-07,37,8,634.1,89.140625,1,312.77412280701753,inf,2352,all cumulative-window cuts are feasible,reachability_lower,0,12,0.0,187.66447368421055,0.0
2012-08-07,37,9,634.1,122.890625,1,431.1951754385965,inf,2352,all cumulative-window cuts are feasible,reachability_lower,0,12,0.0,258.7171052631579,0.0
2012-08-08,38,0,634.1,126.09375,1,442.4342105263157,inf,2352,all cumulative-window cuts are feasible,reachability_lower,0,12,0.0,265.4605263157895,0.0
2012-08-08,38,1,634.1,121.25,1,425.438596491228,inf,2352,all cumulative-window cuts are feasible,reachability_lower,0,12,0.0,255.26315789473685,0.0
2012-08-08,38,2,634.1,114.375,1,401.31578947368416,inf,2352,all cumulative-window cuts are feasible,reachability_lower,0,12,0.0,240.78947368421055,2.842170943040401e-14
2012-08-08,38,3,634.1,125.546875,1,440.51535087719293,inf,2352,all cumulative-window cuts are feasible,reachability_lower,0,12,0.0,264.3092105263158,0.0
2012-08-08,38,4,634.1,105.3125,1,369.5175438596491,inf,2352,all cumulative-window cuts are feasible,reachability_lower,0,12,0.0,221.71052631578948,0.0
2012-08-08,38,5,634.1,109.609375,1,384.594298245614,inf,2352,all cumulative-window cuts are feasible,reachability_lower,0,12,0.0,230.75657894736844,0.0
2012-08-08,38,6,634.1,123.125,1,432.0175438596491,inf,2352,all cumulative-window cuts are feasible,reachability_lower,0,12,0.0,259.2105263157895,0.0
2012-08-08,38,7,634.1,121.40625,1,425.9868421052631,inf,2352,all cumulative-window cuts are feasible,reachability_lower,0,12,0.0,255.59210526315792,0.0
2012-08-08,38,8,634.1,99.453125,1,348.95833333333326,inf,2352,all cumulative-window cuts are feasible,reachability_lower,0,12,0.0,209.375,2.842170943040401e-14
2012-08-08,38,9,634.1,114.21875,1,400.7675438596491,inf,2352,all cumulative-window cuts are feasible,reachability_lower,0,12,0.0,240.46052631578948,0.0
2012-08-09,39,0,634.1,115.9375,1,406.79824561403507,inf,2352,all cumulative-window cuts are feasible,reachability_lower,0,12,0.0,244.07894736842107,0.0
2012-08-09,39,1,634.1,152.109375,1,533.7171052631578,inf,2352,all cumulative-window cuts are feasible,reachability_lower,0,12,0.0,320.23026315789474,0.0
2012-08-09,39,2,634.1,116.953125,1,410.3618421052631,inf,2352,all cumulative-window cuts are feasible,reachability_lower,0,12,0.0,246.21710526315792,0.0
2012-08-09,39,3,634.1,140.0,1,491.2280701754386,inf,2352,all cumulative-window cuts are feasible,reachability_lower,0,12,0.0,294.7368421052632,0.0
2012-08-09,39,4,634.1,142.5,1,499.99999999999994,inf,2352,all cumulative-window cuts are feasible,reachability_lower,0,12,0.0,300.0,0.0
2012-08-09,39,5,634.1,122.109375,1,428.45394736842104,inf,2352,all cumulative-window cuts are feasible,reachability_lower,0,12,0.0,257.07236842105266,0.0
2012-08-09,39,6,634.1,171.40625,1,601.4254385964912,inf,2352,all cumulative-window cuts are feasible,reachability_lower,0,12,0.0,360.85526315789474,0.0
2012-08-09,39,7,634.1,179.921875,1,631.3048245614035,inf,2352,all cumulative-window cuts are feasible,reachability_lower,0,12,0.0,378.78289473684214,0.0
2012-08-09,39,8,634.1,142.734375,1,500.8223684210526,inf,2352,all cumulative-window cuts are feasible,reachability_lower,0,12,0.0,300.4934210526316,0.0
2012-08-09,39,9,634.1,127.421875,1,447.094298245614,inf,2352,all cumulative-window cuts are feasible,reachability_lower,0,12,0.0,268.25657894736844,0.0
2012-08-10,40,1,634.1,184.765625,1,648.3004385964912,inf,2352,all cumulative-window cuts are feasible,reachability_lower,0,12,0.0,388.98026315789474,0.0
2012-08-10,40,2,634.1,188.4375,1,661.1842105263157,inf,2352,all cumulative-window cuts are feasible,reachability_lower,0,12,0.0,396.7105263157895,0.0
2012-08-10,40,3,634.1,177.578125,1,623.0811403508771,inf,2352,all cumulative-window cuts are feasible,reachability_lower,0,12,0.0,373.84868421052636,0.0
2012-08-10,40,4,634.1,182.65625,1,640.8991228070174,inf,2352,all cumulative-window cuts are feasible,reachability_lower,0,12,0.0,384.5394736842105,0.0
2012-08-10,40,5,634.1,179.6875,1,630.4824561403508,inf,2352,all cumulative-window cuts are feasible,reachability_lower,0,12,0.0,378.2894736842105,0.0
2012-08-10,40,6,634.1,180.3125,1,632.6754385964912,inf,2352,all cumulative-window cuts are feasible,reachability_lower,0,12,0.0,379.60526315789474,0.0
2012-08-10,40,7,634.1,189.21875,1,663.9254385964912,inf,2352,all cumulative-window cuts are feasible,reachability_lower,0,12,0.0,398.35526315789474,0.0
2012-08-10,40,8,634.1,187.734375,1,658.7171052631578,inf,2352,all cumulative-window cuts are feasible,reachability_lower,0,12,0.0,395.23026315789474,0.0
2012-08-10,40,9,634.1,174.21875,1,611.2938596491227,inf,2352,all cumulative-window cuts are feasible,reachability_lower,0,12,0.0,366.7763157894737,0.0
2012-08-11,41,0,634.1,201.953125,1,708.6074561403508,inf,2352,all cumulative-window cuts are feasible,reachability_lower,0,12,0.0,425.1644736842105,0.0
2012-08-11,41,1,634.1,177.265625,1,621.9846491228069,inf,2352,all cumulative-window cuts are feasible,reachability_lower,0,12,0.0,373.1907894736842,0.0
2012-08-11,41,2,634.1,189.453125,1,664.7478070175438,inf,2352,all cumulative-window cuts are feasible,reachability_lower,0,12,0.0,398.84868421052636,5.684341886080802e-14
2012-08-11,41,3,634.1,184.0625,1,645.8333333333333,inf,2352,all cumulative-window cuts are feasible,reachability_lower,0,12,0.0,387.5,0.0
2012-08-11,41,4,634.1,175.3125,1,615.1315789473684,inf,2352,all cumulative-window cuts are feasible,reachability_lower,0,12,0.0,369.0789473684211,0.0
2012-08-11,41,5,634.1,174.21875,1,611.2938596491227,inf,2352,all cumulative-window cuts are feasible,reachability_lower,0,12,0.0,366.7763157894737,0.0
2012-08-11,41,6,634.1,180.15625,1,632.1271929824561,inf,2352,all cumulative-window cuts are feasible,reachability_lower,0,12,0.0,379.2763157894737,0.0
2012-08-11,41,7,634.1,191.5625,1,672.1491228070174,inf,2352,all cumulative-window cuts are feasible,reachability_lower,0,12,0.0,403.2894736842105,0.0
2012-08-11,41,8,634.1,184.296875,1,646.655701754386,inf,2352,all cumulative-window cuts are feasible,reachability_lower,0,12,0.0,387.9934210526316,0.0
2012-08-11,41,9,634.1,178.4375,1,626.0964912280701,inf,2352,all cumulative-window cuts are feasible,reachability_lower,0,12,0.0,375.65789473684214,0.0
2012-08-12,42,0,634.1,187.109375,1,656.5241228070174,inf,2352,all cumulative-window cuts are feasible,reachability_lower,0,12,0.0,393.9144736842105,0.0
2012-08-12,42,1,634.1,173.671875,1,609.3749999999999,inf,2352,all cumulative-window cuts are feasible,reachability_lower,0,12,0.0,365.625,0.0
2012-08-12,42,2,634.1,188.359375,1,660.9100877192982,inf,2352,all cumulative-window cuts are feasible,reachability_lower,0,12,0.0,396.54605263157896,0.0
2012-08-12,42,3,634.1,186.953125,1,655.9758771929824,inf,2352,all cumulative-window cuts are feasible,reachability_lower,0,12,0.0,393.5855263157895,0.0
2012-08-12,42,4,634.1,169.296875,1,594.0241228070174,inf,2352,all cumulative-window cuts are feasible,reachability_lower,0,12,0.0,356.4144736842105,0.0
2012-08-12,42,5,634.1,177.890625,1,624.1776315789473,inf,2352,all cumulative-window cuts are feasible,reachability_lower,0,12,0.0,374.50657894736844,0.0
2012-08-12,42,6,634.1,176.71875,1,620.0657894736842,inf,2352,all cumulative-window cuts are feasible,reachability_lower,0,12,0.0,372.0394736842105,-5.684341886080802e-14
2012-08-12,42,7,634.1,196.5625,1,689.6929824561403,inf,2352,all cumulative-window cuts are feasible,reachability_lower,0,12,0.0,413.8157894736842,0.0
2012-08-12,42,8,634.1,184.296875,1,646.655701754386,inf,2352,all cumulative-window cuts are feasible,reachability_lower,0,12,0.0,387.9934210526316,0.0
2012-08-12,42,9,634.1,187.65625,1,658.4429824561403,inf,2352,all cumulative-window cuts are feasible,reachability_lower,0,12,0.0,395.0657894736842,0.0
2012-08-13,43,0,634.1,161.484375,1,566.6118421052631,inf,2352,all cumulative-window cuts are feasible,reachability_lower,0,12,0.0,339.9671052631579,0.0
2012-08-13,43,1,634.1,136.015625,1,477.2478070175438,inf,2352,all cumulative-window cuts are feasible,reachability_lower,0,12,0.0,286.3486842105263,0.0
2012-08-13,43,2,634.1,129.6875,1,455.04385964912274,inf,2352,all cumulative-window cuts are feasible,reachability_lower,0,12,0.0,273.0263157894737,0.0
2012-08-13,43,3,634.1,109.375,1,383.77192982456137,inf,2352,all cumulative-window cuts are feasible,reachability_lower,0,12,0.0,230.26315789473685,0.0
2012-08-13,43,4,634.1,140.46875,1,492.87280701754383,inf,2352,all cumulative-window cuts are feasible,reachability_lower,0,12,0.0,295.72368421052636,0.0
2012-08-13,43,5,634.1,95.078125,1,333.60745614035085,inf,2352,all cumulative-window cuts are feasible,reachability_lower,0,12,0.0,200.16447368421055,0.0
2012-08-13,43,6,634.1,157.421875,1,552.3574561403508,inf,2352,all cumulative-window cuts are feasible,reachability_lower,0,12,0.0,331.4144736842105,0.0
2012-08-13,43,7,634.1,146.40625,1,513.7061403508771,inf,2352,all cumulative-window cuts are feasible,reachability_lower,0,12,0.0,308.22368421052636,0.0
2012-08-13,43,8,634.1,130.859375,1,459.155701754386,inf,2352,all cumulative-window cuts are feasible,reachability_lower,0,12,0.0,275.4934210526316,0.0
2012-08-13,43,9,634.1,127.1875,1,446.2719298245614,inf,2352,all cumulative-window cuts are feasible,reachability_lower,0,12,0.0,267.7631578947369,0.0
2012-08-14,44,0,634.1,155.9375,1,547.1491228070174,inf,2352,all cumulative-window cuts are feasible,reachability_lower,0,12,0.0,328.2894736842105,0.0
2012-08-14,44,1,634.1,119.921875,1,420.7785087719298,inf,2352,all cumulative-window cuts are feasible,reachability_lower,0,12,0.0,252.46710526315792,0.0
2012-08-14,44,2,634.1,156.953125,1,550.7127192982456,inf,2352,all cumulative-window cuts are feasible,reachability_lower,0,12,0.0,330.4276315789474,0.0
2012-08-14,44,3,634.1,112.734375,1,395.5592105263157,inf,2352,all cumulative-window cuts are feasible,reachability_lower,0,12,0.0,237.33552631578948,0.0
2012-08-14,44,4,634.1,128.4375,1,450.657894736842,inf,2352,all cumulative-window cuts are feasible,reachability_lower,0,12,0.0,270.39473684210526,0.0
2012-08-14,44,5,634.1,112.96875,1,396.3815789473684,inf,2352,all cumulative-window cuts are feasible,reachability_lower,0,12,0.0,237.82894736842107,0.0
2012-08-14,44,6,634.1,123.984375,1,435.032894736842,inf,2352,all cumulative-window cuts are feasible,reachability_lower,0,12,0.0,261.01973684210526,0.0
2012-08-14,44,7,634.1,139.21875,1,488.4868421052631,inf,2352,all cumulative-window cuts are feasible,reachability_lower,0,12,0.0,293.0921052631579,0.0
2012-08-14,44,8,634.1,118.671875,1,416.3925438596491,inf,2352,all cumulative-window cuts are feasible,reachability_lower,0,12,0.0,249.83552631578948,-2.842170943040401e-14
2012-08-14,44,9,634.1,143.59375,1,503.8377192982456,inf,2352,all cumulative-window cuts are feasible,reachability_lower,0,12,0.0,302.3026315789474,0.0
2012-08-15,45,0,634.1,166.953125,1,585.8004385964912,inf,2352,all cumulative-window cuts are feasible,reachability_lower,0,12,0.0,351.48026315789474,0.0
2012-08-15,45,1,634.1,164.921875,1,578.673245614035,inf,2352,all cumulative-window cuts are feasible,reachability_lower,0,12,0.0,347.20394736842104,0.0
2012-08-15,45,2,634.1,163.28125,1,572.9166666666666,inf,2352,all cumulative-window cuts are feasible,reachability_lower,0,12,0.0,343.75,0.0
2012-08-15,45,3,634.1,151.953125,1,533.1688596491227,inf,2352,all cumulative-window cuts are feasible,reachability_lower,0,12,0.0,319.9013157894737,0.0
2012-08-15,45,4,634.1,167.734375,1,588.5416666666666,inf,2352,all cumulative-window cuts are feasible,reachability_lower,0,12,0.0,353.125,-5.684341886080802e-14
2012-08-15,45,5,634.1,155.546875,1,545.7785087719298,inf,2352,all cumulative-window cuts are feasible,reachability_lower,0,12,0.0,327.4671052631579,0.0
2012-08-15,45,6,634.1,164.140625,1,575.9320175438595,inf,2352,all cumulative-window cuts are feasible,reachability_lower,0,12,0.0,345.5592105263158,5.684341886080802e-14
2012-08-15,45,7,634.1,172.265625,1,604.4407894736842,inf,2352,all cumulative-window cuts are feasible,reachability_lower,0,12,0.0,362.6644736842105,-5.684341886080802e-14
2012-08-15,45,8,634.1,165.390625,1,580.3179824561403,inf,2352,all cumulative-window cuts are feasible,reachability_lower,0,12,0.0,348.1907894736842,0.0
2012-08-15,45,9,634.1,167.109375,1,586.3486842105262,inf,2352,all cumulative-window cuts are feasible,reachability_lower,0,12,0.0,351.8092105263158,0.0
2012-08-16,46,0,634.1,102.96875,1,361.2938596491228,inf,2352,all cumulative-window cuts are feasible,reachability_lower,0,12,0.0,216.7763157894737,0.0
2012-08-16,46,1,634.1,124.296875,1,436.1293859649123,inf,2352,all cumulative-window cuts are feasible,reachability_lower,0,12,0.0,261.6776315789474,0.0
2012-08-16,46,2,634.1,69.765625,1,244.79166666666663,inf,2352,all cumulative-window cuts are feasible,reachability_lower,0,12,0.0,146.875,0.0
2012-08-16,46,3,634.1,58.59375,1,205.59210526315786,inf,2352,all cumulative-window cuts are feasible,reachability_lower,0,12,0.0,123.35526315789474,0.0
2012-08-16,46,4,634.1,117.578125,1,412.55482456140345,inf,2352,all cumulative-window cuts are feasible,reachability_lower,0,12,0.0,247.5328947368421,0.0
2012-08-16,46,5,634.1,86.796875,1,304.5504385964912,inf,2352,all cumulative-window cuts are feasible,reachability_lower,0,12,0.0,182.73026315789474,0.0
2012-08-16,46,6,634.1,108.828125,1,381.8530701754386,inf,2352,all cumulative-window cuts are feasible,reachability_lower,0,12,0.0,229.11184210526318,0.0
2012-08-16,46,7,634.1,107.1875,1,376.09649122807014,inf,2352,all cumulative-window cuts are feasible,reachability_lower,0,12,0.0,225.6578947368421,0.0
2012-08-16,46,8,634.1,103.4375,1,362.93859649122805,inf,2352,all cumulative-window cuts are feasible,reachability_lower,0,12,0.0,217.76315789473685,-2.842170943040401e-14
2012-08-16,46,9,634.1,111.09375,1,389.80263157894734,inf,2352,all cumulative-window cuts are feasible,reachability_lower,0,12,0.0,233.88157894736844,0.0
2012-08-17,47,0,634.1,127.5,1,447.36842105263156,inf,2352,all cumulative-window cuts are feasible,reachability_lower,0,12,0.0,268.42105263157896,0.0
2012-08-17,47,1,634.1,121.71875,1,427.08333333333326,inf,2352,all cumulative-window cuts are feasible,reachability_lower,0,12,0.0,256.25,0.0
2012-08-17,47,2,634.1,90.3125,1,316.8859649122807,inf,2352,all cumulative-window cuts are feasible,reachability_lower,0,12,0.0,190.13157894736844,-2.842170943040401e-14
2012-08-17,47,3,634.1,126.796875,1,444.90131578947364,inf,2352,all cumulative-window cuts are feasible,reachability_lower,0,12,0.0,266.9407894736842,0.0
2012-08-17,47,4,634.1,125.78125,1,441.3377192982456,inf,2352,all cumulative-window cuts are feasible,reachability_lower,0,12,0.0,264.8026315789474,0.0
2012-08-17,47,5,634.1,126.09375,1,442.4342105263157,inf,2352,all cumulative-window cuts are feasible,reachability_lower,0,12,0.0,265.4605263157895,0.0
2012-08-17,47,6,634.1,129.84375,1,455.5921052631578,inf,2352,all cumulative-window cuts are feasible,reachability_lower,0,12,0.0,273.35526315789474,0.0
2012-08-17,47,7,634.1,111.40625,1,390.89912280701753,inf,2352,all cumulative-window cuts are feasible,reachability_lower,0,12,0.0,234.53947368421055,0.0
2012-08-17,47,8,634.1,121.328125,1,425.71271929824553,inf,2352,all cumulative-window cuts are feasible,reachability_lower,0,12,0.0,255.42763157894737,0.0
2012-08-17,47,9,634.1,147.5,1,517.5438596491227,inf,2352,all cumulative-window cuts are feasible,reachability_lower,0,12,0.0,310.5263157894737,0.0
2012-08-18,48,0,634.1,132.34375,1,464.3640350877193,inf,2352,all cumulative-window cuts are feasible,reachability_lower,0,12,0.0,278.6184210526316,0.0
2012-08-18,48,1,634.1,166.953125,1,585.8004385964912,inf,2352,all cumulative-window cuts are feasible,reachability_lower,0,12,0.0,351.48026315789474,0.0
2012-08-18,48,2,634.1,146.25,1,513.157894736842,inf,2352,all cumulative-window cuts are feasible,reachability_lower,0,12,0.0,307.89473684210526,5.684341886080802e-14
2012-08-18,48,3,634.1,155.46875,1,545.5043859649122,inf,2352,all cumulative-window cuts are feasible,reachability_lower,0,12,0.0,327.3026315789474,0.0
2012-08-18,48,4,634.1,162.109375,1,568.8048245614035,inf,2352,all cumulative-window cuts are feasible,reachability_lower,0,12,0.0,341.28289473684214,0.0
2012-08-18,48,5,634.1,128.4375,1,450.657894736842,inf,2352,all cumulative-window cuts are feasible,reachability_lower,0,12,0.0,270.39473684210526,0.0
2012-08-18,48,6,634.1,149.0625,1,523.0263157894736,inf,2352,all cumulative-window cuts are feasible,reachability_lower,0,12,0.0,313.8157894736842,0.0
2012-08-18,48,7,634.1,135.46875,1,475.32894736842104,inf,2352,all cumulative-window cuts are feasible,reachability_lower,0,12,0.0,285.19736842105266,0.0
2012-08-18,48,8,634.1,156.328125,1,548.5197368421052,inf,2352,all cumulative-window cuts are feasible,reachability_lower,0,12,0.0,329.1118421052632,0.0
2012-08-18,48,9,634.1,133.90625,1,469.84649122807014,inf,2352,all cumulative-window cuts are feasible,reachability_lower,0,12,0.0,281.90789473684214,0.0
2012-08-19,49,0,634.1,168.515625,1,591.282894736842,inf,2352,all cumulative-window cuts are feasible,reachability_lower,0,12,0.0,354.76973684210526,0.0
2012-08-19,49,1,634.1,135.78125,1,476.4254385964912,inf,2352,all cumulative-window cuts are feasible,reachability_lower,0,12,0.0,285.85526315789474,0.0
2012-08-19,49,2,634.1,138.90625,1,487.3903508771929,inf,2352,all cumulative-window cuts are feasible,reachability_lower,0,12,0.0,292.4342105263158,0.0
2012-08-19,49,3,634.1,123.671875,1,433.9364035087719,inf,2352,all cumulative-window cuts are feasible,reachability_lower,0,12,0.0,260.3618421052632,0.0
2012-08-19,49,4,634.1,133.828125,1,469.5723684210526,inf,2352,all cumulative-window cuts are feasible,reachability_lower,0,12,0.0,281.7434210526316,0.0
2012-08-19,49,5,634.1,138.28125,1,485.1973684210526,inf,2352,all cumulative-window cuts are feasible,reachability_lower,0,12,0.0,291.1184210526316,0.0
2012-08-19,49,6,634.1,120.703125,1,423.51973684210526,inf,2352,all cumulative-window cuts are feasible,reachability_lower,0,12,0.0,254.11184210526318,-2.842170943040401e-14
2012-08-19,49,7,634.1,139.296875,1,488.76096491228066,inf,2352,all cumulative-window cuts are feasible,reachability_lower,0,12,0.0,293.25657894736844,0.0
2012-08-19,49,8,634.1,119.53125,1,419.4078947368421,inf,2352,all cumulative-window cuts are feasible,reachability_lower,0,12,0.0,251.6447368421053,0.0
2012-08-19,49,9,634.1,144.53125,1,507.1271929824561,inf,2352,all cumulative-window cuts are feasible,reachability_lower,0,12,0.0,304.2763157894737,0.0
2012-08-20,50,0,634.1,142.109375,1,498.6293859649123,inf,2352,all cumulative-window cuts are feasible,reachability_lower,0,12,0.0,299.1776315789474,0.0
2012-08-20,50,1,634.1,128.984375,1,452.5767543859649,inf,2352,all cumulative-window cuts are feasible,reachability_lower,0,12,0.0,271.54605263157896,0.0
2012-08-20,50,2,634.1,104.0625,1,365.1315789473684,inf,2352,all cumulative-window cuts are feasible,reachability_lower,0,12,0.0,219.07894736842107,0.0
2012-08-20,50,3,634.1,92.265625,1,323.7390350877193,inf,2352,all cumulative-window cuts are feasible,reachability_lower,0,12,0.0,194.2434210526316,0.0
2012-08-20,50,4,634.1,119.6875,1,419.95614035087715,inf,2352,all cumulative-window cuts are feasible,reachability_lower,0,12,0.0,251.97368421052633,0.0
2012-08-20,50,5,634.1,107.1875,1,376.09649122807014,inf,2352,all cumulative-window cuts are feasible,reachability_lower,0,12,0.0,225.6578947368421,0.0
2012-08-20,50,6,634.1,124.375,1,436.4035087719298,inf,2352,all cumulative-window cuts are feasible,reachability_lower,0,12,0.0,261.8421052631579,0.0
2012-08-20,50,7,634.1,132.03125,1,463.26754385964904,inf,2352,all cumulative-window cuts are feasible,reachability_lower,0,12,0.0,277.9605263157895,0.0
2012-08-20,50,8,634.1,84.84375,1,297.6973684210526,inf,2352,all cumulative-window cuts are feasible,reachability_lower,0,12,0.0,178.6184210526316,0.0
2012-08-20,50,9,634.1,115.859375,1,406.52412280701753,inf,2352,all cumulative-window cuts are feasible,reachability_lower,0,12,0.0,243.91447368421055,0.0
2012-08-21,51,0,634.1,120.546875,1,422.97149122807014,inf,2352,all cumulative-window cuts are feasible,reachability_lower,0,12,0.0,253.7828947368421,0.0
2012-08-21,51,1,634.1,96.953125,1,340.1864035087719,inf,2352,all cumulative-window cuts are feasible,reachability_lower,0,12,0.0,204.11184210526318,2.842170943040401e-14
2012-08-21,51,2,634.1,107.34375,1,376.64473684210526,inf,2352,all cumulative-window cuts are feasible,reachability_lower,0,12,0.0,225.98684210526318,0.0
2012-08-21,51,3,634.1,85.46875,1,299.890350877193,inf,2352,all cumulative-window cuts are feasible,reachability_lower,0,12,0.0,179.9342105263158,0.0
2012-08-21,51,4,634.1,117.03125,1,410.63596491228066,inf,2352,all cumulative-window cuts are feasible,reachability_lower,0,12,0.0,246.38157894736844,0.0
2012-08-21,51,5,634.1,78.59375,1,275.7675438596491,inf,2352,all cumulative-window cuts are feasible,reachability_lower,0,12,0.0,165.46052631578948,0.0
2012-08-21,51,6,634.1,124.375,1,436.4035087719298,inf,2352,all cumulative-window cuts are feasible,reachability_lower,0,12,0.0,261.8421052631579,0.0
2012-08-21,51,7,634.1,114.6875,1,402.4122807017543,inf,2352,all cumulative-window cuts are feasible,reachability_lower,0,12,0.0,241.44736842105263,2.842170943040401e-14
2012-08-21,51,8,634.1,86.484375,1,303.453947368421,inf,2352,all cumulative-window cuts are feasible,reachability_lower,0,12,0.0,182.07236842105263,0.0
2012-08-21,51,9,634.1,120.078125,1,421.3267543859649,inf,2352,all cumulative-window cuts are feasible,reachability_lower,0,12,0.0,252.79605263157896,0.0
2012-08-22,52,0,634.1,128.4375,1,450.657894736842,inf,2352,all cumulative-window cuts are feasible,reachability_lower,0,12,0.0,270.39473684210526,0.0
2012-08-22,52,1,634.1,118.4375,1,415.5701754385965,inf,2352,all cumulative-window cuts are feasible,reachability_lower,0,12,0.0,249.34210526315792,0.0
2012-08-22,52,2,634.1,101.25,1,355.2631578947368,inf,2352,all cumulative-window cuts are feasible,reachability_lower,0,12,0.0,213.1578947368421,-2.842170943040401e-14
2012-08-22,52,3,634.1,95.234375,1,334.1557017543859,inf,2352,all cumulative-window cuts are feasible,reachability_lower,0,12,0.0,200.4934210526316,0.0
2012-08-22,52,4,634.1,124.609375,1,437.2258771929824,inf,2352,all cumulative-window cuts are feasible,reachability_lower,0,12,0.0,262.3355263157895,0.0
2012-08-22,52,5,634.1,84.6875,1,297.14912280701753,inf,2352,all cumulative-window cuts are feasible,reachability_lower,0,12,0.0,178.28947368421055,0.0
2012-08-22,52,6,634.1,124.21875,1,435.85526315789474,inf,2352,all cumulative-window cuts are feasible,reachability_lower,0,12,0.0,261.5131578947369,0.0
2012-08-22,52,7,634.1,135.859375,1,476.6995614035087,inf,2352,all cumulative-window cuts are feasible,reachability_lower,0,12,0.0,286.01973684210526,0.0
2012-08-22,52,8,634.1,87.65625,1,307.5657894736842,inf,2352,all cumulative-window cuts are feasible,reachability_lower,0,12,0.0,184.53947368421055,0.0
2012-08-22,52,9,634.1,129.609375,1,454.7697368421052,inf,2352,all cumulative-window cuts are feasible,reachability_lower,0,12,0.0,272.8618421052632,0.0
2012-08-23,53,0,634.1,127.34375,1,446.8201754385965,inf,2352,all cumulative-window cuts are feasible,reachability_lower,0,12,0.0,268.0921052631579,0.0
2012-08-23,53,1,634.1,99.0625,1,347.5877192982456,inf,2352,all cumulative-window cuts are feasible,reachability_lower,0,12,0.0,208.55263157894737,0.0
2012-08-23,53,2,634.1,97.96875,1,343.74999999999994,inf,2352,all cumulative-window cuts are feasible,reachability_lower,0,12,0.0,206.25,0.0
2012-08-23,53,3,634.1,96.171875,1,337.44517543859644,inf,2352,all cumulative-window cuts are feasible,reachability_lower,0,12,0.0,202.4671052631579,0.0
2012-08-23,53,4,634.1,98.4375,1,345.39473684210526,inf,2352,all cumulative-window cuts are feasible,reachability_lower,0,12,0.0,207.23684210526318,0.0
2012-08-23,53,5,634.1,104.296875,1,365.953947368421,inf,2352,all cumulative-window cuts are feasible,reachability_lower,0,12,0.0,219.57236842105263,0.0
2012-08-23,53,6,634.1,122.578125,1,430.09868421052624,inf,2352,all cumulative-window cuts are feasible,reachability_lower,0,12,0.0,258.0592105263158,0.0
2012-08-23,53,7,634.1,116.484375,1,408.71710526315786,inf,2352,all cumulative-window cuts are feasible,reachability_lower,0,12,0.0,245.23026315789474,0.0
2012-08-23,53,8,634.1,108.203125,1,379.6600877192982,inf,2352,all cumulative-window cuts are feasible,reachability_lower,0,12,0.0,227.79605263157896,0.0
2012-08-23,53,9,634.1,122.109375,1,428.45394736842104,inf,2352,all cumulative-window cuts are feasible,reachability_lower,0,12,0.0,257.07236842105266,0.0
2012-08-24,54,0,634.1,114.6875,1,402.4122807017543,inf,2352,all cumulative-window cuts are feasible,reachability_lower,0,12,0.0,241.44736842105263,2.842170943040401e-14
2012-08-24,54,1,634.1,98.59375,1,345.9429824561403,inf,2352,all cumulative-window cuts are feasible,reachability_lower,0,12,0.0,207.56578947368422,0.0
2012-08-24,54,2,634.1,103.828125,1,364.3092105263157,inf,2352,all cumulative-window cuts are feasible,reachability_lower,0,12,0.0,218.58552631578948,0.0
2012-08-24,54,3,634.1,51.328125,1,180.0986842105263,inf,2352,all cumulative-window cuts are feasible,reachability_lower,0,12,0.0,108.0592105263158,0.0
2012-08-24,54,4,634.1,106.5625,1,373.9035087719298,inf,2352,all cumulative-window cuts are feasible,reachability_lower,0,12,0.0,224.34210526315792,0.0
2012-08-24,54,5,634.1,63.203125,1,221.765350877193,inf,2352,all cumulative-window cuts are feasible,reachability_lower,0,12,0.0,133.0592105263158,0.0
2012-08-24,54,6,634.1,114.140625,1,400.49342105263156,inf,2352,all cumulative-window cuts are feasible,reachability_lower,0,12,0.0,240.29605263157896,0.0
2012-08-24,54,7,634.1,79.21875,1,277.9605263157895,inf,2352,all cumulative-window cuts are feasible,reachability_lower,0,12,0.0,166.7763157894737,0.0
2012-08-24,54,8,634.1,110.3125,1,387.0614035087719,inf,2352,all cumulative-window cuts are feasible,reachability_lower,0,12,0.0,232.23684210526318,0.0
2012-08-24,54,9,634.1,104.296875,1,365.953947368421,inf,2352,all cumulative-window cuts are feasible,reachability_lower,0,12,0.0,219.57236842105263,0.0
2012-08-25,55,0,634.1,114.6875,1,402.4122807017543,inf,2352,all cumulative-window cuts are feasible,reachability_lower,0,12,0.0,241.44736842105263,2.842170943040401e-14
2012-08-25,55,1,634.1,108.59375,1,381.0307017543859,inf,2352,all cumulative-window cuts are feasible,reachability_lower,0,12,0.0,228.6184210526316,0.0
2012-08-25,55,2,634.1,101.015625,1,354.4407894736842,inf,2352,all cumulative-window cuts are feasible,reachability_lower,0,12,0.0,212.66447368421055,-2.842170943040401e-14
2012-08-25,55,3,634.1,95.078125,1,333.60745614035085,inf,2352,all cumulative-window cuts are feasible,reachability_lower,0,12,0.0,200.16447368421055,0.0
2012-08-25,55,4,634.1,135.859375,1,476.6995614035087,inf,2352,all cumulative-window cuts are feasible,reachability_lower,0,12,0.0,286.01973684210526,0.0
2012-08-25,55,5,634.1,85.46875,1,299.890350877193,inf,2352,all cumulative-window cuts are feasible,reachability_lower,0,12,0.0,179.9342105263158,0.0
2012-08-25,55,6,634.1,134.0625,1,470.3947368421052,inf,2352,all cumulative-window cuts are feasible,reachability_lower,0,12,0.0,282.2368421052632,0.0
2012-08-25,55,7,634.1,116.5625,1,408.9912280701754,inf,2352,all cumulative-window cuts are feasible,reachability_lower,0,12,0.0,245.3947368421053,2.842170943040401e-14
2012-08-25,55,8,634.1,129.453125,1,454.22149122807014,inf,2352,all cumulative-window cuts are feasible,reachability_lower,0,12,0.0,272.53289473684214,0.0
2012-08-25,55,9,634.1,122.34375,1,429.27631578947364,inf,2352,all cumulative-window cuts are feasible,reachability_lower,0,12,0.0,257.5657894736842,0.0
2012-08-26,56,0,634.1,130.46875,1,457.7850877192982,inf,2352,all cumulative-window cuts are feasible,reachability_lower,0,12,0.0,274.67105263157896,0.0
2012-08-26,56,1,634.1,169.765625,1,595.6688596491227,inf,2352,all cumulative-window cuts are feasible,reachability_lower,0,12,0.0,357.4013157894737,0.0
2012-08-26,56,2,634.1,152.109375,1,533.7171052631578,inf,2352,all cumulative-window cuts are feasible,reachability_lower,0,12,0.0,320.23026315789474,0.0
2012-08-26,56,3,634.1,123.125,1,432.0175438596491,inf,2352,all cumulative-window cuts are feasible,reachability_lower,0,12,0.0,259.2105263157895,0.0
2012-08-26,56,4,634.1,138.59375,1,486.29385964912274,inf,2352,all cumulative-window cuts are feasible,reachability_lower,0,12,0.0,291.7763157894737,0.0
2012-08-26,56,5,634.1,116.875,1,410.08771929824553,inf,2352,all cumulative-window cuts are feasible,reachability_lower,0,12,0.0,246.05263157894737,2.842170943040401e-14
2012-08-26,56,6,634.1,150.703125,1,528.782894736842,inf,2352,all cumulative-window cuts are feasible,reachability_lower,0,12,0.0,317.26973684210526,5.684341886080802e-14
2012-08-26,56,7,634.1,145.078125,1,509.0460526315789,inf,2352,all cumulative-window cuts are feasible,reachability_lower,0,12,0.0,305.4276315789474,0.0
2012-08-26,56,8,634.1,145.234375,1,509.59429824561397,inf,2352,all cumulative-window cuts are feasible,reachability_lower,0,12,0.0,305.75657894736844,0.0
2012-08-26,56,9,634.1,165.625,1,581.1403508771929,inf,2352,all cumulative-window cuts are feasible,reachability_lower,0,12,0.0,348.6842105263158,0.0
2012-08-27,57,0,634.1,121.328125,1,425.71271929824553,inf,2352,all cumulative-window cuts are feasible,reachability_lower,0,12,0.0,255.42763157894737,0.0
2012-08-27,57,1,634.1,127.5,1,447.36842105263156,inf,2352,all cumulative-window cuts are feasible,reachability_lower,0,12,0.0,268.42105263157896,0.0
2012-08-27,57,2,634.1,118.28125,1,415.02192982456137,inf,2352,all cumulative-window cuts are feasible,reachability_lower,0,12,0.0,249.01315789473685,0.0
2012-08-27,57,3,634.1,112.734375,1,395.5592105263157,inf,2352,all cumulative-window cuts are feasible,reachability_lower,0,12,0.0,237.33552631578948,0.0
2012-08-27,57,4,634.1,137.5,1,482.4561403508772,inf,2352,all cumulative-window cuts are feasible,reachability_lower,0,12,0.0,289.47368421052636,0.0
2012-08-27,57,5,634.1,104.453125,1,366.5021929824561,inf,2352,all cumulative-window cuts are feasible,reachability_lower,0,12,0.0,219.9013157894737,0.0
2012-08-27,57,6,634.1,129.375,1,453.9473684210526,inf,2352,all cumulative-window cuts are feasible,reachability_lower,0,12,0.0,272.3684210526316,0.0
2012-08-27,57,7,634.1,141.5625,1,496.7105263157894,inf,2352,all cumulative-window cuts are feasible,reachability_lower,0,12,0.0,298.0263157894737,0.0
2012-08-27,57,8,634.1,108.59375,1,381.0307017543859,inf,2352,all cumulative-window cuts are feasible,reachability_lower,0,12,0.0,228.6184210526316,0.0
2012-08-27,57,9,634.1,120.390625,1,422.42324561403507,inf,2352,all cumulative-window cuts are feasible,reachability_lower,0,12,0.0,253.45394736842107,0.0
2012-08-28,58,0,634.1,111.796875,1,392.26973684210526,inf,2352,all cumulative-window cuts are feasible,reachability_lower,0,12,0.0,235.36184210526318,0.0
2012-08-28,58,1,634.1,109.375,1,383.77192982456137,inf,2352,all cumulative-window cuts are feasible,reachability_lower,0,12,0.0,230.26315789473685,0.0
2012-08-28,58,2,634.1,86.640625,1,304.0021929824561,inf,2352,all cumulative-window cuts are feasible,reachability_lower,0,12,0.0,182.4013157894737,0.0
2012-08-28,58,3,634.1,86.09375,1,302.0833333333333,inf,2352,all cumulative-window cuts are feasible,reachability_lower,0,12,0.0,181.25,-2.842170943040401e-14
2012-08-28,58,4,634.1,116.328125,1,408.1688596491228,inf,2352,all cumulative-window cuts are feasible,reachability_lower,0,12,0.0,244.9013157894737,0.0
2012-08-28,58,5,634.1,86.015625,1,301.8092105263158,inf,2352,all cumulative-window cuts are feasible,reachability_lower,0,12,0.0,181.08552631578948,-2.842170943040401e-14
2012-08-28,58,6,634.1,120.078125,1,421.3267543859649,inf,2352,all cumulative-window cuts are feasible,reachability_lower,0,12,0.0,252.79605263157896,0.0
2012-08-28,58,7,634.1,120.859375,1,424.0679824561403,inf,2352,all cumulative-window cuts are feasible,reachability_lower,0,12,0.0,254.44078947368422,-2.842170943040401e-14
2012-08-28,58,8,634.1,90.859375,1,318.80482456140345,inf,2352,all cumulative-window cuts are feasible,reachability_lower,0,12,0.0,191.2828947368421,0.0
2012-08-28,58,9,634.1,120.546875,1,422.97149122807014,inf,2352,all cumulative-window cuts are feasible,reachability_lower,0,12,0.0,253.7828947368421,0.0
2012-08-29,59,0,634.1,137.5,1,482.4561403508772,inf,2352,all cumulative-window cuts are feasible,reachability_lower,0,12,0.0,289.47368421052636,0.0
2012-08-29,59,1,634.1,160.15625,1,561.9517543859648,inf,2352,all cumulative-window cuts are feasible,reachability_lower,0,12,0.0,337.17105263157896,0.0
2012-08-29,59,2,634.1,115.9375,1,406.79824561403507,inf,2352,all cumulative-window cuts are feasible,reachability_lower,0,12,0.0,244.07894736842107,0.0
2012-08-29,59,3,634.1,87.34375,1,306.469298245614,inf,2352,all cumulative-window cuts are feasible,reachability_lower,0,12,0.0,183.88157894736844,0.0
2012-08-29,59,4,634.1,141.40625,1,496.16228070175436,inf,2352,all cumulative-window cuts are feasible,reachability_lower,0,12,0.0,297.69736842105266,0.0
2012-08-29,59,5,634.1,119.0625,1,417.76315789473676,inf,2352,all cumulative-window cuts are feasible,reachability_lower,0,12,0.0,250.6578947368421,0.0
2012-08-29,59,6,634.1,161.484375,1,566.6118421052631,inf,2352,all cumulative-window cuts are feasible,reachability_lower,0,12,0.0,339.9671052631579,0.0
2012-08-29,59,7,634.1,111.25,1,390.3508771929824,inf,2352,all cumulative-window cuts are feasible,reachability_lower,0,12,0.0,234.21052631578948,0.0
2012-08-29,59,8,634.1,109.921875,1,385.69078947368416,inf,2352,all cumulative-window cuts are feasible,reachability_lower,0,12,0.0,231.41447368421055,2.842170943040401e-14
2012-08-29,59,9,634.1,136.09375,1,477.52192982456137,inf,2352,all cumulative-window cuts are feasible,reachability_lower,0,12,0.0,286.5131578947369,0.0
2012-08-30,60,0,634.1,98.75,1,346.4912280701754,inf,2352,all cumulative-window cuts are feasible,reachability_lower,0,12,0.0,207.89473684210526,0.0
2012-08-30,60,1,634.1,106.015625,1,371.98464912280696,inf,2352,all cumulative-window cuts are feasible,reachability_lower,0,12,0.0,223.19078947368422,0.0
2012-08-30,60,2,634.1,81.40625,1,285.6359649122807,inf,2352,all cumulative-window cuts are feasible,reachability_lower,0,12,0.0,171.38157894736844,0.0
2012-08-30,60,3,634.1,86.484375,1,303.453947368421,inf,2352,all cumulative-window cuts are feasible,reachability_lower,0,12,0.0,182.07236842105263,0.0
2012-08-30,60,4,634.1,94.84375,1,332.7850877192982,inf,2352,all cumulative-window cuts are feasible,reachability_lower,0,12,0.0,199.67105263157896,2.842170943040401e-14
2012-08-30,60,5,634.1,82.8125,1,290.57017543859644,inf,2352,all cumulative-window cuts are feasible,reachability_lower,0,12,0.0,174.3421052631579,0.0
2012-08-30,60,6,634.1,116.40625,1,408.4429824561403,inf,2352,all cumulative-window cuts are feasible,reachability_lower,0,12,0.0,245.06578947368422,0.0
2012-08-30,60,7,634.1,108.515625,1,380.7565789473684,inf,2352,all cumulative-window cuts are feasible,reachability_lower,0,12,0.0,228.45394736842107,0.0
2012-08-30,60,8,634.1,82.734375,1,290.2960526315789,inf,2352,all cumulative-window cuts are feasible,reachability_lower,0,12,0.0,174.17763157894737,0.0
2012-08-30,60,9,634.1,108.4375,1,380.48245614035085,inf,2352,all cumulative-window cuts are feasible,reachability_lower,0,12,0.0,228.28947368421055,0.0
2012-08-31,61,0,634.1,110.0,1,385.9649122807017,inf,2352,all cumulative-window cuts are feasible,reachability_lower,0,12,0.0,231.57894736842107,2.842170943040401e-14
2012-08-31,61,1,634.1,115.234375,1,404.33114035087715,inf,2352,all cumulative-window cuts are feasible,reachability_lower,0,12,0.0,242.59868421052633,0.0
2012-08-31,61,2,634.1,102.109375,1,358.2785087719298,inf,2352,all cumulative-window cuts are feasible,reachability_lower,0,12,0.0,214.96710526315792,0.0
2012-08-31,61,3,634.1,87.65625,1,307.5657894736842,inf,2352,all cumulative-window cuts are feasible,reachability_lower,0,12,0.0,184.53947368421055,0.0
2012-08-31,61,4,634.1,119.375,1,418.85964912280696,inf,2352,all cumulative-window cuts are feasible,reachability_lower,0,12,0.0,251.31578947368422,0.0
2012-08-31,61,5,634.1,86.328125,1,302.9057017543859,inf,2352,all cumulative-window cuts are feasible,reachability_lower,0,12,0.0,181.7434210526316,0.0
2012-08-31,61,6,634.1,113.4375,1,398.02631578947364,inf,2352,all cumulative-window cuts are feasible,reachability_lower,0,12,0.0,238.81578947368422,0.0
2012-08-31,61,7,634.1,96.71875,1,339.3640350877193,inf,2352,all cumulative-window cuts are feasible,reachability_lower,0,12,0.0,203.6184210526316,0.0
2012-08-31,61,8,634.1,85.9375,1,301.53508771929825,inf,2352,all cumulative-window cuts are feasible,reachability_lower,0,12,0.0,180.92105263157896,-2.842170943040401e-14
2012-08-31,61,9,634.1,117.5,1,412.2807017543859,inf,2352,all cumulative-window cuts are feasible,reachability_lower,0,12,0.0,247.3684210526316,0.0
2012-09-01,62,0,634.1,129.921875,1,455.86622807017534,inf,2352,all cumulative-window cuts are feasible,reachability_lower,0,12,0.0,273.51973684210526,0.0
2012-09-01,62,1,634.1,159.84375,1,560.8552631578947,inf,2352,all cumulative-window cuts are feasible,reachability_lower,0,12,0.0,336.5131578947369,0.0
2012-09-01,62,2,634.1,95.9375,1,336.62280701754383,inf,2352,all cumulative-window cuts are feasible,reachability_lower,0,12,0.0,201.97368421052633,0.0
2012-09-01,62,3,634.1,117.8125,1,413.3771929824561,inf,2352,all cumulative-window cuts are feasible,reachability_lower,0,12,0.0,248.0263157894737,0.0
2012-09-01,62,4,634.1,138.046875,1,484.37499999999994,inf,2352,all cumulative-window cuts are feasible,reachability_lower,0,12,0.0,290.625,0.0
2012-09-01,62,5,634.1,71.25,1,249.99999999999997,inf,2352,all cumulative-window cuts are feasible,reachability_lower,0,12,0.0,150.0,0.0
2012-09-01,62,6,634.1,117.03125,1,410.63596491228066,inf,2352,all cumulative-window cuts are feasible,reachability_lower,0,12,0.0,246.38157894736844,0.0
2012-09-01,62,7,634.1,161.09375,1,565.2412280701753,inf,2352,all cumulative-window cuts are feasible,reachability_lower,0,12,0.0,339.14473684210526,0.0
2012-09-01,62,8,634.1,131.796875,1,462.44517543859644,inf,2352,all cumulative-window cuts are feasible,reachability_lower,0,12,0.0,277.4671052631579,0.0
2012-09-01,62,9,634.1,145.15625,1,509.32017543859644,inf,2352,all cumulative-window cuts are feasible,reachability_lower,0,12,0.0,305.5921052631579,0.0
2012-09-02,63,0,634.1,131.171875,1,460.2521929824561,inf,2352,all cumulative-window cuts are feasible,reachability_lower,0,12,0.0,276.1513157894737,0.0
2012-09-02,63,1,634.1,125.3125,1,439.6929824561403,inf,2352,all cumulative-window cuts are feasible,reachability_lower,0,12,0.0,263.8157894736842,0.0
2012-09-02,63,2,634.1,82.03125,1,287.828947368421,inf,2352,all cumulative-window cuts are feasible,reachability_lower,0,12,0.0,172.69736842105263,2.842170943040401e-14
2012-09-02,63,3,634.1,100.078125,1,351.15131578947364,inf,2352,all cumulative-window cuts are feasible,reachability_lower,0,12,0.0,210.69078947368422,0.0
2012-09-02,63,4,634.1,120.625,1,423.24561403508767,inf,2352,all cumulative-window cuts are feasible,reachability_lower,0,12,0.0,253.94736842105263,0.0
2012-09-02,63,5,634.1,101.796875,1,357.1820175438596,inf,2352,all cumulative-window cuts are feasible,reachability_lower,0,12,0.0,214.3092105263158,0.0
2012-09-02,63,6,634.1,121.25,1,425.438596491228,inf,2352,all cumulative-window cuts are feasible,reachability_lower,0,12,0.0,255.26315789473685,0.0
2012-09-02,63,7,634.1,124.765625,1,437.7741228070175,inf,2352,all cumulative-window cuts are feasible,reachability_lower,0,12,0.0,262.6644736842105,0.0
2012-09-02,63,8,634.1,124.21875,1,435.85526315789474,inf,2352,all cumulative-window cuts are feasible,reachability_lower,0,12,0.0,261.5131578947369,0.0
2012-09-02,63,9,634.1,134.375,1,471.49122807017534,inf,2352,all cumulative-window cuts are feasible,reachability_lower,0,12,0.0,282.89473684210526,0.0
2012-09-03,64,0,634.1,106.484375,1,373.6293859649122,inf,2352,all cumulative-window cuts are feasible,reachability_lower,0,12,0.0,224.17763157894737,0.0
2012-09-03,64,1,634.1,118.671875,1,416.3925438596491,inf,2352,all cumulative-window cuts are feasible,reachability_lower,0,12,0.0,249.83552631578948,-2.842170943040401e-14
2012-09-03,64,2,634.1,71.328125,1,250.2741228070175,inf,2352,all cumulative-window cuts are feasible,reachability_lower,0,12,0.0,150.16447368421052,0.0
2012-09-03,64,3,634.1,59.375,1,208.33333333333331,inf,2352,all cumulative-window cuts are feasible,reachability_lower,0,12,0.0,125.0,-1.4210854715202004e-14
2012-09-03,64,4,634.1,89.375,1,313.59649122807014,inf,2352,all cumulative-window cuts are feasible,reachability_lower,0,12,0.0,188.1578947368421,0.0
2012-09-03,64,5,634.1,67.34375,1,236.2938596491228,inf,2352,all cumulative-window cuts are feasible,reachability_lower,0,12,0.0,141.7763157894737,0.0
2012-09-03,64,6,634.1,118.4375,1,415.5701754385965,inf,2352,all cumulative-window cuts are feasible,reachability_lower,0,12,0.0,249.34210526315792,0.0
2012-09-03,64,7,634.1,116.875,1,410.08771929824553,inf,2352,all cumulative-window cuts are feasible,reachability_lower,0,12,0.0,246.05263157894737,2.842170943040401e-14
2012-09-03,64,8,634.1,83.203125,1,291.94078947368416,inf,2352,all cumulative-window cuts are feasible,reachability_lower,0,12,0.0,175.16447368421052,0.0
2012-09-03,64,9,634.1,118.75,1,416.66666666666663,inf,2352,all cumulative-window cuts are feasible,reachability_lower,0,12,0.0,250.0,-2.842170943040401e-14
2012-09-04,65,0,634.1,96.796875,1,339.6381578947368,inf,2352,all cumulative-window cuts are feasible,reachability_lower,0,12,0.0,203.7828947368421,0.0
2012-09-04,65,1,634.1,104.296875,1,365.953947368421,inf,2352,all cumulative-window cuts are feasible,reachability_lower,0,12,0.0,219.57236842105263,0.0
2012-09-04,65,2,634.1,99.296875,1,348.4100877192982,inf,2352,all cumulative-window cuts are feasible,reachability_lower,0,12,0.0,209.04605263157896,2.842170943040401e-14
2012-09-04,65,3,634.1,51.71875,1,181.46929824561403,inf,2352,all cumulative-window cuts are feasible,reachability_lower,0,12,0.0,108.88157894736842,-1.4210854715202004e-14
2012-09-04,65,4,634.1,93.671875,1,328.67324561403507,inf,2352,all cumulative-window cuts are feasible,reachability_lower,0,12,0.0,197.20394736842107,0.0
2012-09-04,65,5,634.1,94.140625,1,330.3179824561403,inf,2352,all cumulative-window cuts are feasible,reachability_lower,0,12,0.0,198.19078947368422,0.0
2012-09-04,65,6,634.1,115.390625,1,404.8793859649122,inf,2352,all cumulative-window cuts are feasible,reachability_lower,0,12,0.0,242.92763157894737,0.0
2012-09-04,65,7,634.1,96.09375,1,337.1710526315789,inf,2352,all cumulative-window cuts are feasible,reachability_lower,0,12,0.0,202.30263157894737,0.0
2012-09-04,65,8,634.1,80.390625,1,282.0723684210526,inf,2352,all cumulative-window cuts are feasible,reachability_lower,0,12,0.0,169.2434210526316,0.0
2012-09-04,65,9,634.1,104.296875,1,365.953947368421,inf,2352,all cumulative-window cuts are feasible,reachability_lower,0,12,0.0,219.57236842105263,0.0
2012-09-05,66,0,634.1,87.890625,1,308.3881578947368,inf,2352,all cumulative-window cuts are feasible,reachability_lower,0,12,0.0,185.0328947368421,0.0
2012-09-05,66,1,634.1,88.90625,1,311.9517543859649,inf,2352,all cumulative-window cuts are feasible,reachability_lower,0,12,0.0,187.17105263157896,0.0
2012-09-05,66,2,634.1,97.265625,1,341.282894736842,inf,2352,all cumulative-window cuts are feasible,reachability_lower,0,12,0.0,204.76973684210526,2.842170943040401e-14
2012-09-05,66,3,634.1,48.59375,1,170.50438596491225,inf,2352,all cumulative-window cuts are feasible,reachability_lower,0,12,0.0,102.30263157894737,1.4210854715202004e-14
2012-09-05,66,4,634.1,79.140625,1,277.68640350877195,inf,2352,all cumulative-window cuts are feasible,reachability_lower,0,12,0.0,166.61184210526318,0.0
2012-09-05,66,5,634.1,69.765625,1,244.79166666666663,inf,2352,all cumulative-window cuts are feasible,reachability_lower,0,12,0.0,146.875,0.0
2012-09-05,66,6,634.1,112.890625,1,396.10745614035085,inf,2352,all cumulative-window cuts are feasible,reachability_lower,0,12,0.0,237.66447368421055,0.0
2012-09-05,66,7,634.1,104.84375,1,367.87280701754383,inf,2352,all cumulative-window cuts are feasible,reachability_lower,0,12,0.0,220.72368421052633,0.0
2012-09-05,66,8,634.1,67.5,1,236.84210526315786,inf,2352,all cumulative-window cuts are feasible,reachability_lower,0,12,0.0,142.10526315789474,0.0
2012-09-05,66,9,634.1,102.890625,1,361.01973684210526,inf,2352,all cumulative-window cuts are feasible,reachability_lower,0,12,0.0,216.61184210526318,0.0
2012-09-06,67,0,634.1,103.046875,1,361.5679824561403,inf,2352,all cumulative-window cuts are feasible,reachability_lower,0,12,0.0,216.94078947368422,0.0
2012-09-06,67,1,634.1,99.296875,1,348.4100877192982,inf,2352,all cumulative-window cuts are feasible,reachability_lower,0,12,0.0,209.04605263157896,2.842170943040401e-14
2012-09-06,67,2,634.1,75.078125,1,263.4320175438596,inf,2352,all cumulative-window cuts are feasible,reachability_lower,0,12,0.0,158.0592105263158,2.842170943040401e-14
2012-09-06,67,3,634.1,72.578125,1,254.66008771929822,inf,2352,all cumulative-window cuts are feasible,reachability_lower,0,12,0.0,152.79605263157896,0.0
2012-09-06,67,4,634.1,93.4375,1,327.8508771929824,inf,2352,all cumulative-window cuts are feasible,reachability_lower,0,12,0.0,196.71052631578948,0.0
2012-09-06,67,5,634.1,83.984375,1,294.6820175438596,inf,2352,all cumulative-window cuts are feasible,reachability_lower,0,12,0.0,176.8092105263158,0.0
2012-09-06,67,6,634.1,121.484375,1,426.26096491228066,inf,2352,all cumulative-window cuts are feasible,reachability_lower,0,12,0.0,255.75657894736844,0.0
2012-09-06,67,7,634.1,102.109375,1,358.2785087719298,inf,2352,all cumulative-window cuts are feasible,reachability_lower,0,12,0.0,214.96710526315792,0.0
2012-09-06,67,8,634.1,100.234375,1,351.6995614035087,inf,2352,all cumulative-window cuts are feasible,reachability_lower,0,12,0.0,211.01973684210526,0.0
2012-09-06,67,9,634.1,116.40625,1,408.4429824561403,inf,2352,all cumulative-window cuts are feasible,reachability_lower,0,12,0.0,245.06578947368422,0.0
2012-09-07,68,0,634.1,120.546875,1,422.97149122807014,inf,2352,all cumulative-window cuts are feasible,reachability_lower,0,12,0.0,253.7828947368421,0.0
2012-09-07,68,1,634.1,114.921875,1,403.23464912280696,inf,2352,all cumulative-window cuts are feasible,reachability_lower,0,12,0.0,241.94078947368422,0.0
2012-09-07,68,2,634.1,141.171875,1,495.33991228070164,inf,2352,all cumulative-window cuts are feasible,reachability_lower,0,12,0.0,297.20394736842104,0.0
2012-09-07,68,3,634.1,118.046875,1,414.19956140350877,inf,2352,all cumulative-window cuts are feasible,reachability_lower,0,12,0.0,248.5197368421053,0.0
2012-09-07,68,4,634.1,129.296875,1,453.673245614035,inf,2352,all cumulative-window cuts are feasible,reachability_lower,0,12,0.0,272.20394736842104,0.0
2012-09-07,68,5,634.1,141.015625,1,494.7916666666666,inf,2352,all cumulative-window cuts are feasible,reachability_lower,0,12,0.0,296.875,0.0
2012-09-07,68,6,634.1,126.015625,1,442.1600877192982,inf,2352,all cumulative-window cuts are feasible,reachability_lower,0,12,0.0,265.29605263157896,0.0
2012-09-07,68,7,634.1,116.171875,1,407.62061403508767,inf,2352,all cumulative-window cuts are feasible,reachability_lower,0,12,0.0,244.57236842105263,0.0
2012-09-07,68,8,634.1,139.765625,1,490.405701754386,inf,2352,all cumulative-window cuts are feasible,reachability_lower,0,12,0.0,294.2434210526316,0.0
2012-09-07,68,9,634.1,141.5625,1,496.7105263157894,inf,2352,all cumulative-window cuts are feasible,reachability_lower,0,12,0.0,298.0263157894737,0.0
2012-09-08,69,0,634.1,112.5,1,394.7368421052631,inf,2352,all cumulative-window cuts are feasible,reachability_lower,0,12,0.0,236.84210526315792,0.0
2012-09-08,69,1,634.1,118.515625,1,415.844298245614,inf,2352,all cumulative-window cuts are feasible,reachability_lower,0,12,0.0,249.50657894736844,0.0
2012-09-08,69,2,634.1,76.328125,1,267.8179824561403,inf,2352,all cumulative-window cuts are feasible,reachability_lower,0,12,0.0,160.69078947368422,0.0
2012-09-08,69,3,634.1,67.265625,1,236.0197368421052,inf,2352,all cumulative-window cuts are feasible,reachability_lower,0,12,0.0,141.61184210526315,0.0
2012-09-08,69,4,634.1,112.96875,1,396.3815789473684,inf,2352,all cumulative-window cuts are feasible,reachability_lower,0,12,0.0,237.82894736842107,0.0
2012-09-08,69,5,634.1,83.4375,1,292.7631578947368,inf,2352,all cumulative-window cuts are feasible,reachability_lower,0,12,0.0,175.6578947368421,0.0
2012-09-08,69,6,634.1,88.359375,1,310.0328947368421,inf,2352,all cumulative-window cuts are feasible,reachability_lower,0,12,0.0,186.01973684210526,-2.842170943040401e-14
2012-09-08,69,7,634.1,103.828125,1,364.3092105263157,inf,2352,all cumulative-window cuts are feasible,reachability_lower,0,12,0.0,218.58552631578948,0.0
2012-09-08,69,8,634.1,118.90625,1,417.2149122807017,inf,2352,all cumulative-window cuts are feasible,reachability_lower,0,12,0.0,250.32894736842107,0.0
2012-09-08,69,9,634.1,114.21875,1,400.7675438596491,inf,2352,all cumulative-window cuts are feasible,reachability_lower,0,12,0.0,240.46052631578948,0.0
2012-09-09,70,0,634.1,117.8125,1,413.3771929824561,inf,2352,all cumulative-window cuts are feasible,reachability_lower,0,12,0.0,248.0263157894737,0.0
2012-09-09,70,1,634.1,133.515625,1,468.4758771929824,inf,2352,all cumulative-window cuts are feasible,reachability_lower,0,12,0.0,281.0855263157895,0.0
2012-09-09,70,2,634.1,112.1875,1,393.64035087719293,inf,2352,all cumulative-window cuts are feasible,reachability_lower,0,12,0.0,236.1842105263158,2.842170943040401e-14
2012-09-09,70,3,634.1,92.578125,1,324.8355263157894,inf,2352,all cumulative-window cuts are feasible,reachability_lower,0,12,0.0,194.9013157894737,2.842170943040401e-14
2012-09-09,70,4,634.1,117.734375,1,413.1030701754386,inf,2352,all cumulative-window cuts are feasible,reachability_lower,0,12,0.0,247.86184210526318,0.0
2012-09-09,70,5,634.1,73.28125,1,257.1271929824561,inf,2352,all cumulative-window cuts are feasible,reachability_lower,0,12,0.0,154.2763157894737,0.0
2012-09-09,70,6,634.1,119.921875,1,420.7785087719298,inf,2352,all cumulative-window cuts are feasible,reachability_lower,0,12,0.0,252.46710526315792,0.0
2012-09-09,70,7,634.1,125.625,1,440.78947368421046,inf,2352,all cumulative-window cuts are feasible,reachability_lower,0,12,0.0,264.4736842105263,0.0
2012-09-09,70,8,634.1,115.546875,1,405.42763157894734,inf,2352,all cumulative-window cuts are feasible,reachability_lower,0,12,0.0,243.25657894736844,0.0
2012-09-09,70,9,634.1,108.671875,1,381.30482456140345,inf,2352,all cumulative-window cuts are feasible,reachability_lower,0,12,0.0,228.7828947368421,0.0
2012-09-10,71,0,634.1,95.0,1,333.33333333333326,inf,2352,all cumulative-window cuts are feasible,reachability_lower,0,12,0.0,200.0,2.842170943040401e-14
2012-09-10,71,1,634.1,96.015625,1,336.89692982456137,inf,2352,all cumulative-window cuts are feasible,reachability_lower,0,12,0.0,202.13815789473685,0.0
2012-09-10,71,2,634.1,83.515625,1,293.03728070175436,inf,2352,all cumulative-window cuts are feasible,reachability_lower,0,12,0.0,175.82236842105263,0.0
2012-09-10,71,3,634.1,66.25,1,232.45614035087718,inf,2352,all cumulative-window cuts are feasible,reachability_lower,0,12,0.0,139.47368421052633,0.0
2012-09-10,71,4,634.1,74.6875,1,262.06140350877195,inf,2352,all cumulative-window cuts are feasible,reachability_lower,0,12,0.0,157.23684210526318,0.0
2012-09-10,71,5,634.1,54.375,1,190.7894736842105,inf,2352,all cumulative-window cuts are feasible,reachability_lower,0,12,0.0,114.47368421052632,0.0
2012-09-10,71,6,634.1,97.890625,1,343.4758771929824,inf,2352,all cumulative-window cuts are feasible,reachability_lower,0,12,0.0,206.08552631578948,0.0
2012-09-10,71,7,634.1,78.515625,1,275.49342105263156,inf,2352,all cumulative-window cuts are feasible,reachability_lower,0,12,0.0,165.29605263157896,0.0
2012-09-10,71,8,634.1,73.515625,1,257.9495614035087,inf,2352,all cumulative-window cuts are feasible,reachability_lower,0,12,0.0,154.76973684210526,0.0
2012-09-10,71,9,634.1,99.609375,1,349.5065789473684,inf,2352,all cumulative-window cuts are feasible,reachability_lower,0,12,0.0,209.70394736842107,0.0
2012-09-11,72,0,634.1,115.3125,1,404.6052631578947,inf,2352,all cumulative-window cuts are feasible,reachability_lower,0,12,0.0,242.76315789473685,0.0
2012-09-11,72,1,634.1,118.828125,1,416.94078947368416,inf,2352,all cumulative-window cuts are feasible,reachability_lower,0,12,0.0,250.16447368421055,0.0
2012-09-11,72,2,634.1,87.03125,1,305.37280701754383,inf,2352,all cumulative-window cuts are feasible,reachability_lower,0,12,0.0,183.22368421052633,0.0
2012-09-11,72,3,634.1,83.125,1,291.66666666666663,inf,2352,all cumulative-window cuts are feasible,reachability_lower,0,12,0.0,175.0,0.0
2012-09-11,72,4,634.1,105.234375,1,369.24342105263156,inf,2352,all cumulative-window cuts are feasible,reachability_lower,0,12,0.0,221.54605263157896,0.0
2012-09-11,72,5,634.1,106.015625,1,371.98464912280696,inf,2352,all cumulative-window cuts are feasible,reachability_lower,0,12,0.0,223.19078947368422,0.0
2012-09-11,72,6,634.1,119.140625,1,418.0372807017543,inf,2352,all cumulative-window cuts are feasible,reachability_lower,0,12,0.0,250.82236842105263,0.0
2012-09-11,72,7,634.1,93.90625,1,329.49561403508767,inf,2352,all cumulative-window cuts are feasible,reachability_lower,0,12,0.0,197.69736842105263,0.0
2012-09-11,72,8,634.1,109.296875,1,383.49780701754383,inf,2352,all cumulative-window cuts are feasible,reachability_lower,0,12,0.0,230.09868421052633,0.0
2012-09-11,72,9,634.1,126.640625,1,444.3530701754386,inf,2352,all cumulative-window cuts are feasible,reachability_lower,0,12,0.0,266.6118421052632,0.0
2012-09-12,73,0,634.1,99.921875,1,350.6030701754386,inf,2352,all cumulative-window cuts are feasible,reachability_lower,0,12,0.0,210.36184210526318,0.0
2012-09-12,73,1,634.1,112.578125,1,395.01096491228066,inf,2352,all cumulative-window cuts are feasible,reachability_lower,0,12,0.0,237.00657894736844,0.0
2012-09-12,73,2,634.1,92.65625,1,325.10964912280696,inf,2352,all cumulative-window cuts are feasible,reachability_lower,0,12,0.0,195.06578947368422,2.842170943040401e-14
2012-09-12,73,3,634.1,75.859375,1,266.17324561403507,inf,2352,all cumulative-window cuts are feasible,reachability_lower,0,12,0.0,159.70394736842107,0.0
2012-09-12,73,4,634.1,97.5,1,342.1052631578947,inf,2352,all cumulative-window cuts are feasible,reachability_lower,0,12,0.0,205.26315789473685,0.0
2012-09-12,73,5,634.1,72.65625,1,254.93421052631575,inf,2352,all cumulative-window cuts are feasible,reachability_lower,0,12,0.0,152.96052631578948,0.0
2012-09-12,73,6,634.1,106.796875,1,374.7258771929824,inf,2352,all cumulative-window cuts are feasible,reachability_lower,0,12,0.0,224.83552631578948,0.0
2012-09-12,73,7,634.1,87.1875,1,305.9210526315789,inf,2352,all cumulative-window cuts are feasible,reachability_lower,0,12,0.0,183.55263157894737,0.0
2012-09-12,73,8,634.1,73.28125,1,257.1271929824561,inf,2352,all cumulative-window cuts are feasible,reachability_lower,0,12,0.0,154.2763157894737,0.0
2012-09-12,73,9,634.1,105.390625,1,369.79166666666663,inf,2352,all cumulative-window cuts are feasible,reachability_lower,0,12,0.0,221.875,0.0
2012-09-13,74,0,634.1,174.0625,1,610.7456140350877,inf,2352,all cumulative-window cuts are feasible,reachability_lower,0,12,0.0,366.44736842105266,0.0
2012-09-13,74,1,634.1,171.796875,1,602.796052631579,inf,2352,all cumulative-window cuts are feasible,reachability_lower,0,12,0.0,361.6776315789474,-5.684341886080802e-14
2012-09-13,74,2,634.1,166.953125,1,585.8004385964912,inf,2352,all cumulative-window cuts are feasible,reachability_lower,0,12,0.0,351.48026315789474,0.0
2012-09-13,74,3,634.1,163.75,1,574.5614035087718,inf,2352,all cumulative-window cuts are feasible,reachability_lower,0,12,0.0,344.7368421052632,5.684341886080802e-14
2012-09-13,74,4,634.1,168.671875,1,591.8311403508771,inf,2352,all cumulative-window cuts are feasible,reachability_lower,0,12,0.0,355.09868421052636,0.0
2012-09-13,74,5,634.1,166.875,1,585.5263157894736,inf,2352,all cumulative-window cuts are feasible,reachability_lower,0,12,0.0,351.3157894736842,0.0
2012-09-13,74,6,634.1,164.0625,1,575.657894736842,inf,2352,all cumulative-window cuts are feasible,reachability_lower,0,12,0.0,345.39473684210526,5.684341886080802e-14
2012-09-13,74,7,634.1,180.46875,1,633.2236842105262,inf,2352,all cumulative-window cuts are feasible,reachability_lower,0,12,0.0,379.9342105263158,0.0
2012-09-13,74,8,634.1,169.453125,1,594.5723684210526,inf,2352,all cumulative-window cuts are feasible,reachability_lower,0,12,0.0,356.7434210526316,0.0
2012-09-13,74,9,634.1,171.25,1,600.8771929824561,inf,2352,all cumulative-window cuts are feasible,reachability_lower,0,12,0.0,360.5263157894737,0.0
2012-09-14,75,0,634.1,96.40625,1,338.2675438596491,inf,2352,all cumulative-window cuts are feasible,reachability_lower,0,12,0.0,202.96052631578948,0.0
2012-09-14,75,1,634.1,113.984375,1,399.9451754385965,inf,2352,all cumulative-window cuts are feasible,reachability_lower,0,12,0.0,239.96710526315792,0.0
2012-09-14,75,2,634.1,100.0,1,350.8771929824561,inf,2352,all cumulative-window cuts are feasible,reachability_lower,0,12,0.0,210.5263157894737,0.0
2012-09-14,75,3,634.1,47.03125,1,165.0219298245614,inf,2352,all cumulative-window cuts are feasible,reachability_lower,0,12,0.0,99.01315789473685,0.0
2012-09-14,75,4,634.1,76.953125,1,270.0109649122807,inf,2352,all cumulative-window cuts are feasible,reachability_lower,0,12,0.0,162.00657894736844,0.0
2012-09-14,75,5,634.1,72.109375,1,253.015350877193,inf,2352,all cumulative-window cuts are feasible,reachability_lower,0,12,0.0,151.8092105263158,0.0
2012-09-14,75,6,634.1,110.703125,1,388.4320175438596,inf,2352,all cumulative-window cuts are feasible,reachability_lower,0,12,0.0,233.0592105263158,0.0
2012-09-14,75,7,634.1,80.859375,1,283.71710526315786,inf,2352,all cumulative-window cuts are feasible,reachability_lower,0,12,0.0,170.23026315789474,0.0
2012-09-14,75,8,634.1,90.078125,1,316.06359649122805,inf,2352,all cumulative-window cuts are feasible,reachability_lower,0,12,0.0,189.63815789473685,0.0
2012-09-14,75,9,634.1,106.015625,1,371.98464912280696,inf,2352,all cumulative-window cuts are feasible,reachability_lower,0,12,0.0,223.19078947368422,0.0
2012-09-15,76,0,634.1,127.65625,1,447.91666666666663,inf,2352,all cumulative-window cuts are feasible,reachability_lower,0,12,0.0,268.75,0.0
2012-09-15,76,1,634.1,137.34375,1,481.907894736842,inf,2352,all cumulative-window cuts are feasible,reachability_lower,0,12,0.0,289.14473684210526,0.0
2012-09-15,76,2,634.1,113.515625,1,398.3004385964912,inf,2352,all cumulative-window cuts are feasible,reachability_lower,0,12,0.0,238.98026315789474,0.0
2012-09-15,76,3,634.1,102.8125,1,360.74561403508767,inf,2352,all cumulative-window cuts are feasible,reachability_lower,0,12,0.0,216.44736842105263,0.0
2012-09-15,76,4,634.1,129.53125,1,454.49561403508767,inf,2352,all cumulative-window cuts are feasible,reachability_lower,0,12,0.0,272.69736842105266,0.0
2012-09-15,76,5,634.1,104.84375,1,367.87280701754383,inf,2352,all cumulative-window cuts are feasible,reachability_lower,0,12,0.0,220.72368421052633,0.0
2012-09-15,76,6,634.1,143.203125,1,502.4671052631578,inf,2352,all cumulative-window cuts are feasible,reachability_lower,0,12,0.0,301.48026315789474,0.0
2012-09-15,76,7,634.1,141.40625,1,496.16228070175436,inf,2352,all cumulative-window cuts are feasible,reachability_lower,0,12,0.0,297.69736842105266,0.0
2012-09-15,76,8,634.1,126.796875,1,444.90131578947364,inf,2352,all cumulative-window cuts are feasible,reachability_lower,0,12,0.0,266.9407894736842,0.0
2012-09-15,76,9,634.1,120.78125,1,423.7938596491228,inf,2352,all cumulative-window cuts are feasible,reachability_lower,0,12,0.0,254.2763157894737,-2.842170943040401e-14
2012-09-16,77,0,634.1,113.4375,1,398.02631578947364,inf,2352,all cumulative-window cuts are feasible,reachability_lower,0,12,0.0,238.81578947368422,0.0
2012-09-16,77,1,634.1,110.46875,1,387.60964912280696,inf,2352,all cumulative-window cuts are feasible,reachability_lower,0,12,0.0,232.56578947368422,0.0
2012-09-16,77,2,634.1,96.953125,1,340.1864035087719,inf,2352,all cumulative-window cuts are feasible,reachability_lower,0,12,0.0,204.11184210526318,2.842170943040401e-14
2012-09-16,77,3,634.1,122.03125,1,428.1798245614035,inf,2352,all cumulative-window cuts are feasible,reachability_lower,0,12,0.0,256.90789473684214,0.0
2012-09-16,77,4,634.1,108.671875,1,381.30482456140345,inf,2352,all cumulative-window cuts are feasible,reachability_lower,0,12,0.0,228.7828947368421,0.0
2012-09-16,77,5,634.1,83.203125,1,291.94078947368416,inf,2352,all cumulative-window cuts are feasible,reachability_lower,0,12,0.0,175.16447368421052,0.0
2012-09-16,77,6,634.1,123.4375,1,433.1140350877193,inf,2352,all cumulative-window cuts are feasible,reachability_lower,0,12,0.0,259.8684210526316,0.0
2012-09-16,77,7,634.1,113.359375,1,397.7521929824561,inf,2352,all cumulative-window cuts are feasible,reachability_lower,0,12,0.0,238.6513157894737,0.0
2012-09-16,77,8,634.1,82.890625,1,290.844298245614,inf,2352,all cumulative-window cuts are feasible,reachability_lower,0,12,0.0,174.50657894736844,0.0
2012-09-16,77,9,634.1,125.15625,1,439.14473684210526,inf,2352,all cumulative-window cuts are feasible,reachability_lower,0,12,0.0,263.4868421052632,0.0
2012-09-17,78,0,634.1,141.484375,1,496.4364035087719,inf,2352,all cumulative-window cuts are feasible,reachability_lower,0,12,0.0,297.8618421052632,0.0
2012-09-17,78,1,634.1,139.140625,1,488.2127192982456,inf,2352,all cumulative-window cuts are feasible,reachability_lower,0,12,0.0,292.9276315789474,0.0
2012-09-17,78,2,634.1,128.90625,1,452.30263157894734,inf,2352,all cumulative-window cuts are feasible,reachability_lower,0,12,0.0,271.38157894736844,0.0
2012-09-17,78,3,634.1,110.78125,1,388.70614035087715,inf,2352,all cumulative-window cuts are feasible,reachability_lower,0,12,0.0,233.22368421052633,0.0
2012-09-17,78,4,634.1,142.734375,1,500.8223684210526,inf,2352,all cumulative-window cuts are feasible,reachability_lower,0,12,0.0,300.4934210526316,0.0
2012-09-17,78,5,634.1,111.40625,1,390.89912280701753,inf,2352,all cumulative-window cuts are feasible,reachability_lower,0,12,0.0,234.53947368421055,0.0
2012-09-17,78,6,634.1,141.09375,1,495.0657894736841,inf,2352,all cumulative-window cuts are feasible,reachability_lower,0,12,0.0,297.0394736842105,0.0
2012-09-17,78,7,634.1,133.515625,1,468.4758771929824,inf,2352,all cumulative-window cuts are feasible,reachability_lower,0,12,0.0,281.0855263157895,0.0
2012-09-17,78,8,634.1,122.578125,1,430.09868421052624,inf,2352,all cumulative-window cuts are feasible,reachability_lower,0,12,0.0,258.0592105263158,0.0
2012-09-17,78,9,634.1,144.921875,1,508.49780701754383,inf,2352,all cumulative-window cuts are feasible,reachability_lower,0,12,0.0,305.09868421052636,0.0
2012-09-18,79,0,634.1,81.796875,1,287.0065789473684,inf,2352,all cumulative-window cuts are feasible,reachability_lower,0,12,0.0,172.20394736842107,2.842170943040401e-14
2012-09-18,79,1,634.1,110.9375,1,389.2543859649122,inf,2352,all cumulative-window cuts are feasible,reachability_lower,0,12,0.0,233.55263157894737,0.0
2012-09-18,79,2,634.1,69.140625,1,242.5986842105263,inf,2352,all cumulative-window cuts are feasible,reachability_lower,0,12,0.0,145.5592105263158,0.0
2012-09-18,79,3,634.1,64.53125,1,226.4254385964912,inf,2352,all cumulative-window cuts are feasible,reachability_lower,0,12,0.0,135.85526315789474,0.0
2012-09-18,79,4,634.1,88.59375,1,310.8552631578947,inf,2352,all cumulative-window cuts are feasible,reachability_lower,0,12,0.0,186.51315789473685,0.0
2012-09-18,79,5,634.1,77.421875,1,271.6557017543859,inf,2352,all cumulative-window cuts are feasible,reachability_lower,0,12,0.0,162.9934210526316,2.842170943040401e-14
2012-09-18,79,6,634.1,103.984375,1,364.85745614035085,inf,2352,all cumulative-window cuts are feasible,reachability_lower,0,12,0.0,218.91447368421055,0.0
2012-09-18,79,7,634.1,72.265625,1,253.56359649122805,inf,2352,all cumulative-window cuts are feasible,reachability_lower,0,12,0.0,152.13815789473685,0.0
2012-09-18,79,8,634.1,66.796875,1,234.37499999999997,inf,2352,all cumulative-window cuts are feasible,reachability_lower,0,12,0.0,140.625,0.0
2012-09-18,79,9,634.1,107.109375,1,375.8223684210526,inf,2352,all cumulative-window cuts are feasible,reachability_lower,0,12,0.0,225.4934210526316,0.0
2012-09-19,80,0,634.1,120.3125,1,422.14912280701753,inf,2352,all cumulative-window cuts are feasible,reachability_lower,0,12,0.0,253.28947368421055,0.0
2012-09-19,80,1,634.1,126.171875,1,442.70833333333326,inf,2352,all cumulative-window cuts are feasible,reachability_lower,0,12,0.0,265.625,0.0
2012-09-19,80,2,634.1,99.296875,1,348.4100877192982,inf,2352,all cumulative-window cuts are feasible,reachability_lower,0,12,0.0,209.04605263157896,2.842170943040401e-14
2012-09-19,80,3,634.1,94.21875,1,330.59210526315786,inf,2352,all cumulative-window cuts are feasible,reachability_lower,0,12,0.0,198.35526315789474,0.0
2012-09-19,80,4,634.1,116.953125,1,410.3618421052631,inf,2352,all cumulative-window cuts are feasible,reachability_lower,0,12,0.0,246.21710526315792,0.0
2012-09-19,80,5,634.1,94.296875,1,330.8662280701754,inf,2352,all cumulative-window cuts are feasible,reachability_lower,0,12,0.0,198.51973684210526,0.0
2012-09-19,80,6,634.1,132.734375,1,465.73464912280696,inf,2352,all cumulative-window cuts are feasible,reachability_lower,0,12,0.0,279.4407894736842,0.0
2012-09-19,80,7,634.1,102.265625,1,358.8267543859649,inf,2352,all cumulative-window cuts are feasible,reachability_lower,0,12,0.0,215.29605263157896,0.0
2012-09-19,80,8,634.1,90.625,1,317.98245614035085,inf,2352,all cumulative-window cuts are feasible,reachability_lower,0,12,0.0,190.78947368421055,0.0
2012-09-19,80,9,634.1,117.109375,1,410.9100877192982,inf,2352,all cumulative-window cuts are feasible,reachability_lower,0,12,0.0,246.54605263157896,0.0
2012-09-20,81,0,634.1,82.890625,1,290.844298245614,inf,2352,all cumulative-window cuts are feasible,reachability_lower,0,12,0.0,174.50657894736844,0.0
2012-09-20,81,1,634.1,98.203125,1,344.5723684210526,inf,2352,all cumulative-window cuts are feasible,reachability_lower,0,12,0.0,206.7434210526316,0.0
2012-09-20,81,2,634.1,71.796875,1,251.9188596491228,inf,2352,all cumulative-window cuts are feasible,reachability_lower,0,12,0.0,151.1513157894737,0.0
2012-09-20,81,3,634.1,60.859375,1,213.54166666666663,inf,2352,all cumulative-window cuts are feasible,reachability_lower,0,12,0.0,128.125,0.0
2012-09-20,81,4,634.1,100.46875,1,352.52192982456137,inf,2352,all cumulative-window cuts are feasible,reachability_lower,0,12,0.0,211.51315789473685,0.0
2012-09-20,81,5,634.1,67.578125,1,237.1162280701754,inf,2352,all cumulative-window cuts are feasible,reachability_lower,0,12,0.0,142.26973684210526,0.0
2012-09-20,81,6,634.1,117.65625,1,412.828947368421,inf,2352,all cumulative-window cuts are feasible,reachability_lower,0,12,0.0,247.69736842105263,0.0
2012-09-20,81,7,634.1,90.46875,1,317.4342105263158,inf,2352,all cumulative-window cuts are feasible,reachability_lower,0,12,0.0,190.46052631578948,-2.842170943040401e-14
2012-09-20,81,8,634.1,68.359375,1,239.85745614035082,inf,2352,all cumulative-window cuts are feasible,reachability_lower,0,12,0.0,143.91447368421052,0.0
2012-09-20,81,9,634.1,107.65625,1,377.7412280701754,inf,2352,all cumulative-window cuts are feasible,reachability_lower,0,12,0.0,226.64473684210526,0.0
2012-09-21,82,0,634.1,125.78125,1,441.3377192982456,inf,2352,all cumulative-window cuts are feasible,reachability_lower,0,12,0.0,264.8026315789474,0.0
2012-09-21,82,1,634.1,130.3125,1,457.2368421052631,inf,2352,all cumulative-window cuts are feasible,reachability_lower,0,12,0.0,274.3421052631579,0.0
2012-09-21,82,2,634.1,109.453125,1,384.0460526315789,inf,2352,all cumulative-window cuts are feasible,reachability_lower,0,12,0.0,230.42763157894737,0.0
2012-09-21,82,3,634.1,89.6875,1,314.6929824561403,inf,2352,all cumulative-window cuts are feasible,reachability_lower,0,12,0.0,188.81578947368422,0.0
2012-09-21,82,4,634.1,115.078125,1,403.7828947368421,inf,2352,all cumulative-window cuts are feasible,reachability_lower,0,12,0.0,242.2697368421053,0.0
2012-09-21,82,5,634.1,103.359375,1,362.6644736842105,inf,2352,all cumulative-window cuts are feasible,reachability_lower,0,12,0.0,217.59868421052633,-2.842170943040401e-14
2012-09-21,82,6,634.1,126.796875,1,444.90131578947364,inf,2352,all cumulative-window cuts are feasible,reachability_lower,0,12,0.0,266.9407894736842,0.0
2012-09-21,82,7,634.1,119.921875,1,420.7785087719298,inf,2352,all cumulative-window cuts are feasible,reachability_lower,0,12,0.0,252.46710526315792,0.0
2012-09-21,82,8,634.1,115.3125,1,404.6052631578947,inf,2352,all cumulative-window cuts are feasible,reachability_lower,0,12,0.0,242.76315789473685,0.0
2012-09-21,82,9,634.1,136.015625,1,477.2478070175438,inf,2352,all cumulative-window cuts are feasible,reachability_lower,0,12,0.0,286.3486842105263,0.0
2012-09-22,83,0,634.1,125.78125,1,441.3377192982456,inf,2352,all cumulative-window cuts are feasible,reachability_lower,0,12,0.0,264.8026315789474,0.0
2012-09-22,83,1,634.1,126.5625,1,444.07894736842104,inf,2352,all cumulative-window cuts are feasible,reachability_lower,0,12,0.0,266.44736842105266,0.0
2012-09-22,83,2,634.1,80.703125,1,283.1688596491228,inf,2352,all cumulative-window cuts are feasible,reachability_lower,0,12,0.0,169.9013157894737,0.0
2012-09-22,83,3,634.1,71.953125,1,252.46710526315786,inf,2352,all cumulative-window cuts are feasible,reachability_lower,0,12,0.0,151.48026315789474,0.0
2012-09-22,83,4,634.1,119.84375,1,420.5043859649122,inf,2352,all cumulative-window cuts are feasible,reachability_lower,0,12,0.0,252.30263157894737,0.0
2012-09-22,83,5,634.1,76.40625,1,268.09210526315786,inf,2352,all cumulative-window cuts are feasible,reachability_lower,0,12,0.0,160.85526315789474,0.0
2012-09-22,83,6,634.1,121.953125,1,427.905701754386,inf,2352,all cumulative-window cuts are feasible,reachability_lower,0,12,0.0,256.7434210526316,0.0
2012-09-22,83,7,634.1,131.40625,1,461.0745614035087,inf,2352,all cumulative-window cuts are feasible,reachability_lower,0,12,0.0,276.64473684210526,0.0
2012-09-22,83,8,634.1,97.96875,1,343.74999999999994,inf,2352,all cumulative-window cuts are feasible,reachability_lower,0,12,0.0,206.25,0.0
2012-09-22,83,9,634.1,126.015625,1,442.1600877192982,inf,2352,all cumulative-window cuts are feasible,reachability_lower,0,12,0.0,265.29605263157896,0.0
2012-09-23,84,0,634.1,115.15625,1,404.0570175438596,inf,2352,all cumulative-window cuts are feasible,reachability_lower,0,12,0.0,242.4342105263158,0.0
2012-09-23,84,1,634.1,114.84375,1,402.9605263157894,inf,2352,all cumulative-window cuts are feasible,reachability_lower,0,12,0.0,241.7763157894737,0.0
2012-09-23,84,2,634.1,78.515625,1,275.49342105263156,inf,2352,all cumulative-window cuts are feasible,reachability_lower,0,12,0.0,165.29605263157896,0.0
2012-09-23,84,3,634.1,84.765625,1,297.42324561403507,inf,2352,all cumulative-window cuts are feasible,reachability_lower,0,12,0.0,178.45394736842107,0.0
2012-09-23,84,4,634.1,117.96875,1,413.9254385964912,inf,2352,all cumulative-window cuts are feasible,reachability_lower,0,12,0.0,248.35526315789474,0.0
2012-09-23,84,5,634.1,118.515625,1,415.844298245614,inf,2352,all cumulative-window cuts are feasible,reachability_lower,0,12,0.0,249.50657894736844,0.0
2012-09-23,84,6,634.1,121.953125,1,427.905701754386,inf,2352,all cumulative-window cuts are feasible,reachability_lower,0,12,0.0,256.7434210526316,0.0
2012-09-23,84,7,634.1,93.125,1,326.7543859649122,inf,2352,all cumulative-window cuts are feasible,reachability_lower,0,12,0.0,196.05263157894737,0.0
2012-09-23,84,8,634.1,103.828125,1,364.3092105263157,inf,2352,all cumulative-window cuts are feasible,reachability_lower,0,12,0.0,218.58552631578948,0.0
2012-09-23,84,9,634.1,115.78125,1,406.24999999999994,inf,2352,all cumulative-window cuts are feasible,reachability_lower,0,12,0.0,243.75,0.0
2012-09-24,85,0,634.1,113.59375,1,398.5745614035087,inf,2352,all cumulative-window cuts are feasible,reachability_lower,0,12,0.0,239.14473684210526,0.0
2012-09-24,85,1,634.1,103.671875,1,363.76096491228066,inf,2352,all cumulative-window cuts are feasible,reachability_lower,0,12,0.0,218.25657894736844,0.0
2012-09-24,85,2,634.1,101.40625,1,355.8114035087719,inf,2352,all cumulative-window cuts are feasible,reachability_lower,0,12,0.0,213.48684210526318,0.0
2012-09-24,85,3,634.1,50.078125,1,175.7127192982456,inf,2352,all cumulative-window cuts are feasible,reachability_lower,0,12,0.0,105.42763157894737,0.0
2012-09-24,85,4,634.1,87.65625,1,307.5657894736842,inf,2352,all cumulative-window cuts are feasible,reachability_lower,0,12,0.0,184.53947368421055,0.0
2012-09-24,85,5,634.1,50.859375,1,178.453947368421,inf,2352,all cumulative-window cuts are feasible,reachability_lower,0,12,0.0,107.07236842105263,0.0
2012-09-24,85,6,634.1,93.4375,1,327.8508771929824,inf,2352,all cumulative-window cuts are feasible,reachability_lower,0,12,0.0,196.71052631578948,0.0
2012-09-24,85,7,634.1,82.1875,1,288.3771929824561,inf,2352,all cumulative-window cuts are feasible,reachability_lower,0,12,0.0,173.0263157894737,0.0
2012-09-24,85,8,634.1,62.890625,1,220.6688596491228,inf,2352,all cumulative-window cuts are feasible,reachability_lower,0,12,0.0,132.4013157894737,0.0
2012-09-24,85,9,634.1,100.46875,1,352.52192982456137,inf,2352,all cumulative-window cuts are feasible,reachability_lower,0,12,0.0,211.51315789473685,0.0
2012-09-25,86,0,634.1,137.421875,1,482.18201754385956,inf,2352,all cumulative-window cuts are feasible,reachability_lower,0,12,0.0,289.3092105263158,0.0
2012-09-25,86,1,634.1,138.125,1,484.6491228070175,inf,2352,all cumulative-window cuts are feasible,reachability_lower,0,12,0.0,290.7894736842105,0.0
2012-09-25,86,2,634.1,143.046875,1,501.91885964912274,inf,2352,all cumulative-window cuts are feasible,reachability_lower,0,12,0.0,301.1513157894737,0.0
2012-09-25,86,3,634.1,125.46875,1,440.2412280701754,inf,2352,all cumulative-window cuts are feasible,reachability_lower,0,12,0.0,264.14473684210526,0.0
2012-09-25,86,4,634.1,140.9375,1,494.51754385964904,inf,2352,all cumulative-window cuts are feasible,reachability_lower,0,12,0.0,296.7105263157895,0.0
2012-09-25,86,5,634.1,117.34375,1,411.73245614035085,inf,2352,all cumulative-window cuts are feasible,reachability_lower,0,12,0.0,247.03947368421055,0.0
2012-09-25,86,6,634.1,142.578125,1,500.2741228070175,inf,2352,all cumulative-window cuts are feasible,reachability_lower,0,12,0.0,300.1644736842105,0.0
2012-09-25,86,7,634.1,133.359375,1,467.92763157894734,inf,2352,all cumulative-window cuts are feasible,reachability_lower,0,12,0.0,280.75657894736844,0.0
2012-09-25,86,8,634.1,136.5625,1,479.1666666666666,inf,2352,all cumulative-window cuts are feasible,reachability_lower,0,12,0.0,287.5,0.0
2012-09-25,86,9,634.1,157.96875,1,554.2763157894736,inf,2352,all cumulative-window cuts are feasible,reachability_lower,0,12,0.0,332.5657894736842,0.0
2012-09-26,87,0,634.1,116.09375,1,407.34649122807014,inf,2352,all cumulative-window cuts are feasible,reachability_lower,0,12,0.0,244.4078947368421,0.0
2012-09-26,87,1,634.1,104.921875,1,368.14692982456137,inf,2352,all cumulative-window cuts are feasible,reachability_lower,0,12,0.0,220.88815789473685,0.0
2012-09-26,87,2,634.1,71.5625,1,251.09649122807014,inf,2352,all cumulative-window cuts are feasible,reachability_lower,0,12,0.0,150.6578947368421,0.0
2012-09-26,87,3,634.1,72.109375,1,253.015350877193,inf,2352,all cumulative-window cuts are feasible,reachability_lower,0,12,0.0,151.8092105263158,0.0
2012-09-26,87,4,634.1,114.453125,1,401.5899122807017,inf,2352,all cumulative-window cuts are feasible,reachability_lower,0,12,0.0,240.95394736842107,2.842170943040401e-14
2012-09-26,87,5,634.1,83.671875,1,293.5855263157895,inf,2352,all cumulative-window cuts are feasible,reachability_lower,0,12,0.0,176.1513157894737,-2.842170943040401e-14
2012-09-26,87,6,634.1,105.0,1,368.4210526315789,inf,2352,all cumulative-window cuts are feasible,reachability_lower,0,12,0.0,221.05263157894737,0.0
2012-09-26,87,7,634.1,81.328125,1,285.3618421052631,inf,2352,all cumulative-window cuts are feasible,reachability_lower,0,12,0.0,171.2171052631579,0.0
2012-09-26,87,8,634.1,117.265625,1,411.45833333333326,inf,2352,all cumulative-window cuts are feasible,reachability_lower,0,12,0.0,246.875,0.0
2012-09-26,87,9,634.1,112.96875,1,396.3815789473684,inf,2352,all cumulative-window cuts are feasible,reachability_lower,0,12,0.0,237.82894736842107,0.0
2012-09-27,88,0,634.1,114.609375,1,402.13815789473676,inf,2352,all cumulative-window cuts are feasible,reachability_lower,0,12,0.0,241.2828947368421,2.842170943040401e-14
2012-09-27,88,1,634.1,107.96875,1,378.8377192982456,inf,2352,all cumulative-window cuts are feasible,reachability_lower,0,12,0.0,227.30263157894737,-2.842170943040401e-14
2012-09-27,88,2,634.1,95.390625,1,334.703947368421,inf,2352,all cumulative-window cuts are feasible,reachability_lower,0,12,0.0,200.82236842105263,0.0
2012-09-27,88,3,634.1,103.28125,1,362.390350877193,inf,2352,all cumulative-window cuts are feasible,reachability_lower,0,12,0.0,217.4342105263158,-2.842170943040401e-14
2012-09-27,88,4,634.1,108.359375,1,380.20833333333326,inf,2352,all cumulative-window cuts are feasible,reachability_lower,0,12,0.0,228.125,0.0
2012-09-27,88,5,634.1,86.328125,1,302.9057017543859,inf,2352,all cumulative-window cuts are feasible,reachability_lower,0,12,0.0,181.7434210526316,0.0
2012-09-27,88,6,634.1,113.4375,1,398.02631578947364,inf,2352,all cumulative-window cuts are feasible,reachability_lower,0,12,0.0,238.81578947368422,0.0
2012-09-27,88,7,634.1,114.140625,1,400.49342105263156,inf,2352,all cumulative-window cuts are feasible,reachability_lower,0,12,0.0,240.29605263157896,0.0
2012-09-27,88,8,634.1,93.59375,1,328.39912280701753,inf,2352,all cumulative-window cuts are feasible,reachability_lower,0,12,0.0,197.03947368421055,0.0
2012-09-27,88,9,634.1,117.578125,1,412.55482456140345,inf,2352,all cumulative-window cuts are feasible,reachability_lower,0,12,0.0,247.5328947368421,0.0
2012-09-28,89,0,634.1,117.109375,1,410.9100877192982,inf,2352,all cumulative-window cuts are feasible,reachability_lower,0,12,0.0,246.54605263157896,0.0
2012-09-28,89,1,634.1,125.78125,1,441.3377192982456,inf,2352,all cumulative-window cuts are feasible,reachability_lower,0,12,0.0,264.8026315789474,0.0
2012-09-28,89,2,634.1,88.59375,1,310.8552631578947,inf,2352,all cumulative-window cuts are feasible,reachability_lower,0,12,0.0,186.51315789473685,0.0
2012-09-28,89,3,634.1,87.421875,1,306.74342105263156,inf,2352,all cumulative-window cuts are feasible,reachability_lower,0,12,0.0,184.04605263157896,0.0
2012-09-28,89,4,634.1,131.71875,1,462.1710526315789,inf,2352,all cumulative-window cuts are feasible,reachability_lower,0,12,0.0,277.3026315789474,0.0
2012-09-28,89,5,634.1,97.34375,1,341.5570175438596,inf,2352,all cumulative-window cuts are feasible,reachability_lower,0,12,0.0,204.9342105263158,0.0
2012-09-28,89,6,634.1,116.328125,1,408.1688596491228,inf,2352,all cumulative-window cuts are feasible,reachability_lower,0,12,0.0,244.9013157894737,0.0
2012-09-28,89,7,634.1,113.046875,1,396.6557017543859,inf,2352,all cumulative-window cuts are feasible,reachability_lower,0,12,0.0,237.9934210526316,0.0
2012-09-28,89,8,634.1,122.734375,1,430.6469298245614,inf,2352,all cumulative-window cuts are feasible,reachability_lower,0,12,0.0,258.3881578947369,0.0
2012-09-28,89,9,634.1,132.578125,1,465.1864035087719,inf,2352,all cumulative-window cuts are feasible,reachability_lower,0,12,0.0,279.1118421052632,0.0
2012-09-29,90,0,634.1,120.546875,1,422.97149122807014,inf,2352,all cumulative-window cuts are feasible,reachability_lower,0,12,0.0,253.7828947368421,0.0
2012-09-29,90,1,634.1,132.8125,1,466.0087719298245,inf,2352,all cumulative-window cuts are feasible,reachability_lower,0,12,0.0,279.60526315789474,0.0
2012-09-29,90,2,634.1,102.109375,1,358.2785087719298,inf,2352,all cumulative-window cuts are feasible,reachability_lower,0,12,0.0,214.96710526315792,0.0
2012-09-29,90,3,634.1,120.078125,1,421.3267543859649,inf,2352,all cumulative-window cuts are feasible,reachability_lower,0,12,0.0,252.79605263157896,0.0
2012-09-29,90,4,634.1,146.71875,1,514.8026315789473,inf,2352,all cumulative-window cuts are feasible,reachability_lower,0,12,0.0,308.88157894736844,0.0
2012-09-29,90,5,634.1,96.71875,1,339.3640350877193,inf,2352,all cumulative-window cuts are feasible,reachability_lower,0,12,0.0,203.6184210526316,0.0
2012-09-29,90,6,634.1,122.65625,1,430.3728070175438,inf,2352,all cumulative-window cuts are feasible,reachability_lower,0,12,0.0,258.2236842105263,0.0
2012-09-29,90,7,634.1,112.578125,1,395.01096491228066,inf,2352,all cumulative-window cuts are feasible,reachability_lower,0,12,0.0,237.00657894736844,0.0
2012-09-29,90,8,634.1,114.140625,1,400.49342105263156,inf,2352,all cumulative-window cuts are feasible,reachability_lower,0,12,0.0,240.29605263157896,0.0
2012-09-29,90,9,634.1,119.53125,1,419.4078947368421,inf,2352,all cumulative-window cuts are feasible,reachability_lower,0,12,0.0,251.6447368421053,0.0
2012-09-30,91,0,634.1,91.796875,1,322.094298245614,inf,2352,all cumulative-window cuts are feasible,reachability_lower,0,12,0.0,193.25657894736844,0.0
2012-09-30,91,1,634.1,104.0625,1,365.1315789473684,inf,2352,all cumulative-window cuts are feasible,reachability_lower,0,12,0.0,219.07894736842107,0.0
2012-09-30,91,2,634.1,71.484375,1,250.8223684210526,inf,2352,all cumulative-window cuts are feasible,reachability_lower,0,12,0.0,150.4934210526316,0.0
2012-09-30,91,3,634.1,82.265625,1,288.65131578947364,inf,2352,all cumulative-window cuts are feasible,reachability_lower,0,12,0.0,173.19078947368422,0.0
2012-09-30,91,4,634.1,104.921875,1,368.14692982456137,inf,2352,all cumulative-window cuts are feasible,reachability_lower,0,12,0.0,220.88815789473685,0.0
2012-09-30,91,5,634.1,104.0625,1,365.1315789473684,inf,2352,all cumulative-window cuts are feasible,reachability_lower,0,12,0.0,219.07894736842107,0.0
2012-09-30,91,6,634.1,123.359375,1,432.8399122807017,inf,2352,all cumulative-window cuts are feasible,reachability_lower,0,12,0.0,259.70394736842104,0.0
2012-09-30,91,7,634.1,82.8125,1,290.57017543859644,inf,2352,all cumulative-window cuts are feasible,reachability_lower,0,12,0.0,174.3421052631579,0.0
2012-09-30,91,8,634.1,105.46875,1,370.0657894736842,inf,2352,all cumulative-window cuts are feasible,reachability_lower,0,12,0.0,222.03947368421055,-2.842170943040401e-14
2012-09-30,91,9,634.1,114.609375,1,402.13815789473676,inf,2352,all cumulative-window cuts are feasible,reachability_lower,0,12,0.0,241.2828947368421,2.842170943040401e-14
2012-10-01,92,0,634.1,130.078125,1,456.4144736842104,inf,2352,all cumulative-window cuts are feasible,reachability_lower,0,12,0.0,273.8486842105263,0.0
2012-10-01,92,1,634.1,134.296875,1,471.2171052631578,inf,2352,all cumulative-window cuts are feasible,reachability_lower,0,12,0.0,282.73026315789474,0.0
2012-10-01,92,2,634.1,98.359375,1,345.12061403508767,inf,2352,all cumulative-window cuts are feasible,reachability_lower,0,12,0.0,207.07236842105263,0.0
2012-10-01,92,3,634.1,111.09375,1,389.80263157894734,inf,2352,all cumulative-window cuts are feasible,reachability_lower,0,12,0.0,233.88157894736844,0.0
2012-10-01,92,4,634.1,144.84375,1,508.22368421052624,inf,2352,all cumulative-window cuts are feasible,reachability_lower,0,12,0.0,304.9342105263158,0.0
2012-10-01,92,5,634.1,116.171875,1,407.62061403508767,inf,2352,all cumulative-window cuts are feasible,reachability_lower,0,12,0.0,244.57236842105263,0.0
2012-10-01,92,6,634.1,130.546875,1,458.0592105263157,inf,2352,all cumulative-window cuts are feasible,reachability_lower,0,12,0.0,274.8355263157895,0.0
2012-10-01,92,7,634.1,133.59375,1,468.74999999999994,inf,2352,all cumulative-window cuts are feasible,reachability_lower,0,12,0.0,281.25,0.0
2012-10-01,92,8,634.1,120.0,1,421.05263157894734,inf,2352,all cumulative-window cuts are feasible,reachability_lower,0,12,0.0,252.63157894736844,0.0
2012-10-01,92,9,634.1,130.390625,1,457.51096491228066,inf,2352,all cumulative-window cuts are feasible,reachability_lower,0,12,0.0,274.50657894736844,0.0
2012-10-02,93,0,634.1,95.46875,1,334.9780701754386,inf,2352,all cumulative-window cuts are feasible,reachability_lower,0,12,0.0,200.98684210526318,0.0
2012-10-02,93,1,634.1,111.875,1,392.5438596491228,inf,2352,all cumulative-window cuts are feasible,reachability_lower,0,12,0.0,235.5263157894737,0.0
2012-10-02,93,2,634.1,81.09375,1,284.5394736842105,inf,2352,all cumulative-window cuts are feasible,reachability_lower,0,12,0.0,170.72368421052633,0.0
2012-10-02,93,3,634.1,85.703125,1,300.7127192982456,inf,2352,all cumulative-window cuts are feasible,reachability_lower,0,12,0.0,180.42763157894737,0.0
2012-10-02,93,4,634.1,92.1875,1,323.46491228070175,inf,2352,all cumulative-window cuts are feasible,reachability_lower,0,12,0.0,194.07894736842107,0.0
2012-10-02,93,5,634.1,60.234375,1,211.3486842105263,inf,2352,all cumulative-window cuts are feasible,reachability_lower,0,12,0.0,126.8092105263158,0.0
2012-10-02,93,6,634.1,109.53125,1,384.3201754385965,inf,2352,all cumulative-window cuts are feasible,reachability_lower,0,12,0.0,230.59210526315792,0.0
2012-10-02,93,7,634.1,78.28125,1,274.6710526315789,inf,2352,all cumulative-window cuts are feasible,reachability_lower,0,12,0.0,164.80263157894737,0.0
2012-10-02,93,8,634.1,59.609375,1,209.15570175438594,inf,2352,all cumulative-window cuts are feasible,reachability_lower,0,12,0.0,125.49342105263159,0.0
2012-10-02,93,9,634.1,99.53125,1,349.23245614035085,inf,2352,all cumulative-window cuts are feasible,reachability_lower,0,12,0.0,209.53947368421055,0.0
2012-10-03,94,0,634.1,96.5625,1,338.8157894736842,inf,2352,all cumulative-window cuts are feasible,reachability_lower,0,12,0.0,203.28947368421055,0.0
2012-10-03,94,1,634.1,111.5625,1,391.4473684210526,inf,2352,all cumulative-window cuts are feasible,reachability_lower,0,12,0.0,234.8684210526316,0.0
2012-10-03,94,2,634.1,77.265625,1,271.10745614035085,inf,2352,all cumulative-window cuts are feasible,reachability_lower,0,12,0.0,162.66447368421052,0.0
2012-10-03,94,3,634.1,70.3125,1,246.71052631578945,inf,2352,all cumulative-window cuts are feasible,reachability_lower,0,12,0.0,148.0263157894737,0.0
2012-10-03,94,4,634.1,114.53125,1,401.86403508771923,inf,2352,all cumulative-window cuts are feasible,reachability_lower,0,12,0.0,241.1184210526316,2.842170943040401e-14
2012-10-03,94,5,634.1,58.203125,1,204.22149122807016,inf,2352,all cumulative-window cuts are feasible,reachability_lower,0,12,0.0,122.53289473684211,0.0
2012-10-03,94,6,634.1,100.078125,1,351.15131578947364,inf,2352,all cumulative-window cuts are feasible,reachability_lower,0,12,0.0,210.69078947368422,0.0
2012-10-03,94,7,634.1,86.875,1,304.8245614035087,inf,2352,all cumulative-window cuts are feasible,reachability_lower,0,12,0.0,182.89473684210526,0.0
2012-10-03,94,8,634.1,83.515625,1,293.03728070175436,inf,2352,all cumulative-window cuts are feasible,reachability_lower,0,12,0.0,175.82236842105263,0.0
2012-10-03,94,9,634.1,85.78125,1,300.9868421052631,inf,2352,all cumulative-window cuts are feasible,reachability_lower,0,12,0.0,180.5921052631579,0.0
2012-10-04,95,0,634.1,96.953125,1,340.1864035087719,inf,2352,all cumulative-window cuts are feasible,reachability_lower,0,12,0.0,204.11184210526318,2.842170943040401e-14
2012-10-04,95,1,634.1,120.859375,1,424.0679824561403,inf,2352,all cumulative-window cuts are feasible,reachability_lower,0,12,0.0,254.44078947368422,-2.842170943040401e-14
2012-10-04,95,2,634.1,77.1875,1,270.8333333333333,inf,2352,all cumulative-window cuts are feasible,reachability_lower,0,12,0.0,162.5,0.0
2012-10-04,95,3,634.1,75.859375,1,266.17324561403507,inf,2352,all cumulative-window cuts are feasible,reachability_lower,0,12,0.0,159.70394736842107,0.0
2012-10-04,95,4,634.1,127.578125,1,447.6425438596491,inf,2352,all cumulative-window cuts are feasible,reachability_lower,0,12,0.0,268.5855263157895,0.0
2012-10-04,95,5,634.1,72.1875,1,253.28947368421052,inf,2352,all cumulative-window cuts are feasible,reachability_lower,0,12,0.0,151.97368421052633,0.0
2012-10-04,95,6,634.1,105.9375,1,371.7105263157894,inf,2352,all cumulative-window cuts are feasible,reachability_lower,0,12,0.0,223.0263157894737,0.0
2012-10-04,95,7,634.1,101.171875,1,354.9890350877193,inf,2352,all cumulative-window cuts are feasible,reachability_lower,0,12,0.0,212.9934210526316,-2.842170943040401e-14
2012-10-04,95,8,634.1,89.296875,1,313.3223684210526,inf,2352,all cumulative-window cuts are feasible,reachability_lower,0,12,0.0,187.9934210526316,0.0
2012-10-04,95,9,634.1,118.671875,1,416.3925438596491,inf,2352,all cumulative-window cuts are feasible,reachability_lower,0,12,0.0,249.83552631578948,-2.842170943040401e-14
2012-10-05,96,0,634.1,121.5625,1,426.5350877192982,inf,2352,all cumulative-window cuts are feasible,reachability_lower,0,12,0.0,255.92105263157896,0.0
2012-10-05,96,1,634.1,119.140625,1,418.0372807017543,inf,2352,all cumulative-window cuts are feasible,reachability_lower,0,12,0.0,250.82236842105263,0.0
2012-10-05,96,2,634.1,96.171875,1,337.44517543859644,inf,2352,all cumulative-window cuts are feasible,reachability_lower,0,12,0.0,202.4671052631579,0.0
2012-10-05,96,3,634.1,93.984375,1,329.76973684210526,inf,2352,all cumulative-window cuts are feasible,reachability_lower,0,12,0.0,197.86184210526318,0.0
2012-10-05,96,4,634.1,114.84375,1,402.9605263157894,inf,2352,all cumulative-window cuts are feasible,reachability_lower,0,12,0.0,241.7763157894737,0.0
2012-10-05,96,5,634.1,107.03125,1,375.54824561403507,inf,2352,all cumulative-window cuts are feasible,reachability_lower,0,12,0.0,225.32894736842107,0.0
2012-10-05,96,6,634.1,119.0625,1,417.76315789473676,inf,2352,all cumulative-window cuts are feasible,reachability_lower,0,12,0.0,250.6578947368421,0.0
2012-10-05,96,7,634.1,124.453125,1,436.67763157894734,inf,2352,all cumulative-window cuts are feasible,reachability_lower,0,12,0.0,262.00657894736844,0.0
2012-10-05,96,8,634.1,143.28125,1,502.74122807017534,inf,2352,all cumulative-window cuts are feasible,reachability_lower,0,12,0.0,301.64473684210526,0.0
2012-10-05,96,9,634.1,116.71875,1,409.53947368421046,inf,2352,all cumulative-window cuts are feasible,reachability_lower,0,12,0.0,245.72368421052633,2.842170943040401e-14
2012-10-06,97,0,634.1,179.0625,1,628.2894736842105,inf,2352,all cumulative-window cuts are feasible,reachability_lower,0,12,0.0,376.97368421052636,0.0
2012-10-06,97,1,634.1,171.640625,1,602.2478070175439,inf,2352,all cumulative-window cuts are feasible,reachability_lower,0,12,0.0,361.34868421052636,-5.684341886080802e-14
2012-10-06,97,2,634.1,173.046875,1,607.1820175438595,inf,2352,all cumulative-window cuts are feasible,reachability_lower,0,12,0.0,364.3092105263158,0.0
2012-10-06,97,3,634.1,169.0625,1,593.2017543859648,inf,2352,all cumulative-window cuts are feasible,reachability_lower,0,12,0.0,355.92105263157896,0.0
2012-10-06,97,4,634.1,172.96875,1,606.907894736842,inf,2352,all cumulative-window cuts are feasible,reachability_lower,0,12,0.0,364.14473684210526,0.0
2012-10-06,97,5,634.1,163.515625,1,573.7390350877192,inf,2352,all cumulative-window cuts are feasible,reachability_lower,0,12,0.0,344.2434210526316,5.684341886080802e-14
2012-10-06,97,6,634.1,166.640625,1,584.703947368421,inf,2352,all cumulative-window cuts are feasible,reachability_lower,0,12,0.0,350.82236842105266,0.0
2012-10-06,97,7,634.1,177.734375,1,623.6293859649122,inf,2352,all cumulative-window cuts are feasible,reachability_lower,0,12,0.0,374.1776315789474,0.0
2012-10-06,97,8,634.1,169.6875,1,595.3947368421052,inf,2352,all cumulative-window cuts are feasible,reachability_lower,0,12,0.0,357.2368421052632,0.0
2012-10-06,97,9,634.1,169.453125,1,594.5723684210526,inf,2352,all cumulative-window cuts are feasible,reachability_lower,0,12,0.0,356.7434210526316,0.0
2012-10-07,98,0,634.1,92.34375,1,324.0131578947368,inf,2352,all cumulative-window cuts are feasible,reachability_lower,0,12,0.0,194.4078947368421,0.0
2012-10-07,98,1,634.1,121.5625,1,426.5350877192982,inf,2352,all cumulative-window cuts are feasible,reachability_lower,0,12,0.0,255.92105263157896,0.0
2012-10-07,98,2,634.1,101.40625,1,355.8114035087719,inf,2352,all cumulative-window cuts are feasible,reachability_lower,0,12,0.0,213.48684210526318,0.0
2012-10-07,98,3,634.1,70.390625,1,246.98464912280699,inf,2352,all cumulative-window cuts are feasible,reachability_lower,0,12,0.0,148.19078947368422,0.0
2012-10-07,98,4,634.1,123.203125,1,432.29166666666663,inf,2352,all cumulative-window cuts are feasible,reachability_lower,0,12,0.0,259.375,0.0
2012-10-07,98,5,634.1,51.40625,1,180.37280701754383,inf,2352,all cumulative-window cuts are feasible,reachability_lower,0,12,0.0,108.22368421052632,0.0
2012-10-07,98,6,634.1,133.28125,1,467.6535087719298,inf,2352,all cumulative-window cuts are feasible,reachability_lower,0,12,0.0,280.5921052631579,0.0
2012-10-07,98,7,634.1,87.109375,1,305.64692982456137,inf,2352,all cumulative-window cuts are feasible,reachability_lower,0,12,0.0,183.38815789473685,0.0
2012-10-07,98,8,634.1,90.234375,1,316.6118421052631,inf,2352,all cumulative-window cuts are feasible,reachability_lower,0,12,0.0,189.9671052631579,0.0
2012-10-07,98,9,634.1,113.75,1,399.12280701754383,inf,2352,all cumulative-window cuts are feasible,reachability_lower,0,12,0.0,239.47368421052633,0.0
2012-10-08,99,0,634.1,126.5625,1,444.07894736842104,inf,2352,all cumulative-window cuts are feasible,reachability_lower,0,12,0.0,266.44736842105266,0.0
2012-10-08,99,1,634.1,129.0625,1,452.8508771929824,inf,2352,all cumulative-window cuts are feasible,reachability_lower,0,12,0.0,271.7105263157895,0.0
2012-10-08,99,2,634.1,124.453125,1,436.67763157894734,inf,2352,all cumulative-window cuts are feasible,reachability_lower,0,12,0.0,262.00657894736844,0.0
2012-10-08,99,3,634.1,122.65625,1,430.3728070175438,inf,2352,all cumulative-window cuts are feasible,reachability_lower,0,12,0.0,258.2236842105263,0.0
2012-10-08,99,4,634.1,138.4375,1,485.74561403508767,inf,2352,all cumulative-window cuts are feasible,reachability_lower,0,12,0.0,291.44736842105266,0.0
2012-10-08,99,5,634.1,112.890625,1,396.10745614035085,inf,2352,all cumulative-window cuts are feasible,reachability_lower,0,12,0.0,237.66447368421055,0.0
2012-10-08,99,6,634.1,133.75,1,469.298245614035,inf,2352,all cumulative-window cuts are feasible,reachability_lower,0,12,0.0,281.57894736842104,0.0
2012-10-08,99,7,634.1,121.25,1,425.438596491228,inf,2352,all cumulative-window cuts are feasible,reachability_lower,0,12,0.0,255.26315789473685,0.0
2012-10-08,99,8,634.1,113.359375,1,397.7521929824561,inf,2352,all cumulative-window cuts are feasible,reachability_lower,0,12,0.0,238.6513157894737,0.0
2012-10-08,99,9,634.1,140.390625,1,492.59868421052624,inf,2352,all cumulative-window cuts are feasible,reachability_lower,0,12,0.0,295.5592105263158,0.0
2012-10-09,100,0,634.1,107.03125,1,375.54824561403507,inf,2352,all cumulative-window cuts are feasible,reachability_lower,0,12,0.0,225.32894736842107,0.0
2012-10-09,100,1,634.1,128.59375,1,451.2061403508771,inf,2352,all cumulative-window cuts are feasible,reachability_lower,0,12,0.0,270.7236842105263,0.0
2012-10-09,100,2,634.1,98.046875,1,344.02412280701753,inf,2352,all cumulative-window cuts are feasible,reachability_lower,0,12,0.0,206.41447368421055,0.0
2012-10-09,100,3,634.1,81.640625,1,286.4583333333333,inf,2352,all cumulative-window cuts are feasible,reachability_lower,0,12,0.0,171.875,0.0
2012-10-09,100,4,634.1,101.5625,1,356.35964912280696,inf,2352,all cumulative-window cuts are feasible,reachability_lower,0,12,0.0,213.81578947368422,0.0
2012-10-09,100,5,634.1,79.21875,1,277.9605263157895,inf,2352,all cumulative-window cuts are feasible,reachability_lower,0,12,0.0,166.7763157894737,0.0
2012-10-09,100,6,634.1,128.671875,1,451.48026315789474,inf,2352,all cumulative-window cuts are feasible,reachability_lower,0,12,0.0,270.8881578947369,0.0
2012-10-09,100,7,634.1,99.0625,1,347.5877192982456,inf,2352,all cumulative-window cuts are feasible,reachability_lower,0,12,0.0,208.55263157894737,0.0
2012-10-09,100,8,634.1,68.125,1,239.03508771929822,inf,2352,all cumulative-window cuts are feasible,reachability_lower,0,12,0.0,143.42105263157896,0.0
2012-10-09,100,9,634.1,109.296875,1,383.49780701754383,inf,2352,all cumulative-window cuts are feasible,reachability_lower,0,12,0.0,230.09868421052633,0.0
2012-10-10,101,0,634.1,97.65625,1,342.65350877192975,inf,2352,all cumulative-window cuts are feasible,reachability_lower,0,12,0.0,205.5921052631579,0.0
2012-10-10,101,1,634.1,68.828125,1,241.50219298245614,inf,2352,all cumulative-window cuts are feasible,reachability_lower,0,12,0.0,144.9013157894737,0.0
2012-10-10,101,2,634.1,80.234375,1,281.5241228070175,inf,2352,all cumulative-window cuts are feasible,reachability_lower,0,12,0.0,168.91447368421052,0.0
2012-10-10,101,3,634.1,56.953125,1,199.83552631578945,inf,2352,all cumulative-window cuts are feasible,reachability_lower,0,12,0.0,119.90131578947368,0.0
2012-10-10,101,4,634.1,81.09375,1,284.5394736842105,inf,2352,all cumulative-window cuts are feasible,reachability_lower,0,12,0.0,170.72368421052633,0.0
2012-10-10,101,5,634.1,66.875,1,234.6491228070175,inf,2352,all cumulative-window cuts are feasible,reachability_lower,0,12,0.0,140.78947368421052,0.0
2012-10-10,101,6,634.1,89.375,1,313.59649122807014,inf,2352,all cumulative-window cuts are feasible,reachability_lower,0,12,0.0,188.1578947368421,0.0
2012-10-10,101,7,634.1,68.359375,1,239.85745614035082,inf,2352,all cumulative-window cuts are feasible,reachability_lower,0,12,0.0,143.91447368421052,0.0
2012-10-10,101,8,634.1,49.765625,1,174.61622807017542,inf,2352,all cumulative-window cuts are feasible,reachability_lower,0,12,0.0,104.76973684210527,0.0
2012-10-10,101,9,634.1,80.234375,1,281.5241228070175,inf,2352,all cumulative-window cuts are feasible,reachability_lower,0,12,0.0,168.91447368421052,0.0
2012-10-11,102,0,634.1,168.28125,1,590.4605263157894,inf,2352,all cumulative-window cuts are feasible,reachability_lower,0,12,0.0,354.2763157894737,0.0
2012-10-11,102,1,634.1,173.671875,1,609.3749999999999,inf,2352,all cumulative-window cuts are feasible,reachability_lower,0,12,0.0,365.625,0.0
2012-10-11,102,2,634.1,157.734375,1,553.453947368421,inf,2352,all cumulative-window cuts are feasible,reachability_lower,0,12,0.0,332.07236842105266,0.0
2012-10-11,102,3,634.1,157.734375,1,553.453947368421,inf,2352,all cumulative-window cuts are feasible,reachability_lower,0,12,0.0,332.07236842105266,0.0
2012-10-11,102,4,634.1,147.96875,1,519.188596491228,inf,2352,all cumulative-window cuts are feasible,reachability_lower,0,12,0.0,311.5131578947369,0.0
2012-10-11,102,5,634.1,138.203125,1,484.923245614035,inf,2352,all cumulative-window cuts are feasible,reachability_lower,0,12,0.0,290.95394736842104,0.0
2012-10-11,102,6,634.1,166.09375,1,582.7850877192982,inf,2352,all cumulative-window cuts are feasible,reachability_lower,0,12,0.0,349.67105263157896,0.0
2012-10-11,102,7,634.1,167.734375,1,588.5416666666666,inf,2352,all cumulative-window cuts are feasible,reachability_lower,0,12,0.0,353.125,-5.684341886080802e-14
2012-10-11,102,8,634.1,151.328125,1,530.9758771929824,inf,2352,all cumulative-window cuts are feasible,reachability_lower,0,12,0.0,318.5855263157895,0.0
2012-10-11,102,9,634.1,169.453125,1,594.5723684210526,inf,2352,all cumulative-window cuts are feasible,reachability_lower,0,12,0.0,356.7434210526316,0.0
2013-01-01,103,0,634.1,178.59375,1,626.6447368421052,inf,2352,all cumulative-window cuts are feasible,reachability_lower,0,12,0.0,375.9868421052632,0.0
2013-01-01,103,1,634.1,117.578125,1,412.55482456140345,inf,2352,all cumulative-window cuts are feasible,reachability_lower,0,12,0.0,247.5328947368421,0.0
2013-01-01,103,2,634.1,115.625,1,405.7017543859649,inf,2352,all cumulative-window cuts are feasible,reachability_lower,0,12,0.0,243.42105263157896,0.0
2013-01-01,103,3,634.1,115.234375,1,404.33114035087715,inf,2352,all cumulative-window cuts are feasible,reachability_lower,0,12,0.0,242.59868421052633,0.0
2013-01-01,103,4,634.1,177.1875,1,621.7105263157894,inf,2352,all cumulative-window cuts are feasible,reachability_lower,0,12,0.0,373.0263157894737,0.0
2013-01-01,103,5,634.1,145.78125,1,511.5131578947368,inf,2352,all cumulative-window cuts are feasible,reachability_lower,0,12,0.0,306.90789473684214,0.0
2013-01-01,103,6,634.1,169.0625,1,593.2017543859648,inf,2352,all cumulative-window cuts are feasible,reachability_lower,0,12,0.0,355.92105263157896,0.0
2013-01-01,103,7,634.1,200.625,1,703.9473684210526,inf,2352,all cumulative-window cuts are feasible,reachability_lower,0,12,0.0,422.3684210526316,0.0
2013-01-01,103,8,634.1,143.203125,1,502.4671052631578,inf,2352,all cumulative-window cuts are feasible,reachability_lower,0,12,0.0,301.48026315789474,0.0
2013-01-01,103,9,634.1,176.796875,1,620.3399122807017,inf,2352,all cumulative-window cuts are feasible,reachability_lower,0,12,0.0,372.2039473684211,0.0
2013-01-02,104,0,634.1,175.625,1,616.2280701754386,inf,2352,all cumulative-window cuts are feasible,reachability_lower,0,12,0.0,369.7368421052632,0.0
2013-01-02,104,1,634.1,134.140625,1,470.66885964912274,inf,2352,all cumulative-window cuts are feasible,reachability_lower,0,12,0.0,282.4013157894737,0.0
2013-01-02,104,2,634.1,143.90625,1,504.9342105263157,inf,2352,all cumulative-window cuts are feasible,reachability_lower,0,12,0.0,302.9605263157895,0.0
2013-01-02,104,3,634.1,139.296875,1,488.76096491228066,inf,2352,all cumulative-window cuts are feasible,reachability_lower,0,12,0.0,293.25657894736844,0.0
2013-01-02,104,4,634.1,170.390625,1,597.8618421052631,inf,2352,all cumulative-window cuts are feasible,reachability_lower,0,12,0.0,358.7171052631579,0.0
2013-01-02,104,5,634.1,130.9375,1,459.4298245614035,inf,2352,all cumulative-window cuts are feasible,reachability_lower,0,12,0.0,275.65789473684214,0.0
2013-01-02,104,6,634.1,144.609375,1,507.40131578947364,inf,2352,all cumulative-window cuts are feasible,reachability_lower,0,12,0.0,304.4407894736842,0.0
2013-01-02,104,7,634.1,137.5,1,482.4561403508772,inf,2352,all cumulative-window cuts are feasible,reachability_lower,0,12,0.0,289.47368421052636,0.0
2013-01-02,104,8,634.1,131.796875,1,462.44517543859644,inf,2352,all cumulative-window cuts are feasible,reachability_lower,0,12,0.0,277.4671052631579,0.0
2013-01-02,104,9,634.1,151.796875,1,532.6206140350877,inf,2352,all cumulative-window cuts are feasible,reachability_lower,0,12,0.0,319.57236842105266,0.0
2013-01-03,105,0,634.1,134.6875,1,472.5877192982456,inf,2352,all cumulative-window cuts are feasible,reachability_lower,0,12,0.0,283.5526315789474,0.0
2013-01-03,105,1,634.1,111.875,1,392.5438596491228,inf,2352,all cumulative-window cuts are feasible,reachability_lower,0,12,0.0,235.5263157894737,0.0
2013-01-03,105,2,634.1,119.375,1,418.85964912280696,inf,2352,all cumulative-window cuts are feasible,reachability_lower,0,12,0.0,251.31578947368422,0.0
2013-01-03,105,3,634.1,113.046875,1,396.6557017543859,inf,2352,all cumulative-window cuts are feasible,reachability_lower,0,12,0.0,237.9934210526316,0.0
2013-01-03,105,4,634.1,147.5,1,517.5438596491227,inf,2352,all cumulative-window cuts are feasible,reachability_lower,0,12,0.0,310.5263157894737,0.0
2013-01-03,105,5,634.1,110.859375,1,388.9802631578947,inf,2352,all cumulative-window cuts are feasible,reachability_lower,0,12,0.0,233.38815789473685,0.0
2013-01-03,105,6,634.1,123.671875,1,433.9364035087719,inf,2352,all cumulative-window cuts are feasible,reachability_lower,0,12,0.0,260.3618421052632,0.0
2013-01-03,105,7,634.1,131.484375,1,461.34868421052624,inf,2352,all cumulative-window cuts are feasible,reachability_lower,0,12,0.0,276.8092105263158,0.0
2013-01-03,105,8,634.1,111.875,1,392.5438596491228,inf,2352,all cumulative-window cuts are feasible,reachability_lower,0,12,0.0,235.5263157894737,0.0
2013-01-03,105,9,634.1,127.8125,1,448.46491228070164,inf,2352,all cumulative-window cuts are feasible,reachability_lower,0,12,0.0,269.07894736842104,0.0
2013-01-04,106,0,634.1,107.578125,1,377.46710526315786,inf,2352,all cumulative-window cuts are feasible,reachability_lower,0,12,0.0,226.48026315789474,0.0
2013-01-04,106,1,634.1,92.8125,1,325.657894736842,inf,2352,all cumulative-window cuts are feasible,reachability_lower,0,12,0.0,195.39473684210526,2.842170943040401e-14
2013-01-04,106,2,634.1,93.359375,1,327.5767543859649,inf,2352,all cumulative-window cuts are feasible,reachability_lower,0,12,0.0,196.54605263157896,0.0
2013-01-04,106,3,634.1,74.375,1,260.96491228070175,inf,2352,all cumulative-window cuts are feasible,reachability_lower,0,12,0.0,156.57894736842107,0.0
2013-01-04,106,4,634.1,101.25,1,355.2631578947368,inf,2352,all cumulative-window cuts are feasible,reachability_lower,0,12,0.0,213.1578947368421,-2.842170943040401e-14
2013-01-04,106,5,634.1,61.875,1,217.1052631578947,inf,2352,all cumulative-window cuts are feasible,reachability_lower,0,12,0.0,130.26315789473685,0.0
2013-01-04,106,6,634.1,144.296875,1,506.3048245614035,inf,2352,all cumulative-window cuts are feasible,reachability_lower,0,12,0.0,303.78289473684214,0.0
2013-01-04,106,7,634.1,161.640625,1,567.1600877192982,inf,2352,all cumulative-window cuts are feasible,reachability_lower,0,12,0.0,340.29605263157896,0.0
2013-01-04,106,8,634.1,86.015625,1,301.8092105263158,inf,2352,all cumulative-window cuts are feasible,reachability_lower,0,12,0.0,181.08552631578948,-2.842170943040401e-14
2013-01-04,106,9,634.1,102.65625,1,360.1973684210526,inf,2352,all cumulative-window cuts are feasible,reachability_lower,0,12,0.0,216.1184210526316,0.0
2013-01-05,107,0,634.1,174.53125,1,612.3903508771929,inf,2352,all cumulative-window cuts are feasible,reachability_lower,0,12,0.0,367.4342105263158,0.0
2013-01-05,107,1,634.1,100.390625,1,352.24780701754383,inf,2352,all cumulative-window cuts are feasible,reachability_lower,0,12,0.0,211.34868421052633,0.0
2013-01-05,107,2,634.1,88.984375,1,312.2258771929824,inf,2352,all cumulative-window cuts are feasible,reachability_lower,0,12,0.0,187.33552631578948,0.0
2013-01-05,107,3,634.1,137.03125,1,480.8114035087719,inf,2352,all cumulative-window cuts are feasible,reachability_lower,0,12,0.0,288.4868421052632,0.0
2013-01-05,107,4,634.1,171.015625,1,600.0548245614035,inf,2352,all cumulative-window cuts are feasible,reachability_lower,0,12,0.0,360.03289473684214,0.0
2013-01-05,107,5,634.1,163.828125,1,574.8355263157894,inf,2352,all cumulative-window cuts are feasible,reachability_lower,0,12,0.0,344.9013157894737,5.684341886080802e-14
2013-01-05,107,6,634.1,176.484375,1,619.2434210526316,inf,2352,all cumulative-window cuts are feasible,reachability_lower,0,12,0.0,371.54605263157896,-5.684341886080802e-14
2013-01-05,107,7,634.1,157.265625,1,551.8092105263157,inf,2352,all cumulative-window cuts are feasible,reachability_lower,0,12,0.0,331.0855263157895,0.0
2013-01-05,107,8,634.1,127.421875,1,447.094298245614,inf,2352,all cumulative-window cuts are feasible,reachability_lower,0,12,0.0,268.25657894736844,0.0
2013-01-05,107,9,634.1,140.15625,1,491.77631578947364,inf,2352,all cumulative-window cuts are feasible,reachability_lower,0,12,0.0,295.0657894736842,0.0
2013-01-06,108,0,634.1,175.859375,1,617.0504385964912,inf,2352,all cumulative-window cuts are feasible,reachability_lower,0,12,0.0,370.23026315789474,0.0
2013-01-06,108,1,634.1,130.390625,1,457.51096491228066,inf,2352,all cumulative-window cuts are feasible,reachability_lower,0,12,0.0,274.50657894736844,0.0
2013-01-06,108,2,634.1,90.9375,1,319.078947368421,inf,2352,all cumulative-window cuts are feasible,reachability_lower,0,12,0.0,191.44736842105263,0.0
2013-01-06,108,3,634.1,107.421875,1,376.9188596491228,inf,2352,all cumulative-window cuts are feasible,reachability_lower,0,12,0.0,226.1513157894737,0.0
2013-01-06,108,4,634.1,156.40625,1,548.7938596491227,inf,2352,all cumulative-window cuts are feasible,reachability_lower,0,12,0.0,329.2763157894737,0.0
2013-01-06,108,5,634.1,120.703125,1,423.51973684210526,inf,2352,all cumulative-window cuts are feasible,reachability_lower,0,12,0.0,254.11184210526318,-2.842170943040401e-14
2013-01-06,108,6,634.1,177.109375,1,621.4364035087718,inf,2352,all cumulative-window cuts are feasible,reachability_lower,0,12,0.0,372.8618421052632,0.0
2013-01-06,108,7,634.1,184.21875,1,646.3815789473684,inf,2352,all cumulative-window cuts are feasible,reachability_lower,0,12,0.0,387.8289473684211,0.0
2013-01-06,108,8,634.1,136.40625,1,478.6184210526315,inf,2352,all cumulative-window cuts are feasible,reachability_lower,0,12,0.0,287.17105263157896,0.0
2013-01-06,108,9,634.1,156.171875,1,547.9714912280701,inf,2352,all cumulative-window cuts are feasible,reachability_lower,0,12,0.0,328.78289473684214,0.0
2013-01-07,109,0,634.1,101.328125,1,355.53728070175436,inf,2352,all cumulative-window cuts are feasible,reachability_lower,0,12,0.0,213.32236842105263,-2.842170943040401e-14
2013-01-07,109,1,634.1,126.25,1,442.9824561403508,inf,2352,all cumulative-window cuts are feasible,reachability_lower,0,12,0.0,265.7894736842105,0.0
2013-01-07,109,2,634.1,81.953125,1,287.55482456140345,inf,2352,all cumulative-window cuts are feasible,reachability_lower,0,12,0.0,172.5328947368421,2.842170943040401e-14
2013-01-07,109,3,634.1,115.546875,1,405.42763157894734,inf,2352,all cumulative-window cuts are feasible,reachability_lower,0,12,0.0,243.25657894736844,0.0
2013-01-07,109,4,634.1,168.59375,1,591.5570175438595,inf,2352,all cumulative-window cuts are feasible,reachability_lower,0,12,0.0,354.9342105263158,0.0
2013-01-07,109,5,634.1,97.03125,1,340.4605263157894,inf,2352,all cumulative-window cuts are feasible,reachability_lower,0,12,0.0,204.2763157894737,2.842170943040401e-14
2013-01-07,109,6,634.1,131.015625,1,459.70394736842104,inf,2352,all cumulative-window cuts are feasible,reachability_lower,0,12,0.0,275.82236842105266,0.0
2013-01-07,109,7,634.1,119.6875,1,419.95614035087715,inf,2352,all cumulative-window cuts are feasible,reachability_lower,0,12,0.0,251.97368421052633,0.0
2013-01-07,109,8,634.1,117.109375,1,410.9100877192982,inf,2352,all cumulative-window cuts are feasible,reachability_lower,0,12,0.0,246.54605263157896,0.0
2013-01-07,109,9,634.1,141.09375,1,495.0657894736841,inf,2352,all cumulative-window cuts are feasible,reachability_lower,0,12,0.0,297.0394736842105,0.0
2013-01-08,110,1,634.1,170.703125,1,598.9583333333333,inf,2352,all cumulative-window cuts are feasible,reachability_lower,0,12,0.0,359.375,0.0
2013-01-08,110,2,634.1,147.5,1,517.5438596491227,inf,2352,all cumulative-window cuts are feasible,reachability_lower,0,12,0.0,310.5263157894737,0.0
2013-01-08,110,3,634.1,177.578125,1,623.0811403508771,inf,2352,all cumulative-window cuts are feasible,reachability_lower,0,12,0.0,373.84868421052636,0.0
2013-01-08,110,4,634.1,171.796875,1,602.796052631579,inf,2352,all cumulative-window cuts are feasible,reachability_lower,0,12,0.0,361.6776315789474,-5.684341886080802e-14
2013-01-08,110,5,634.1,173.203125,1,607.7302631578947,inf,2352,all cumulative-window cuts are feasible,reachability_lower,0,12,0.0,364.6381578947369,0.0
2013-01-08,110,6,634.1,186.171875,1,653.2346491228069,inf,2352,all cumulative-window cuts are feasible,reachability_lower,0,12,0.0,391.9407894736842,0.0
2013-01-08,110,7,634.1,190.0,1,666.6666666666665,inf,2352,all cumulative-window cuts are feasible,reachability_lower,0,12,0.0,400.0,5.684341886080802e-14
2013-01-08,110,8,634.1,169.765625,1,595.6688596491227,inf,2352,all cumulative-window cuts are feasible,reachability_lower,0,12,0.0,357.4013157894737,0.0
2013-01-08,110,9,634.1,173.828125,1,609.9232456140351,inf,2352,all cumulative-window cuts are feasible,reachability_lower,0,12,0.0,365.9539473684211,0.0
2013-01-09,111,0,634.1,193.4375,1,678.7280701754386,inf,2352,all cumulative-window cuts are feasible,reachability_lower,0,12,0.0,407.2368421052632,0.0
2013-01-09,111,1,634.1,151.484375,1,531.5241228070174,inf,2352,all cumulative-window cuts are feasible,reachability_lower,0,12,0.0,318.9144736842105,0.0
2013-01-09,111,2,634.1,122.34375,1,429.27631578947364,inf,2352,all cumulative-window cuts are feasible,reachability_lower,0,12,0.0,257.5657894736842,0.0
2013-01-09,111,3,634.1,136.015625,1,477.2478070175438,inf,2352,all cumulative-window cuts are feasible,reachability_lower,0,12,0.0,286.3486842105263,0.0
2013-01-09,111,4,634.1,172.96875,1,606.907894736842,inf,2352,all cumulative-window cuts are feasible,reachability_lower,0,12,0.0,364.14473684210526,0.0
2013-01-09,111,5,634.1,124.140625,1,435.5811403508771,inf,2352,all cumulative-window cuts are feasible,reachability_lower,0,12,0.0,261.3486842105263,0.0
2013-01-09,111,6,634.1,143.125,1,502.19298245614027,inf,2352,all cumulative-window cuts are feasible,reachability_lower,0,12,0.0,301.3157894736842,0.0
2013-01-09,111,7,634.1,154.609375,1,542.4890350877192,inf,2352,all cumulative-window cuts are feasible,reachability_lower,0,12,0.0,325.4934210526316,5.684341886080802e-14
2013-01-09,111,8,634.1,112.03125,1,393.09210526315786,inf,2352,all cumulative-window cuts are feasible,reachability_lower,0,12,0.0,235.85526315789474,0.0
2013-01-09,111,9,634.1,132.265625,1,464.08991228070164,inf,2352,all cumulative-window cuts are feasible,reachability_lower,0,12,0.0,278.45394736842104,0.0
2013-01-10,112,0,634.1,166.328125,1,583.6074561403508,inf,2352,all cumulative-window cuts are feasible,reachability_lower,0,12,0.0,350.1644736842105,0.0
2013-01-10,112,1,634.1,164.296875,1,576.4802631578947,inf,2352,all cumulative-window cuts are feasible,reachability_lower,0,12,0.0,345.8881578947369,0.0
2013-01-10,112,2,634.1,160.390625,1,562.7741228070174,inf,2352,all cumulative-window cuts are feasible,reachability_lower,0,12,0.0,337.6644736842105,0.0
2013-01-10,112,3,634.1,168.4375,1,591.0087719298244,inf,2352,all cumulative-window cuts are feasible,reachability_lower,0,12,0.0,354.60526315789474,0.0
2013-01-10,112,4,634.1,172.65625,1,605.8114035087718,inf,2352,all cumulative-window cuts are feasible,reachability_lower,0,12,0.0,363.4868421052632,0.0
2013-01-10,112,5,634.1,152.109375,1,533.7171052631578,inf,2352,all cumulative-window cuts are feasible,reachability_lower,0,12,0.0,320.23026315789474,0.0
2013-01-10,112,6,634.1,160.703125,1,563.8706140350877,inf,2352,all cumulative-window cuts are feasible,reachability_lower,0,12,0.0,338.32236842105266,0.0
2013-01-10,112,7,634.1,176.484375,1,619.2434210526316,inf,2352,all cumulative-window cuts are feasible,reachability_lower,0,12,0.0,371.54605263157896,-5.684341886080802e-14
2013-01-10,112,8,634.1,170.703125,1,598.9583333333333,inf,2352,all cumulative-window cuts are feasible,reachability_lower,0,12,0.0,359.375,0.0
2013-01-10,112,9,634.1,171.875,1,603.0701754385965,inf,2352,all cumulative-window cuts are feasible,reachability_lower,0,12,0.0,361.8421052631579,-5.684341886080802e-14
2013-01-11,113,0,634.1,149.84375,1,525.7675438596491,inf,2352,all cumulative-window cuts are feasible,reachability_lower,0,12,0.0,315.4605263157895,0.0
2013-01-11,113,1,634.1,149.765625,1,525.4934210526316,inf,2352,all cumulative-window cuts are feasible,reachability_lower,0,12,0.0,315.29605263157896,0.0
2013-01-11,113,2,634.1,79.765625,1,279.8793859649122,inf,2352,all cumulative-window cuts are feasible,reachability_lower,0,12,0.0,167.92763157894737,2.842170943040401e-14
2013-01-11,113,3,634.1,145.9375,1,512.0614035087718,inf,2352,all cumulative-window cuts are feasible,reachability_lower,0,12,0.0,307.2368421052632,5.684341886080802e-14
2013-01-11,113,4,634.1,171.328125,1,601.1513157894736,inf,2352,all cumulative-window cuts are feasible,reachability_lower,0,12,0.0,360.6907894736842,0.0
2013-01-11,113,5,634.1,93.515625,1,328.12499999999994,inf,2352,all cumulative-window cuts are feasible,reachability_lower,0,12,0.0,196.875,0.0
2013-01-11,113,6,634.1,162.578125,1,570.4495614035087,inf,2352,all cumulative-window cuts are feasible,reachability_lower,0,12,0.0,342.26973684210526,0.0
2013-01-11,113,7,634.1,179.0625,1,628.2894736842105,inf,2352,all cumulative-window cuts are feasible,reachability_lower,0,12,0.0,376.97368421052636,0.0
2013-01-11,113,8,634.1,120.46875,1,422.6973684210526,inf,2352,all cumulative-window cuts are feasible,reachability_lower,0,12,0.0,253.6184210526316,0.0
2013-01-11,113,9,634.1,154.6875,1,542.7631578947368,inf,2352,all cumulative-window cuts are feasible,reachability_lower,0,12,0.0,325.65789473684214,5.684341886080802e-14
2013-01-12,114,0,634.1,191.484375,1,671.8749999999999,inf,2352,all cumulative-window cuts are feasible,reachability_lower,0,12,0.0,403.125,0.0
2013-01-12,114,1,634.1,174.6875,1,612.938596491228,inf,2352,all cumulative-window cuts are feasible,reachability_lower,0,12,0.0,367.7631578947369,0.0
2013-01-12,114,2,634.1,179.21875,1,628.8377192982456,inf,2352,all cumulative-window cuts are feasible,reachability_lower,0,12,0.0,377.3026315789474,0.0
2013-01-12,114,3,634.1,173.984375,1,610.4714912280701,inf,2352,all cumulative-window cuts are feasible,reachability_lower,0,12,0.0,366.28289473684214,0.0
2013-01-12,114,4,634.1,196.25,1,688.5964912280701,inf,2352,all cumulative-window cuts are feasible,reachability_lower,0,12,0.0,413.15789473684214,0.0
2013-01-12,114,5,634.1,175.546875,1,615.953947368421,inf,2352,all cumulative-window cuts are feasible,reachability_lower,0,12,0.0,369.57236842105266,0.0
2013-01-12,114,6,634.1,187.421875,1,657.6206140350877,inf,2352,all cumulative-window cuts are feasible,reachability_lower,0,12,0.0,394.57236842105266,0.0
2013-01-12,114,7,634.1,189.0625,1,663.3771929824561,inf,2352,all cumulative-window cuts are feasible,reachability_lower,0,12,0.0,398.0263157894737,0.0
2013-01-12,114,8,634.1,185.0,1,649.1228070175438,inf,2352,all cumulative-window cuts are feasible,reachability_lower,0,12,0.0,389.47368421052636,5.684341886080802e-14
2013-01-12,114,9,634.1,183.75,1,644.7368421052631,inf,2352,all cumulative-window cuts are feasible,reachability_lower,0,12,0.0,386.8421052631579,0.0
2013-01-13,115,0,634.1,185.390625,1,650.4934210526314,inf,2352,all cumulative-window cuts are feasible,reachability_lower,0,12,0.0,390.29605263157896,5.684341886080802e-14
2013-01-13,115,1,634.1,170.3125,1,597.5877192982456,inf,2352,all cumulative-window cuts are feasible,reachability_lower,0,12,0.0,358.5526315789474,0.0
2013-01-13,115,2,634.1,175.390625,1,615.405701754386,inf,2352,all cumulative-window cuts are feasible,reachability_lower,0,12,0.0,369.2434210526316,0.0
2013-01-13,115,3,634.1,170.78125,1,599.2324561403508,inf,2352,all cumulative-window cuts are feasible,reachability_lower,0,12,0.0,359.5394736842105,0.0
2013-01-13,115,4,634.1,181.328125,1,636.2390350877192,inf,2352,all cumulative-window cuts are feasible,reachability_lower,0,12,0.0,381.7434210526316,0.0
2013-01-13,115,5,634.1,165.859375,1,581.9627192982456,inf,2352,all cumulative-window cuts are feasible,reachability_lower,0,12,0.0,349.1776315789474,0.0
2013-01-13,115,6,634.1,182.65625,1,640.8991228070174,inf,2352,all cumulative-window cuts are feasible,reachability_lower,0,12,0.0,384.5394736842105,0.0
2013-01-13,115,7,634.1,176.484375,1,619.2434210526316,inf,2352,all cumulative-window cuts are feasible,reachability_lower,0,12,0.0,371.54605263157896,-5.684341886080802e-14
2013-01-13,115,8,634.1,171.796875,1,602.796052631579,inf,2352,all cumulative-window cuts are feasible,reachability_lower,0,12,0.0,361.6776315789474,-5.684341886080802e-14
2013-01-13,115,9,634.1,173.828125,1,609.9232456140351,inf,2352,all cumulative-window cuts are feasible,reachability_lower,0,12,0.0,365.9539473684211,0.0
2013-01-14,116,0,634.1,81.40625,1,285.6359649122807,inf,2352,all cumulative-window cuts are feasible,reachability_lower,0,12,0.0,171.38157894736844,0.0
2013-01-14,116,1,634.1,71.640625,1,251.37061403508767,inf,2352,all cumulative-window cuts are feasible,reachability_lower,0,12,0.0,150.82236842105263,0.0
2013-01-14,116,2,634.1,71.015625,1,249.17763157894737,inf,2352,all cumulative-window cuts are feasible,reachability_lower,0,12,0.0,149.50657894736844,0.0
2013-01-14,116,3,634.1,78.828125,1,276.58991228070175,inf,2352,all cumulative-window cuts are feasible,reachability_lower,0,12,0.0,165.95394736842107,0.0
2013-01-14,116,4,634.1,104.0625,1,365.1315789473684,inf,2352,all cumulative-window cuts are feasible,reachability_lower,0,12,0.0,219.07894736842107,0.0
2013-01-14,116,5,634.1,78.4375,1,275.219298245614,inf,2352,all cumulative-window cuts are feasible,reachability_lower,0,12,0.0,165.13157894736844,0.0
2013-01-14,116,6,634.1,119.53125,1,419.4078947368421,inf,2352,all cumulative-window cuts are feasible,reachability_lower,0,12,0.0,251.6447368421053,0.0
2013-01-14,116,7,634.1,103.828125,1,364.3092105263157,inf,2352,all cumulative-window cuts are feasible,reachability_lower,0,12,0.0,218.58552631578948,0.0
2013-01-14,116,8,634.1,66.5625,1,233.55263157894737,inf,2352,all cumulative-window cuts are feasible,reachability_lower,0,12,0.0,140.13157894736844,0.0
2013-01-14,116,9,634.1,105.78125,1,371.16228070175436,inf,2352,all cumulative-window cuts are feasible,reachability_lower,0,12,0.0,222.69736842105263,-2.842170943040401e-14
2013-01-15,117,0,634.1,132.578125,1,465.1864035087719,inf,2352,all cumulative-window cuts are feasible,reachability_lower,0,12,0.0,279.1118421052632,0.0
2013-01-15,117,1,634.1,99.140625,1,347.8618421052631,inf,2352,all cumulative-window cuts are feasible,reachability_lower,0,12,0.0,208.71710526315792,2.842170943040401e-14
2013-01-15,117,2,634.1,117.8125,1,413.3771929824561,inf,2352,all cumulative-window cuts are feasible,reachability_lower,0,12,0.0,248.0263157894737,0.0
2013-01-15,117,3,634.1,108.28125,1,379.9342105263157,inf,2352,all cumulative-window cuts are feasible,reachability_lower,0,12,0.0,227.96052631578948,0.0
2013-01-15,117,4,634.1,125.390625,1,439.96710526315786,inf,2352,all cumulative-window cuts are feasible,reachability_lower,0,12,0.0,263.98026315789474,0.0
2013-01-15,117,5,634.1,113.4375,1,398.02631578947364,inf,2352,all cumulative-window cuts are feasible,reachability_lower,0,12,0.0,238.81578947368422,0.0
2013-01-15,117,6,634.1,132.421875,1,464.6381578947368,inf,2352,all cumulative-window cuts are feasible,reachability_lower,0,12,0.0,278.78289473684214,0.0
2013-01-15,117,7,634.1,111.09375,1,389.80263157894734,inf,2352,all cumulative-window cuts are feasible,reachability_lower,0,12,0.0,233.88157894736844,0.0
2013-01-15,117,8,634.1,104.21875,1,365.67982456140345,inf,2352,all cumulative-window cuts are feasible,reachability_lower,0,12,0.0,219.4078947368421,0.0
2013-01-15,117,9,634.1,134.0625,1,470.3947368421052,inf,2352,all cumulative-window cuts are feasible,reachability_lower,0,12,0.0,282.2368421052632,0.0
2013-01-16,118,0,634.1,133.4375,1,468.2017543859649,inf,2352,all cumulative-window cuts are feasible,reachability_lower,0,12,0.0,280.92105263157896,0.0
2013-01-16,118,1,634.1,72.34375,1,253.8377192982456,inf,2352,all cumulative-window cuts are feasible,reachability_lower,0,12,0.0,152.30263157894737,0.0
2013-01-16,118,2,634.1,76.5625,1,268.640350877193,inf,2352,all cumulative-window cuts are feasible,reachability_lower,0,12,0.0,161.1842105263158,0.0
2013-01-16,118,3,634.1,89.921875,1,315.515350877193,inf,2352,all cumulative-window cuts are feasible,reachability_lower,0,12,0.0,189.3092105263158,0.0
2013-01-16,118,4,634.1,115.46875,1,405.1535087719298,inf,2352,all cumulative-window cuts are feasible,reachability_lower,0,12,0.0,243.09210526315792,0.0
2013-01-16,118,5,634.1,104.6875,1,367.3245614035087,inf,2352,all cumulative-window cuts are feasible,reachability_lower,0,12,0.0,220.39473684210526,0.0
2013-01-16,118,6,634.1,95.15625,1,333.8815789473684,inf,2352,all cumulative-window cuts are feasible,reachability_lower,0,12,0.0,200.32894736842107,0.0
2013-01-16,118,7,634.1,106.25,1,372.8070175438596,inf,2352,all cumulative-window cuts are feasible,reachability_lower,0,12,0.0,223.6842105263158,0.0
2013-01-16,118,8,634.1,92.734375,1,325.3837719298245,inf,2352,all cumulative-window cuts are feasible,reachability_lower,0,12,0.0,195.23026315789474,2.842170943040401e-14
2013-01-16,118,9,634.1,107.65625,1,377.7412280701754,inf,2352,all cumulative-window cuts are feasible,reachability_lower,0,12,0.0,226.64473684210526,0.0
2013-01-17,119,0,634.1,117.421875,1,412.0065789473684,inf,2352,all cumulative-window cuts are feasible,reachability_lower,0,12,0.0,247.20394736842107,0.0
2013-01-17,119,1,634.1,72.890625,1,255.7565789473684,inf,2352,all cumulative-window cuts are feasible,reachability_lower,0,12,0.0,153.45394736842107,0.0
2013-01-17,119,2,634.1,91.953125,1,322.6425438596491,inf,2352,all cumulative-window cuts are feasible,reachability_lower,0,12,0.0,193.58552631578948,0.0
2013-01-17,119,3,634.1,116.71875,1,409.53947368421046,inf,2352,all cumulative-window cuts are feasible,reachability_lower,0,12,0.0,245.72368421052633,2.842170943040401e-14
2013-01-17,119,4,634.1,120.859375,1,424.0679824561403,inf,2352,all cumulative-window cuts are feasible,reachability_lower,0,12,0.0,254.44078947368422,-2.842170943040401e-14
2013-01-17,119,5,634.1,143.984375,1,505.20833333333326,inf,2352,all cumulative-window cuts are feasible,reachability_lower,0,12,0.0,303.125,0.0
2013-01-17,119,6,634.1,175.625,1,616.2280701754386,inf,2352,all cumulative-window cuts are feasible,reachability_lower,0,12,0.0,369.7368421052632,0.0
2013-01-17,119,7,634.1,114.921875,1,403.23464912280696,inf,2352,all cumulative-window cuts are feasible,reachability_lower,0,12,0.0,241.94078947368422,0.0
2013-01-17,119,8,634.1,157.65625,1,553.1798245614035,inf,2352,all cumulative-window cuts are feasible,reachability_lower,0,12,0.0,331.90789473684214,0.0
2013-01-17,119,9,634.1,126.015625,1,442.1600877192982,inf,2352,all cumulative-window cuts are feasible,reachability_lower,0,12,0.0,265.29605263157896,0.0
2013-01-18,120,0,634.1,196.640625,1,689.9671052631578,inf,2352,all cumulative-window cuts are feasible,reachability_lower,0,12,0.0,413.98026315789474,0.0
2013-01-18,120,1,634.1,169.0625,1,593.2017543859648,inf,2352,all cumulative-window cuts are feasible,reachability_lower,0,12,0.0,355.92105263157896,0.0
2013-01-18,120,2,634.1,140.078125,1,491.5021929824561,inf,2352,all cumulative-window cuts are feasible,reachability_lower,0,12,0.0,294.9013157894737,0.0
2013-01-18,120,3,634.1,172.03125,1,603.6184210526316,inf,2352,all cumulative-window cuts are feasible,reachability_lower,0,12,0.0,362.17105263157896,-5.684341886080802e-14
2013-01-18,120,4,634.1,182.421875,1,640.0767543859648,inf,2352,all cumulative-window cuts are feasible,reachability_lower,0,12,0.0,384.04605263157896,0.0
2013-01-18,120,5,634.1,173.75,1,609.6491228070174,inf,2352,all cumulative-window cuts are feasible,reachability_lower,0,12,0.0,365.7894736842105,0.0
2013-01-18,120,6,634.1,181.953125,1,638.4320175438595,inf,2352,all cumulative-window cuts are feasible,reachability_lower,0,12,0.0,383.0592105263158,0.0
2013-01-18,120,7,634.1,193.4375,1,678.7280701754386,inf,2352,all cumulative-window cuts are feasible,reachability_lower,0,12,0.0,407.2368421052632,0.0
2013-01-18,120,8,634.1,179.84375,1,631.030701754386,inf,2352,all cumulative-window cuts are feasible,reachability_lower,0,12,0.0,378.6184210526316,0.0
2013-01-18,120,9,634.1,177.421875,1,622.532894736842,inf,2352,all cumulative-window cuts are feasible,reachability_lower,0,12,0.0,373.51973684210526,0.0
2013-01-19,121,0,634.1,175.703125,1,616.5021929824561,inf,2352,all cumulative-window cuts are feasible,reachability_lower,0,12,0.0,369.9013157894737,0.0
2013-01-19,121,1,634.1,171.640625,1,602.2478070175439,inf,2352,all cumulative-window cuts are feasible,reachability_lower,0,12,0.0,361.34868421052636,-5.684341886080802e-14
2013-01-19,121,2,634.1,167.1875,1,586.6228070175439,inf,2352,all cumulative-window cuts are feasible,reachability_lower,0,12,0.0,351.97368421052636,-5.684341886080802e-14
2013-01-19,121,3,634.1,147.421875,1,517.2697368421052,inf,2352,all cumulative-window cuts are feasible,reachability_lower,0,12,0.0,310.3618421052632,0.0
2013-01-19,121,4,634.1,167.734375,1,588.5416666666666,inf,2352,all cumulative-window cuts are feasible,reachability_lower,0,12,0.0,353.125,-5.684341886080802e-14
2013-01-19,121,5,634.1,148.125,1,519.7368421052631,inf,2352,all cumulative-window cuts are feasible,reachability_lower,0,12,0.0,311.8421052631579,0.0
2013-01-19,121,6,634.1,180.625,1,633.7719298245614,inf,2352,all cumulative-window cuts are feasible,reachability_lower,0,12,0.0,380.2631578947369,-5.684341886080802e-14
2013-01-19,121,7,634.1,174.53125,1,612.3903508771929,inf,2352,all cumulative-window cuts are feasible,reachability_lower,0,12,0.0,367.4342105263158,0.0
2013-01-19,121,8,634.1,169.375,1,594.2982456140351,inf,2352,all cumulative-window cuts are feasible,reachability_lower,0,12,0.0,356.5789473684211,0.0
2013-01-19,121,9,634.1,165.859375,1,581.9627192982456,inf,2352,all cumulative-window cuts are feasible,reachability_lower,0,12,0.0,349.1776315789474,0.0
2013-01-20,122,0,634.1,172.734375,1,606.0855263157894,inf,2352,all cumulative-window cuts are feasible,reachability_lower,0,12,0.0,363.6513157894737,0.0
2013-01-20,122,1,634.1,173.75,1,609.6491228070174,inf,2352,all cumulative-window cuts are feasible,reachability_lower,0,12,0.0,365.7894736842105,0.0
2013-01-20,122,2,634.1,171.71875,1,602.5219298245614,inf,2352,all cumulative-window cuts are feasible,reachability_lower,0,12,0.0,361.5131578947369,-5.684341886080802e-14
2013-01-20,122,3,634.1,169.21875,1,593.7499999999999,inf,2352,all cumulative-window cuts are feasible,reachability_lower,0,12,0.0,356.25,0.0
2013-01-20,122,4,634.1,174.21875,1,611.2938596491227,inf,2352,all cumulative-window cuts are feasible,reachability_lower,0,12,0.0,366.7763157894737,0.0
2013-01-20,122,5,634.1,167.578125,1,587.9934210526316,inf,2352,all cumulative-window cuts are feasible,reachability_lower,0,12,0.0,352.79605263157896,-5.684341886080802e-14
2013-01-20,122,6,634.1,182.96875,1,641.9956140350877,inf,2352,all cumulative-window cuts are feasible,reachability_lower,0,12,0.0,385.19736842105266,0.0
2013-01-20,122,7,634.1,182.578125,1,640.6249999999999,inf,2352,all cumulative-window cuts are feasible,reachability_lower,0,12,0.0,384.375,0.0
2013-01-20,122,8,634.1,168.75,1,592.1052631578947,inf,2352,all cumulative-window cuts are feasible,reachability_lower,0,12,0.0,355.2631578947369,0.0
2013-01-20,122,9,634.1,171.640625,1,602.2478070175439,inf,2352,all cumulative-window cuts are feasible,reachability_lower,0,12,0.0,361.34868421052636,-5.684341886080802e-14
2013-01-21,123,0,634.1,129.84375,1,455.5921052631578,inf,2352,all cumulative-window cuts are feasible,reachability_lower,0,12,0.0,273.35526315789474,0.0
2013-01-21,123,1,634.1,123.046875,1,431.74342105263156,inf,2352,all cumulative-window cuts are feasible,reachability_lower,0,12,0.0,259.04605263157896,0.0
2013-01-21,123,2,634.1,127.34375,1,446.8201754385965,inf,2352,all cumulative-window cuts are feasible,reachability_lower,0,12,0.0,268.0921052631579,0.0
2013-01-21,123,3,634.1,128.4375,1,450.657894736842,inf,2352,all cumulative-window cuts are feasible,reachability_lower,0,12,0.0,270.39473684210526,0.0
2013-01-21,123,4,634.1,163.90625,1,575.1096491228069,inf,2352,all cumulative-window cuts are feasible,reachability_lower,0,12,0.0,345.0657894736842,5.684341886080802e-14
2013-01-21,123,5,634.1,135.9375,1,476.97368421052624,inf,2352,all cumulative-window cuts are feasible,reachability_lower,0,12,0.0,286.1842105263158,0.0
2013-01-21,123,6,634.1,163.28125,1,572.9166666666666,inf,2352,all cumulative-window cuts are feasible,reachability_lower,0,12,0.0,343.75,0.0
2013-01-21,123,7,634.1,142.03125,1,498.35526315789474,inf,2352,all cumulative-window cuts are feasible,reachability_lower,0,12,0.0,299.0131578947369,0.0
2013-01-21,123,8,634.1,129.453125,1,454.22149122807014,inf,2352,all cumulative-window cuts are feasible,reachability_lower,0,12,0.0,272.53289473684214,0.0
2013-01-21,123,9,634.1,153.359375,1,538.1030701754386,inf,2352,all cumulative-window cuts are feasible,reachability_lower,0,12,0.0,322.8618421052632,0.0
2013-01-22,124,0,634.1,111.40625,1,390.89912280701753,inf,2352,all cumulative-window cuts are feasible,reachability_lower,0,12,0.0,234.53947368421055,0.0
2013-01-22,124,1,634.1,124.6875,1,437.49999999999994,inf,2352,all cumulative-window cuts are feasible,reachability_lower,0,12,0.0,262.5,0.0
2013-01-22,124,2,634.1,75.625,1,265.3508771929824,inf,2352,all cumulative-window cuts are feasible,reachability_lower,0,12,0.0,159.21052631578948,0.0
2013-01-22,124,3,634.1,129.921875,1,455.86622807017534,inf,2352,all cumulative-window cuts are feasible,reachability_lower,0,12,0.0,273.51973684210526,0.0
2013-01-22,124,4,634.1,171.328125,1,601.1513157894736,inf,2352,all cumulative-window cuts are feasible,reachability_lower,0,12,0.0,360.6907894736842,0.0
2013-01-22,124,5,634.1,99.453125,1,348.95833333333326,inf,2352,all cumulative-window cuts are feasible,reachability_lower,0,12,0.0,209.375,2.842170943040401e-14
2013-01-22,124,6,634.1,114.140625,1,400.49342105263156,inf,2352,all cumulative-window cuts are feasible,reachability_lower,0,12,0.0,240.29605263157896,0.0
2013-01-22,124,7,634.1,129.453125,1,454.22149122807014,inf,2352,all cumulative-window cuts are feasible,reachability_lower,0,12,0.0,272.53289473684214,0.0
2013-01-22,124,8,634.1,139.0625,1,487.93859649122805,inf,2352,all cumulative-window cuts are feasible,reachability_lower,0,12,0.0,292.7631578947369,0.0
2013-01-22,124,9,634.1,118.671875,1,416.3925438596491,inf,2352,all cumulative-window cuts are feasible,reachability_lower,0,12,0.0,249.83552631578948,-2.842170943040401e-14
2013-01-23,125,0,634.1,164.765625,1,578.1249999999999,inf,2352,all cumulative-window cuts are feasible,reachability_lower,0,12,0.0,346.875,0.0
2013-01-23,125,1,634.1,168.59375,1,591.5570175438595,inf,2352,all cumulative-window cuts are feasible,reachability_lower,0,12,0.0,354.9342105263158,0.0
2013-01-23,125,2,634.1,172.1875,1,604.1666666666666,inf,2352,all cumulative-window cuts are feasible,reachability_lower,0,12,0.0,362.5,-5.684341886080802e-14
2013-01-23,125,3,634.1,161.171875,1,565.5153508771929,inf,2352,all cumulative-window cuts are feasible,reachability_lower,0,12,0.0,339.3092105263158,0.0
2013-01-23,125,4,634.1,174.609375,1,612.6644736842105,inf,2352,all cumulative-window cuts are feasible,reachability_lower,0,12,0.0,367.59868421052636,0.0
2013-01-23,125,5,634.1,129.0625,1,452.8508771929824,inf,2352,all cumulative-window cuts are feasible,reachability_lower,0,12,0.0,271.7105263157895,0.0
2013-01-23,125,6,634.1,148.515625,1,521.1074561403508,inf,2352,all cumulative-window cuts are feasible,reachability_lower,0,12,0.0,312.6644736842105,0.0
2013-01-23,125,7,634.1,164.6875,1,577.8508771929824,inf,2352,all cumulative-window cuts are feasible,reachability_lower,0,12,0.0,346.7105263157895,0.0
2013-01-23,125,8,634.1,150.9375,1,529.6052631578947,inf,2352,all cumulative-window cuts are feasible,reachability_lower,0,12,0.0,317.7631578947369,0.0
2013-01-23,125,9,634.1,169.453125,1,594.5723684210526,inf,2352,all cumulative-window cuts are feasible,reachability_lower,0,12,0.0,356.7434210526316,0.0
2013-01-24,126,0,634.1,102.109375,1,358.2785087719298,inf,2352,all cumulative-window cuts are feasible,reachability_lower,0,12,0.0,214.96710526315792,0.0
2013-01-24,126,1,634.1,120.78125,1,423.7938596491228,inf,2352,all cumulative-window cuts are feasible,reachability_lower,0,12,0.0,254.2763157894737,-2.842170943040401e-14
2013-01-24,126,2,634.1,103.125,1,361.84210526315786,inf,2352,all cumulative-window cuts are feasible,reachability_lower,0,12,0.0,217.10526315789474,0.0
2013-01-24,126,3,634.1,105.703125,1,370.8881578947368,inf,2352,all cumulative-window cuts are feasible,reachability_lower,0,12,0.0,222.5328947368421,-2.842170943040401e-14
2013-01-24,126,4,634.1,124.84375,1,438.048245614035,inf,2352,all cumulative-window cuts are feasible,reachability_lower,0,12,0.0,262.82894736842104,0.0
2013-01-24,126,5,634.1,99.453125,1,348.95833333333326,inf,2352,all cumulative-window cuts are feasible,reachability_lower,0,12,0.0,209.375,2.842170943040401e-14
2013-01-24,126,6,634.1,160.78125,1,564.1447368421052,inf,2352,all cumulative-window cuts are feasible,reachability_lower,0,12,0.0,338.4868421052632,0.0
2013-01-24,126,7,634.1,132.109375,1,463.5416666666666,inf,2352,all cumulative-window cuts are feasible,reachability_lower,0,12,0.0,278.125,0.0
2013-01-24,126,8,634.1,105.703125,1,370.8881578947368,inf,2352,all cumulative-window cuts are feasible,reachability_lower,0,12,0.0,222.5328947368421,-2.842170943040401e-14
2013-01-24,126,9,634.1,104.6875,1,367.3245614035087,inf,2352,all cumulative-window cuts are feasible,reachability_lower,0,12,0.0,220.39473684210526,0.0
2013-01-25,127,0,634.1,150.15625,1,526.8640350877192,inf,2352,all cumulative-window cuts are feasible,reachability_lower,0,12,0.0,316.1184210526316,5.684341886080802e-14
2013-01-25,127,1,634.1,141.171875,1,495.33991228070164,inf,2352,all cumulative-window cuts are feasible,reachability_lower,0,12,0.0,297.20394736842104,0.0
2013-01-25,127,2,634.1,73.671875,1,258.49780701754383,inf,2352,all cumulative-window cuts are feasible,reachability_lower,0,12,0.0,155.09868421052633,0.0
2013-01-25,127,3,634.1,104.765625,1,367.5986842105263,inf,2352,all cumulative-window cuts are feasible,reachability_lower,0,12,0.0,220.5592105263158,0.0
2013-01-25,127,4,634.1,162.421875,1,569.9013157894736,inf,2352,all cumulative-window cuts are feasible,reachability_lower,0,12,0.0,341.9407894736842,0.0
2013-01-25,127,5,634.1,123.046875,1,431.74342105263156,inf,2352,all cumulative-window cuts are feasible,reachability_lower,0,12,0.0,259.04605263157896,0.0
2013-01-25,127,6,634.1,153.90625,1,540.0219298245614,inf,2352,all cumulative-window cuts are feasible,reachability_lower,0,12,0.0,324.0131578947369,0.0
2013-01-25,127,7,634.1,177.34375,1,622.2587719298244,inf,2352,all cumulative-window cuts are feasible,reachability_lower,0,12,0.0,373.35526315789474,0.0
2013-01-25,127,8,634.1,127.96875,1,449.0131578947368,inf,2352,all cumulative-window cuts are feasible,reachability_lower,0,12,0.0,269.40789473684214,0.0
2013-01-25,127,9,634.1,156.09375,1,547.6973684210526,inf,2352,all cumulative-window cuts are feasible,reachability_lower,0,12,0.0,328.6184210526316,0.0
2013-04-01,128,0,634.1,139.6875,1,490.1315789473683,inf,2352,all cumulative-window cuts are feasible,reachability_lower,0,12,0.0,294.07894736842104,0.0
2013-04-01,128,1,634.1,157.65625,1,553.1798245614035,inf,2352,all cumulative-window cuts are feasible,reachability_lower,0,12,0.0,331.90789473684214,0.0
2013-04-01,128,2,634.1,155.9375,1,547.1491228070174,inf,2352,all cumulative-window cuts are feasible,reachability_lower,0,12,0.0,328.2894736842105,0.0
2013-04-01,128,3,634.1,148.671875,1,521.655701754386,inf,2352,all cumulative-window cuts are feasible,reachability_lower,0,12,0.0,312.9934210526316,0.0
2013-04-01,128,4,634.1,141.25,1,495.6140350877193,inf,2352,all cumulative-window cuts are feasible,reachability_lower,0,12,0.0,297.3684210526316,0.0
2013-04-01,128,5,634.1,131.953125,1,462.9934210526315,inf,2352,all cumulative-window cuts are feasible,reachability_lower,0,12,0.0,277.79605263157896,0.0
2013-04-01,128,6,634.1,142.421875,1,499.7258771929824,inf,2352,all cumulative-window cuts are feasible,reachability_lower,0,12,0.0,299.8355263157895,0.0
2013-04-01,128,7,634.1,162.96875,1,571.8201754385965,inf,2352,all cumulative-window cuts are feasible,reachability_lower,0,12,0.0,343.0921052631579,0.0
2013-04-01,128,8,634.1,172.1875,1,604.1666666666666,inf,2352,all cumulative-window cuts are feasible,reachability_lower,0,12,0.0,362.5,-5.684341886080802e-14
2013-04-01,128,9,634.1,155.078125,1,544.1337719298244,inf,2352,all cumulative-window cuts are feasible,reachability_lower,0,12,0.0,326.48026315789474,5.684341886080802e-14
2013-04-02,129,0,634.1,77.03125,1,270.28508771929825,inf,2352,all cumulative-window cuts are feasible,reachability_lower,0,12,0.0,162.17105263157896,0.0
2013-04-02,129,1,634.1,86.71875,1,304.27631578947364,inf,2352,all cumulative-window cuts are feasible,reachability_lower,0,12,0.0,182.56578947368422,0.0
2013-04-02,129,2,634.1,90.234375,1,316.6118421052631,inf,2352,all cumulative-window cuts are feasible,reachability_lower,0,12,0.0,189.9671052631579,0.0
2013-04-02,129,3,634.1,61.953125,1,217.37938596491225,inf,2352,all cumulative-window cuts are feasible,reachability_lower,0,12,0.0,130.42763157894737,0.0
2013-04-02,129,4,634.1,88.359375,1,310.0328947368421,inf,2352,all cumulative-window cuts are feasible,reachability_lower,0,12,0.0,186.01973684210526,-2.842170943040401e-14
2013-04-02,129,5,634.1,86.015625,1,301.8092105263158,inf,2352,all cumulative-window cuts are feasible,reachability_lower,0,12,0.0,181.08552631578948,-2.842170943040401e-14
2013-04-02,129,6,634.1,112.65625,1,395.2850877192982,inf,2352,all cumulative-window cuts are feasible,reachability_lower,0,12,0.0,237.17105263157896,0.0
2013-04-02,129,7,634.1,106.953125,1,375.27412280701753,inf,2352,all cumulative-window cuts are feasible,reachability_lower,0,12,0.0,225.16447368421055,0.0
2013-04-02,129,8,634.1,103.4375,1,362.93859649122805,inf,2352,all cumulative-window cuts are feasible,reachability_lower,0,12,0.0,217.76315789473685,-2.842170943040401e-14
2013-04-02,129,9,634.1,107.421875,1,376.9188596491228,inf,2352,all cumulative-window cuts are feasible,reachability_lower,0,12,0.0,226.1513157894737,0.0
2013-04-03,130,0,634.1,170.234375,1,597.313596491228,inf,2352,all cumulative-window cuts are feasible,reachability_lower,0,12,0.0,358.3881578947369,0.0
2013-04-03,130,1,634.1,168.28125,1,590.4605263157894,inf,2352,all cumulative-window cuts are feasible,reachability_lower,0,12,0.0,354.2763157894737,0.0
2013-04-03,130,2,634.1,178.984375,1,628.0153508771929,inf,2352,all cumulative-window cuts are feasible,reachability_lower,0,12,0.0,376.8092105263158,0.0
2013-04-03,130,3,634.1,166.484375,1,584.155701754386,inf,2352,all cumulative-window cuts are feasible,reachability_lower,0,12,0.0,350.4934210526316,0.0
2013-04-03,130,4,634.1,164.453125,1,577.0285087719298,inf,2352,all cumulative-window cuts are feasible,reachability_lower,0,12,0.0,346.2171052631579,0.0
2013-04-03,130,5,634.1,170.234375,1,597.313596491228,inf,2352,all cumulative-window cuts are feasible,reachability_lower,0,12,0.0,358.3881578947369,0.0
2013-04-03,130,6,634.1,180.3125,1,632.6754385964912,inf,2352,all cumulative-window cuts are feasible,reachability_lower,0,12,0.0,379.60526315789474,0.0
2013-04-03,130,7,634.1,180.078125,1,631.8530701754386,inf,2352,all cumulative-window cuts are feasible,reachability_lower,0,12,0.0,379.1118421052632,0.0
2013-04-03,130,8,634.1,168.515625,1,591.282894736842,inf,2352,all cumulative-window cuts are feasible,reachability_lower,0,12,0.0,354.76973684210526,0.0
2013-04-03,130,9,634.1,172.265625,1,604.4407894736842,inf,2352,all cumulative-window cuts are feasible,reachability_lower,0,12,0.0,362.6644736842105,-5.684341886080802e-14
2013-04-04,131,0,634.1,166.640625,1,584.703947368421,inf,2352,all cumulative-window cuts are feasible,reachability_lower,0,12,0.0,350.82236842105266,0.0
2013-04-04,131,1,634.1,166.640625,1,584.703947368421,inf,2352,all cumulative-window cuts are feasible,reachability_lower,0,12,0.0,350.82236842105266,0.0
2013-04-04,131,2,634.1,178.359375,1,625.8223684210526,inf,2352,all cumulative-window cuts are feasible,reachability_lower,0,12,0.0,375.4934210526316,0.0
2013-04-04,131,3,634.1,165.859375,1,581.9627192982456,inf,2352,all cumulative-window cuts are feasible,reachability_lower,0,12,0.0,349.1776315789474,0.0
2013-04-04,131,4,634.1,161.484375,1,566.6118421052631,inf,2352,all cumulative-window cuts are feasible,reachability_lower,0,12,0.0,339.9671052631579,0.0
2013-04-04,131,5,634.1,166.5625,1,584.4298245614035,inf,2352,all cumulative-window cuts are feasible,reachability_lower,0,12,0.0,350.65789473684214,0.0
2013-04-04,131,6,634.1,178.359375,1,625.8223684210526,inf,2352,all cumulative-window cuts are feasible,reachability_lower,0,12,0.0,375.4934210526316,0.0
2013-04-04,131,7,634.1,179.375,1,629.3859649122807,inf,2352,all cumulative-window cuts are feasible,reachability_lower,0,12,0.0,377.63157894736844,0.0
2013-04-04,131,8,634.1,169.453125,1,594.5723684210526,inf,2352,all cumulative-window cuts are feasible,reachability_lower,0,12,0.0,356.7434210526316,0.0
2013-04-04,131,9,634.1,168.984375,1,592.9276315789473,inf,2352,all cumulative-window cuts are feasible,reachability_lower,0,12,0.0,355.75657894736844,0.0
2013-04-05,132,0,634.1,129.21875,1,453.3991228070175,inf,2352,all cumulative-window cuts are feasible,reachability_lower,0,12,0.0,272.0394736842105,0.0
2013-04-05,132,1,634.1,123.046875,1,431.74342105263156,inf,2352,all cumulative-window cuts are feasible,reachability_lower,0,12,0.0,259.04605263157896,0.0
2013-04-05,132,2,634.1,128.28125,1,450.10964912280696,inf,2352,all cumulative-window cuts are feasible,reachability_lower,0,12,0.0,270.0657894736842,0.0
2013-04-05,132,3,634.1,128.671875,1,451.48026315789474,inf,2352,all cumulative-window cuts are feasible,reachability_lower,0,12,0.0,270.8881578947369,0.0
2013-04-05,132,4,634.1,137.109375,1,481.0855263157894,inf,2352,all cumulative-window cuts are feasible,reachability_lower,0,12,0.0,288.6513157894737,0.0
2013-04-05,132,5,634.1,133.671875,1,469.0241228070175,inf,2352,all cumulative-window cuts are feasible,reachability_lower,0,12,0.0,281.4144736842105,0.0
2013-04-05,132,6,634.1,142.34375,1,499.4517543859649,inf,2352,all cumulative-window cuts are feasible,reachability_lower,0,12,0.0,299.67105263157896,0.0
2013-04-05,132,7,634.1,141.015625,1,494.7916666666666,inf,2352,all cumulative-window cuts are feasible,reachability_lower,0,12,0.0,296.875,0.0
2013-04-05,132,8,634.1,128.4375,1,450.657894736842,inf,2352,all cumulative-window cuts are feasible,reachability_lower,0,12,0.0,270.39473684210526,0.0
2013-04-05,132,9,634.1,149.375,1,524.1228070175439,inf,2352,all cumulative-window cuts are feasible,reachability_lower,0,12,0.0,314.47368421052636,0.0
2013-04-06,133,0,634.1,167.578125,1,587.9934210526316,inf,2352,all cumulative-window cuts are feasible,reachability_lower,0,12,0.0,352.79605263157896,-5.684341886080802e-14
2013-04-06,133,1,634.1,163.59375,1,574.0131578947368,inf,2352,all cumulative-window cuts are feasible,reachability_lower,0,12,0.0,344.40789473684214,5.684341886080802e-14
2013-04-06,133,2,634.1,162.890625,1,571.546052631579,inf,2352,all cumulative-window cuts are feasible,reachability_lower,0,12,0.0,342.9276315789474,0.0
2013-04-06,133,3,634.1,166.953125,1,585.8004385964912,inf,2352,all cumulative-window cuts are feasible,reachability_lower,0,12,0.0,351.48026315789474,0.0
2013-04-06,133,4,634.1,156.328125,1,548.5197368421052,inf,2352,all cumulative-window cuts are feasible,reachability_lower,0,12,0.0,329.1118421052632,0.0
2013-04-06,133,5,634.1,163.75,1,574.5614035087718,inf,2352,all cumulative-window cuts are feasible,reachability_lower,0,12,0.0,344.7368421052632,5.684341886080802e-14
2013-04-06,133,6,634.1,171.71875,1,602.5219298245614,inf,2352,all cumulative-window cuts are feasible,reachability_lower,0,12,0.0,361.5131578947369,-5.684341886080802e-14
2013-04-06,133,7,634.1,176.5625,1,619.5175438596491,inf,2352,all cumulative-window cuts are feasible,reachability_lower,0,12,0.0,371.7105263157895,-5.684341886080802e-14
2013-04-06,133,8,634.1,168.203125,1,590.1864035087718,inf,2352,all cumulative-window cuts are feasible,reachability_lower,0,12,0.0,354.1118421052632,0.0
2013-04-06,133,9,634.1,168.828125,1,592.3793859649122,inf,2352,all cumulative-window cuts are feasible,reachability_lower,0,12,0.0,355.4276315789474,0.0
2013-04-07,134,0,634.1,174.53125,1,612.3903508771929,inf,2352,all cumulative-window cuts are feasible,reachability_lower,0,12,0.0,367.4342105263158,0.0
2013-04-07,134,1,634.1,148.359375,1,520.5592105263157,inf,2352,all cumulative-window cuts are feasible,reachability_lower,0,12,0.0,312.3355263157895,0.0
2013-04-07,134,2,634.1,135.703125,1,476.15131578947364,inf,2352,all cumulative-window cuts are feasible,reachability_lower,0,12,0.0,285.6907894736842,0.0
2013-04-07,134,3,634.1,121.25,1,425.438596491228,inf,2352,all cumulative-window cuts are feasible,reachability_lower,0,12,0.0,255.26315789473685,0.0
2013-04-07,134,4,634.1,167.34375,1,587.171052631579,inf,2352,all cumulative-window cuts are feasible,reachability_lower,0,12,0.0,352.3026315789474,-5.684341886080802e-14
2013-04-07,134,5,634.1,128.515625,1,450.93201754385956,inf,2352,all cumulative-window cuts are feasible,reachability_lower,0,12,0.0,270.5592105263158,0.0
2013-04-07,134,6,634.1,170.703125,1,598.9583333333333,inf,2352,all cumulative-window cuts are feasible,reachability_lower,0,12,0.0,359.375,0.0
2013-04-07,134,7,634.1,159.53125,1,559.7587719298244,inf,2352,all cumulative-window cuts are feasible,reachability_lower,0,12,0.0,335.85526315789474,5.684341886080802e-14
2013-04-07,134,8,634.1,145.625,1,510.96491228070164,inf,2352,all cumulative-window cuts are feasible,reachability_lower,0,12,0.0,306.57894736842104,0.0
2013-04-07,134,9,634.1,139.375,1,489.0350877192982,inf,2352,all cumulative-window cuts are feasible,reachability_lower,0,12,0.0,293.42105263157896,0.0
2013-04-08,135,0,634.1,156.796875,1,550.1644736842105,inf,2352,all cumulative-window cuts are feasible,reachability_lower,0,12,0.0,330.09868421052636,0.0
2013-04-08,135,1,634.1,131.640625,1,461.89692982456137,inf,2352,all cumulative-window cuts are feasible,reachability_lower,0,12,0.0,277.1381578947369,0.0
2013-04-08,135,2,634.1,146.328125,1,513.4320175438595,inf,2352,all cumulative-window cuts are feasible,reachability_lower,0,12,0.0,308.0592105263158,5.684341886080802e-14
2013-04-08,135,3,634.1,134.296875,1,471.2171052631578,inf,2352,all cumulative-window cuts are feasible,reachability_lower,0,12,0.0,282.73026315789474,0.0
2013-04-08,135,4,634.1,126.796875,1,444.90131578947364,inf,2352,all cumulative-window cuts are feasible,reachability_lower,0,12,0.0,266.9407894736842,0.0
2013-04-08,135,5,634.1,135.078125,1,473.95833333333326,inf,2352,all cumulative-window cuts are feasible,reachability_lower,0,12,0.0,284.375,0.0
2013-04-08,135,6,634.1,137.890625,1,483.8267543859649,inf,2352,all cumulative-window cuts are feasible,reachability_lower,0,12,0.0,290.29605263157896,0.0
2013-04-08,135,7,634.1,141.796875,1,497.532894736842,inf,2352,all cumulative-window cuts are feasible,reachability_lower,0,12,0.0,298.51973684210526,0.0
2013-04-08,135,8,634.1,124.53125,1,436.9517543859649,inf,2352,all cumulative-window cuts are feasible,reachability_lower,0,12,0.0,262.17105263157896,0.0
2013-04-08,135,9,634.1,155.859375,1,546.8749999999999,inf,2352,all cumulative-window cuts are feasible,reachability_lower,0,12,0.0,328.125,0.0
2013-04-09,136,0,634.1,162.734375,1,570.9978070175439,inf,2352,all cumulative-window cuts are feasible,reachability_lower,0,12,0.0,342.59868421052636,0.0
2013-04-09,136,1,634.1,146.09375,1,512.6096491228069,inf,2352,all cumulative-window cuts are feasible,reachability_lower,0,12,0.0,307.5657894736842,5.684341886080802e-14
2013-04-09,136,2,634.1,168.984375,1,592.9276315789473,inf,2352,all cumulative-window cuts are feasible,reachability_lower,0,12,0.0,355.75657894736844,0.0
2013-04-09,136,3,634.1,167.65625,1,588.2675438596491,inf,2352,all cumulative-window cuts are feasible,reachability_lower,0,12,0.0,352.9605263157895,-5.684341886080802e-14
2013-04-09,136,4,634.1,158.671875,1,556.7434210526316,inf,2352,all cumulative-window cuts are feasible,reachability_lower,0,12,0.0,334.04605263157896,0.0
2013-04-09,136,5,634.1,165.625,1,581.1403508771929,inf,2352,all cumulative-window cuts are feasible,reachability_lower,0,12,0.0,348.6842105263158,0.0
2013-04-09,136,6,634.1,169.609375,1,595.1206140350877,inf,2352,all cumulative-window cuts are feasible,reachability_lower,0,12,0.0,357.07236842105266,0.0
2013-04-09,136,7,634.1,175.078125,1,614.3092105263157,inf,2352,all cumulative-window cuts are feasible,reachability_lower,0,12,0.0,368.5855263157895,0.0
2013-04-09,136,8,634.1,146.796875,1,515.0767543859648,inf,2352,all cumulative-window cuts are feasible,reachability_lower,0,12,0.0,309.04605263157896,0.0
2013-04-09,136,9,634.1,142.421875,1,499.7258771929824,inf,2352,all cumulative-window cuts are feasible,reachability_lower,0,12,0.0,299.8355263157895,0.0
2013-04-10,137,0,634.1,126.5625,1,444.07894736842104,inf,2352,all cumulative-window cuts are feasible,reachability_lower,0,12,0.0,266.44736842105266,0.0
2013-04-10,137,1,634.1,111.171875,1,390.0767543859649,inf,2352,all cumulative-window cuts are feasible,reachability_lower,0,12,0.0,234.04605263157896,0.0
2013-04-10,137,2,634.1,97.65625,1,342.65350877192975,inf,2352,all cumulative-window cuts are feasible,reachability_lower,0,12,0.0,205.5921052631579,0.0
2013-04-10,137,3,634.1,101.40625,1,355.8114035087719,inf,2352,all cumulative-window cuts are feasible,reachability_lower,0,12,0.0,213.48684210526318,0.0
2013-04-10,137,4,634.1,109.453125,1,384.0460526315789,inf,2352,all cumulative-window cuts are feasible,reachability_lower,0,12,0.0,230.42763157894737,0.0
2013-04-10,137,5,634.1,99.609375,1,349.5065789473684,inf,2352,all cumulative-window cuts are feasible,reachability_lower,0,12,0.0,209.70394736842107,0.0
2013-04-10,137,6,634.1,118.4375,1,415.5701754385965,inf,2352,all cumulative-window cuts are feasible,reachability_lower,0,12,0.0,249.34210526315792,0.0
2013-04-10,137,7,634.1,124.921875,1,438.32236842105266,inf,2352,all cumulative-window cuts are feasible,reachability_lower,0,12,0.0,262.9934210526316,0.0
2013-04-10,137,8,634.1,106.640625,1,374.17763157894734,inf,2352,all cumulative-window cuts are feasible,reachability_lower,0,12,0.0,224.50657894736844,0.0
2013-04-10,137,9,634.1,129.296875,1,453.673245614035,inf,2352,all cumulative-window cuts are feasible,reachability_lower,0,12,0.0,272.20394736842104,0.0
2013-04-11,138,0,634.1,101.171875,1,354.9890350877193,inf,2352,all cumulative-window cuts are feasible,reachability_lower,0,12,0.0,212.9934210526316,-2.842170943040401e-14
2013-04-11,138,1,634.1,97.890625,1,343.4758771929824,inf,2352,all cumulative-window cuts are feasible,reachability_lower,0,12,0.0,206.08552631578948,0.0
2013-04-11,138,2,634.1,91.640625,1,321.5460526315789,inf,2352,all cumulative-window cuts are feasible,reachability_lower,0,12,0.0,192.92763157894737,0.0
2013-04-11,138,3,634.1,87.8125,1,308.1140350877193,inf,2352,all cumulative-window cuts are feasible,reachability_lower,0,12,0.0,184.8684210526316,0.0
2013-04-11,138,4,634.1,94.453125,1,331.4144736842105,inf,2352,all cumulative-window cuts are feasible,reachability_lower,0,12,0.0,198.84868421052633,0.0
2013-04-11,138,5,634.1,77.96875,1,273.5745614035087,inf,2352,all cumulative-window cuts are feasible,reachability_lower,0,12,0.0,164.14473684210526,0.0
2013-04-11,138,6,634.1,124.53125,1,436.9517543859649,inf,2352,all cumulative-window cuts are feasible,reachability_lower,0,12,0.0,262.17105263157896,0.0
2013-04-11,138,7,634.1,113.671875,1,398.8486842105263,inf,2352,all cumulative-window cuts are feasible,reachability_lower,0,12,0.0,239.3092105263158,0.0
2013-04-11,138,8,634.1,91.796875,1,322.094298245614,inf,2352,all cumulative-window cuts are feasible,reachability_lower,0,12,0.0,193.25657894736844,0.0
2013-04-11,138,9,634.1,117.03125,1,410.63596491228066,inf,2352,all cumulative-window cuts are feasible,reachability_lower,0,12,0.0,246.38157894736844,0.0
2013-04-12,139,0,634.1,147.109375,1,516.173245614035,inf,2352,all cumulative-window cuts are feasible,reachability_lower,0,12,0.0,309.70394736842104,0.0
2013-04-12,139,1,634.1,123.203125,1,432.29166666666663,inf,2352,all cumulative-window cuts are feasible,reachability_lower,0,12,0.0,259.375,0.0
2013-04-12,139,2,634.1,113.984375,1,399.9451754385965,inf,2352,all cumulative-window cuts are feasible,reachability_lower,0,12,0.0,239.96710526315792,0.0
2013-04-12,139,3,634.1,104.53125,1,366.77631578947364,inf,2352,all cumulative-window cuts are feasible,reachability_lower,0,12,0.0,220.06578947368422,0.0
2013-04-12,139,4,634.1,106.71875,1,374.4517543859649,inf,2352,all cumulative-window cuts are feasible,reachability_lower,0,12,0.0,224.67105263157896,0.0
2013-04-12,139,5,634.1,111.953125,1,392.8179824561403,inf,2352,all cumulative-window cuts are feasible,reachability_lower,0,12,0.0,235.69078947368422,0.0
2013-04-12,139,6,634.1,142.5,1,499.99999999999994,inf,2352,all cumulative-window cuts are feasible,reachability_lower,0,12,0.0,300.0,0.0
2013-04-12,139,7,634.1,115.15625,1,404.0570175438596,inf,2352,all cumulative-window cuts are feasible,reachability_lower,0,12,0.0,242.4342105263158,0.0
2013-04-12,139,8,634.1,108.515625,1,380.7565789473684,inf,2352,all cumulative-window cuts are feasible,reachability_lower,0,12,0.0,228.45394736842107,0.0
2013-04-12,139,9,634.1,126.25,1,442.9824561403508,inf,2352,all cumulative-window cuts are feasible,reachability_lower,0,12,0.0,265.7894736842105,0.0
2013-04-13,140,0,634.1,122.421875,1,429.5504385964912,inf,2352,all cumulative-window cuts are feasible,reachability_lower,0,12,0.0,257.73026315789474,0.0
2013-04-13,140,1,634.1,124.140625,1,435.5811403508771,inf,2352,all cumulative-window cuts are feasible,reachability_lower,0,12,0.0,261.3486842105263,0.0
2013-04-13,140,2,634.1,119.0625,1,417.76315789473676,inf,2352,all cumulative-window cuts are feasible,reachability_lower,0,12,0.0,250.6578947368421,0.0
2013-04-13,140,3,634.1,115.546875,1,405.42763157894734,inf,2352,all cumulative-window cuts are feasible,reachability_lower,0,12,0.0,243.25657894736844,0.0
2013-04-13,140,4,634.1,135.3125,1,474.780701754386,inf,2352,all cumulative-window cuts are feasible,reachability_lower,0,12,0.0,284.8684210526316,0.0
2013-04-13,140,5,634.1,104.21875,1,365.67982456140345,inf,2352,all cumulative-window cuts are feasible,reachability_lower,0,12,0.0,219.4078947368421,0.0
2013-04-13,140,6,634.1,128.90625,1,452.30263157894734,inf,2352,all cumulative-window cuts are feasible,reachability_lower,0,12,0.0,271.38157894736844,0.0
2013-04-13,140,7,634.1,162.5,1,570.1754385964912,inf,2352,all cumulative-window cuts are feasible,reachability_lower,0,12,0.0,342.10526315789474,0.0
2013-04-13,140,8,634.1,119.6875,1,419.95614035087715,inf,2352,all cumulative-window cuts are feasible,reachability_lower,0,12,0.0,251.97368421052633,0.0
2013-04-13,140,9,634.1,134.296875,1,471.2171052631578,inf,2352,all cumulative-window cuts are feasible,reachability_lower,0,12,0.0,282.73026315789474,0.0
2013-04-14,141,0,634.1,136.015625,1,477.2478070175438,inf,2352,all cumulative-window cuts are feasible,reachability_lower,0,12,0.0,286.3486842105263,0.0
2013-04-14,141,1,634.1,117.8125,1,413.3771929824561,inf,2352,all cumulative-window cuts are feasible,reachability_lower,0,12,0.0,248.0263157894737,0.0
2013-04-14,141,2,634.1,139.21875,1,488.4868421052631,inf,2352,all cumulative-window cuts are feasible,reachability_lower,0,12,0.0,293.0921052631579,0.0
2013-04-14,141,3,634.1,94.21875,1,330.59210526315786,inf,2352,all cumulative-window cuts are feasible,reachability_lower,0,12,0.0,198.35526315789474,0.0
2013-04-14,141,4,634.1,127.03125,1,445.72368421052624,inf,2352,all cumulative-window cuts are feasible,reachability_lower,0,12,0.0,267.4342105263158,0.0
2013-04-14,141,5,634.1,110.859375,1,388.9802631578947,inf,2352,all cumulative-window cuts are feasible,reachability_lower,0,12,0.0,233.38815789473685,0.0
2013-04-14,141,6,634.1,139.296875,1,488.76096491228066,inf,2352,all cumulative-window cuts are feasible,reachability_lower,0,12,0.0,293.25657894736844,0.0
2013-04-14,141,7,634.1,156.5625,1,549.3421052631578,inf,2352,all cumulative-window cuts are feasible,reachability_lower,0,12,0.0,329.60526315789474,0.0
2013-04-14,141,8,634.1,126.953125,1,445.4495614035087,inf,2352,all cumulative-window cuts are feasible,reachability_lower,0,12,0.0,267.26973684210526,0.0
2013-04-14,141,9,634.1,138.59375,1,486.29385964912274,inf,2352,all cumulative-window cuts are feasible,reachability_lower,0,12,0.0,291.7763157894737,0.0
2013-04-15,142,0,634.1,130.3125,1,457.2368421052631,inf,2352,all cumulative-window cuts are feasible,reachability_lower,0,12,0.0,274.3421052631579,0.0
2013-04-15,142,1,634.1,130.3125,1,457.2368421052631,inf,2352,all cumulative-window cuts are feasible,reachability_lower,0,12,0.0,274.3421052631579,0.0
2013-04-15,142,2,634.1,131.953125,1,462.9934210526315,inf,2352,all cumulative-window cuts are feasible,reachability_lower,0,12,0.0,277.79605263157896,0.0
2013-04-15,142,3,634.1,112.03125,1,393.09210526315786,inf,2352,all cumulative-window cuts are feasible,reachability_lower,0,12,0.0,235.85526315789474,0.0
2013-04-15,142,4,634.1,131.953125,1,462.9934210526315,inf,2352,all cumulative-window cuts are feasible,reachability_lower,0,12,0.0,277.79605263157896,0.0
2013-04-15,142,5,634.1,119.453125,1,419.1337719298245,inf,2352,all cumulative-window cuts are feasible,reachability_lower,0,12,0.0,251.48026315789474,0.0
2013-04-15,142,6,634.1,151.875,1,532.8947368421052,inf,2352,all cumulative-window cuts are feasible,reachability_lower,0,12,0.0,319.7368421052632,0.0
2013-04-15,142,7,634.1,157.65625,1,553.1798245614035,inf,2352,all cumulative-window cuts are feasible,reachability_lower,0,12,0.0,331.90789473684214,0.0
2013-04-15,142,8,634.1,121.015625,1,424.6162280701754,inf,2352,all cumulative-window cuts are feasible,reachability_lower,0,12,0.0,254.7697368421053,0.0
2013-04-15,142,9,634.1,144.21875,1,506.030701754386,inf,2352,all cumulative-window cuts are feasible,reachability_lower,0,12,0.0,303.6184210526316,0.0
2013-04-16,143,0,634.1,168.515625,1,591.282894736842,inf,2352,all cumulative-window cuts are feasible,reachability_lower,0,12,0.0,354.76973684210526,0.0
2013-04-16,143,1,634.1,166.953125,1,585.8004385964912,inf,2352,all cumulative-window cuts are feasible,reachability_lower,0,12,0.0,351.48026315789474,0.0
2013-04-16,143,2,634.1,138.671875,1,486.56798245614027,inf,2352,all cumulative-window cuts are feasible,reachability_lower,0,12,0.0,291.9407894736842,0.0
2013-04-16,143,3,634.1,145.3125,1,509.8684210526315,inf,2352,all cumulative-window cuts are feasible,reachability_lower,0,12,0.0,305.92105263157896,0.0
2013-04-16,143,4,634.1,145.3125,1,509.8684210526315,inf,2352,all cumulative-window cuts are feasible,reachability_lower,0,12,0.0,305.92105263157896,0.0
2013-04-16,143,5,634.1,150.078125,1,526.5899122807017,inf,2352,all cumulative-window cuts are feasible,reachability_lower,0,12,0.0,315.95394736842104,0.0
2013-04-16,143,6,634.1,169.765625,1,595.6688596491227,inf,2352,all cumulative-window cuts are feasible,reachability_lower,0,12,0.0,357.4013157894737,0.0
2013-04-16,143,7,634.1,159.21875,1,558.6622807017543,inf,2352,all cumulative-window cuts are feasible,reachability_lower,0,12,0.0,335.19736842105266,5.684341886080802e-14
2013-04-16,143,8,634.1,150.78125,1,529.0570175438595,inf,2352,all cumulative-window cuts are feasible,reachability_lower,0,12,0.0,317.4342105263158,5.684341886080802e-14
2013-04-16,143,9,634.1,140.625,1,493.4210526315789,inf,2352,all cumulative-window cuts are feasible,reachability_lower,0,12,0.0,296.0526315789474,0.0
2013-04-17,144,0,634.1,140.546875,1,493.14692982456137,inf,2352,all cumulative-window cuts are feasible,reachability_lower,0,12,0.0,295.8881578947369,0.0
2013-04-17,144,1,634.1,117.5,1,412.2807017543859,inf,2352,all cumulative-window cuts are feasible,reachability_lower,0,12,0.0,247.3684210526316,0.0
2013-04-17,144,2,634.1,137.96875,1,484.1008771929824,inf,2352,all cumulative-window cuts are feasible,reachability_lower,0,12,0.0,290.4605263157895,0.0
2013-04-17,144,3,634.1,113.359375,1,397.7521929824561,inf,2352,all cumulative-window cuts are feasible,reachability_lower,0,12,0.0,238.6513157894737,0.0
2013-04-17,144,4,634.1,116.015625,1,407.0723684210526,inf,2352,all cumulative-window cuts are feasible,reachability_lower,0,12,0.0,244.2434210526316,0.0
2013-04-17,144,5,634.1,123.828125,1,434.48464912280696,inf,2352,all cumulative-window cuts are feasible,reachability_lower,0,12,0.0,260.6907894736842,0.0
2013-04-17,144,6,634.1,129.84375,1,455.5921052631578,inf,2352,all cumulative-window cuts are feasible,reachability_lower,0,12,0.0,273.35526315789474,0.0
2013-04-17,144,7,634.1,124.375,1,436.4035087719298,inf,2352,all cumulative-window cuts are feasible,reachability_lower,0,12,0.0,261.8421052631579,0.0
2013-04-17,144,8,634.1,142.8125,1,501.09649122807014,inf,2352,all cumulative-window cuts are feasible,reachability_lower,0,12,0.0,300.65789473684214,0.0
2013-04-17,144,9,634.1,120.078125,1,421.3267543859649,inf,2352,all cumulative-window cuts are feasible,reachability_lower,0,12,0.0,252.79605263157896,0.0
2013-04-18,145,0,634.1,133.046875,1,466.8311403508771,inf,2352,all cumulative-window cuts are feasible,reachability_lower,0,12,0.0,280.0986842105263,0.0
2013-04-18,145,1,634.1,143.125,1,502.19298245614027,inf,2352,all cumulative-window cuts are feasible,reachability_lower,0,12,0.0,301.3157894736842,0.0
2013-04-18,145,2,634.1,128.125,1,449.5614035087719,inf,2352,all cumulative-window cuts are feasible,reachability_lower,0,12,0.0,269.7368421052632,0.0
2013-04-18,145,3,634.1,135.390625,1,475.0548245614035,inf,2352,all cumulative-window cuts are feasible,reachability_lower,0,12,0.0,285.03289473684214,0.0
2013-04-18,145,4,634.1,132.34375,1,464.3640350877193,inf,2352,all cumulative-window cuts are feasible,reachability_lower,0,12,0.0,278.6184210526316,0.0
2013-04-18,145,5,634.1,141.71875,1,497.2587719298245,inf,2352,all cumulative-window cuts are feasible,reachability_lower,0,12,0.0,298.35526315789474,0.0
2013-04-18,145,6,634.1,161.40625,1,566.3377192982456,inf,2352,all cumulative-window cuts are feasible,reachability_lower,0,12,0.0,339.8026315789474,0.0
2013-04-18,145,7,634.1,172.5,1,605.2631578947368,inf,2352,all cumulative-window cuts are feasible,reachability_lower,0,12,0.0,363.15789473684214,0.0
2013-04-18,145,8,634.1,130.15625,1,456.68859649122805,inf,2352,all cumulative-window cuts are feasible,reachability_lower,0,12,0.0,274.0131578947369,0.0
2013-04-18,145,9,634.1,143.125,1,502.19298245614027,inf,2352,all cumulative-window cuts are feasible,reachability_lower,0,12,0.0,301.3157894736842,0.0
2013-04-19,146,0,634.1,133.515625,1,468.4758771929824,inf,2352,all cumulative-window cuts are feasible,reachability_lower,0,12,0.0,281.0855263157895,0.0
2013-04-19,146,1,634.1,131.015625,1,459.70394736842104,inf,2352,all cumulative-window cuts are feasible,reachability_lower,0,12,0.0,275.82236842105266,0.0
2013-04-19,146,2,634.1,146.09375,1,512.6096491228069,inf,2352,all cumulative-window cuts are feasible,reachability_lower,0,12,0.0,307.5657894736842,5.684341886080802e-14
2013-04-19,146,3,634.1,156.015625,1,547.423245614035,inf,2352,all cumulative-window cuts are feasible,reachability_lower,0,12,0.0,328.45394736842104,0.0
2013-04-19,146,4,634.1,135.625,1,475.8771929824561,inf,2352,all cumulative-window cuts are feasible,reachability_lower,0,12,0.0,285.5263157894737,0.0
2013-04-19,146,5,634.1,136.40625,1,478.6184210526315,inf,2352,all cumulative-window cuts are feasible,reachability_lower,0,12,0.0,287.17105263157896,0.0
2013-04-19,146,6,634.1,142.734375,1,500.8223684210526,inf,2352,all cumulative-window cuts are feasible,reachability_lower,0,12,0.0,300.4934210526316,0.0
2013-04-19,146,7,634.1,151.25,1,530.7017543859648,inf,2352,all cumulative-window cuts are feasible,reachability_lower,0,12,0.0,318.42105263157896,0.0
2013-04-19,146,8,634.1,157.421875,1,552.3574561403508,inf,2352,all cumulative-window cuts are feasible,reachability_lower,0,12,0.0,331.4144736842105,0.0
2013-04-19,146,9,634.1,137.5,1,482.4561403508772,inf,2352,all cumulative-window cuts are feasible,reachability_lower,0,12,0.0,289.47368421052636,0.0
2013-04-20,147,0,634.1,176.09375,1,617.8728070175439,inf,2352,all cumulative-window cuts are feasible,reachability_lower,0,12,0.0,370.72368421052636,-5.684341886080802e-14
2013-04-20,147,1,634.1,173.046875,1,607.1820175438595,inf,2352,all cumulative-window cuts are feasible,reachability_lower,0,12,0.0,364.3092105263158,0.0
2013-04-20,147,2,634.1,170.859375,1,599.5065789473684,inf,2352,all cumulative-window cuts are feasible,reachability_lower,0,12,0.0,359.7039473684211,0.0
2013-04-20,147,3,634.1,165.859375,1,581.9627192982456,inf,2352,all cumulative-window cuts are feasible,reachability_lower,0,12,0.0,349.1776315789474,0.0
2013-04-20,147,4,634.1,175.625,1,616.2280701754386,inf,2352,all cumulative-window cuts are feasible,reachability_lower,0,12,0.0,369.7368421052632,0.0
2013-04-20,147,5,634.1,168.671875,1,591.8311403508771,inf,2352,all cumulative-window cuts are feasible,reachability_lower,0,12,0.0,355.09868421052636,0.0
2013-04-20,147,6,634.1,170.625,1,598.6842105263157,inf,2352,all cumulative-window cuts are feasible,reachability_lower,0,12,0.0,359.2105263157895,0.0
2013-04-20,147,7,634.1,187.890625,1,659.2653508771929,inf,2352,all cumulative-window cuts are feasible,reachability_lower,0,12,0.0,395.5592105263158,0.0
2013-04-20,147,8,634.1,167.1875,1,586.6228070175439,inf,2352,all cumulative-window cuts are feasible,reachability_lower,0,12,0.0,351.97368421052636,-5.684341886080802e-14
2013-04-20,147,9,634.1,168.90625,1,592.6535087719298,inf,2352,all cumulative-window cuts are feasible,reachability_lower,0,12,0.0,355.5921052631579,0.0
2013-04-21,148,0,634.1,172.890625,1,606.6337719298244,inf,2352,all cumulative-window cuts are feasible,reachability_lower,0,12,0.0,363.98026315789474,0.0
2013-04-21,148,1,634.1,126.40625,1,443.530701754386,inf,2352,all cumulative-window cuts are feasible,reachability_lower,0,12,0.0,266.1184210526316,0.0
2013-04-21,148,2,634.1,150.15625,1,526.8640350877192,inf,2352,all cumulative-window cuts are feasible,reachability_lower,0,12,0.0,316.1184210526316,5.684341886080802e-14
2013-04-21,148,3,634.1,138.75,1,486.8421052631578,inf,2352,all cumulative-window cuts are feasible,reachability_lower,0,12,0.0,292.10526315789474,0.0
2013-04-21,148,4,634.1,139.296875,1,488.76096491228066,inf,2352,all cumulative-window cuts are feasible,reachability_lower,0,12,0.0,293.25657894736844,0.0
2013-04-21,148,5,634.1,128.359375,1,450.3837719298245,inf,2352,all cumulative-window cuts are feasible,reachability_lower,0,12,0.0,270.23026315789474,0.0
2013-04-21,148,6,634.1,154.84375,1,543.3114035087718,inf,2352,all cumulative-window cuts are feasible,reachability_lower,0,12,0.0,325.9868421052632,5.684341886080802e-14
2013-04-21,148,7,634.1,148.28125,1,520.2850877192982,inf,2352,all cumulative-window cuts are feasible,reachability_lower,0,12,0.0,312.17105263157896,0.0
2013-04-21,148,8,634.1,126.25,1,442.9824561403508,inf,2352,all cumulative-window cuts are feasible,reachability_lower,0,12,0.0,265.7894736842105,0.0
2013-04-21,148,9,634.1,165.078125,1,579.2214912280701,inf,2352,all cumulative-window cuts are feasible,reachability_lower,0,12,0.0,347.53289473684214,0.0
2013-04-22,149,0,634.1,130.0,1,456.1403508771929,inf,2352,all cumulative-window cuts are feasible,reachability_lower,0,12,0.0,273.6842105263158,0.0
2013-04-22,149,1,634.1,110.078125,1,386.23903508771923,inf,2352,all cumulative-window cuts are feasible,reachability_lower,0,12,0.0,231.7434210526316,2.842170943040401e-14
2013-04-22,149,2,634.1,126.25,1,442.9824561403508,inf,2352,all cumulative-window cuts are feasible,reachability_lower,0,12,0.0,265.7894736842105,0.0
2013-04-22,149,3,634.1,111.328125,1,390.62499999999994,inf,2352,all cumulative-window cuts are feasible,reachability_lower,0,12,0.0,234.375,0.0
2013-04-22,149,4,634.1,97.578125,1,342.3793859649122,inf,2352,all cumulative-window cuts are feasible,reachability_lower,0,12,0.0,205.42763157894737,0.0
2013-04-22,149,5,634.1,102.34375,1,359.1008771929824,inf,2352,all cumulative-window cuts are feasible,reachability_lower,0,12,0.0,215.46052631578948,0.0
2013-04-22,149,6,634.1,125.234375,1,439.4188596491228,inf,2352,all cumulative-window cuts are feasible,reachability_lower,0,12,0.0,263.6513157894737,0.0
2013-04-22,149,7,634.1,127.03125,1,445.72368421052624,inf,2352,all cumulative-window cuts are feasible,reachability_lower,0,12,0.0,267.4342105263158,0.0
2013-04-22,149,8,634.1,123.515625,1,433.3881578947368,inf,2352,all cumulative-window cuts are feasible,reachability_lower,0,12,0.0,260.03289473684214,0.0
2013-04-22,149,9,634.1,132.109375,1,463.5416666666666,inf,2352,all cumulative-window cuts are feasible,reachability_lower,0,12,0.0,278.125,0.0
2013-04-23,150,0,634.1,108.125,1,379.38596491228066,inf,2352,all cumulative-window cuts are feasible,reachability_lower,0,12,0.0,227.63157894736844,0.0
2013-04-23,150,1,634.1,121.09375,1,424.89035087719293,inf,2352,all cumulative-window cuts are feasible,reachability_lower,0,12,0.0,254.9342105263158,0.0
2013-04-23,150,2,634.1,99.6875,1,349.7807017543859,inf,2352,all cumulative-window cuts are feasible,reachability_lower,0,12,0.0,209.8684210526316,0.0
2013-04-23,150,3,634.1,86.25,1,302.6315789473684,inf,2352,all cumulative-window cuts are feasible,reachability_lower,0,12,0.0,181.57894736842107,0.0
2013-04-23,150,4,634.1,112.734375,1,395.5592105263157,inf,2352,all cumulative-window cuts are feasible,reachability_lower,0,12,0.0,237.33552631578948,0.0
2013-04-23,150,5,634.1,88.28125,1,309.75877192982455,inf,2352,all cumulative-window cuts are feasible,reachability_lower,0,12,0.0,185.85526315789474,-2.842170943040401e-14
2013-04-23,150,6,634.1,126.875,1,445.1754385964912,inf,2352,all cumulative-window cuts are feasible,reachability_lower,0,12,0.0,267.10526315789474,0.0
2013-04-23,150,7,634.1,125.625,1,440.78947368421046,inf,2352,all cumulative-window cuts are feasible,reachability_lower,0,12,0.0,264.4736842105263,0.0
2013-04-23,150,8,634.1,140.46875,1,492.87280701754383,inf,2352,all cumulative-window cuts are feasible,reachability_lower,0,12,0.0,295.72368421052636,0.0
2013-04-23,150,9,634.1,121.875,1,427.6315789473683,inf,2352,all cumulative-window cuts are feasible,reachability_lower,0,12,0.0,256.57894736842104,0.0
2013-04-24,151,0,634.1,112.96875,1,396.3815789473684,inf,2352,all cumulative-window cuts are feasible,reachability_lower,0,12,0.0,237.82894736842107,0.0
2013-04-24,151,1,634.1,117.8125,1,413.3771929824561,inf,2352,all cumulative-window cuts are feasible,reachability_lower,0,12,0.0,248.0263157894737,0.0
2013-04-24,151,2,634.1,98.203125,1,344.5723684210526,inf,2352,all cumulative-window cuts are feasible,reachability_lower,0,12,0.0,206.7434210526316,0.0
2013-04-24,151,3,634.1,86.09375,1,302.0833333333333,inf,2352,all cumulative-window cuts are feasible,reachability_lower,0,12,0.0,181.25,-2.842170943040401e-14
2013-04-24,151,4,634.1,100.0,1,350.8771929824561,inf,2352,all cumulative-window cuts are feasible,reachability_lower,0,12,0.0,210.5263157894737,0.0
2013-04-24,151,5,634.1,95.078125,1,333.60745614035085,inf,2352,all cumulative-window cuts are feasible,reachability_lower,0,12,0.0,200.16447368421055,0.0
2013-04-24,151,6,634.1,113.515625,1,398.3004385964912,inf,2352,all cumulative-window cuts are feasible,reachability_lower,0,12,0.0,238.98026315789474,0.0
2013-04-24,151,7,634.1,157.265625,1,551.8092105263157,inf,2352,all cumulative-window cuts are feasible,reachability_lower,0,12,0.0,331.0855263157895,0.0
2013-04-24,151,8,634.1,112.8125,1,395.83333333333326,inf,2352,all cumulative-window cuts are feasible,reachability_lower,0,12,0.0,237.5,0.0
2013-04-24,151,9,634.1,132.34375,1,464.3640350877193,inf,2352,all cumulative-window cuts are feasible,reachability_lower,0,12,0.0,278.6184210526316,0.0
2013-04-25,152,0,634.1,118.046875,1,414.19956140350877,inf,2352,all cumulative-window cuts are feasible,reachability_lower,0,12,0.0,248.5197368421053,0.0
2013-04-25,152,1,634.1,128.28125,1,450.10964912280696,inf,2352,all cumulative-window cuts are feasible,reachability_lower,0,12,0.0,270.0657894736842,0.0
2013-04-25,152,2,634.1,134.375,1,471.49122807017534,inf,2352,all cumulative-window cuts are feasible,reachability_lower,0,12,0.0,282.89473684210526,0.0
2013-04-25,152,3,634.1,132.890625,1,466.282894736842,inf,2352,all cumulative-window cuts are feasible,reachability_lower,0,12,0.0,279.76973684210526,0.0
2013-04-25,152,4,634.1,131.71875,1,462.1710526315789,inf,2352,all cumulative-window cuts are feasible,reachability_lower,0,12,0.0,277.3026315789474,0.0
2013-04-25,152,5,634.1,115.15625,1,404.0570175438596,inf,2352,all cumulative-window cuts are feasible,reachability_lower,0,12,0.0,242.4342105263158,0.0
2013-04-25,152,6,634.1,128.90625,1,452.30263157894734,inf,2352,all cumulative-window cuts are feasible,reachability_lower,0,12,0.0,271.38157894736844,0.0
2013-04-25,152,7,634.1,146.40625,1,513.7061403508771,inf,2352,all cumulative-window cuts are feasible,reachability_lower,0,12,0.0,308.22368421052636,0.0
2013-04-25,152,8,634.1,141.5625,1,496.7105263157894,inf,2352,all cumulative-window cuts are feasible,reachability_lower,0,12,0.0,298.0263157894737,0.0
2013-04-25,152,9,634.1,113.359375,1,397.7521929824561,inf,2352,all cumulative-window cuts are feasible,reachability_lower,0,12,0.0,238.6513157894737,0.0
2013-04-26,153,0,634.1,105.3125,1,369.5175438596491,inf,2352,all cumulative-window cuts are feasible,reachability_lower,0,12,0.0,221.71052631578948,0.0
2013-04-26,153,1,634.1,115.9375,1,406.79824561403507,inf,2352,all cumulative-window cuts are feasible,reachability_lower,0,12,0.0,244.07894736842107,0.0
2013-04-26,153,2,634.1,100.0,1,350.8771929824561,inf,2352,all cumulative-window cuts are feasible,reachability_lower,0,12,0.0,210.5263157894737,0.0
2013-04-26,153,3,634.1,100.234375,1,351.6995614035087,inf,2352,all cumulative-window cuts are feasible,reachability_lower,0,12,0.0,211.01973684210526,0.0
2013-04-26,153,4,634.1,110.546875,1,387.8837719298245,inf,2352,all cumulative-window cuts are feasible,reachability_lower,0,12,0.0,232.73026315789474,0.0
2013-04-26,153,5,634.1,82.1875,1,288.3771929824561,inf,2352,all cumulative-window cuts are feasible,reachability_lower,0,12,0.0,173.0263157894737,0.0
2013-04-26,153,6,634.1,113.359375,1,397.7521929824561,inf,2352,all cumulative-window cuts are feasible,reachability_lower,0,12,0.0,238.6513157894737,0.0
2013-04-26,153,7,634.1,128.4375,1,450.657894736842,inf,2352,all cumulative-window cuts are feasible,reachability_lower,0,12,0.0,270.39473684210526,0.0
2013-04-26,153,8,634.1,115.3125,1,404.6052631578947,inf,2352,all cumulative-window cuts are feasible,reachability_lower,0,12,0.0,242.76315789473685,0.0
2013-04-26,153,9,634.1,121.328125,1,425.71271929824553,inf,2352,all cumulative-window cuts are feasible,reachability_lower,0,12,0.0,255.42763157894737,0.0
2013-04-27,154,0,634.1,121.796875,1,427.3574561403508,inf,2352,all cumulative-window cuts are feasible,reachability_lower,0,12,0.0,256.4144736842105,0.0
2013-04-27,154,1,634.1,127.34375,1,446.8201754385965,inf,2352,all cumulative-window cuts are feasible,reachability_lower,0,12,0.0,268.0921052631579,0.0
2013-04-27,154,2,634.1,128.90625,1,452.30263157894734,inf,2352,all cumulative-window cuts are feasible,reachability_lower,0,12,0.0,271.38157894736844,0.0
2013-04-27,154,3,634.1,123.90625,1,434.7587719298245,inf,2352,all cumulative-window cuts are feasible,reachability_lower,0,12,0.0,260.85526315789474,0.0
2013-04-27,154,4,634.1,123.28125,1,432.56578947368416,inf,2352,all cumulative-window cuts are feasible,reachability_lower,0,12,0.0,259.5394736842105,0.0
2013-04-27,154,5,634.1,77.734375,1,272.7521929824561,inf,2352,all cumulative-window cuts are feasible,reachability_lower,0,12,0.0,163.6513157894737,0.0
2013-04-27,154,6,634.1,129.921875,1,455.86622807017534,inf,2352,all cumulative-window cuts are feasible,reachability_lower,0,12,0.0,273.51973684210526,0.0
2013-04-27,154,7,634.1,166.640625,1,584.703947368421,inf,2352,all cumulative-window cuts are feasible,reachability_lower,0,12,0.0,350.82236842105266,0.0
2013-04-27,154,8,634.1,120.390625,1,422.42324561403507,inf,2352,all cumulative-window cuts are feasible,reachability_lower,0,12,0.0,253.45394736842107,0.0
2013-04-27,154,9,634.1,107.109375,1,375.8223684210526,inf,2352,all cumulative-window cuts are feasible,reachability_lower,0,12,0.0,225.4934210526316,0.0
2013-04-28,155,0,634.1,129.375,1,453.9473684210526,inf,2352,all cumulative-window cuts are feasible,reachability_lower,0,12,0.0,272.3684210526316,0.0
2013-04-28,155,1,634.1,139.6875,1,490.1315789473683,inf,2352,all cumulative-window cuts are feasible,reachability_lower,0,12,0.0,294.07894736842104,0.0
2013-04-28,155,2,634.1,138.515625,1,486.0197368421052,inf,2352,all cumulative-window cuts are feasible,reachability_lower,0,12,0.0,291.6118421052632,0.0
2013-04-28,155,3,634.1,110.234375,1,386.7872807017543,inf,2352,all cumulative-window cuts are feasible,reachability_lower,0,12,0.0,232.07236842105263,2.842170943040401e-14
2013-04-28,155,4,634.1,122.265625,1,429.0021929824561,inf,2352,all cumulative-window cuts are feasible,reachability_lower,0,12,0.0,257.4013157894737,0.0
2013-04-28,155,5,634.1,103.90625,1,364.58333333333326,inf,2352,all cumulative-window cuts are feasible,reachability_lower,0,12,0.0,218.75,0.0
2013-04-28,155,6,634.1,124.0625,1,435.30701754385956,inf,2352,all cumulative-window cuts are feasible,reachability_lower,0,12,0.0,261.1842105263158,0.0
2013-04-28,155,7,634.1,143.75,1,504.38596491228066,inf,2352,all cumulative-window cuts are feasible,reachability_lower,0,12,0.0,302.63157894736844,0.0
2013-04-28,155,8,634.1,139.609375,1,489.8574561403508,inf,2352,all cumulative-window cuts are feasible,reachability_lower,0,12,0.0,293.9144736842105,0.0
2013-04-28,155,9,634.1,140.546875,1,493.14692982456137,inf,2352,all cumulative-window cuts are feasible,reachability_lower,0,12,0.0,295.8881578947369,0.0
2013-04-29,156,0,634.1,118.515625,1,415.844298245614,inf,2352,all cumulative-window cuts are feasible,reachability_lower,0,12,0.0,249.50657894736844,0.0
2013-04-29,156,1,634.1,129.921875,1,455.86622807017534,inf,2352,all cumulative-window cuts are feasible,reachability_lower,0,12,0.0,273.51973684210526,0.0
2013-04-29,156,2,634.1,129.53125,1,454.49561403508767,inf,2352,all cumulative-window cuts are feasible,reachability_lower,0,12,0.0,272.69736842105266,0.0
2013-04-29,156,3,634.1,93.75,1,328.9473684210526,inf,2352,all cumulative-window cuts are feasible,reachability_lower,0,12,0.0,197.3684210526316,0.0
2013-04-29,156,4,634.1,109.609375,1,384.594298245614,inf,2352,all cumulative-window cuts are feasible,reachability_lower,0,12,0.0,230.75657894736844,0.0
2013-04-29,156,5,634.1,93.125,1,326.7543859649122,inf,2352,all cumulative-window cuts are feasible,reachability_lower,0,12,0.0,196.05263157894737,0.0
2013-04-29,156,6,634.1,129.140625,1,453.12499999999994,inf,2352,all cumulative-window cuts are feasible,reachability_lower,0,12,0.0,271.875,0.0
2013-04-29,156,7,634.1,128.59375,1,451.2061403508771,inf,2352,all cumulative-window cuts are feasible,reachability_lower,0,12,0.0,270.7236842105263,0.0
2013-04-29,156,8,634.1,118.90625,1,417.2149122807017,inf,2352,all cumulative-window cuts are feasible,reachability_lower,0,12,0.0,250.32894736842107,0.0
2013-04-29,156,9,634.1,128.046875,1,449.28728070175436,inf,2352,all cumulative-window cuts are feasible,reachability_lower,0,12,0.0,269.57236842105266,0.0
2013-04-30,157,0,634.1,133.046875,1,466.8311403508771,inf,2352,all cumulative-window cuts are feasible,reachability_lower,0,12,0.0,280.0986842105263,0.0
2013-04-30,157,1,634.1,146.09375,1,512.6096491228069,inf,2352,all cumulative-window cuts are feasible,reachability_lower,0,12,0.0,307.5657894736842,5.684341886080802e-14
2013-04-30,157,2,634.1,142.578125,1,500.2741228070175,inf,2352,all cumulative-window cuts are feasible,reachability_lower,0,12,0.0,300.1644736842105,0.0
2013-04-30,157,3,634.1,127.34375,1,446.8201754385965,inf,2352,all cumulative-window cuts are feasible,reachability_lower,0,12,0.0,268.0921052631579,0.0
2013-04-30,157,4,634.1,120.0,1,421.05263157894734,inf,2352,all cumulative-window cuts are feasible,reachability_lower,0,12,0.0,252.63157894736844,0.0
2013-04-30,157,5,634.1,132.109375,1,463.5416666666666,inf,2352,all cumulative-window cuts are feasible,reachability_lower,0,12,0.0,278.125,0.0
2013-04-30,157,6,634.1,155.390625,1,545.2302631578947,inf,2352,all cumulative-window cuts are feasible,reachability_lower,0,12,0.0,327.1381578947369,0.0
2013-04-30,157,7,634.1,127.8125,1,448.46491228070164,inf,2352,all cumulative-window cuts are feasible,reachability_lower,0,12,0.0,269.07894736842104,0.0
2013-04-30,157,8,634.1,124.140625,1,435.5811403508771,inf,2352,all cumulative-window cuts are feasible,reachability_lower,0,12,0.0,261.3486842105263,0.0
2013-04-30,157,9,634.1,164.53125,1,577.3026315789473,inf,2352,all cumulative-window cuts are feasible,reachability_lower,0,12,0.0,346.38157894736844,0.0
2013-05-01,158,0,634.1,122.578125,1,430.09868421052624,inf,2352,all cumulative-window cuts are feasible,reachability_lower,0,12,0.0,258.0592105263158,0.0
2013-05-01,158,1,634.1,110.625,1,388.157894736842,inf,2352,all cumulative-window cuts are feasible,reachability_lower,0,12,0.0,232.89473684210526,0.0
2013-05-01,158,2,634.1,116.171875,1,407.62061403508767,inf,2352,all cumulative-window cuts are feasible,reachability_lower,0,12,0.0,244.57236842105263,0.0
2013-05-01,158,3,634.1,116.171875,1,407.62061403508767,inf,2352,all cumulative-window cuts are feasible,reachability_lower,0,12,0.0,244.57236842105263,0.0
2013-05-01,158,4,634.1,88.59375,1,310.8552631578947,inf,2352,all cumulative-window cuts are feasible,reachability_lower,0,12,0.0,186.51315789473685,0.0
2013-05-01,158,5,634.1,106.09375,1,372.2587719298245,inf,2352,all cumulative-window cuts are feasible,reachability_lower,0,12,0.0,223.35526315789474,0.0
2013-05-01,158,6,634.1,114.921875,1,403.23464912280696,inf,2352,all cumulative-window cuts are feasible,reachability_lower,0,12,0.0,241.94078947368422,0.0
2013-05-01,158,7,634.1,121.796875,1,427.3574561403508,inf,2352,all cumulative-window cuts are feasible,reachability_lower,0,12,0.0,256.4144736842105,0.0
2013-05-01,158,8,634.1,116.40625,1,408.4429824561403,inf,2352,all cumulative-window cuts are feasible,reachability_lower,0,12,0.0,245.06578947368422,0.0
2013-05-01,158,9,634.1,127.8125,1,448.46491228070164,inf,2352,all cumulative-window cuts are feasible,reachability_lower,0,12,0.0,269.07894736842104,0.0
2013-05-02,159,0,634.1,109.140625,1,382.9495614035087,inf,2352,all cumulative-window cuts are feasible,reachability_lower,0,12,0.0,229.76973684210526,0.0
2013-05-02,159,1,634.1,125.234375,1,439.4188596491228,inf,2352,all cumulative-window cuts are feasible,reachability_lower,0,12,0.0,263.6513157894737,0.0
2013-05-02,159,2,634.1,108.4375,1,380.48245614035085,inf,2352,all cumulative-window cuts are feasible,reachability_lower,0,12,0.0,228.28947368421055,0.0
2013-05-02,159,3,634.1,90.9375,1,319.078947368421,inf,2352,all cumulative-window cuts are feasible,reachability_lower,0,12,0.0,191.44736842105263,0.0
2013-05-02,159,4,634.1,95.78125,1,336.0745614035087,inf,2352,all cumulative-window cuts are feasible,reachability_lower,0,12,0.0,201.64473684210526,0.0
2013-05-02,159,5,634.1,109.6875,1,384.86842105263156,inf,2352,all cumulative-window cuts are feasible,reachability_lower,0,12,0.0,230.92105263157896,0.0
2013-05-02,159,6,634.1,115.78125,1,406.24999999999994,inf,2352,all cumulative-window cuts are feasible,reachability_lower,0,12,0.0,243.75,0.0
2013-05-02,159,7,634.1,117.578125,1,412.55482456140345,inf,2352,all cumulative-window cuts are feasible,reachability_lower,0,12,0.0,247.5328947368421,0.0
2013-05-02,159,8,634.1,120.9375,1,424.34210526315786,inf,2352,all cumulative-window cuts are feasible,reachability_lower,0,12,0.0,254.60526315789474,-2.842170943040401e-14
2013-05-02,159,9,634.1,131.171875,1,460.2521929824561,inf,2352,all cumulative-window cuts are feasible,reachability_lower,0,12,0.0,276.1513157894737,0.0
2013-05-03,160,0,634.1,113.90625,1,399.6710526315789,inf,2352,all cumulative-window cuts are feasible,reachability_lower,0,12,0.0,239.80263157894737,0.0
2013-05-03,160,1,634.1,121.796875,1,427.3574561403508,inf,2352,all cumulative-window cuts are feasible,reachability_lower,0,12,0.0,256.4144736842105,0.0
2013-05-03,160,2,634.1,116.5625,1,408.9912280701754,inf,2352,all cumulative-window cuts are feasible,reachability_lower,0,12,0.0,245.3947368421053,2.842170943040401e-14
2013-05-03,160,3,634.1,119.6875,1,419.95614035087715,inf,2352,all cumulative-window cuts are feasible,reachability_lower,0,12,0.0,251.97368421052633,0.0
2013-05-03,160,4,634.1,106.71875,1,374.4517543859649,inf,2352,all cumulative-window cuts are feasible,reachability_lower,0,12,0.0,224.67105263157896,0.0
2013-05-03,160,5,634.1,83.4375,1,292.7631578947368,inf,2352,all cumulative-window cuts are feasible,reachability_lower,0,12,0.0,175.6578947368421,0.0
2013-05-03,160,6,634.1,117.890625,1,413.65131578947364,inf,2352,all cumulative-window cuts are feasible,reachability_lower,0,12,0.0,248.19078947368422,0.0
2013-05-03,160,7,634.1,118.203125,1,414.74780701754383,inf,2352,all cumulative-window cuts are feasible,reachability_lower,0,12,0.0,248.84868421052633,0.0
2013-05-03,160,8,634.1,127.890625,1,448.7390350877193,inf,2352,all cumulative-window cuts are feasible,reachability_lower,0,12,0.0,269.2434210526316,0.0
2013-05-03,160,9,634.1,119.0625,1,417.76315789473676,inf,2352,all cumulative-window cuts are feasible,reachability_lower,0,12,0.0,250.6578947368421,0.0
2013-05-04,161,0,634.1,146.796875,1,515.0767543859648,inf,2352,all cumulative-window cuts are feasible,reachability_lower,0,12,0.0,309.04605263157896,0.0
2013-05-04,161,1,634.1,147.5,1,517.5438596491227,inf,2352,all cumulative-window cuts are feasible,reachability_lower,0,12,0.0,310.5263157894737,0.0
2013-05-04,161,2,634.1,115.78125,1,406.24999999999994,inf,2352,all cumulative-window cuts are feasible,reachability_lower,0,12,0.0,243.75,0.0
2013-05-04,161,3,634.1,142.890625,1,501.37061403508767,inf,2352,all cumulative-window cuts are feasible,reachability_lower,0,12,0.0,300.82236842105266,0.0
2013-05-04,161,4,634.1,115.859375,1,406.52412280701753,inf,2352,all cumulative-window cuts are feasible,reachability_lower,0,12,0.0,243.91447368421055,0.0
2013-05-04,161,5,634.1,115.078125,1,403.7828947368421,inf,2352,all cumulative-window cuts are feasible,reachability_lower,0,12,0.0,242.2697368421053,0.0
2013-05-04,161,6,634.1,143.125,1,502.19298245614027,inf,2352,all cumulative-window cuts are feasible,reachability_lower,0,12,0.0,301.3157894736842,0.0
2013-05-04,161,7,634.1,131.640625,1,461.89692982456137,inf,2352,all cumulative-window cuts are feasible,reachability_lower,0,12,0.0,277.1381578947369,0.0
2013-05-04,161,8,634.1,140.859375,1,494.2434210526315,inf,2352,all cumulative-window cuts are feasible,reachability_lower,0,12,0.0,296.54605263157896,0.0
2013-05-04,161,9,634.1,150.390625,1,527.6864035087718,inf,2352,all cumulative-window cuts are feasible,reachability_lower,0,12,0.0,316.6118421052632,5.684341886080802e-14
2013-05-05,162,0,634.1,148.125,1,519.7368421052631,inf,2352,all cumulative-window cuts are feasible,reachability_lower,0,12,0.0,311.8421052631579,0.0
2013-05-05,162,1,634.1,136.015625,1,477.2478070175438,inf,2352,all cumulative-window cuts are feasible,reachability_lower,0,12,0.0,286.3486842105263,0.0
2013-05-05,162,2,634.1,130.234375,1,456.9627192982456,inf,2352,all cumulative-window cuts are feasible,reachability_lower,0,12,0.0,274.1776315789474,0.0
2013-05-05,162,3,634.1,126.71875,1,444.6271929824561,inf,2352,all cumulative-window cuts are feasible,reachability_lower,0,12,0.0,266.7763157894737,0.0
2013-05-05,162,4,634.1,128.203125,1,449.8355263157894,inf,2352,all cumulative-window cuts are feasible,reachability_lower,0,12,0.0,269.9013157894737,0.0
2013-05-05,162,5,634.1,122.96875,1,431.469298245614,inf,2352,all cumulative-window cuts are feasible,reachability_lower,0,12,0.0,258.88157894736844,0.0
2013-05-05,162,6,634.1,152.8125,1,536.1842105263157,inf,2352,all cumulative-window cuts are feasible,reachability_lower,0,12,0.0,321.7105263157895,0.0
2013-05-05,162,7,634.1,122.8125,1,430.92105263157896,inf,2352,all cumulative-window cuts are feasible,reachability_lower,0,12,0.0,258.5526315789474,0.0
2013-05-05,162,8,634.1,118.046875,1,414.19956140350877,inf,2352,all cumulative-window cuts are feasible,reachability_lower,0,12,0.0,248.5197368421053,0.0
2013-05-05,162,9,634.1,166.640625,1,584.703947368421,inf,2352,all cumulative-window cuts are feasible,reachability_lower,0,12,0.0,350.82236842105266,0.0
2013-05-06,163,0,634.1,132.734375,1,465.73464912280696,inf,2352,all cumulative-window cuts are feasible,reachability_lower,0,12,0.0,279.4407894736842,0.0
2013-05-06,163,1,634.1,123.59375,1,433.66228070175436,inf,2352,all cumulative-window cuts are feasible,reachability_lower,0,12,0.0,260.19736842105266,0.0
2013-05-06,163,2,634.1,136.5625,1,479.1666666666666,inf,2352,all cumulative-window cuts are feasible,reachability_lower,0,12,0.0,287.5,0.0
2013-05-06,163,3,634.1,108.59375,1,381.0307017543859,inf,2352,all cumulative-window cuts are feasible,reachability_lower,0,12,0.0,228.6184210526316,0.0
2013-05-06,163,4,634.1,102.8125,1,360.74561403508767,inf,2352,all cumulative-window cuts are feasible,reachability_lower,0,12,0.0,216.44736842105263,0.0
2013-05-06,163,5,634.1,112.8125,1,395.83333333333326,inf,2352,all cumulative-window cuts are feasible,reachability_lower,0,12,0.0,237.5,0.0
2013-05-06,163,6,634.1,159.6875,1,560.3070175438595,inf,2352,all cumulative-window cuts are feasible,reachability_lower,0,12,0.0,336.1842105263158,5.684341886080802e-14
2013-05-06,163,7,634.1,133.90625,1,469.84649122807014,inf,2352,all cumulative-window cuts are feasible,reachability_lower,0,12,0.0,281.90789473684214,0.0
2013-05-06,163,8,634.1,120.859375,1,424.0679824561403,inf,2352,all cumulative-window cuts are feasible,reachability_lower,0,12,0.0,254.44078947368422,-2.842170943040401e-14
2013-05-06,163,9,634.1,139.921875,1,490.95394736842104,inf,2352,all cumulative-window cuts are feasible,reachability_lower,0,12,0.0,294.57236842105266,0.0
2013-05-07,164,0,634.1,167.890625,1,589.0899122807017,inf,2352,all cumulative-window cuts are feasible,reachability_lower,0,12,0.0,353.4539473684211,0.0
2013-05-07,164,1,634.1,141.328125,1,495.8881578947368,inf,2352,all cumulative-window cuts are feasible,reachability_lower,0,12,0.0,297.53289473684214,0.0
2013-05-07,164,2,634.1,158.359375,1,555.6469298245614,inf,2352,all cumulative-window cuts are feasible,reachability_lower,0,12,0.0,333.3881578947369,0.0
2013-05-07,164,3,634.1,154.84375,1,543.3114035087718,inf,2352,all cumulative-window cuts are feasible,reachability_lower,0,12,0.0,325.9868421052632,5.684341886080802e-14
2013-05-07,164,4,634.1,154.140625,1,540.844298245614,inf,2352,all cumulative-window cuts are feasible,reachability_lower,0,12,0.0,324.50657894736844,0.0
2013-05-07,164,5,634.1,142.8125,1,501.09649122807014,inf,2352,all cumulative-window cuts are feasible,reachability_lower,0,12,0.0,300.65789473684214,0.0
2013-05-07,164,6,634.1,168.984375,1,592.9276315789473,inf,2352,all cumulative-window cuts are feasible,reachability_lower,0,12,0.0,355.75657894736844,0.0
2013-05-07,164,7,634.1,156.640625,1,549.6162280701753,inf,2352,all cumulative-window cuts are feasible,reachability_lower,0,12,0.0,329.76973684210526,0.0
2013-05-07,164,8,634.1,150.703125,1,528.782894736842,inf,2352,all cumulative-window cuts are feasible,reachability_lower,0,12,0.0,317.26973684210526,5.684341886080802e-14
2013-05-07,164,9,634.1,161.71875,1,567.4342105263157,inf,2352,all cumulative-window cuts are feasible,reachability_lower,0,12,0.0,340.4605263157895,0.0
2013-05-08,165,0,634.1,143.75,1,504.38596491228066,inf,2352,all cumulative-window cuts are feasible,reachability_lower,0,12,0.0,302.63157894736844,0.0
2013-05-08,165,1,634.1,130.3125,1,457.2368421052631,inf,2352,all cumulative-window cuts are feasible,reachability_lower,0,12,0.0,274.3421052631579,0.0
2013-05-08,165,2,634.1,149.6875,1,525.219298245614,inf,2352,all cumulative-window cuts are feasible,reachability_lower,0,12,0.0,315.13157894736844,0.0
2013-05-08,165,3,634.1,141.484375,1,496.4364035087719,inf,2352,all cumulative-window cuts are feasible,reachability_lower,0,12,0.0,297.8618421052632,0.0
2013-05-08,165,4,634.1,137.1875,1,481.35964912280696,inf,2352,all cumulative-window cuts are feasible,reachability_lower,0,12,0.0,288.8157894736842,0.0
2013-05-08,165,5,634.1,134.53125,1,472.0394736842104,inf,2352,all cumulative-window cuts are feasible,reachability_lower,0,12,0.0,283.2236842105263,0.0
2013-05-08,165,6,634.1,149.6875,1,525.219298245614,inf,2352,all cumulative-window cuts are feasible,reachability_lower,0,12,0.0,315.13157894736844,0.0
2013-05-08,165,7,634.1,162.578125,1,570.4495614035087,inf,2352,all cumulative-window cuts are feasible,reachability_lower,0,12,0.0,342.26973684210526,0.0
2013-05-08,165,8,634.1,139.765625,1,490.405701754386,inf,2352,all cumulative-window cuts are feasible,reachability_lower,0,12,0.0,294.2434210526316,0.0
2013-05-08,165,9,634.1,136.953125,1,480.53728070175436,inf,2352,all cumulative-window cuts are feasible,reachability_lower,0,12,0.0,288.32236842105266,0.0
2013-05-09,166,0,634.1,121.875,1,427.6315789473683,inf,2352,all cumulative-window cuts are feasible,reachability_lower,0,12,0.0,256.57894736842104,0.0
2013-05-09,166,1,634.1,114.6875,1,402.4122807017543,inf,2352,all cumulative-window cuts are feasible,reachability_lower,0,12,0.0,241.44736842105263,2.842170943040401e-14
2013-05-09,166,2,634.1,104.21875,1,365.67982456140345,inf,2352,all cumulative-window cuts are feasible,reachability_lower,0,12,0.0,219.4078947368421,0.0
2013-05-09,166,3,634.1,108.984375,1,382.40131578947364,inf,2352,all cumulative-window cuts are feasible,reachability_lower,0,12,0.0,229.44078947368422,0.0
2013-05-09,166,4,634.1,110.625,1,388.157894736842,inf,2352,all cumulative-window cuts are feasible,reachability_lower,0,12,0.0,232.89473684210526,0.0
2013-05-09,166,5,634.1,106.796875,1,374.7258771929824,inf,2352,all cumulative-window cuts are feasible,reachability_lower,0,12,0.0,224.83552631578948,0.0
2013-05-09,166,6,634.1,124.0625,1,435.30701754385956,inf,2352,all cumulative-window cuts are feasible,reachability_lower,0,12,0.0,261.1842105263158,0.0
2013-05-09,166,7,634.1,123.828125,1,434.48464912280696,inf,2352,all cumulative-window cuts are feasible,reachability_lower,0,12,0.0,260.6907894736842,0.0
2013-05-09,166,8,634.1,108.671875,1,381.30482456140345,inf,2352,all cumulative-window cuts are feasible,reachability_lower,0,12,0.0,228.7828947368421,0.0
2013-05-09,166,9,634.1,123.75,1,434.2105263157894,inf,2352,all cumulative-window cuts are feasible,reachability_lower,0,12,0.0,260.5263157894737,0.0
2013-05-10,167,0,634.1,116.796875,1,409.813596491228,inf,2352,all cumulative-window cuts are feasible,reachability_lower,0,12,0.0,245.88815789473685,2.842170943040401e-14
2013-05-10,167,1,634.1,111.328125,1,390.62499999999994,inf,2352,all cumulative-window cuts are feasible,reachability_lower,0,12,0.0,234.375,0.0
2013-05-10,167,2,634.1,127.265625,1,446.54605263157896,inf,2352,all cumulative-window cuts are feasible,reachability_lower,0,12,0.0,267.9276315789474,0.0
2013-05-10,167,3,634.1,102.5,1,359.64912280701753,inf,2352,all cumulative-window cuts are feasible,reachability_lower,0,12,0.0,215.78947368421055,0.0
2013-05-10,167,4,634.1,119.0625,1,417.76315789473676,inf,2352,all cumulative-window cuts are feasible,reachability_lower,0,12,0.0,250.6578947368421,0.0
2013-05-10,167,5,634.1,102.8125,1,360.74561403508767,inf,2352,all cumulative-window cuts are feasible,reachability_lower,0,12,0.0,216.44736842105263,0.0
2013-05-10,167,6,634.1,124.296875,1,436.1293859649123,inf,2352,all cumulative-window cuts are feasible,reachability_lower,0,12,0.0,261.6776315789474,0.0
2013-05-10,167,7,634.1,111.171875,1,390.0767543859649,inf,2352,all cumulative-window cuts are feasible,reachability_lower,0,12,0.0,234.04605263157896,0.0
2013-05-10,167,8,634.1,121.328125,1,425.71271929824553,inf,2352,all cumulative-window cuts are feasible,reachability_lower,0,12,0.0,255.42763157894737,0.0
2013-05-10,167,9,634.1,143.90625,1,504.9342105263157,inf,2352,all cumulative-window cuts are feasible,reachability_lower,0,12,0.0,302.9605263157895,0.0
2013-05-11,168,0,634.1,177.96875,1,624.4517543859648,inf,2352,all cumulative-window cuts are feasible,reachability_lower,0,12,0.0,374.67105263157896,0.0
2013-05-11,168,1,634.1,164.609375,1,577.5767543859648,inf,2352,all cumulative-window cuts are feasible,reachability_lower,0,12,0.0,346.54605263157896,0.0
2013-05-11,168,2,634.1,168.359375,1,590.7346491228069,inf,2352,all cumulative-window cuts are feasible,reachability_lower,0,12,0.0,354.4407894736842,0.0
2013-05-11,168,3,634.1,174.609375,1,612.6644736842105,inf,2352,all cumulative-window cuts are feasible,reachability_lower,0,12,0.0,367.59868421052636,0.0
2013-05-11,168,4,634.1,170.703125,1,598.9583333333333,inf,2352,all cumulative-window cuts are feasible,reachability_lower,0,12,0.0,359.375,0.0
2013-05-11,168,5,634.1,173.59375,1,609.1008771929824,inf,2352,all cumulative-window cuts are feasible,reachability_lower,0,12,0.0,365.4605263157895,0.0
2013-05-11,168,6,634.1,179.453125,1,629.6600877192982,inf,2352,all cumulative-window cuts are feasible,reachability_lower,0,12,0.0,377.79605263157896,0.0
2013-05-11,168,7,634.1,176.09375,1,617.8728070175439,inf,2352,all cumulative-window cuts are feasible,reachability_lower,0,12,0.0,370.72368421052636,-5.684341886080802e-14
2013-05-11,168,8,634.1,162.34375,1,569.6271929824561,inf,2352,all cumulative-window cuts are feasible,reachability_lower,0,12,0.0,341.7763157894737,0.0
2013-05-11,168,9,634.1,171.40625,1,601.4254385964912,inf,2352,all cumulative-window cuts are feasible,reachability_lower,0,12,0.0,360.85526315789474,0.0
2013-05-12,169,0,634.1,143.046875,1,501.91885964912274,inf,2352,all cumulative-window cuts are feasible,reachability_lower,0,12,0.0,301.1513157894737,0.0
2013-05-12,169,1,634.1,134.6875,1,472.5877192982456,inf,2352,all cumulative-window cuts are feasible,reachability_lower,0,12,0.0,283.5526315789474,0.0
2013-05-12,169,2,634.1,115.78125,1,406.24999999999994,inf,2352,all cumulative-window cuts are feasible,reachability_lower,0,12,0.0,243.75,0.0
2013-05-12,169,3,634.1,138.28125,1,485.1973684210526,inf,2352,all cumulative-window cuts are feasible,reachability_lower,0,12,0.0,291.1184210526316,0.0
2013-05-12,169,4,634.1,158.046875,1,554.5504385964912,inf,2352,all cumulative-window cuts are feasible,reachability_lower,0,12,0.0,332.73026315789474,0.0
2013-05-12,169,5,634.1,126.484375,1,443.8048245614035,inf,2352,all cumulative-window cuts are feasible,reachability_lower,0,12,0.0,266.28289473684214,0.0
2013-05-12,169,6,634.1,146.875,1,515.3508771929824,inf,2352,all cumulative-window cuts are feasible,reachability_lower,0,12,0.0,309.2105263157895,0.0
2013-05-12,169,7,634.1,168.28125,1,590.4605263157894,inf,2352,all cumulative-window cuts are feasible,reachability_lower,0,12,0.0,354.2763157894737,0.0
2013-05-12,169,8,634.1,119.609375,1,419.6820175438596,inf,2352,all cumulative-window cuts are feasible,reachability_lower,0,12,0.0,251.8092105263158,0.0
2013-05-12,169,9,634.1,134.6875,1,472.5877192982456,inf,2352,all cumulative-window cuts are feasible,reachability_lower,0,12,0.0,283.5526315789474,0.0
2013-05-13,170,0,634.1,154.0625,1,540.5701754385965,inf,2352,all cumulative-window cuts are feasible,reachability_lower,0,12,0.0,324.3421052631579,0.0
2013-05-13,170,1,634.1,156.640625,1,549.6162280701753,inf,2352,all cumulative-window cuts are feasible,reachability_lower,0,12,0.0,329.76973684210526,0.0
2013-05-13,170,2,634.1,169.140625,1,593.4758771929824,inf,2352,all cumulative-window cuts are feasible,reachability_lower,0,12,0.0,356.0855263157895,0.0
2013-05-13,170,3,634.1,164.53125,1,577.3026315789473,inf,2352,all cumulative-window cuts are feasible,reachability_lower,0,12,0.0,346.38157894736844,0.0
2013-05-13,170,4,634.1,142.109375,1,498.6293859649123,inf,2352,all cumulative-window cuts are feasible,reachability_lower,0,12,0.0,299.1776315789474,0.0
2013-05-13,170,5,634.1,146.25,1,513.157894736842,inf,2352,all cumulative-window cuts are feasible,reachability_lower,0,12,0.0,307.89473684210526,5.684341886080802e-14
2013-05-13,170,6,634.1,173.28125,1,608.0043859649122,inf,2352,all cumulative-window cuts are feasible,reachability_lower,0,12,0.0,364.8026315789474,0.0
2013-05-13,170,7,634.1,162.890625,1,571.546052631579,inf,2352,all cumulative-window cuts are feasible,reachability_lower,0,12,0.0,342.9276315789474,0.0
2013-05-13,170,8,634.1,165.703125,1,581.4144736842105,inf,2352,all cumulative-window cuts are feasible,reachability_lower,0,12,0.0,348.84868421052636,0.0
2013-05-13,170,9,634.1,155.3125,1,544.9561403508771,inf,2352,all cumulative-window cuts are feasible,reachability_lower,0,12,0.0,326.97368421052636,0.0
2013-05-14,171,0,634.1,134.765625,1,472.8618421052631,inf,2352,all cumulative-window cuts are feasible,reachability_lower,0,12,0.0,283.7171052631579,0.0
2013-05-14,171,1,634.1,145.703125,1,511.2390350877193,inf,2352,all cumulative-window cuts are feasible,reachability_lower,0,12,0.0,306.7434210526316,0.0
2013-05-14,171,2,634.1,133.046875,1,466.8311403508771,inf,2352,all cumulative-window cuts are feasible,reachability_lower,0,12,0.0,280.0986842105263,0.0
2013-05-14,171,3,634.1,125.234375,1,439.4188596491228,inf,2352,all cumulative-window cuts are feasible,reachability_lower,0,12,0.0,263.6513157894737,0.0
2013-05-14,171,4,634.1,121.71875,1,427.08333333333326,inf,2352,all cumulative-window cuts are feasible,reachability_lower,0,12,0.0,256.25,0.0
2013-05-14,171,5,634.1,105.390625,1,369.79166666666663,inf,2352,all cumulative-window cuts are feasible,reachability_lower,0,12,0.0,221.875,0.0
2013-05-14,171,6,634.1,146.015625,1,512.3355263157894,inf,2352,all cumulative-window cuts are feasible,reachability_lower,0,12,0.0,307.4013157894737,5.684341886080802e-14
2013-05-14,171,7,634.1,172.890625,1,606.6337719298244,inf,2352,all cumulative-window cuts are feasible,reachability_lower,0,12,0.0,363.98026315789474,0.0
2013-05-14,171,8,634.1,127.03125,1,445.72368421052624,inf,2352,all cumulative-window cuts are feasible,reachability_lower,0,12,0.0,267.4342105263158,0.0
2013-05-14,171,9,634.1,143.515625,1,503.56359649122805,inf,2352,all cumulative-window cuts are feasible,reachability_lower,0,12,0.0,302.1381578947369,0.0
2013-05-15,172,0,634.1,129.53125,1,454.49561403508767,inf,2352,all cumulative-window cuts are feasible,reachability_lower,0,12,0.0,272.69736842105266,0.0
2013-05-15,172,1,634.1,114.53125,1,401.86403508771923,inf,2352,all cumulative-window cuts are feasible,reachability_lower,0,12,0.0,241.1184210526316,2.842170943040401e-14
2013-05-15,172,2,634.1,123.828125,1,434.48464912280696,inf,2352,all cumulative-window cuts are feasible,reachability_lower,0,12,0.0,260.6907894736842,0.0
2013-05-15,172,3,634.1,111.171875,1,390.0767543859649,inf,2352,all cumulative-window cuts are feasible,reachability_lower,0,12,0.0,234.04605263157896,0.0
2013-05-15,172,4,634.1,118.671875,1,416.3925438596491,inf,2352,all cumulative-window cuts are feasible,reachability_lower,0,12,0.0,249.83552631578948,-2.842170943040401e-14
2013-05-15,172,5,634.1,111.015625,1,389.5285087719298,inf,2352,all cumulative-window cuts are feasible,reachability_lower,0,12,0.0,233.71710526315792,0.0
2013-05-15,172,6,634.1,111.796875,1,392.26973684210526,inf,2352,all cumulative-window cuts are feasible,reachability_lower,0,12,0.0,235.36184210526318,0.0
2013-05-15,172,7,634.1,149.921875,1,526.0416666666666,inf,2352,all cumulative-window cuts are feasible,reachability_lower,0,12,0.0,315.625,0.0
2013-05-15,172,8,634.1,123.359375,1,432.8399122807017,inf,2352,all cumulative-window cuts are feasible,reachability_lower,0,12,0.0,259.70394736842104,0.0
2013-05-15,172,9,634.1,135.78125,1,476.4254385964912,inf,2352,all cumulative-window cuts are feasible,reachability_lower,0,12,0.0,285.85526315789474,0.0
2013-05-16,173,0,634.1,128.203125,1,449.8355263157894,inf,2352,all cumulative-window cuts are feasible,reachability_lower,0,12,0.0,269.9013157894737,0.0
2013-05-16,173,1,634.1,155.234375,1,544.6820175438595,inf,2352,all cumulative-window cuts are feasible,reachability_lower,0,12,0.0,326.8092105263158,5.684341886080802e-14
2013-05-16,173,2,634.1,166.5625,1,584.4298245614035,inf,2352,all cumulative-window cuts are feasible,reachability_lower,0,12,0.0,350.65789473684214,0.0
2013-05-16,173,3,634.1,141.328125,1,495.8881578947368,inf,2352,all cumulative-window cuts are feasible,reachability_lower,0,12,0.0,297.53289473684214,0.0
2013-05-16,173,4,634.1,148.046875,1,519.4627192982456,inf,2352,all cumulative-window cuts are feasible,reachability_lower,0,12,0.0,311.6776315789474,0.0
2013-05-16,173,5,634.1,165.859375,1,581.9627192982456,inf,2352,all cumulative-window cuts are feasible,reachability_lower,0,12,0.0,349.1776315789474,0.0
2013-05-16,173,6,634.1,161.09375,1,565.2412280701753,inf,2352,all cumulative-window cuts are feasible,reachability_lower,0,12,0.0,339.14473684210526,0.0
2013-05-16,173,7,634.1,171.953125,1,603.344298245614,inf,2352,all cumulative-window cuts are feasible,reachability_lower,0,12,0.0,362.00657894736844,-5.684341886080802e-14
2013-05-16,173,8,634.1,141.09375,1,495.0657894736841,inf,2352,all cumulative-window cuts are feasible,reachability_lower,0,12,0.0,297.0394736842105,0.0
2013-05-16,173,9,634.1,150.703125,1,528.782894736842,inf,2352,all cumulative-window cuts are feasible,reachability_lower,0,12,0.0,317.26973684210526,5.684341886080802e-14
2013-05-17,174,0,634.1,117.96875,1,413.9254385964912,inf,2352,all cumulative-window cuts are feasible,reachability_lower,0,12,0.0,248.35526315789474,0.0
2013-05-17,174,1,634.1,128.125,1,449.5614035087719,inf,2352,all cumulative-window cuts are feasible,reachability_lower,0,12,0.0,269.7368421052632,0.0
2013-05-17,174,2,634.1,122.34375,1,429.27631578947364,inf,2352,all cumulative-window cuts are feasible,reachability_lower,0,12,0.0,257.5657894736842,0.0
2013-05-17,174,3,634.1,115.703125,1,405.9758771929824,inf,2352,all cumulative-window cuts are feasible,reachability_lower,0,12,0.0,243.58552631578948,0.0
2013-05-17,174,4,634.1,111.09375,1,389.80263157894734,inf,2352,all cumulative-window cuts are feasible,reachability_lower,0,12,0.0,233.88157894736844,0.0
2013-05-17,174,5,634.1,108.203125,1,379.6600877192982,inf,2352,all cumulative-window cuts are feasible,reachability_lower,0,12,0.0,227.79605263157896,0.0
2013-05-17,174,6,634.1,125.0,1,438.5964912280702,inf,2352,all cumulative-window cuts are feasible,reachability_lower,0,12,0.0,263.15789473684214,0.0
2013-05-17,174,7,634.1,125.3125,1,439.6929824561403,inf,2352,all cumulative-window cuts are feasible,reachability_lower,0,12,0.0,263.8157894736842,0.0
2013-05-17,174,8,634.1,123.59375,1,433.66228070175436,inf,2352,all cumulative-window cuts are feasible,reachability_lower,0,12,0.0,260.19736842105266,0.0
2013-05-17,174,9,634.1,138.359375,1,485.47149122807014,inf,2352,all cumulative-window cuts are feasible,reachability_lower,0,12,0.0,291.28289473684214,0.0
2013-05-18,175,0,634.1,128.515625,1,450.93201754385956,inf,2352,all cumulative-window cuts are feasible,reachability_lower,0,12,0.0,270.5592105263158,0.0
2013-05-18,175,1,634.1,133.046875,1,466.8311403508771,inf,2352,all cumulative-window cuts are feasible,reachability_lower,0,12,0.0,280.0986842105263,0.0
2013-05-18,175,2,634.1,140.3125,1,492.3245614035087,inf,2352,all cumulative-window cuts are feasible,reachability_lower,0,12,0.0,295.39473684210526,0.0
2013-05-18,175,3,634.1,126.25,1,442.9824561403508,inf,2352,all cumulative-window cuts are feasible,reachability_lower,0,12,0.0,265.7894736842105,0.0
2013-05-18,175,4,634.1,139.21875,1,488.4868421052631,inf,2352,all cumulative-window cuts are feasible,reachability_lower,0,12,0.0,293.0921052631579,0.0
2013-05-18,175,5,634.1,100.9375,1,354.16666666666663,inf,2352,all cumulative-window cuts are feasible,reachability_lower,0,12,0.0,212.5,0.0
2013-05-18,175,6,634.1,121.40625,1,425.9868421052631,inf,2352,all cumulative-window cuts are feasible,reachability_lower,0,12,0.0,255.59210526315792,0.0
2013-05-18,175,7,634.1,170.859375,1,599.5065789473684,inf,2352,all cumulative-window cuts are feasible,reachability_lower,0,12,0.0,359.7039473684211,0.0
2013-05-18,175,8,634.1,137.5,1,482.4561403508772,inf,2352,all cumulative-window cuts are feasible,reachability_lower,0,12,0.0,289.47368421052636,0.0
2013-05-18,175,9,634.1,133.28125,1,467.6535087719298,inf,2352,all cumulative-window cuts are feasible,reachability_lower,0,12,0.0,280.5921052631579,0.0
2013-05-19,176,0,634.1,132.96875,1,466.55701754385956,inf,2352,all cumulative-window cuts are feasible,reachability_lower,0,12,0.0,279.9342105263158,0.0
2013-05-19,176,1,634.1,141.328125,1,495.8881578947368,inf,2352,all cumulative-window cuts are feasible,reachability_lower,0,12,0.0,297.53289473684214,0.0
2013-05-19,176,2,634.1,131.5625,1,461.6228070175438,inf,2352,all cumulative-window cuts are feasible,reachability_lower,0,12,0.0,276.9736842105263,0.0
2013-05-19,176,3,634.1,125.15625,1,439.14473684210526,inf,2352,all cumulative-window cuts are feasible,reachability_lower,0,12,0.0,263.4868421052632,0.0
2013-05-19,176,4,634.1,122.421875,1,429.5504385964912,inf,2352,all cumulative-window cuts are feasible,reachability_lower,0,12,0.0,257.73026315789474,0.0
2013-05-19,176,5,634.1,123.203125,1,432.29166666666663,inf,2352,all cumulative-window cuts are feasible,reachability_lower,0,12,0.0,259.375,0.0
2013-05-19,176,6,634.1,138.515625,1,486.0197368421052,inf,2352,all cumulative-window cuts are feasible,reachability_lower,0,12,0.0,291.6118421052632,0.0
2013-05-19,176,7,634.1,155.15625,1,544.407894736842,inf,2352,all cumulative-window cuts are feasible,reachability_lower,0,12,0.0,326.64473684210526,5.684341886080802e-14
2013-05-19,176,8,634.1,135.234375,1,474.5065789473683,inf,2352,all cumulative-window cuts are feasible,reachability_lower,0,12,0.0,284.70394736842104,0.0
2013-05-19,176,9,634.1,150.9375,1,529.6052631578947,inf,2352,all cumulative-window cuts are feasible,reachability_lower,0,12,0.0,317.7631578947369,0.0
2013-05-20,177,0,634.1,114.0625,1,400.219298245614,inf,2352,all cumulative-window cuts are feasible,reachability_lower,0,12,0.0,240.13157894736844,0.0
2013-05-20,177,1,634.1,121.640625,1,426.8092105263157,inf,2352,all cumulative-window cuts are feasible,reachability_lower,0,12,0.0,256.0855263157895,0.0
2013-05-20,177,2,634.1,117.421875,1,412.0065789473684,inf,2352,all cumulative-window cuts are feasible,reachability_lower,0,12,0.0,247.20394736842107,0.0
2013-05-20,177,3,634.1,115.0,1,403.5087719298245,inf,2352,all cumulative-window cuts are feasible,reachability_lower,0,12,0.0,242.10526315789474,0.0
2013-05-20,177,4,634.1,125.9375,1,441.88596491228066,inf,2352,all cumulative-window cuts are feasible,reachability_lower,0,12,0.0,265.13157894736844,0.0
2013-05-20,177,5,634.1,108.90625,1,382.1271929824561,inf,2352,all cumulative-window cuts are feasible,reachability_lower,0,12,0.0,229.2763157894737,0.0
2013-05-20,177,6,634.1,122.8125,1,430.92105263157896,inf,2352,all cumulative-window cuts are feasible,reachability_lower,0,12,0.0,258.5526315789474,0.0
2013-05-20,177,7,634.1,152.109375,1,533.7171052631578,inf,2352,all cumulative-window cuts are feasible,reachability_lower,0,12,0.0,320.23026315789474,0.0
2013-05-20,177,8,634.1,112.8125,1,395.83333333333326,inf,2352,all cumulative-window cuts are feasible,reachability_lower,0,12,0.0,237.5,0.0
2013-05-20,177,9,634.1,134.765625,1,472.8618421052631,inf,2352,all cumulative-window cuts are feasible,reachability_lower,0,12,0.0,283.7171052631579,0.0
2013-05-21,178,0,634.1,111.875,1,392.5438596491228,inf,2352,all cumulative-window cuts are feasible,reachability_lower,0,12,0.0,235.5263157894737,0.0
2013-05-21,178,1,634.1,120.859375,1,424.0679824561403,inf,2352,all cumulative-window cuts are feasible,reachability_lower,0,12,0.0,254.44078947368422,-2.842170943040401e-14
2013-05-21,178,2,634.1,128.046875,1,449.28728070175436,inf,2352,all cumulative-window cuts are feasible,reachability_lower,0,12,0.0,269.57236842105266,0.0
2013-05-21,178,3,634.1,123.59375,1,433.66228070175436,inf,2352,all cumulative-window cuts are feasible,reachability_lower,0,12,0.0,260.19736842105266,0.0
2013-05-21,178,4,634.1,115.859375,1,406.52412280701753,inf,2352,all cumulative-window cuts are feasible,reachability_lower,0,12,0.0,243.91447368421055,0.0
2013-05-21,178,5,634.1,118.515625,1,415.844298245614,inf,2352,all cumulative-window cuts are feasible,reachability_lower,0,12,0.0,249.50657894736844,0.0
2013-05-21,178,6,634.1,146.40625,1,513.7061403508771,inf,2352,all cumulative-window cuts are feasible,reachability_lower,0,12,0.0,308.22368421052636,0.0
2013-05-21,178,7,634.1,148.75,1,521.9298245614035,inf,2352,all cumulative-window cuts are feasible,reachability_lower,0,12,0.0,313.15789473684214,0.0
2013-05-21,178,8,634.1,124.609375,1,437.2258771929824,inf,2352,all cumulative-window cuts are feasible,reachability_lower,0,12,0.0,262.3355263157895,0.0
2013-05-21,178,9,634.1,142.8125,1,501.09649122807014,inf,2352,all cumulative-window cuts are feasible,reachability_lower,0,12,0.0,300.65789473684214,0.0
2013-05-22,179,0,634.1,170.703125,1,598.9583333333333,inf,2352,all cumulative-window cuts are feasible,reachability_lower,0,12,0.0,359.375,0.0
2013-05-22,179,1,634.1,182.1875,1,639.2543859649122,inf,2352,all cumulative-window cuts are feasible,reachability_lower,0,12,0.0,383.5526315789474,0.0
2013-05-22,179,2,634.1,185.234375,1,649.9451754385964,inf,2352,all cumulative-window cuts are feasible,reachability_lower,0,12,0.0,389.9671052631579,5.684341886080802e-14
2013-05-22,179,3,634.1,171.5625,1,601.9736842105262,inf,2352,all cumulative-window cuts are feasible,reachability_lower,0,12,0.0,361.1842105263158,0.0
2013-05-22,179,4,634.1,172.8125,1,606.3596491228069,inf,2352,all cumulative-window cuts are feasible,reachability_lower,0,12,0.0,363.8157894736842,0.0
2013-05-22,179,5,634.1,174.453125,1,612.1162280701753,inf,2352,all cumulative-window cuts are feasible,reachability_lower,0,12,0.0,367.26973684210526,0.0
2013-05-22,179,6,634.1,174.296875,1,611.5679824561403,inf,2352,all cumulative-window cuts are feasible,reachability_lower,0,12,0.0,366.9407894736842,0.0
2013-05-22,179,7,634.1,182.34375,1,639.8026315789473,inf,2352,all cumulative-window cuts are feasible,reachability_lower,0,12,0.0,383.88157894736844,0.0
2013-05-22,179,8,634.1,180.078125,1,631.8530701754386,inf,2352,all cumulative-window cuts are feasible,reachability_lower,0,12,0.0,379.1118421052632,0.0
2013-05-22,179,9,634.1,182.890625,1,641.7214912280701,inf,2352,all cumulative-window cuts are feasible,reachability_lower,0,12,0.0,385.03289473684214,0.0
2013-05-23,180,0,634.1,175.625,1,616.2280701754386,inf,2352,all cumulative-window cuts are feasible,reachability_lower,0,12,0.0,369.7368421052632,0.0
2013-05-23,180,1,634.1,171.640625,1,602.2478070175439,inf,2352,all cumulative-window cuts are feasible,reachability_lower,0,12,0.0,361.34868421052636,-5.684341886080802e-14
2013-05-23,180,2,634.1,186.953125,1,655.9758771929824,inf,2352,all cumulative-window cuts are feasible,reachability_lower,0,12,0.0,393.5855263157895,0.0
2013-05-23,180,3,634.1,172.734375,1,606.0855263157894,inf,2352,all cumulative-window cuts are feasible,reachability_lower,0,12,0.0,363.6513157894737,0.0
2013-05-23,180,4,634.1,173.125,1,607.4561403508771,inf,2352,all cumulative-window cuts are feasible,reachability_lower,0,12,0.0,364.47368421052636,0.0
2013-05-23,180,5,634.1,173.90625,1,610.1973684210526,inf,2352,all cumulative-window cuts are feasible,reachability_lower,0,12,0.0,366.1184210526316,0.0
2013-05-23,180,6,634.1,169.375,1,594.2982456140351,inf,2352,all cumulative-window cuts are feasible,reachability_lower,0,12,0.0,356.5789473684211,0.0
2013-05-23,180,7,634.1,181.484375,1,636.7872807017543,inf,2352,all cumulative-window cuts are feasible,reachability_lower,0,12,0.0,382.07236842105266,0.0
2013-05-23,180,8,634.1,178.203125,1,625.2741228070174,inf,2352,all cumulative-window cuts are feasible,reachability_lower,0,12,0.0,375.1644736842105,0.0
2013-05-23,180,9,634.1,177.265625,1,621.9846491228069,inf,2352,all cumulative-window cuts are feasible,reachability_lower,0,12,0.0,373.1907894736842,0.0
2013-05-24,181,0,634.1,174.609375,1,612.6644736842105,inf,2352,all cumulative-window cuts are feasible,reachability_lower,0,12,0.0,367.59868421052636,0.0
2013-05-24,181,1,634.1,169.0625,1,593.2017543859648,inf,2352,all cumulative-window cuts are feasible,reachability_lower,0,12,0.0,355.92105263157896,0.0
2013-05-24,181,2,634.1,169.140625,1,593.4758771929824,inf,2352,all cumulative-window cuts are feasible,reachability_lower,0,12,0.0,356.0855263157895,0.0
2013-05-24,181,3,634.1,174.53125,1,612.3903508771929,inf,2352,all cumulative-window cuts are feasible,reachability_lower,0,12,0.0,367.4342105263158,0.0
2013-05-24,181,4,634.1,174.296875,1,611.5679824561403,inf,2352,all cumulative-window cuts are feasible,reachability_lower,0,12,0.0,366.9407894736842,0.0
2013-05-24,181,5,634.1,168.984375,1,592.9276315789473,inf,2352,all cumulative-window cuts are feasible,reachability_lower,0,12,0.0,355.75657894736844,0.0
2013-05-24,181,6,634.1,168.4375,1,591.0087719298244,inf,2352,all cumulative-window cuts are feasible,reachability_lower,0,12,0.0,354.60526315789474,0.0
2013-05-24,181,7,634.1,181.875,1,638.157894736842,inf,2352,all cumulative-window cuts are feasible,reachability_lower,0,12,0.0,382.89473684210526,0.0
2013-05-24,181,8,634.1,171.796875,1,602.796052631579,inf,2352,all cumulative-window cuts are feasible,reachability_lower,0,12,0.0,361.6776315789474,-5.684341886080802e-14
2013-05-24,181,9,634.1,179.921875,1,631.3048245614035,inf,2352,all cumulative-window cuts are feasible,reachability_lower,0,12,0.0,378.78289473684214,0.0
2013-05-25,182,0,634.1,125.46875,1,440.2412280701754,inf,2352,all cumulative-window cuts are feasible,reachability_lower,0,12,0.0,264.14473684210526,0.0
2013-05-25,182,1,634.1,169.6875,1,595.3947368421052,inf,2352,all cumulative-window cuts are feasible,reachability_lower,0,12,0.0,357.2368421052632,0.0
2013-05-25,182,2,634.1,138.59375,1,486.29385964912274,inf,2352,all cumulative-window cuts are feasible,reachability_lower,0,12,0.0,291.7763157894737,0.0
2013-05-25,182,3,634.1,156.328125,1,548.5197368421052,inf,2352,all cumulative-window cuts are feasible,reachability_lower,0,12,0.0,329.1118421052632,0.0
2013-05-25,182,4,634.1,174.609375,1,612.6644736842105,inf,2352,all cumulative-window cuts are feasible,reachability_lower,0,12,0.0,367.59868421052636,0.0
2013-05-25,182,5,634.1,140.0,1,491.2280701754386,inf,2352,all cumulative-window cuts are feasible,reachability_lower,0,12,0.0,294.7368421052632,0.0
2013-05-25,182,6,634.1,159.6875,1,560.3070175438595,inf,2352,all cumulative-window cuts are feasible,reachability_lower,0,12,0.0,336.1842105263158,5.684341886080802e-14
2013-05-25,182,7,634.1,176.71875,1,620.0657894736842,inf,2352,all cumulative-window cuts are feasible,reachability_lower,0,12,0.0,372.0394736842105,-5.684341886080802e-14
2013-05-25,182,8,634.1,152.265625,1,534.2653508771929,inf,2352,all cumulative-window cuts are feasible,reachability_lower,0,12,0.0,320.5592105263158,0.0
2013-05-25,182,9,634.1,169.84375,1,595.9429824561403,inf,2352,all cumulative-window cuts are feasible,reachability_lower,0,12,0.0,357.5657894736842,0.0
2013-05-26,183,0,634.1,141.796875,1,497.532894736842,inf,2352,all cumulative-window cuts are feasible,reachability_lower,0,12,0.0,298.51973684210526,0.0
2013-05-26,183,1,634.1,151.640625,1,532.0723684210526,inf,2352,all cumulative-window cuts are feasible,reachability_lower,0,12,0.0,319.2434210526316,0.0
2013-05-26,183,2,634.1,150.46875,1,527.9605263157894,inf,2352,all cumulative-window cuts are feasible,reachability_lower,0,12,0.0,316.7763157894737,5.684341886080802e-14
2013-05-26,183,3,634.1,152.109375,1,533.7171052631578,inf,2352,all cumulative-window cuts are feasible,reachability_lower,0,12,0.0,320.23026315789474,0.0
2013-05-26,183,4,634.1,148.046875,1,519.4627192982456,inf,2352,all cumulative-window cuts are feasible,reachability_lower,0,12,0.0,311.6776315789474,0.0
2013-05-26,183,5,634.1,120.390625,1,422.42324561403507,inf,2352,all cumulative-window cuts are feasible,reachability_lower,0,12,0.0,253.45394736842107,0.0
2013-05-26,183,6,634.1,141.640625,1,496.98464912280696,inf,2352,all cumulative-window cuts are feasible,reachability_lower,0,12,0.0,298.1907894736842,0.0
2013-05-26,183,7,634.1,161.5625,1,566.8859649122807,inf,2352,all cumulative-window cuts are feasible,reachability_lower,0,12,0.0,340.13157894736844,0.0
2013-05-26,183,8,634.1,167.8125,1,588.8157894736842,inf,2352,all cumulative-window cuts are feasible,reachability_lower,0,12,0.0,353.2894736842105,-5.684341886080802e-14
2013-05-26,183,9,634.1,161.015625,1,564.9671052631578,inf,2352,all cumulative-window cuts are feasible,reachability_lower,0,12,0.0,338.98026315789474,0.0
2013-05-27,184,0,634.1,172.578125,1,605.5372807017543,inf,2352,all cumulative-window cuts are feasible,reachability_lower,0,12,0.0,363.32236842105266,0.0
2013-05-27,184,1,634.1,173.828125,1,609.9232456140351,inf,2352,all cumulative-window cuts are feasible,reachability_lower,0,12,0.0,365.9539473684211,0.0
2013-05-27,184,2,634.1,172.265625,1,604.4407894736842,inf,2352,all cumulative-window cuts are feasible,reachability_lower,0,12,0.0,362.6644736842105,-5.684341886080802e-14
2013-05-27,184,3,634.1,158.75,1,557.0175438596491,inf,2352,all cumulative-window cuts are feasible,reachability_lower,0,12,0.0,334.2105263157895,0.0
2013-05-27,184,4,634.1,146.09375,1,512.6096491228069,inf,2352,all cumulative-window cuts are feasible,reachability_lower,0,12,0.0,307.5657894736842,5.684341886080802e-14
2013-05-27,184,5,634.1,158.359375,1,555.6469298245614,inf,2352,all cumulative-window cuts are feasible,reachability_lower,0,12,0.0,333.3881578947369,0.0
2013-05-27,184,6,634.1,170.15625,1,597.0394736842105,inf,2352,all cumulative-window cuts are feasible,reachability_lower,0,12,0.0,358.22368421052636,0.0
2013-05-27,184,7,634.1,182.96875,1,641.9956140350877,inf,2352,all cumulative-window cuts are feasible,reachability_lower,0,12,0.0,385.19736842105266,0.0
2013-05-27,184,8,634.1,174.375,1,611.8421052631578,inf,2352,all cumulative-window cuts are feasible,reachability_lower,0,12,0.0,367.10526315789474,0.0
2013-05-27,184,9,634.1,171.25,1,600.8771929824561,inf,2352,all cumulative-window cuts are feasible,reachability_lower,0,12,0.0,360.5263157894737,0.0
2013-05-28,185,0,634.1,170.390625,1,597.8618421052631,inf,2352,all cumulative-window cuts are feasible,reachability_lower,0,12,0.0,358.7171052631579,0.0
2013-05-28,185,1,634.1,171.875,1,603.0701754385965,inf,2352,all cumulative-window cuts are feasible,reachability_lower,0,12,0.0,361.8421052631579,-5.684341886080802e-14
2013-05-28,185,2,634.1,159.140625,1,558.3881578947368,inf,2352,all cumulative-window cuts are feasible,reachability_lower,0,12,0.0,335.03289473684214,5.684341886080802e-14
2013-05-28,185,3,634.1,165.546875,1,580.8662280701753,inf,2352,all cumulative-window cuts are feasible,reachability_lower,0,12,0.0,348.51973684210526,0.0
2013-05-28,185,4,634.1,165.703125,1,581.4144736842105,inf,2352,all cumulative-window cuts are feasible,reachability_lower,0,12,0.0,348.84868421052636,0.0
2013-05-28,185,5,634.1,136.953125,1,480.53728070175436,inf,2352,all cumulative-window cuts are feasible,reachability_lower,0,12,0.0,288.32236842105266,0.0
2013-05-28,185,6,634.1,167.65625,1,588.2675438596491,inf,2352,all cumulative-window cuts are feasible,reachability_lower,0,12,0.0,352.9605263157895,-5.684341886080802e-14
2013-05-28,185,7,634.1,175.9375,1,617.3245614035087,inf,2352,all cumulative-window cuts are feasible,reachability_lower,0,12,0.0,370.39473684210526,0.0
2013-05-28,185,8,634.1,166.171875,1,583.0592105263157,inf,2352,all cumulative-window cuts are feasible,reachability_lower,0,12,0.0,349.8355263157895,0.0
2013-05-28,185,9,634.1,169.609375,1,595.1206140350877,inf,2352,all cumulative-window cuts are feasible,reachability_lower,0,12,0.0,357.07236842105266,0.0
2013-05-29,186,0,634.1,121.640625,1,426.8092105263157,inf,2352,all cumulative-window cuts are feasible,reachability_lower,0,12,0.0,256.0855263157895,0.0
2013-05-29,186,1,634.1,128.828125,1,452.0285087719298,inf,2352,all cumulative-window cuts are feasible,reachability_lower,0,12,0.0,271.2171052631579,0.0
2013-05-29,186,2,634.1,135.703125,1,476.15131578947364,inf,2352,all cumulative-window cuts are feasible,reachability_lower,0,12,0.0,285.6907894736842,0.0
2013-05-29,186,3,634.1,122.109375,1,428.45394736842104,inf,2352,all cumulative-window cuts are feasible,reachability_lower,0,12,0.0,257.07236842105266,0.0
2013-05-29,186,4,634.1,122.5,1,429.8245614035087,inf,2352,all cumulative-window cuts are feasible,reachability_lower,0,12,0.0,257.89473684210526,0.0
2013-05-29,186,5,634.1,128.984375,1,452.5767543859649,inf,2352,all cumulative-window cuts are feasible,reachability_lower,0,12,0.0,271.54605263157896,0.0
2013-05-29,186,6,634.1,138.28125,1,485.1973684210526,inf,2352,all cumulative-window cuts are feasible,reachability_lower,0,12,0.0,291.1184210526316,0.0
2013-05-29,186,7,634.1,165.78125,1,581.688596491228,inf,2352,all cumulative-window cuts are feasible,reachability_lower,0,12,0.0,349.0131578947369,0.0
2013-05-29,186,8,634.1,132.890625,1,466.282894736842,inf,2352,all cumulative-window cuts are feasible,reachability_lower,0,12,0.0,279.76973684210526,0.0
2013-05-29,186,9,634.1,144.6875,1,507.6754385964912,inf,2352,all cumulative-window cuts are feasible,reachability_lower,0,12,0.0,304.60526315789474,0.0
2013-05-30,187,0,634.1,120.625,1,423.24561403508767,inf,2352,all cumulative-window cuts are feasible,reachability_lower,0,12,0.0,253.94736842105263,0.0
2013-05-30,187,1,634.1,132.96875,1,466.55701754385956,inf,2352,all cumulative-window cuts are feasible,reachability_lower,0,12,0.0,279.9342105263158,0.0
2013-05-30,187,2,634.1,124.21875,1,435.85526315789474,inf,2352,all cumulative-window cuts are feasible,reachability_lower,0,12,0.0,261.5131578947369,0.0
2013-05-30,187,3,634.1,132.578125,1,465.1864035087719,inf,2352,all cumulative-window cuts are feasible,reachability_lower,0,12,0.0,279.1118421052632,0.0
2013-05-30,187,4,634.1,119.296875,1,418.5855263157894,inf,2352,all cumulative-window cuts are feasible,reachability_lower,0,12,0.0,251.1513157894737,0.0
2013-05-30,187,5,634.1,115.0,1,403.5087719298245,inf,2352,all cumulative-window cuts are feasible,reachability_lower,0,12,0.0,242.10526315789474,0.0
2013-05-30,187,6,634.1,133.984375,1,470.12061403508767,inf,2352,all cumulative-window cuts are feasible,reachability_lower,0,12,0.0,282.07236842105266,0.0
2013-05-30,187,7,634.1,148.046875,1,519.4627192982456,inf,2352,all cumulative-window cuts are feasible,reachability_lower,0,12,0.0,311.6776315789474,0.0
2013-05-30,187,8,634.1,130.078125,1,456.4144736842104,inf,2352,all cumulative-window cuts are feasible,reachability_lower,0,12,0.0,273.8486842105263,0.0
2013-05-30,187,9,634.1,137.109375,1,481.0855263157894,inf,2352,all cumulative-window cuts are feasible,reachability_lower,0,12,0.0,288.6513157894737,0.0
2013-05-31,188,0,634.1,129.296875,1,453.673245614035,inf,2352,all cumulative-window cuts are feasible,reachability_lower,0,12,0.0,272.20394736842104,0.0
2013-05-31,188,1,634.1,128.4375,1,450.657894736842,inf,2352,all cumulative-window cuts are feasible,reachability_lower,0,12,0.0,270.39473684210526,0.0
2013-05-31,188,2,634.1,118.828125,1,416.94078947368416,inf,2352,all cumulative-window cuts are feasible,reachability_lower,0,12,0.0,250.16447368421055,0.0
2013-05-31,188,3,634.1,114.21875,1,400.7675438596491,inf,2352,all cumulative-window cuts are feasible,reachability_lower,0,12,0.0,240.46052631578948,0.0
2013-05-31,188,4,634.1,118.4375,1,415.5701754385965,inf,2352,all cumulative-window cuts are feasible,reachability_lower,0,12,0.0,249.34210526315792,0.0
2013-05-31,188,5,634.1,120.859375,1,424.0679824561403,inf,2352,all cumulative-window cuts are feasible,reachability_lower,0,12,0.0,254.44078947368422,-2.842170943040401e-14
2013-05-31,188,6,634.1,137.5,1,482.4561403508772,inf,2352,all cumulative-window cuts are feasible,reachability_lower,0,12,0.0,289.47368421052636,0.0
2013-05-31,188,7,634.1,143.28125,1,502.74122807017534,inf,2352,all cumulative-window cuts are feasible,reachability_lower,0,12,0.0,301.64473684210526,0.0
2013-05-31,188,8,634.1,127.03125,1,445.72368421052624,inf,2352,all cumulative-window cuts are feasible,reachability_lower,0,12,0.0,267.4342105263158,0.0
2013-05-31,188,9,634.1,124.296875,1,436.1293859649123,inf,2352,all cumulative-window cuts are feasible,reachability_lower,0,12,0.0,261.6776315789474,0.0
2013-06-01,189,0,634.1,173.75,1,609.6491228070174,inf,2352,all cumulative-window cuts are feasible,reachability_lower,0,12,0.0,365.7894736842105,0.0
2013-06-01,189,1,634.1,176.40625,1,618.969298245614,inf,2352,all cumulative-window cuts are feasible,reachability_lower,0,12,0.0,371.38157894736844,-5.684341886080802e-14
2013-06-01,189,2,634.1,183.4375,1,643.6403508771929,inf,2352,all cumulative-window cuts are feasible,reachability_lower,0,12,0.0,386.1842105263158,0.0
2013-06-01,189,3,634.1,170.15625,1,597.0394736842105,inf,2352,all cumulative-window cuts are feasible,reachability_lower,0,12,0.0,358.22368421052636,0.0
2013-06-01,189,4,634.1,170.9375,1,599.780701754386,inf,2352,all cumulative-window cuts are feasible,reachability_lower,0,12,0.0,359.8684210526316,0.0
2013-06-01,189,5,634.1,175.46875,1,615.6798245614035,inf,2352,all cumulative-window cuts are feasible,reachability_lower,0,12,0.0,369.40789473684214,0.0
2013-06-01,189,6,634.1,170.78125,1,599.2324561403508,inf,2352,all cumulative-window cuts are feasible,reachability_lower,0,12,0.0,359.5394736842105,0.0
2013-06-01,189,7,634.1,173.359375,1,608.2785087719298,inf,2352,all cumulative-window cuts are feasible,reachability_lower,0,12,0.0,364.9671052631579,0.0
2013-06-01,189,8,634.1,171.640625,1,602.2478070175439,inf,2352,all cumulative-window cuts are feasible,reachability_lower,0,12,0.0,361.34868421052636,-5.684341886080802e-14
2013-06-01,189,9,634.1,180.625,1,633.7719298245614,inf,2352,all cumulative-window cuts are feasible,reachability_lower,0,12,0.0,380.2631578947369,-5.684341886080802e-14
2013-06-02,190,0,634.1,180.3125,1,632.6754385964912,inf,2352,all cumulative-window cuts are feasible,reachability_lower,0,12,0.0,379.60526315789474,0.0
2013-06-02,190,1,634.1,170.46875,1,598.1359649122807,inf,2352,all cumulative-window cuts are feasible,reachability_lower,0,12,0.0,358.88157894736844,0.0
2013-06-02,190,2,634.1,181.25,1,635.9649122807017,inf,2352,all cumulative-window cuts are feasible,reachability_lower,0,12,0.0,381.5789473684211,0.0
2013-06-02,190,3,634.1,173.28125,1,608.0043859649122,inf,2352,all cumulative-window cuts are feasible,reachability_lower,0,12,0.0,364.8026315789474,0.0
2013-06-02,190,4,634.1,164.921875,1,578.673245614035,inf,2352,all cumulative-window cuts are feasible,reachability_lower,0,12,0.0,347.20394736842104,0.0
2013-06-02,190,5,634.1,170.390625,1,597.8618421052631,inf,2352,all cumulative-window cuts are feasible,reachability_lower,0,12,0.0,358.7171052631579,0.0
2013-06-02,190,6,634.1,166.328125,1,583.6074561403508,inf,2352,all cumulative-window cuts are feasible,reachability_lower,0,12,0.0,350.1644736842105,0.0
2013-06-02,190,7,634.1,183.046875,1,642.2697368421052,inf,2352,all cumulative-window cuts are feasible,reachability_lower,0,12,0.0,385.3618421052632,0.0
2013-06-02,190,8,634.1,175.3125,1,615.1315789473684,inf,2352,all cumulative-window cuts are feasible,reachability_lower,0,12,0.0,369.0789473684211,0.0
2013-06-02,190,9,634.1,175.703125,1,616.5021929824561,inf,2352,all cumulative-window cuts are feasible,reachability_lower,0,12,0.0,369.9013157894737,0.0
2013-06-03,191,0,634.1,119.140625,1,418.0372807017543,inf,2352,all cumulative-window cuts are feasible,reachability_lower,0,12,0.0,250.82236842105263,0.0
2013-06-03,191,1,634.1,142.34375,1,499.4517543859649,inf,2352,all cumulative-window cuts are feasible,reachability_lower,0,12,0.0,299.67105263157896,0.0
2013-06-03,191,2,634.1,124.6875,1,437.49999999999994,inf,2352,all cumulative-window cuts are feasible,reachability_lower,0,12,0.0,262.5,0.0
2013-06-03,191,3,634.1,156.71875,1,549.8903508771929,inf,2352,all cumulative-window cuts are feasible,reachability_lower,0,12,0.0,329.9342105263158,0.0
2013-06-03,191,4,634.1,143.125,1,502.19298245614027,inf,2352,all cumulative-window cuts are feasible,reachability_lower,0,12,0.0,301.3157894736842,0.0
2013-06-03,191,5,634.1,141.953125,1,498.0811403508772,inf,2352,all cumulative-window cuts are feasible,reachability_lower,0,12,0.0,298.84868421052636,0.0
2013-06-03,191,6,634.1,142.265625,1,499.17763157894734,inf,2352,all cumulative-window cuts are feasible,reachability_lower,0,12,0.0,299.50657894736844,0.0
2013-06-03,191,7,634.1,172.734375,1,606.0855263157894,inf,2352,all cumulative-window cuts are feasible,reachability_lower,0,12,0.0,363.6513157894737,0.0
2013-06-03,191,8,634.1,149.765625,1,525.4934210526316,inf,2352,all cumulative-window cuts are feasible,reachability_lower,0,12,0.0,315.29605263157896,0.0
2013-06-03,191,9,634.1,155.3125,1,544.9561403508771,inf,2352,all cumulative-window cuts are feasible,reachability_lower,0,12,0.0,326.97368421052636,0.0
2013-06-04,192,0,634.1,115.15625,1,404.0570175438596,inf,2352,all cumulative-window cuts are feasible,reachability_lower,0,12,0.0,242.4342105263158,0.0
2013-06-04,192,1,634.1,115.234375,1,404.33114035087715,inf,2352,all cumulative-window cuts are feasible,reachability_lower,0,12,0.0,242.59868421052633,0.0
2013-06-04,192,2,634.1,116.40625,1,408.4429824561403,inf,2352,all cumulative-window cuts are feasible,reachability_lower,0,12,0.0,245.06578947368422,0.0
2013-06-04,192,3,634.1,130.46875,1,457.7850877192982,inf,2352,all cumulative-window cuts are feasible,reachability_lower,0,12,0.0,274.67105263157896,0.0
2013-06-04,192,4,634.1,167.734375,1,588.5416666666666,inf,2352,all cumulative-window cuts are feasible,reachability_lower,0,12,0.0,353.125,-5.684341886080802e-14
2013-06-04,192,5,634.1,116.328125,1,408.1688596491228,inf,2352,all cumulative-window cuts are feasible,reachability_lower,0,12,0.0,244.9013157894737,0.0
2013-06-04,192,6,634.1,126.328125,1,443.2565789473683,inf,2352,all cumulative-window cuts are feasible,reachability_lower,0,12,0.0,265.95394736842104,0.0
2013-06-04,192,7,634.1,160.546875,1,563.3223684210526,inf,2352,all cumulative-window cuts are feasible,reachability_lower,0,12,0.0,337.9934210526316,0.0
2013-06-04,192,8,634.1,130.78125,1,458.8815789473683,inf,2352,all cumulative-window cuts are feasible,reachability_lower,0,12,0.0,275.32894736842104,0.0
2013-06-04,192,9,634.1,133.515625,1,468.4758771929824,inf,2352,all cumulative-window cuts are feasible,reachability_lower,0,12,0.0,281.0855263157895,0.0
2013-06-05,193,0,634.1,146.015625,1,512.3355263157894,inf,2352,all cumulative-window cuts are feasible,reachability_lower,0,12,0.0,307.4013157894737,5.684341886080802e-14
2013-06-05,193,1,634.1,144.0625,1,505.4824561403508,inf,2352,all cumulative-window cuts are feasible,reachability_lower,0,12,0.0,303.2894736842105,0.0
2013-06-05,193,2,634.1,141.171875,1,495.33991228070164,inf,2352,all cumulative-window cuts are feasible,reachability_lower,0,12,0.0,297.20394736842104,0.0
2013-06-05,193,3,634.1,181.484375,1,636.7872807017543,inf,2352,all cumulative-window cuts are feasible,reachability_lower,0,12,0.0,382.07236842105266,0.0
2013-06-05,193,4,634.1,141.484375,1,496.4364035087719,inf,2352,all cumulative-window cuts are feasible,reachability_lower,0,12,0.0,297.8618421052632,0.0
2013-06-05,193,5,634.1,164.609375,1,577.5767543859648,inf,2352,all cumulative-window cuts are feasible,reachability_lower,0,12,0.0,346.54605263157896,0.0
2013-06-05,193,6,634.1,167.5,1,587.719298245614,inf,2352,all cumulative-window cuts are feasible,reachability_lower,0,12,0.0,352.63157894736844,-5.684341886080802e-14
2013-06-05,193,7,634.1,166.40625,1,583.8815789473683,inf,2352,all cumulative-window cuts are feasible,reachability_lower,0,12,0.0,350.32894736842104,0.0
2013-06-05,193,8,634.1,155.078125,1,544.1337719298244,inf,2352,all cumulative-window cuts are feasible,reachability_lower,0,12,0.0,326.48026315789474,5.684341886080802e-14
2013-06-05,193,9,634.1,164.765625,1,578.1249999999999,inf,2352,all cumulative-window cuts are feasible,reachability_lower,0,12,0.0,346.875,0.0
2013-06-06,194,0,634.1,168.515625,1,591.282894736842,inf,2352,all cumulative-window cuts are feasible,reachability_lower,0,12,0.0,354.76973684210526,0.0
2013-06-06,194,1,634.1,167.34375,1,587.171052631579,inf,2352,all cumulative-window cuts are feasible,reachability_lower,0,12,0.0,352.3026315789474,-5.684341886080802e-14
2013-06-06,194,2,634.1,173.515625,1,608.8267543859648,inf,2352,all cumulative-window cuts are feasible,reachability_lower,0,12,0.0,365.29605263157896,0.0
2013-06-06,194,3,634.1,168.046875,1,589.6381578947368,inf,2352,all cumulative-window cuts are feasible,reachability_lower,0,12,0.0,353.78289473684214,0.0
2013-06-06,194,4,634.1,171.875,1,603.0701754385965,inf,2352,all cumulative-window cuts are feasible,reachability_lower,0,12,0.0,361.8421052631579,-5.684341886080802e-14
2013-06-06,194,5,634.1,165.0,1,578.9473684210526,inf,2352,all cumulative-window cuts are feasible,reachability_lower,0,12,0.0,347.3684210526316,0.0
2013-06-06,194,6,634.1,166.796875,1,585.2521929824561,inf,2352,all cumulative-window cuts are feasible,reachability_lower,0,12,0.0,351.1513157894737,0.0
2013-06-06,194,7,634.1,183.359375,1,643.3662280701753,inf,2352,all cumulative-window cuts are feasible,reachability_lower,0,12,0.0,386.01973684210526,0.0
2013-06-06,194,8,634.1,168.4375,1,591.0087719298244,inf,2352,all cumulative-window cuts are feasible,reachability_lower,0,12,0.0,354.60526315789474,0.0
2013-06-06,194,9,634.1,171.484375,1,601.6995614035087,inf,2352,all cumulative-window cuts are feasible,reachability_lower,0,12,0.0,361.01973684210526,0.0
2013-06-07,195,0,634.1,170.859375,1,599.5065789473684,inf,2352,all cumulative-window cuts are feasible,reachability_lower,0,12,0.0,359.7039473684211,0.0
2013-06-07,195,1,634.1,171.09375,1,600.328947368421,inf,2352,all cumulative-window cuts are feasible,reachability_lower,0,12,0.0,360.19736842105266,0.0
2013-06-07,195,2,634.1,175.46875,1,615.6798245614035,inf,2352,all cumulative-window cuts are feasible,reachability_lower,0,12,0.0,369.40789473684214,0.0
2013-06-07,195,3,634.1,171.484375,1,601.6995614035087,inf,2352,all cumulative-window cuts are feasible,reachability_lower,0,12,0.0,361.01973684210526,0.0
2013-06-07,195,4,634.1,167.34375,1,587.171052631579,inf,2352,all cumulative-window cuts are feasible,reachability_lower,0,12,0.0,352.3026315789474,-5.684341886080802e-14
2013-06-07,195,5,634.1,162.109375,1,568.8048245614035,inf,2352,all cumulative-window cuts are feasible,reachability_lower,0,12,0.0,341.28289473684214,0.0
2013-06-07,195,6,634.1,165.703125,1,581.4144736842105,inf,2352,all cumulative-window cuts are feasible,reachability_lower,0,12,0.0,348.84868421052636,0.0
2013-06-07,195,7,634.1,177.109375,1,621.4364035087718,inf,2352,all cumulative-window cuts are feasible,reachability_lower,0,12,0.0,372.8618421052632,0.0
2013-06-07,195,8,634.1,168.671875,1,591.8311403508771,inf,2352,all cumulative-window cuts are feasible,reachability_lower,0,12,0.0,355.09868421052636,0.0
2013-06-07,195,9,634.1,184.296875,1,646.655701754386,inf,2352,all cumulative-window cuts are feasible,reachability_lower,0,12,0.0,387.9934210526316,0.0
2013-06-08,196,0,634.1,154.765625,1,543.0372807017543,inf,2352,all cumulative-window cuts are feasible,reachability_lower,0,12,0.0,325.82236842105266,5.684341886080802e-14
2013-06-08,196,1,634.1,165.78125,1,581.688596491228,inf,2352,all cumulative-window cuts are feasible,reachability_lower,0,12,0.0,349.0131578947369,0.0
2013-06-08,196,2,634.1,186.953125,1,655.9758771929824,inf,2352,all cumulative-window cuts are feasible,reachability_lower,0,12,0.0,393.5855263157895,0.0
2013-06-08,196,3,634.1,168.828125,1,592.3793859649122,inf,2352,all cumulative-window cuts are feasible,reachability_lower,0,12,0.0,355.4276315789474,0.0
2013-06-08,196,4,634.1,169.21875,1,593.7499999999999,inf,2352,all cumulative-window cuts are feasible,reachability_lower,0,12,0.0,356.25,0.0
2013-06-08,196,5,634.1,162.8125,1,571.2719298245614,inf,2352,all cumulative-window cuts are feasible,reachability_lower,0,12,0.0,342.7631578947369,0.0
2013-06-08,196,6,634.1,166.328125,1,583.6074561403508,inf,2352,all cumulative-window cuts are feasible,reachability_lower,0,12,0.0,350.1644736842105,0.0
2013-06-08,196,7,634.1,181.640625,1,637.3355263157894,inf,2352,all cumulative-window cuts are feasible,reachability_lower,0,12,0.0,382.4013157894737,0.0
2013-06-08,196,8,634.1,167.5,1,587.719298245614,inf,2352,all cumulative-window cuts are feasible,reachability_lower,0,12,0.0,352.63157894736844,-5.684341886080802e-14
2013-06-08,196,9,634.1,184.453125,1,647.203947368421,inf,2352,all cumulative-window cuts are feasible,reachability_lower,0,12,0.0,388.32236842105266,0.0
2013-06-09,197,0,634.1,173.984375,1,610.4714912280701,inf,2352,all cumulative-window cuts are feasible,reachability_lower,0,12,0.0,366.28289473684214,0.0
2013-06-09,197,1,634.1,165.0,1,578.9473684210526,inf,2352,all cumulative-window cuts are feasible,reachability_lower,0,12,0.0,347.3684210526316,0.0
2013-06-09,197,2,634.1,178.984375,1,628.0153508771929,inf,2352,all cumulative-window cuts are feasible,reachability_lower,0,12,0.0,376.8092105263158,0.0
2013-06-09,197,3,634.1,172.03125,1,603.6184210526316,inf,2352,all cumulative-window cuts are feasible,reachability_lower,0,12,0.0,362.17105263157896,-5.684341886080802e-14
2013-06-09,197,4,634.1,167.34375,1,587.171052631579,inf,2352,all cumulative-window cuts are feasible,reachability_lower,0,12,0.0,352.3026315789474,-5.684341886080802e-14
2013-06-09,197,5,634.1,155.46875,1,545.5043859649122,inf,2352,all cumulative-window cuts are feasible,reachability_lower,0,12,0.0,327.3026315789474,0.0
2013-06-09,197,6,634.1,172.890625,1,606.6337719298244,inf,2352,all cumulative-window cuts are feasible,reachability_lower,0,12,0.0,363.98026315789474,0.0
2013-06-09,197,7,634.1,179.21875,1,628.8377192982456,inf,2352,all cumulative-window cuts are feasible,reachability_lower,0,12,0.0,377.3026315789474,0.0
2013-06-09,197,8,634.1,169.6875,1,595.3947368421052,inf,2352,all cumulative-window cuts are feasible,reachability_lower,0,12,0.0,357.2368421052632,0.0
2013-06-09,197,9,634.1,172.03125,1,603.6184210526316,inf,2352,all cumulative-window cuts are feasible,reachability_lower,0,12,0.0,362.17105263157896,-5.684341886080802e-14
2013-06-10,198,0,634.1,172.1875,1,604.1666666666666,inf,2352,all cumulative-window cuts are feasible,reachability_lower,0,12,0.0,362.5,-5.684341886080802e-14
2013-06-10,198,1,634.1,171.640625,1,602.2478070175439,inf,2352,all cumulative-window cuts are feasible,reachability_lower,0,12,0.0,361.34868421052636,-5.684341886080802e-14
2013-06-10,198,2,634.1,181.71875,1,637.6096491228069,inf,2352,all cumulative-window cuts are feasible,reachability_lower,0,12,0.0,382.5657894736842,0.0
2013-06-10,198,3,634.1,171.953125,1,603.344298245614,inf,2352,all cumulative-window cuts are feasible,reachability_lower,0,12,0.0,362.00657894736844,-5.684341886080802e-14
2013-06-10,198,4,634.1,165.859375,1,581.9627192982456,inf,2352,all cumulative-window cuts are feasible,reachability_lower,0,12,0.0,349.1776315789474,0.0
2013-06-10,198,5,634.1,167.5,1,587.719298245614,inf,2352,all cumulative-window cuts are feasible,reachability_lower,0,12,0.0,352.63157894736844,-5.684341886080802e-14
2013-06-10,198,6,634.1,170.703125,1,598.9583333333333,inf,2352,all cumulative-window cuts are feasible,reachability_lower,0,12,0.0,359.375,0.0
2013-06-10,198,7,634.1,182.34375,1,639.8026315789473,inf,2352,all cumulative-window cuts are feasible,reachability_lower,0,12,0.0,383.88157894736844,0.0
2013-06-10,198,8,634.1,171.796875,1,602.796052631579,inf,2352,all cumulative-window cuts are feasible,reachability_lower,0,12,0.0,361.6776315789474,-5.684341886080802e-14
2013-06-10,198,9,634.1,174.6875,1,612.938596491228,inf,2352,all cumulative-window cuts are feasible,reachability_lower,0,12,0.0,367.7631578947369,0.0
2013-06-11,199,0,634.1,127.109375,1,445.9978070175438,inf,2352,all cumulative-window cuts are feasible,reachability_lower,0,12,0.0,267.5986842105263,0.0
2013-06-11,199,1,634.1,126.015625,1,442.1600877192982,inf,2352,all cumulative-window cuts are feasible,reachability_lower,0,12,0.0,265.29605263157896,0.0
2013-06-11,199,2,634.1,120.546875,1,422.97149122807014,inf,2352,all cumulative-window cuts are feasible,reachability_lower,0,12,0.0,253.7828947368421,0.0
2013-06-11,199,3,634.1,125.546875,1,440.51535087719293,inf,2352,all cumulative-window cuts are feasible,reachability_lower,0,12,0.0,264.3092105263158,0.0
2013-06-11,199,4,634.1,137.265625,1,481.6337719298245,inf,2352,all cumulative-window cuts are feasible,reachability_lower,0,12,0.0,288.98026315789474,0.0
2013-06-11,199,5,634.1,113.046875,1,396.6557017543859,inf,2352,all cumulative-window cuts are feasible,reachability_lower,0,12,0.0,237.9934210526316,0.0
2013-06-11,199,6,634.1,141.015625,1,494.7916666666666,inf,2352,all cumulative-window cuts are feasible,reachability_lower,0,12,0.0,296.875,0.0
2013-06-11,199,7,634.1,140.78125,1,493.96929824561397,inf,2352,all cumulative-window cuts are feasible,reachability_lower,0,12,0.0,296.38157894736844,0.0
2013-06-11,199,8,634.1,128.90625,1,452.30263157894734,inf,2352,all cumulative-window cuts are feasible,reachability_lower,0,12,0.0,271.38157894736844,0.0
2013-06-11,199,9,634.1,142.65625,1,500.548245614035,inf,2352,all cumulative-window cuts are feasible,reachability_lower,0,12,0.0,300.32894736842104,0.0
2013-06-12,200,0,634.1,187.03125,1,656.2499999999999,inf,2352,all cumulative-window cuts are feasible,reachability_lower,0,12,0.0,393.75,0.0
2013-06-12,200,1,634.1,180.78125,1,634.3201754385965,inf,2352,all cumulative-window cuts are feasible,reachability_lower,0,12,0.0,380.5921052631579,-5.684341886080802e-14
2013-06-12,200,2,634.1,177.421875,1,622.532894736842,inf,2352,all cumulative-window cuts are feasible,reachability_lower,0,12,0.0,373.51973684210526,0.0
2013-06-12,200,3,634.1,170.78125,1,599.2324561403508,inf,2352,all cumulative-window cuts are feasible,reachability_lower,0,12,0.0,359.5394736842105,0.0
2013-06-12,200,4,634.1,171.640625,1,602.2478070175439,inf,2352,all cumulative-window cuts are feasible,reachability_lower,0,12,0.0,361.34868421052636,-5.684341886080802e-14
2013-06-12,200,5,634.1,168.984375,1,592.9276315789473,inf,2352,all cumulative-window cuts are feasible,reachability_lower,0,12,0.0,355.75657894736844,0.0
2013-06-12,200,6,634.1,168.359375,1,590.7346491228069,inf,2352,all cumulative-window cuts are feasible,reachability_lower,0,12,0.0,354.4407894736842,0.0
2013-06-12,200,7,634.1,180.546875,1,633.4978070175439,inf,2352,all cumulative-window cuts are feasible,reachability_lower,0,12,0.0,380.09868421052636,-5.684341886080802e-14
2013-06-12,200,8,634.1,170.9375,1,599.780701754386,inf,2352,all cumulative-window cuts are feasible,reachability_lower,0,12,0.0,359.8684210526316,0.0
2013-06-12,200,9,634.1,175.234375,1,614.8574561403508,inf,2352,all cumulative-window cuts are feasible,reachability_lower,0,12,0.0,368.9144736842105,0.0
2013-06-13,201,0,634.1,131.796875,1,462.44517543859644,inf,2352,all cumulative-window cuts are feasible,reachability_lower,0,12,0.0,277.4671052631579,0.0
2013-06-13,201,1,634.1,129.375,1,453.9473684210526,inf,2352,all cumulative-window cuts are feasible,reachability_lower,0,12,0.0,272.3684210526316,0.0
2013-06-13,201,2,634.1,147.109375,1,516.173245614035,inf,2352,all cumulative-window cuts are feasible,reachability_lower,0,12,0.0,309.70394736842104,0.0
2013-06-13,201,3,634.1,138.4375,1,485.74561403508767,inf,2352,all cumulative-window cuts are feasible,reachability_lower,0,12,0.0,291.44736842105266,0.0
2013-06-13,201,4,634.1,139.6875,1,490.1315789473683,inf,2352,all cumulative-window cuts are feasible,reachability_lower,0,12,0.0,294.07894736842104,0.0
2013-06-13,201,5,634.1,133.4375,1,468.2017543859649,inf,2352,all cumulative-window cuts are feasible,reachability_lower,0,12,0.0,280.92105263157896,0.0
2013-06-13,201,6,634.1,144.375,1,506.57894736842104,inf,2352,all cumulative-window cuts are feasible,reachability_lower,0,12,0.0,303.94736842105266,0.0
2013-06-13,201,7,634.1,133.28125,1,467.6535087719298,inf,2352,all cumulative-window cuts are feasible,reachability_lower,0,12,0.0,280.5921052631579,0.0
2013-06-13,201,8,634.1,130.625,1,458.33333333333326,inf,2352,all cumulative-window cuts are feasible,reachability_lower,0,12,0.0,275.0,0.0
2013-06-13,201,9,634.1,138.28125,1,485.1973684210526,inf,2352,all cumulative-window cuts are feasible,reachability_lower,0,12,0.0,291.1184210526316,0.0
2013-06-14,202,0,634.1,117.890625,1,413.65131578947364,inf,2352,all cumulative-window cuts are feasible,reachability_lower,0,12,0.0,248.19078947368422,0.0
2013-06-14,202,1,634.1,139.140625,1,488.2127192982456,inf,2352,all cumulative-window cuts are feasible,reachability_lower,0,12,0.0,292.9276315789474,0.0
2013-06-14,202,2,634.1,143.046875,1,501.91885964912274,inf,2352,all cumulative-window cuts are feasible,reachability_lower,0,12,0.0,301.1513157894737,0.0
2013-06-14,202,3,634.1,131.875,1,462.71929824561397,inf,2352,all cumulative-window cuts are feasible,reachability_lower,0,12,0.0,277.63157894736844,0.0
2013-06-14,202,4,634.1,146.25,1,513.157894736842,inf,2352,all cumulative-window cuts are feasible,reachability_lower,0,12,0.0,307.89473684210526,5.684341886080802e-14
2013-06-14,202,5,634.1,143.984375,1,505.20833333333326,inf,2352,all cumulative-window cuts are feasible,reachability_lower,0,12,0.0,303.125,0.0
2013-06-14,202,6,634.1,141.796875,1,497.532894736842,inf,2352,all cumulative-window cuts are feasible,reachability_lower,0,12,0.0,298.51973684210526,0.0
2013-06-14,202,7,634.1,163.28125,1,572.9166666666666,inf,2352,all cumulative-window cuts are feasible,reachability_lower,0,12,0.0,343.75,0.0
2013-06-14,202,8,634.1,134.453125,1,471.7653508771929,inf,2352,all cumulative-window cuts are feasible,reachability_lower,0,12,0.0,283.0592105263158,0.0
2013-06-14,202,9,634.1,153.90625,1,540.0219298245614,inf,2352,all cumulative-window cuts are feasible,reachability_lower,0,12,0.0,324.0131578947369,0.0
2013-06-15,203,0,634.1,166.640625,1,584.703947368421,inf,2352,all cumulative-window cuts are feasible,reachability_lower,0,12,0.0,350.82236842105266,0.0
2013-06-15,203,1,634.1,169.921875,1,596.2171052631578,inf,2352,all cumulative-window cuts are feasible,reachability_lower,0,12,0.0,357.73026315789474,0.0
2013-06-15,203,2,634.1,166.5625,1,584.4298245614035,inf,2352,all cumulative-window cuts are feasible,reachability_lower,0,12,0.0,350.65789473684214,0.0
2013-06-15,203,3,634.1,177.1875,1,621.7105263157894,inf,2352,all cumulative-window cuts are feasible,reachability_lower,0,12,0.0,373.0263157894737,0.0
2013-06-15,203,4,634.1,171.484375,1,601.6995614035087,inf,2352,all cumulative-window cuts are feasible,reachability_lower,0,12,0.0,361.01973684210526,0.0
2013-06-15,203,5,634.1,174.21875,1,611.2938596491227,inf,2352,all cumulative-window cuts are feasible,reachability_lower,0,12,0.0,366.7763157894737,0.0
2013-06-15,203,6,634.1,176.40625,1,618.969298245614,inf,2352,all cumulative-window cuts are feasible,reachability_lower,0,12,0.0,371.38157894736844,-5.684341886080802e-14
2013-06-15,203,7,634.1,185.078125,1,649.3969298245613,inf,2352,all cumulative-window cuts are feasible,reachability_lower,0,12,0.0,389.6381578947369,5.684341886080802e-14
2013-06-15,203,8,634.1,166.5625,1,584.4298245614035,inf,2352,all cumulative-window cuts are feasible,reachability_lower,0,12,0.0,350.65789473684214,0.0
2013-06-15,203,9,634.1,167.578125,1,587.9934210526316,inf,2352,all cumulative-window cuts are feasible,reachability_lower,0,12,0.0,352.79605263157896,-5.684341886080802e-14
2013-06-16,204,0,634.1,145.15625,1,509.32017543859644,inf,2352,all cumulative-window cuts are feasible,reachability_lower,0,12,0.0,305.5921052631579,0.0
2013-06-16,204,1,634.1,167.421875,1,587.4451754385965,inf,2352,all cumulative-window cuts are feasible,reachability_lower,0,12,0.0,352.4671052631579,-5.684341886080802e-14
2013-06-16,204,2,634.1,152.578125,1,535.3618421052631,inf,2352,all cumulative-window cuts are feasible,reachability_lower,0,12,0.0,321.2171052631579,0.0
2013-06-16,204,3,634.1,150.9375,1,529.6052631578947,inf,2352,all cumulative-window cuts are feasible,reachability_lower,0,12,0.0,317.7631578947369,0.0
2013-06-16,204,4,634.1,165.546875,1,580.8662280701753,inf,2352,all cumulative-window cuts are feasible,reachability_lower,0,12,0.0,348.51973684210526,0.0
2013-06-16,204,5,634.1,135.9375,1,476.97368421052624,inf,2352,all cumulative-window cuts are feasible,reachability_lower,0,12,0.0,286.1842105263158,0.0
2013-06-16,204,6,634.1,154.84375,1,543.3114035087718,inf,2352,all cumulative-window cuts are feasible,reachability_lower,0,12,0.0,325.9868421052632,5.684341886080802e-14
2013-06-16,204,7,634.1,175.703125,1,616.5021929824561,inf,2352,all cumulative-window cuts are feasible,reachability_lower,0,12,0.0,369.9013157894737,0.0
2013-06-16,204,8,634.1,168.671875,1,591.8311403508771,inf,2352,all cumulative-window cuts are feasible,reachability_lower,0,12,0.0,355.09868421052636,0.0
2013-06-16,204,9,634.1,175.859375,1,617.0504385964912,inf,2352,all cumulative-window cuts are feasible,reachability_lower,0,12,0.0,370.23026315789474,0.0
2013-06-17,205,0,634.1,151.5625,1,531.798245614035,inf,2352,all cumulative-window cuts are feasible,reachability_lower,0,12,0.0,319.07894736842104,0.0
2013-06-17,205,1,634.1,171.25,1,600.8771929824561,inf,2352,all cumulative-window cuts are feasible,reachability_lower,0,12,0.0,360.5263157894737,0.0
2013-06-17,205,2,634.1,154.84375,1,543.3114035087718,inf,2352,all cumulative-window cuts are feasible,reachability_lower,0,12,0.0,325.9868421052632,5.684341886080802e-14
2013-06-17,205,3,634.1,174.765625,1,613.2127192982456,inf,2352,all cumulative-window cuts are feasible,reachability_lower,0,12,0.0,367.9276315789474,0.0
2013-06-17,205,4,634.1,163.671875,1,574.2872807017543,inf,2352,all cumulative-window cuts are feasible,reachability_lower,0,12,0.0,344.57236842105266,5.684341886080802e-14
2013-06-17,205,5,634.1,153.75,1,539.4736842105262,inf,2352,all cumulative-window cuts are feasible,reachability_lower,0,12,0.0,323.6842105263158,0.0
2013-06-17,205,6,634.1,171.953125,1,603.344298245614,inf,2352,all cumulative-window cuts are feasible,reachability_lower,0,12,0.0,362.00657894736844,-5.684341886080802e-14
2013-06-17,205,7,634.1,183.671875,1,644.4627192982456,inf,2352,all cumulative-window cuts are feasible,reachability_lower,0,12,0.0,386.6776315789474,0.0
2013-06-17,205,8,634.1,148.59375,1,521.3815789473683,inf,2352,all cumulative-window cuts are feasible,reachability_lower,0,12,0.0,312.82894736842104,0.0
2013-06-17,205,9,634.1,179.375,1,629.3859649122807,inf,2352,all cumulative-window cuts are feasible,reachability_lower,0,12,0.0,377.63157894736844,0.0
2013-06-18,206,0,634.1,129.296875,1,453.673245614035,inf,2352,all cumulative-window cuts are feasible,reachability_lower,0,12,0.0,272.20394736842104,0.0
2013-06-18,206,1,634.1,124.765625,1,437.7741228070175,inf,2352,all cumulative-window cuts are feasible,reachability_lower,0,12,0.0,262.6644736842105,0.0
2013-06-18,206,2,634.1,127.421875,1,447.094298245614,inf,2352,all cumulative-window cuts are feasible,reachability_lower,0,12,0.0,268.25657894736844,0.0
2013-06-18,206,3,634.1,138.90625,1,487.3903508771929,inf,2352,all cumulative-window cuts are feasible,reachability_lower,0,12,0.0,292.4342105263158,0.0
2013-06-18,206,4,634.1,130.625,1,458.33333333333326,inf,2352,all cumulative-window cuts are feasible,reachability_lower,0,12,0.0,275.0,0.0
2013-06-18,206,5,634.1,101.71875,1,356.907894736842,inf,2352,all cumulative-window cuts are feasible,reachability_lower,0,12,0.0,214.14473684210526,0.0
2013-06-18,206,6,634.1,135.3125,1,474.780701754386,inf,2352,all cumulative-window cuts are feasible,reachability_lower,0,12,0.0,284.8684210526316,0.0
2013-06-18,206,7,634.1,154.296875,1,541.3925438596491,inf,2352,all cumulative-window cuts are feasible,reachability_lower,0,12,0.0,324.8355263157895,0.0
2013-06-18,206,8,634.1,129.21875,1,453.3991228070175,inf,2352,all cumulative-window cuts are feasible,reachability_lower,0,12,0.0,272.0394736842105,0.0
2013-06-18,206,9,634.1,166.484375,1,584.155701754386,inf,2352,all cumulative-window cuts are feasible,reachability_lower,0,12,0.0,350.4934210526316,0.0
2013-06-19,207,0,634.1,175.859375,1,617.0504385964912,inf,2352,all cumulative-window cuts are feasible,reachability_lower,0,12,0.0,370.23026315789474,0.0
2013-06-19,207,1,634.1,171.71875,1,602.5219298245614,inf,2352,all cumulative-window cuts are feasible,reachability_lower,0,12,0.0,361.5131578947369,-5.684341886080802e-14
2013-06-19,207,2,634.1,170.15625,1,597.0394736842105,inf,2352,all cumulative-window cuts are feasible,reachability_lower,0,12,0.0,358.22368421052636,0.0
2013-06-19,207,3,634.1,179.84375,1,631.030701754386,inf,2352,all cumulative-window cuts are feasible,reachability_lower,0,12,0.0,378.6184210526316,0.0
2013-06-19,207,4,634.1,165.625,1,581.1403508771929,inf,2352,all cumulative-window cuts are feasible,reachability_lower,0,12,0.0,348.6842105263158,0.0
2013-06-19,207,5,634.1,157.65625,1,553.1798245614035,inf,2352,all cumulative-window cuts are feasible,reachability_lower,0,12,0.0,331.90789473684214,0.0
2013-06-19,207,6,634.1,163.046875,1,572.094298245614,inf,2352,all cumulative-window cuts are feasible,reachability_lower,0,12,0.0,343.25657894736844,0.0
2013-06-19,207,7,634.1,186.875,1,655.7017543859648,inf,2352,all cumulative-window cuts are feasible,reachability_lower,0,12,0.0,393.42105263157896,0.0
2013-06-19,207,8,634.1,170.0,1,596.4912280701753,inf,2352,all cumulative-window cuts are feasible,reachability_lower,0,12,0.0,357.89473684210526,0.0
2013-06-19,207,9,634.1,171.328125,1,601.1513157894736,inf,2352,all cumulative-window cuts are feasible,reachability_lower,0,12,0.0,360.6907894736842,0.0
2013-06-20,208,0,634.1,165.0,1,578.9473684210526,inf,2352,all cumulative-window cuts are feasible,reachability_lower,0,12,0.0,347.3684210526316,0.0
2013-06-20,208,1,634.1,177.109375,1,621.4364035087718,inf,2352,all cumulative-window cuts are feasible,reachability_lower,0,12,0.0,372.8618421052632,0.0
2013-06-20,208,2,634.1,169.765625,1,595.6688596491227,inf,2352,all cumulative-window cuts are feasible,reachability_lower,0,12,0.0,357.4013157894737,0.0
2013-06-20,208,3,634.1,184.21875,1,646.3815789473684,inf,2352,all cumulative-window cuts are feasible,reachability_lower,0,12,0.0,387.8289473684211,0.0
2013-06-20,208,4,634.1,174.453125,1,612.1162280701753,inf,2352,all cumulative-window cuts are feasible,reachability_lower,0,12,0.0,367.26973684210526,0.0
2013-06-20,208,5,634.1,162.421875,1,569.9013157894736,inf,2352,all cumulative-window cuts are feasible,reachability_lower,0,12,0.0,341.9407894736842,0.0
2013-06-20,208,6,634.1,173.984375,1,610.4714912280701,inf,2352,all cumulative-window cuts are feasible,reachability_lower,0,12,0.0,366.28289473684214,0.0
2013-06-20,208,7,634.1,192.578125,1,675.7127192982456,inf,2352,all cumulative-window cuts are feasible,reachability_lower,0,12,0.0,405.4276315789474,0.0
2013-06-20,208,8,634.1,169.765625,1,595.6688596491227,inf,2352,all cumulative-window cuts are feasible,reachability_lower,0,12,0.0,357.4013157894737,0.0
2013-06-20,208,9,634.1,176.875,1,620.6140350877192,inf,2352,all cumulative-window cuts are feasible,reachability_lower,0,12,0.0,372.3684210526316,0.0
2013-06-21,209,0,634.1,163.125,1,572.3684210526316,inf,2352,all cumulative-window cuts are feasible,reachability_lower,0,12,0.0,343.42105263157896,0.0
2013-06-21,209,1,634.1,167.8125,1,588.8157894736842,inf,2352,all cumulative-window cuts are feasible,reachability_lower,0,12,0.0,353.2894736842105,-5.684341886080802e-14
2013-06-21,209,2,634.1,165.78125,1,581.688596491228,inf,2352,all cumulative-window cuts are feasible,reachability_lower,0,12,0.0,349.0131578947369,0.0
2013-06-21,209,3,634.1,180.234375,1,632.4013157894736,inf,2352,all cumulative-window cuts are feasible,reachability_lower,0,12,0.0,379.4407894736842,0.0
2013-06-21,209,4,634.1,167.1875,1,586.6228070175439,inf,2352,all cumulative-window cuts are feasible,reachability_lower,0,12,0.0,351.97368421052636,-5.684341886080802e-14
2013-06-21,209,5,634.1,167.65625,1,588.2675438596491,inf,2352,all cumulative-window cuts are feasible,reachability_lower,0,12,0.0,352.9605263157895,-5.684341886080802e-14
2013-06-21,209,6,634.1,167.109375,1,586.3486842105262,inf,2352,all cumulative-window cuts are feasible,reachability_lower,0,12,0.0,351.8092105263158,0.0
2013-06-21,209,7,634.1,192.03125,1,673.7938596491227,inf,2352,all cumulative-window cuts are feasible,reachability_lower,0,12,0.0,404.2763157894737,0.0
2013-06-21,209,8,634.1,173.75,1,609.6491228070174,inf,2352,all cumulative-window cuts are feasible,reachability_lower,0,12,0.0,365.7894736842105,0.0
2013-06-21,209,9,634.1,175.546875,1,615.953947368421,inf,2352,all cumulative-window cuts are feasible,reachability_lower,0,12,0.0,369.57236842105266,0.0
2013-06-22,210,0,634.1,176.171875,1,618.1469298245614,inf,2352,all cumulative-window cuts are feasible,reachability_lower,0,12,0.0,370.8881578947369,-5.684341886080802e-14
2013-06-22,210,1,634.1,179.296875,1,629.1118421052631,inf,2352,all cumulative-window cuts are feasible,reachability_lower,0,12,0.0,377.4671052631579,0.0
2013-06-22,210,2,634.1,189.453125,1,664.7478070175438,inf,2352,all cumulative-window cuts are feasible,reachability_lower,0,12,0.0,398.84868421052636,5.684341886080802e-14
2013-06-22,210,3,634.1,191.71875,1,672.6973684210526,inf,2352,all cumulative-window cuts are feasible,reachability_lower,0,12,0.0,403.6184210526316,0.0
2013-06-22,210,4,634.1,177.1875,1,621.7105263157894,inf,2352,all cumulative-window cuts are feasible,reachability_lower,0,12,0.0,373.0263157894737,0.0
2013-06-22,210,5,634.1,181.640625,1,637.3355263157894,inf,2352,all cumulative-window cuts are feasible,reachability_lower,0,12,0.0,382.4013157894737,0.0
2013-06-22,210,6,634.1,178.359375,1,625.8223684210526,inf,2352,all cumulative-window cuts are feasible,reachability_lower,0,12,0.0,375.4934210526316,0.0
2013-06-22,210,7,634.1,193.4375,1,678.7280701754386,inf,2352,all cumulative-window cuts are feasible,reachability_lower,0,12,0.0,407.2368421052632,0.0
2013-06-22,210,8,634.1,183.90625,1,645.2850877192982,inf,2352,all cumulative-window cuts are feasible,reachability_lower,0,12,0.0,387.17105263157896,0.0
2013-06-22,210,9,634.1,179.921875,1,631.3048245614035,inf,2352,all cumulative-window cuts are feasible,reachability_lower,0,12,0.0,378.78289473684214,0.0
2013-06-23,211,0,634.1,182.96875,1,641.9956140350877,inf,2352,all cumulative-window cuts are feasible,reachability_lower,0,12,0.0,385.19736842105266,0.0
2013-06-23,211,1,634.1,176.25,1,618.421052631579,inf,2352,all cumulative-window cuts are feasible,reachability_lower,0,12,0.0,371.0526315789474,-5.684341886080802e-14
2013-06-23,211,2,634.1,192.890625,1,676.8092105263157,inf,2352,all cumulative-window cuts are feasible,reachability_lower,0,12,0.0,406.0855263157895,0.0
2013-06-23,211,3,634.1,179.21875,1,628.8377192982456,inf,2352,all cumulative-window cuts are feasible,reachability_lower,0,12,0.0,377.3026315789474,0.0
2013-06-23,211,4,634.1,176.40625,1,618.969298245614,inf,2352,all cumulative-window cuts are feasible,reachability_lower,0,12,0.0,371.38157894736844,-5.684341886080802e-14
2013-06-23,211,5,634.1,169.921875,1,596.2171052631578,inf,2352,all cumulative-window cuts are feasible,reachability_lower,0,12,0.0,357.73026315789474,0.0
2013-06-23,211,6,634.1,183.203125,1,642.8179824561403,inf,2352,all cumulative-window cuts are feasible,reachability_lower,0,12,0.0,385.6907894736842,0.0
2013-06-23,211,7,634.1,191.71875,1,672.6973684210526,inf,2352,all cumulative-window cuts are feasible,reachability_lower,0,12,0.0,403.6184210526316,0.0
2013-06-23,211,8,634.1,170.625,1,598.6842105263157,inf,2352,all cumulative-window cuts are feasible,reachability_lower,0,12,0.0,359.2105263157895,0.0
2013-06-23,211,9,634.1,192.5,1,675.438596491228,inf,2352,all cumulative-window cuts are feasible,reachability_lower,0,12,0.0,405.2631578947369,0.0
2013-06-24,212,0,634.1,155.0,1,543.8596491228069,inf,2352,all cumulative-window cuts are feasible,reachability_lower,0,12,0.0,326.3157894736842,5.684341886080802e-14
2013-06-24,212,1,634.1,170.3125,1,597.5877192982456,inf,2352,all cumulative-window cuts are feasible,reachability_lower,0,12,0.0,358.5526315789474,0.0
2013-06-24,212,2,634.1,167.8125,1,588.8157894736842,inf,2352,all cumulative-window cuts are feasible,reachability_lower,0,12,0.0,353.2894736842105,-5.684341886080802e-14
2013-06-24,212,3,634.1,184.296875,1,646.655701754386,inf,2352,all cumulative-window cuts are feasible,reachability_lower,0,12,0.0,387.9934210526316,0.0
2013-06-24,212,4,634.1,164.765625,1,578.1249999999999,inf,2352,all cumulative-window cuts are feasible,reachability_lower,0,12,0.0,346.875,0.0
2013-06-24,212,5,634.1,169.6875,1,595.3947368421052,inf,2352,all cumulative-window cuts are feasible,reachability_lower,0,12,0.0,357.2368421052632,0.0
2013-06-24,212,6,634.1,171.09375,1,600.328947368421,inf,2352,all cumulative-window cuts are feasible,reachability_lower,0,12,0.0,360.19736842105266,0.0
2013-06-24,212,7,634.1,170.703125,1,598.9583333333333,inf,2352,all cumulative-window cuts are feasible,reachability_lower,0,12,0.0,359.375,0.0
2013-06-24,212,8,634.1,172.8125,1,606.3596491228069,inf,2352,all cumulative-window cuts are feasible,reachability_lower,0,12,0.0,363.8157894736842,0.0
2013-06-24,212,9,634.1,180.0,1,631.578947368421,inf,2352,all cumulative-window cuts are feasible,reachability_lower,0,12,0.0,378.94736842105266,0.0
2013-06-25,213,0,634.1,172.5,1,605.2631578947368,inf,2352,all cumulative-window cuts are feasible,reachability_lower,0,12,0.0,363.15789473684214,0.0
2013-06-25,213,1,634.1,174.53125,1,612.3903508771929,inf,2352,all cumulative-window cuts are feasible,reachability_lower,0,12,0.0,367.4342105263158,0.0
2013-06-25,213,2,634.1,174.921875,1,613.7609649122807,inf,2352,all cumulative-window cuts are feasible,reachability_lower,0,12,0.0,368.25657894736844,0.0
2013-06-25,213,3,634.1,183.4375,1,643.6403508771929,inf,2352,all cumulative-window cuts are feasible,reachability_lower,0,12,0.0,386.1842105263158,0.0
2013-06-25,213,4,634.1,170.546875,1,598.4100877192982,inf,2352,all cumulative-window cuts are feasible,reachability_lower,0,12,0.0,359.04605263157896,0.0
2013-06-25,213,5,634.1,173.90625,1,610.1973684210526,inf,2352,all cumulative-window cuts are feasible,reachability_lower,0,12,0.0,366.1184210526316,0.0
2013-06-25,213,6,634.1,169.53125,1,594.8464912280701,inf,2352,all cumulative-window cuts are feasible,reachability_lower,0,12,0.0,356.90789473684214,0.0
2013-06-25,213,7,634.1,179.453125,1,629.6600877192982,inf,2352,all cumulative-window cuts are feasible,reachability_lower,0,12,0.0,377.79605263157896,0.0
2013-06-25,213,8,634.1,176.25,1,618.421052631579,inf,2352,all cumulative-window cuts are feasible,reachability_lower,0,12,0.0,371.0526315789474,-5.684341886080802e-14
2013-06-25,213,9,634.1,192.265625,1,674.6162280701753,inf,2352,all cumulative-window cuts are feasible,reachability_lower,0,12,0.0,404.76973684210526,0.0
2013-06-26,214,0,634.1,173.203125,1,607.7302631578947,inf,2352,all cumulative-window cuts are feasible,reachability_lower,0,12,0.0,364.6381578947369,0.0
2013-06-26,214,1,634.1,175.703125,1,616.5021929824561,inf,2352,all cumulative-window cuts are feasible,reachability_lower,0,12,0.0,369.9013157894737,0.0
2013-06-26,214,2,634.1,171.640625,1,602.2478070175439,inf,2352,all cumulative-window cuts are feasible,reachability_lower,0,12,0.0,361.34868421052636,-5.684341886080802e-14
2013-06-26,214,3,634.1,183.59375,1,644.188596491228,inf,2352,all cumulative-window cuts are feasible,reachability_lower,0,12,0.0,386.5131578947369,0.0
2013-06-26,214,4,634.1,164.0625,1,575.657894736842,inf,2352,all cumulative-window cuts are feasible,reachability_lower,0,12,0.0,345.39473684210526,5.684341886080802e-14
2013-06-26,214,5,634.1,173.203125,1,607.7302631578947,inf,2352,all cumulative-window cuts are feasible,reachability_lower,0,12,0.0,364.6381578947369,0.0
2013-06-26,214,6,634.1,166.09375,1,582.7850877192982,inf,2352,all cumulative-window cuts are feasible,reachability_lower,0,12,0.0,349.67105263157896,0.0
2013-06-26,214,7,634.1,180.703125,1,634.046052631579,inf,2352,all cumulative-window cuts are feasible,reachability_lower,0,12,0.0,380.4276315789474,-5.684341886080802e-14
2013-06-26,214,8,634.1,174.6875,1,612.938596491228,inf,2352,all cumulative-window cuts are feasible,reachability_lower,0,12,0.0,367.7631578947369,0.0
2013-06-26,214,9,634.1,186.171875,1,653.2346491228069,inf,2352,all cumulative-window cuts are feasible,reachability_lower,0,12,0.0,391.9407894736842,0.0
2013-06-27,215,0,634.1,174.765625,1,613.2127192982456,inf,2352,all cumulative-window cuts are feasible,reachability_lower,0,12,0.0,367.9276315789474,0.0
2013-06-27,215,1,634.1,180.859375,1,634.594298245614,inf,2352,all cumulative-window cuts are feasible,reachability_lower,0,12,0.0,380.75657894736844,-5.684341886080802e-14
2013-06-27,215,2,634.1,182.1875,1,639.2543859649122,inf,2352,all cumulative-window cuts are feasible,reachability_lower,0,12,0.0,383.5526315789474,0.0
2013-06-27,215,3,634.1,185.0,1,649.1228070175438,inf,2352,all cumulative-window cuts are feasible,reachability_lower,0,12,0.0,389.47368421052636,5.684341886080802e-14
2013-06-27,215,4,634.1,169.453125,1,594.5723684210526,inf,2352,all cumulative-window cuts are feasible,reachability_lower,0,12,0.0,356.7434210526316,0.0
2013-06-27,215,5,634.1,173.4375,1,608.5526315789473,inf,2352,all cumulative-window cuts are feasible,reachability_lower,0,12,0.0,365.13157894736844,0.0
2013-06-27,215,6,634.1,174.53125,1,612.3903508771929,inf,2352,all cumulative-window cuts are feasible,reachability_lower,0,12,0.0,367.4342105263158,0.0
2013-06-27,215,7,634.1,199.84375,1,701.2061403508771,inf,2352,all cumulative-window cuts are feasible,reachability_lower,0,12,0.0,420.72368421052636,0.0
2013-06-27,215,8,634.1,179.6875,1,630.4824561403508,inf,2352,all cumulative-window cuts are feasible,reachability_lower,0,12,0.0,378.2894736842105,0.0
2013-06-27,215,9,634.1,180.234375,1,632.4013157894736,inf,2352,all cumulative-window cuts are feasible,reachability_lower,0,12,0.0,379.4407894736842,0.0
2013-06-28,216,0,634.1,182.890625,1,641.7214912280701,inf,2352,all cumulative-window cuts are feasible,reachability_lower,0,12,0.0,385.03289473684214,0.0
2013-06-28,216,1,634.1,171.796875,1,602.796052631579,inf,2352,all cumulative-window cuts are feasible,reachability_lower,0,12,0.0,361.6776315789474,-5.684341886080802e-14
2013-06-28,216,2,634.1,185.859375,1,652.1381578947368,inf,2352,all cumulative-window cuts are feasible,reachability_lower,0,12,0.0,391.28289473684214,0.0
2013-06-28,216,3,634.1,183.046875,1,642.2697368421052,inf,2352,all cumulative-window cuts are feasible,reachability_lower,0,12,0.0,385.3618421052632,0.0
2013-06-28,216,4,634.1,172.578125,1,605.5372807017543,inf,2352,all cumulative-window cuts are feasible,reachability_lower,0,12,0.0,363.32236842105266,0.0
2013-06-28,216,5,634.1,170.859375,1,599.5065789473684,inf,2352,all cumulative-window cuts are feasible,reachability_lower,0,12,0.0,359.7039473684211,0.0
2013-06-28,216,6,634.1,173.671875,1,609.3749999999999,inf,2352,all cumulative-window cuts are feasible,reachability_lower,0,12,0.0,365.625,0.0
2013-06-28,216,7,634.1,188.359375,1,660.9100877192982,inf,2352,all cumulative-window cuts are feasible,reachability_lower,0,12,0.0,396.54605263157896,0.0
2013-06-28,216,8,634.1,182.65625,1,640.8991228070174,inf,2352,all cumulative-window cuts are feasible,reachability_lower,0,12,0.0,384.5394736842105,0.0
2013-06-28,216,9,634.1,193.59375,1,679.2763157894736,inf,2352,all cumulative-window cuts are feasible,reachability_lower,0,12,0.0,407.5657894736842,0.0
2013-06-29,217,0,634.1,190.703125,1,669.1337719298244,inf,2352,all cumulative-window cuts are feasible,reachability_lower,0,12,0.0,401.48026315789474,0.0
2013-06-29,217,1,634.1,177.03125,1,621.1622807017543,inf,2352,all cumulative-window cuts are feasible,reachability_lower,0,12,0.0,372.69736842105266,0.0
2013-06-29,217,2,634.1,187.109375,1,656.5241228070174,inf,2352,all cumulative-window cuts are feasible,reachability_lower,0,12,0.0,393.9144736842105,0.0
2013-06-29,217,3,634.1,187.421875,1,657.6206140350877,inf,2352,all cumulative-window cuts are feasible,reachability_lower,0,12,0.0,394.57236842105266,0.0
2013-06-29,217,4,634.1,177.578125,1,623.0811403508771,inf,2352,all cumulative-window cuts are feasible,reachability_lower,0,12,0.0,373.84868421052636,0.0
2013-06-29,217,5,634.1,170.78125,1,599.2324561403508,inf,2352,all cumulative-window cuts are feasible,reachability_lower,0,12,0.0,359.5394736842105,0.0
2013-06-29,217,6,634.1,178.125,1,624.9999999999999,inf,2352,all cumulative-window cuts are feasible,reachability_lower,0,12,0.0,375.0,0.0
2013-06-29,217,7,634.1,202.734375,1,711.3486842105262,inf,2352,all cumulative-window cuts are feasible,reachability_lower,0,12,0.0,426.80921052631584,0.0
2013-06-29,217,8,634.1,177.65625,1,623.3552631578947,inf,2352,all cumulative-window cuts are feasible,reachability_lower,0,12,0.0,374.0131578947369,0.0
2013-06-29,217,9,634.1,191.5625,1,672.1491228070174,inf,2352,all cumulative-window cuts are feasible,reachability_lower,0,12,0.0,403.2894736842105,0.0
2013-06-30,218,0,634.1,182.03125,1,638.7061403508771,inf,2352,all cumulative-window cuts are feasible,reachability_lower,0,12,0.0,383.22368421052636,0.0
2013-06-30,218,1,634.1,172.8125,1,606.3596491228069,inf,2352,all cumulative-window cuts are feasible,reachability_lower,0,12,0.0,363.8157894736842,0.0
2013-06-30,218,2,634.1,175.15625,1,614.5833333333333,inf,2352,all cumulative-window cuts are feasible,reachability_lower,0,12,0.0,368.75,0.0
2013-06-30,218,3,634.1,189.84375,1,666.1184210526314,inf,2352,all cumulative-window cuts are feasible,reachability_lower,0,12,0.0,399.67105263157896,5.684341886080802e-14
2013-06-30,218,4,634.1,171.71875,1,602.5219298245614,inf,2352,all cumulative-window cuts are feasible,reachability_lower,0,12,0.0,361.5131578947369,-5.684341886080802e-14
2013-06-30,218,5,634.1,168.671875,1,591.8311403508771,inf,2352,all cumulative-window cuts are feasible,reachability_lower,0,12,0.0,355.09868421052636,0.0
2013-06-30,218,6,634.1,181.015625,1,635.1425438596491,inf,2352,all cumulative-window cuts are feasible,reachability_lower,0,12,0.0,381.0855263157895,-5.684341886080802e-14
2013-06-30,218,7,634.1,195.9375,1,687.4999999999999,inf,2352,all cumulative-window cuts are feasible,reachability_lower,0,12,0.0,412.5,0.0
2013-06-30,218,8,634.1,177.5,1,622.8070175438595,inf,2352,all cumulative-window cuts are feasible,reachability_lower,0,12,0.0,373.6842105263158,0.0
2013-06-30,218,9,634.1,185.0,1,649.1228070175438,inf,2352,all cumulative-window cuts are feasible,reachability_lower,0,12,0.0,389.47368421052636,5.684341886080802e-14
