date,day_index,group,site,method,service_kw,planner_feasible,replay_feasible,baseline_feasible,terminal_soc,max_vmax,max_loading,message
2016-10-31,528,0,611.3,network_lp,102.96875,1,1,1,0.8,1.0499998607567578,0.9999852827381549,Optimization terminated successfully
2016-10-31,528,0,611.3,fixed_recovery,94.48046875,1,1,1,0.8,1.0493622860528171,0.999921843501003,Optimization terminated successfully
2016-10-31,528,0,611.3,myopic_recovery,102.96875,1,1,1,0.8,1.0500005063139335,0.9975513998084655,myopic rollout feasible
2016-10-31,528,0,611.3,energy_only,300.0,1,0,1,0.8,1.064325411006811,0.9725053763518341,Optimization terminated successfully
2016-11-01,529,0,611.3,network_lp,107.03125,1,1,1,0.8,1.0500009616600359,0.99998404660872,Optimization terminated successfully
2016-11-01,529,0,611.3,fixed_recovery,107.03125,1,1,1,0.8,1.0499957742848887,0.9155375481500156,Optimization terminated successfully
2016-11-01,529,0,611.3,myopic_recovery,107.03125,1,1,1,0.8,1.049999585651014,0.9391137981948097,myopic rollout feasible
2016-11-01,529,0,611.3,energy_only,300.0,1,0,1,0.8,1.0640309295358368,0.9522363330366262,Optimization terminated successfully
2016-11-02,530,0,611.3,network_lp,120.46875,1,1,1,0.8,1.0500008571484474,0.999923371699128,Optimization terminated successfully
2016-11-02,530,0,611.3,fixed_recovery,120.46875,1,1,1,0.8,1.0499982258914522,0.8506254926836427,Optimization terminated successfully
2016-11-02,530,0,611.3,myopic_recovery,120.46875,1,1,1,0.8,1.0500007194007952,0.8157685387703526,myopic rollout feasible
2016-11-02,530,0,611.3,energy_only,300.0,1,0,1,0.8,1.063041696125541,0.8491040943253151,Optimization terminated successfully
2016-11-03,531,0,611.3,network_lp,95.078125,1,1,1,0.8,1.0500008850668896,0.8495206410944028,Optimization terminated successfully
2016-11-03,531,0,611.3,fixed_recovery,95.078125,1,1,1,0.8,1.050000135423091,0.7416474057454293,Optimization terminated successfully
2016-11-03,531,0,611.3,myopic_recovery,95.078125,1,1,1,0.8,1.050000645955989,0.7578919248918679,myopic rollout feasible
2016-11-03,531,0,611.3,energy_only,200.390625,1,0,1,0.8,1.0577658890890123,0.9304623953303285,Optimization terminated successfully
2016-11-04,532,0,611.3,network_lp,94.0625,1,1,1,0.8,1.0500003223361427,0.7088979762476284,Optimization terminated successfully
2016-11-04,532,0,611.3,fixed_recovery,94.0625,1,1,1,0.8,1.0499987251337368,0.6193499705724215,Optimization terminated successfully
2016-11-04,532,0,611.3,myopic_recovery,94.0625,1,1,1,0.8,1.0500009881025674,0.7329854491978091,myopic rollout feasible
2016-11-04,532,0,611.3,energy_only,158.75,1,0,1,0.8,1.0548125380650994,0.7713649513445244,Optimization terminated successfully
2016-11-05,533,0,611.3,network_lp,124.453125,1,1,1,0.8,1.0500009337211025,0.9361650928971457,Optimization terminated successfully
2016-11-05,533,0,611.3,fixed_recovery,124.453125,1,1,1,0.8,1.0500001415211446,0.6978670128129096,Optimization terminated successfully
2016-11-05,533,0,611.3,myopic_recovery,124.453125,1,1,1,0.8,1.0500001415211446,0.765545840294895,myopic rollout feasible
2016-11-05,533,0,611.3,energy_only,193.203125,1,0,1,0.8,1.0550929125880806,0.8314713539794281,Optimization terminated successfully
2016-11-06,534,0,611.3,network_lp,130.0,1,1,1,0.8,1.0500007140139547,0.7572009021187778,Optimization terminated successfully
2016-11-06,534,0,611.3,fixed_recovery,130.0,1,1,1,0.8,1.0499975511573345,0.7948277061509166,Optimization terminated successfully
2016-11-06,534,0,611.3,myopic_recovery,130.0,1,1,1,0.8,1.0500009940768684,0.9999680478090969,myopic rollout feasible
2016-11-06,534,0,611.3,energy_only,183.984375,1,0,1,0.8,1.055059799880416,0.8647944765879687,Optimization terminated successfully
2016-11-07,535,0,611.3,network_lp,92.890625,1,1,1,0.8,1.0500003052441438,0.7151112595175614,Optimization terminated successfully
2016-11-07,535,0,611.3,fixed_recovery,92.890625,1,1,1,0.8,1.0499951329318808,0.6407624190703928,Optimization terminated successfully
2016-11-07,535,0,611.3,myopic_recovery,92.890625,1,1,1,0.8,1.0500005871892415,0.7285878439166538,myopic rollout feasible
2016-11-07,535,0,611.3,energy_only,161.40625,1,0,1,0.8,1.0550894211848136,0.7887126264633685,Optimization terminated successfully
2016-11-08,536,0,611.3,network_lp,104.6875,1,1,1,0.8,1.0500007747538018,0.7116014581489887,Optimization terminated successfully
2016-11-08,536,0,611.3,fixed_recovery,104.6875,1,1,1,0.8,1.0499998292375576,0.5966626075596033,Optimization terminated successfully
2016-11-08,536,0,611.3,myopic_recovery,104.6875,1,1,1,0.8,1.0500009599698092,0.7380576584031528,myopic rollout feasible
2016-11-08,536,0,611.3,energy_only,139.84375,1,0,1,0.8,1.0526505574141172,0.7435711369488623,Optimization terminated successfully
2016-11-09,537,0,611.3,network_lp,118.28125,1,1,1,0.8,1.0500009528289334,0.7001526291275542,Optimization terminated successfully
2016-11-09,537,0,611.3,fixed_recovery,118.28125,1,1,1,0.8,1.0500007115062349,0.6376139009279179,Optimization terminated successfully
2016-11-09,537,0,611.3,myopic_recovery,118.28125,1,1,1,0.8,1.050000711649416,0.7311279709939075,myopic rollout feasible
2016-11-09,537,0,611.3,energy_only,159.6875,1,0,1,0.8,1.0531070749172997,0.7746166873296059,Optimization terminated successfully
2016-11-10,538,0,611.3,network_lp,116.953125,1,1,1,0.8,1.05000046472527,0.6988565671964908,Optimization terminated successfully
2016-11-10,538,0,611.3,fixed_recovery,116.953125,1,1,1,0.8,1.0499994949003426,0.7252473189188757,Optimization terminated successfully
2016-11-10,538,0,611.3,myopic_recovery,116.953125,1,1,1,0.8,1.0500006454177118,0.9211234694789568,myopic rollout feasible
2016-11-10,538,0,611.3,energy_only,173.75,1,0,1,0.8,1.0594764669212933,0.8643205219861809,Optimization terminated successfully
2016-11-11,539,0,611.3,network_lp,111.640625,1,1,1,0.8,1.0500007750026503,0.7228014815522701,Optimization terminated successfully
2016-11-11,539,0,611.3,fixed_recovery,111.640625,1,1,1,0.8,1.0499956902468324,0.663051937691764,Optimization terminated successfully
2016-11-11,539,0,611.3,myopic_recovery,111.640625,1,1,1,0.8,1.0500006268872568,0.761546926601438,myopic rollout feasible
2016-11-11,539,0,611.3,energy_only,164.140625,1,0,1,0.8,1.0566666981945598,0.8166661314630042,Optimization terminated successfully
2016-11-12,540,0,611.3,network_lp,124.53125,1,1,1,0.8,1.050000847573124,0.9999355996861331,Optimization terminated successfully
2016-11-12,540,0,611.3,fixed_recovery,124.53125,1,1,1,0.8,1.049995314640102,0.8870315687322333,Optimization terminated successfully
2016-11-12,540,0,611.3,myopic_recovery,124.53125,1,1,1,0.8,1.0499998147337088,0.8509445287710552,myopic rollout feasible
2016-11-12,540,0,611.3,energy_only,288.4375,1,0,1,0.8,1.0619171730825487,0.8509445287710552,Optimization terminated successfully
2016-11-13,541,0,611.3,network_lp,119.375,1,1,1,0.8,1.050000011006268,0.7188266569993788,Optimization terminated successfully
2016-11-13,541,0,611.3,fixed_recovery,119.375,1,1,1,0.8,1.0499995681784144,0.679460173483764,Optimization terminated successfully
2016-11-13,541,0,611.3,myopic_recovery,119.375,1,1,1,0.8,1.0500009592666892,0.8954586340442908,myopic rollout feasible
2016-11-13,541,0,611.3,energy_only,166.40625,1,0,1,0.8,1.0542036816111742,0.8240333850062737,Optimization terminated successfully
2016-11-14,542,0,611.3,network_lp,128.90625,1,1,1,0.8,1.0500009520252125,0.7845905837552292,Optimization terminated successfully
2016-11-14,542,0,611.3,fixed_recovery,128.90625,1,1,1,0.8,1.0499973901590156,0.6259443908439484,Optimization terminated successfully
2016-11-14,542,0,611.3,myopic_recovery,128.90625,1,1,1,0.8,1.0500008217630794,0.7347606634091544,myopic rollout feasible
2016-11-14,542,0,611.3,energy_only,162.1875,1,0,1,0.8,1.052494038879182,0.7893585671393197,Optimization terminated successfully
2016-11-15,543,0,611.3,network_lp,111.5625,1,1,1,0.8,1.050000875800913,0.7173800596417041,Optimization terminated successfully
2016-11-15,543,0,611.3,fixed_recovery,111.5625,1,1,1,0.8,1.0499989604587168,0.6106794805963837,Optimization terminated successfully
2016-11-15,543,0,611.3,myopic_recovery,111.5625,1,1,1,0.8,1.0500005429959176,0.7322257584719211,myopic rollout feasible
2016-11-15,543,0,611.3,energy_only,139.84375,1,0,1,0.8,1.0521309816236524,0.7564714536882913,Optimization terminated successfully
2016-11-16,544,0,611.3,network_lp,120.78125,1,1,1,0.8,1.0500007826893314,0.7422437484211188,Optimization terminated successfully
2016-11-16,544,0,611.3,fixed_recovery,120.78125,1,1,1,0.8,1.049996916708319,0.6071179574094916,Optimization terminated successfully
2016-11-16,544,0,611.3,myopic_recovery,120.78125,1,1,1,0.8,1.0500009592875392,0.7406947881744645,myopic rollout feasible
2016-11-16,544,0,611.3,energy_only,142.734375,1,0,1,0.8,1.051647660137311,0.7530512660397212,Optimization terminated successfully
2016-11-17,545,0,611.3,network_lp,127.265625,1,1,1,0.8,1.0500008502733897,0.8319628857899006,Optimization terminated successfully
2016-11-17,545,0,611.3,fixed_recovery,127.265625,1,1,1,0.8,1.049997241729785,0.7886495891810097,Optimization terminated successfully
2016-11-17,545,0,611.3,myopic_recovery,127.265625,1,1,1,0.8,1.0500006462713403,0.999969208896752,myopic rollout feasible
2016-11-17,545,0,611.3,energy_only,251.328125,1,0,1,0.8,1.0590746462952685,0.8613774389359377,Optimization terminated successfully
2016-11-18,546,0,611.3,network_lp,124.6875,1,1,1,0.8,1.049999738454263,0.7248763387007129,Optimization terminated successfully
2016-11-18,546,0,611.3,fixed_recovery,124.6875,1,1,1,0.8,1.0499964840754186,0.601736900931366,Optimization terminated successfully
2016-11-18,546,0,611.3,myopic_recovery,124.6875,1,1,1,0.8,1.0500009861595971,0.7421184231843755,myopic rollout feasible
2016-11-18,546,0,611.3,energy_only,138.046875,1,0,1,0.8,1.0510007232329177,0.7365755892777237,Optimization terminated successfully
2016-11-19,547,0,611.3,network_lp,121.796875,1,1,1,0.8,1.0500004432615948,0.7241707505574608,Optimization terminated successfully
2016-11-19,547,0,611.3,fixed_recovery,121.796875,1,1,1,0.8,1.0499992413931725,0.5981827087907926,Optimization terminated successfully
2016-11-19,547,0,611.3,myopic_recovery,121.796875,1,1,1,0.8,1.0500006919159646,0.7275739933275844,myopic rollout feasible
2016-11-19,547,0,611.3,energy_only,136.796875,1,0,1,0.8,1.0511272367170645,0.7354093335385382,Optimization terminated successfully
2016-11-20,548,0,611.3,network_lp,90.46875,1,1,1,0.8,1.05000098015565,0.7169007942141704,Optimization terminated successfully
2016-11-20,548,0,611.3,fixed_recovery,90.46875,1,1,1,0.8,1.0499962030072472,0.6047070766428108,Optimization terminated successfully
2016-11-20,548,0,611.3,myopic_recovery,90.46875,1,1,1,0.8,1.050000821384181,0.7322257499035837,myopic rollout feasible
2016-11-20,548,0,611.3,energy_only,153.515625,1,0,1,0.8,1.0546923141673377,0.7556925965281881,Optimization terminated successfully
2016-11-21,549,0,611.3,network_lp,119.84375,1,1,1,0.8,1.050000765083367,0.7160816078062651,Optimization terminated successfully
2016-11-21,549,0,611.3,fixed_recovery,119.84375,1,1,1,0.8,1.0499975559716728,0.6181508570577057,Optimization terminated successfully
2016-11-21,549,0,611.3,myopic_recovery,119.84375,1,1,1,0.8,1.050000611936572,0.7340837005910156,myopic rollout feasible
2016-11-21,549,0,611.3,energy_only,156.40625,1,0,1,0.8,1.0527431904871822,0.7569285046242737,Optimization terminated successfully
2016-11-22,550,0,611.3,network_lp,116.71875,1,1,1,0.8,1.0500009777643107,0.7188995110975995,Optimization terminated successfully
2016-11-22,550,0,611.3,fixed_recovery,116.71875,1,1,1,0.8,1.0500004049450007,0.6406486578081672,Optimization terminated successfully
2016-11-22,550,0,611.3,myopic_recovery,116.71875,1,1,1,0.8,1.0500004049449996,0.7267396408251813,myopic rollout feasible
2016-11-22,550,0,611.3,energy_only,160.234375,1,0,1,0.8,1.05325828339762,0.7825641478133556,Optimization terminated successfully
2016-11-23,551,0,611.3,network_lp,114.375,1,1,1,0.8,1.0500009464810953,0.7176587569995864,Optimization terminated successfully
2016-11-23,551,0,611.3,fixed_recovery,114.375,1,1,1,0.8,1.0499989022704364,0.607989370150148,Optimization terminated successfully
2016-11-23,551,0,611.3,myopic_recovery,114.375,1,1,1,0.8,1.0500008216854777,0.7311279646315646,myopic rollout feasible
2016-11-23,551,0,611.3,energy_only,149.140625,1,0,1,0.8,1.0526149075995077,0.7445446388410007,Optimization terminated successfully
2016-11-24,552,0,611.3,network_lp,129.921875,1,1,1,0.8,1.050000894861262,0.9069648550870678,Optimization terminated successfully
2016-11-24,552,0,611.3,fixed_recovery,129.921875,1,1,1,0.8,1.049996493546712,0.7818603368042103,Optimization terminated successfully
2016-11-24,552,0,611.3,myopic_recovery,129.921875,1,1,1,0.8,1.0500009410017168,0.9999716866918926,myopic rollout feasible
2016-11-24,552,0,611.3,energy_only,228.984375,1,0,1,0.8,1.0572783479710768,0.8643488265112379,Optimization terminated successfully
2016-11-25,553,0,611.3,network_lp,135.78125,1,1,1,0.8,1.0500009965632333,0.9999449431460014,Optimization terminated successfully
2016-11-25,553,0,611.3,fixed_recovery,135.78125,1,1,1,0.8,1.0500009965632333,0.8831441836811607,Optimization terminated successfully
2016-11-25,553,0,611.3,myopic_recovery,135.78125,1,1,1,0.8,1.0500009965632333,0.9999654447278133,myopic rollout feasible
2016-11-25,553,0,611.3,energy_only,277.421875,1,0,1,0.8,1.0603199575740605,1.0632726321926007,Optimization terminated successfully
2016-11-26,554,0,611.3,network_lp,128.515625,1,1,1,0.8,1.0500002271867968,0.7541007199559665,Optimization terminated successfully
2016-11-26,554,0,611.3,fixed_recovery,128.515625,1,1,1,0.8,1.0499962541298178,0.6908318507557286,Optimization terminated successfully
2016-11-26,554,0,611.3,myopic_recovery,128.515625,1,1,1,0.8,1.050000532958807,0.9286576497400492,myopic rollout feasible
2016-11-26,554,0,611.3,energy_only,168.90625,1,0,1,0.8,1.0542752048142712,0.8479307660395168,Optimization terminated successfully
2016-11-27,555,0,611.3,network_lp,140.859375,1,1,1,0.8,1.0499995157169264,0.9999659327791391,Optimization terminated successfully
2016-11-27,555,0,611.3,fixed_recovery,140.859375,1,1,1,0.8,1.0499956046421721,0.9044945757076804,Optimization terminated successfully
2016-11-27,555,0,611.3,myopic_recovery,140.859375,1,1,1,0.8,1.0499998614993058,0.8949665734770561,myopic rollout feasible
2016-11-27,555,0,611.3,energy_only,279.0625,1,0,1,0.8,1.0600639641887921,0.9119588695054276,Optimization terminated successfully
2016-11-28,556,0,611.3,network_lp,94.921875,1,1,1,0.8,1.0500006732508638,0.8606343655867199,Optimization terminated successfully
2016-11-28,556,0,611.3,fixed_recovery,94.921875,1,1,1,0.8,1.0500005555545464,0.8881464505333256,Optimization terminated successfully
2016-11-28,556,0,611.3,myopic_recovery,94.921875,1,1,1,0.8,1.0500005550612275,0.9999812377870759,myopic rollout feasible
2016-11-28,556,0,611.3,energy_only,280.0,1,0,1,0.8,1.0635134978130045,0.9875881390071701,Optimization terminated successfully
2016-11-29,557,0,611.3,network_lp,95.859375,1,1,1,0.8,1.0500005487058162,0.8310585971962131,Optimization terminated successfully
2016-11-29,557,0,611.3,fixed_recovery,95.859375,1,1,1,0.8,1.0500000602675454,0.6777497501153884,Optimization terminated successfully
2016-11-29,557,0,611.3,myopic_recovery,95.859375,1,1,1,0.8,1.050000861077012,0.8283528716953231,myopic rollout feasible
2016-11-29,557,0,611.3,energy_only,190.0,1,0,1,0.8,1.0569634419163243,0.8996418819847508,Optimization terminated successfully
2016-11-30,558,0,611.3,network_lp,100.703125,1,1,1,0.8,1.050000906582739,0.8185145173125286,Optimization terminated successfully
2016-11-30,558,0,611.3,fixed_recovery,100.703125,1,1,1,0.8,1.0499952228247826,0.7187295198327917,Optimization terminated successfully
2016-11-30,558,0,611.3,myopic_recovery,100.703125,1,1,1,0.8,1.0499998341220818,0.7897149507993448,myopic rollout feasible
2016-11-30,558,0,611.3,energy_only,182.8125,1,0,1,0.8,1.0597349066019845,0.9440210923922432,Optimization terminated successfully
2016-12-01,559,0,611.3,network_lp,119.21875,1,1,1,0.8,1.0500007902225459,0.960141178920708,Optimization terminated successfully
2016-12-01,559,0,611.3,fixed_recovery,119.21875,1,1,1,0.8,1.0499952727234818,0.742045844692845,Optimization terminated successfully
2016-12-01,559,0,611.3,myopic_recovery,119.21875,1,1,1,0.8,1.0500009385057982,0.8023746002895448,myopic rollout feasible
2016-12-01,559,0,611.3,energy_only,262.578125,1,0,1,0.8,1.060467489815697,0.9047002690994571,Optimization terminated successfully
2016-12-02,560,0,611.3,network_lp,104.609375,1,1,1,0.8,1.0500009197338591,0.8390651011877904,Optimization terminated successfully
2016-12-02,560,0,611.3,fixed_recovery,104.609375,1,1,1,0.8,1.0499995710989525,0.6786850886031891,Optimization terminated successfully
2016-12-02,560,0,611.3,myopic_recovery,104.609375,1,1,1,0.8,1.0500008751943217,0.7545800368038533,myopic rollout feasible
2016-12-02,560,0,611.3,energy_only,194.453125,1,0,1,0.8,1.0566395308082146,0.8254035251799362,Optimization terminated successfully
2016-12-03,561,0,611.3,network_lp,120.234375,1,1,1,0.8,1.050000865208924,0.9875871784618937,Optimization terminated successfully
2016-12-03,561,0,611.3,fixed_recovery,120.234375,1,1,1,0.8,1.0499992231633164,0.7478485549250515,Optimization terminated successfully
2016-12-03,561,0,611.3,myopic_recovery,120.234375,1,1,1,0.8,1.0499996732626855,0.8491010477335046,myopic rollout feasible
2016-12-03,561,0,611.3,energy_only,277.8125,1,0,1,0.8,1.0615001783276266,0.8544555660324841,Optimization terminated successfully
2016-12-04,562,0,611.3,network_lp,126.875,1,1,1,0.8,1.0500005493642917,0.922879434237799,Optimization terminated successfully
2016-12-04,562,0,611.3,fixed_recovery,126.875,1,1,1,0.8,1.0500002675054425,0.959767941951184,Optimization terminated successfully
2016-12-04,562,0,611.3,myopic_recovery,126.875,1,1,1,0.8,1.0500007787571213,0.9611343752511011,myopic rollout feasible
2016-12-04,562,0,611.3,energy_only,223.359375,1,0,1,0.8,1.0570990653823549,0.922879434237799,Optimization terminated successfully
2016-12-05,563,0,611.3,network_lp,108.515625,1,1,1,0.8,1.0500006805094495,0.8926693720511518,Optimization terminated successfully
2016-12-05,563,0,611.3,fixed_recovery,108.515625,1,1,1,0.8,1.049998832074623,0.6734727915437803,Optimization terminated successfully
2016-12-05,563,0,611.3,myopic_recovery,108.515625,1,1,1,0.8,1.050000487017964,0.7585726993548171,myopic rollout feasible
2016-12-05,563,0,611.3,energy_only,194.296875,1,0,1,0.8,1.0563339814839992,0.8515979417473183,Optimization terminated successfully
2016-12-06,564,0,611.3,network_lp,130.390625,1,1,1,0.8,1.050000961572848,0.936378473074614,Optimization terminated successfully
2016-12-06,564,0,611.3,fixed_recovery,130.390625,1,1,1,0.8,1.0499992472131559,0.7952986709701839,Optimization terminated successfully
2016-12-06,564,0,611.3,myopic_recovery,130.390625,1,1,1,0.8,1.0500005918784663,0.7872986956295607,myopic rollout feasible
2016-12-06,564,0,611.3,energy_only,192.34375,1,0,1,0.8,1.0546008639225668,0.8753856404021222,Optimization terminated successfully
2016-12-07,565,0,611.3,network_lp,115.15625,1,1,1,0.8,1.05000063252748,0.878795351377384,Optimization terminated successfully
2016-12-07,565,0,611.3,fixed_recovery,115.15625,1,1,1,0.8,1.0499985890110326,0.6709587499476848,Optimization terminated successfully
2016-12-07,565,0,611.3,myopic_recovery,115.15625,1,1,1,0.8,1.0500006056902949,0.7879839858561258,myopic rollout feasible
2016-12-07,565,0,611.3,energy_only,204.375,1,0,1,0.8,1.0565785435276833,0.8451401921661837,Optimization terminated successfully
2016-12-08,566,0,611.3,network_lp,101.875,1,1,1,0.8,1.050000940326001,0.8411287135265502,Optimization terminated successfully
2016-12-08,566,0,611.3,fixed_recovery,101.875,1,1,1,0.8,1.0500000897206154,0.6786077453647394,Optimization terminated successfully
2016-12-08,566,0,611.3,myopic_recovery,101.875,1,1,1,0.8,1.050000754113119,0.7830701399685185,myopic rollout feasible
2016-12-08,566,0,611.3,energy_only,195.625,1,0,1,0.8,1.0569244391466595,0.8516329207350255,Optimization terminated successfully
2016-12-09,567,0,611.3,network_lp,109.0625,1,1,1,0.8,1.0500006268443092,0.7841110504267005,Optimization terminated successfully
2016-12-09,567,0,611.3,fixed_recovery,109.0625,1,1,1,0.8,1.0499998011086762,0.6577218822219716,Optimization terminated successfully
2016-12-09,567,0,611.3,myopic_recovery,109.0625,1,1,1,0.8,1.050000558727457,0.7435581963191101,myopic rollout feasible
2016-12-09,567,0,611.3,energy_only,168.4375,1,0,1,0.8,1.0544161077783154,0.8334833710776838,Optimization terminated successfully
2016-12-10,568,0,611.3,network_lp,127.734375,1,1,1,0.8,1.0500007815371069,0.9877124351450937,Optimization terminated successfully
2016-12-10,568,0,611.3,fixed_recovery,127.734375,1,1,1,0.8,1.050000782037776,0.7376275395460845,Optimization terminated successfully
2016-12-10,568,0,611.3,myopic_recovery,127.734375,1,1,1,0.8,1.0500009987752867,0.8301657118057025,myopic rollout feasible
2016-12-10,568,0,611.3,energy_only,207.5,1,0,1,0.8,1.0558918483133255,0.9017401528483798,Optimization terminated successfully
2016-12-11,569,0,611.3,network_lp,136.5625,1,1,1,0.8,1.0500002661862935,0.9999485926816816,Optimization terminated successfully
2016-12-11,569,0,611.3,fixed_recovery,136.5625,1,1,1,0.8,1.04999784241987,0.7309280337115004,Optimization terminated successfully
2016-12-11,569,0,611.3,myopic_recovery,136.5625,1,1,1,0.8,1.0500001087784483,0.8005723241622573,myopic rollout feasible
2016-12-11,569,0,611.3,energy_only,188.203125,1,0,1,0.8,1.0557129212430945,0.9999486146831369,Optimization terminated successfully
2016-12-12,570,0,611.3,network_lp,103.359375,1,1,1,0.8,1.05000098302285,0.725021676424081,Optimization terminated successfully
2016-12-12,570,0,611.3,fixed_recovery,103.359375,1,1,1,0.8,1.0499990516442135,0.6881959981421963,Optimization terminated successfully
2016-12-12,570,0,611.3,myopic_recovery,103.359375,1,1,1,0.8,1.0500006657520677,0.9182734684790309,myopic rollout feasible
2016-12-12,570,0,611.3,energy_only,168.515625,1,0,1,0.8,1.0576309933648607,0.8410731925464101,Optimization terminated successfully
2016-12-13,571,0,611.3,network_lp,127.65625,1,1,1,0.8,1.0500009727317925,0.8074042213658943,Optimization terminated successfully
2016-12-13,571,0,611.3,fixed_recovery,127.65625,1,1,1,0.8,1.0500008888034669,0.6923685920418465,Optimization terminated successfully
2016-12-13,571,0,611.3,myopic_recovery,127.65625,1,1,1,0.8,1.0500008888034669,0.9053441502651332,myopic rollout feasible
2016-12-13,571,0,611.3,energy_only,175.390625,1,0,1,0.8,1.0549716790416046,0.8804842163031076,Optimization terminated successfully
2016-12-14,572,0,611.3,network_lp,115.78125,1,1,1,0.8,1.0500009333898135,0.7330668016989843,Optimization terminated successfully
2016-12-14,572,0,611.3,fixed_recovery,115.78125,1,1,1,0.8,1.0500005366977248,0.7005659513366769,Optimization terminated successfully
2016-12-14,572,0,611.3,myopic_recovery,115.78125,1,1,1,0.8,1.050000749075139,0.9574149433245032,myopic rollout feasible
2016-12-14,572,0,611.3,energy_only,169.921875,1,0,1,0.8,1.0577112312697226,0.8707801402926414,Optimization terminated successfully
2016-12-15,573,0,611.3,network_lp,128.4375,1,1,1,0.8,1.0500002324465432,0.7476781530803371,Optimization terminated successfully
2016-12-15,573,0,611.3,fixed_recovery,128.4375,1,1,1,0.8,1.0499983347190285,0.6422884411165536,Optimization terminated successfully
2016-12-15,573,0,611.3,myopic_recovery,128.4375,1,1,1,0.8,1.0500007025804055,0.7454209846981442,myopic rollout feasible
2016-12-15,573,0,611.3,energy_only,159.921875,1,0,1,0.8,1.0523614758941482,0.7806848096157588,Optimization terminated successfully
2016-12-16,574,0,611.3,network_lp,121.796875,1,1,1,0.8,1.0500008945258463,0.9999634124881394,Optimization terminated successfully
2016-12-16,574,0,611.3,fixed_recovery,121.796875,1,1,1,0.8,1.049998638859845,0.8102512384661128,Optimization terminated successfully
2016-12-16,574,0,611.3,myopic_recovery,121.796875,1,1,1,0.8,1.050000950564308,0.8135389099601347,myopic rollout feasible
2016-12-16,574,0,611.3,energy_only,200.078125,1,0,1,0.8,1.0557817591094578,0.893055580149758,Optimization terminated successfully
2016-12-17,575,0,611.3,network_lp,133.671875,1,1,1,0.8,1.0499996698982503,0.9999844325674944,Optimization terminated successfully
2016-12-17,575,0,611.3,fixed_recovery,133.671875,1,1,1,0.8,1.0499972441803411,0.9321037185500626,Optimization terminated successfully
2016-12-17,575,0,611.3,myopic_recovery,133.671875,1,1,1,0.8,1.0500004299604493,0.9999915896357333,myopic rollout feasible
2016-12-17,575,0,611.3,energy_only,218.515625,1,0,1,0.8,1.0562510872019095,0.8941934812718929,Optimization terminated successfully
2016-12-18,576,0,611.3,network_lp,127.5,1,1,1,0.8,1.050000967614175,0.7499127599435687,Optimization terminated successfully
2016-12-18,576,0,611.3,fixed_recovery,127.5,1,1,1,0.8,1.0499987583246289,0.7861400919163031,Optimization terminated successfully
2016-12-18,576,0,611.3,myopic_recovery,127.5,1,1,1,0.8,1.0500006474721626,0.9999532184667258,myopic rollout feasible
2016-12-18,576,0,611.3,energy_only,187.8125,1,0,1,0.8,1.0554235701904822,0.8269734666800772,Optimization terminated successfully
2016-12-19,577,0,611.3,network_lp,101.71875,1,1,1,0.8,1.0500003189906855,0.9999653139729594,Optimization terminated successfully
2016-12-19,577,0,611.3,fixed_recovery,101.71875,1,1,1,0.8,1.0499983290917212,0.834428903946592,Optimization terminated successfully
2016-12-19,577,0,611.3,myopic_recovery,101.71875,1,1,1,0.8,1.0500007064683539,0.8050011487529849,myopic rollout feasible
2016-12-19,577,0,611.3,energy_only,282.8125,1,0,1,0.8,1.0631999825269471,0.8752363596495053,Optimization terminated successfully
2016-12-20,578,0,611.3,network_lp,102.578125,1,1,1,0.8,1.0500008667714538,0.9999629305961829,Optimization terminated successfully
2016-12-20,578,0,611.3,fixed_recovery,102.578125,1,1,1,0.8,1.049997763995693,0.7292084186095451,Optimization terminated successfully
2016-12-20,578,0,611.3,myopic_recovery,102.578125,1,1,1,0.8,1.0500005967735846,0.7311279667417725,myopic rollout feasible
2016-12-20,578,0,611.3,energy_only,220.234375,1,0,1,0.8,1.0586431830442733,0.9017177053450952,Optimization terminated successfully
2016-12-21,579,0,611.3,network_lp,120.703125,1,1,1,0.8,1.0499996338017934,0.751836931616987,Optimization terminated successfully
2016-12-21,579,0,611.3,fixed_recovery,120.703125,1,1,1,0.8,1.0499961375978326,0.7867569208974343,Optimization terminated successfully
2016-12-21,579,0,611.3,myopic_recovery,120.703125,1,1,1,0.8,1.0500005457050359,0.9999894450722693,myopic rollout feasible
2016-12-21,579,0,611.3,energy_only,184.296875,1,0,1,0.8,1.0566799473691206,0.8708085550932155,Optimization terminated successfully
2016-12-22,580,0,611.3,network_lp,121.328125,1,1,1,0.8,1.0500007274768297,0.9224457742548771,Optimization terminated successfully
2016-12-22,580,0,611.3,fixed_recovery,121.328125,1,1,1,0.8,1.0499993218839028,0.6907049963236799,Optimization terminated successfully
2016-12-22,580,0,611.3,myopic_recovery,121.328125,1,1,1,0.8,1.050000503840883,0.7710805610190546,myopic rollout feasible
2016-12-22,580,0,611.3,energy_only,193.4375,1,0,1,0.8,1.0553366968651112,0.8577643652328031,Optimization terminated successfully
2016-12-23,581,0,611.3,network_lp,128.515625,1,1,1,0.8,1.0500003727484324,0.9673621458485596,Optimization terminated successfully
2016-12-23,581,0,611.3,fixed_recovery,128.515625,1,1,1,0.8,1.0499962540665366,0.7367607495601232,Optimization terminated successfully
2016-12-23,581,0,611.3,myopic_recovery,128.515625,1,1,1,0.8,1.050000703207202,0.8595080034918889,myopic rollout feasible
2016-12-23,581,0,611.3,energy_only,214.921875,1,0,1,0.8,1.056364449548699,0.8956593680850468,Optimization terminated successfully
2016-12-24,582,0,611.3,network_lp,134.6875,1,1,1,0.8,1.0500006515246387,0.8855129648890308,Optimization terminated successfully
2016-12-24,582,0,611.3,fixed_recovery,134.6875,1,1,1,0.8,1.0499962380892691,0.7659506653271809,Optimization terminated successfully
2016-12-24,582,0,611.3,myopic_recovery,134.6875,1,1,1,0.8,1.0499994366956529,0.9999727908831089,myopic rollout feasible
2016-12-24,582,0,611.3,energy_only,216.171875,1,0,1,0.8,1.0560077441543831,0.8732619085632335,Optimization terminated successfully
2016-12-25,583,0,611.3,network_lp,103.75,1,1,1,0.8,1.0500005879206271,0.740971430527732,Optimization terminated successfully
2016-12-25,583,0,611.3,fixed_recovery,103.75,1,1,1,0.8,1.0499981936360159,0.7035512063602647,Optimization terminated successfully
2016-12-25,583,0,611.3,myopic_recovery,103.75,1,1,1,0.8,1.0500005584527712,0.725643267192754,myopic rollout feasible
2016-12-25,583,0,611.3,energy_only,170.9375,1,0,1,0.8,1.057614576309489,0.8507650058897019,Optimization terminated successfully
2016-12-26,584,0,611.3,network_lp,96.171875,1,1,1,0.8,1.0500009459004955,0.9142752423223587,Optimization terminated successfully
2016-12-26,584,0,611.3,fixed_recovery,96.171875,1,1,1,0.8,1.0500005314216663,0.7564150504766939,Optimization terminated successfully
2016-12-26,584,0,611.3,myopic_recovery,96.171875,1,1,1,0.8,1.0500005307818343,0.9999551738706426,myopic rollout feasible
2016-12-26,584,0,611.3,energy_only,236.015625,1,0,1,0.8,1.06025182228751,0.8694642638043086,Optimization terminated successfully
2016-12-27,585,0,611.3,network_lp,105.703125,1,1,1,0.8,1.050000196885431,0.8767576625668125,Optimization terminated successfully
2016-12-27,585,0,611.3,fixed_recovery,105.703125,1,1,1,0.8,1.0499957011719983,0.696649740909957,Optimization terminated successfully
2016-12-27,585,0,611.3,myopic_recovery,105.703125,1,1,1,0.8,1.0500007941990475,0.7950021518378779,myopic rollout feasible
2016-12-27,585,0,611.3,energy_only,215.625,1,0,1,0.8,1.0580879917928312,0.8882844390121016,Optimization terminated successfully
2016-12-28,586,0,611.3,network_lp,98.90625,1,1,1,0.8,1.0500006261723405,0.7115395732423236,Optimization terminated successfully
2016-12-28,586,0,611.3,fixed_recovery,98.90625,1,1,1,0.8,1.0499990275534252,0.6355090857182915,Optimization terminated successfully
2016-12-28,586,0,611.3,myopic_recovery,98.90625,1,1,1,0.8,1.050000733392477,0.7380576586244604,myopic rollout feasible
2016-12-28,586,0,611.3,energy_only,160.234375,1,0,1,0.8,1.0545655634885838,0.7893588586002154,Optimization terminated successfully
2016-12-29,587,0,611.3,network_lp,92.65625,1,1,1,0.8,1.0500009137183972,0.8310997797835863,Optimization terminated successfully
2016-12-29,587,0,611.3,fixed_recovery,92.65625,1,1,1,0.8,1.0499993061321262,0.6919028471302977,Optimization terminated successfully
2016-12-29,587,0,611.3,myopic_recovery,92.65625,1,1,1,0.8,1.0500006338219994,0.7604417795604473,myopic rollout feasible
2016-12-29,587,0,611.3,energy_only,190.0,1,0,1,0.8,1.0589413178962381,0.9314706095481831,Optimization terminated successfully
2016-12-30,588,0,611.3,network_lp,126.015625,1,1,1,0.8,1.0500009158776924,0.7980854989816436,Optimization terminated successfully
2016-12-30,588,0,611.3,fixed_recovery,126.015625,1,1,1,0.8,1.0499962624812205,0.678361877809837,Optimization terminated successfully
2016-12-30,588,0,611.3,myopic_recovery,126.015625,1,1,1,0.8,1.0500008634721572,0.7326522748498937,myopic rollout feasible
2016-12-30,588,0,611.3,energy_only,186.09375,1,0,1,0.8,1.0544611425204353,0.8578773699971743,Optimization terminated successfully
2016-12-31,589,0,611.3,network_lp,123.046875,1,1,1,0.8,1.050000861249276,0.7300655592911646,Optimization terminated successfully
2016-12-31,589,0,611.3,fixed_recovery,123.046875,1,1,1,0.8,1.0499985363298128,0.6004133961820333,Optimization terminated successfully
2016-12-31,589,0,611.3,myopic_recovery,123.046875,1,1,1,0.8,1.0500006916823057,0.7257660714280314,myopic rollout feasible
2016-12-31,589,0,611.3,energy_only,136.953125,1,0,1,0.8,1.051043963227342,0.7366238655619444,Optimization terminated successfully
2017-01-01,590,0,611.3,network_lp,97.734375,1,1,1,0.8,1.0500009555217453,0.7134585469185183,Optimization terminated successfully
2017-01-01,590,0,611.3,fixed_recovery,97.734375,1,1,1,0.8,1.0499986634961578,0.6458389196348933,Optimization terminated successfully
2017-01-01,590,0,611.3,myopic_recovery,97.734375,1,1,1,0.8,1.0500008718548464,0.8101868698709445,myopic rollout feasible
2017-01-01,590,0,611.3,energy_only,209.140625,1,0,1,0.8,1.0582013288994707,0.8533852081801109,Optimization terminated successfully
2017-01-02,591,0,611.3,network_lp,114.21875,1,1,1,0.8,1.0500002464534037,0.7282285610301039,Optimization terminated successfully
2017-01-02,591,0,611.3,fixed_recovery,114.21875,1,1,1,0.8,1.0499965331861314,0.6620321705775207,Optimization terminated successfully
2017-01-02,591,0,611.3,myopic_recovery,114.21875,1,1,1,0.8,1.050000706082011,0.732225762537562,myopic rollout feasible
2017-01-02,591,0,611.3,energy_only,163.828125,1,0,1,0.8,1.0537019434361197,0.8130522672161742,Optimization terminated successfully
2017-01-03,592,0,611.3,network_lp,118.203125,1,1,1,0.8,1.050000891371732,0.7388847715986842,Optimization terminated successfully
2017-01-03,592,0,611.3,fixed_recovery,118.203125,1,1,1,0.8,1.0499956184359707,0.6247515810745655,Optimization terminated successfully
2017-01-03,592,0,611.3,myopic_recovery,118.203125,1,1,1,0.8,1.04999962045429,0.77474627772604,myopic rollout feasible
2017-01-03,592,0,611.3,energy_only,157.578125,1,0,1,0.8,1.0529511751594482,0.7733646558107694,Optimization terminated successfully
2017-01-04,593,0,611.3,network_lp,123.75,1,1,1,0.8,1.050000433455934,0.8473705163013507,Optimization terminated successfully
2017-01-04,593,0,611.3,fixed_recovery,123.75,1,1,1,0.8,1.0499954016794457,0.808235995607712,Optimization terminated successfully
2017-01-04,593,0,611.3,myopic_recovery,123.75,1,1,1,0.8,1.0499998710021314,0.9999630971604655,myopic rollout feasible
2017-01-04,593,0,611.3,energy_only,186.328125,1,0,1,0.8,1.0555498041133238,0.9021270196237599,Optimization terminated successfully
2017-01-05,594,0,611.3,network_lp,123.125,1,1,1,0.8,1.050000721031236,0.9766522629282735,Optimization terminated successfully
2017-01-05,594,0,611.3,fixed_recovery,123.125,1,1,1,0.8,1.0499979722215853,0.7118615680086241,Optimization terminated successfully
2017-01-05,594,0,611.3,myopic_recovery,123.125,1,1,1,0.8,1.050000647006425,0.8187017841329784,myopic rollout feasible
2017-01-05,594,0,611.3,energy_only,171.40625,1,0,1,0.8,1.0551802615753607,0.9766522813518257,Optimization terminated successfully
2017-01-06,595,0,611.3,network_lp,132.65625,1,1,1,0.8,1.050000899606224,0.9999424634722784,Optimization terminated successfully
2017-01-06,595,0,611.3,fixed_recovery,132.65625,1,1,1,0.8,1.0499982328246036,0.7470623058357109,Optimization terminated successfully
2017-01-06,595,0,611.3,myopic_recovery,132.65625,1,1,1,0.8,1.0500002815080518,0.7986869374762705,myopic rollout feasible
2017-01-06,595,0,611.3,energy_only,182.65625,1,0,1,0.8,1.0554531247004753,0.9206295174043625,Optimization terminated successfully
2017-01-07,596,0,611.3,network_lp,123.203125,1,1,1,0.8,1.0500008886778889,0.9874506160839651,Optimization terminated successfully
2017-01-07,596,0,611.3,fixed_recovery,123.203125,1,1,1,0.8,1.0499989406598282,0.7286900300938739,Optimization terminated successfully
2017-01-07,596,0,611.3,myopic_recovery,123.203125,1,1,1,0.8,1.0500009021781846,0.8168092468668116,myopic rollout feasible
2017-01-07,596,0,611.3,energy_only,177.1875,1,0,1,0.8,1.055472390135357,0.9890028600710358,Optimization terminated successfully
2017-01-08,597,0,611.3,network_lp,132.65625,1,1,1,0.8,1.0499999033029253,0.8557766573594549,Optimization terminated successfully
2017-01-08,597,0,611.3,fixed_recovery,132.65625,1,1,1,0.8,1.0499982329771893,0.7072492445364277,Optimization terminated successfully
2017-01-08,597,0,611.3,myopic_recovery,132.65625,1,1,1,0.8,1.0500003382753957,0.8205109861383432,myopic rollout feasible
2017-01-08,597,0,611.3,energy_only,170.234375,1,0,1,0.8,1.0545768408478917,0.9101569141715651,Optimization terminated successfully
2017-01-09,598,0,611.3,network_lp,122.1875,1,1,1,0.8,1.050000478595845,0.9999957260593169,Optimization terminated successfully
2017-01-09,598,0,611.3,fixed_recovery,122.1875,1,1,1,0.8,1.049999847573448,0.7358386107435919,Optimization terminated successfully
2017-01-09,598,0,611.3,myopic_recovery,122.1875,1,1,1,0.8,1.050000316646404,0.8901587508858807,myopic rollout feasible
2017-01-09,598,0,611.3,energy_only,175.234375,1,0,1,0.8,1.0553844759370667,0.9999957418643852,Optimization terminated successfully
2017-01-10,599,0,611.3,network_lp,125.625,1,1,1,0.8,1.0500006473351808,0.8581237353870389,Optimization terminated successfully
2017-01-10,599,0,611.3,fixed_recovery,125.625,1,1,1,0.8,1.0499955384128226,0.6864293456099827,Optimization terminated successfully
2017-01-10,599,0,611.3,myopic_recovery,125.625,1,1,1,0.8,1.050000793313068,0.7509307665758671,myopic rollout feasible
2017-01-10,599,0,611.3,energy_only,167.1875,1,0,1,0.8,1.0537808426254371,0.8527044343416992,Optimization terminated successfully
2017-01-11,600,0,611.3,network_lp,132.421875,1,1,1,0.8,1.0500008586275975,0.9999744733435222,Optimization terminated successfully
2017-01-11,600,0,611.3,fixed_recovery,132.421875,1,1,1,0.8,1.0499961210940394,0.736080702425825,Optimization terminated successfully
2017-01-11,600,0,611.3,myopic_recovery,132.421875,1,1,1,0.8,1.0500009017719962,0.7912387287588248,myopic rollout feasible
2017-01-11,600,0,611.3,energy_only,175.78125,1,0,1,0.8,1.0556264270003732,0.9999744832877266,Optimization terminated successfully
2017-01-12,601,0,611.3,network_lp,130.9375,1,1,1,0.8,1.050000652148838,0.9804694840698406,Optimization terminated successfully
2017-01-12,601,0,611.3,fixed_recovery,130.9375,1,1,1,0.8,1.0499953220052942,0.722040726073779,Optimization terminated successfully
2017-01-12,601,0,611.3,myopic_recovery,130.9375,1,1,1,0.8,1.0500001756926511,0.9470831567569564,myopic rollout feasible
2017-01-12,601,0,611.3,energy_only,203.046875,1,0,1,0.8,1.056083271475118,0.8715132782650105,Optimization terminated successfully
2017-01-13,602,0,611.3,network_lp,123.828125,1,1,1,0.8,1.050000384953951,0.9292822428523067,Optimization terminated successfully
2017-01-13,602,0,611.3,fixed_recovery,123.828125,1,1,1,0.8,1.0499960819581882,0.7308467227685533,Optimization terminated successfully
2017-01-13,602,0,611.3,myopic_recovery,123.828125,1,1,1,0.8,1.050000719118577,0.7760577069205364,myopic rollout feasible
2017-01-13,602,0,611.3,energy_only,245.234375,1,0,1,0.8,1.0588848490235787,0.8703928501261387,Optimization terminated successfully
2017-01-14,603,0,611.3,network_lp,125.625,1,1,1,0.8,1.0500008449209202,0.9236188258643311,Optimization terminated successfully
2017-01-14,603,0,611.3,fixed_recovery,125.625,1,1,1,0.8,1.049995906512059,0.6989344566539107,Optimization terminated successfully
2017-01-14,603,0,611.3,myopic_recovery,125.625,1,1,1,0.8,1.0500005457151576,0.7677589160409454,myopic rollout feasible
2017-01-14,603,0,611.3,energy_only,176.171875,1,0,1,0.8,1.0537685984785299,0.9378961397968595,Optimization terminated successfully
2017-01-15,604,0,611.3,network_lp,132.890625,1,1,1,0.8,1.050000778079767,0.9999486467208039,Optimization terminated successfully
2017-01-15,604,0,611.3,fixed_recovery,132.890625,1,1,1,0.8,1.0500003506017417,0.7553483453052524,Optimization terminated successfully
2017-01-15,604,0,611.3,myopic_recovery,132.890625,1,1,1,0.8,1.0500008617199408,0.9461009448012792,myopic rollout feasible
2017-01-15,604,0,611.3,energy_only,182.65625,1,0,1,0.8,1.054923657662546,1.0233447770734987,Optimization terminated successfully
2017-01-16,605,0,611.3,network_lp,122.578125,1,1,1,0.8,1.0500005730931297,0.7334426395432938,Optimization terminated successfully
2017-01-16,605,0,611.3,fixed_recovery,122.578125,1,1,1,0.8,1.0499983311137409,0.669394381599957,Optimization terminated successfully
2017-01-16,605,0,611.3,myopic_recovery,122.578125,1,1,1,0.8,1.0500003772817117,0.7344221763906521,myopic rollout feasible
2017-01-16,605,0,611.3,energy_only,164.609375,1,0,1,0.8,1.0531503209671038,0.8148680618844473,Optimization terminated successfully
2017-01-17,606,0,611.3,network_lp,122.34375,1,1,1,0.8,1.0500004393122842,0.7208788161003171,Optimization terminated successfully
2017-01-17,606,0,611.3,fixed_recovery,122.34375,1,1,1,0.8,1.0499979175527836,0.6475138858432357,Optimization terminated successfully
2017-01-17,606,0,611.3,myopic_recovery,122.34375,1,1,1,0.8,1.0499995647086238,0.7555590472751257,myopic rollout feasible
2017-01-17,606,0,611.3,energy_only,161.09375,1,0,1,0.8,1.0529064877455563,0.7852804598246549,Optimization terminated successfully
2017-01-18,607,0,611.3,network_lp,120.46875,1,1,1,0.8,1.0500008018532228,0.802995807968394,Optimization terminated successfully
2017-01-18,607,0,611.3,fixed_recovery,120.46875,1,1,1,0.8,1.0499990530115109,0.6940406530982712,Optimization terminated successfully
2017-01-18,607,0,611.3,myopic_recovery,120.46875,1,1,1,0.8,1.0500007941152574,0.7622282636817321,myopic rollout feasible
2017-01-18,607,0,611.3,energy_only,168.671875,1,0,1,0.8,1.0546303844465255,0.874922910176496,Optimization terminated successfully
2017-01-19,608,0,611.3,network_lp,129.140625,1,1,1,0.8,1.0500005618132517,0.9685871795917832,Optimization terminated successfully
2017-01-19,608,0,611.3,fixed_recovery,129.140625,1,1,1,0.8,1.0499983574095735,0.7100041521444597,Optimization terminated successfully
2017-01-19,608,0,611.3,myopic_recovery,129.140625,1,1,1,0.8,1.050000558245819,0.7362810636984595,myopic rollout feasible
2017-01-19,608,0,611.3,energy_only,171.953125,1,0,1,0.8,1.0553681205390004,0.9685871947674191,Optimization terminated successfully
2017-01-20,609,0,611.3,network_lp,133.28125,1,1,1,0.8,1.050000453713749,0.9999604809862886,Optimization terminated successfully
2017-01-20,609,0,611.3,fixed_recovery,133.28125,1,1,1,0.8,1.0500002391925287,0.8640584450977906,Optimization terminated successfully
2017-01-20,609,0,611.3,myopic_recovery,133.28125,1,1,1,0.8,1.0500009685265468,0.8357769097107944,myopic rollout feasible
2017-01-20,609,0,611.3,energy_only,195.546875,1,0,1,0.8,1.0546239415372447,0.8425310106667817,Optimization terminated successfully
2017-01-21,610,0,611.3,network_lp,133.90625,1,1,1,0.8,1.0500002790795036,0.9139828174891291,Optimization terminated successfully
2017-01-21,610,0,611.3,fixed_recovery,133.90625,1,1,1,0.8,1.0499993506448047,0.7426946332945487,Optimization terminated successfully
2017-01-21,610,0,611.3,myopic_recovery,133.90625,1,1,1,0.8,1.0500003144260024,0.9999794026306568,myopic rollout feasible
2017-01-21,610,0,611.3,energy_only,175.703125,1,0,1,0.8,1.0552032349443943,0.9469175989291166,Optimization terminated successfully
2017-01-22,611,0,611.3,network_lp,132.65625,1,1,1,0.8,1.0500007939589924,0.7604417678744315,Optimization terminated successfully
2017-01-22,611,0,611.3,fixed_recovery,132.65625,1,1,1,0.8,1.049998233091364,0.6532950486118562,Optimization terminated successfully
2017-01-22,611,0,611.3,myopic_recovery,132.65625,1,1,1,0.8,1.0500003734175667,0.8431278580626573,myopic rollout feasible
2017-01-22,611,0,611.3,energy_only,174.609375,1,0,1,0.8,1.0551643957579795,0.8818586143882777,Optimization terminated successfully
2017-01-23,612,0,611.3,network_lp,132.03125,1,1,1,0.8,1.050000797311684,0.8760765920070758,Optimization terminated successfully
2017-01-23,612,0,611.3,fixed_recovery,132.03125,1,1,1,0.8,1.0499959661608356,0.7926404740764877,Optimization terminated successfully
2017-01-23,612,0,611.3,myopic_recovery,132.03125,1,1,1,0.8,1.0500004809115533,0.7618875801905545,myopic rollout feasible
2017-01-23,612,0,611.3,energy_only,183.59375,1,0,1,0.8,1.0538443059607518,0.8939947008429923,Optimization terminated successfully
2017-01-24,613,0,611.3,network_lp,130.390625,1,1,1,0.8,1.050000247029719,0.9999957402108255,Optimization terminated successfully
2017-01-24,613,0,611.3,fixed_recovery,130.390625,1,1,1,0.8,1.0499980407949885,0.7382180094781862,Optimization terminated successfully
2017-01-24,613,0,611.3,myopic_recovery,130.390625,1,1,1,0.8,1.05000027954754,0.7622282451416628,myopic rollout feasible
2017-01-24,613,0,611.3,energy_only,175.234375,1,0,1,0.8,1.0555958358125226,0.9999957301672652,Optimization terminated successfully
2017-01-25,614,0,611.3,network_lp,136.796875,1,1,1,0.8,1.050000865288954,0.8090823976133822,Optimization terminated successfully
2017-01-25,614,0,611.3,fixed_recovery,136.796875,1,1,1,0.8,1.049999937216624,0.6525652642995595,Optimization terminated successfully
2017-01-25,614,0,611.3,myopic_recovery,136.796875,1,1,1,0.8,1.050000504244279,0.7972294308599659,myopic rollout feasible
2017-01-25,614,0,611.3,energy_only,164.21875,1,0,1,0.8,1.052056195631978,0.8339037961330604,Optimization terminated successfully
2017-01-26,615,0,611.3,network_lp,131.796875,1,1,1,0.8,1.0500006261834594,0.99994650702466,Optimization terminated successfully
2017-01-26,615,0,611.3,fixed_recovery,131.796875,1,1,1,0.8,1.0499999671764106,0.9131935248932344,Optimization terminated successfully
2017-01-26,615,0,611.3,myopic_recovery,131.796875,1,1,1,0.8,1.0500002122227465,0.8749245650305479,myopic rollout feasible
2017-01-26,615,0,611.3,energy_only,203.671875,1,0,1,0.8,1.055427226868259,0.9134605620750902,Optimization terminated successfully
2017-01-27,616,0,611.3,network_lp,91.40625,1,1,1,0.8,1.050000911671405,0.966012367031714,Optimization terminated successfully
2017-01-27,616,0,611.3,fixed_recovery,91.40625,1,1,1,0.8,1.0500009116714004,0.7453360101843762,Optimization terminated successfully
2017-01-27,616,0,611.3,myopic_recovery,91.40625,1,1,1,0.8,1.0500009116714015,0.7320843402497971,myopic rollout feasible
2017-01-27,616,0,611.3,energy_only,212.65625,1,0,1,0.8,1.0589314179040368,0.8847686769238362,Optimization terminated successfully
2017-01-28,617,0,611.3,network_lp,89.21875,1,1,1,0.8,1.0500008821990272,0.6932156553238064,Optimization terminated successfully
2017-01-28,617,0,611.3,fixed_recovery,89.21875,1,1,1,0.8,1.0500003533495421,0.6318442058627286,Optimization terminated successfully
2017-01-28,617,0,611.3,myopic_recovery,89.21875,1,1,1,0.8,1.0500006188798232,0.76946119527666,myopic rollout feasible
2017-01-28,617,0,611.3,energy_only,164.21875,1,0,1,0.8,1.0555720379244398,0.7839423204189204,Optimization terminated successfully
2017-01-29,618,0,611.3,network_lp,116.484375,1,1,1,0.8,1.0500007019856394,0.9999915029374254,Optimization terminated successfully
2017-01-29,618,0,611.3,fixed_recovery,116.484375,1,1,1,0.8,1.0499964192821052,0.7585443444782024,Optimization terminated successfully
2017-01-29,618,0,611.3,myopic_recovery,116.484375,1,1,1,0.8,1.0500006648026456,0.7838394909073392,myopic rollout feasible
2017-01-29,618,0,611.3,energy_only,264.453125,1,0,1,0.8,1.0608126872235877,0.8724099967157481,Optimization terminated successfully
2017-01-30,619,0,611.3,network_lp,119.453125,1,1,1,0.8,1.0500008994636656,0.7972254987256159,Optimization terminated successfully
2017-01-30,619,0,611.3,fixed_recovery,119.453125,1,1,1,0.8,1.0499952305416345,0.8318224669571818,Optimization terminated successfully
2017-01-30,619,0,611.3,myopic_recovery,119.453125,1,1,1,0.8,1.0500008457119938,0.7972254987256159,myopic rollout feasible
2017-01-30,619,0,611.3,energy_only,190.15625,1,0,1,0.8,1.0552305556409796,1.0910080557566229,Optimization terminated successfully
2017-01-31,620,0,611.3,network_lp,117.578125,1,1,1,0.8,1.050000878021864,0.7353695433773052,Optimization terminated successfully
2017-01-31,620,0,611.3,fixed_recovery,117.578125,1,1,1,0.8,1.0500006407100089,0.6328892793292772,Optimization terminated successfully
2017-01-31,620,0,611.3,myopic_recovery,117.578125,1,1,1,0.8,1.0500006407100089,0.8131103242199746,myopic rollout feasible
2017-01-31,620,0,611.3,energy_only,158.90625,1,0,1,0.8,1.0530999267612102,0.7767059219101591,Optimization terminated successfully
2017-02-01,621,0,611.3,network_lp,121.71875,1,1,1,0.8,1.0500003665266004,0.7821204412604632,Optimization terminated successfully
2017-02-01,621,0,611.3,fixed_recovery,121.71875,1,1,1,0.8,1.0499976322446003,0.6532906521106528,Optimization terminated successfully
2017-02-01,621,0,611.3,myopic_recovery,121.71875,1,1,1,0.8,1.0500006680711882,0.8077141709240689,myopic rollout feasible
2017-02-01,621,0,611.3,energy_only,179.921875,1,0,1,0.8,1.054325981668611,0.8513997773917795,Optimization terminated successfully
2017-02-02,622,0,611.3,network_lp,111.640625,1,1,1,0.8,1.050000815102551,0.7149361561066188,Optimization terminated successfully
2017-02-02,622,0,611.3,fixed_recovery,111.640625,1,1,1,0.8,1.0499977795465647,0.6418012774851123,Optimization terminated successfully
2017-02-02,622,0,611.3,myopic_recovery,111.640625,1,1,1,0.8,1.0500009990549373,0.764488593978868,myopic rollout feasible
2017-02-02,622,0,611.3,energy_only,160.625,1,0,1,0.8,1.053656484032051,0.7863331435903679,Optimization terminated successfully
2017-02-03,623,0,611.3,network_lp,109.296875,1,1,1,0.8,1.0500007466584713,0.9999558139742691,Optimization terminated successfully
2017-02-03,623,0,611.3,fixed_recovery,109.296875,1,1,1,0.8,1.049997371789441,0.773019032812103,Optimization terminated successfully
2017-02-03,623,0,611.3,myopic_recovery,109.296875,1,1,1,0.8,1.0500004291870948,0.7766220185746182,myopic rollout feasible
2017-02-03,623,0,611.3,energy_only,246.875,1,0,1,0.8,1.0600656488003124,0.8814067803965128,Optimization terminated successfully
2017-02-04,624,0,611.3,network_lp,132.890625,1,1,1,0.8,1.0500003501602024,0.9983300272706933,Optimization terminated successfully
2017-02-04,624,0,611.3,fixed_recovery,132.890625,1,1,1,0.8,1.0500003501602024,0.8537659554291275,Optimization terminated successfully
2017-02-04,624,0,611.3,myopic_recovery,132.890625,1,1,1,0.8,1.0500003501602024,0.9999861469454815,myopic rollout feasible
2017-02-04,624,0,611.3,energy_only,300.0,1,0,1,0.8,1.0621315495981918,0.8909661721442588,Optimization terminated successfully
2017-02-05,625,0,611.3,network_lp,131.40625,1,1,1,0.8,1.0500007578917407,0.9999846416008219,Optimization terminated successfully
2017-02-05,625,0,611.3,fixed_recovery,131.40625,1,1,1,0.8,1.0499970891803256,0.8086017374849999,Optimization terminated successfully
2017-02-05,625,0,611.3,myopic_recovery,131.40625,1,1,1,0.8,1.05000006649653,0.9999646616256317,myopic rollout feasible
2017-02-05,625,0,611.3,energy_only,241.5625,1,0,1,0.8,1.0580714208768147,0.8851788446551077,Optimization terminated successfully
2017-02-06,626,0,611.3,network_lp,107.578125,1,1,1,0.8,1.0500009573056504,0.8421353998329899,Optimization terminated successfully
2017-02-06,626,0,611.3,fixed_recovery,107.578125,1,1,1,0.8,1.0499965439253844,0.6572928924280619,Optimization terminated successfully
2017-02-06,626,0,611.3,myopic_recovery,107.578125,1,1,1,0.8,1.050000476508198,0.7460374847076737,myopic rollout feasible
2017-02-06,626,0,611.3,energy_only,195.234375,1,0,1,0.8,1.0564707089899736,0.8187945345632186,Optimization terminated successfully
2017-02-07,627,0,611.3,network_lp,118.203125,1,1,1,0.8,1.0500003660222517,0.9334881296087254,Optimization terminated successfully
2017-02-07,627,0,611.3,fixed_recovery,118.203125,1,1,1,0.8,1.049997291252419,0.7092922095494423,Optimization terminated successfully
2017-02-07,627,0,611.3,myopic_recovery,118.203125,1,1,1,0.8,1.050000793652194,0.7509307719876027,myopic rollout feasible
2017-02-07,627,0,611.3,energy_only,246.875,1,0,1,0.8,1.0594159896868103,0.8327361222954296,Optimization terminated successfully
2017-02-08,628,0,611.3,network_lp,108.59375,1,1,1,0.8,1.0500006952140428,0.8640149948059924,Optimization terminated successfully
2017-02-08,628,0,611.3,fixed_recovery,108.59375,1,1,1,0.8,1.050000297661938,0.6644635648367047,Optimization terminated successfully
2017-02-08,628,0,611.3,myopic_recovery,108.59375,1,1,1,0.8,1.0500008712672266,0.7762021133512599,myopic rollout feasible
2017-02-08,628,0,611.3,energy_only,207.34375,1,0,1,0.8,1.0572751601171937,0.813675391169302,Optimization terminated successfully
2017-02-09,629,0,611.3,network_lp,126.953125,1,1,1,0.8,1.0500005523073643,0.8262419416132226,Optimization terminated successfully
2017-02-09,629,0,611.3,fixed_recovery,126.953125,1,1,1,0.8,1.0499959318354453,0.6525258325285879,Optimization terminated successfully
2017-02-09,629,0,611.3,myopic_recovery,126.953125,1,1,1,0.8,1.0500009954527356,0.7898650912575572,myopic rollout feasible
2017-02-09,629,0,611.3,energy_only,186.71875,1,0,1,0.8,1.0544384144592889,0.8272980607943642,Optimization terminated successfully
2017-02-10,630,0,611.3,network_lp,94.609375,1,1,1,0.8,1.0500000866987824,0.7613745554642164,Optimization terminated successfully
2017-02-10,630,0,611.3,fixed_recovery,94.609375,1,1,1,0.8,1.0499982087949342,0.6327011972629525,Optimization terminated successfully
2017-02-10,630,0,611.3,myopic_recovery,94.609375,1,1,1,0.8,1.0500009445305147,0.7467835338238201,myopic rollout feasible
2017-02-10,630,0,611.3,energy_only,160.0,1,0,1,0.8,1.0551630992283747,0.8029158861541452,Optimization terminated successfully
2017-02-11,631,0,611.3,network_lp,136.953125,1,1,1,0.8,1.0500007674504415,0.9999682493551735,Optimization terminated successfully
2017-02-11,631,0,611.3,fixed_recovery,136.953125,1,1,1,0.8,1.0499962706016348,0.8009276653235926,Optimization terminated successfully
2017-02-11,631,0,611.3,myopic_recovery,136.953125,1,1,1,0.8,1.0500007325725604,0.8937877330857488,myopic rollout feasible
2017-02-11,631,0,611.3,energy_only,221.25,1,0,1,0.8,1.0562097316833838,0.8786160301446226,Optimization terminated successfully
2017-02-12,632,0,611.3,network_lp,100.546875,1,1,1,0.8,1.050000902228304,0.9999933226557208,Optimization terminated successfully
2017-02-12,632,0,611.3,fixed_recovery,100.546875,1,1,1,0.8,1.04999649348088,0.795697932047148,Optimization terminated successfully
2017-02-12,632,0,611.3,myopic_recovery,100.546875,1,1,1,0.8,1.049999568424018,0.999927547122186,myopic rollout feasible
2017-02-12,632,0,611.3,energy_only,292.03125,1,0,1,0.8,1.0639459092508305,0.9088744130183635,Optimization terminated successfully
2017-02-13,633,0,611.3,network_lp,119.53125,1,1,1,0.8,1.0500007017218047,0.8649973119338438,Optimization terminated successfully
2017-02-13,633,0,611.3,fixed_recovery,119.53125,1,1,1,0.8,1.0500005838003925,0.6686823378613628,Optimization terminated successfully
2017-02-13,633,0,611.3,myopic_recovery,119.53125,1,1,1,0.8,1.0500007947415206,0.7979282983198156,myopic rollout feasible
2017-02-13,633,0,611.3,energy_only,207.890625,1,0,1,0.8,1.0565151504993735,0.8148052142856257,Optimization terminated successfully
2017-02-14,634,0,611.3,network_lp,91.015625,1,1,1,0.8,1.0500007265929254,0.7493796306803187,Optimization terminated successfully
2017-02-14,634,0,611.3,fixed_recovery,91.015625,1,1,1,0.8,1.0499976535310005,0.6270240318310613,Optimization terminated successfully
2017-02-14,634,0,611.3,myopic_recovery,91.015625,1,1,1,0.8,1.0500004460230103,0.7222006518681681,myopic rollout feasible
2017-02-14,634,0,611.3,energy_only,157.265625,1,0,1,0.8,1.0549298516691212,0.8032187971058586,Optimization terminated successfully
2017-02-15,635,0,611.3,network_lp,120.390625,1,1,1,0.8,1.0500008773353533,0.912202379277701,Optimization terminated successfully
2017-02-15,635,0,611.3,fixed_recovery,120.390625,1,1,1,0.8,1.0499995020326804,0.6922048488869443,Optimization terminated successfully
2017-02-15,635,0,611.3,myopic_recovery,120.390625,1,1,1,0.8,1.0500009752194153,0.7392770305596428,myopic rollout feasible
2017-02-15,635,0,611.3,energy_only,226.71875,1,0,1,0.8,1.057813518315774,0.8519338314243551,Optimization terminated successfully
2017-02-16,636,0,611.3,network_lp,101.640625,1,1,1,0.8,1.0500009650772877,0.8745491881884813,Optimization terminated successfully
2017-02-16,636,0,611.3,fixed_recovery,101.640625,1,1,1,0.8,1.0499984366322088,0.6890592264523313,Optimization terminated successfully
2017-02-16,636,0,611.3,myopic_recovery,101.640625,1,1,1,0.8,1.0500008201091544,0.7308930483353858,myopic rollout feasible
2017-02-16,636,0,611.3,energy_only,214.296875,1,0,1,0.8,1.0582984349301487,0.832685362378196,Optimization terminated successfully
2017-02-17,637,0,611.3,network_lp,134.53125,1,1,1,0.8,1.0500008885361145,0.9999308822349603,Optimization terminated successfully
2017-02-17,637,0,611.3,fixed_recovery,134.53125,1,1,1,0.8,1.0499998996522275,0.9417451928370045,Optimization terminated successfully
2017-02-17,637,0,611.3,myopic_recovery,134.53125,1,1,1,0.8,1.0500000646648378,0.9999428034686021,myopic rollout feasible
2017-02-17,637,0,611.3,energy_only,225.15625,1,0,1,0.8,1.05666957589192,0.9026495613992244,Optimization terminated successfully
2017-02-18,638,0,611.3,network_lp,96.875,1,1,1,0.8,1.0500008304006012,0.9091594559230333,Optimization terminated successfully
2017-02-18,638,0,611.3,fixed_recovery,96.875,1,1,1,0.8,1.049996920626687,0.7280507612289232,Optimization terminated successfully
2017-02-18,638,0,611.3,myopic_recovery,96.875,1,1,1,0.8,1.0500006844135978,0.7462666558818796,myopic rollout feasible
2017-02-18,638,0,611.3,energy_only,233.90625,1,0,1,0.8,1.0600557693338404,0.849890495450349,Optimization terminated successfully
2017-02-19,639,0,611.3,network_lp,90.625,1,1,1,0.8,1.050000304374624,0.7186969769506756,Optimization terminated successfully
2017-02-19,639,0,611.3,fixed_recovery,90.625,1,1,1,0.8,1.0499995998584182,0.6950825188401659,Optimization terminated successfully
2017-02-19,639,0,611.3,myopic_recovery,90.625,1,1,1,0.8,1.0500002099098864,0.7459690276439289,myopic rollout feasible
2017-02-19,639,0,611.3,energy_only,174.21875,1,0,1,0.8,1.0605337221663105,0.8525588326242166,Optimization terminated successfully
2017-02-20,640,0,611.3,network_lp,114.921875,1,1,1,0.8,1.0500009552484866,0.9230276235610896,Optimization terminated successfully
2017-02-20,640,0,611.3,fixed_recovery,114.921875,1,1,1,0.8,1.0499980412944934,0.7517856602380759,Optimization terminated successfully
2017-02-20,640,0,611.3,myopic_recovery,114.921875,1,1,1,0.8,1.0500004437466572,0.7634447468640312,myopic rollout feasible
2017-02-20,640,0,611.3,energy_only,241.71875,1,0,1,0.8,1.0592902353238527,0.9664490899068069,Optimization terminated successfully
2017-02-21,641,0,611.3,network_lp,117.265625,1,1,1,0.8,1.0500006210487567,0.8724550585433216,Optimization terminated successfully
2017-02-21,641,0,611.3,fixed_recovery,117.265625,1,1,1,0.8,1.0499961174684591,0.7896302902036468,Optimization terminated successfully
2017-02-21,641,0,611.3,myopic_recovery,117.265625,1,1,1,0.8,1.049999921494392,0.9999674788610962,myopic rollout feasible
2017-02-21,641,0,611.3,energy_only,208.90625,1,0,1,0.8,1.0567472842095043,0.8540033597297142,Optimization terminated successfully
2017-02-22,642,0,611.3,network_lp,118.4375,1,1,1,0.8,1.0500007368382005,0.8111780165775379,Optimization terminated successfully
2017-02-22,642,0,611.3,fixed_recovery,118.4375,1,1,1,0.8,1.0500007368382005,0.6569101705060746,Optimization terminated successfully
2017-02-22,642,0,611.3,myopic_recovery,118.4375,1,1,1,0.8,1.0500009352755995,0.7402388631677037,myopic rollout feasible
2017-02-22,642,0,611.3,energy_only,177.5,1,0,1,0.8,1.054391945604814,0.8463511478013579,Optimization terminated successfully
2017-02-23,643,0,611.3,network_lp,110.625,1,1,1,0.8,1.0500007561632947,0.8185951854898349,Optimization terminated successfully
2017-02-23,643,0,611.3,fixed_recovery,110.625,1,1,1,0.8,1.0499969464689713,0.673892045035085,Optimization terminated successfully
2017-02-23,643,0,611.3,myopic_recovery,110.625,1,1,1,0.8,1.0500009916468218,0.7534873593381731,myopic rollout feasible
2017-02-23,643,0,611.3,energy_only,210.546875,1,0,1,0.8,1.0573527345168405,0.8128112442841753,Optimization terminated successfully
2017-02-24,644,0,611.3,network_lp,79.53125,1,1,1,0.8,1.0500005215794375,0.9024422998011055,Optimization terminated successfully
2017-02-24,644,0,611.3,fixed_recovery,79.53125,1,1,1,0.8,1.0499965251177634,0.7581755818993636,Optimization terminated successfully
2017-02-24,644,0,611.3,myopic_recovery,79.53125,1,1,1,0.8,1.050000568693979,0.7499291942107004,myopic rollout feasible
2017-02-24,644,0,611.3,energy_only,230.15625,1,0,1,0.8,1.0610741284240632,0.8298249467341168,Optimization terminated successfully
2017-02-25,645,0,611.3,network_lp,102.265625,1,1,1,0.8,1.0500006471736358,0.8948145507981115,Optimization terminated successfully
2017-02-25,645,0,611.3,fixed_recovery,102.265625,1,1,1,0.8,1.0499977330384103,0.6796547903439855,Optimization terminated successfully
2017-02-25,645,0,611.3,myopic_recovery,102.265625,1,1,1,0.8,1.0500007814269214,0.7942841128581527,myopic rollout feasible
2017-02-25,645,0,611.3,energy_only,224.84375,1,0,1,0.8,1.059035615291835,0.8391208160063729,Optimization terminated successfully
2017-02-26,646,0,611.3,network_lp,114.609375,1,1,1,0.8,1.0500009786849973,0.888129865367294,Optimization terminated successfully
2017-02-26,646,0,611.3,fixed_recovery,114.609375,1,1,1,0.8,1.0499971084522906,0.7019163366787915,Optimization terminated successfully
2017-02-26,646,0,611.3,myopic_recovery,114.609375,1,1,1,0.8,1.0500008087444404,0.7292127658315127,myopic rollout feasible
2017-02-26,646,0,611.3,energy_only,221.953125,1,0,1,0.8,1.0578857321270043,0.8561725019519179,Optimization terminated successfully
2017-02-27,647,0,611.3,network_lp,78.203125,1,1,1,0.8,1.050000495093204,0.8310736181480181,Optimization terminated successfully
2017-02-27,647,0,611.3,fixed_recovery,78.203125,1,1,1,0.8,1.0499983764473866,0.8537093612596632,Optimization terminated successfully
2017-02-27,647,0,611.3,myopic_recovery,78.203125,1,1,1,0.8,1.0500005065874018,0.8310736181480181,myopic rollout feasible
2017-02-27,647,0,611.3,energy_only,195.234375,1,0,1,0.8,1.0586501244143793,1.0721331090261605,Optimization terminated successfully
2017-02-28,648,0,611.3,network_lp,108.90625,1,1,1,0.8,1.0500006323684077,0.9724972213778456,Optimization terminated successfully
2017-02-28,648,0,611.3,fixed_recovery,108.90625,1,1,1,0.8,1.0499964598807252,0.7409093884667777,Optimization terminated successfully
2017-02-28,648,0,611.3,myopic_recovery,108.90625,1,1,1,0.8,1.0500008329810926,0.7707451212245754,myopic rollout feasible
2017-02-28,648,0,611.3,energy_only,268.828125,1,0,1,0.8,1.0616713356764205,1.0079627015333568,Optimization terminated successfully
2017-03-01,649,0,611.3,network_lp,107.03125,1,1,1,0.8,1.0500008022068033,0.7409746026713734,Optimization terminated successfully
2017-03-01,649,0,611.3,fixed_recovery,107.03125,1,1,1,0.8,1.0499997563855992,0.6509793434157174,Optimization terminated successfully
2017-03-01,649,0,611.3,myopic_recovery,107.03125,1,1,1,0.8,1.0500009909185954,0.73713761238483,myopic rollout feasible
2017-03-01,649,0,611.3,energy_only,162.34375,1,0,1,0.8,1.0542948972947437,0.7978521870690678,Optimization terminated successfully
2017-03-02,650,0,611.3,network_lp,64.140625,1,1,1,0.8,1.0500004753978223,0.8505496961432486,Optimization terminated successfully
2017-03-02,650,0,611.3,fixed_recovery,64.140625,1,1,1,0.8,1.0499988397282214,0.6553534944909858,Optimization terminated successfully
2017-03-02,650,0,611.3,myopic_recovery,64.140625,1,1,1,0.8,1.050000765982829,0.7081358438229678,myopic rollout feasible
2017-03-02,650,0,611.3,energy_only,206.796875,1,0,1,0.8,1.0605411803884444,0.8385088806569455,Optimization terminated successfully
2017-03-03,651,0,611.3,network_lp,86.796875,1,1,1,0.8,1.0500001105979617,0.7299092229047345,Optimization terminated successfully
2017-03-03,651,0,611.3,fixed_recovery,86.796875,1,1,1,0.8,1.0500001105979617,0.6495339671104765,Optimization terminated successfully
2017-03-03,651,0,611.3,myopic_recovery,86.796875,1,1,1,0.8,1.0500007415892356,0.854411230276381,myopic rollout feasible
2017-03-03,651,0,611.3,energy_only,176.40625,1,0,1,0.8,1.056714258224209,0.845219255085836,Optimization terminated successfully
2017-03-04,652,0,611.3,network_lp,101.5625,1,1,1,0.8,1.0500006631479428,0.9855844297651215,Optimization terminated successfully
2017-03-04,652,0,611.3,fixed_recovery,101.5625,1,1,1,0.8,1.049998875655137,0.7406295193873954,Optimization terminated successfully
2017-03-04,652,0,611.3,myopic_recovery,101.5625,1,1,1,0.8,1.0500002484210673,0.7586545699879851,myopic rollout feasible
2017-03-04,652,0,611.3,energy_only,276.71875,1,0,1,0.8,1.0627849997641614,0.8505855989811235,Optimization terminated successfully
2017-03-05,653,0,611.3,network_lp,82.265625,1,1,1,0.8,1.0500008579587072,0.7150480701457776,Optimization terminated successfully
2017-03-05,653,0,611.3,fixed_recovery,82.265625,1,1,1,0.8,1.0499993786655373,0.649107218674169,Optimization terminated successfully
2017-03-05,653,0,611.3,myopic_recovery,82.265625,1,1,1,0.8,1.0500009680975464,0.7126387301184238,myopic rollout feasible
2017-03-05,653,0,611.3,energy_only,169.296875,1,0,1,0.8,1.0564550850260852,0.83140090130253,Optimization terminated successfully
2017-03-06,654,0,611.3,network_lp,128.515625,1,1,1,0.8,1.0500007739302943,0.9293587393925704,Optimization terminated successfully
2017-03-06,654,0,611.3,fixed_recovery,128.515625,1,1,1,0.8,1.0499962539906358,0.720388587755062,Optimization terminated successfully
2017-03-06,654,0,611.3,myopic_recovery,128.515625,1,1,1,0.8,1.0500005353136996,0.7622282530795532,myopic rollout feasible
2017-03-06,654,0,611.3,energy_only,258.125,1,0,1,0.8,1.059465730496501,0.8409704688487822,Optimization terminated successfully
2017-03-07,655,0,611.3,network_lp,96.796875,1,1,1,0.8,1.0500007039589363,0.7068728310551518,Optimization terminated successfully
2017-03-07,655,0,611.3,fixed_recovery,96.796875,1,1,1,0.8,1.0499975689243586,0.5894641818097849,Optimization terminated successfully
2017-03-07,655,0,611.3,myopic_recovery,96.796875,1,1,1,0.8,1.0500002347541657,0.717787843502171,myopic rollout feasible
2017-03-07,655,0,611.3,energy_only,154.296875,1,0,1,0.8,1.0542838421641174,0.7491532171355153,Optimization terminated successfully
2017-03-08,656,0,611.3,network_lp,96.71875,1,1,1,0.8,1.050000688313022,0.6596532380218997,Optimization terminated successfully
2017-03-08,656,0,611.3,fixed_recovery,96.71875,1,1,1,0.8,1.049996442195909,0.5901091777580989,Optimization terminated successfully
2017-03-08,656,0,611.3,myopic_recovery,96.71875,1,1,1,0.8,1.0500009383289106,0.7205124757424778,myopic rollout feasible
2017-03-08,656,0,611.3,energy_only,134.6875,1,0,1,0.8,1.0529635826337758,0.73493647236334,Optimization terminated successfully
2017-03-09,657,0,611.3,network_lp,105.625,1,1,1,0.8,1.0499999455288431,0.7143905808953687,Optimization terminated successfully
2017-03-09,657,0,611.3,fixed_recovery,105.625,1,1,1,0.8,1.0499997506073404,0.6893875981015357,Optimization terminated successfully
2017-03-09,657,0,611.3,myopic_recovery,105.625,1,1,1,0.8,1.050000655367257,0.9046734943204229,myopic rollout feasible
2017-03-09,657,0,611.3,energy_only,176.171875,1,0,1,0.8,1.0556534612940982,0.8382882322616331,Optimization terminated successfully
2017-03-10,658,0,611.3,network_lp,63.90625,1,1,1,0.8,1.0499997985228298,0.7574494751144857,Optimization terminated successfully
2017-03-10,658,0,611.3,fixed_recovery,63.90625,1,1,1,0.8,1.0499966370586307,0.6508600586374876,Optimization terminated successfully
2017-03-10,658,0,611.3,myopic_recovery,63.90625,1,1,1,0.8,1.0500009005148272,0.7164465747358316,myopic rollout feasible
2017-03-10,658,0,611.3,energy_only,158.28125,1,0,1,0.8,1.0570135492267545,0.838566092060475,Optimization terminated successfully
2017-03-11,659,0,611.3,network_lp,89.375,1,1,1,0.8,1.0500008242676642,0.9999471256548706,Optimization terminated successfully
2017-03-11,659,0,611.3,fixed_recovery,89.375,1,1,1,0.8,1.0499951279383166,0.7882435579958424,Optimization terminated successfully
2017-03-11,659,0,611.3,myopic_recovery,89.375,1,1,1,0.8,1.0500009262671557,0.762511908256857,myopic rollout feasible
2017-03-11,659,0,611.3,energy_only,297.1875,1,0,1,0.8,1.065132934170123,0.8221989184855354,Optimization terminated successfully
2016-10-31,528,0,634.1,network_lp,137.265625,1,1,1,0.8,1.0500007497763915,0.9999989130300548,Optimization terminated successfully
2016-10-31,528,0,634.1,fixed_recovery,137.265625,1,1,1,0.8,1.0500007497763915,0.9968860495012474,Optimization terminated successfully
2016-10-31,528,0,634.1,myopic_recovery,137.265625,1,1,1,0.8,1.0500007497763915,0.9999646627064532,myopic rollout feasible
2016-10-31,528,0,634.1,energy_only,267.421875,1,0,1,0.8,1.0610558998515203,1.3275013027629656,Optimization terminated successfully
2016-11-01,529,0,634.1,network_lp,137.734375,1,1,1,0.8,1.049998950589208,0.9999588520863798,Optimization terminated successfully
2016-11-01,529,0,634.1,fixed_recovery,137.734375,1,1,1,0.8,1.049998950589208,0.9327023417887158,Optimization terminated successfully
2016-11-01,529,0,634.1,myopic_recovery,137.734375,1,1,1,0.8,1.049998950589208,0.9999588520863798,myopic rollout feasible
2016-11-01,529,0,634.1,energy_only,261.5625,1,0,1,0.8,1.0603900556565768,1.2623436429395443,Optimization terminated successfully
2016-11-02,530,0,634.1,network_lp,157.1875,1,1,1,0.8,1.0500006659557106,0.999958861710179,Optimization terminated successfully
2016-11-02,530,0,634.1,fixed_recovery,157.1875,1,1,1,0.8,1.050000666229635,0.9076036650543409,Optimization terminated successfully
2016-11-02,530,0,634.1,myopic_recovery,157.1875,1,1,1,0.8,1.0500006659557106,0.999958861710179,myopic rollout feasible
2016-11-02,530,0,634.1,energy_only,257.421875,1,0,1,0.8,1.0592853602060477,1.18302342274741,Optimization terminated successfully
2016-11-03,531,0,634.1,network_lp,123.4375,1,1,1,0.8,1.0499986323600117,0.9999958879447809,Optimization terminated successfully
2016-11-03,531,0,634.1,fixed_recovery,123.4375,1,1,1,0.8,1.049998632360012,0.7793011824720896,Optimization terminated successfully
2016-11-03,531,0,634.1,myopic_recovery,123.4375,1,1,1,0.8,1.0499986323600117,0.999998839624955,myopic rollout feasible
2016-11-03,531,0,634.1,energy_only,246.5625,1,0,1,0.8,1.0595560397885921,1.1163905243773804,Optimization terminated successfully
2016-11-04,532,0,634.1,network_lp,121.09375,1,1,1,0.8,1.0499996362704338,0.9999332035143045,Optimization terminated successfully
2016-11-04,532,0,634.1,fixed_recovery,121.09375,1,1,1,0.8,1.049999636469456,0.6781973433775994,Optimization terminated successfully
2016-11-04,532,0,634.1,myopic_recovery,121.09375,1,1,1,0.8,1.0499996362704338,0.9998440045154522,myopic rollout feasible
2016-11-04,532,0,634.1,energy_only,184.53125,1,0,1,0.8,1.0539139903995478,1.0351637070762396,Optimization terminated successfully
2016-11-05,533,0,634.1,network_lp,160.78125,1,1,1,0.8,1.0499983746341985,0.9999698086390467,Optimization terminated successfully
2016-11-05,533,0,634.1,fixed_recovery,160.78125,1,1,1,0.8,1.0499983746341985,0.7935390411866795,Optimization terminated successfully
2016-11-05,533,0,634.1,myopic_recovery,160.78125,1,1,1,0.8,1.0499983746341985,0.9999698023863982,myopic rollout feasible
2016-11-05,533,0,634.1,energy_only,215.546875,1,0,1,0.8,1.0550996751268777,1.0271852904783427,Optimization terminated successfully
2016-11-06,534,0,634.1,network_lp,162.65625,1,1,1,0.8,1.049998864187057,0.9999797405312201,Optimization terminated successfully
2016-11-06,534,0,634.1,fixed_recovery,162.65625,1,1,1,0.8,1.0499988641594595,0.8716879946189989,Optimization terminated successfully
2016-11-06,534,0,634.1,myopic_recovery,162.65625,1,1,1,0.8,1.049998864187057,0.9999803135271446,myopic rollout feasible
2016-11-06,534,0,634.1,energy_only,253.046875,1,0,1,0.8,1.0583746555406213,1.164919236254883,Optimization terminated successfully
2016-11-07,535,0,634.1,network_lp,119.296875,1,1,1,0.8,1.0499996293190565,0.9999116542687011,Optimization terminated successfully
2016-11-07,535,0,634.1,fixed_recovery,119.296875,1,1,1,0.8,1.0499996285167001,0.6932345546071373,Optimization terminated successfully
2016-11-07,535,0,634.1,myopic_recovery,119.296875,1,1,1,0.8,1.0499996293190565,0.9999987431271125,myopic rollout feasible
2016-11-07,535,0,634.1,energy_only,193.125,1,0,1,0.8,1.0547717569135417,1.0532232834025965,Optimization terminated successfully
2016-11-08,536,0,634.1,network_lp,137.65625,1,1,1,0.8,1.0499990832464294,0.999904609037903,Optimization terminated successfully
2016-11-08,536,0,634.1,fixed_recovery,137.65625,1,1,1,0.8,1.0499990823574026,0.6816988288980576,Optimization terminated successfully
2016-11-08,536,0,634.1,myopic_recovery,137.65625,1,1,1,0.8,1.0499990832464294,0.9999117910371159,myopic rollout feasible
2016-11-08,536,0,634.1,energy_only,167.734375,1,0,1,0.8,1.0517924167487671,1.0141262565700337,Optimization terminated successfully
2016-11-09,537,0,634.1,network_lp,156.484375,1,1,1,0.8,1.0500004885043883,0.9999046115201867,Optimization terminated successfully
2016-11-09,537,0,634.1,fixed_recovery,156.484375,1,1,1,0.8,1.0500004884664529,0.7403014037747646,Optimization terminated successfully
2016-11-09,537,0,634.1,myopic_recovery,156.484375,1,1,1,0.8,1.0500004885043883,0.9999468952328411,myopic rollout feasible
2016-11-09,537,0,634.1,energy_only,187.5,1,0,1,0.8,1.0528985175677879,1.0089232733247038,Optimization terminated successfully
2016-11-10,538,0,634.1,network_lp,155.9375,1,1,1,0.8,1.050000726751023,0.9999651329034396,Optimization terminated successfully
2016-11-10,538,0,634.1,fixed_recovery,155.9375,1,1,1,0.8,1.050000726751023,0.8099263844005237,Optimization terminated successfully
2016-11-10,538,0,634.1,myopic_recovery,155.9375,1,1,1,0.8,1.050000726751023,0.9999175735203545,myopic rollout feasible
2016-11-10,538,0,634.1,energy_only,234.53125,1,0,1,0.8,1.0573043205200214,1.114158984790506,Optimization terminated successfully
2016-11-11,539,0,634.1,network_lp,147.5,1,1,1,0.8,1.0499985599378647,0.9999689008651397,Optimization terminated successfully
2016-11-11,539,0,634.1,fixed_recovery,147.5,1,1,1,0.8,1.0499985599378647,0.748900485605964,Optimization terminated successfully
2016-11-11,539,0,634.1,myopic_recovery,147.5,1,1,1,0.8,1.0499985599378647,0.9999864472560899,myopic rollout feasible
2016-11-11,539,0,634.1,energy_only,202.1875,1,0,1,0.8,1.054648844102065,1.0636529954788767,Optimization terminated successfully
2016-11-12,540,0,634.1,network_lp,160.0,1,1,1,0.8,1.049995148041906,0.9999989186356111,Optimization terminated successfully
2016-11-12,540,0,634.1,fixed_recovery,160.0,1,1,1,0.8,1.049995148041906,0.9393240254618541,Optimization terminated successfully
2016-11-12,540,0,634.1,myopic_recovery,160.0,1,1,1,0.8,1.049995148041906,0.999998918635607,myopic rollout feasible
2016-11-12,540,0,634.1,energy_only,259.609375,1,0,1,0.8,1.0592207191049923,1.2345622988481528,Optimization terminated successfully
2016-11-13,541,0,634.1,network_lp,157.34375,1,1,1,0.8,1.049997050542456,0.999968895430297,Optimization terminated successfully
2016-11-13,541,0,634.1,fixed_recovery,157.34375,1,1,1,0.8,1.0499970505244385,0.7750736940463807,Optimization terminated successfully
2016-11-13,541,0,634.1,myopic_recovery,157.34375,1,1,1,0.8,1.049997050542456,0.999968895430297,myopic rollout feasible
2016-11-13,541,0,634.1,energy_only,209.765625,1,0,1,0.8,1.0548828450208625,1.073199775378402,Optimization terminated successfully
2016-11-14,542,0,634.1,network_lp,162.109375,1,1,1,0.8,1.0499948407656374,0.9999989168136746,Optimization terminated successfully
2016-11-14,542,0,634.1,fixed_recovery,162.109375,1,1,1,0.8,1.0499948407470339,0.7366338035709064,Optimization terminated successfully
2016-11-14,542,0,634.1,myopic_recovery,162.109375,1,1,1,0.8,1.0499948407656374,0.9999989168136746,myopic rollout feasible
2016-11-14,542,0,634.1,energy_only,178.515625,1,0,1,0.8,1.0515286382550824,1.0240421513993319,Optimization terminated successfully
2016-11-15,543,0,634.1,network_lp,147.5,1,1,1,0.8,1.0499999896086578,0.9999175729254419,Optimization terminated successfully
2016-11-15,543,0,634.1,fixed_recovery,147.5,1,1,1,0.8,1.0499999896086578,0.7052134342640574,Optimization terminated successfully
2016-11-15,543,0,634.1,myopic_recovery,147.5,1,1,1,0.8,1.0499999896086578,0.9999175722883169,myopic rollout feasible
2016-11-15,543,0,634.1,energy_only,167.734375,1,0,1,0.8,1.0514452767124074,1.010983294807435,Optimization terminated successfully
2016-11-16,544,0,634.1,network_lp,158.046875,1,1,1,0.8,1.0499940206324745,0.9998550733216369,Optimization terminated successfully
2016-11-16,544,0,634.1,fixed_recovery,158.046875,1,1,1,0.8,1.0499940206324745,0.7168235398352716,Optimization terminated successfully
2016-11-16,544,0,634.1,myopic_recovery,158.046875,1,1,1,0.8,1.0499940206324745,0.9999324346157841,myopic rollout feasible
2016-11-16,544,0,634.1,energy_only,169.0625,1,0,1,0.8,1.051025348858686,1.0122956238232237,Optimization terminated successfully
2016-11-17,545,0,634.1,network_lp,161.09375,1,1,1,0.8,1.0500006587208057,0.999998916220142,Optimization terminated successfully
2016-11-17,545,0,634.1,fixed_recovery,161.09375,1,1,1,0.8,1.0500006587208057,0.8650231685779416,Optimization terminated successfully
2016-11-17,545,0,634.1,myopic_recovery,161.09375,1,1,1,0.8,1.0500006587208057,0.999998916220142,myopic rollout feasible
2016-11-17,545,0,634.1,energy_only,260.46875,1,0,1,0.8,1.0592010170489088,1.1601120673065424,Optimization terminated successfully
2016-11-18,546,0,634.1,network_lp,160.703125,1,1,1,0.8,1.0499996619330192,0.9999698108524686,Optimization terminated successfully
2016-11-18,546,0,634.1,fixed_recovery,160.703125,1,1,1,0.8,1.0499996619330192,0.7157864346057629,Optimization terminated successfully
2016-11-18,546,0,634.1,myopic_recovery,160.703125,1,1,1,0.8,1.0499996619330192,0.9999839521217295,myopic rollout feasible
2016-11-18,546,0,634.1,energy_only,166.953125,1,0,1,0.8,1.050585073173586,1.0093932599492523,Optimization terminated successfully
2016-11-19,547,0,634.1,network_lp,159.0625,1,1,1,0.8,1.0500003849479507,0.9999587522522836,Optimization terminated successfully
2016-11-19,547,0,634.1,fixed_recovery,159.0625,1,1,1,0.8,1.0500003849479507,0.711059089189404,Optimization terminated successfully
2016-11-19,547,0,634.1,myopic_recovery,159.0625,1,1,1,0.8,1.0500003849479507,0.9999548303936469,myopic rollout feasible
2016-11-19,547,0,634.1,energy_only,166.40625,1,0,1,0.8,1.0506883506750142,1.0104310723918752,Optimization terminated successfully
2016-11-20,548,0,634.1,network_lp,115.390625,1,1,1,0.8,1.0499986907024814,0.9999651292424037,Optimization terminated successfully
2016-11-20,548,0,634.1,fixed_recovery,115.390625,1,1,1,0.8,1.0499986900933582,0.6585958612079481,Optimization terminated successfully
2016-11-20,548,0,634.1,myopic_recovery,115.390625,1,1,1,0.8,1.0499986907024814,0.9999468969666406,myopic rollout feasible
2016-11-20,548,0,634.1,energy_only,173.984375,1,0,1,0.8,1.0531187423502544,1.0227238379310086,Optimization terminated successfully
2016-11-21,549,0,634.1,network_lp,158.203125,1,1,1,0.8,1.0499975813148297,0.9999946486611034,Optimization terminated successfully
2016-11-21,549,0,634.1,fixed_recovery,158.203125,1,1,1,0.8,1.0499975813148297,0.726653990504939,Optimization terminated successfully
2016-11-21,549,0,634.1,myopic_recovery,158.203125,1,1,1,0.8,1.0499975813148297,0.9999698109878066,myopic rollout feasible
2016-11-21,549,0,634.1,energy_only,176.640625,1,0,1,0.8,1.0517230055060485,1.0263435030171413,Optimization terminated successfully
2016-11-22,550,0,634.1,network_lp,156.171875,1,1,1,0.8,1.0499951874263498,0.999995124818439,Optimization terminated successfully
2016-11-22,550,0,634.1,fixed_recovery,156.171875,1,1,1,0.8,1.0499951874263498,0.7426597544145888,Optimization terminated successfully
2016-11-22,550,0,634.1,myopic_recovery,156.171875,1,1,1,0.8,1.0499951874263498,0.9999951248184358,myopic rollout feasible
2016-11-22,550,0,634.1,energy_only,189.375,1,0,1,0.8,1.0530977905316774,1.0453348460065515,Optimization terminated successfully
2016-11-23,551,0,634.1,network_lp,153.28125,1,1,1,0.8,1.0500002034383182,0.9999175759825856,Optimization terminated successfully
2016-11-23,551,0,634.1,fixed_recovery,153.28125,1,1,1,0.8,1.050000203435917,0.7121890452389463,Optimization terminated successfully
2016-11-23,551,0,634.1,myopic_recovery,153.28125,1,1,1,0.8,1.0500002034383182,0.9999870240907484,myopic rollout feasible
2016-11-23,551,0,634.1,energy_only,171.953125,1,0,1,0.8,1.0516726082864376,1.0092830786519051,Optimization terminated successfully
2016-11-24,552,0,634.1,network_lp,162.03125,1,1,1,0.8,1.0499966615365814,0.9999989106092922,Optimization terminated successfully
2016-11-24,552,0,634.1,fixed_recovery,162.03125,1,1,1,0.8,1.0499966615181269,0.8606203345904131,Optimization terminated successfully
2016-11-24,552,0,634.1,myopic_recovery,162.03125,1,1,1,0.8,1.0499966615365814,0.9999989106092922,myopic rollout feasible
2016-11-24,552,0,634.1,energy_only,252.1875,1,0,1,0.8,1.058349576231584,1.1543248135729025,Optimization terminated successfully
2016-11-25,553,0,634.1,network_lp,165.9375,1,1,1,0.8,1.050000542671608,0.9999645209758908,Optimization terminated successfully
2016-11-25,553,0,634.1,fixed_recovery,165.9375,1,1,1,0.8,1.050000542671608,0.9437623797938678,Optimization terminated successfully
2016-11-25,553,0,634.1,myopic_recovery,165.9375,1,1,1,0.8,1.050000542671608,0.9999645209758908,myopic rollout feasible
2016-11-25,553,0,634.1,energy_only,258.90625,1,0,1,0.8,1.0586077130787517,1.2326653793450058,Optimization terminated successfully
2016-11-26,554,0,634.1,network_lp,162.65625,1,1,1,0.8,1.0499992635357747,0.9999750870829179,Optimization terminated successfully
2016-11-26,554,0,634.1,fixed_recovery,162.65625,1,1,1,0.8,1.0499992635357747,0.7900502719888643,Optimization terminated successfully
2016-11-26,554,0,634.1,myopic_recovery,162.65625,1,1,1,0.8,1.0499992635357747,0.9999750870829179,myopic rollout feasible
2016-11-26,554,0,634.1,energy_only,214.296875,1,0,1,0.8,1.0548087586165211,1.080593914677807,Optimization terminated successfully
2016-11-27,555,0,634.1,network_lp,168.203125,1,1,1,0.8,1.0499941066390996,0.9999958838091819,Optimization terminated successfully
2016-11-27,555,0,634.1,fixed_recovery,168.203125,1,1,1,0.8,1.0499941066390996,0.9620977041656451,Optimization terminated successfully
2016-11-27,555,0,634.1,myopic_recovery,168.203125,1,1,1,0.8,1.0499941066390996,0.9999958838091819,myopic rollout feasible
2016-11-27,555,0,634.1,energy_only,260.3125,1,0,1,0.8,1.0585168737251502,1.2443408237797695,Optimization terminated successfully
2016-11-28,556,0,634.1,network_lp,116.5625,1,1,1,0.8,1.0499995439434682,0.9999689015234235,Optimization terminated successfully
2016-11-28,556,0,634.1,fixed_recovery,116.5625,1,1,1,0.8,1.0499995441369185,0.8828781617364818,Optimization terminated successfully
2016-11-28,556,0,634.1,myopic_recovery,116.5625,1,1,1,0.8,1.0499995439434682,0.999991834542114,myopic rollout feasible
2016-11-28,556,0,634.1,energy_only,260.0,1,0,1,0.8,1.0609076526948817,1.2425317216379128,Optimization terminated successfully
2016-11-29,557,0,634.1,network_lp,118.203125,1,1,1,0.8,1.0499996064877541,0.9999989063661167,Optimization terminated successfully
2016-11-29,557,0,634.1,fixed_recovery,118.203125,1,1,1,0.8,1.04999960591915,0.718797484513851,Optimization terminated successfully
2016-11-29,557,0,634.1,myopic_recovery,118.203125,1,1,1,0.8,1.0499996064877541,0.9999781601891894,myopic rollout feasible
2016-11-29,557,0,634.1,energy_only,202.1875,1,0,1,0.8,1.0555395724238297,1.061408387901921,Optimization terminated successfully
2016-11-30,558,0,634.1,network_lp,128.359375,1,1,1,0.8,1.0500009688192713,0.9999606995534833,Optimization terminated successfully
2016-11-30,558,0,634.1,fixed_recovery,128.359375,1,1,1,0.8,1.0500009690324996,0.7672420628935,Optimization terminated successfully
2016-11-30,558,0,634.1,myopic_recovery,128.359375,1,1,1,0.8,1.0500009688192713,0.9999919023660633,myopic rollout feasible
2016-11-30,558,0,634.1,energy_only,233.59375,1,0,1,0.8,1.0581225509548173,1.1104821580103013,Optimization terminated successfully
2016-12-01,559,0,634.1,network_lp,152.8125,1,1,1,0.8,1.0499986949166387,0.99996762806151,Optimization terminated successfully
2016-12-01,559,0,634.1,fixed_recovery,152.8125,1,1,1,0.8,1.0499986949166387,0.8160791216894048,Optimization terminated successfully
2016-12-01,559,0,634.1,myopic_recovery,152.8125,1,1,1,0.8,1.0499986949166387,0.9999892755469902,myopic rollout feasible
2016-12-01,559,0,634.1,energy_only,226.953125,1,0,1,0.8,1.0565860715573578,1.09388764023327,Optimization terminated successfully
2016-12-02,560,0,634.1,network_lp,132.96875,1,1,1,0.8,1.0499994877924983,0.9999411386232052,Optimization terminated successfully
2016-12-02,560,0,634.1,fixed_recovery,132.96875,1,1,1,0.8,1.0499994877925016,0.7396275377726804,Optimization terminated successfully
2016-12-02,560,0,634.1,myopic_recovery,132.96875,1,1,1,0.8,1.0499994877924983,0.9999912268313601,myopic rollout feasible
2016-12-02,560,0,634.1,energy_only,193.515625,1,0,1,0.8,1.054265284322031,1.0466050218051832,Optimization terminated successfully
2016-12-03,561,0,634.1,network_lp,142.421875,1,1,1,0.8,1.0499993913085388,0.9999750865711814,Optimization terminated successfully
2016-12-03,561,0,634.1,fixed_recovery,142.421875,1,1,1,0.8,1.0499993913133232,0.8052238844293,Optimization terminated successfully
2016-12-03,561,0,634.1,myopic_recovery,142.421875,1,1,1,0.8,1.0499993913085388,0.9999750865711814,myopic rollout feasible
2016-12-03,561,0,634.1,energy_only,225.0,1,0,1,0.8,1.0565769607035285,1.0489397591496517,Optimization terminated successfully
2016-12-04,562,0,634.1,network_lp,160.078125,1,1,1,0.8,1.0499964543539195,0.9999937523558229,Optimization terminated successfully
2016-12-04,562,0,634.1,fixed_recovery,160.078125,1,1,1,0.8,1.0499964543539195,0.9956899218162054,Optimization terminated successfully
2016-12-04,562,0,634.1,myopic_recovery,160.078125,1,1,1,0.8,1.0499964543539195,0.9999937523558229,myopic rollout feasible
2016-12-04,562,0,634.1,energy_only,263.90625,1,0,1,0.8,1.059601975384057,1.2919365291158444,Optimization terminated successfully
2016-12-05,563,0,634.1,network_lp,145.390625,1,1,1,0.8,1.0499990087718785,0.9999669918992637,Optimization terminated successfully
2016-12-05,563,0,634.1,fixed_recovery,145.390625,1,1,1,0.8,1.0499990087718785,0.7545585207374269,Optimization terminated successfully
2016-12-05,563,0,634.1,myopic_recovery,145.390625,1,1,1,0.8,1.0499990087718785,0.9999961287246196,myopic rollout feasible
2016-12-05,563,0,634.1,energy_only,204.453125,1,0,1,0.8,1.0549827236973741,1.0437951277696464,Optimization terminated successfully
2016-12-06,564,0,634.1,network_lp,162.734375,1,1,1,0.8,1.0499991518456189,0.9998954490455015,Optimization terminated successfully
2016-12-06,564,0,634.1,fixed_recovery,162.734375,1,1,1,0.8,1.0499991518456189,0.8719971869194423,Optimization terminated successfully
2016-12-06,564,0,634.1,myopic_recovery,162.734375,1,1,1,0.8,1.0499991518456189,0.9998784372465847,myopic rollout feasible
2016-12-06,564,0,634.1,energy_only,253.125,1,0,1,0.8,1.0583743179561342,1.0981919786444037,Optimization terminated successfully
2016-12-07,565,0,634.1,network_lp,152.8125,1,1,1,0.8,1.0499999695243707,0.9999645246092523,Optimization terminated successfully
2016-12-07,565,0,634.1,fixed_recovery,152.8125,1,1,1,0.8,1.0499999695243707,0.7620380146575481,Optimization terminated successfully
2016-12-07,565,0,634.1,myopic_recovery,152.8125,1,1,1,0.8,1.0499999695243707,0.9999645246092523,myopic rollout feasible
2016-12-07,565,0,634.1,energy_only,200.703125,1,0,1,0.8,1.054333055792247,1.0366292357186468,Optimization terminated successfully
2016-12-08,566,0,634.1,network_lp,130.625,1,1,1,0.8,1.0499988565722749,0.9999750854038671,Optimization terminated successfully
2016-12-08,566,0,634.1,fixed_recovery,130.625,1,1,1,0.8,1.0499988565722749,0.7367268363100951,Optimization terminated successfully
2016-12-08,566,0,634.1,myopic_recovery,130.625,1,1,1,0.8,1.0499988565722749,0.9999750854038671,myopic rollout feasible
2016-12-08,566,0,634.1,energy_only,202.96875,1,0,1,0.8,1.0552568673047515,1.0393643610779364,Optimization terminated successfully
2016-12-09,567,0,634.1,network_lp,147.421875,1,1,1,0.8,1.0499989513347194,0.99998929099255,Optimization terminated successfully
2016-12-09,567,0,634.1,fixed_recovery,147.421875,1,1,1,0.8,1.0499989513347199,0.7450917278647133,Optimization terminated successfully
2016-12-09,567,0,634.1,myopic_recovery,147.421875,1,1,1,0.8,1.0499989513347194,0.9999892823708819,myopic rollout feasible
2016-12-09,567,0,634.1,energy_only,199.765625,1,0,1,0.8,1.0545026508615003,1.0599728476804313,Optimization terminated successfully
2016-12-10,568,0,634.1,network_lp,161.015625,1,1,1,0.8,1.0499989240504202,0.9999946473218041,Optimization terminated successfully
2016-12-10,568,0,634.1,fixed_recovery,161.015625,1,1,1,0.8,1.0499989240229137,0.8248656898282825,Optimization terminated successfully
2016-12-10,568,0,634.1,myopic_recovery,161.015625,1,1,1,0.8,1.0499989240504202,0.9999411494167536,myopic rollout feasible
2016-12-10,568,0,634.1,energy_only,239.140625,1,0,1,0.8,1.0572498815814306,1.1141448876952644,Optimization terminated successfully
2016-12-11,569,0,634.1,network_lp,166.25,1,1,1,0.8,1.0499949663800314,0.9999045004532937,Optimization terminated successfully
2016-12-11,569,0,634.1,fixed_recovery,166.25,1,1,1,0.8,1.0499949663800314,0.8254126018838661,Optimization terminated successfully
2016-12-11,569,0,634.1,myopic_recovery,166.25,1,1,1,0.8,1.0499949663800314,0.9999045004532768,myopic rollout feasible
2016-12-11,569,0,634.1,energy_only,233.671875,1,0,1,0.8,1.0562558410177274,1.044436889379714,Optimization terminated successfully
2016-12-12,570,0,634.1,network_lp,133.046875,1,1,1,0.8,1.049998638246157,0.9999265660425448,Optimization terminated successfully
2016-12-12,570,0,634.1,fixed_recovery,133.046875,1,1,1,0.8,1.0499986382461606,0.7493499566174866,Optimization terminated successfully
2016-12-12,570,0,634.1,myopic_recovery,133.046875,1,1,1,0.8,1.049998638246157,0.9999506020545526,myopic rollout feasible
2016-12-12,570,0,634.1,energy_only,216.953125,1,0,1,0.8,1.0564708776205851,1.08655345944405,Optimization terminated successfully
2016-12-13,571,0,634.1,network_lp,161.5625,1,1,1,0.8,1.0499992899947461,0.9999067199019153,Optimization terminated successfully
2016-12-13,571,0,634.1,fixed_recovery,161.5625,1,1,1,0.8,1.0499992899947461,0.789835446375334,Optimization terminated successfully
2016-12-13,571,0,634.1,myopic_recovery,161.5625,1,1,1,0.8,1.0499992899947461,0.9999298758613966,myopic rollout feasible
2016-12-13,571,0,634.1,energy_only,215.390625,1,0,1,0.8,1.0550107920201852,1.0847263595611827,Optimization terminated successfully
2016-12-14,572,0,634.1,network_lp,146.015625,1,1,1,0.8,1.0500009237630723,0.9999918920818713,Optimization terminated successfully
2016-12-14,572,0,634.1,fixed_recovery,146.015625,1,1,1,0.8,1.0500009237630727,0.7757220964178696,Optimization terminated successfully
2016-12-14,572,0,634.1,myopic_recovery,146.015625,1,1,1,0.8,1.0500009237630723,0.9999918920818713,myopic rollout feasible
2016-12-14,572,0,634.1,energy_only,221.640625,1,0,1,0.8,1.0563505503914012,1.0948788398327856,Optimization terminated successfully
2016-12-15,573,0,634.1,network_lp,162.421875,1,1,1,0.8,1.0499995757135459,0.9999919010700651,Optimization terminated successfully
2016-12-15,573,0,634.1,fixed_recovery,162.421875,1,1,1,0.8,1.0499995757135459,0.7506752093004537,Optimization terminated successfully
2016-12-15,573,0,634.1,myopic_recovery,162.421875,1,1,1,0.8,1.0499995757135459,0.9999919010700641,myopic rollout feasible
2016-12-15,573,0,634.1,energy_only,188.4375,1,0,1,0.8,1.052429727518013,1.0434762247193055,Optimization terminated successfully
2016-12-16,574,0,634.1,network_lp,159.375,1,1,1,0.8,1.0499997348227035,0.9999046036028996,Optimization terminated successfully
2016-12-16,574,0,634.1,fixed_recovery,159.375,1,1,1,0.8,1.0499997348227035,0.8804656153065934,Optimization terminated successfully
2016-12-16,574,0,634.1,myopic_recovery,159.375,1,1,1,0.8,1.0499997348227035,0.9999651273390814,myopic rollout feasible
2016-12-16,574,0,634.1,energy_only,254.375,1,0,1,0.8,1.0588081425552704,1.1763635904399374,Optimization terminated successfully
2016-12-17,575,0,634.1,network_lp,165.0,1,1,1,0.8,1.0500002101164834,0.9999163966445097,Optimization terminated successfully
2016-12-17,575,0,634.1,fixed_recovery,165.0,1,1,1,0.8,1.0500002101164834,0.9803610675544393,Optimization terminated successfully
2016-12-17,575,0,634.1,myopic_recovery,165.0,1,1,1,0.8,1.0500002101164834,0.9999163966445097,myopic rollout feasible
2016-12-17,575,0,634.1,energy_only,262.109375,1,0,1,0.8,1.0589885216283281,1.2672203870091518,Optimization terminated successfully
2016-12-18,576,0,634.1,network_lp,160.859375,1,1,1,0.8,1.0499957688557142,0.9999951329335961,Optimization terminated successfully
2016-12-18,576,0,634.1,fixed_recovery,160.859375,1,1,1,0.8,1.0499957688372172,0.8627303468845265,Optimization terminated successfully
2016-12-18,576,0,634.1,myopic_recovery,160.859375,1,1,1,0.8,1.0499957688557142,0.9999951329335961,myopic rollout feasible
2016-12-18,576,0,634.1,energy_only,252.5,1,0,1,0.8,1.058487205964378,1.154606085494855,Optimization terminated successfully
2016-12-19,577,0,634.1,network_lp,131.875,1,1,1,0.8,1.0500001121036466,0.9999689015811799,Optimization terminated successfully
2016-12-19,577,0,634.1,fixed_recovery,131.875,1,1,1,0.8,1.0500001112632047,0.8621055011764316,Optimization terminated successfully
2016-12-19,577,0,634.1,myopic_recovery,131.875,1,1,1,0.8,1.0500001121036466,0.9999246778693077,myopic rollout feasible
2016-12-19,577,0,634.1,energy_only,256.484375,1,0,1,0.8,1.0601688259586874,1.1223787645180765,Optimization terminated successfully
2016-12-20,578,0,634.1,network_lp,137.34375,1,1,1,0.8,1.0499995519673158,0.999991895321854,Optimization terminated successfully
2016-12-20,578,0,634.1,fixed_recovery,137.34375,1,1,1,0.8,1.04999955197107,0.7880368862932776,Optimization terminated successfully
2016-12-20,578,0,634.1,myopic_recovery,137.34375,1,1,1,0.8,1.0499995519673158,0.999991895321854,myopic rollout feasible
2016-12-20,578,0,634.1,energy_only,232.65625,1,0,1,0.8,1.0578799769041458,1.0589401257962203,Optimization terminated successfully
2016-12-21,579,0,634.1,network_lp,158.4375,1,1,1,0.8,1.0499974665939644,0.9999669923273102,Optimization terminated successfully
2016-12-21,579,0,634.1,fixed_recovery,158.4375,1,1,1,0.8,1.0499974665939644,0.8611260572003029,Optimization terminated successfully
2016-12-21,579,0,634.1,myopic_recovery,158.4375,1,1,1,0.8,1.0499974665939644,0.9999977092849164,myopic rollout feasible
2016-12-21,579,0,634.1,energy_only,252.734375,1,0,1,0.8,1.0587414997268476,1.1611568454562557,Optimization terminated successfully
2016-12-22,580,0,634.1,network_lp,158.359375,1,1,1,0.8,1.050000012171563,0.9999670017083735,Optimization terminated successfully
2016-12-22,580,0,634.1,fixed_recovery,158.359375,1,1,1,0.8,1.050000012171563,0.7848889231067352,Optimization terminated successfully
2016-12-22,580,0,634.1,myopic_recovery,158.359375,1,1,1,0.8,1.050000012171563,0.9999689074689544,myopic rollout feasible
2016-12-22,580,0,634.1,energy_only,212.109375,1,0,1,0.8,1.0550077594117544,1.0417502257805489,Optimization terminated successfully
2016-12-23,581,0,634.1,network_lp,162.65625,1,1,1,0.8,1.0499992635179438,0.9999688961693873,Optimization terminated successfully
2016-12-23,581,0,634.1,fixed_recovery,162.65625,1,1,1,0.8,1.0499992635179438,0.8264478215805742,Optimization terminated successfully
2016-12-23,581,0,634.1,myopic_recovery,162.65625,1,1,1,0.8,1.0499992635179438,0.9998784423767464,myopic rollout feasible
2016-12-23,581,0,634.1,energy_only,238.203125,1,0,1,0.8,1.0570150288911642,1.0578341235961912,Optimization terminated successfully
2016-12-24,582,0,634.1,network_lp,165.46875,1,1,1,0.8,1.050000380336394,0.999968899103209,Optimization terminated successfully
2016-12-24,582,0,634.1,fixed_recovery,165.46875,1,1,1,0.8,1.050000380336394,0.852290086578482,Optimization terminated successfully
2016-12-24,582,0,634.1,myopic_recovery,165.46875,1,1,1,0.8,1.050000380336394,0.999968899103209,myopic rollout feasible
2016-12-24,582,0,634.1,energy_only,258.203125,1,0,1,0.8,1.0585872567081853,1.1417000921709786,Optimization terminated successfully
2016-12-25,583,0,634.1,network_lp,143.828125,1,1,1,0.8,1.049999986417509,0.9999918406738966,Optimization terminated successfully
2016-12-25,583,0,634.1,fixed_recovery,143.828125,1,1,1,0.8,1.049999986417513,0.7775864797050572,Optimization terminated successfully
2016-12-25,583,0,634.1,myopic_recovery,143.828125,1,1,1,0.8,1.049999986417509,0.9999918406739033,myopic rollout feasible
2016-12-25,583,0,634.1,energy_only,225.078125,1,0,1,0.8,1.0570529547004732,1.100910773362883,Optimization terminated successfully
2016-12-26,584,0,634.1,network_lp,130.46875,1,1,1,0.8,1.0499989767987403,0.9999587586512187,Optimization terminated successfully
2016-12-26,584,0,634.1,fixed_recovery,130.46875,1,1,1,0.8,1.0499989770116132,0.8009850211797058,Optimization terminated successfully
2016-12-26,584,0,634.1,myopic_recovery,130.46875,1,1,1,0.8,1.0499989767987403,0.9999828850345601,myopic rollout feasible
2016-12-26,584,0,634.1,energy_only,251.09375,1,0,1,0.8,1.0598648513916058,1.1432732752367272,Optimization terminated successfully
2016-12-27,585,0,634.1,network_lp,131.796875,1,1,1,0.8,1.0499991605454728,0.9999588565340347,Optimization terminated successfully
2016-12-27,585,0,634.1,fixed_recovery,131.796875,1,1,1,0.8,1.0499991607690407,0.7519766666872153,Optimization terminated successfully
2016-12-27,585,0,634.1,myopic_recovery,131.796875,1,1,1,0.8,1.0499991605454728,0.9999667031065211,myopic rollout feasible
2016-12-27,585,0,634.1,energy_only,213.984375,1,0,1,0.8,1.0561133969285625,1.077501704175331,Optimization terminated successfully
2016-12-28,586,0,634.1,network_lp,127.65625,1,1,1,0.8,1.0499988546493133,0.9999715746722619,Optimization terminated successfully
2016-12-28,586,0,634.1,fixed_recovery,127.65625,1,1,1,0.8,1.0499988548599721,0.6999683542576297,Optimization terminated successfully
2016-12-28,586,0,634.1,myopic_recovery,127.65625,1,1,1,0.8,1.0499988546493133,0.999976927823932,myopic rollout feasible
2016-12-28,586,0,634.1,energy_only,189.375,1,0,1,0.8,1.0541259218075147,1.046232892218532,Optimization terminated successfully
2016-12-29,587,0,634.1,network_lp,116.640625,1,1,1,0.8,1.049999771191631,0.9999670010664286,Optimization terminated successfully
2016-12-29,587,0,634.1,fixed_recovery,116.640625,1,1,1,0.8,1.0499997713838853,0.7304293802400948,Optimization terminated successfully
2016-12-29,587,0,634.1,myopic_recovery,116.640625,1,1,1,0.8,1.049999771191631,0.9999883807852222,myopic rollout feasible
2016-12-29,587,0,634.1,energy_only,220.546875,1,0,1,0.8,1.0573548715661298,1.0942098235071076,Optimization terminated successfully
2016-12-30,588,0,634.1,network_lp,161.015625,1,1,1,0.8,1.049995527379208,0.9999175716931102,Optimization terminated successfully
2016-12-30,588,0,634.1,fixed_recovery,161.015625,1,1,1,0.8,1.049995527379208,0.7781922925268737,Optimization terminated successfully
2016-12-30,588,0,634.1,myopic_recovery,161.015625,1,1,1,0.8,1.049995527379208,0.9999624403913436,myopic rollout feasible
2016-12-30,588,0,634.1,energy_only,208.203125,1,0,1,0.8,1.0543933338682596,1.0101811418767452,Optimization terminated successfully
2016-12-31,589,0,634.1,network_lp,159.765625,1,1,1,0.8,1.0499939033525518,0.9999946522555633,Optimization terminated successfully
2016-12-31,589,0,634.1,fixed_recovery,159.765625,1,1,1,0.8,1.0499939033525518,0.713667170578945,Optimization terminated successfully
2016-12-31,589,0,634.1,myopic_recovery,159.765625,1,1,1,0.8,1.0499939033525518,0.9999175759825754,myopic rollout feasible
2016-12-31,589,0,634.1,energy_only,166.484375,1,0,1,0.8,1.050623140495201,1.0124182782864015,Optimization terminated successfully
2017-01-01,590,0,634.1,network_lp,129.453125,1,1,1,0.8,1.0500009306597555,0.9999266881124688,Optimization terminated successfully
2017-01-01,590,0,634.1,fixed_recovery,129.453125,1,1,1,0.8,1.0500009306597553,0.7112871267123585,Optimization terminated successfully
2017-01-01,590,0,634.1,myopic_recovery,129.453125,1,1,1,0.8,1.0500009306597555,0.9999828826695942,myopic rollout feasible
2017-01-01,590,0,634.1,energy_only,208.90625,1,0,1,0.8,1.055947065401111,1.0539434747316327,Optimization terminated successfully
2017-01-02,591,0,634.1,network_lp,153.046875,1,1,1,0.8,1.0499995279104108,0.999934310393677,Optimization terminated successfully
2017-01-02,591,0,634.1,fixed_recovery,153.046875,1,1,1,0.8,1.0499995279082153,0.755813865258394,Optimization terminated successfully
2017-01-02,591,0,634.1,myopic_recovery,153.046875,1,1,1,0.8,1.0499995279104108,0.9999468964091829,myopic rollout feasible
2017-01-02,591,0,634.1,energy_only,201.25,1,0,1,0.8,1.05440668841093,1.0635842416615222,Optimization terminated successfully
2017-01-03,592,0,634.1,network_lp,157.109375,1,1,1,0.8,1.0499975949227391,0.9999099683155982,Optimization terminated successfully
2017-01-03,592,0,634.1,fixed_recovery,157.109375,1,1,1,0.8,1.0499975949227391,0.7307882036423762,Optimization terminated successfully
2017-01-03,592,0,634.1,myopic_recovery,157.109375,1,1,1,0.8,1.0499975949227391,0.9999801709800635,myopic rollout feasible
2017-01-03,592,0,634.1,energy_only,180.546875,1,0,1,0.8,1.052189881800822,1.0330004060428266,Optimization terminated successfully
2017-01-04,593,0,634.1,network_lp,160.390625,1,1,1,0.8,1.0499974012137485,0.9999568288577126,Optimization terminated successfully
2017-01-04,593,0,634.1,fixed_recovery,160.390625,1,1,1,0.8,1.0499974012137485,0.8801284512694924,Optimization terminated successfully
2017-01-04,593,0,634.1,myopic_recovery,160.390625,1,1,1,0.8,1.0499974012137485,0.9999568288577126,myopic rollout feasible
2017-01-04,593,0,634.1,energy_only,254.140625,1,0,1,0.8,1.0586893313513108,1.1224478269555502,Optimization terminated successfully
2017-01-05,594,0,634.1,network_lp,160.0,1,1,1,0.8,1.0499975142393954,0.9999645766863563,Optimization terminated successfully
2017-01-05,594,0,634.1,fixed_recovery,160.0,1,1,1,0.8,1.0499975142393954,0.8040301523675578,Optimization terminated successfully
2017-01-05,594,0,634.1,myopic_recovery,160.0,1,1,1,0.8,1.0499975142393954,0.9999332065613552,myopic rollout feasible
2017-01-05,594,0,634.1,energy_only,226.484375,1,0,1,0.8,1.0561823968829789,1.0515681268099482,Optimization terminated successfully
2017-01-06,595,0,634.1,network_lp,164.53125,1,1,1,0.8,1.0500000319906426,0.9999411464577218,Optimization terminated successfully
2017-01-06,595,0,634.1,fixed_recovery,164.53125,1,1,1,0.8,1.0500000319906426,0.8364352849350462,Optimization terminated successfully
2017-01-06,595,0,634.1,myopic_recovery,164.53125,1,1,1,0.8,1.0500000319906426,0.9999534787245326,myopic rollout feasible
2017-01-06,595,0,634.1,energy_only,242.8125,1,0,1,0.8,1.0572634540830732,1.0397067577675325,Optimization terminated successfully
2017-01-07,596,0,634.1,network_lp,160.234375,1,1,1,0.8,1.0499995086406066,0.9999067228665499,Optimization terminated successfully
2017-01-07,596,0,634.1,fixed_recovery,160.234375,1,1,1,0.8,1.0499995086406066,0.8176884112065839,Optimization terminated successfully
2017-01-07,596,0,634.1,myopic_recovery,160.234375,1,1,1,0.8,1.0499995086406066,0.9999526882995923,myopic rollout feasible
2017-01-07,596,0,634.1,energy_only,235.390625,1,0,1,0.8,1.0569841374442668,1.1140995369811528,Optimization terminated successfully
2017-01-08,597,0,634.1,network_lp,164.53125,1,1,1,0.8,1.05000003180986,0.9999651292619425,Optimization terminated successfully
2017-01-08,597,0,634.1,fixed_recovery,164.53125,1,1,1,0.8,1.05000003180986,0.8050137668276408,Optimization terminated successfully
2017-01-08,597,0,634.1,myopic_recovery,164.53125,1,1,1,0.8,1.05000003180986,0.9999534702717101,myopic rollout feasible
2017-01-08,597,0,634.1,energy_only,222.578125,1,0,1,0.8,1.0553992012885862,1.0456067816537016,Optimization terminated successfully
2017-01-09,598,0,634.1,network_lp,159.765625,1,1,1,0.8,1.0499992585812472,0.9999669980445332,Optimization terminated successfully
2017-01-09,598,0,634.1,fixed_recovery,159.765625,1,1,1,0.8,1.0499992585812472,0.8228570587010994,Optimization terminated successfully
2017-01-09,598,0,634.1,myopic_recovery,159.765625,1,1,1,0.8,1.0499992585812472,0.9999669980445332,myopic rollout feasible
2017-01-09,598,0,634.1,energy_only,239.296875,1,0,1,0.8,1.0573875235632448,1.0689906276857046,Optimization terminated successfully
2017-01-10,599,0,634.1,network_lp,161.328125,1,1,1,0.8,1.0499972304635878,0.9999669974665037,Optimization terminated successfully
2017-01-10,599,0,634.1,fixed_recovery,161.328125,1,1,1,0.8,1.0499972304635878,0.7852090561236282,Optimization terminated successfully
2017-01-10,599,0,634.1,myopic_recovery,161.328125,1,1,1,0.8,1.0499972304635878,0.9999669974665037,myopic rollout feasible
2017-01-10,599,0,634.1,energy_only,212.578125,1,0,1,0.8,1.0547722841591,1.081359791881279,Optimization terminated successfully
2017-01-11,600,0,634.1,network_lp,164.375,1,1,1,0.8,1.0499943091603665,0.9999645246093738,Optimization terminated successfully
2017-01-11,600,0,634.1,fixed_recovery,164.375,1,1,1,0.8,1.0499943091603665,0.8276506966711742,Optimization terminated successfully
2017-01-11,600,0,634.1,myopic_recovery,164.375,1,1,1,0.8,1.0499943091603665,0.9999645246093738,myopic rollout feasible
2017-01-11,600,0,634.1,energy_only,237.734375,1,0,1,0.8,1.056805253475994,1.066088507708346,Optimization terminated successfully
2017-01-12,601,0,634.1,network_lp,163.046875,1,1,1,0.8,1.0499953339158483,0.9999689013809033,Optimization terminated successfully
2017-01-12,601,0,634.1,fixed_recovery,163.046875,1,1,1,0.8,1.0499953338971402,0.8145978610861813,Optimization terminated successfully
2017-01-12,601,0,634.1,myopic_recovery,163.046875,1,1,1,0.8,1.0499953339158483,0.9999689013809033,myopic rollout feasible
2017-01-12,601,0,634.1,energy_only,231.40625,1,0,1,0.8,1.0563458737968812,1.0907092797304536,Optimization terminated successfully
2017-01-13,602,0,634.1,network_lp,158.984375,1,1,1,0.8,1.049996797818251,0.9999651292658689,Optimization terminated successfully
2017-01-13,602,0,634.1,fixed_recovery,158.984375,1,1,1,0.8,1.049996797818251,0.8153618180423575,Optimization terminated successfully
2017-01-13,602,0,634.1,myopic_recovery,158.984375,1,1,1,0.8,1.049996797818251,0.9998954509591363,myopic rollout feasible
2017-01-13,602,0,634.1,energy_only,227.578125,1,0,1,0.8,1.0563703758854284,1.0475140153647895,Optimization terminated successfully
2017-01-14,603,0,634.1,network_lp,161.09375,1,1,1,0.8,1.0499999181161235,0.9999951199223752,Optimization terminated successfully
2017-01-14,603,0,634.1,fixed_recovery,161.09375,1,1,1,0.8,1.0499999181161235,0.7948301070311679,Optimization terminated successfully
2017-01-14,603,0,634.1,myopic_recovery,161.09375,1,1,1,0.8,1.0499999181161235,0.9999951199223752,myopic rollout feasible
2017-01-14,603,0,634.1,energy_only,219.21875,1,0,1,0.8,1.0554107274606987,1.0890717561194727,Optimization terminated successfully
2017-01-15,604,0,634.1,network_lp,164.609375,1,1,1,0.8,1.0499986449354464,0.9999679550739412,Optimization terminated successfully
2017-01-15,604,0,634.1,fixed_recovery,164.609375,1,1,1,0.8,1.0499986449354464,0.843028659387962,Optimization terminated successfully
2017-01-15,604,0,634.1,myopic_recovery,164.609375,1,1,1,0.8,1.0499986449354464,0.999967960241251,myopic rollout feasible
2017-01-15,604,0,634.1,energy_only,247.34375,1,0,1,0.8,1.0576708532318264,1.1328144792260653,Optimization terminated successfully
2017-01-16,605,0,634.1,network_lp,159.921875,1,1,1,0.8,1.0499965107007105,0.9999697980010631,Optimization terminated successfully
2017-01-16,605,0,634.1,fixed_recovery,159.921875,1,1,1,0.8,1.0499965107007108,0.7701464558682711,Optimization terminated successfully
2017-01-16,605,0,634.1,myopic_recovery,159.921875,1,1,1,0.8,1.0499965107007105,0.9999697980010631,myopic rollout feasible
2017-01-16,605,0,634.1,energy_only,203.90625,1,0,1,0.8,1.0540997232026463,1.068447820024445,Optimization terminated successfully
2017-01-17,606,0,634.1,network_lp,159.6875,1,1,1,0.8,1.0499981058569279,0.9999651318126237,Optimization terminated successfully
2017-01-17,606,0,634.1,fixed_recovery,159.6875,1,1,1,0.8,1.0499981058569279,0.7522072267558959,Optimization terminated successfully
2017-01-17,606,0,634.1,myopic_recovery,159.6875,1,1,1,0.8,1.0499981058569279,0.9999651318126237,myopic rollout feasible
2017-01-17,606,0,634.1,energy_only,192.1875,1,0,1,0.8,1.0530340132728864,1.0491174898117694,Optimization terminated successfully
2017-01-18,607,0,634.1,network_lp,158.828125,1,1,1,0.8,1.0499957632659946,0.9999896834390603,Optimization terminated successfully
2017-01-18,607,0,634.1,fixed_recovery,158.828125,1,1,1,0.8,1.0499957632659946,0.7887041854511069,Optimization terminated successfully
2017-01-18,607,0,634.1,myopic_recovery,158.828125,1,1,1,0.8,1.0499957632659946,0.9999896834390603,myopic rollout feasible
2017-01-18,607,0,634.1,energy_only,217.421875,1,0,1,0.8,1.05545367971734,1.0269887892384881,Optimization terminated successfully
2017-01-19,608,0,634.1,network_lp,162.890625,1,1,1,0.8,1.0499989205627456,0.9999951267924176,Optimization terminated successfully
2017-01-19,608,0,634.1,fixed_recovery,162.890625,1,1,1,0.8,1.0499989205351987,0.8055224103628517,Optimization terminated successfully
2017-01-19,608,0,634.1,myopic_recovery,162.890625,1,1,1,0.8,1.0499989205627456,0.9999951267924176,myopic rollout feasible
2017-01-19,608,0,634.1,energy_only,224.375,1,0,1,0.8,1.055717972147673,1.0582332013192202,Optimization terminated successfully
2017-01-20,609,0,634.1,network_lp,164.765625,1,1,1,0.8,1.049999680384791,0.9999958902346603,Optimization terminated successfully
2017-01-20,609,0,634.1,fixed_recovery,164.765625,1,1,1,0.8,1.049999680384791,0.9278224976049618,Optimization terminated successfully
2017-01-20,609,0,634.1,myopic_recovery,164.765625,1,1,1,0.8,1.049999680384791,0.9999958851867731,myopic rollout feasible
2017-01-20,609,0,634.1,energy_only,257.734375,1,0,1,0.8,1.0586095747083977,1.2175414457591347,Optimization terminated successfully
2017-01-21,610,0,634.1,network_lp,165.078125,1,1,1,0.8,1.0499988165941219,0.9999750859876686,Optimization terminated successfully
2017-01-21,610,0,634.1,fixed_recovery,165.078125,1,1,1,0.8,1.0499988165941219,0.8335988771548836,Optimization terminated successfully
2017-01-21,610,0,634.1,myopic_recovery,165.078125,1,1,1,0.8,1.0499988165941219,0.9999750859876686,myopic rollout feasible
2017-01-21,610,0,634.1,energy_only,241.171875,1,0,1,0.8,1.0570600171178512,1.119552638384742,Optimization terminated successfully
2017-01-22,611,0,634.1,network_lp,164.53125,1,1,1,0.8,1.0500000320443543,0.9999750913785612,Optimization terminated successfully
2017-01-22,611,0,634.1,fixed_recovery,164.53125,1,1,1,0.8,1.0500000320443543,0.76178898838376,Optimization terminated successfully
2017-01-22,611,0,634.1,myopic_recovery,164.53125,1,1,1,0.8,1.0500000320443543,0.9999750913785612,myopic rollout feasible
2017-01-22,611,0,634.1,energy_only,233.28125,1,0,1,0.8,1.0563864908410554,1.0493741863457031,Optimization terminated successfully
2017-01-23,612,0,634.1,network_lp,164.140625,1,1,1,0.8,1.0499995971914942,0.9999667064839555,Optimization terminated successfully
2017-01-23,612,0,634.1,fixed_recovery,164.140625,1,1,1,0.8,1.0499995971914942,0.8717621297451389,Optimization terminated successfully
2017-01-23,612,0,634.1,myopic_recovery,164.140625,1,1,1,0.8,1.0499995971914942,0.9999667064839555,myopic rollout feasible
2017-01-23,612,0,634.1,energy_only,252.890625,1,0,1,0.8,1.0582241621014667,1.1631990660266447,Optimization terminated successfully
2017-01-24,613,0,634.1,network_lp,163.4375,1,1,1,0.8,1.0499939352349879,0.9999645226798036,Optimization terminated successfully
2017-01-24,613,0,634.1,fixed_recovery,163.4375,1,1,1,0.8,1.0499939352349879,0.8283964917581289,Optimization terminated successfully
2017-01-24,613,0,634.1,myopic_recovery,163.4375,1,1,1,0.8,1.0499939352349879,0.9999645226798036,myopic rollout feasible
2017-01-24,613,0,634.1,energy_only,239.296875,1,0,1,0.8,1.0570367155629468,1.0318212816359937,Optimization terminated successfully
2017-01-25,614,0,634.1,network_lp,166.40625,1,1,1,0.8,1.050000697593918,0.9999252658502338,Optimization terminated successfully
2017-01-25,614,0,634.1,fixed_recovery,166.40625,1,1,1,0.8,1.050000697593918,0.7630672156442343,Optimization terminated successfully
2017-01-25,614,0,634.1,myopic_recovery,166.40625,1,1,1,0.8,1.050000697593918,0.9999896869482774,myopic rollout feasible
2017-01-25,614,0,634.1,energy_only,196.09375,1,0,1,0.8,1.052769900068261,1.0480274176433781,Optimization terminated successfully
2017-01-26,615,0,634.1,network_lp,163.984375,1,1,1,0.8,1.0499983415012117,0.9999989143543412,Optimization terminated successfully
2017-01-26,615,0,634.1,fixed_recovery,163.984375,1,1,1,0.8,1.0499983415012117,0.9647921316951665,Optimization terminated successfully
2017-01-26,615,0,634.1,myopic_recovery,163.984375,1,1,1,0.8,1.0499983415012117,0.9999919052367122,myopic rollout feasible
2017-01-26,615,0,634.1,energy_only,260.9375,1,0,1,0.8,1.0589742810428413,1.1751231197740366,Optimization terminated successfully
2017-01-27,616,0,634.1,network_lp,115.3125,1,1,1,0.8,1.0499984076748305,0.9999989109314064,Optimization terminated successfully
2017-01-27,616,0,634.1,fixed_recovery,115.3125,1,1,1,0.8,1.0499984076748343,0.7710181189822951,Optimization terminated successfully
2017-01-27,616,0,634.1,myopic_recovery,115.3125,1,1,1,0.8,1.0499984076748305,0.9998907261725118,myopic rollout feasible
2017-01-27,616,0,634.1,energy_only,249.0625,1,0,1,0.8,1.0600327488115404,1.1344712215146326,Optimization terminated successfully
2017-01-28,617,0,634.1,network_lp,112.1875,1,1,1,0.8,1.0499995017610726,0.9999339158767743,Optimization terminated successfully
2017-01-28,617,0,634.1,fixed_recovery,112.1875,1,1,1,0.8,1.0499995019457637,0.6763508999603228,Optimization terminated successfully
2017-01-28,617,0,634.1,myopic_recovery,112.1875,1,1,1,0.8,1.0499995017610726,0.9998882258643189,myopic rollout feasible
2017-01-28,617,0,634.1,energy_only,188.90625,1,0,1,0.8,1.0545920246775107,1.0455280179689281,Optimization terminated successfully
2017-01-29,618,0,634.1,network_lp,141.875,1,1,1,0.8,1.050000319462458,0.9999099729797671,Optimization terminated successfully
2017-01-29,618,0,634.1,fixed_recovery,141.875,1,1,1,0.8,1.050000319462458,0.8143172521576182,Optimization terminated successfully
2017-01-29,618,0,634.1,myopic_recovery,141.875,1,1,1,0.8,1.050000319462458,0.9999626466037351,myopic rollout feasible
2017-01-29,618,0,634.1,energy_only,240.46875,1,0,1,0.8,1.0581178117183083,1.1191710237303585,Optimization terminated successfully
2017-01-30,619,0,634.1,network_lp,157.734375,1,1,1,0.8,1.0499973668101856,0.999958153628118,Optimization terminated successfully
2017-01-30,619,0,634.1,fixed_recovery,157.734375,1,1,1,0.8,1.0499973668101856,0.8954084121468368,Optimization terminated successfully
2017-01-30,619,0,634.1,myopic_recovery,157.734375,1,1,1,0.8,1.0499973668101856,0.999948299601205,myopic rollout feasible
2017-01-30,619,0,634.1,energy_only,255.859375,1,0,1,0.8,1.0590931490752784,1.1947745547165685,Optimization terminated successfully
2017-01-31,620,0,634.1,network_lp,156.484375,1,1,1,0.8,1.0500005358947544,0.9999989082372739,Optimization terminated successfully
2017-01-31,620,0,634.1,fixed_recovery,156.484375,1,1,1,0.8,1.0500005358947544,0.7366255581112353,Optimization terminated successfully
2017-01-31,620,0,634.1,myopic_recovery,156.484375,1,1,1,0.8,1.0500005358947544,0.9999989082372739,myopic rollout feasible
2017-01-31,620,0,634.1,energy_only,185.0,1,0,1,0.8,1.0526662535768367,1.0388543218890158,Optimization terminated successfully
2017-02-01,621,0,634.1,network_lp,158.59375,1,1,1,0.8,1.0499992061428125,0.9999989131238627,Optimization terminated successfully
2017-02-01,621,0,634.1,fixed_recovery,158.59375,1,1,1,0.8,1.049999206142812,0.7553737097807203,Optimization terminated successfully
2017-02-01,621,0,634.1,myopic_recovery,158.59375,1,1,1,0.8,1.0499992061428125,0.9999989131238471,myopic rollout feasible
2017-02-01,621,0,634.1,energy_only,195.390625,1,0,1,0.8,1.053434200283851,1.0557144406679353,Optimization terminated successfully
2017-02-02,622,0,634.1,network_lp,151.5625,1,1,1,0.8,1.0499995298762972,0.9999958849721008,Optimization terminated successfully
2017-02-02,622,0,634.1,fixed_recovery,151.5625,1,1,1,0.8,1.0499995298772526,0.7378445202876783,Optimization terminated successfully
2017-02-02,622,0,634.1,myopic_recovery,151.5625,1,1,1,0.8,1.0499995298762972,0.9999958849721008,myopic rollout feasible
2017-02-02,622,0,634.1,energy_only,190.78125,1,0,1,0.8,1.0535315140558235,1.047899164981574,Optimization terminated successfully
2017-02-03,623,0,634.1,network_lp,143.828125,1,1,1,0.8,1.049999087825368,0.9999689002438255,Optimization terminated successfully
2017-02-03,623,0,634.1,fixed_recovery,143.828125,1,1,1,0.8,1.049999087825368,0.8303987407567264,Optimization terminated successfully
2017-02-03,623,0,634.1,myopic_recovery,143.828125,1,1,1,0.8,1.049999087825368,0.9999689002438255,myopic rollout feasible
2017-02-03,623,0,634.1,energy_only,251.875,1,0,1,0.8,1.0592722386782387,1.1493667548826307,Optimization terminated successfully
2017-02-04,624,0,634.1,network_lp,164.609375,1,1,1,0.8,1.0499986448041216,0.999949685610024,Optimization terminated successfully
2017-02-04,624,0,634.1,fixed_recovery,164.609375,1,1,1,0.8,1.0499986448041216,0.9197356229489985,Optimization terminated successfully
2017-02-04,624,0,634.1,myopic_recovery,164.609375,1,1,1,0.8,1.0499986448041216,0.9999887659941569,myopic rollout feasible
2017-02-04,624,0,634.1,energy_only,261.171875,1,0,1,0.8,1.058937903234069,1.2074221377695376,Optimization terminated successfully
2017-02-05,625,0,634.1,network_lp,163.90625,1,1,1,0.8,1.0499941258582592,0.9999175668936522,Optimization terminated successfully
2017-02-05,625,0,634.1,fixed_recovery,163.90625,1,1,1,0.8,1.0499941258582592,0.8839854303692173,Optimization terminated successfully
2017-02-05,625,0,634.1,myopic_recovery,163.90625,1,1,1,0.8,1.0499941258582592,0.9999903316797255,myopic rollout feasible
2017-02-05,625,0,634.1,energy_only,253.984375,1,0,1,0.8,1.0583413251311036,1.170403770145411,Optimization terminated successfully
2017-02-06,626,0,634.1,network_lp,141.71875,1,1,1,0.8,1.049999574550654,0.9999688987952149,Optimization terminated successfully
2017-02-06,626,0,634.1,fixed_recovery,141.71875,1,1,1,0.8,1.0499995745557877,0.7359002076937553,Optimization terminated successfully
2017-02-06,626,0,634.1,myopic_recovery,141.71875,1,1,1,0.8,1.049999574550654,0.9999698017938934,myopic rollout feasible
2017-02-06,626,0,634.1,energy_only,190.625,1,0,1,0.8,1.0537803252652662,1.0446929354548102,Optimization terminated successfully
2017-02-07,627,0,634.1,network_lp,156.25,1,1,1,0.8,1.0499981065024198,0.9999919076517014,Optimization terminated successfully
2017-02-07,627,0,634.1,fixed_recovery,156.25,1,1,1,0.8,1.0499981065024198,0.796531099175155,Optimization terminated successfully
2017-02-07,627,0,634.1,myopic_recovery,156.25,1,1,1,0.8,1.0499981065024198,0.9999750872475321,myopic rollout feasible
2017-02-07,627,0,634.1,energy_only,212.96875,1,0,1,0.8,1.0552814569468223,1.0380971576534006,Optimization terminated successfully
2017-02-08,628,0,634.1,network_lp,143.90625,1,1,1,0.8,1.049998614387544,0.9999468909353686,Optimization terminated successfully
2017-02-08,628,0,634.1,fixed_recovery,143.90625,1,1,1,0.8,1.0499986143932007,0.7448712541650456,Optimization terminated successfully
2017-02-08,628,0,634.1,myopic_recovery,143.90625,1,1,1,0.8,1.049998614387544,0.999985849954014,myopic rollout feasible
2017-02-08,628,0,634.1,energy_only,196.640625,1,0,1,0.8,1.054278133874457,1.0235932269995254,Optimization terminated successfully
2017-02-09,629,0,634.1,network_lp,161.328125,1,1,1,0.8,1.0499992349211895,0.999967007575741,Optimization terminated successfully
2017-02-09,629,0,634.1,fixed_recovery,161.328125,1,1,1,0.8,1.0499992349211895,0.7571575001508768,Optimization terminated successfully
2017-02-09,629,0,634.1,myopic_recovery,161.328125,1,1,1,0.8,1.0499992349211895,0.9999669959055435,myopic rollout feasible
2017-02-09,629,0,634.1,energy_only,187.34375,1,0,1,0.8,1.0524295061657434,1.0357314303303202,Optimization terminated successfully
2017-02-10,630,0,634.1,network_lp,119.296875,1,1,1,0.8,1.0499986908743204,0.9999729952920573,Optimization terminated successfully
2017-02-10,630,0,634.1,fixed_recovery,119.296875,1,1,1,0.8,1.0499986910712438,0.6862900483527502,Optimization terminated successfully
2017-02-10,630,0,634.1,myopic_recovery,119.296875,1,1,1,0.8,1.0499986908743204,0.9999729952920565,myopic rollout feasible
2017-02-10,630,0,634.1,energy_only,188.515625,1,0,1,0.8,1.0542928209227613,1.0440661529300395,Optimization terminated successfully
2017-02-11,631,0,634.1,network_lp,166.484375,1,1,1,0.8,1.0499992863307746,0.9999652753002289,Optimization terminated successfully
2017-02-11,631,0,634.1,fixed_recovery,166.484375,1,1,1,0.8,1.0499992863307746,0.880648533800386,Optimization terminated successfully
2017-02-11,631,0,634.1,myopic_recovery,166.484375,1,1,1,0.8,1.0499992863307746,0.9999652753002289,myopic rollout feasible
2017-02-11,631,0,634.1,energy_only,253.359375,1,0,1,0.8,1.0580470694031885,1.1663054080816677,Optimization terminated successfully
2017-02-12,632,0,634.1,network_lp,124.140625,1,1,1,0.8,1.0499987888174223,0.9999892732477922,Optimization terminated successfully
2017-02-12,632,0,634.1,fixed_recovery,124.140625,1,1,1,0.8,1.0499987888174227,0.821173496645525,Optimization terminated successfully
2017-02-12,632,0,634.1,myopic_recovery,124.140625,1,1,1,0.8,1.0499987888174223,0.9999691126085883,myopic rollout feasible
2017-02-12,632,0,634.1,energy_only,253.75,1,0,1,0.8,1.060028513866203,1.171487774906548,Optimization terminated successfully
2017-02-13,633,0,634.1,network_lp,156.953125,1,1,1,0.8,1.0499938563655473,0.9999688996592172,Optimization terminated successfully
2017-02-13,633,0,634.1,fixed_recovery,156.953125,1,1,1,0.8,1.0499938563475582,0.7652811089553664,Optimization terminated successfully
2017-02-13,633,0,634.1,myopic_recovery,156.953125,1,1,1,0.8,1.0499938563655473,0.9998774136916316,myopic rollout feasible
2017-02-13,633,0,634.1,energy_only,196.796875,1,0,1,0.8,1.0537122088277515,1.0333675596126564,Optimization terminated successfully
2017-02-14,634,0,634.1,network_lp,109.6875,1,1,1,0.8,1.0499994895571763,0.9999896928102985,Optimization terminated successfully
2017-02-14,634,0,634.1,fixed_recovery,109.6875,1,1,1,0.8,1.0499994895571765,0.6669277589304226,Optimization terminated successfully
2017-02-14,634,0,634.1,myopic_recovery,109.6875,1,1,1,0.8,1.0499994895571763,0.9999576200287141,myopic rollout feasible
2017-02-14,634,0,634.1,energy_only,179.609375,1,0,1,0.8,1.0536967095839407,1.0306970591088036,Optimization terminated successfully
2017-02-15,635,0,634.1,network_lp,155.0,1,1,1,0.8,1.0499992207639441,0.9999676293797609,Optimization terminated successfully
2017-02-15,635,0,634.1,fixed_recovery,155.0,1,1,1,0.8,1.0499992207639441,0.7809223946782202,Optimization terminated successfully
2017-02-15,635,0,634.1,myopic_recovery,155.0,1,1,1,0.8,1.0499992207639441,0.9999676293797632,myopic rollout feasible
2017-02-15,635,0,634.1,energy_only,208.59375,1,0,1,0.8,1.0548796160835765,1.0495802851149736,Optimization terminated successfully
2017-02-16,636,0,634.1,network_lp,124.53125,1,1,1,0.8,1.050000629725265,0.9999676280615306,Optimization terminated successfully
2017-02-16,636,0,634.1,fixed_recovery,124.53125,1,1,1,0.8,1.0500006297285558,0.7363312258841782,Optimization terminated successfully
2017-02-16,636,0,634.1,myopic_recovery,124.53125,1,1,1,0.8,1.050000629725265,0.9999810194024447,myopic rollout feasible
2017-02-16,636,0,634.1,energy_only,196.484375,1,0,1,0.8,1.0547488421814641,1.052762980163444,Optimization terminated successfully
2017-02-17,637,0,634.1,network_lp,165.3125,1,1,1,0.8,1.0499946528948538,0.9999591628975143,Optimization terminated successfully
2017-02-17,637,0,634.1,fixed_recovery,165.3125,1,1,1,0.8,1.0499946528948538,0.9879620677247769,Optimization terminated successfully
2017-02-17,637,0,634.1,myopic_recovery,165.3125,1,1,1,0.8,1.0499946528948538,0.9999642723362042,myopic rollout feasible
2017-02-17,637,0,634.1,energy_only,262.734375,1,0,1,0.8,1.0590105468863549,1.2766114553509775,Optimization terminated successfully
2017-02-18,638,0,634.1,network_lp,119.453125,1,1,1,0.8,1.049999820359376,0.9999676302050076,Optimization terminated successfully
2017-02-18,638,0,634.1,fixed_recovery,119.453125,1,1,1,0.8,1.0499998203593757,0.7597839822347329,Optimization terminated successfully
2017-02-18,638,0,634.1,myopic_recovery,119.453125,1,1,1,0.8,1.049999820359376,1.0000008209863342,myopic rollout feasible
2017-02-18,638,0,634.1,energy_only,205.46875,1,0,1,0.8,1.0557390863001952,1.0693681234627017,Optimization terminated successfully
2017-02-19,639,0,634.1,network_lp,102.8125,1,1,1,0.8,1.0499995347765558,0.9999651298589728,Optimization terminated successfully
2017-02-19,639,0,634.1,fixed_recovery,102.8125,1,1,1,0.8,1.049999534941263,0.7130749053118913,Optimization terminated successfully
2017-02-19,639,0,634.1,myopic_recovery,102.8125,1,1,1,0.8,1.0499995347765558,0.9999917507918149,myopic rollout feasible
2017-02-19,639,0,634.1,energy_only,222.578125,1,0,1,0.8,1.0577765508221415,1.0927115418745441,Optimization terminated successfully
2017-02-20,640,0,634.1,network_lp,148.359375,1,1,1,0.8,1.04999975456929,0.9999989082372625,Optimization terminated successfully
2017-02-20,640,0,634.1,fixed_recovery,148.359375,1,1,1,0.8,1.0499997545734636,0.8199172447612764,Optimization terminated successfully
2017-02-20,640,0,634.1,myopic_recovery,148.359375,1,1,1,0.8,1.04999975456929,0.9999829027329464,myopic rollout feasible
2017-02-20,640,0,634.1,energy_only,248.828125,1,0,1,0.8,1.0588401846152689,1.1296922951595991,Optimization terminated successfully
2017-02-21,641,0,634.1,network_lp,156.71875,1,1,1,0.8,1.0499999368889879,0.9999958841996736,Optimization terminated successfully
2017-02-21,641,0,634.1,fixed_recovery,156.71875,1,1,1,0.8,1.0499999368889879,0.861461857687942,Optimization terminated successfully
2017-02-21,641,0,634.1,myopic_recovery,156.71875,1,1,1,0.8,1.0499999368889879,0.9999958841996736,myopic rollout feasible
2017-02-21,641,0,634.1,energy_only,252.96875,1,0,1,0.8,1.0589263996576395,1.162246201975035,Optimization terminated successfully
2017-02-22,642,0,634.1,network_lp,156.40625,1,1,1,0.8,1.0499998853965629,0.999991848063143,Optimization terminated successfully
2017-02-22,642,0,634.1,fixed_recovery,156.40625,1,1,1,0.8,1.0499998853965629,0.7557626361892755,Optimization terminated successfully
2017-02-22,642,0,634.1,myopic_recovery,156.40625,1,1,1,0.8,1.0499998853965629,0.999991848063143,myopic rollout feasible
2017-02-22,642,0,634.1,energy_only,197.890625,1,0,1,0.8,1.0538711029433396,1.0580420352992852,Optimization terminated successfully
2017-02-23,643,0,634.1,network_lp,130.078125,1,1,1,0.8,1.0499998969334847,0.999995134621834,Optimization terminated successfully
2017-02-23,643,0,634.1,fixed_recovery,130.078125,1,1,1,0.8,1.0499998969381008,0.7310412048032993,Optimization terminated successfully
2017-02-23,643,0,634.1,myopic_recovery,130.078125,1,1,1,0.8,1.0499998969334847,0.9999951301382953,myopic rollout feasible
2017-02-23,643,0,634.1,energy_only,197.03125,1,0,1,0.8,1.054354076106899,1.053237214269223,Optimization terminated successfully
2017-02-24,644,0,634.1,network_lp,95.234375,1,1,1,0.8,1.0499997323295198,0.9998660225866073,Optimization terminated successfully
2017-02-24,644,0,634.1,fixed_recovery,95.234375,1,1,1,0.8,1.0499997323295198,0.7539550823487055,Optimization terminated successfully
2017-02-24,644,0,634.1,myopic_recovery,95.234375,1,1,1,0.8,1.0499997323295198,0.999827032369746,myopic rollout feasible
2017-02-24,644,0,634.1,energy_only,251.640625,1,0,1,0.8,1.060866553014287,1.1052745451330193,Optimization terminated successfully
2017-02-25,645,0,634.1,network_lp,109.21875,1,1,1,0.8,1.0500009694510168,0.999994656119746,Optimization terminated successfully
2017-02-25,645,0,634.1,fixed_recovery,109.21875,1,1,1,0.8,1.0500009696437804,0.7069307756366268,Optimization terminated successfully
2017-02-25,645,0,634.1,myopic_recovery,109.21875,1,1,1,0.8,1.0500009694510168,0.9999609425542022,myopic rollout feasible
2017-02-25,645,0,634.1,energy_only,205.46875,1,0,1,0.8,1.0557641616473055,1.0693681203851122,Optimization terminated successfully
2017-02-26,646,0,634.1,network_lp,149.296875,1,1,1,0.8,1.0499989386744515,0.999996605672944,Optimization terminated successfully
2017-02-26,646,0,634.1,fixed_recovery,149.296875,1,1,1,0.8,1.0499989386801623,0.780344632670539,Optimization terminated successfully
2017-02-26,646,0,634.1,myopic_recovery,149.296875,1,1,1,0.8,1.0499989386744515,0.999996605672944,myopic rollout feasible
2017-02-26,646,0,634.1,energy_only,201.484375,1,0,1,0.8,1.0544038814138457,1.0626179461642629,Optimization terminated successfully
2017-02-27,647,0,634.1,network_lp,87.1875,1,1,1,0.8,1.0500004936946206,0.9998808817715674,Optimization terminated successfully
2017-02-27,647,0,634.1,fixed_recovery,87.1875,1,1,1,0.8,1.0500004936946203,0.8312027388213101,Optimization terminated successfully
2017-02-27,647,0,634.1,myopic_recovery,87.1875,1,1,1,0.8,1.0500004936946206,0.9999513199445573,myopic rollout feasible
2017-02-27,647,0,634.1,energy_only,258.125,1,0,1,0.8,1.0615661074380816,1.221949820832892,Optimization terminated successfully
2017-02-28,648,0,634.1,network_lp,139.453125,1,1,1,0.8,1.0500005882939878,0.9999935365465651,Optimization terminated successfully
2017-02-28,648,0,634.1,fixed_recovery,139.453125,1,1,1,0.8,1.0500005882976602,0.7994022595079151,Optimization terminated successfully
2017-02-28,648,0,634.1,myopic_recovery,139.453125,1,1,1,0.8,1.0500005882939878,0.9999935365465651,myopic rollout feasible
2017-02-28,648,0,634.1,energy_only,244.0625,1,0,1,0.8,1.0586917856853024,1.1243059903931947,Optimization terminated successfully
2017-03-01,649,0,634.1,network_lp,147.109375,1,1,1,0.8,1.0500004611067122,0.9999918492867633,Optimization terminated successfully
2017-03-01,649,0,634.1,fixed_recovery,147.109375,1,1,1,0.8,1.0500004611067144,0.7396572266023673,Optimization terminated successfully
2017-03-01,649,0,634.1,myopic_recovery,147.109375,1,1,1,0.8,1.0500004611067122,0.9999918492867633,myopic rollout feasible
2017-03-01,649,0,634.1,energy_only,196.40625,1,0,1,0.8,1.054255331505294,1.0572687736657336,Optimization terminated successfully
2017-03-02,650,0,634.1,network_lp,56.40625,1,1,1,0.8,1.0500008718935163,0.9999896942367804,Optimization terminated successfully
2017-03-02,650,0,634.1,fixed_recovery,56.40625,1,1,1,0.8,1.0500008719880465,0.6369472528688835,Optimization terminated successfully
2017-03-02,650,0,634.1,myopic_recovery,56.40625,1,1,1,0.8,1.0500008718935163,0.9999768363205936,myopic rollout feasible
2017-03-02,650,0,634.1,energy_only,200.3125,1,0,1,0.8,1.0569519945921442,1.0489383246695556,Optimization terminated successfully
2017-03-03,651,0,634.1,network_lp,104.0625,1,1,1,0.8,1.049999952276519,0.9999750872475405,Optimization terminated successfully
2017-03-03,651,0,634.1,fixed_recovery,104.0625,1,1,1,0.8,1.0499999524414034,0.6792710151735416,Optimization terminated successfully
2017-03-03,651,0,634.1,myopic_recovery,104.0625,1,1,1,0.8,1.049999952276519,0.9999599741114894,myopic rollout feasible
2017-03-03,651,0,634.1,energy_only,198.4375,1,0,1,0.8,1.0556137656496394,1.062115238096211,Optimization terminated successfully
2017-03-04,652,0,634.1,network_lp,125.859375,1,1,1,0.8,1.0500002362559122,0.9999587548514964,Optimization terminated successfully
2017-03-04,652,0,634.1,fixed_recovery,125.859375,1,1,1,0.8,1.0500002355594402,0.7792052644074373,Optimization terminated successfully
2017-03-04,652,0,634.1,myopic_recovery,125.859375,1,1,1,0.8,1.0500002362559122,0.9999651293367797,myopic rollout feasible
2017-03-04,652,0,634.1,energy_only,224.609375,1,0,1,0.8,1.0573319503928642,1.0251365483188033,Optimization terminated successfully
2017-03-05,653,0,634.1,network_lp,102.734375,1,1,1,0.8,1.0499997819346683,0.999989284763872,Optimization terminated successfully
2017-03-05,653,0,634.1,fixed_recovery,102.734375,1,1,1,0.8,1.0499997819346683,0.678002579353639,Optimization terminated successfully
2017-03-05,653,0,634.1,myopic_recovery,102.734375,1,1,1,0.8,1.0499997819346683,0.9999465329767095,myopic rollout feasible
2017-03-05,653,0,634.1,energy_only,198.4375,1,0,1,0.8,1.0558177974559715,1.024884167457243,Optimization terminated successfully
2017-03-06,654,0,634.1,network_lp,161.953125,1,1,1,0.8,1.0499978302996504,0.9999698019772807,Optimization terminated successfully
2017-03-06,654,0,634.1,fixed_recovery,161.953125,1,1,1,0.8,1.0499978302996504,0.8116163050720187,Optimization terminated successfully
2017-03-06,654,0,634.1,myopic_recovery,161.953125,1,1,1,0.8,1.0499978302996504,0.9999911193559188,myopic rollout feasible
2017-03-06,654,0,634.1,energy_only,218.28125,1,0,1,0.8,1.0552395245407429,1.0253332338183452,Optimization terminated successfully
2017-03-07,655,0,634.1,network_lp,126.5625,1,1,1,0.8,1.0499997331284592,0.9999116578948523,Optimization terminated successfully
2017-03-07,655,0,634.1,fixed_recovery,126.5625,1,1,1,0.8,1.0499997333349165,0.6610697144130235,Optimization terminated successfully
2017-03-07,655,0,634.1,myopic_recovery,126.5625,1,1,1,0.8,1.0499997331284592,0.9999821149970427,myopic rollout feasible
2017-03-07,655,0,634.1,energy_only,174.296875,1,0,1,0.8,1.0527999436841926,1.0105201970662243,Optimization terminated successfully
2017-03-08,656,0,634.1,network_lp,129.296875,1,1,1,0.8,1.0499984911077216,0.999904609268678,Optimization terminated successfully
2017-03-08,656,0,634.1,fixed_recovery,129.296875,1,1,1,0.8,1.0499984904152468,0.6640208204354592,Optimization terminated successfully
2017-03-08,656,0,634.1,myopic_recovery,129.296875,1,1,1,0.8,1.0499984911077216,0.9999893215760414,myopic rollout feasible
2017-03-08,656,0,634.1,energy_only,165.46875,1,0,1,0.8,1.0519364400544393,1.0091227790418962,Optimization terminated successfully
2017-03-09,657,0,634.1,network_lp,143.28125,1,1,1,0.8,1.0500002002181474,0.999966710102183,Optimization terminated successfully
2017-03-09,657,0,634.1,fixed_recovery,143.28125,1,1,1,0.8,1.0500002002228364,0.7650630880029459,Optimization terminated successfully
2017-03-09,657,0,634.1,myopic_recovery,143.28125,1,1,1,0.8,1.0500002002181474,0.9999783635408885,myopic rollout feasible
2017-03-09,657,0,634.1,energy_only,217.1875,1,0,1,0.8,1.0562780618963348,1.0892261191552932,Optimization terminated successfully
2017-03-10,658,0,634.1,network_lp,58.046875,1,1,1,0.8,1.0500009446484988,0.9998955530590427,Optimization terminated successfully
2017-03-10,658,0,634.1,fixed_recovery,58.046875,1,1,1,0.8,1.0500009447450709,0.6325899905135082,Optimization terminated successfully
2017-03-10,658,0,634.1,myopic_recovery,58.046875,1,1,1,0.8,1.0500009446484988,0.9999533577719055,myopic rollout feasible
2017-03-10,658,0,634.1,energy_only,181.328125,1,0,1,0.8,1.0551858317824818,1.0347146337738784,Optimization terminated successfully
2017-03-11,659,0,634.1,network_lp,115.3125,1,1,1,0.8,1.0499996643579674,0.9999645209757464,Optimization terminated successfully
2017-03-11,659,0,634.1,fixed_recovery,115.3125,1,1,1,0.8,1.0499996645453349,0.8021528544966452,Optimization terminated successfully
2017-03-11,659,0,634.1,myopic_recovery,115.3125,1,1,1,0.8,1.0499996643579674,0.9999484773297006,myopic rollout feasible
2017-03-11,659,0,634.1,energy_only,229.140625,1,0,1,0.8,1.0582639256896822,1.0299370055006485,Optimization terminated successfully
