date,day_index,group,site,service_kw,planner_feasible,replay_feasible,baseline_feasible,scalar_minus_replay_endpoint_kw,replay_endpoint_status,interpretation
2012-07-01,0,0,611.3,154.53125,1,1,1,0.0,exact_at_scalar_endpoint,recorded scalar endpoint schedule passed all nonlinear interval readbacks; zero observed gap is not a joint AC-set proof
2012-07-01,0,0,634.1,174.375,1,1,1,0.0,exact_at_scalar_endpoint,recorded scalar endpoint schedule passed all nonlinear interval readbacks; zero observed gap is not a joint AC-set proof
2012-07-01,0,1,611.3,150.15625,1,1,1,0.0,exact_at_scalar_endpoint,recorded scalar endpoint schedule passed all nonlinear interval readbacks; zero observed gap is not a joint AC-set proof
2012-07-01,0,1,634.1,172.34375,1,1,1,0.0,exact_at_scalar_endpoint,recorded scalar endpoint schedule passed all nonlinear interval readbacks; zero observed gap is not a joint AC-set proof
2012-07-01,0,2,611.3,156.796875,1,1,1,0.0,exact_at_scalar_endpoint,recorded scalar endpoint schedule passed all nonlinear interval readbacks; zero observed gap is not a joint AC-set proof
2012-07-01,0,2,634.1,177.890625,1,1,1,0.0,exact_at_scalar_endpoint,recorded scalar endpoint schedule passed all nonlinear interval readbacks; zero observed gap is not a joint AC-set proof
2012-07-01,0,3,611.3,153.4375,1,1,1,0.0,exact_at_scalar_endpoint,recorded scalar endpoint schedule passed all nonlinear interval readbacks; zero observed gap is not a joint AC-set proof
2012-07-01,0,3,634.1,173.90625,1,1,1,0.0,exact_at_scalar_endpoint,recorded scalar endpoint schedule passed all nonlinear interval readbacks; zero observed gap is not a joint AC-set proof
2012-07-01,0,4,611.3,156.484375,1,1,1,0.0,exact_at_scalar_endpoint,recorded scalar endpoint schedule passed all nonlinear interval readbacks; zero observed gap is not a joint AC-set proof
2012-07-01,0,4,634.1,177.03125,1,1,1,0.0,exact_at_scalar_endpoint,recorded scalar endpoint schedule passed all nonlinear interval readbacks; zero observed gap is not a joint AC-set proof
2012-07-01,0,5,611.3,141.09375,1,1,1,0.0,exact_at_scalar_endpoint,recorded scalar endpoint schedule passed all nonlinear interval readbacks; zero observed gap is not a joint AC-set proof
2012-07-01,0,5,634.1,168.359375,1,1,1,0.0,exact_at_scalar_endpoint,recorded scalar endpoint schedule passed all nonlinear interval readbacks; zero observed gap is not a joint AC-set proof
2012-07-01,0,6,611.3,159.296875,1,1,1,0.0,exact_at_scalar_endpoint,recorded scalar endpoint schedule passed all nonlinear interval readbacks; zero observed gap is not a joint AC-set proof
2012-07-01,0,6,634.1,184.921875,1,1,1,0.0,exact_at_scalar_endpoint,recorded scalar endpoint schedule passed all nonlinear interval readbacks; zero observed gap is not a joint AC-set proof
2012-07-01,0,7,611.3,157.8125,1,1,1,0.0,exact_at_scalar_endpoint,recorded scalar endpoint schedule passed all nonlinear interval readbacks; zero observed gap is not a joint AC-set proof
2012-07-01,0,7,634.1,181.328125,1,1,1,0.0,exact_at_scalar_endpoint,recorded scalar endpoint schedule passed all nonlinear interval readbacks; zero observed gap is not a joint AC-set proof
2012-07-01,0,8,611.3,158.671875,1,1,1,0.0,exact_at_scalar_endpoint,recorded scalar endpoint schedule passed all nonlinear interval readbacks; zero observed gap is not a joint AC-set proof
2012-07-01,0,8,634.1,175.390625,1,1,1,0.0,exact_at_scalar_endpoint,recorded scalar endpoint schedule passed all nonlinear interval readbacks; zero observed gap is not a joint AC-set proof
2012-07-01,0,9,611.3,159.6875,1,1,1,0.0,exact_at_scalar_endpoint,recorded scalar endpoint schedule passed all nonlinear interval readbacks; zero observed gap is not a joint AC-set proof
2012-07-01,0,9,634.1,187.578125,1,1,1,0.0,exact_at_scalar_endpoint,recorded scalar endpoint schedule passed all nonlinear interval readbacks; zero observed gap is not a joint AC-set proof
2012-07-02,1,0,611.3,124.53125,1,1,1,0.0,exact_at_scalar_endpoint,recorded scalar endpoint schedule passed all nonlinear interval readbacks; zero observed gap is not a joint AC-set proof
2012-07-02,1,0,634.1,137.8125,1,1,1,0.0,exact_at_scalar_endpoint,recorded scalar endpoint schedule passed all nonlinear interval readbacks; zero observed gap is not a joint AC-set proof
2012-07-02,1,1,611.3,144.375,1,1,1,0.0,exact_at_scalar_endpoint,recorded scalar endpoint schedule passed all nonlinear interval readbacks; zero observed gap is not a joint AC-set proof
2012-07-02,1,1,634.1,160.390625,1,1,1,0.0,exact_at_scalar_endpoint,recorded scalar endpoint schedule passed all nonlinear interval readbacks; zero observed gap is not a joint AC-set proof
2012-07-02,1,2,611.3,157.265625,1,1,1,0.0,exact_at_scalar_endpoint,recorded scalar endpoint schedule passed all nonlinear interval readbacks; zero observed gap is not a joint AC-set proof
2012-07-02,1,2,634.1,174.6875,1,1,1,0.0,exact_at_scalar_endpoint,recorded scalar endpoint schedule passed all nonlinear interval readbacks; zero observed gap is not a joint AC-set proof
2012-07-02,1,3,611.3,158.984375,1,1,1,0.0,exact_at_scalar_endpoint,recorded scalar endpoint schedule passed all nonlinear interval readbacks; zero observed gap is not a joint AC-set proof
2012-07-02,1,3,634.1,173.515625,1,1,1,0.0,exact_at_scalar_endpoint,recorded scalar endpoint schedule passed all nonlinear interval readbacks; zero observed gap is not a joint AC-set proof
2012-07-02,1,4,611.3,156.015625,1,1,1,0.0,exact_at_scalar_endpoint,recorded scalar endpoint schedule passed all nonlinear interval readbacks; zero observed gap is not a joint AC-set proof
2012-07-02,1,4,634.1,175.3125,1,1,1,0.0,exact_at_scalar_endpoint,recorded scalar endpoint schedule passed all nonlinear interval readbacks; zero observed gap is not a joint AC-set proof
2012-07-02,1,5,611.3,141.5625,1,1,1,0.0,exact_at_scalar_endpoint,recorded scalar endpoint schedule passed all nonlinear interval readbacks; zero observed gap is not a joint AC-set proof
2012-07-02,1,5,634.1,148.75,1,1,1,0.0,exact_at_scalar_endpoint,recorded scalar endpoint schedule passed all nonlinear interval readbacks; zero observed gap is not a joint AC-set proof
2012-07-02,1,6,611.3,159.21875,1,1,1,0.0,exact_at_scalar_endpoint,recorded scalar endpoint schedule passed all nonlinear interval readbacks; zero observed gap is not a joint AC-set proof
2012-07-02,1,6,634.1,172.1875,1,1,1,0.0,exact_at_scalar_endpoint,recorded scalar endpoint schedule passed all nonlinear interval readbacks; zero observed gap is not a joint AC-set proof
2012-07-02,1,7,611.3,143.671875,1,1,1,0.0,exact_at_scalar_endpoint,recorded scalar endpoint schedule passed all nonlinear interval readbacks; zero observed gap is not a joint AC-set proof
2012-07-02,1,7,634.1,154.84375,1,1,1,0.0,exact_at_scalar_endpoint,recorded scalar endpoint schedule passed all nonlinear interval readbacks; zero observed gap is not a joint AC-set proof
2012-07-02,1,8,611.3,166.5625,1,1,1,0.0,exact_at_scalar_endpoint,recorded scalar endpoint schedule passed all nonlinear interval readbacks; zero observed gap is not a joint AC-set proof
2012-07-02,1,8,634.1,174.375,1,1,1,0.0,exact_at_scalar_endpoint,recorded scalar endpoint schedule passed all nonlinear interval readbacks; zero observed gap is not a joint AC-set proof
2012-07-02,1,9,611.3,158.59375,1,1,1,0.0,exact_at_scalar_endpoint,recorded scalar endpoint schedule passed all nonlinear interval readbacks; zero observed gap is not a joint AC-set proof
2012-07-02,1,9,634.1,173.359375,1,1,1,0.0,exact_at_scalar_endpoint,recorded scalar endpoint schedule passed all nonlinear interval readbacks; zero observed gap is not a joint AC-set proof
2012-07-03,2,0,611.3,130.15625,1,1,1,0.0,exact_at_scalar_endpoint,recorded scalar endpoint schedule passed all nonlinear interval readbacks; zero observed gap is not a joint AC-set proof
2012-07-03,2,0,634.1,137.34375,1,1,1,0.0,exact_at_scalar_endpoint,recorded scalar endpoint schedule passed all nonlinear interval readbacks; zero observed gap is not a joint AC-set proof
2012-07-03,2,1,611.3,159.21875,1,1,1,0.0,exact_at_scalar_endpoint,recorded scalar endpoint schedule passed all nonlinear interval readbacks; zero observed gap is not a joint AC-set proof
2012-07-03,2,1,634.1,163.90625,1,1,1,0.0,exact_at_scalar_endpoint,recorded scalar endpoint schedule passed all nonlinear interval readbacks; zero observed gap is not a joint AC-set proof
2012-07-03,2,2,611.3,110.625,1,1,1,0.0,exact_at_scalar_endpoint,recorded scalar endpoint schedule passed all nonlinear interval readbacks; zero observed gap is not a joint AC-set proof
2012-07-03,2,2,634.1,118.203125,1,1,1,0.0,exact_at_scalar_endpoint,recorded scalar endpoint schedule passed all nonlinear interval readbacks; zero observed gap is not a joint AC-set proof
2012-07-03,2,3,611.3,141.796875,1,1,1,0.0,exact_at_scalar_endpoint,recorded scalar endpoint schedule passed all nonlinear interval readbacks; zero observed gap is not a joint AC-set proof
2012-07-03,2,3,634.1,154.6875,1,1,1,0.0,exact_at_scalar_endpoint,recorded scalar endpoint schedule passed all nonlinear interval readbacks; zero observed gap is not a joint AC-set proof
2012-07-03,2,4,611.3,157.890625,1,1,1,0.0,exact_at_scalar_endpoint,recorded scalar endpoint schedule passed all nonlinear interval readbacks; zero observed gap is not a joint AC-set proof
2012-07-03,2,4,634.1,177.734375,1,1,1,0.0,exact_at_scalar_endpoint,recorded scalar endpoint schedule passed all nonlinear interval readbacks; zero observed gap is not a joint AC-set proof
2012-07-03,2,5,611.3,151.328125,1,1,1,0.0,exact_at_scalar_endpoint,recorded scalar endpoint schedule passed all nonlinear interval readbacks; zero observed gap is not a joint AC-set proof
2012-07-03,2,5,634.1,154.296875,1,1,1,0.0,exact_at_scalar_endpoint,recorded scalar endpoint schedule passed all nonlinear interval readbacks; zero observed gap is not a joint AC-set proof
2012-07-03,2,6,611.3,149.53125,1,1,1,0.0,exact_at_scalar_endpoint,recorded scalar endpoint schedule passed all nonlinear interval readbacks; zero observed gap is not a joint AC-set proof
2012-07-03,2,6,634.1,155.78125,1,1,1,0.0,exact_at_scalar_endpoint,recorded scalar endpoint schedule passed all nonlinear interval readbacks; zero observed gap is not a joint AC-set proof
2012-07-03,2,7,611.3,160.3125,1,1,1,0.0,exact_at_scalar_endpoint,recorded scalar endpoint schedule passed all nonlinear interval readbacks; zero observed gap is not a joint AC-set proof
2012-07-03,2,7,634.1,175.703125,1,1,1,0.0,exact_at_scalar_endpoint,recorded scalar endpoint schedule passed all nonlinear interval readbacks; zero observed gap is not a joint AC-set proof
2012-07-03,2,8,611.3,126.796875,1,1,1,0.0,exact_at_scalar_endpoint,recorded scalar endpoint schedule passed all nonlinear interval readbacks; zero observed gap is not a joint AC-set proof
2012-07-03,2,8,634.1,130.625,1,1,1,0.0,exact_at_scalar_endpoint,recorded scalar endpoint schedule passed all nonlinear interval readbacks; zero observed gap is not a joint AC-set proof
2012-07-03,2,9,611.3,135.703125,1,1,1,0.0,exact_at_scalar_endpoint,recorded scalar endpoint schedule passed all nonlinear interval readbacks; zero observed gap is not a joint AC-set proof
2012-07-03,2,9,634.1,147.1875,1,1,1,0.0,exact_at_scalar_endpoint,recorded scalar endpoint schedule passed all nonlinear interval readbacks; zero observed gap is not a joint AC-set proof
2012-07-04,3,0,611.3,154.6875,1,1,1,0.0,exact_at_scalar_endpoint,recorded scalar endpoint schedule passed all nonlinear interval readbacks; zero observed gap is not a joint AC-set proof
2012-07-04,3,0,634.1,162.421875,1,1,1,0.0,exact_at_scalar_endpoint,recorded scalar endpoint schedule passed all nonlinear interval readbacks; zero observed gap is not a joint AC-set proof
2012-07-04,3,1,611.3,157.109375,1,1,1,0.0,exact_at_scalar_endpoint,recorded scalar endpoint schedule passed all nonlinear interval readbacks; zero observed gap is not a joint AC-set proof
2012-07-04,3,1,634.1,170.46875,1,1,1,0.0,exact_at_scalar_endpoint,recorded scalar endpoint schedule passed all nonlinear interval readbacks; zero observed gap is not a joint AC-set proof
2012-07-04,3,2,611.3,130.859375,1,1,1,0.0,exact_at_scalar_endpoint,recorded scalar endpoint schedule passed all nonlinear interval readbacks; zero observed gap is not a joint AC-set proof
2012-07-04,3,2,634.1,136.71875,1,1,1,0.0,exact_at_scalar_endpoint,recorded scalar endpoint schedule passed all nonlinear interval readbacks; zero observed gap is not a joint AC-set proof
2012-07-04,3,3,611.3,157.890625,1,1,1,0.0,exact_at_scalar_endpoint,recorded scalar endpoint schedule passed all nonlinear interval readbacks; zero observed gap is not a joint AC-set proof
2012-07-04,3,3,634.1,181.484375,1,1,1,0.0,exact_at_scalar_endpoint,recorded scalar endpoint schedule passed all nonlinear interval readbacks; zero observed gap is not a joint AC-set proof
2012-07-04,3,4,611.3,157.65625,1,1,1,0.0,exact_at_scalar_endpoint,recorded scalar endpoint schedule passed all nonlinear interval readbacks; zero observed gap is not a joint AC-set proof
2012-07-04,3,4,634.1,180.546875,1,1,1,0.0,exact_at_scalar_endpoint,recorded scalar endpoint schedule passed all nonlinear interval readbacks; zero observed gap is not a joint AC-set proof
2012-07-04,3,5,611.3,157.890625,1,1,1,0.0,exact_at_scalar_endpoint,recorded scalar endpoint schedule passed all nonlinear interval readbacks; zero observed gap is not a joint AC-set proof
2012-07-04,3,5,634.1,174.21875,1,1,1,0.0,exact_at_scalar_endpoint,recorded scalar endpoint schedule passed all nonlinear interval readbacks; zero observed gap is not a joint AC-set proof
2012-07-04,3,6,611.3,161.015625,1,1,1,0.0,exact_at_scalar_endpoint,recorded scalar endpoint schedule passed all nonlinear interval readbacks; zero observed gap is not a joint AC-set proof
2012-07-04,3,6,634.1,184.765625,1,1,1,0.0,exact_at_scalar_endpoint,recorded scalar endpoint schedule passed all nonlinear interval readbacks; zero observed gap is not a joint AC-set proof
2012-07-04,3,7,611.3,160.78125,1,1,1,0.0,exact_at_scalar_endpoint,recorded scalar endpoint schedule passed all nonlinear interval readbacks; zero observed gap is not a joint AC-set proof
2012-07-04,3,7,634.1,191.09375,1,1,1,0.0,exact_at_scalar_endpoint,recorded scalar endpoint schedule passed all nonlinear interval readbacks; zero observed gap is not a joint AC-set proof
2012-07-04,3,8,611.3,156.09375,1,1,1,0.0,exact_at_scalar_endpoint,recorded scalar endpoint schedule passed all nonlinear interval readbacks; zero observed gap is not a joint AC-set proof
2012-07-04,3,8,634.1,159.53125,1,1,1,0.0,exact_at_scalar_endpoint,recorded scalar endpoint schedule passed all nonlinear interval readbacks; zero observed gap is not a joint AC-set proof
2012-07-04,3,9,611.3,147.34375,1,1,1,0.0,exact_at_scalar_endpoint,recorded scalar endpoint schedule passed all nonlinear interval readbacks; zero observed gap is not a joint AC-set proof
2012-07-04,3,9,634.1,167.578125,1,1,1,0.0,exact_at_scalar_endpoint,recorded scalar endpoint schedule passed all nonlinear interval readbacks; zero observed gap is not a joint AC-set proof
2012-07-05,4,0,611.3,157.734375,1,1,1,0.0,exact_at_scalar_endpoint,recorded scalar endpoint schedule passed all nonlinear interval readbacks; zero observed gap is not a joint AC-set proof
2012-07-05,4,0,634.1,174.84375,1,1,1,0.0,exact_at_scalar_endpoint,recorded scalar endpoint schedule passed all nonlinear interval readbacks; zero observed gap is not a joint AC-set proof
2012-07-05,4,1,611.3,162.03125,1,1,1,0.0,exact_at_scalar_endpoint,recorded scalar endpoint schedule passed all nonlinear interval readbacks; zero observed gap is not a joint AC-set proof
2012-07-05,4,1,634.1,177.65625,1,1,1,0.0,exact_at_scalar_endpoint,recorded scalar endpoint schedule passed all nonlinear interval readbacks; zero observed gap is not a joint AC-set proof
2012-07-05,4,2,611.3,146.171875,1,1,1,0.0,exact_at_scalar_endpoint,recorded scalar endpoint schedule passed all nonlinear interval readbacks; zero observed gap is not a joint AC-set proof
2012-07-05,4,2,634.1,156.25,1,1,1,0.0,exact_at_scalar_endpoint,recorded scalar endpoint schedule passed all nonlinear interval readbacks; zero observed gap is not a joint AC-set proof
2012-07-05,4,3,611.3,155.9375,1,1,1,0.0,exact_at_scalar_endpoint,recorded scalar endpoint schedule passed all nonlinear interval readbacks; zero observed gap is not a joint AC-set proof
2012-07-05,4,3,634.1,165.9375,1,1,1,0.0,exact_at_scalar_endpoint,recorded scalar endpoint schedule passed all nonlinear interval readbacks; zero observed gap is not a joint AC-set proof
2012-07-05,4,4,611.3,157.5,1,1,1,0.0,exact_at_scalar_endpoint,recorded scalar endpoint schedule passed all nonlinear interval readbacks; zero observed gap is not a joint AC-set proof
2012-07-05,4,4,634.1,180.390625,1,1,1,0.0,exact_at_scalar_endpoint,recorded scalar endpoint schedule passed all nonlinear interval readbacks; zero observed gap is not a joint AC-set proof
2012-07-05,4,5,611.3,143.828125,1,1,1,0.0,exact_at_scalar_endpoint,recorded scalar endpoint schedule passed all nonlinear interval readbacks; zero observed gap is not a joint AC-set proof
2012-07-05,4,5,634.1,163.59375,1,1,1,0.0,exact_at_scalar_endpoint,recorded scalar endpoint schedule passed all nonlinear interval readbacks; zero observed gap is not a joint AC-set proof
2012-07-05,4,6,611.3,151.328125,1,1,1,0.0,exact_at_scalar_endpoint,recorded scalar endpoint schedule passed all nonlinear interval readbacks; zero observed gap is not a joint AC-set proof
2012-07-05,4,6,634.1,164.6875,1,1,1,0.0,exact_at_scalar_endpoint,recorded scalar endpoint schedule passed all nonlinear interval readbacks; zero observed gap is not a joint AC-set proof
2012-07-05,4,7,611.3,162.96875,1,1,1,0.0,exact_at_scalar_endpoint,recorded scalar endpoint schedule passed all nonlinear interval readbacks; zero observed gap is not a joint AC-set proof
2012-07-05,4,7,634.1,184.6875,1,1,1,0.0,exact_at_scalar_endpoint,recorded scalar endpoint schedule passed all nonlinear interval readbacks; zero observed gap is not a joint AC-set proof
2012-07-05,4,8,611.3,158.4375,1,1,1,0.0,exact_at_scalar_endpoint,recorded scalar endpoint schedule passed all nonlinear interval readbacks; zero observed gap is not a joint AC-set proof
2012-07-05,4,8,634.1,170.390625,1,1,1,0.0,exact_at_scalar_endpoint,recorded scalar endpoint schedule passed all nonlinear interval readbacks; zero observed gap is not a joint AC-set proof
2012-07-05,4,9,611.3,159.53125,1,1,1,0.0,exact_at_scalar_endpoint,recorded scalar endpoint schedule passed all nonlinear interval readbacks; zero observed gap is not a joint AC-set proof
2012-07-05,4,9,634.1,179.375,1,1,1,0.0,exact_at_scalar_endpoint,recorded scalar endpoint schedule passed all nonlinear interval readbacks; zero observed gap is not a joint AC-set proof
2012-07-06,5,0,611.3,157.1875,1,1,1,0.0,exact_at_scalar_endpoint,recorded scalar endpoint schedule passed all nonlinear interval readbacks; zero observed gap is not a joint AC-set proof
2012-07-06,5,0,634.1,179.140625,1,1,1,0.0,exact_at_scalar_endpoint,recorded scalar endpoint schedule passed all nonlinear interval readbacks; zero observed gap is not a joint AC-set proof
2012-07-06,5,1,611.3,159.921875,1,1,1,0.0,exact_at_scalar_endpoint,recorded scalar endpoint schedule passed all nonlinear interval readbacks; zero observed gap is not a joint AC-set proof
2012-07-06,5,1,634.1,172.03125,1,1,1,0.0,exact_at_scalar_endpoint,recorded scalar endpoint schedule passed all nonlinear interval readbacks; zero observed gap is not a joint AC-set proof
2012-07-06,5,2,611.3,158.515625,1,1,1,0.0,exact_at_scalar_endpoint,recorded scalar endpoint schedule passed all nonlinear interval readbacks; zero observed gap is not a joint AC-set proof
2012-07-06,5,2,634.1,172.265625,1,1,1,0.0,exact_at_scalar_endpoint,recorded scalar endpoint schedule passed all nonlinear interval readbacks; zero observed gap is not a joint AC-set proof
2012-07-06,5,3,611.3,158.515625,1,1,1,0.0,exact_at_scalar_endpoint,recorded scalar endpoint schedule passed all nonlinear interval readbacks; zero observed gap is not a joint AC-set proof
2012-07-06,5,3,634.1,177.578125,1,1,1,0.0,exact_at_scalar_endpoint,recorded scalar endpoint schedule passed all nonlinear interval readbacks; zero observed gap is not a joint AC-set proof
2012-07-06,5,4,611.3,156.25,1,1,1,0.0,exact_at_scalar_endpoint,recorded scalar endpoint schedule passed all nonlinear interval readbacks; zero observed gap is not a joint AC-set proof
2012-07-06,5,4,634.1,176.171875,1,1,1,0.0,exact_at_scalar_endpoint,recorded scalar endpoint schedule passed all nonlinear interval readbacks; zero observed gap is not a joint AC-set proof
2012-07-06,5,5,611.3,153.046875,1,1,1,0.0,exact_at_scalar_endpoint,recorded scalar endpoint schedule passed all nonlinear interval readbacks; zero observed gap is not a joint AC-set proof
2012-07-06,5,5,634.1,173.75,1,1,1,0.0,exact_at_scalar_endpoint,recorded scalar endpoint schedule passed all nonlinear interval readbacks; zero observed gap is not a joint AC-set proof
2012-07-06,5,6,611.3,160.15625,1,1,1,0.0,exact_at_scalar_endpoint,recorded scalar endpoint schedule passed all nonlinear interval readbacks; zero observed gap is not a joint AC-set proof
2012-07-06,5,6,634.1,185.703125,1,1,1,0.0,exact_at_scalar_endpoint,recorded scalar endpoint schedule passed all nonlinear interval readbacks; zero observed gap is not a joint AC-set proof
2012-07-06,5,7,611.3,163.046875,1,1,1,0.0,exact_at_scalar_endpoint,recorded scalar endpoint schedule passed all nonlinear interval readbacks; zero observed gap is not a joint AC-set proof
2012-07-06,5,7,634.1,198.359375,1,1,1,0.0,exact_at_scalar_endpoint,recorded scalar endpoint schedule passed all nonlinear interval readbacks; zero observed gap is not a joint AC-set proof
2012-07-06,5,8,611.3,159.53125,1,1,1,0.0,exact_at_scalar_endpoint,recorded scalar endpoint schedule passed all nonlinear interval readbacks; zero observed gap is not a joint AC-set proof
2012-07-06,5,8,634.1,187.03125,1,1,1,0.0,exact_at_scalar_endpoint,recorded scalar endpoint schedule passed all nonlinear interval readbacks; zero observed gap is not a joint AC-set proof
2012-07-06,5,9,611.3,145.859375,1,1,1,0.0,exact_at_scalar_endpoint,recorded scalar endpoint schedule passed all nonlinear interval readbacks; zero observed gap is not a joint AC-set proof
2012-07-06,5,9,634.1,170.46875,1,1,1,0.0,exact_at_scalar_endpoint,recorded scalar endpoint schedule passed all nonlinear interval readbacks; zero observed gap is not a joint AC-set proof
2012-07-07,6,0,611.3,153.515625,1,1,1,0.0,exact_at_scalar_endpoint,recorded scalar endpoint schedule passed all nonlinear interval readbacks; zero observed gap is not a joint AC-set proof
2012-07-07,6,0,634.1,173.984375,1,1,1,0.0,exact_at_scalar_endpoint,recorded scalar endpoint schedule passed all nonlinear interval readbacks; zero observed gap is not a joint AC-set proof
2012-07-07,6,1,611.3,159.0625,1,1,1,0.0,exact_at_scalar_endpoint,recorded scalar endpoint schedule passed all nonlinear interval readbacks; zero observed gap is not a joint AC-set proof
2012-07-07,6,1,634.1,174.296875,1,1,1,0.0,exact_at_scalar_endpoint,recorded scalar endpoint schedule passed all nonlinear interval readbacks; zero observed gap is not a joint AC-set proof
2012-07-07,6,2,611.3,157.03125,1,1,1,0.0,exact_at_scalar_endpoint,recorded scalar endpoint schedule passed all nonlinear interval readbacks; zero observed gap is not a joint AC-set proof
2012-07-07,6,2,634.1,178.828125,1,1,1,0.0,exact_at_scalar_endpoint,recorded scalar endpoint schedule passed all nonlinear interval readbacks; zero observed gap is not a joint AC-set proof
2012-07-07,6,3,611.3,156.09375,1,1,1,0.0,exact_at_scalar_endpoint,recorded scalar endpoint schedule passed all nonlinear interval readbacks; zero observed gap is not a joint AC-set proof
2012-07-07,6,3,634.1,175.546875,1,1,1,0.0,exact_at_scalar_endpoint,recorded scalar endpoint schedule passed all nonlinear interval readbacks; zero observed gap is not a joint AC-set proof
2012-07-07,6,4,611.3,156.484375,1,1,1,0.0,exact_at_scalar_endpoint,recorded scalar endpoint schedule passed all nonlinear interval readbacks; zero observed gap is not a joint AC-set proof
2012-07-07,6,4,634.1,176.796875,1,1,1,0.0,exact_at_scalar_endpoint,recorded scalar endpoint schedule passed all nonlinear interval readbacks; zero observed gap is not a joint AC-set proof
2012-07-07,6,5,611.3,142.109375,1,1,1,0.0,exact_at_scalar_endpoint,recorded scalar endpoint schedule passed all nonlinear interval readbacks; zero observed gap is not a joint AC-set proof
2012-07-07,6,5,634.1,168.828125,1,1,1,0.0,exact_at_scalar_endpoint,recorded scalar endpoint schedule passed all nonlinear interval readbacks; zero observed gap is not a joint AC-set proof
2012-07-07,6,6,611.3,159.609375,1,1,1,0.0,exact_at_scalar_endpoint,recorded scalar endpoint schedule passed all nonlinear interval readbacks; zero observed gap is not a joint AC-set proof
2012-07-07,6,6,634.1,186.328125,1,1,1,0.0,exact_at_scalar_endpoint,recorded scalar endpoint schedule passed all nonlinear interval readbacks; zero observed gap is not a joint AC-set proof
2012-07-07,6,7,611.3,163.203125,1,1,1,0.0,exact_at_scalar_endpoint,recorded scalar endpoint schedule passed all nonlinear interval readbacks; zero observed gap is not a joint AC-set proof
2012-07-07,6,7,634.1,195.859375,1,1,1,0.0,exact_at_scalar_endpoint,recorded scalar endpoint schedule passed all nonlinear interval readbacks; zero observed gap is not a joint AC-set proof
2012-07-07,6,8,611.3,158.984375,1,1,1,0.0,exact_at_scalar_endpoint,recorded scalar endpoint schedule passed all nonlinear interval readbacks; zero observed gap is not a joint AC-set proof
2012-07-07,6,8,634.1,177.65625,1,1,1,0.0,exact_at_scalar_endpoint,recorded scalar endpoint schedule passed all nonlinear interval readbacks; zero observed gap is not a joint AC-set proof
2012-07-07,6,9,611.3,148.28125,1,1,1,0.0,exact_at_scalar_endpoint,recorded scalar endpoint schedule passed all nonlinear interval readbacks; zero observed gap is not a joint AC-set proof
2012-07-07,6,9,634.1,171.5625,1,1,1,0.0,exact_at_scalar_endpoint,recorded scalar endpoint schedule passed all nonlinear interval readbacks; zero observed gap is not a joint AC-set proof
2012-07-08,7,0,611.3,106.5625,1,1,1,0.0,exact_at_scalar_endpoint,recorded scalar endpoint schedule passed all nonlinear interval readbacks; zero observed gap is not a joint AC-set proof
2012-07-08,7,0,634.1,121.25,1,1,1,0.0,exact_at_scalar_endpoint,recorded scalar endpoint schedule passed all nonlinear interval readbacks; zero observed gap is not a joint AC-set proof
2012-07-08,7,1,611.3,120.234375,1,1,1,0.0,exact_at_scalar_endpoint,recorded scalar endpoint schedule passed all nonlinear interval readbacks; zero observed gap is not a joint AC-set proof
2012-07-08,7,1,634.1,141.40625,1,1,1,0.0,exact_at_scalar_endpoint,recorded scalar endpoint schedule passed all nonlinear interval readbacks; zero observed gap is not a joint AC-set proof
2012-07-08,7,2,611.3,156.71875,1,1,1,0.0,exact_at_scalar_endpoint,recorded scalar endpoint schedule passed all nonlinear interval readbacks; zero observed gap is not a joint AC-set proof
2012-07-08,7,2,634.1,167.265625,1,1,1,0.0,exact_at_scalar_endpoint,recorded scalar endpoint schedule passed all nonlinear interval readbacks; zero observed gap is not a joint AC-set proof
2012-07-08,7,3,611.3,139.765625,1,1,1,0.0,exact_at_scalar_endpoint,recorded scalar endpoint schedule passed all nonlinear interval readbacks; zero observed gap is not a joint AC-set proof
2012-07-08,7,3,634.1,153.28125,1,1,1,0.0,exact_at_scalar_endpoint,recorded scalar endpoint schedule passed all nonlinear interval readbacks; zero observed gap is not a joint AC-set proof
2012-07-08,7,4,611.3,146.015625,1,1,1,0.0,exact_at_scalar_endpoint,recorded scalar endpoint schedule passed all nonlinear interval readbacks; zero observed gap is not a joint AC-set proof
2012-07-08,7,4,634.1,170.546875,1,1,1,0.0,exact_at_scalar_endpoint,recorded scalar endpoint schedule passed all nonlinear interval readbacks; zero observed gap is not a joint AC-set proof
2012-07-08,7,5,611.3,150.859375,1,1,1,0.0,exact_at_scalar_endpoint,recorded scalar endpoint schedule passed all nonlinear interval readbacks; zero observed gap is not a joint AC-set proof
2012-07-08,7,5,634.1,159.765625,1,1,1,0.0,exact_at_scalar_endpoint,recorded scalar endpoint schedule passed all nonlinear interval readbacks; zero observed gap is not a joint AC-set proof
2012-07-08,7,6,611.3,148.671875,1,1,1,0.0,exact_at_scalar_endpoint,recorded scalar endpoint schedule passed all nonlinear interval readbacks; zero observed gap is not a joint AC-set proof
2012-07-08,7,6,634.1,166.875,1,1,1,0.0,exact_at_scalar_endpoint,recorded scalar endpoint schedule passed all nonlinear interval readbacks; zero observed gap is not a joint AC-set proof
2012-07-08,7,7,611.3,159.53125,1,1,1,0.0,exact_at_scalar_endpoint,recorded scalar endpoint schedule passed all nonlinear interval readbacks; zero observed gap is not a joint AC-set proof
2012-07-08,7,7,634.1,174.21875,1,1,1,0.0,exact_at_scalar_endpoint,recorded scalar endpoint schedule passed all nonlinear interval readbacks; zero observed gap is not a joint AC-set proof
2012-07-08,7,8,611.3,157.8125,1,1,1,0.0,exact_at_scalar_endpoint,recorded scalar endpoint schedule passed all nonlinear interval readbacks; zero observed gap is not a joint AC-set proof
2012-07-08,7,8,634.1,173.125,1,1,1,0.0,exact_at_scalar_endpoint,recorded scalar endpoint schedule passed all nonlinear interval readbacks; zero observed gap is not a joint AC-set proof
2012-07-08,7,9,611.3,150.625,1,1,1,0.0,exact_at_scalar_endpoint,recorded scalar endpoint schedule passed all nonlinear interval readbacks; zero observed gap is not a joint AC-set proof
2012-07-08,7,9,634.1,172.65625,1,1,1,0.0,exact_at_scalar_endpoint,recorded scalar endpoint schedule passed all nonlinear interval readbacks; zero observed gap is not a joint AC-set proof
2012-07-09,8,0,611.3,146.5625,1,1,1,0.0,exact_at_scalar_endpoint,recorded scalar endpoint schedule passed all nonlinear interval readbacks; zero observed gap is not a joint AC-set proof
2012-07-09,8,0,634.1,158.4375,1,1,1,0.0,exact_at_scalar_endpoint,recorded scalar endpoint schedule passed all nonlinear interval readbacks; zero observed gap is not a joint AC-set proof
2012-07-09,8,1,611.3,145.703125,1,1,1,0.0,exact_at_scalar_endpoint,recorded scalar endpoint schedule passed all nonlinear interval readbacks; zero observed gap is not a joint AC-set proof
2012-07-09,8,1,634.1,160.3125,1,1,1,0.0,exact_at_scalar_endpoint,recorded scalar endpoint schedule passed all nonlinear interval readbacks; zero observed gap is not a joint AC-set proof
2012-07-09,8,2,611.3,149.21875,1,1,1,0.0,exact_at_scalar_endpoint,recorded scalar endpoint schedule passed all nonlinear interval readbacks; zero observed gap is not a joint AC-set proof
2012-07-09,8,2,634.1,151.328125,1,1,1,0.0,exact_at_scalar_endpoint,recorded scalar endpoint schedule passed all nonlinear interval readbacks; zero observed gap is not a joint AC-set proof
2012-07-09,8,3,611.3,153.59375,1,1,1,0.0,exact_at_scalar_endpoint,recorded scalar endpoint schedule passed all nonlinear interval readbacks; zero observed gap is not a joint AC-set proof
2012-07-09,8,3,634.1,165.234375,1,1,1,0.0,exact_at_scalar_endpoint,recorded scalar endpoint schedule passed all nonlinear interval readbacks; zero observed gap is not a joint AC-set proof
2012-07-09,8,4,611.3,146.953125,1,1,1,0.0,exact_at_scalar_endpoint,recorded scalar endpoint schedule passed all nonlinear interval readbacks; zero observed gap is not a joint AC-set proof
2012-07-09,8,4,634.1,159.53125,1,1,1,0.0,exact_at_scalar_endpoint,recorded scalar endpoint schedule passed all nonlinear interval readbacks; zero observed gap is not a joint AC-set proof
2012-07-09,8,5,611.3,134.0625,1,1,1,0.0,exact_at_scalar_endpoint,recorded scalar endpoint schedule passed all nonlinear interval readbacks; zero observed gap is not a joint AC-set proof
2012-07-09,8,5,634.1,142.8125,1,1,1,0.0,exact_at_scalar_endpoint,recorded scalar endpoint schedule passed all nonlinear interval readbacks; zero observed gap is not a joint AC-set proof
2012-07-09,8,6,611.3,133.4375,1,1,1,0.0,exact_at_scalar_endpoint,recorded scalar endpoint schedule passed all nonlinear interval readbacks; zero observed gap is not a joint AC-set proof
2012-07-09,8,6,634.1,145.46875,1,1,1,0.0,exact_at_scalar_endpoint,recorded scalar endpoint schedule passed all nonlinear interval readbacks; zero observed gap is not a joint AC-set proof
2012-07-09,8,7,611.3,158.125,1,1,1,0.0,exact_at_scalar_endpoint,recorded scalar endpoint schedule passed all nonlinear interval readbacks; zero observed gap is not a joint AC-set proof
2012-07-09,8,7,634.1,170.859375,1,1,1,0.0,exact_at_scalar_endpoint,recorded scalar endpoint schedule passed all nonlinear interval readbacks; zero observed gap is not a joint AC-set proof
2012-07-09,8,8,611.3,149.921875,1,1,1,0.0,exact_at_scalar_endpoint,recorded scalar endpoint schedule passed all nonlinear interval readbacks; zero observed gap is not a joint AC-set proof
2012-07-09,8,8,634.1,155.15625,1,1,1,0.0,exact_at_scalar_endpoint,recorded scalar endpoint schedule passed all nonlinear interval readbacks; zero observed gap is not a joint AC-set proof
2012-07-09,8,9,611.3,122.34375,1,1,1,0.0,exact_at_scalar_endpoint,recorded scalar endpoint schedule passed all nonlinear interval readbacks; zero observed gap is not a joint AC-set proof
2012-07-09,8,9,634.1,133.671875,1,1,1,0.0,exact_at_scalar_endpoint,recorded scalar endpoint schedule passed all nonlinear interval readbacks; zero observed gap is not a joint AC-set proof
2012-07-10,9,0,611.3,154.84375,1,1,1,0.0,exact_at_scalar_endpoint,recorded scalar endpoint schedule passed all nonlinear interval readbacks; zero observed gap is not a joint AC-set proof
2012-07-10,9,0,634.1,169.453125,1,1,1,0.0,exact_at_scalar_endpoint,recorded scalar endpoint schedule passed all nonlinear interval readbacks; zero observed gap is not a joint AC-set proof
2012-07-10,9,1,611.3,157.421875,1,1,1,0.0,exact_at_scalar_endpoint,recorded scalar endpoint schedule passed all nonlinear interval readbacks; zero observed gap is not a joint AC-set proof
2012-07-10,9,1,634.1,170.546875,1,1,1,0.0,exact_at_scalar_endpoint,recorded scalar endpoint schedule passed all nonlinear interval readbacks; zero observed gap is not a joint AC-set proof
2012-07-10,9,2,611.3,133.59375,1,1,1,0.0,exact_at_scalar_endpoint,recorded scalar endpoint schedule passed all nonlinear interval readbacks; zero observed gap is not a joint AC-set proof
2012-07-10,9,2,634.1,148.515625,1,1,1,0.0,exact_at_scalar_endpoint,recorded scalar endpoint schedule passed all nonlinear interval readbacks; zero observed gap is not a joint AC-set proof
2012-07-10,9,3,611.3,156.875,1,1,1,0.0,exact_at_scalar_endpoint,recorded scalar endpoint schedule passed all nonlinear interval readbacks; zero observed gap is not a joint AC-set proof
2012-07-10,9,3,634.1,172.03125,1,1,1,0.0,exact_at_scalar_endpoint,recorded scalar endpoint schedule passed all nonlinear interval readbacks; zero observed gap is not a joint AC-set proof
2012-07-10,9,4,611.3,145.703125,1,1,1,0.0,exact_at_scalar_endpoint,recorded scalar endpoint schedule passed all nonlinear interval readbacks; zero observed gap is not a joint AC-set proof
2012-07-10,9,4,634.1,170.390625,1,1,1,0.0,exact_at_scalar_endpoint,recorded scalar endpoint schedule passed all nonlinear interval readbacks; zero observed gap is not a joint AC-set proof
2012-07-10,9,5,611.3,133.203125,1,1,1,0.0,exact_at_scalar_endpoint,recorded scalar endpoint schedule passed all nonlinear interval readbacks; zero observed gap is not a joint AC-set proof
2012-07-10,9,5,634.1,149.765625,1,1,1,0.0,exact_at_scalar_endpoint,recorded scalar endpoint schedule passed all nonlinear interval readbacks; zero observed gap is not a joint AC-set proof
2012-07-10,9,6,611.3,160.3125,1,1,1,0.0,exact_at_scalar_endpoint,recorded scalar endpoint schedule passed all nonlinear interval readbacks; zero observed gap is not a joint AC-set proof
2012-07-10,9,6,634.1,174.140625,1,1,1,0.0,exact_at_scalar_endpoint,recorded scalar endpoint schedule passed all nonlinear interval readbacks; zero observed gap is not a joint AC-set proof
2012-07-10,9,7,611.3,158.59375,1,1,1,0.0,exact_at_scalar_endpoint,recorded scalar endpoint schedule passed all nonlinear interval readbacks; zero observed gap is not a joint AC-set proof
2012-07-10,9,7,634.1,169.921875,1,1,1,0.0,exact_at_scalar_endpoint,recorded scalar endpoint schedule passed all nonlinear interval readbacks; zero observed gap is not a joint AC-set proof
2012-07-10,9,8,611.3,156.875,1,1,1,0.0,exact_at_scalar_endpoint,recorded scalar endpoint schedule passed all nonlinear interval readbacks; zero observed gap is not a joint AC-set proof
2012-07-10,9,8,634.1,168.203125,1,1,1,0.0,exact_at_scalar_endpoint,recorded scalar endpoint schedule passed all nonlinear interval readbacks; zero observed gap is not a joint AC-set proof
2012-07-10,9,9,611.3,149.453125,1,1,1,0.0,exact_at_scalar_endpoint,recorded scalar endpoint schedule passed all nonlinear interval readbacks; zero observed gap is not a joint AC-set proof
2012-07-10,9,9,634.1,163.671875,1,1,1,0.0,exact_at_scalar_endpoint,recorded scalar endpoint schedule passed all nonlinear interval readbacks; zero observed gap is not a joint AC-set proof
2012-07-11,10,0,611.3,112.578125,1,1,1,0.0,exact_at_scalar_endpoint,recorded scalar endpoint schedule passed all nonlinear interval readbacks; zero observed gap is not a joint AC-set proof
2012-07-11,10,0,634.1,128.28125,1,1,1,0.0,exact_at_scalar_endpoint,recorded scalar endpoint schedule passed all nonlinear interval readbacks; zero observed gap is not a joint AC-set proof
2012-07-11,10,1,611.3,156.796875,1,1,1,0.0,exact_at_scalar_endpoint,recorded scalar endpoint schedule passed all nonlinear interval readbacks; zero observed gap is not a joint AC-set proof
2012-07-11,10,1,634.1,169.6875,1,1,1,0.0,exact_at_scalar_endpoint,recorded scalar endpoint schedule passed all nonlinear interval readbacks; zero observed gap is not a joint AC-set proof
2012-07-11,10,2,611.3,113.359375,1,1,1,0.0,exact_at_scalar_endpoint,recorded scalar endpoint schedule passed all nonlinear interval readbacks; zero observed gap is not a joint AC-set proof
2012-07-11,10,2,634.1,123.28125,1,1,1,0.0,exact_at_scalar_endpoint,recorded scalar endpoint schedule passed all nonlinear interval readbacks; zero observed gap is not a joint AC-set proof
2012-07-11,10,3,611.3,136.328125,1,1,1,0.0,exact_at_scalar_endpoint,recorded scalar endpoint schedule passed all nonlinear interval readbacks; zero observed gap is not a joint AC-set proof
2012-07-11,10,3,634.1,153.359375,1,1,1,0.0,exact_at_scalar_endpoint,recorded scalar endpoint schedule passed all nonlinear interval readbacks; zero observed gap is not a joint AC-set proof
2012-07-11,10,4,611.3,137.03125,1,1,1,0.0,exact_at_scalar_endpoint,recorded scalar endpoint schedule passed all nonlinear interval readbacks; zero observed gap is not a joint AC-set proof
2012-07-11,10,4,634.1,166.484375,1,1,1,0.0,exact_at_scalar_endpoint,recorded scalar endpoint schedule passed all nonlinear interval readbacks; zero observed gap is not a joint AC-set proof
2012-07-11,10,5,611.3,94.765625,1,1,1,0.0,exact_at_scalar_endpoint,recorded scalar endpoint schedule passed all nonlinear interval readbacks; zero observed gap is not a joint AC-set proof
2012-07-11,10,5,634.1,108.4375,1,1,1,0.0,exact_at_scalar_endpoint,recorded scalar endpoint schedule passed all nonlinear interval readbacks; zero observed gap is not a joint AC-set proof
2012-07-11,10,6,611.3,130.390625,1,1,1,0.0,exact_at_scalar_endpoint,recorded scalar endpoint schedule passed all nonlinear interval readbacks; zero observed gap is not a joint AC-set proof
2012-07-11,10,6,634.1,142.8125,1,1,1,0.0,exact_at_scalar_endpoint,recorded scalar endpoint schedule passed all nonlinear interval readbacks; zero observed gap is not a joint AC-set proof
2012-07-11,10,7,611.3,132.65625,1,1,1,0.0,exact_at_scalar_endpoint,recorded scalar endpoint schedule passed all nonlinear interval readbacks; zero observed gap is not a joint AC-set proof
2012-07-11,10,7,634.1,152.109375,1,1,1,0.0,exact_at_scalar_endpoint,recorded scalar endpoint schedule passed all nonlinear interval readbacks; zero observed gap is not a joint AC-set proof
2012-07-11,10,8,611.3,128.28125,1,1,1,0.0,exact_at_scalar_endpoint,recorded scalar endpoint schedule passed all nonlinear interval readbacks; zero observed gap is not a joint AC-set proof
2012-07-11,10,8,634.1,138.828125,1,1,1,0.0,exact_at_scalar_endpoint,recorded scalar endpoint schedule passed all nonlinear interval readbacks; zero observed gap is not a joint AC-set proof
2012-07-11,10,9,611.3,129.0625,1,1,1,0.0,exact_at_scalar_endpoint,recorded scalar endpoint schedule passed all nonlinear interval readbacks; zero observed gap is not a joint AC-set proof
2012-07-11,10,9,634.1,146.5625,1,1,1,0.0,exact_at_scalar_endpoint,recorded scalar endpoint schedule passed all nonlinear interval readbacks; zero observed gap is not a joint AC-set proof
2012-07-12,11,0,611.3,158.203125,1,1,1,0.0,exact_at_scalar_endpoint,recorded scalar endpoint schedule passed all nonlinear interval readbacks; zero observed gap is not a joint AC-set proof
2012-07-12,11,0,634.1,182.578125,1,1,1,0.0,exact_at_scalar_endpoint,recorded scalar endpoint schedule passed all nonlinear interval readbacks; zero observed gap is not a joint AC-set proof
2012-07-12,11,1,611.3,156.09375,1,1,1,0.0,exact_at_scalar_endpoint,recorded scalar endpoint schedule passed all nonlinear interval readbacks; zero observed gap is not a joint AC-set proof
2012-07-12,11,1,634.1,175.078125,1,1,1,0.0,exact_at_scalar_endpoint,recorded scalar endpoint schedule passed all nonlinear interval readbacks; zero observed gap is not a joint AC-set proof
2012-07-12,11,2,611.3,157.890625,1,1,1,0.0,exact_at_scalar_endpoint,recorded scalar endpoint schedule passed all nonlinear interval readbacks; zero observed gap is not a joint AC-set proof
2012-07-12,11,2,634.1,181.71875,1,1,1,0.0,exact_at_scalar_endpoint,recorded scalar endpoint schedule passed all nonlinear interval readbacks; zero observed gap is not a joint AC-set proof
2012-07-12,11,3,611.3,158.046875,1,1,1,0.0,exact_at_scalar_endpoint,recorded scalar endpoint schedule passed all nonlinear interval readbacks; zero observed gap is not a joint AC-set proof
2012-07-12,11,3,634.1,181.640625,1,1,1,0.0,exact_at_scalar_endpoint,recorded scalar endpoint schedule passed all nonlinear interval readbacks; zero observed gap is not a joint AC-set proof
2012-07-12,11,4,611.3,156.484375,1,1,1,0.0,exact_at_scalar_endpoint,recorded scalar endpoint schedule passed all nonlinear interval readbacks; zero observed gap is not a joint AC-set proof
2012-07-12,11,4,634.1,177.03125,1,1,1,0.0,exact_at_scalar_endpoint,recorded scalar endpoint schedule passed all nonlinear interval readbacks; zero observed gap is not a joint AC-set proof
2012-07-12,11,5,611.3,159.296875,1,1,1,0.0,exact_at_scalar_endpoint,recorded scalar endpoint schedule passed all nonlinear interval readbacks; zero observed gap is not a joint AC-set proof
2012-07-12,11,5,634.1,184.609375,1,1,1,0.0,exact_at_scalar_endpoint,recorded scalar endpoint schedule passed all nonlinear interval readbacks; zero observed gap is not a joint AC-set proof
2012-07-12,11,6,611.3,158.984375,1,1,1,0.0,exact_at_scalar_endpoint,recorded scalar endpoint schedule passed all nonlinear interval readbacks; zero observed gap is not a joint AC-set proof
2012-07-12,11,6,634.1,185.15625,1,1,1,0.0,exact_at_scalar_endpoint,recorded scalar endpoint schedule passed all nonlinear interval readbacks; zero observed gap is not a joint AC-set proof
2012-07-12,11,7,611.3,157.578125,1,1,1,0.0,exact_at_scalar_endpoint,recorded scalar endpoint schedule passed all nonlinear interval readbacks; zero observed gap is not a joint AC-set proof
2012-07-12,11,7,634.1,180.546875,1,1,1,0.0,exact_at_scalar_endpoint,recorded scalar endpoint schedule passed all nonlinear interval readbacks; zero observed gap is not a joint AC-set proof
2012-07-12,11,8,611.3,157.5,1,1,1,0.0,exact_at_scalar_endpoint,recorded scalar endpoint schedule passed all nonlinear interval readbacks; zero observed gap is not a joint AC-set proof
2012-07-12,11,8,634.1,180.234375,1,1,1,0.0,exact_at_scalar_endpoint,recorded scalar endpoint schedule passed all nonlinear interval readbacks; zero observed gap is not a joint AC-set proof
2012-07-12,11,9,611.3,156.796875,1,1,1,0.0,exact_at_scalar_endpoint,recorded scalar endpoint schedule passed all nonlinear interval readbacks; zero observed gap is not a joint AC-set proof
2012-07-12,11,9,634.1,178.046875,1,1,1,0.0,exact_at_scalar_endpoint,recorded scalar endpoint schedule passed all nonlinear interval readbacks; zero observed gap is not a joint AC-set proof
2012-07-13,12,0,611.3,157.109375,1,1,1,0.0,exact_at_scalar_endpoint,recorded scalar endpoint schedule passed all nonlinear interval readbacks; zero observed gap is not a joint AC-set proof
2012-07-13,12,0,634.1,175.390625,1,1,1,0.0,exact_at_scalar_endpoint,recorded scalar endpoint schedule passed all nonlinear interval readbacks; zero observed gap is not a joint AC-set proof
2012-07-13,12,1,611.3,142.96875,1,1,1,0.0,exact_at_scalar_endpoint,recorded scalar endpoint schedule passed all nonlinear interval readbacks; zero observed gap is not a joint AC-set proof
2012-07-13,12,1,634.1,164.6875,1,1,1,0.0,exact_at_scalar_endpoint,recorded scalar endpoint schedule passed all nonlinear interval readbacks; zero observed gap is not a joint AC-set proof
2012-07-13,12,2,611.3,161.015625,1,1,1,0.0,exact_at_scalar_endpoint,recorded scalar endpoint schedule passed all nonlinear interval readbacks; zero observed gap is not a joint AC-set proof
2012-07-13,12,2,634.1,173.125,1,1,1,0.0,exact_at_scalar_endpoint,recorded scalar endpoint schedule passed all nonlinear interval readbacks; zero observed gap is not a joint AC-set proof
2012-07-13,12,3,611.3,154.84375,1,1,1,0.0,exact_at_scalar_endpoint,recorded scalar endpoint schedule passed all nonlinear interval readbacks; zero observed gap is not a joint AC-set proof
2012-07-13,12,3,634.1,174.53125,1,1,1,0.0,exact_at_scalar_endpoint,recorded scalar endpoint schedule passed all nonlinear interval readbacks; zero observed gap is not a joint AC-set proof
2012-07-13,12,4,611.3,136.09375,1,1,1,0.0,exact_at_scalar_endpoint,recorded scalar endpoint schedule passed all nonlinear interval readbacks; zero observed gap is not a joint AC-set proof
2012-07-13,12,4,634.1,166.09375,1,1,1,0.0,exact_at_scalar_endpoint,recorded scalar endpoint schedule passed all nonlinear interval readbacks; zero observed gap is not a joint AC-set proof
2012-07-13,12,5,611.3,134.375,1,1,1,0.0,exact_at_scalar_endpoint,recorded scalar endpoint schedule passed all nonlinear interval readbacks; zero observed gap is not a joint AC-set proof
2012-07-13,12,5,634.1,143.75,1,1,1,0.0,exact_at_scalar_endpoint,recorded scalar endpoint schedule passed all nonlinear interval readbacks; zero observed gap is not a joint AC-set proof
2012-07-13,12,6,611.3,170.078125,1,1,1,0.0,exact_at_scalar_endpoint,recorded scalar endpoint schedule passed all nonlinear interval readbacks; zero observed gap is not a joint AC-set proof
2012-07-13,12,6,634.1,180.9375,1,1,1,0.0,exact_at_scalar_endpoint,recorded scalar endpoint schedule passed all nonlinear interval readbacks; zero observed gap is not a joint AC-set proof
2012-07-13,12,7,611.3,158.125,1,1,1,0.0,exact_at_scalar_endpoint,recorded scalar endpoint schedule passed all nonlinear interval readbacks; zero observed gap is not a joint AC-set proof
2012-07-13,12,7,634.1,179.296875,1,1,1,0.0,exact_at_scalar_endpoint,recorded scalar endpoint schedule passed all nonlinear interval readbacks; zero observed gap is not a joint AC-set proof
2012-07-13,12,8,611.3,157.34375,1,1,1,0.0,exact_at_scalar_endpoint,recorded scalar endpoint schedule passed all nonlinear interval readbacks; zero observed gap is not a joint AC-set proof
2012-07-13,12,8,634.1,179.6875,1,1,1,0.0,exact_at_scalar_endpoint,recorded scalar endpoint schedule passed all nonlinear interval readbacks; zero observed gap is not a joint AC-set proof
2012-07-13,12,9,611.3,129.0625,1,1,1,0.0,exact_at_scalar_endpoint,recorded scalar endpoint schedule passed all nonlinear interval readbacks; zero observed gap is not a joint AC-set proof
2012-07-13,12,9,634.1,152.03125,1,1,1,0.0,exact_at_scalar_endpoint,recorded scalar endpoint schedule passed all nonlinear interval readbacks; zero observed gap is not a joint AC-set proof
2012-07-14,13,0,611.3,118.828125,1,1,1,0.0,exact_at_scalar_endpoint,recorded scalar endpoint schedule passed all nonlinear interval readbacks; zero observed gap is not a joint AC-set proof
2012-07-14,13,0,634.1,132.03125,1,1,1,0.0,exact_at_scalar_endpoint,recorded scalar endpoint schedule passed all nonlinear interval readbacks; zero observed gap is not a joint AC-set proof
2012-07-14,13,1,611.3,132.96875,1,1,1,0.0,exact_at_scalar_endpoint,recorded scalar endpoint schedule passed all nonlinear interval readbacks; zero observed gap is not a joint AC-set proof
2012-07-14,13,1,634.1,143.203125,1,1,1,0.0,exact_at_scalar_endpoint,recorded scalar endpoint schedule passed all nonlinear interval readbacks; zero observed gap is not a joint AC-set proof
2012-07-14,13,2,611.3,138.671875,1,1,1,0.0,exact_at_scalar_endpoint,recorded scalar endpoint schedule passed all nonlinear interval readbacks; zero observed gap is not a joint AC-set proof
2012-07-14,13,2,634.1,140.15625,1,1,1,0.0,exact_at_scalar_endpoint,recorded scalar endpoint schedule passed all nonlinear interval readbacks; zero observed gap is not a joint AC-set proof
2012-07-14,13,3,611.3,160.390625,1,1,1,0.0,exact_at_scalar_endpoint,recorded scalar endpoint schedule passed all nonlinear interval readbacks; zero observed gap is not a joint AC-set proof
2012-07-14,13,3,634.1,172.5,1,1,1,0.0,exact_at_scalar_endpoint,recorded scalar endpoint schedule passed all nonlinear interval readbacks; zero observed gap is not a joint AC-set proof
2012-07-14,13,4,611.3,148.125,1,1,1,0.0,exact_at_scalar_endpoint,recorded scalar endpoint schedule passed all nonlinear interval readbacks; zero observed gap is not a joint AC-set proof
2012-07-14,13,4,634.1,158.75,1,1,1,0.0,exact_at_scalar_endpoint,recorded scalar endpoint schedule passed all nonlinear interval readbacks; zero observed gap is not a joint AC-set proof
2012-07-14,13,5,611.3,123.203125,1,1,1,0.0,exact_at_scalar_endpoint,recorded scalar endpoint schedule passed all nonlinear interval readbacks; zero observed gap is not a joint AC-set proof
2012-07-14,13,5,634.1,131.171875,1,1,1,0.0,exact_at_scalar_endpoint,recorded scalar endpoint schedule passed all nonlinear interval readbacks; zero observed gap is not a joint AC-set proof
2012-07-14,13,6,611.3,159.296875,1,1,1,0.0,exact_at_scalar_endpoint,recorded scalar endpoint schedule passed all nonlinear interval readbacks; zero observed gap is not a joint AC-set proof
2012-07-14,13,6,634.1,173.4375,1,1,1,0.0,exact_at_scalar_endpoint,recorded scalar endpoint schedule passed all nonlinear interval readbacks; zero observed gap is not a joint AC-set proof
2012-07-14,13,7,611.3,133.4375,1,1,1,0.0,exact_at_scalar_endpoint,recorded scalar endpoint schedule passed all nonlinear interval readbacks; zero observed gap is not a joint AC-set proof
2012-07-14,13,7,634.1,141.71875,1,1,1,0.0,exact_at_scalar_endpoint,recorded scalar endpoint schedule passed all nonlinear interval readbacks; zero observed gap is not a joint AC-set proof
2012-07-14,13,8,611.3,130.3125,1,1,1,0.0,exact_at_scalar_endpoint,recorded scalar endpoint schedule passed all nonlinear interval readbacks; zero observed gap is not a joint AC-set proof
2012-07-14,13,8,634.1,136.25,1,1,1,0.0,exact_at_scalar_endpoint,recorded scalar endpoint schedule passed all nonlinear interval readbacks; zero observed gap is not a joint AC-set proof
2012-07-14,13,9,611.3,134.53125,1,1,1,0.0,exact_at_scalar_endpoint,recorded scalar endpoint schedule passed all nonlinear interval readbacks; zero observed gap is not a joint AC-set proof
2012-07-14,13,9,634.1,148.671875,1,1,1,0.0,exact_at_scalar_endpoint,recorded scalar endpoint schedule passed all nonlinear interval readbacks; zero observed gap is not a joint AC-set proof
2012-07-15,14,0,611.3,118.90625,1,1,1,0.0,exact_at_scalar_endpoint,recorded scalar endpoint schedule passed all nonlinear interval readbacks; zero observed gap is not a joint AC-set proof
2012-07-15,14,0,634.1,128.046875,1,1,1,0.0,exact_at_scalar_endpoint,recorded scalar endpoint schedule passed all nonlinear interval readbacks; zero observed gap is not a joint AC-set proof
2012-07-15,14,1,611.3,139.6875,1,1,1,0.0,exact_at_scalar_endpoint,recorded scalar endpoint schedule passed all nonlinear interval readbacks; zero observed gap is not a joint AC-set proof
2012-07-15,14,1,634.1,148.203125,1,1,1,0.0,exact_at_scalar_endpoint,recorded scalar endpoint schedule passed all nonlinear interval readbacks; zero observed gap is not a joint AC-set proof
2012-07-15,14,2,611.3,119.453125,1,1,1,0.0,exact_at_scalar_endpoint,recorded scalar endpoint schedule passed all nonlinear interval readbacks; zero observed gap is not a joint AC-set proof
2012-07-15,14,2,634.1,121.5625,1,1,1,0.0,exact_at_scalar_endpoint,recorded scalar endpoint schedule passed all nonlinear interval readbacks; zero observed gap is not a joint AC-set proof
2012-07-15,14,3,611.3,130.859375,1,1,1,0.0,exact_at_scalar_endpoint,recorded scalar endpoint schedule passed all nonlinear interval readbacks; zero observed gap is not a joint AC-set proof
2012-07-15,14,3,634.1,136.875,1,1,1,0.0,exact_at_scalar_endpoint,recorded scalar endpoint schedule passed all nonlinear interval readbacks; zero observed gap is not a joint AC-set proof
2012-07-15,14,4,611.3,148.515625,1,1,1,0.0,exact_at_scalar_endpoint,recorded scalar endpoint schedule passed all nonlinear interval readbacks; zero observed gap is not a joint AC-set proof
2012-07-15,14,4,634.1,171.71875,1,1,1,0.0,exact_at_scalar_endpoint,recorded scalar endpoint schedule passed all nonlinear interval readbacks; zero observed gap is not a joint AC-set proof
2012-07-15,14,5,611.3,101.015625,1,1,1,0.0,exact_at_scalar_endpoint,recorded scalar endpoint schedule passed all nonlinear interval readbacks; zero observed gap is not a joint AC-set proof
2012-07-15,14,5,634.1,104.375,1,1,1,0.0,exact_at_scalar_endpoint,recorded scalar endpoint schedule passed all nonlinear interval readbacks; zero observed gap is not a joint AC-set proof
2012-07-15,14,6,611.3,147.578125,1,1,1,0.0,exact_at_scalar_endpoint,recorded scalar endpoint schedule passed all nonlinear interval readbacks; zero observed gap is not a joint AC-set proof
2012-07-15,14,6,634.1,153.984375,1,1,1,0.0,exact_at_scalar_endpoint,recorded scalar endpoint schedule passed all nonlinear interval readbacks; zero observed gap is not a joint AC-set proof
2012-07-15,14,7,611.3,158.75,1,1,1,0.0,exact_at_scalar_endpoint,recorded scalar endpoint schedule passed all nonlinear interval readbacks; zero observed gap is not a joint AC-set proof
2012-07-15,14,7,634.1,184.140625,1,1,1,0.0,exact_at_scalar_endpoint,recorded scalar endpoint schedule passed all nonlinear interval readbacks; zero observed gap is not a joint AC-set proof
2012-07-15,14,8,611.3,136.171875,1,1,1,0.0,exact_at_scalar_endpoint,recorded scalar endpoint schedule passed all nonlinear interval readbacks; zero observed gap is not a joint AC-set proof
2012-07-15,14,8,634.1,139.53125,1,1,1,0.0,exact_at_scalar_endpoint,recorded scalar endpoint schedule passed all nonlinear interval readbacks; zero observed gap is not a joint AC-set proof
2012-07-15,14,9,611.3,135.78125,1,1,1,0.0,exact_at_scalar_endpoint,recorded scalar endpoint schedule passed all nonlinear interval readbacks; zero observed gap is not a joint AC-set proof
2012-07-15,14,9,634.1,145.234375,1,1,1,0.0,exact_at_scalar_endpoint,recorded scalar endpoint schedule passed all nonlinear interval readbacks; zero observed gap is not a joint AC-set proof
2012-07-16,15,0,611.3,122.65625,1,1,1,0.0,exact_at_scalar_endpoint,recorded scalar endpoint schedule passed all nonlinear interval readbacks; zero observed gap is not a joint AC-set proof
2012-07-16,15,0,634.1,132.65625,1,1,1,0.0,exact_at_scalar_endpoint,recorded scalar endpoint schedule passed all nonlinear interval readbacks; zero observed gap is not a joint AC-set proof
2012-07-16,15,1,611.3,138.984375,1,1,1,0.0,exact_at_scalar_endpoint,recorded scalar endpoint schedule passed all nonlinear interval readbacks; zero observed gap is not a joint AC-set proof
2012-07-16,15,1,634.1,144.21875,1,1,1,0.0,exact_at_scalar_endpoint,recorded scalar endpoint schedule passed all nonlinear interval readbacks; zero observed gap is not a joint AC-set proof
2012-07-16,15,2,611.3,119.0625,1,1,1,0.0,exact_at_scalar_endpoint,recorded scalar endpoint schedule passed all nonlinear interval readbacks; zero observed gap is not a joint AC-set proof
2012-07-16,15,2,634.1,121.09375,1,1,1,0.0,exact_at_scalar_endpoint,recorded scalar endpoint schedule passed all nonlinear interval readbacks; zero observed gap is not a joint AC-set proof
2012-07-16,15,3,611.3,124.6875,1,1,1,0.0,exact_at_scalar_endpoint,recorded scalar endpoint schedule passed all nonlinear interval readbacks; zero observed gap is not a joint AC-set proof
2012-07-16,15,3,634.1,128.828125,1,1,1,0.0,exact_at_scalar_endpoint,recorded scalar endpoint schedule passed all nonlinear interval readbacks; zero observed gap is not a joint AC-set proof
2012-07-16,15,4,611.3,136.25,1,1,1,0.0,exact_at_scalar_endpoint,recorded scalar endpoint schedule passed all nonlinear interval readbacks; zero observed gap is not a joint AC-set proof
2012-07-16,15,4,634.1,148.125,1,1,1,0.0,exact_at_scalar_endpoint,recorded scalar endpoint schedule passed all nonlinear interval readbacks; zero observed gap is not a joint AC-set proof
2012-07-16,15,5,611.3,124.375,1,1,1,0.0,exact_at_scalar_endpoint,recorded scalar endpoint schedule passed all nonlinear interval readbacks; zero observed gap is not a joint AC-set proof
2012-07-16,15,5,634.1,128.828125,1,1,1,0.0,exact_at_scalar_endpoint,recorded scalar endpoint schedule passed all nonlinear interval readbacks; zero observed gap is not a joint AC-set proof
2012-07-16,15,6,611.3,155.78125,1,1,1,0.0,exact_at_scalar_endpoint,recorded scalar endpoint schedule passed all nonlinear interval readbacks; zero observed gap is not a joint AC-set proof
2012-07-16,15,6,634.1,167.1875,1,1,1,0.0,exact_at_scalar_endpoint,recorded scalar endpoint schedule passed all nonlinear interval readbacks; zero observed gap is not a joint AC-set proof
2012-07-16,15,7,611.3,127.890625,1,1,1,0.0,exact_at_scalar_endpoint,recorded scalar endpoint schedule passed all nonlinear interval readbacks; zero observed gap is not a joint AC-set proof
2012-07-16,15,7,634.1,132.96875,1,1,1,0.0,exact_at_scalar_endpoint,recorded scalar endpoint schedule passed all nonlinear interval readbacks; zero observed gap is not a joint AC-set proof
2012-07-16,15,8,611.3,116.328125,1,1,1,0.0,exact_at_scalar_endpoint,recorded scalar endpoint schedule passed all nonlinear interval readbacks; zero observed gap is not a joint AC-set proof
2012-07-16,15,8,634.1,124.84375,1,1,1,0.0,exact_at_scalar_endpoint,recorded scalar endpoint schedule passed all nonlinear interval readbacks; zero observed gap is not a joint AC-set proof
2012-07-16,15,9,611.3,143.28125,1,1,1,0.0,exact_at_scalar_endpoint,recorded scalar endpoint schedule passed all nonlinear interval readbacks; zero observed gap is not a joint AC-set proof
2012-07-16,15,9,634.1,152.578125,1,1,1,0.0,exact_at_scalar_endpoint,recorded scalar endpoint schedule passed all nonlinear interval readbacks; zero observed gap is not a joint AC-set proof
2012-07-17,16,0,611.3,115.3125,1,1,1,0.0,exact_at_scalar_endpoint,recorded scalar endpoint schedule passed all nonlinear interval readbacks; zero observed gap is not a joint AC-set proof
2012-07-17,16,0,634.1,125.703125,1,1,1,0.0,exact_at_scalar_endpoint,recorded scalar endpoint schedule passed all nonlinear interval readbacks; zero observed gap is not a joint AC-set proof
2012-07-17,16,1,611.3,105.546875,1,1,1,0.0,exact_at_scalar_endpoint,recorded scalar endpoint schedule passed all nonlinear interval readbacks; zero observed gap is not a joint AC-set proof
2012-07-17,16,1,634.1,116.484375,1,1,1,0.0,exact_at_scalar_endpoint,recorded scalar endpoint schedule passed all nonlinear interval readbacks; zero observed gap is not a joint AC-set proof
2012-07-17,16,2,611.3,123.4375,1,1,1,0.0,exact_at_scalar_endpoint,recorded scalar endpoint schedule passed all nonlinear interval readbacks; zero observed gap is not a joint AC-set proof
2012-07-17,16,2,634.1,125.390625,1,1,1,0.0,exact_at_scalar_endpoint,recorded scalar endpoint schedule passed all nonlinear interval readbacks; zero observed gap is not a joint AC-set proof
2012-07-17,16,3,611.3,109.6875,1,1,1,0.0,exact_at_scalar_endpoint,recorded scalar endpoint schedule passed all nonlinear interval readbacks; zero observed gap is not a joint AC-set proof
2012-07-17,16,3,634.1,118.28125,1,1,1,0.0,exact_at_scalar_endpoint,recorded scalar endpoint schedule passed all nonlinear interval readbacks; zero observed gap is not a joint AC-set proof
2012-07-17,16,4,611.3,117.34375,1,1,1,0.0,exact_at_scalar_endpoint,recorded scalar endpoint schedule passed all nonlinear interval readbacks; zero observed gap is not a joint AC-set proof
2012-07-17,16,4,634.1,129.375,1,1,1,0.0,exact_at_scalar_endpoint,recorded scalar endpoint schedule passed all nonlinear interval readbacks; zero observed gap is not a joint AC-set proof
2012-07-17,16,5,611.3,84.765625,1,1,1,0.0,exact_at_scalar_endpoint,recorded scalar endpoint schedule passed all nonlinear interval readbacks; zero observed gap is not a joint AC-set proof
2012-07-17,16,5,634.1,82.96875,1,1,1,0.0,exact_at_scalar_endpoint,recorded scalar endpoint schedule passed all nonlinear interval readbacks; zero observed gap is not a joint AC-set proof
2012-07-17,16,6,611.3,125.390625,1,1,1,0.0,exact_at_scalar_endpoint,recorded scalar endpoint schedule passed all nonlinear interval readbacks; zero observed gap is not a joint AC-set proof
2012-07-17,16,6,634.1,134.921875,1,1,1,0.0,exact_at_scalar_endpoint,recorded scalar endpoint schedule passed all nonlinear interval readbacks; zero observed gap is not a joint AC-set proof
2012-07-17,16,7,611.3,143.90625,1,1,1,0.0,exact_at_scalar_endpoint,recorded scalar endpoint schedule passed all nonlinear interval readbacks; zero observed gap is not a joint AC-set proof
2012-07-17,16,7,634.1,148.046875,1,1,1,0.0,exact_at_scalar_endpoint,recorded scalar endpoint schedule passed all nonlinear interval readbacks; zero observed gap is not a joint AC-set proof
2012-07-17,16,8,611.3,118.4375,1,1,1,0.0,exact_at_scalar_endpoint,recorded scalar endpoint schedule passed all nonlinear interval readbacks; zero observed gap is not a joint AC-set proof
2012-07-17,16,8,634.1,123.90625,1,1,1,0.0,exact_at_scalar_endpoint,recorded scalar endpoint schedule passed all nonlinear interval readbacks; zero observed gap is not a joint AC-set proof
2012-07-17,16,9,611.3,116.171875,1,1,1,0.0,exact_at_scalar_endpoint,recorded scalar endpoint schedule passed all nonlinear interval readbacks; zero observed gap is not a joint AC-set proof
2012-07-17,16,9,634.1,128.59375,1,1,1,0.0,exact_at_scalar_endpoint,recorded scalar endpoint schedule passed all nonlinear interval readbacks; zero observed gap is not a joint AC-set proof
2012-07-18,17,0,611.3,115.234375,1,1,1,0.0,exact_at_scalar_endpoint,recorded scalar endpoint schedule passed all nonlinear interval readbacks; zero observed gap is not a joint AC-set proof
2012-07-18,17,0,634.1,128.984375,1,1,1,0.0,exact_at_scalar_endpoint,recorded scalar endpoint schedule passed all nonlinear interval readbacks; zero observed gap is not a joint AC-set proof
2012-07-18,17,1,611.3,117.1875,1,1,1,0.0,exact_at_scalar_endpoint,recorded scalar endpoint schedule passed all nonlinear interval readbacks; zero observed gap is not a joint AC-set proof
2012-07-18,17,1,634.1,125.703125,1,1,1,0.0,exact_at_scalar_endpoint,recorded scalar endpoint schedule passed all nonlinear interval readbacks; zero observed gap is not a joint AC-set proof
2012-07-18,17,2,611.3,129.921875,1,1,1,0.0,exact_at_scalar_endpoint,recorded scalar endpoint schedule passed all nonlinear interval readbacks; zero observed gap is not a joint AC-set proof
2012-07-18,17,2,634.1,135.78125,1,1,1,0.0,exact_at_scalar_endpoint,recorded scalar endpoint schedule passed all nonlinear interval readbacks; zero observed gap is not a joint AC-set proof
2012-07-18,17,3,611.3,116.953125,1,1,1,0.0,exact_at_scalar_endpoint,recorded scalar endpoint schedule passed all nonlinear interval readbacks; zero observed gap is not a joint AC-set proof
2012-07-18,17,3,634.1,129.921875,1,1,1,0.0,exact_at_scalar_endpoint,recorded scalar endpoint schedule passed all nonlinear interval readbacks; zero observed gap is not a joint AC-set proof
2012-07-18,17,4,611.3,118.59375,1,1,1,0.0,exact_at_scalar_endpoint,recorded scalar endpoint schedule passed all nonlinear interval readbacks; zero observed gap is not a joint AC-set proof
2012-07-18,17,4,634.1,134.453125,1,1,1,0.0,exact_at_scalar_endpoint,recorded scalar endpoint schedule passed all nonlinear interval readbacks; zero observed gap is not a joint AC-set proof
2012-07-18,17,5,611.3,99.453125,1,1,1,0.0,exact_at_scalar_endpoint,recorded scalar endpoint schedule passed all nonlinear interval readbacks; zero observed gap is not a joint AC-set proof
2012-07-18,17,5,634.1,111.484375,1,1,1,0.0,exact_at_scalar_endpoint,recorded scalar endpoint schedule passed all nonlinear interval readbacks; zero observed gap is not a joint AC-set proof
2012-07-18,17,6,611.3,143.984375,1,1,1,0.0,exact_at_scalar_endpoint,recorded scalar endpoint schedule passed all nonlinear interval readbacks; zero observed gap is not a joint AC-set proof
2012-07-18,17,6,634.1,154.609375,1,1,1,0.0,exact_at_scalar_endpoint,recorded scalar endpoint schedule passed all nonlinear interval readbacks; zero observed gap is not a joint AC-set proof
2012-07-18,17,7,611.3,159.375,1,1,1,0.0,exact_at_scalar_endpoint,recorded scalar endpoint schedule passed all nonlinear interval readbacks; zero observed gap is not a joint AC-set proof
2012-07-18,17,7,634.1,165.703125,1,1,1,0.0,exact_at_scalar_endpoint,recorded scalar endpoint schedule passed all nonlinear interval readbacks; zero observed gap is not a joint AC-set proof
2012-07-18,17,8,611.3,114.453125,1,1,1,0.0,exact_at_scalar_endpoint,recorded scalar endpoint schedule passed all nonlinear interval readbacks; zero observed gap is not a joint AC-set proof
2012-07-18,17,8,634.1,121.953125,1,1,1,0.0,exact_at_scalar_endpoint,recorded scalar endpoint schedule passed all nonlinear interval readbacks; zero observed gap is not a joint AC-set proof
2012-07-18,17,9,611.3,156.015625,1,1,1,0.0,exact_at_scalar_endpoint,recorded scalar endpoint schedule passed all nonlinear interval readbacks; zero observed gap is not a joint AC-set proof
2012-07-18,17,9,634.1,175.390625,1,1,1,0.0,exact_at_scalar_endpoint,recorded scalar endpoint schedule passed all nonlinear interval readbacks; zero observed gap is not a joint AC-set proof
2012-07-19,18,0,611.3,160.078125,1,1,1,0.0,exact_at_scalar_endpoint,recorded scalar endpoint schedule passed all nonlinear interval readbacks; zero observed gap is not a joint AC-set proof
2012-07-19,18,0,634.1,182.109375,1,1,1,0.0,exact_at_scalar_endpoint,recorded scalar endpoint schedule passed all nonlinear interval readbacks; zero observed gap is not a joint AC-set proof
2012-07-19,18,1,611.3,148.984375,1,1,1,0.0,exact_at_scalar_endpoint,recorded scalar endpoint schedule passed all nonlinear interval readbacks; zero observed gap is not a joint AC-set proof
2012-07-19,18,1,634.1,171.71875,1,1,1,0.0,exact_at_scalar_endpoint,recorded scalar endpoint schedule passed all nonlinear interval readbacks; zero observed gap is not a joint AC-set proof
2012-07-19,18,2,611.3,143.828125,1,1,1,0.0,exact_at_scalar_endpoint,recorded scalar endpoint schedule passed all nonlinear interval readbacks; zero observed gap is not a joint AC-set proof
2012-07-19,18,2,634.1,164.84375,1,1,1,0.0,exact_at_scalar_endpoint,recorded scalar endpoint schedule passed all nonlinear interval readbacks; zero observed gap is not a joint AC-set proof
2012-07-19,18,3,611.3,159.53125,1,1,1,0.0,exact_at_scalar_endpoint,recorded scalar endpoint schedule passed all nonlinear interval readbacks; zero observed gap is not a joint AC-set proof
2012-07-19,18,3,634.1,180.859375,1,1,1,0.0,exact_at_scalar_endpoint,recorded scalar endpoint schedule passed all nonlinear interval readbacks; zero observed gap is not a joint AC-set proof
2012-07-19,18,4,611.3,157.34375,1,1,1,0.0,exact_at_scalar_endpoint,recorded scalar endpoint schedule passed all nonlinear interval readbacks; zero observed gap is not a joint AC-set proof
2012-07-19,18,4,634.1,179.921875,1,1,1,0.0,exact_at_scalar_endpoint,recorded scalar endpoint schedule passed all nonlinear interval readbacks; zero observed gap is not a joint AC-set proof
2012-07-19,18,5,611.3,153.28125,1,1,1,0.0,exact_at_scalar_endpoint,recorded scalar endpoint schedule passed all nonlinear interval readbacks; zero observed gap is not a joint AC-set proof
2012-07-19,18,5,634.1,170.15625,1,1,1,0.0,exact_at_scalar_endpoint,recorded scalar endpoint schedule passed all nonlinear interval readbacks; zero observed gap is not a joint AC-set proof
2012-07-19,18,6,611.3,169.6875,1,1,1,0.0,exact_at_scalar_endpoint,recorded scalar endpoint schedule passed all nonlinear interval readbacks; zero observed gap is not a joint AC-set proof
2012-07-19,18,6,634.1,177.578125,1,1,1,0.0,exact_at_scalar_endpoint,recorded scalar endpoint schedule passed all nonlinear interval readbacks; zero observed gap is not a joint AC-set proof
2012-07-19,18,7,611.3,159.609375,1,1,1,0.0,exact_at_scalar_endpoint,recorded scalar endpoint schedule passed all nonlinear interval readbacks; zero observed gap is not a joint AC-set proof
2012-07-19,18,7,634.1,186.875,1,1,1,0.0,exact_at_scalar_endpoint,recorded scalar endpoint schedule passed all nonlinear interval readbacks; zero observed gap is not a joint AC-set proof
2012-07-19,18,8,611.3,159.765625,1,1,1,0.0,exact_at_scalar_endpoint,recorded scalar endpoint schedule passed all nonlinear interval readbacks; zero observed gap is not a joint AC-set proof
2012-07-19,18,8,634.1,175.078125,1,1,1,0.0,exact_at_scalar_endpoint,recorded scalar endpoint schedule passed all nonlinear interval readbacks; zero observed gap is not a joint AC-set proof
2012-07-19,18,9,611.3,156.328125,1,1,1,0.0,exact_at_scalar_endpoint,recorded scalar endpoint schedule passed all nonlinear interval readbacks; zero observed gap is not a joint AC-set proof
2012-07-19,18,9,634.1,176.328125,1,1,1,0.0,exact_at_scalar_endpoint,recorded scalar endpoint schedule passed all nonlinear interval readbacks; zero observed gap is not a joint AC-set proof
2012-07-20,19,0,611.3,126.015625,1,1,1,0.0,exact_at_scalar_endpoint,recorded scalar endpoint schedule passed all nonlinear interval readbacks; zero observed gap is not a joint AC-set proof
2012-07-20,19,0,634.1,144.765625,1,1,1,0.0,exact_at_scalar_endpoint,recorded scalar endpoint schedule passed all nonlinear interval readbacks; zero observed gap is not a joint AC-set proof
2012-07-20,19,1,611.3,142.34375,1,1,1,0.0,exact_at_scalar_endpoint,recorded scalar endpoint schedule passed all nonlinear interval readbacks; zero observed gap is not a joint AC-set proof
2012-07-20,19,1,634.1,148.984375,1,1,1,0.0,exact_at_scalar_endpoint,recorded scalar endpoint schedule passed all nonlinear interval readbacks; zero observed gap is not a joint AC-set proof
2012-07-20,19,2,611.3,115.859375,1,1,1,0.0,exact_at_scalar_endpoint,recorded scalar endpoint schedule passed all nonlinear interval readbacks; zero observed gap is not a joint AC-set proof
2012-07-20,19,2,634.1,122.8125,1,1,1,0.0,exact_at_scalar_endpoint,recorded scalar endpoint schedule passed all nonlinear interval readbacks; zero observed gap is not a joint AC-set proof
2012-07-20,19,3,611.3,154.140625,1,1,1,0.0,exact_at_scalar_endpoint,recorded scalar endpoint schedule passed all nonlinear interval readbacks; zero observed gap is not a joint AC-set proof
2012-07-20,19,3,634.1,157.5,1,1,1,0.0,exact_at_scalar_endpoint,recorded scalar endpoint schedule passed all nonlinear interval readbacks; zero observed gap is not a joint AC-set proof
2012-07-20,19,4,611.3,157.265625,1,1,1,0.0,exact_at_scalar_endpoint,recorded scalar endpoint schedule passed all nonlinear interval readbacks; zero observed gap is not a joint AC-set proof
2012-07-20,19,4,634.1,179.140625,1,1,1,0.0,exact_at_scalar_endpoint,recorded scalar endpoint schedule passed all nonlinear interval readbacks; zero observed gap is not a joint AC-set proof
2012-07-20,19,5,611.3,111.328125,1,1,1,0.0,exact_at_scalar_endpoint,recorded scalar endpoint schedule passed all nonlinear interval readbacks; zero observed gap is not a joint AC-set proof
2012-07-20,19,5,634.1,118.515625,1,1,1,0.0,exact_at_scalar_endpoint,recorded scalar endpoint schedule passed all nonlinear interval readbacks; zero observed gap is not a joint AC-set proof
2012-07-20,19,6,611.3,141.40625,1,1,1,0.0,exact_at_scalar_endpoint,recorded scalar endpoint schedule passed all nonlinear interval readbacks; zero observed gap is not a joint AC-set proof
2012-07-20,19,6,634.1,155.859375,1,1,1,0.0,exact_at_scalar_endpoint,recorded scalar endpoint schedule passed all nonlinear interval readbacks; zero observed gap is not a joint AC-set proof
2012-07-20,19,7,611.3,136.25,1,1,1,0.0,exact_at_scalar_endpoint,recorded scalar endpoint schedule passed all nonlinear interval readbacks; zero observed gap is not a joint AC-set proof
2012-07-20,19,7,634.1,142.03125,1,1,1,0.0,exact_at_scalar_endpoint,recorded scalar endpoint schedule passed all nonlinear interval readbacks; zero observed gap is not a joint AC-set proof
2012-07-20,19,8,611.3,126.640625,1,1,1,0.0,exact_at_scalar_endpoint,recorded scalar endpoint schedule passed all nonlinear interval readbacks; zero observed gap is not a joint AC-set proof
2012-07-20,19,8,634.1,132.03125,1,1,1,0.0,exact_at_scalar_endpoint,recorded scalar endpoint schedule passed all nonlinear interval readbacks; zero observed gap is not a joint AC-set proof
2012-07-20,19,9,611.3,155.390625,1,1,1,0.0,exact_at_scalar_endpoint,recorded scalar endpoint schedule passed all nonlinear interval readbacks; zero observed gap is not a joint AC-set proof
2012-07-20,19,9,634.1,159.453125,1,1,1,0.0,exact_at_scalar_endpoint,recorded scalar endpoint schedule passed all nonlinear interval readbacks; zero observed gap is not a joint AC-set proof
2012-07-21,20,0,611.3,156.5625,1,1,1,0.0,exact_at_scalar_endpoint,recorded scalar endpoint schedule passed all nonlinear interval readbacks; zero observed gap is not a joint AC-set proof
2012-07-21,20,0,634.1,177.265625,1,1,1,0.0,exact_at_scalar_endpoint,recorded scalar endpoint schedule passed all nonlinear interval readbacks; zero observed gap is not a joint AC-set proof
2012-07-21,20,1,611.3,148.046875,1,1,1,0.0,exact_at_scalar_endpoint,recorded scalar endpoint schedule passed all nonlinear interval readbacks; zero observed gap is not a joint AC-set proof
2012-07-21,20,1,634.1,171.40625,1,1,1,0.0,exact_at_scalar_endpoint,recorded scalar endpoint schedule passed all nonlinear interval readbacks; zero observed gap is not a joint AC-set proof
2012-07-21,20,2,611.3,159.921875,1,1,1,0.0,exact_at_scalar_endpoint,recorded scalar endpoint schedule passed all nonlinear interval readbacks; zero observed gap is not a joint AC-set proof
2012-07-21,20,2,634.1,180.078125,1,1,1,0.0,exact_at_scalar_endpoint,recorded scalar endpoint schedule passed all nonlinear interval readbacks; zero observed gap is not a joint AC-set proof
2012-07-21,20,3,611.3,139.609375,1,1,1,0.0,exact_at_scalar_endpoint,recorded scalar endpoint schedule passed all nonlinear interval readbacks; zero observed gap is not a joint AC-set proof
2012-07-21,20,3,634.1,167.65625,1,1,1,0.0,exact_at_scalar_endpoint,recorded scalar endpoint schedule passed all nonlinear interval readbacks; zero observed gap is not a joint AC-set proof
2012-07-21,20,4,611.3,157.34375,1,1,1,0.0,exact_at_scalar_endpoint,recorded scalar endpoint schedule passed all nonlinear interval readbacks; zero observed gap is not a joint AC-set proof
2012-07-21,20,4,634.1,179.921875,1,1,1,0.0,exact_at_scalar_endpoint,recorded scalar endpoint schedule passed all nonlinear interval readbacks; zero observed gap is not a joint AC-set proof
2012-07-21,20,5,611.3,157.421875,1,1,1,0.0,exact_at_scalar_endpoint,recorded scalar endpoint schedule passed all nonlinear interval readbacks; zero observed gap is not a joint AC-set proof
2012-07-21,20,5,634.1,179.609375,1,1,1,0.0,exact_at_scalar_endpoint,recorded scalar endpoint schedule passed all nonlinear interval readbacks; zero observed gap is not a joint AC-set proof
2012-07-21,20,6,611.3,167.96875,1,1,1,0.0,exact_at_scalar_endpoint,recorded scalar endpoint schedule passed all nonlinear interval readbacks; zero observed gap is not a joint AC-set proof
2012-07-21,20,6,634.1,182.578125,1,1,1,0.0,exact_at_scalar_endpoint,recorded scalar endpoint schedule passed all nonlinear interval readbacks; zero observed gap is not a joint AC-set proof
2012-07-21,20,7,611.3,159.140625,1,1,1,0.0,exact_at_scalar_endpoint,recorded scalar endpoint schedule passed all nonlinear interval readbacks; zero observed gap is not a joint AC-set proof
2012-07-21,20,7,634.1,185.46875,1,1,1,0.0,exact_at_scalar_endpoint,recorded scalar endpoint schedule passed all nonlinear interval readbacks; zero observed gap is not a joint AC-set proof
2012-07-21,20,8,611.3,157.34375,1,1,1,0.0,exact_at_scalar_endpoint,recorded scalar endpoint schedule passed all nonlinear interval readbacks; zero observed gap is not a joint AC-set proof
2012-07-21,20,8,634.1,179.6875,1,1,1,0.0,exact_at_scalar_endpoint,recorded scalar endpoint schedule passed all nonlinear interval readbacks; zero observed gap is not a joint AC-set proof
2012-07-21,20,9,611.3,158.125,1,1,1,0.0,exact_at_scalar_endpoint,recorded scalar endpoint schedule passed all nonlinear interval readbacks; zero observed gap is not a joint AC-set proof
2012-07-21,20,9,634.1,182.5,1,1,1,0.0,exact_at_scalar_endpoint,recorded scalar endpoint schedule passed all nonlinear interval readbacks; zero observed gap is not a joint AC-set proof
2012-07-22,21,0,611.3,158.671875,1,1,1,0.0,exact_at_scalar_endpoint,recorded scalar endpoint schedule passed all nonlinear interval readbacks; zero observed gap is not a joint AC-set proof
2012-07-22,21,0,634.1,184.0625,1,1,1,0.0,exact_at_scalar_endpoint,recorded scalar endpoint schedule passed all nonlinear interval readbacks; zero observed gap is not a joint AC-set proof
2012-07-22,21,1,611.3,158.90625,1,1,1,0.0,exact_at_scalar_endpoint,recorded scalar endpoint schedule passed all nonlinear interval readbacks; zero observed gap is not a joint AC-set proof
2012-07-22,21,1,634.1,177.578125,1,1,1,0.0,exact_at_scalar_endpoint,recorded scalar endpoint schedule passed all nonlinear interval readbacks; zero observed gap is not a joint AC-set proof
2012-07-22,21,2,611.3,157.265625,1,1,1,0.0,exact_at_scalar_endpoint,recorded scalar endpoint schedule passed all nonlinear interval readbacks; zero observed gap is not a joint AC-set proof
2012-07-22,21,2,634.1,179.53125,1,1,1,0.0,exact_at_scalar_endpoint,recorded scalar endpoint schedule passed all nonlinear interval readbacks; zero observed gap is not a joint AC-set proof
2012-07-22,21,3,611.3,140.0,1,1,1,0.0,exact_at_scalar_endpoint,recorded scalar endpoint schedule passed all nonlinear interval readbacks; zero observed gap is not a joint AC-set proof
2012-07-22,21,3,634.1,167.8125,1,1,1,0.0,exact_at_scalar_endpoint,recorded scalar endpoint schedule passed all nonlinear interval readbacks; zero observed gap is not a joint AC-set proof
2012-07-22,21,4,611.3,156.484375,1,1,1,0.0,exact_at_scalar_endpoint,recorded scalar endpoint schedule passed all nonlinear interval readbacks; zero observed gap is not a joint AC-set proof
2012-07-22,21,4,634.1,176.875,1,1,1,0.0,exact_at_scalar_endpoint,recorded scalar endpoint schedule passed all nonlinear interval readbacks; zero observed gap is not a joint AC-set proof
2012-07-22,21,5,611.3,156.71875,1,1,1,0.0,exact_at_scalar_endpoint,recorded scalar endpoint schedule passed all nonlinear interval readbacks; zero observed gap is not a joint AC-set proof
2012-07-22,21,5,634.1,177.34375,1,1,1,0.0,exact_at_scalar_endpoint,recorded scalar endpoint schedule passed all nonlinear interval readbacks; zero observed gap is not a joint AC-set proof
2012-07-22,21,6,611.3,157.109375,1,1,1,0.0,exact_at_scalar_endpoint,recorded scalar endpoint schedule passed all nonlinear interval readbacks; zero observed gap is not a joint AC-set proof
2012-07-22,21,6,634.1,175.390625,1,1,1,0.0,exact_at_scalar_endpoint,recorded scalar endpoint schedule passed all nonlinear interval readbacks; zero observed gap is not a joint AC-set proof
2012-07-22,21,7,611.3,161.953125,1,1,1,0.0,exact_at_scalar_endpoint,recorded scalar endpoint schedule passed all nonlinear interval readbacks; zero observed gap is not a joint AC-set proof
2012-07-22,21,7,634.1,194.921875,1,1,1,0.0,exact_at_scalar_endpoint,recorded scalar endpoint schedule passed all nonlinear interval readbacks; zero observed gap is not a joint AC-set proof
2012-07-22,21,8,611.3,160.546875,1,1,1,0.0,exact_at_scalar_endpoint,recorded scalar endpoint schedule passed all nonlinear interval readbacks; zero observed gap is not a joint AC-set proof
2012-07-22,21,8,634.1,190.390625,1,1,1,0.0,exact_at_scalar_endpoint,recorded scalar endpoint schedule passed all nonlinear interval readbacks; zero observed gap is not a joint AC-set proof
2012-07-22,21,9,611.3,159.140625,1,1,1,0.0,exact_at_scalar_endpoint,recorded scalar endpoint schedule passed all nonlinear interval readbacks; zero observed gap is not a joint AC-set proof
2012-07-22,21,9,634.1,185.703125,1,1,1,0.0,exact_at_scalar_endpoint,recorded scalar endpoint schedule passed all nonlinear interval readbacks; zero observed gap is not a joint AC-set proof
2012-07-23,22,0,611.3,158.046875,1,1,1,0.0,exact_at_scalar_endpoint,recorded scalar endpoint schedule passed all nonlinear interval readbacks; zero observed gap is not a joint AC-set proof
2012-07-23,22,0,634.1,171.484375,1,1,1,0.0,exact_at_scalar_endpoint,recorded scalar endpoint schedule passed all nonlinear interval readbacks; zero observed gap is not a joint AC-set proof
2012-07-23,22,1,611.3,157.03125,1,1,1,0.0,exact_at_scalar_endpoint,recorded scalar endpoint schedule passed all nonlinear interval readbacks; zero observed gap is not a joint AC-set proof
2012-07-23,22,1,634.1,175.46875,1,1,1,0.0,exact_at_scalar_endpoint,recorded scalar endpoint schedule passed all nonlinear interval readbacks; zero observed gap is not a joint AC-set proof
2012-07-23,22,2,611.3,136.328125,1,1,1,0.0,exact_at_scalar_endpoint,recorded scalar endpoint schedule passed all nonlinear interval readbacks; zero observed gap is not a joint AC-set proof
2012-07-23,22,2,634.1,158.125,1,1,1,0.0,exact_at_scalar_endpoint,recorded scalar endpoint schedule passed all nonlinear interval readbacks; zero observed gap is not a joint AC-set proof
2012-07-23,22,3,611.3,149.296875,1,1,1,0.0,exact_at_scalar_endpoint,recorded scalar endpoint schedule passed all nonlinear interval readbacks; zero observed gap is not a joint AC-set proof
2012-07-23,22,3,634.1,167.34375,1,1,1,0.0,exact_at_scalar_endpoint,recorded scalar endpoint schedule passed all nonlinear interval readbacks; zero observed gap is not a joint AC-set proof
2012-07-23,22,4,611.3,155.9375,1,1,1,0.0,exact_at_scalar_endpoint,recorded scalar endpoint schedule passed all nonlinear interval readbacks; zero observed gap is not a joint AC-set proof
2012-07-23,22,4,634.1,173.671875,1,1,1,0.0,exact_at_scalar_endpoint,recorded scalar endpoint schedule passed all nonlinear interval readbacks; zero observed gap is not a joint AC-set proof
2012-07-23,22,5,611.3,134.453125,1,1,1,0.0,exact_at_scalar_endpoint,recorded scalar endpoint schedule passed all nonlinear interval readbacks; zero observed gap is not a joint AC-set proof
2012-07-23,22,5,634.1,150.9375,1,1,1,0.0,exact_at_scalar_endpoint,recorded scalar endpoint schedule passed all nonlinear interval readbacks; zero observed gap is not a joint AC-set proof
2012-07-23,22,6,611.3,163.828125,1,1,1,0.0,exact_at_scalar_endpoint,recorded scalar endpoint schedule passed all nonlinear interval readbacks; zero observed gap is not a joint AC-set proof
2012-07-23,22,6,634.1,181.484375,1,1,1,0.0,exact_at_scalar_endpoint,recorded scalar endpoint schedule passed all nonlinear interval readbacks; zero observed gap is not a joint AC-set proof
2012-07-23,22,7,611.3,159.921875,1,1,1,0.0,exact_at_scalar_endpoint,recorded scalar endpoint schedule passed all nonlinear interval readbacks; zero observed gap is not a joint AC-set proof
2012-07-23,22,7,634.1,188.359375,1,1,1,0.0,exact_at_scalar_endpoint,recorded scalar endpoint schedule passed all nonlinear interval readbacks; zero observed gap is not a joint AC-set proof
2012-07-23,22,8,611.3,160.234375,1,1,1,0.0,exact_at_scalar_endpoint,recorded scalar endpoint schedule passed all nonlinear interval readbacks; zero observed gap is not a joint AC-set proof
2012-07-23,22,8,634.1,188.59375,1,1,1,0.0,exact_at_scalar_endpoint,recorded scalar endpoint schedule passed all nonlinear interval readbacks; zero observed gap is not a joint AC-set proof
2012-07-23,22,9,611.3,153.046875,1,1,1,0.0,exact_at_scalar_endpoint,recorded scalar endpoint schedule passed all nonlinear interval readbacks; zero observed gap is not a joint AC-set proof
2012-07-23,22,9,634.1,173.75,1,1,1,0.0,exact_at_scalar_endpoint,recorded scalar endpoint schedule passed all nonlinear interval readbacks; zero observed gap is not a joint AC-set proof
2012-07-24,23,0,611.3,157.03125,1,1,1,0.0,exact_at_scalar_endpoint,recorded scalar endpoint schedule passed all nonlinear interval readbacks; zero observed gap is not a joint AC-set proof
2012-07-24,23,0,634.1,178.359375,1,1,1,0.0,exact_at_scalar_endpoint,recorded scalar endpoint schedule passed all nonlinear interval readbacks; zero observed gap is not a joint AC-set proof
2012-07-24,23,1,611.3,161.171875,1,1,1,0.0,exact_at_scalar_endpoint,recorded scalar endpoint schedule passed all nonlinear interval readbacks; zero observed gap is not a joint AC-set proof
2012-07-24,23,1,634.1,182.34375,1,1,1,0.0,exact_at_scalar_endpoint,recorded scalar endpoint schedule passed all nonlinear interval readbacks; zero observed gap is not a joint AC-set proof
2012-07-24,23,2,611.3,138.359375,1,1,1,0.0,exact_at_scalar_endpoint,recorded scalar endpoint schedule passed all nonlinear interval readbacks; zero observed gap is not a joint AC-set proof
2012-07-24,23,2,634.1,163.984375,1,1,1,0.0,exact_at_scalar_endpoint,recorded scalar endpoint schedule passed all nonlinear interval readbacks; zero observed gap is not a joint AC-set proof
2012-07-24,23,3,611.3,156.875,1,1,1,0.0,exact_at_scalar_endpoint,recorded scalar endpoint schedule passed all nonlinear interval readbacks; zero observed gap is not a joint AC-set proof
2012-07-24,23,3,634.1,178.28125,1,1,1,0.0,exact_at_scalar_endpoint,recorded scalar endpoint schedule passed all nonlinear interval readbacks; zero observed gap is not a joint AC-set proof
2012-07-24,23,4,611.3,155.3125,1,1,1,0.0,exact_at_scalar_endpoint,recorded scalar endpoint schedule passed all nonlinear interval readbacks; zero observed gap is not a joint AC-set proof
2012-07-24,23,4,634.1,174.765625,1,1,1,0.0,exact_at_scalar_endpoint,recorded scalar endpoint schedule passed all nonlinear interval readbacks; zero observed gap is not a joint AC-set proof
2012-07-24,23,5,611.3,133.59375,1,1,1,0.0,exact_at_scalar_endpoint,recorded scalar endpoint schedule passed all nonlinear interval readbacks; zero observed gap is not a joint AC-set proof
2012-07-24,23,5,634.1,161.484375,1,1,1,0.0,exact_at_scalar_endpoint,recorded scalar endpoint schedule passed all nonlinear interval readbacks; zero observed gap is not a joint AC-set proof
2012-07-24,23,6,611.3,162.5,1,1,1,0.0,exact_at_scalar_endpoint,recorded scalar endpoint schedule passed all nonlinear interval readbacks; zero observed gap is not a joint AC-set proof
2012-07-24,23,6,634.1,177.5,1,1,1,0.0,exact_at_scalar_endpoint,recorded scalar endpoint schedule passed all nonlinear interval readbacks; zero observed gap is not a joint AC-set proof
2012-07-24,23,7,611.3,158.984375,1,1,1,0.0,exact_at_scalar_endpoint,recorded scalar endpoint schedule passed all nonlinear interval readbacks; zero observed gap is not a joint AC-set proof
2012-07-24,23,7,634.1,182.578125,1,1,1,0.0,exact_at_scalar_endpoint,recorded scalar endpoint schedule passed all nonlinear interval readbacks; zero observed gap is not a joint AC-set proof
2012-07-24,23,8,611.3,158.984375,1,1,1,0.0,exact_at_scalar_endpoint,recorded scalar endpoint schedule passed all nonlinear interval readbacks; zero observed gap is not a joint AC-set proof
2012-07-24,23,8,634.1,182.1875,1,1,1,0.0,exact_at_scalar_endpoint,recorded scalar endpoint schedule passed all nonlinear interval readbacks; zero observed gap is not a joint AC-set proof
2012-07-24,23,9,611.3,151.484375,1,1,1,0.0,exact_at_scalar_endpoint,recorded scalar endpoint schedule passed all nonlinear interval readbacks; zero observed gap is not a joint AC-set proof
2012-07-24,23,9,634.1,173.046875,1,1,1,0.0,exact_at_scalar_endpoint,recorded scalar endpoint schedule passed all nonlinear interval readbacks; zero observed gap is not a joint AC-set proof
2012-07-25,24,0,611.3,119.21875,1,1,1,0.0,exact_at_scalar_endpoint,recorded scalar endpoint schedule passed all nonlinear interval readbacks; zero observed gap is not a joint AC-set proof
2012-07-25,24,0,634.1,128.984375,1,1,1,0.0,exact_at_scalar_endpoint,recorded scalar endpoint schedule passed all nonlinear interval readbacks; zero observed gap is not a joint AC-set proof
2012-07-25,24,1,611.3,134.140625,1,1,1,0.0,exact_at_scalar_endpoint,recorded scalar endpoint schedule passed all nonlinear interval readbacks; zero observed gap is not a joint AC-set proof
2012-07-25,24,1,634.1,141.71875,1,1,1,0.0,exact_at_scalar_endpoint,recorded scalar endpoint schedule passed all nonlinear interval readbacks; zero observed gap is not a joint AC-set proof
2012-07-25,24,2,611.3,95.78125,1,1,1,0.0,exact_at_scalar_endpoint,recorded scalar endpoint schedule passed all nonlinear interval readbacks; zero observed gap is not a joint AC-set proof
2012-07-25,24,2,634.1,95.703125,1,1,1,0.0,exact_at_scalar_endpoint,recorded scalar endpoint schedule passed all nonlinear interval readbacks; zero observed gap is not a joint AC-set proof
2012-07-25,24,3,611.3,94.296875,1,1,1,0.0,exact_at_scalar_endpoint,recorded scalar endpoint schedule passed all nonlinear interval readbacks; zero observed gap is not a joint AC-set proof
2012-07-25,24,3,634.1,98.046875,1,1,1,0.0,exact_at_scalar_endpoint,recorded scalar endpoint schedule passed all nonlinear interval readbacks; zero observed gap is not a joint AC-set proof
2012-07-25,24,4,611.3,132.8125,1,1,1,0.0,exact_at_scalar_endpoint,recorded scalar endpoint schedule passed all nonlinear interval readbacks; zero observed gap is not a joint AC-set proof
2012-07-25,24,4,634.1,141.640625,1,1,1,0.0,exact_at_scalar_endpoint,recorded scalar endpoint schedule passed all nonlinear interval readbacks; zero observed gap is not a joint AC-set proof
2012-07-25,24,5,611.3,101.953125,1,1,1,0.0,exact_at_scalar_endpoint,recorded scalar endpoint schedule passed all nonlinear interval readbacks; zero observed gap is not a joint AC-set proof
2012-07-25,24,5,634.1,102.8125,1,1,1,0.0,exact_at_scalar_endpoint,recorded scalar endpoint schedule passed all nonlinear interval readbacks; zero observed gap is not a joint AC-set proof
2012-07-25,24,6,611.3,121.40625,1,1,1,0.0,exact_at_scalar_endpoint,recorded scalar endpoint schedule passed all nonlinear interval readbacks; zero observed gap is not a joint AC-set proof
2012-07-25,24,6,634.1,130.234375,1,1,1,0.0,exact_at_scalar_endpoint,recorded scalar endpoint schedule passed all nonlinear interval readbacks; zero observed gap is not a joint AC-set proof
2012-07-25,24,7,611.3,124.765625,1,1,1,0.0,exact_at_scalar_endpoint,recorded scalar endpoint schedule passed all nonlinear interval readbacks; zero observed gap is not a joint AC-set proof
2012-07-25,24,7,634.1,130.078125,1,1,1,0.0,exact_at_scalar_endpoint,recorded scalar endpoint schedule passed all nonlinear interval readbacks; zero observed gap is not a joint AC-set proof
2012-07-25,24,8,611.3,96.71875,1,1,1,0.0,exact_at_scalar_endpoint,recorded scalar endpoint schedule passed all nonlinear interval readbacks; zero observed gap is not a joint AC-set proof
2012-07-25,24,8,634.1,98.125,1,1,1,0.0,exact_at_scalar_endpoint,recorded scalar endpoint schedule passed all nonlinear interval readbacks; zero observed gap is not a joint AC-set proof
2012-07-25,24,9,611.3,113.125,1,1,1,0.0,exact_at_scalar_endpoint,recorded scalar endpoint schedule passed all nonlinear interval readbacks; zero observed gap is not a joint AC-set proof
2012-07-25,24,9,634.1,125.625,1,1,1,0.0,exact_at_scalar_endpoint,recorded scalar endpoint schedule passed all nonlinear interval readbacks; zero observed gap is not a joint AC-set proof
2012-07-26,25,0,611.3,159.453125,1,1,1,0.0,exact_at_scalar_endpoint,recorded scalar endpoint schedule passed all nonlinear interval readbacks; zero observed gap is not a joint AC-set proof
2012-07-26,25,0,634.1,183.28125,1,1,1,0.0,exact_at_scalar_endpoint,recorded scalar endpoint schedule passed all nonlinear interval readbacks; zero observed gap is not a joint AC-set proof
2012-07-26,25,1,611.3,160.703125,1,1,1,0.0,exact_at_scalar_endpoint,recorded scalar endpoint schedule passed all nonlinear interval readbacks; zero observed gap is not a joint AC-set proof
2012-07-26,25,1,634.1,177.109375,1,1,1,0.0,exact_at_scalar_endpoint,recorded scalar endpoint schedule passed all nonlinear interval readbacks; zero observed gap is not a joint AC-set proof
2012-07-26,25,2,611.3,139.84375,1,1,1,0.0,exact_at_scalar_endpoint,recorded scalar endpoint schedule passed all nonlinear interval readbacks; zero observed gap is not a joint AC-set proof
2012-07-26,25,2,634.1,164.296875,1,1,1,0.0,exact_at_scalar_endpoint,recorded scalar endpoint schedule passed all nonlinear interval readbacks; zero observed gap is not a joint AC-set proof
2012-07-26,25,3,611.3,149.296875,1,1,1,0.0,exact_at_scalar_endpoint,recorded scalar endpoint schedule passed all nonlinear interval readbacks; zero observed gap is not a joint AC-set proof
2012-07-26,25,3,634.1,168.90625,1,1,1,0.0,exact_at_scalar_endpoint,recorded scalar endpoint schedule passed all nonlinear interval readbacks; zero observed gap is not a joint AC-set proof
2012-07-26,25,4,611.3,157.265625,1,1,1,0.0,exact_at_scalar_endpoint,recorded scalar endpoint schedule passed all nonlinear interval readbacks; zero observed gap is not a joint AC-set proof
2012-07-26,25,4,634.1,178.359375,1,1,1,0.0,exact_at_scalar_endpoint,recorded scalar endpoint schedule passed all nonlinear interval readbacks; zero observed gap is not a joint AC-set proof
2012-07-26,25,5,611.3,132.734375,1,1,1,0.0,exact_at_scalar_endpoint,recorded scalar endpoint schedule passed all nonlinear interval readbacks; zero observed gap is not a joint AC-set proof
2012-07-26,25,5,634.1,164.53125,1,1,1,0.0,exact_at_scalar_endpoint,recorded scalar endpoint schedule passed all nonlinear interval readbacks; zero observed gap is not a joint AC-set proof
2012-07-26,25,6,611.3,147.65625,1,1,1,0.0,exact_at_scalar_endpoint,recorded scalar endpoint schedule passed all nonlinear interval readbacks; zero observed gap is not a joint AC-set proof
2012-07-26,25,6,634.1,167.96875,1,1,1,0.0,exact_at_scalar_endpoint,recorded scalar endpoint schedule passed all nonlinear interval readbacks; zero observed gap is not a joint AC-set proof
2012-07-26,25,7,611.3,158.59375,1,1,1,0.0,exact_at_scalar_endpoint,recorded scalar endpoint schedule passed all nonlinear interval readbacks; zero observed gap is not a joint AC-set proof
2012-07-26,25,7,634.1,183.90625,1,1,1,0.0,exact_at_scalar_endpoint,recorded scalar endpoint schedule passed all nonlinear interval readbacks; zero observed gap is not a joint AC-set proof
2012-07-26,25,8,611.3,157.8125,1,1,1,0.0,exact_at_scalar_endpoint,recorded scalar endpoint schedule passed all nonlinear interval readbacks; zero observed gap is not a joint AC-set proof
2012-07-26,25,8,634.1,173.515625,1,1,1,0.0,exact_at_scalar_endpoint,recorded scalar endpoint schedule passed all nonlinear interval readbacks; zero observed gap is not a joint AC-set proof
2012-07-26,25,9,611.3,138.046875,1,1,1,0.0,exact_at_scalar_endpoint,recorded scalar endpoint schedule passed all nonlinear interval readbacks; zero observed gap is not a joint AC-set proof
2012-07-26,25,9,634.1,166.953125,1,1,1,0.0,exact_at_scalar_endpoint,recorded scalar endpoint schedule passed all nonlinear interval readbacks; zero observed gap is not a joint AC-set proof
2012-07-27,26,0,611.3,119.53125,1,1,1,0.0,exact_at_scalar_endpoint,recorded scalar endpoint schedule passed all nonlinear interval readbacks; zero observed gap is not a joint AC-set proof
2012-07-27,26,0,634.1,134.609375,1,1,1,0.0,exact_at_scalar_endpoint,recorded scalar endpoint schedule passed all nonlinear interval readbacks; zero observed gap is not a joint AC-set proof
2012-07-27,26,1,611.3,125.625,1,1,1,0.0,exact_at_scalar_endpoint,recorded scalar endpoint schedule passed all nonlinear interval readbacks; zero observed gap is not a joint AC-set proof
2012-07-27,26,1,634.1,136.25,1,1,1,0.0,exact_at_scalar_endpoint,recorded scalar endpoint schedule passed all nonlinear interval readbacks; zero observed gap is not a joint AC-set proof
2012-07-27,26,2,611.3,101.171875,1,1,1,0.0,exact_at_scalar_endpoint,recorded scalar endpoint schedule passed all nonlinear interval readbacks; zero observed gap is not a joint AC-set proof
2012-07-27,26,2,634.1,98.359375,1,1,1,0.0,exact_at_scalar_endpoint,recorded scalar endpoint schedule passed all nonlinear interval readbacks; zero observed gap is not a joint AC-set proof
2012-07-27,26,3,611.3,123.359375,1,1,1,0.0,exact_at_scalar_endpoint,recorded scalar endpoint schedule passed all nonlinear interval readbacks; zero observed gap is not a joint AC-set proof
2012-07-27,26,3,634.1,124.453125,1,1,1,0.0,exact_at_scalar_endpoint,recorded scalar endpoint schedule passed all nonlinear interval readbacks; zero observed gap is not a joint AC-set proof
2012-07-27,26,4,611.3,129.6875,1,1,1,0.0,exact_at_scalar_endpoint,recorded scalar endpoint schedule passed all nonlinear interval readbacks; zero observed gap is not a joint AC-set proof
2012-07-27,26,4,634.1,139.296875,1,1,1,0.0,exact_at_scalar_endpoint,recorded scalar endpoint schedule passed all nonlinear interval readbacks; zero observed gap is not a joint AC-set proof
2012-07-27,26,5,611.3,146.5625,1,1,1,0.0,exact_at_scalar_endpoint,recorded scalar endpoint schedule passed all nonlinear interval readbacks; zero observed gap is not a joint AC-set proof
2012-07-27,26,5,634.1,142.734375,1,1,1,0.0,exact_at_scalar_endpoint,recorded scalar endpoint schedule passed all nonlinear interval readbacks; zero observed gap is not a joint AC-set proof
2012-07-27,26,6,611.3,155.9375,1,1,1,0.0,exact_at_scalar_endpoint,recorded scalar endpoint schedule passed all nonlinear interval readbacks; zero observed gap is not a joint AC-set proof
2012-07-27,26,6,634.1,169.140625,1,1,1,0.0,exact_at_scalar_endpoint,recorded scalar endpoint schedule passed all nonlinear interval readbacks; zero observed gap is not a joint AC-set proof
2012-07-27,26,7,611.3,131.40625,1,1,1,0.0,exact_at_scalar_endpoint,recorded scalar endpoint schedule passed all nonlinear interval readbacks; zero observed gap is not a joint AC-set proof
2012-07-27,26,7,634.1,134.296875,1,1,1,0.0,exact_at_scalar_endpoint,recorded scalar endpoint schedule passed all nonlinear interval readbacks; zero observed gap is not a joint AC-set proof
2012-07-27,26,8,611.3,112.96875,1,1,1,0.0,exact_at_scalar_endpoint,recorded scalar endpoint schedule passed all nonlinear interval readbacks; zero observed gap is not a joint AC-set proof
2012-07-27,26,8,634.1,114.53125,1,1,1,0.0,exact_at_scalar_endpoint,recorded scalar endpoint schedule passed all nonlinear interval readbacks; zero observed gap is not a joint AC-set proof
2012-07-27,26,9,611.3,125.078125,1,1,1,0.0,exact_at_scalar_endpoint,recorded scalar endpoint schedule passed all nonlinear interval readbacks; zero observed gap is not a joint AC-set proof
2012-07-27,26,9,634.1,130.9375,1,1,1,0.0,exact_at_scalar_endpoint,recorded scalar endpoint schedule passed all nonlinear interval readbacks; zero observed gap is not a joint AC-set proof
2012-07-28,27,0,611.3,161.328125,1,1,1,0.0,exact_at_scalar_endpoint,recorded scalar endpoint schedule passed all nonlinear interval readbacks; zero observed gap is not a joint AC-set proof
2012-07-28,27,0,634.1,169.921875,1,1,1,0.0,exact_at_scalar_endpoint,recorded scalar endpoint schedule passed all nonlinear interval readbacks; zero observed gap is not a joint AC-set proof
2012-07-28,27,1,611.3,156.015625,1,1,1,0.0,exact_at_scalar_endpoint,recorded scalar endpoint schedule passed all nonlinear interval readbacks; zero observed gap is not a joint AC-set proof
2012-07-28,27,1,634.1,164.21875,1,1,1,0.0,exact_at_scalar_endpoint,recorded scalar endpoint schedule passed all nonlinear interval readbacks; zero observed gap is not a joint AC-set proof
2012-07-28,27,2,611.3,126.25,1,1,1,0.0,exact_at_scalar_endpoint,recorded scalar endpoint schedule passed all nonlinear interval readbacks; zero observed gap is not a joint AC-set proof
2012-07-28,27,2,634.1,136.40625,1,1,1,0.0,exact_at_scalar_endpoint,recorded scalar endpoint schedule passed all nonlinear interval readbacks; zero observed gap is not a joint AC-set proof
2012-07-28,27,3,611.3,139.453125,1,1,1,0.0,exact_at_scalar_endpoint,recorded scalar endpoint schedule passed all nonlinear interval readbacks; zero observed gap is not a joint AC-set proof
2012-07-28,27,3,634.1,139.765625,1,1,1,0.0,exact_at_scalar_endpoint,recorded scalar endpoint schedule passed all nonlinear interval readbacks; zero observed gap is not a joint AC-set proof
2012-07-28,27,4,611.3,155.15625,1,1,1,0.0,exact_at_scalar_endpoint,recorded scalar endpoint schedule passed all nonlinear interval readbacks; zero observed gap is not a joint AC-set proof
2012-07-28,27,4,634.1,160.9375,1,1,1,0.0,exact_at_scalar_endpoint,recorded scalar endpoint schedule passed all nonlinear interval readbacks; zero observed gap is not a joint AC-set proof
2012-07-28,27,5,611.3,133.671875,1,1,1,0.0,exact_at_scalar_endpoint,recorded scalar endpoint schedule passed all nonlinear interval readbacks; zero observed gap is not a joint AC-set proof
2012-07-28,27,5,634.1,132.8125,1,1,1,0.0,exact_at_scalar_endpoint,recorded scalar endpoint schedule passed all nonlinear interval readbacks; zero observed gap is not a joint AC-set proof
2012-07-28,27,6,611.3,167.421875,1,1,1,0.0,exact_at_scalar_endpoint,recorded scalar endpoint schedule passed all nonlinear interval readbacks; zero observed gap is not a joint AC-set proof
2012-07-28,27,6,634.1,174.765625,1,1,1,0.0,exact_at_scalar_endpoint,recorded scalar endpoint schedule passed all nonlinear interval readbacks; zero observed gap is not a joint AC-set proof
2012-07-28,27,7,611.3,130.390625,1,1,1,0.0,exact_at_scalar_endpoint,recorded scalar endpoint schedule passed all nonlinear interval readbacks; zero observed gap is not a joint AC-set proof
2012-07-28,27,7,634.1,133.359375,1,1,1,0.0,exact_at_scalar_endpoint,recorded scalar endpoint schedule passed all nonlinear interval readbacks; zero observed gap is not a joint AC-set proof
2012-07-28,27,8,611.3,150.3125,1,1,1,0.0,exact_at_scalar_endpoint,recorded scalar endpoint schedule passed all nonlinear interval readbacks; zero observed gap is not a joint AC-set proof
2012-07-28,27,8,634.1,146.5625,1,1,1,0.0,exact_at_scalar_endpoint,recorded scalar endpoint schedule passed all nonlinear interval readbacks; zero observed gap is not a joint AC-set proof
2012-07-28,27,9,611.3,156.40625,1,1,1,0.0,exact_at_scalar_endpoint,recorded scalar endpoint schedule passed all nonlinear interval readbacks; zero observed gap is not a joint AC-set proof
2012-07-28,27,9,634.1,176.5625,1,1,1,0.0,exact_at_scalar_endpoint,recorded scalar endpoint schedule passed all nonlinear interval readbacks; zero observed gap is not a joint AC-set proof
2012-07-29,28,0,611.3,159.21875,1,1,1,0.0,exact_at_scalar_endpoint,recorded scalar endpoint schedule passed all nonlinear interval readbacks; zero observed gap is not a joint AC-set proof
2012-07-29,28,0,634.1,174.140625,1,1,1,0.0,exact_at_scalar_endpoint,recorded scalar endpoint schedule passed all nonlinear interval readbacks; zero observed gap is not a joint AC-set proof
2012-07-29,28,1,611.3,158.203125,1,1,1,0.0,exact_at_scalar_endpoint,recorded scalar endpoint schedule passed all nonlinear interval readbacks; zero observed gap is not a joint AC-set proof
2012-07-29,28,1,634.1,170.078125,1,1,1,0.0,exact_at_scalar_endpoint,recorded scalar endpoint schedule passed all nonlinear interval readbacks; zero observed gap is not a joint AC-set proof
2012-07-29,28,2,611.3,158.4375,1,1,1,0.0,exact_at_scalar_endpoint,recorded scalar endpoint schedule passed all nonlinear interval readbacks; zero observed gap is not a joint AC-set proof
2012-07-29,28,2,634.1,176.015625,1,1,1,0.0,exact_at_scalar_endpoint,recorded scalar endpoint schedule passed all nonlinear interval readbacks; zero observed gap is not a joint AC-set proof
2012-07-29,28,3,611.3,159.921875,1,1,1,0.0,exact_at_scalar_endpoint,recorded scalar endpoint schedule passed all nonlinear interval readbacks; zero observed gap is not a joint AC-set proof
2012-07-29,28,3,634.1,174.765625,1,1,1,0.0,exact_at_scalar_endpoint,recorded scalar endpoint schedule passed all nonlinear interval readbacks; zero observed gap is not a joint AC-set proof
2012-07-29,28,4,611.3,158.046875,1,1,1,0.0,exact_at_scalar_endpoint,recorded scalar endpoint schedule passed all nonlinear interval readbacks; zero observed gap is not a joint AC-set proof
2012-07-29,28,4,634.1,180.546875,1,1,1,0.0,exact_at_scalar_endpoint,recorded scalar endpoint schedule passed all nonlinear interval readbacks; zero observed gap is not a joint AC-set proof
2012-07-29,28,5,611.3,147.890625,1,1,1,0.0,exact_at_scalar_endpoint,recorded scalar endpoint schedule passed all nonlinear interval readbacks; zero observed gap is not a joint AC-set proof
2012-07-29,28,5,634.1,171.40625,1,1,1,0.0,exact_at_scalar_endpoint,recorded scalar endpoint schedule passed all nonlinear interval readbacks; zero observed gap is not a joint AC-set proof
2012-07-29,28,6,611.3,166.953125,1,1,1,0.0,exact_at_scalar_endpoint,recorded scalar endpoint schedule passed all nonlinear interval readbacks; zero observed gap is not a joint AC-set proof
2012-07-29,28,6,634.1,179.453125,1,1,1,0.0,exact_at_scalar_endpoint,recorded scalar endpoint schedule passed all nonlinear interval readbacks; zero observed gap is not a joint AC-set proof
2012-07-29,28,7,611.3,138.359375,1,1,1,0.0,exact_at_scalar_endpoint,recorded scalar endpoint schedule passed all nonlinear interval readbacks; zero observed gap is not a joint AC-set proof
2012-07-29,28,7,634.1,151.71875,1,1,1,0.0,exact_at_scalar_endpoint,recorded scalar endpoint schedule passed all nonlinear interval readbacks; zero observed gap is not a joint AC-set proof
2012-07-29,28,8,611.3,147.65625,1,1,1,0.0,exact_at_scalar_endpoint,recorded scalar endpoint schedule passed all nonlinear interval readbacks; zero observed gap is not a joint AC-set proof
2012-07-29,28,8,634.1,162.109375,1,1,1,0.0,exact_at_scalar_endpoint,recorded scalar endpoint schedule passed all nonlinear interval readbacks; zero observed gap is not a joint AC-set proof
2012-07-29,28,9,611.3,156.953125,1,1,1,0.0,exact_at_scalar_endpoint,recorded scalar endpoint schedule passed all nonlinear interval readbacks; zero observed gap is not a joint AC-set proof
2012-07-29,28,9,634.1,178.4375,1,1,1,0.0,exact_at_scalar_endpoint,recorded scalar endpoint schedule passed all nonlinear interval readbacks; zero observed gap is not a joint AC-set proof
2012-07-30,29,0,611.3,108.359375,1,1,1,0.0,exact_at_scalar_endpoint,recorded scalar endpoint schedule passed all nonlinear interval readbacks; zero observed gap is not a joint AC-set proof
2012-07-30,29,0,634.1,117.734375,1,1,1,0.0,exact_at_scalar_endpoint,recorded scalar endpoint schedule passed all nonlinear interval readbacks; zero observed gap is not a joint AC-set proof
2012-07-30,29,1,611.3,135.234375,1,1,1,0.0,exact_at_scalar_endpoint,recorded scalar endpoint schedule passed all nonlinear interval readbacks; zero observed gap is not a joint AC-set proof
2012-07-30,29,1,634.1,142.1875,1,1,1,0.0,exact_at_scalar_endpoint,recorded scalar endpoint schedule passed all nonlinear interval readbacks; zero observed gap is not a joint AC-set proof
2012-07-30,29,2,611.3,157.734375,1,1,1,0.0,exact_at_scalar_endpoint,recorded scalar endpoint schedule passed all nonlinear interval readbacks; zero observed gap is not a joint AC-set proof
2012-07-30,29,2,634.1,171.328125,1,1,1,0.0,exact_at_scalar_endpoint,recorded scalar endpoint schedule passed all nonlinear interval readbacks; zero observed gap is not a joint AC-set proof
2012-07-30,29,3,611.3,150.078125,1,1,1,0.0,exact_at_scalar_endpoint,recorded scalar endpoint schedule passed all nonlinear interval readbacks; zero observed gap is not a joint AC-set proof
2012-07-30,29,3,634.1,150.625,1,1,1,0.0,exact_at_scalar_endpoint,recorded scalar endpoint schedule passed all nonlinear interval readbacks; zero observed gap is not a joint AC-set proof
2012-07-30,29,4,611.3,157.65625,1,1,1,0.0,exact_at_scalar_endpoint,recorded scalar endpoint schedule passed all nonlinear interval readbacks; zero observed gap is not a joint AC-set proof
2012-07-30,29,4,634.1,180.9375,1,1,1,0.0,exact_at_scalar_endpoint,recorded scalar endpoint schedule passed all nonlinear interval readbacks; zero observed gap is not a joint AC-set proof
2012-07-30,29,5,611.3,106.875,1,1,1,0.0,exact_at_scalar_endpoint,recorded scalar endpoint schedule passed all nonlinear interval readbacks; zero observed gap is not a joint AC-set proof
2012-07-30,29,5,634.1,110.859375,1,1,1,0.0,exact_at_scalar_endpoint,recorded scalar endpoint schedule passed all nonlinear interval readbacks; zero observed gap is not a joint AC-set proof
2012-07-30,29,6,611.3,143.90625,1,1,1,0.0,exact_at_scalar_endpoint,recorded scalar endpoint schedule passed all nonlinear interval readbacks; zero observed gap is not a joint AC-set proof
2012-07-30,29,6,634.1,150.15625,1,1,1,0.0,exact_at_scalar_endpoint,recorded scalar endpoint schedule passed all nonlinear interval readbacks; zero observed gap is not a joint AC-set proof
2012-07-30,29,7,611.3,127.8125,1,1,1,0.0,exact_at_scalar_endpoint,recorded scalar endpoint schedule passed all nonlinear interval readbacks; zero observed gap is not a joint AC-set proof
2012-07-30,29,7,634.1,134.84375,1,1,1,0.0,exact_at_scalar_endpoint,recorded scalar endpoint schedule passed all nonlinear interval readbacks; zero observed gap is not a joint AC-set proof
2012-07-30,29,8,611.3,108.203125,1,1,1,0.0,exact_at_scalar_endpoint,recorded scalar endpoint schedule passed all nonlinear interval readbacks; zero observed gap is not a joint AC-set proof
2012-07-30,29,8,634.1,111.328125,1,1,1,0.0,exact_at_scalar_endpoint,recorded scalar endpoint schedule passed all nonlinear interval readbacks; zero observed gap is not a joint AC-set proof
2012-07-30,29,9,611.3,156.25,1,1,1,0.0,exact_at_scalar_endpoint,recorded scalar endpoint schedule passed all nonlinear interval readbacks; zero observed gap is not a joint AC-set proof
2012-07-30,29,9,634.1,176.09375,1,1,1,0.0,exact_at_scalar_endpoint,recorded scalar endpoint schedule passed all nonlinear interval readbacks; zero observed gap is not a joint AC-set proof
2012-07-31,30,0,611.3,150.9375,1,1,1,0.0,exact_at_scalar_endpoint,recorded scalar endpoint schedule passed all nonlinear interval readbacks; zero observed gap is not a joint AC-set proof
2012-07-31,30,0,634.1,168.203125,1,1,1,0.0,exact_at_scalar_endpoint,recorded scalar endpoint schedule passed all nonlinear interval readbacks; zero observed gap is not a joint AC-set proof
2012-07-31,30,1,611.3,157.5,1,1,1,0.0,exact_at_scalar_endpoint,recorded scalar endpoint schedule passed all nonlinear interval readbacks; zero observed gap is not a joint AC-set proof
2012-07-31,30,1,634.1,171.25,1,1,1,0.0,exact_at_scalar_endpoint,recorded scalar endpoint schedule passed all nonlinear interval readbacks; zero observed gap is not a joint AC-set proof
2012-07-31,30,2,611.3,157.34375,1,1,1,0.0,exact_at_scalar_endpoint,recorded scalar endpoint schedule passed all nonlinear interval readbacks; zero observed gap is not a joint AC-set proof
2012-07-31,30,2,634.1,179.765625,1,1,1,0.0,exact_at_scalar_endpoint,recorded scalar endpoint schedule passed all nonlinear interval readbacks; zero observed gap is not a joint AC-set proof
2012-07-31,30,3,611.3,156.5625,1,1,1,0.0,exact_at_scalar_endpoint,recorded scalar endpoint schedule passed all nonlinear interval readbacks; zero observed gap is not a joint AC-set proof
2012-07-31,30,3,634.1,176.796875,1,1,1,0.0,exact_at_scalar_endpoint,recorded scalar endpoint schedule passed all nonlinear interval readbacks; zero observed gap is not a joint AC-set proof
2012-07-31,30,4,611.3,156.5625,1,1,1,0.0,exact_at_scalar_endpoint,recorded scalar endpoint schedule passed all nonlinear interval readbacks; zero observed gap is not a joint AC-set proof
2012-07-31,30,4,634.1,175.15625,1,1,1,0.0,exact_at_scalar_endpoint,recorded scalar endpoint schedule passed all nonlinear interval readbacks; zero observed gap is not a joint AC-set proof
2012-07-31,30,5,611.3,135.0,1,1,1,0.0,exact_at_scalar_endpoint,recorded scalar endpoint schedule passed all nonlinear interval readbacks; zero observed gap is not a joint AC-set proof
2012-07-31,30,5,634.1,156.40625,1,1,1,0.0,exact_at_scalar_endpoint,recorded scalar endpoint schedule passed all nonlinear interval readbacks; zero observed gap is not a joint AC-set proof
2012-07-31,30,6,611.3,173.046875,1,1,1,0.0,exact_at_scalar_endpoint,recorded scalar endpoint schedule passed all nonlinear interval readbacks; zero observed gap is not a joint AC-set proof
2012-07-31,30,6,634.1,182.265625,1,1,1,0.0,exact_at_scalar_endpoint,recorded scalar endpoint schedule passed all nonlinear interval readbacks; zero observed gap is not a joint AC-set proof
2012-07-31,30,7,611.3,162.5,1,1,1,0.0,exact_at_scalar_endpoint,recorded scalar endpoint schedule passed all nonlinear interval readbacks; zero observed gap is not a joint AC-set proof
2012-07-31,30,7,634.1,175.625,1,1,1,0.0,exact_at_scalar_endpoint,recorded scalar endpoint schedule passed all nonlinear interval readbacks; zero observed gap is not a joint AC-set proof
2012-07-31,30,8,611.3,156.015625,1,1,1,0.0,exact_at_scalar_endpoint,recorded scalar endpoint schedule passed all nonlinear interval readbacks; zero observed gap is not a joint AC-set proof
2012-07-31,30,8,634.1,170.46875,1,1,1,0.0,exact_at_scalar_endpoint,recorded scalar endpoint schedule passed all nonlinear interval readbacks; zero observed gap is not a joint AC-set proof
2012-07-31,30,9,611.3,151.25,1,1,1,0.0,exact_at_scalar_endpoint,recorded scalar endpoint schedule passed all nonlinear interval readbacks; zero observed gap is not a joint AC-set proof
2012-07-31,30,9,634.1,172.96875,1,1,1,0.0,exact_at_scalar_endpoint,recorded scalar endpoint schedule passed all nonlinear interval readbacks; zero observed gap is not a joint AC-set proof
2012-08-01,31,0,611.3,132.65625,1,1,1,0.0,exact_at_scalar_endpoint,recorded scalar endpoint schedule passed all nonlinear interval readbacks; zero observed gap is not a joint AC-set proof
2012-08-01,31,0,634.1,140.859375,1,1,1,0.0,exact_at_scalar_endpoint,recorded scalar endpoint schedule passed all nonlinear interval readbacks; zero observed gap is not a joint AC-set proof
2012-08-01,31,1,611.3,132.5,1,1,1,0.0,exact_at_scalar_endpoint,recorded scalar endpoint schedule passed all nonlinear interval readbacks; zero observed gap is not a joint AC-set proof
2012-08-01,31,1,634.1,142.03125,1,1,1,0.0,exact_at_scalar_endpoint,recorded scalar endpoint schedule passed all nonlinear interval readbacks; zero observed gap is not a joint AC-set proof
2012-08-01,31,2,611.3,128.671875,1,1,1,0.0,exact_at_scalar_endpoint,recorded scalar endpoint schedule passed all nonlinear interval readbacks; zero observed gap is not a joint AC-set proof
2012-08-01,31,2,634.1,132.34375,1,1,1,0.0,exact_at_scalar_endpoint,recorded scalar endpoint schedule passed all nonlinear interval readbacks; zero observed gap is not a joint AC-set proof
2012-08-01,31,3,611.3,157.578125,1,1,1,0.0,exact_at_scalar_endpoint,recorded scalar endpoint schedule passed all nonlinear interval readbacks; zero observed gap is not a joint AC-set proof
2012-08-01,31,3,634.1,159.0625,1,1,1,0.0,exact_at_scalar_endpoint,recorded scalar endpoint schedule passed all nonlinear interval readbacks; zero observed gap is not a joint AC-set proof
2012-08-01,31,4,611.3,139.6875,1,1,1,0.0,exact_at_scalar_endpoint,recorded scalar endpoint schedule passed all nonlinear interval readbacks; zero observed gap is not a joint AC-set proof
2012-08-01,31,4,634.1,158.75,1,1,1,0.0,exact_at_scalar_endpoint,recorded scalar endpoint schedule passed all nonlinear interval readbacks; zero observed gap is not a joint AC-set proof
2012-08-01,31,5,611.3,120.46875,1,1,1,0.0,exact_at_scalar_endpoint,recorded scalar endpoint schedule passed all nonlinear interval readbacks; zero observed gap is not a joint AC-set proof
2012-08-01,31,5,634.1,124.609375,1,1,1,0.0,exact_at_scalar_endpoint,recorded scalar endpoint schedule passed all nonlinear interval readbacks; zero observed gap is not a joint AC-set proof
2012-08-01,31,6,611.3,157.890625,1,1,1,0.0,exact_at_scalar_endpoint,recorded scalar endpoint schedule passed all nonlinear interval readbacks; zero observed gap is not a joint AC-set proof
2012-08-01,31,6,634.1,171.40625,1,1,1,0.0,exact_at_scalar_endpoint,recorded scalar endpoint schedule passed all nonlinear interval readbacks; zero observed gap is not a joint AC-set proof
2012-08-01,31,7,611.3,142.34375,1,1,1,0.0,exact_at_scalar_endpoint,recorded scalar endpoint schedule passed all nonlinear interval readbacks; zero observed gap is not a joint AC-set proof
2012-08-01,31,7,634.1,144.21875,1,1,1,0.0,exact_at_scalar_endpoint,recorded scalar endpoint schedule passed all nonlinear interval readbacks; zero observed gap is not a joint AC-set proof
2012-08-01,31,8,611.3,128.203125,1,1,1,0.0,exact_at_scalar_endpoint,recorded scalar endpoint schedule passed all nonlinear interval readbacks; zero observed gap is not a joint AC-set proof
2012-08-01,31,8,634.1,128.828125,1,1,1,0.0,exact_at_scalar_endpoint,recorded scalar endpoint schedule passed all nonlinear interval readbacks; zero observed gap is not a joint AC-set proof
2012-08-01,31,9,611.3,119.375,1,1,1,0.0,exact_at_scalar_endpoint,recorded scalar endpoint schedule passed all nonlinear interval readbacks; zero observed gap is not a joint AC-set proof
2012-08-01,31,9,634.1,123.75,1,1,1,0.0,exact_at_scalar_endpoint,recorded scalar endpoint schedule passed all nonlinear interval readbacks; zero observed gap is not a joint AC-set proof
2012-08-02,32,0,611.3,142.65625,1,1,1,0.0,exact_at_scalar_endpoint,recorded scalar endpoint schedule passed all nonlinear interval readbacks; zero observed gap is not a joint AC-set proof
2012-08-02,32,0,634.1,152.5,1,1,1,0.0,exact_at_scalar_endpoint,recorded scalar endpoint schedule passed all nonlinear interval readbacks; zero observed gap is not a joint AC-set proof
2012-08-02,32,1,611.3,137.34375,1,1,1,0.0,exact_at_scalar_endpoint,recorded scalar endpoint schedule passed all nonlinear interval readbacks; zero observed gap is not a joint AC-set proof
2012-08-02,32,1,634.1,144.21875,1,1,1,0.0,exact_at_scalar_endpoint,recorded scalar endpoint schedule passed all nonlinear interval readbacks; zero observed gap is not a joint AC-set proof
2012-08-02,32,2,611.3,116.25,1,1,1,0.0,exact_at_scalar_endpoint,recorded scalar endpoint schedule passed all nonlinear interval readbacks; zero observed gap is not a joint AC-set proof
2012-08-02,32,2,634.1,114.609375,1,1,1,0.0,exact_at_scalar_endpoint,recorded scalar endpoint schedule passed all nonlinear interval readbacks; zero observed gap is not a joint AC-set proof
2012-08-02,32,3,611.3,117.96875,1,1,1,0.0,exact_at_scalar_endpoint,recorded scalar endpoint schedule passed all nonlinear interval readbacks; zero observed gap is not a joint AC-set proof
2012-08-02,32,3,634.1,119.53125,1,1,1,0.0,exact_at_scalar_endpoint,recorded scalar endpoint schedule passed all nonlinear interval readbacks; zero observed gap is not a joint AC-set proof
2012-08-02,32,4,611.3,133.203125,1,1,1,0.0,exact_at_scalar_endpoint,recorded scalar endpoint schedule passed all nonlinear interval readbacks; zero observed gap is not a joint AC-set proof
2012-08-02,32,4,634.1,141.015625,1,1,1,0.0,exact_at_scalar_endpoint,recorded scalar endpoint schedule passed all nonlinear interval readbacks; zero observed gap is not a joint AC-set proof
2012-08-02,32,5,611.3,108.828125,1,1,1,0.0,exact_at_scalar_endpoint,recorded scalar endpoint schedule passed all nonlinear interval readbacks; zero observed gap is not a joint AC-set proof
2012-08-02,32,5,634.1,111.953125,1,1,1,0.0,exact_at_scalar_endpoint,recorded scalar endpoint schedule passed all nonlinear interval readbacks; zero observed gap is not a joint AC-set proof
2012-08-02,32,6,611.3,139.140625,1,1,1,0.0,exact_at_scalar_endpoint,recorded scalar endpoint schedule passed all nonlinear interval readbacks; zero observed gap is not a joint AC-set proof
2012-08-02,32,6,634.1,145.859375,1,1,1,0.0,exact_at_scalar_endpoint,recorded scalar endpoint schedule passed all nonlinear interval readbacks; zero observed gap is not a joint AC-set proof
2012-08-02,32,7,611.3,153.28125,1,1,1,0.0,exact_at_scalar_endpoint,recorded scalar endpoint schedule passed all nonlinear interval readbacks; zero observed gap is not a joint AC-set proof
2012-08-02,32,7,634.1,154.53125,1,1,1,0.0,exact_at_scalar_endpoint,recorded scalar endpoint schedule passed all nonlinear interval readbacks; zero observed gap is not a joint AC-set proof
2012-08-02,32,8,611.3,134.453125,1,1,1,0.0,exact_at_scalar_endpoint,recorded scalar endpoint schedule passed all nonlinear interval readbacks; zero observed gap is not a joint AC-set proof
2012-08-02,32,8,634.1,133.984375,1,1,1,0.0,exact_at_scalar_endpoint,recorded scalar endpoint schedule passed all nonlinear interval readbacks; zero observed gap is not a joint AC-set proof
2012-08-02,32,9,611.3,156.71875,1,1,1,0.0,exact_at_scalar_endpoint,recorded scalar endpoint schedule passed all nonlinear interval readbacks; zero observed gap is not a joint AC-set proof
2012-08-02,32,9,634.1,161.875,1,1,1,0.0,exact_at_scalar_endpoint,recorded scalar endpoint schedule passed all nonlinear interval readbacks; zero observed gap is not a joint AC-set proof
2012-08-03,33,0,611.3,138.90625,1,1,1,0.0,exact_at_scalar_endpoint,recorded scalar endpoint schedule passed all nonlinear interval readbacks; zero observed gap is not a joint AC-set proof
2012-08-03,33,0,634.1,143.046875,1,1,1,0.0,exact_at_scalar_endpoint,recorded scalar endpoint schedule passed all nonlinear interval readbacks; zero observed gap is not a joint AC-set proof
2012-08-03,33,1,611.3,102.65625,1,1,1,0.0,exact_at_scalar_endpoint,recorded scalar endpoint schedule passed all nonlinear interval readbacks; zero observed gap is not a joint AC-set proof
2012-08-03,33,1,634.1,112.96875,1,1,1,0.0,exact_at_scalar_endpoint,recorded scalar endpoint schedule passed all nonlinear interval readbacks; zero observed gap is not a joint AC-set proof
2012-08-03,33,2,611.3,119.453125,1,1,1,0.0,exact_at_scalar_endpoint,recorded scalar endpoint schedule passed all nonlinear interval readbacks; zero observed gap is not a joint AC-set proof
2012-08-03,33,2,634.1,118.75,1,1,1,0.0,exact_at_scalar_endpoint,recorded scalar endpoint schedule passed all nonlinear interval readbacks; zero observed gap is not a joint AC-set proof
2012-08-03,33,3,611.3,123.75,1,1,1,0.0,exact_at_scalar_endpoint,recorded scalar endpoint schedule passed all nonlinear interval readbacks; zero observed gap is not a joint AC-set proof
2012-08-03,33,3,634.1,126.71875,1,1,1,0.0,exact_at_scalar_endpoint,recorded scalar endpoint schedule passed all nonlinear interval readbacks; zero observed gap is not a joint AC-set proof
2012-08-03,33,4,611.3,154.53125,1,1,1,0.0,exact_at_scalar_endpoint,recorded scalar endpoint schedule passed all nonlinear interval readbacks; zero observed gap is not a joint AC-set proof
2012-08-03,33,4,634.1,160.625,1,1,1,0.0,exact_at_scalar_endpoint,recorded scalar endpoint schedule passed all nonlinear interval readbacks; zero observed gap is not a joint AC-set proof
2012-08-03,33,5,611.3,115.703125,1,1,1,0.0,exact_at_scalar_endpoint,recorded scalar endpoint schedule passed all nonlinear interval readbacks; zero observed gap is not a joint AC-set proof
2012-08-03,33,5,634.1,118.125,1,1,1,0.0,exact_at_scalar_endpoint,recorded scalar endpoint schedule passed all nonlinear interval readbacks; zero observed gap is not a joint AC-set proof
2012-08-03,33,6,611.3,131.25,1,1,1,0.0,exact_at_scalar_endpoint,recorded scalar endpoint schedule passed all nonlinear interval readbacks; zero observed gap is not a joint AC-set proof
2012-08-03,33,6,634.1,141.25,1,1,1,0.0,exact_at_scalar_endpoint,recorded scalar endpoint schedule passed all nonlinear interval readbacks; zero observed gap is not a joint AC-set proof
2012-08-03,33,7,611.3,154.453125,1,1,1,0.0,exact_at_scalar_endpoint,recorded scalar endpoint schedule passed all nonlinear interval readbacks; zero observed gap is not a joint AC-set proof
2012-08-03,33,7,634.1,157.5,1,1,1,0.0,exact_at_scalar_endpoint,recorded scalar endpoint schedule passed all nonlinear interval readbacks; zero observed gap is not a joint AC-set proof
2012-08-03,33,8,611.3,119.765625,1,1,1,0.0,exact_at_scalar_endpoint,recorded scalar endpoint schedule passed all nonlinear interval readbacks; zero observed gap is not a joint AC-set proof
2012-08-03,33,8,634.1,122.890625,1,1,1,0.0,exact_at_scalar_endpoint,recorded scalar endpoint schedule passed all nonlinear interval readbacks; zero observed gap is not a joint AC-set proof
2012-08-03,33,9,611.3,129.53125,1,1,1,0.0,exact_at_scalar_endpoint,recorded scalar endpoint schedule passed all nonlinear interval readbacks; zero observed gap is not a joint AC-set proof
2012-08-03,33,9,634.1,137.1875,1,1,1,0.0,exact_at_scalar_endpoint,recorded scalar endpoint schedule passed all nonlinear interval readbacks; zero observed gap is not a joint AC-set proof
2012-08-04,34,0,611.3,134.84375,1,1,1,0.0,exact_at_scalar_endpoint,recorded scalar endpoint schedule passed all nonlinear interval readbacks; zero observed gap is not a joint AC-set proof
2012-08-04,34,0,634.1,145.15625,1,1,1,0.0,exact_at_scalar_endpoint,recorded scalar endpoint schedule passed all nonlinear interval readbacks; zero observed gap is not a joint AC-set proof
2012-08-04,34,1,611.3,131.484375,1,1,1,0.0,exact_at_scalar_endpoint,recorded scalar endpoint schedule passed all nonlinear interval readbacks; zero observed gap is not a joint AC-set proof
2012-08-04,34,1,634.1,138.90625,1,1,1,0.0,exact_at_scalar_endpoint,recorded scalar endpoint schedule passed all nonlinear interval readbacks; zero observed gap is not a joint AC-set proof
2012-08-04,34,2,611.3,131.09375,1,1,1,0.0,exact_at_scalar_endpoint,recorded scalar endpoint schedule passed all nonlinear interval readbacks; zero observed gap is not a joint AC-set proof
2012-08-04,34,2,634.1,129.453125,1,1,1,0.0,exact_at_scalar_endpoint,recorded scalar endpoint schedule passed all nonlinear interval readbacks; zero observed gap is not a joint AC-set proof
2012-08-04,34,3,611.3,130.3125,1,1,1,0.0,exact_at_scalar_endpoint,recorded scalar endpoint schedule passed all nonlinear interval readbacks; zero observed gap is not a joint AC-set proof
2012-08-04,34,3,634.1,128.359375,1,1,1,0.0,exact_at_scalar_endpoint,recorded scalar endpoint schedule passed all nonlinear interval readbacks; zero observed gap is not a joint AC-set proof
2012-08-04,34,4,611.3,141.5625,1,1,1,0.0,exact_at_scalar_endpoint,recorded scalar endpoint schedule passed all nonlinear interval readbacks; zero observed gap is not a joint AC-set proof
2012-08-04,34,4,634.1,146.875,1,1,1,0.0,exact_at_scalar_endpoint,recorded scalar endpoint schedule passed all nonlinear interval readbacks; zero observed gap is not a joint AC-set proof
2012-08-04,34,5,611.3,124.453125,1,1,1,0.0,exact_at_scalar_endpoint,recorded scalar endpoint schedule passed all nonlinear interval readbacks; zero observed gap is not a joint AC-set proof
2012-08-04,34,5,634.1,122.5,1,1,1,0.0,exact_at_scalar_endpoint,recorded scalar endpoint schedule passed all nonlinear interval readbacks; zero observed gap is not a joint AC-set proof
2012-08-04,34,6,611.3,134.6875,1,1,1,0.0,exact_at_scalar_endpoint,recorded scalar endpoint schedule passed all nonlinear interval readbacks; zero observed gap is not a joint AC-set proof
2012-08-04,34,6,634.1,142.96875,1,1,1,0.0,exact_at_scalar_endpoint,recorded scalar endpoint schedule passed all nonlinear interval readbacks; zero observed gap is not a joint AC-set proof
2012-08-04,34,7,611.3,128.4375,1,1,1,0.0,exact_at_scalar_endpoint,recorded scalar endpoint schedule passed all nonlinear interval readbacks; zero observed gap is not a joint AC-set proof
2012-08-04,34,7,634.1,129.140625,1,1,1,0.0,exact_at_scalar_endpoint,recorded scalar endpoint schedule passed all nonlinear interval readbacks; zero observed gap is not a joint AC-set proof
2012-08-04,34,8,611.3,117.578125,1,1,1,0.0,exact_at_scalar_endpoint,recorded scalar endpoint schedule passed all nonlinear interval readbacks; zero observed gap is not a joint AC-set proof
2012-08-04,34,8,634.1,117.65625,1,1,1,0.0,exact_at_scalar_endpoint,recorded scalar endpoint schedule passed all nonlinear interval readbacks; zero observed gap is not a joint AC-set proof
2012-08-04,34,9,611.3,152.734375,1,1,1,0.0,exact_at_scalar_endpoint,recorded scalar endpoint schedule passed all nonlinear interval readbacks; zero observed gap is not a joint AC-set proof
2012-08-04,34,9,634.1,158.75,1,1,1,0.0,exact_at_scalar_endpoint,recorded scalar endpoint schedule passed all nonlinear interval readbacks; zero observed gap is not a joint AC-set proof
2012-08-05,35,0,611.3,136.484375,1,1,1,0.0,exact_at_scalar_endpoint,recorded scalar endpoint schedule passed all nonlinear interval readbacks; zero observed gap is not a joint AC-set proof
2012-08-05,35,0,634.1,136.875,1,1,1,0.0,exact_at_scalar_endpoint,recorded scalar endpoint schedule passed all nonlinear interval readbacks; zero observed gap is not a joint AC-set proof
2012-08-05,35,1,611.3,119.921875,1,1,1,0.0,exact_at_scalar_endpoint,recorded scalar endpoint schedule passed all nonlinear interval readbacks; zero observed gap is not a joint AC-set proof
2012-08-05,35,1,634.1,128.125,1,1,1,0.0,exact_at_scalar_endpoint,recorded scalar endpoint schedule passed all nonlinear interval readbacks; zero observed gap is not a joint AC-set proof
2012-08-05,35,2,611.3,133.046875,1,1,1,0.0,exact_at_scalar_endpoint,recorded scalar endpoint schedule passed all nonlinear interval readbacks; zero observed gap is not a joint AC-set proof
2012-08-05,35,2,634.1,128.203125,1,1,1,0.0,exact_at_scalar_endpoint,recorded scalar endpoint schedule passed all nonlinear interval readbacks; zero observed gap is not a joint AC-set proof
2012-08-05,35,3,611.3,128.203125,1,1,1,0.0,exact_at_scalar_endpoint,recorded scalar endpoint schedule passed all nonlinear interval readbacks; zero observed gap is not a joint AC-set proof
2012-08-05,35,3,634.1,130.234375,1,1,1,0.0,exact_at_scalar_endpoint,recorded scalar endpoint schedule passed all nonlinear interval readbacks; zero observed gap is not a joint AC-set proof
2012-08-05,35,4,611.3,150.859375,1,1,1,0.0,exact_at_scalar_endpoint,recorded scalar endpoint schedule passed all nonlinear interval readbacks; zero observed gap is not a joint AC-set proof
2012-08-05,35,4,634.1,167.1875,1,1,1,0.0,exact_at_scalar_endpoint,recorded scalar endpoint schedule passed all nonlinear interval readbacks; zero observed gap is not a joint AC-set proof
2012-08-05,35,5,611.3,122.1875,1,1,1,0.0,exact_at_scalar_endpoint,recorded scalar endpoint schedule passed all nonlinear interval readbacks; zero observed gap is not a joint AC-set proof
2012-08-05,35,5,634.1,120.3125,1,1,1,0.0,exact_at_scalar_endpoint,recorded scalar endpoint schedule passed all nonlinear interval readbacks; zero observed gap is not a joint AC-set proof
2012-08-05,35,6,611.3,155.546875,1,1,1,0.0,exact_at_scalar_endpoint,recorded scalar endpoint schedule passed all nonlinear interval readbacks; zero observed gap is not a joint AC-set proof
2012-08-05,35,6,634.1,158.515625,1,1,1,0.0,exact_at_scalar_endpoint,recorded scalar endpoint schedule passed all nonlinear interval readbacks; zero observed gap is not a joint AC-set proof
2012-08-05,35,7,611.3,149.0625,1,1,1,0.0,exact_at_scalar_endpoint,recorded scalar endpoint schedule passed all nonlinear interval readbacks; zero observed gap is not a joint AC-set proof
2012-08-05,35,7,634.1,146.5625,1,1,1,0.0,exact_at_scalar_endpoint,recorded scalar endpoint schedule passed all nonlinear interval readbacks; zero observed gap is not a joint AC-set proof
2012-08-05,35,8,611.3,139.453125,1,1,1,0.0,exact_at_scalar_endpoint,recorded scalar endpoint schedule passed all nonlinear interval readbacks; zero observed gap is not a joint AC-set proof
2012-08-05,35,8,634.1,143.984375,1,1,1,0.0,exact_at_scalar_endpoint,recorded scalar endpoint schedule passed all nonlinear interval readbacks; zero observed gap is not a joint AC-set proof
2012-08-05,35,9,611.3,130.234375,1,1,1,0.0,exact_at_scalar_endpoint,recorded scalar endpoint schedule passed all nonlinear interval readbacks; zero observed gap is not a joint AC-set proof
2012-08-05,35,9,634.1,132.8125,1,1,1,0.0,exact_at_scalar_endpoint,recorded scalar endpoint schedule passed all nonlinear interval readbacks; zero observed gap is not a joint AC-set proof
2012-08-06,36,0,611.3,116.328125,1,1,1,0.0,exact_at_scalar_endpoint,recorded scalar endpoint schedule passed all nonlinear interval readbacks; zero observed gap is not a joint AC-set proof
2012-08-06,36,0,634.1,118.75,1,1,1,0.0,exact_at_scalar_endpoint,recorded scalar endpoint schedule passed all nonlinear interval readbacks; zero observed gap is not a joint AC-set proof
2012-08-06,36,1,611.3,113.671875,1,1,1,0.0,exact_at_scalar_endpoint,recorded scalar endpoint schedule passed all nonlinear interval readbacks; zero observed gap is not a joint AC-set proof
2012-08-06,36,1,634.1,118.203125,1,1,1,0.0,exact_at_scalar_endpoint,recorded scalar endpoint schedule passed all nonlinear interval readbacks; zero observed gap is not a joint AC-set proof
2012-08-06,36,2,611.3,95.78125,1,1,1,0.0,exact_at_scalar_endpoint,recorded scalar endpoint schedule passed all nonlinear interval readbacks; zero observed gap is not a joint AC-set proof
2012-08-06,36,2,634.1,92.65625,1,1,1,0.0,exact_at_scalar_endpoint,recorded scalar endpoint schedule passed all nonlinear interval readbacks; zero observed gap is not a joint AC-set proof
2012-08-06,36,3,611.3,111.796875,1,1,1,0.0,exact_at_scalar_endpoint,recorded scalar endpoint schedule passed all nonlinear interval readbacks; zero observed gap is not a joint AC-set proof
2012-08-06,36,3,634.1,116.71875,1,1,1,0.0,exact_at_scalar_endpoint,recorded scalar endpoint schedule passed all nonlinear interval readbacks; zero observed gap is not a joint AC-set proof
2012-08-06,36,4,611.3,138.046875,1,1,1,0.0,exact_at_scalar_endpoint,recorded scalar endpoint schedule passed all nonlinear interval readbacks; zero observed gap is not a joint AC-set proof
2012-08-06,36,4,634.1,144.296875,1,1,1,0.0,exact_at_scalar_endpoint,recorded scalar endpoint schedule passed all nonlinear interval readbacks; zero observed gap is not a joint AC-set proof
2012-08-06,36,5,611.3,85.546875,1,1,1,0.0,exact_at_scalar_endpoint,recorded scalar endpoint schedule passed all nonlinear interval readbacks; zero observed gap is not a joint AC-set proof
2012-08-06,36,5,634.1,78.984375,1,1,1,0.0,exact_at_scalar_endpoint,recorded scalar endpoint schedule passed all nonlinear interval readbacks; zero observed gap is not a joint AC-set proof
2012-08-06,36,6,611.3,144.453125,1,1,1,0.0,exact_at_scalar_endpoint,recorded scalar endpoint schedule passed all nonlinear interval readbacks; zero observed gap is not a joint AC-set proof
2012-08-06,36,6,634.1,148.046875,1,1,1,0.0,exact_at_scalar_endpoint,recorded scalar endpoint schedule passed all nonlinear interval readbacks; zero observed gap is not a joint AC-set proof
2012-08-06,36,7,611.3,147.265625,1,1,1,0.0,exact_at_scalar_endpoint,recorded scalar endpoint schedule passed all nonlinear interval readbacks; zero observed gap is not a joint AC-set proof
2012-08-06,36,7,634.1,149.921875,1,1,1,0.0,exact_at_scalar_endpoint,recorded scalar endpoint schedule passed all nonlinear interval readbacks; zero observed gap is not a joint AC-set proof
2012-08-06,36,8,611.3,94.609375,1,1,1,0.0,exact_at_scalar_endpoint,recorded scalar endpoint schedule passed all nonlinear interval readbacks; zero observed gap is not a joint AC-set proof
2012-08-06,36,8,634.1,97.34375,1,1,1,0.0,exact_at_scalar_endpoint,recorded scalar endpoint schedule passed all nonlinear interval readbacks; zero observed gap is not a joint AC-set proof
2012-08-06,36,9,611.3,118.125,1,1,1,0.0,exact_at_scalar_endpoint,recorded scalar endpoint schedule passed all nonlinear interval readbacks; zero observed gap is not a joint AC-set proof
2012-08-06,36,9,634.1,122.109375,1,1,1,0.0,exact_at_scalar_endpoint,recorded scalar endpoint schedule passed all nonlinear interval readbacks; zero observed gap is not a joint AC-set proof
2012-08-07,37,0,611.3,134.21875,1,1,1,0.0,exact_at_scalar_endpoint,recorded scalar endpoint schedule passed all nonlinear interval readbacks; zero observed gap is not a joint AC-set proof
2012-08-07,37,0,634.1,135.546875,1,1,1,0.0,exact_at_scalar_endpoint,recorded scalar endpoint schedule passed all nonlinear interval readbacks; zero observed gap is not a joint AC-set proof
2012-08-07,37,1,611.3,103.515625,1,1,1,0.0,exact_at_scalar_endpoint,recorded scalar endpoint schedule passed all nonlinear interval readbacks; zero observed gap is not a joint AC-set proof
2012-08-07,37,1,634.1,109.609375,1,1,1,0.0,exact_at_scalar_endpoint,recorded scalar endpoint schedule passed all nonlinear interval readbacks; zero observed gap is not a joint AC-set proof
2012-08-07,37,2,611.3,87.65625,1,1,1,0.0,exact_at_scalar_endpoint,recorded scalar endpoint schedule passed all nonlinear interval readbacks; zero observed gap is not a joint AC-set proof
2012-08-07,37,2,634.1,88.75,1,1,1,0.0,exact_at_scalar_endpoint,recorded scalar endpoint schedule passed all nonlinear interval readbacks; zero observed gap is not a joint AC-set proof
2012-08-07,37,3,611.3,128.75,1,1,1,0.0,exact_at_scalar_endpoint,recorded scalar endpoint schedule passed all nonlinear interval readbacks; zero observed gap is not a joint AC-set proof
2012-08-07,37,3,634.1,126.484375,1,1,1,0.0,exact_at_scalar_endpoint,recorded scalar endpoint schedule passed all nonlinear interval readbacks; zero observed gap is not a joint AC-set proof
2012-08-07,37,4,611.3,119.609375,1,1,1,0.0,exact_at_scalar_endpoint,recorded scalar endpoint schedule passed all nonlinear interval readbacks; zero observed gap is not a joint AC-set proof
2012-08-07,37,4,634.1,126.640625,1,1,1,0.0,exact_at_scalar_endpoint,recorded scalar endpoint schedule passed all nonlinear interval readbacks; zero observed gap is not a joint AC-set proof
2012-08-07,37,5,611.3,93.4375,1,1,1,0.0,exact_at_scalar_endpoint,recorded scalar endpoint schedule passed all nonlinear interval readbacks; zero observed gap is not a joint AC-set proof
2012-08-07,37,5,634.1,88.203125,1,1,1,0.0,exact_at_scalar_endpoint,recorded scalar endpoint schedule passed all nonlinear interval readbacks; zero observed gap is not a joint AC-set proof
2012-08-07,37,6,611.3,123.90625,1,1,1,0.0,exact_at_scalar_endpoint,recorded scalar endpoint schedule passed all nonlinear interval readbacks; zero observed gap is not a joint AC-set proof
2012-08-07,37,6,634.1,130.234375,1,1,1,0.0,exact_at_scalar_endpoint,recorded scalar endpoint schedule passed all nonlinear interval readbacks; zero observed gap is not a joint AC-set proof
2012-08-07,37,7,611.3,125.46875,1,1,1,0.0,exact_at_scalar_endpoint,recorded scalar endpoint schedule passed all nonlinear interval readbacks; zero observed gap is not a joint AC-set proof
2012-08-07,37,7,634.1,128.125,1,1,1,0.0,exact_at_scalar_endpoint,recorded scalar endpoint schedule passed all nonlinear interval readbacks; zero observed gap is not a joint AC-set proof
2012-08-07,37,8,611.3,90.703125,1,1,1,0.0,exact_at_scalar_endpoint,recorded scalar endpoint schedule passed all nonlinear interval readbacks; zero observed gap is not a joint AC-set proof
2012-08-07,37,8,634.1,89.140625,1,1,1,0.0,exact_at_scalar_endpoint,recorded scalar endpoint schedule passed all nonlinear interval readbacks; zero observed gap is not a joint AC-set proof
2012-08-07,37,9,611.3,114.765625,1,1,1,0.0,exact_at_scalar_endpoint,recorded scalar endpoint schedule passed all nonlinear interval readbacks; zero observed gap is not a joint AC-set proof
2012-08-07,37,9,634.1,122.890625,1,1,1,0.0,exact_at_scalar_endpoint,recorded scalar endpoint schedule passed all nonlinear interval readbacks; zero observed gap is not a joint AC-set proof
2012-08-08,38,0,611.3,118.984375,1,1,1,0.0,exact_at_scalar_endpoint,recorded scalar endpoint schedule passed all nonlinear interval readbacks; zero observed gap is not a joint AC-set proof
2012-08-08,38,0,634.1,126.09375,1,1,1,0.0,exact_at_scalar_endpoint,recorded scalar endpoint schedule passed all nonlinear interval readbacks; zero observed gap is not a joint AC-set proof
2012-08-08,38,1,611.3,117.578125,1,1,1,0.0,exact_at_scalar_endpoint,recorded scalar endpoint schedule passed all nonlinear interval readbacks; zero observed gap is not a joint AC-set proof
2012-08-08,38,1,634.1,121.25,1,1,1,0.0,exact_at_scalar_endpoint,recorded scalar endpoint schedule passed all nonlinear interval readbacks; zero observed gap is not a joint AC-set proof
2012-08-08,38,2,611.3,118.125,1,1,1,0.0,exact_at_scalar_endpoint,recorded scalar endpoint schedule passed all nonlinear interval readbacks; zero observed gap is not a joint AC-set proof
2012-08-08,38,2,634.1,114.375,1,1,1,0.0,exact_at_scalar_endpoint,recorded scalar endpoint schedule passed all nonlinear interval readbacks; zero observed gap is not a joint AC-set proof
2012-08-08,38,3,611.3,128.90625,1,1,1,0.0,exact_at_scalar_endpoint,recorded scalar endpoint schedule passed all nonlinear interval readbacks; zero observed gap is not a joint AC-set proof
2012-08-08,38,3,634.1,125.546875,1,1,1,0.0,exact_at_scalar_endpoint,recorded scalar endpoint schedule passed all nonlinear interval readbacks; zero observed gap is not a joint AC-set proof
2012-08-08,38,4,611.3,93.359375,1,1,1,0.0,exact_at_scalar_endpoint,recorded scalar endpoint schedule passed all nonlinear interval readbacks; zero observed gap is not a joint AC-set proof
2012-08-08,38,4,634.1,105.3125,1,1,1,0.0,exact_at_scalar_endpoint,recorded scalar endpoint schedule passed all nonlinear interval readbacks; zero observed gap is not a joint AC-set proof
2012-08-08,38,5,611.3,106.953125,1,1,1,0.0,exact_at_scalar_endpoint,recorded scalar endpoint schedule passed all nonlinear interval readbacks; zero observed gap is not a joint AC-set proof
2012-08-08,38,5,634.1,109.609375,1,1,1,0.0,exact_at_scalar_endpoint,recorded scalar endpoint schedule passed all nonlinear interval readbacks; zero observed gap is not a joint AC-set proof
2012-08-08,38,6,611.3,116.484375,1,1,1,0.0,exact_at_scalar_endpoint,recorded scalar endpoint schedule passed all nonlinear interval readbacks; zero observed gap is not a joint AC-set proof
2012-08-08,38,6,634.1,123.125,1,1,1,0.0,exact_at_scalar_endpoint,recorded scalar endpoint schedule passed all nonlinear interval readbacks; zero observed gap is not a joint AC-set proof
2012-08-08,38,7,611.3,121.171875,1,1,1,0.0,exact_at_scalar_endpoint,recorded scalar endpoint schedule passed all nonlinear interval readbacks; zero observed gap is not a joint AC-set proof
2012-08-08,38,7,634.1,121.40625,1,1,1,0.0,exact_at_scalar_endpoint,recorded scalar endpoint schedule passed all nonlinear interval readbacks; zero observed gap is not a joint AC-set proof
2012-08-08,38,8,611.3,96.171875,1,1,1,0.0,exact_at_scalar_endpoint,recorded scalar endpoint schedule passed all nonlinear interval readbacks; zero observed gap is not a joint AC-set proof
2012-08-08,38,8,634.1,99.453125,1,1,1,0.0,exact_at_scalar_endpoint,recorded scalar endpoint schedule passed all nonlinear interval readbacks; zero observed gap is not a joint AC-set proof
2012-08-08,38,9,611.3,110.0,1,1,1,0.0,exact_at_scalar_endpoint,recorded scalar endpoint schedule passed all nonlinear interval readbacks; zero observed gap is not a joint AC-set proof
2012-08-08,38,9,634.1,114.21875,1,1,1,0.0,exact_at_scalar_endpoint,recorded scalar endpoint schedule passed all nonlinear interval readbacks; zero observed gap is not a joint AC-set proof
2012-08-09,39,0,611.3,101.015625,1,1,1,0.0,exact_at_scalar_endpoint,recorded scalar endpoint schedule passed all nonlinear interval readbacks; zero observed gap is not a joint AC-set proof
2012-08-09,39,0,634.1,115.9375,1,1,1,0.0,exact_at_scalar_endpoint,recorded scalar endpoint schedule passed all nonlinear interval readbacks; zero observed gap is not a joint AC-set proof
2012-08-09,39,1,611.3,139.6875,1,1,1,0.0,exact_at_scalar_endpoint,recorded scalar endpoint schedule passed all nonlinear interval readbacks; zero observed gap is not a joint AC-set proof
2012-08-09,39,1,634.1,152.109375,1,1,1,0.0,exact_at_scalar_endpoint,recorded scalar endpoint schedule passed all nonlinear interval readbacks; zero observed gap is not a joint AC-set proof
2012-08-09,39,2,611.3,112.578125,1,1,1,0.0,exact_at_scalar_endpoint,recorded scalar endpoint schedule passed all nonlinear interval readbacks; zero observed gap is not a joint AC-set proof
2012-08-09,39,2,634.1,116.953125,1,1,1,0.0,exact_at_scalar_endpoint,recorded scalar endpoint schedule passed all nonlinear interval readbacks; zero observed gap is not a joint AC-set proof
2012-08-09,39,3,611.3,131.796875,1,1,1,0.0,exact_at_scalar_endpoint,recorded scalar endpoint schedule passed all nonlinear interval readbacks; zero observed gap is not a joint AC-set proof
2012-08-09,39,3,634.1,140.0,1,1,1,0.0,exact_at_scalar_endpoint,recorded scalar endpoint schedule passed all nonlinear interval readbacks; zero observed gap is not a joint AC-set proof
2012-08-09,39,4,611.3,131.328125,1,1,1,0.0,exact_at_scalar_endpoint,recorded scalar endpoint schedule passed all nonlinear interval readbacks; zero observed gap is not a joint AC-set proof
2012-08-09,39,4,634.1,142.5,1,1,1,0.0,exact_at_scalar_endpoint,recorded scalar endpoint schedule passed all nonlinear interval readbacks; zero observed gap is not a joint AC-set proof
2012-08-09,39,5,611.3,118.984375,1,1,1,0.0,exact_at_scalar_endpoint,recorded scalar endpoint schedule passed all nonlinear interval readbacks; zero observed gap is not a joint AC-set proof
2012-08-09,39,5,634.1,122.109375,1,1,1,0.0,exact_at_scalar_endpoint,recorded scalar endpoint schedule passed all nonlinear interval readbacks; zero observed gap is not a joint AC-set proof
2012-08-09,39,6,611.3,160.3125,1,1,1,0.0,exact_at_scalar_endpoint,recorded scalar endpoint schedule passed all nonlinear interval readbacks; zero observed gap is not a joint AC-set proof
2012-08-09,39,6,634.1,171.40625,1,1,1,0.0,exact_at_scalar_endpoint,recorded scalar endpoint schedule passed all nonlinear interval readbacks; zero observed gap is not a joint AC-set proof
2012-08-09,39,7,611.3,160.234375,1,1,1,0.0,exact_at_scalar_endpoint,recorded scalar endpoint schedule passed all nonlinear interval readbacks; zero observed gap is not a joint AC-set proof
2012-08-09,39,7,634.1,179.921875,1,1,1,0.0,exact_at_scalar_endpoint,recorded scalar endpoint schedule passed all nonlinear interval readbacks; zero observed gap is not a joint AC-set proof
2012-08-09,39,8,611.3,136.71875,1,1,1,0.0,exact_at_scalar_endpoint,recorded scalar endpoint schedule passed all nonlinear interval readbacks; zero observed gap is not a joint AC-set proof
2012-08-09,39,8,634.1,142.734375,1,1,1,0.0,exact_at_scalar_endpoint,recorded scalar endpoint schedule passed all nonlinear interval readbacks; zero observed gap is not a joint AC-set proof
2012-08-09,39,9,611.3,118.28125,1,1,1,0.0,exact_at_scalar_endpoint,recorded scalar endpoint schedule passed all nonlinear interval readbacks; zero observed gap is not a joint AC-set proof
2012-08-09,39,9,634.1,127.421875,1,1,1,0.0,exact_at_scalar_endpoint,recorded scalar endpoint schedule passed all nonlinear interval readbacks; zero observed gap is not a joint AC-set proof
2012-08-10,40,1,611.3,165.625,1,1,1,0.0,exact_at_scalar_endpoint,recorded scalar endpoint schedule passed all nonlinear interval readbacks; zero observed gap is not a joint AC-set proof
2012-08-10,40,1,634.1,184.765625,1,1,1,0.0,exact_at_scalar_endpoint,recorded scalar endpoint schedule passed all nonlinear interval readbacks; zero observed gap is not a joint AC-set proof
2012-08-10,40,2,611.3,159.921875,1,1,1,0.0,exact_at_scalar_endpoint,recorded scalar endpoint schedule passed all nonlinear interval readbacks; zero observed gap is not a joint AC-set proof
2012-08-10,40,2,634.1,188.4375,1,1,1,0.0,exact_at_scalar_endpoint,recorded scalar endpoint schedule passed all nonlinear interval readbacks; zero observed gap is not a joint AC-set proof
2012-08-10,40,3,611.3,156.71875,1,1,1,0.0,exact_at_scalar_endpoint,recorded scalar endpoint schedule passed all nonlinear interval readbacks; zero observed gap is not a joint AC-set proof
2012-08-10,40,3,634.1,177.578125,1,1,1,0.0,exact_at_scalar_endpoint,recorded scalar endpoint schedule passed all nonlinear interval readbacks; zero observed gap is not a joint AC-set proof
2012-08-10,40,4,611.3,158.203125,1,1,1,0.0,exact_at_scalar_endpoint,recorded scalar endpoint schedule passed all nonlinear interval readbacks; zero observed gap is not a joint AC-set proof
2012-08-10,40,4,634.1,182.65625,1,1,1,0.0,exact_at_scalar_endpoint,recorded scalar endpoint schedule passed all nonlinear interval readbacks; zero observed gap is not a joint AC-set proof
2012-08-10,40,5,611.3,157.34375,1,1,1,0.0,exact_at_scalar_endpoint,recorded scalar endpoint schedule passed all nonlinear interval readbacks; zero observed gap is not a joint AC-set proof
2012-08-10,40,5,634.1,179.6875,1,1,1,0.0,exact_at_scalar_endpoint,recorded scalar endpoint schedule passed all nonlinear interval readbacks; zero observed gap is not a joint AC-set proof
2012-08-10,40,6,611.3,168.828125,1,1,1,0.0,exact_at_scalar_endpoint,recorded scalar endpoint schedule passed all nonlinear interval readbacks; zero observed gap is not a joint AC-set proof
2012-08-10,40,6,634.1,180.3125,1,1,1,0.0,exact_at_scalar_endpoint,recorded scalar endpoint schedule passed all nonlinear interval readbacks; zero observed gap is not a joint AC-set proof
2012-08-10,40,7,611.3,160.15625,1,1,1,0.0,exact_at_scalar_endpoint,recorded scalar endpoint schedule passed all nonlinear interval readbacks; zero observed gap is not a joint AC-set proof
2012-08-10,40,7,634.1,189.21875,1,1,1,0.0,exact_at_scalar_endpoint,recorded scalar endpoint schedule passed all nonlinear interval readbacks; zero observed gap is not a joint AC-set proof
2012-08-10,40,8,611.3,163.671875,1,1,1,0.0,exact_at_scalar_endpoint,recorded scalar endpoint schedule passed all nonlinear interval readbacks; zero observed gap is not a joint AC-set proof
2012-08-10,40,8,634.1,187.734375,1,1,1,0.0,exact_at_scalar_endpoint,recorded scalar endpoint schedule passed all nonlinear interval readbacks; zero observed gap is not a joint AC-set proof
2012-08-10,40,9,611.3,153.984375,1,1,1,0.0,exact_at_scalar_endpoint,recorded scalar endpoint schedule passed all nonlinear interval readbacks; zero observed gap is not a joint AC-set proof
2012-08-10,40,9,634.1,174.21875,1,1,1,0.0,exact_at_scalar_endpoint,recorded scalar endpoint schedule passed all nonlinear interval readbacks; zero observed gap is not a joint AC-set proof
2012-08-11,41,0,611.3,164.0625,1,1,1,0.0,exact_at_scalar_endpoint,recorded scalar endpoint schedule passed all nonlinear interval readbacks; zero observed gap is not a joint AC-set proof
2012-08-11,41,0,634.1,201.953125,1,1,1,0.0,exact_at_scalar_endpoint,recorded scalar endpoint schedule passed all nonlinear interval readbacks; zero observed gap is not a joint AC-set proof
2012-08-11,41,1,611.3,161.328125,1,1,1,0.0,exact_at_scalar_endpoint,recorded scalar endpoint schedule passed all nonlinear interval readbacks; zero observed gap is not a joint AC-set proof
2012-08-11,41,1,634.1,177.265625,1,1,1,0.0,exact_at_scalar_endpoint,recorded scalar endpoint schedule passed all nonlinear interval readbacks; zero observed gap is not a joint AC-set proof
2012-08-11,41,2,611.3,160.390625,1,1,1,0.0,exact_at_scalar_endpoint,recorded scalar endpoint schedule passed all nonlinear interval readbacks; zero observed gap is not a joint AC-set proof
2012-08-11,41,2,634.1,189.453125,1,1,1,0.0,exact_at_scalar_endpoint,recorded scalar endpoint schedule passed all nonlinear interval readbacks; zero observed gap is not a joint AC-set proof
2012-08-11,41,3,611.3,158.59375,1,1,1,0.0,exact_at_scalar_endpoint,recorded scalar endpoint schedule passed all nonlinear interval readbacks; zero observed gap is not a joint AC-set proof
2012-08-11,41,3,634.1,184.0625,1,1,1,0.0,exact_at_scalar_endpoint,recorded scalar endpoint schedule passed all nonlinear interval readbacks; zero observed gap is not a joint AC-set proof
2012-08-11,41,4,611.3,156.09375,1,1,1,0.0,exact_at_scalar_endpoint,recorded scalar endpoint schedule passed all nonlinear interval readbacks; zero observed gap is not a joint AC-set proof
2012-08-11,41,4,634.1,175.3125,1,1,1,0.0,exact_at_scalar_endpoint,recorded scalar endpoint schedule passed all nonlinear interval readbacks; zero observed gap is not a joint AC-set proof
2012-08-11,41,5,611.3,154.140625,1,1,1,0.0,exact_at_scalar_endpoint,recorded scalar endpoint schedule passed all nonlinear interval readbacks; zero observed gap is not a joint AC-set proof
2012-08-11,41,5,634.1,174.21875,1,1,1,0.0,exact_at_scalar_endpoint,recorded scalar endpoint schedule passed all nonlinear interval readbacks; zero observed gap is not a joint AC-set proof
2012-08-11,41,6,611.3,168.59375,1,1,1,0.0,exact_at_scalar_endpoint,recorded scalar endpoint schedule passed all nonlinear interval readbacks; zero observed gap is not a joint AC-set proof
2012-08-11,41,6,634.1,180.15625,1,1,1,0.0,exact_at_scalar_endpoint,recorded scalar endpoint schedule passed all nonlinear interval readbacks; zero observed gap is not a joint AC-set proof
2012-08-11,41,7,611.3,160.859375,1,1,1,0.0,exact_at_scalar_endpoint,recorded scalar endpoint schedule passed all nonlinear interval readbacks; zero observed gap is not a joint AC-set proof
2012-08-11,41,7,634.1,191.5625,1,1,1,0.0,exact_at_scalar_endpoint,recorded scalar endpoint schedule passed all nonlinear interval readbacks; zero observed gap is not a joint AC-set proof
2012-08-11,41,8,611.3,158.671875,1,1,1,0.0,exact_at_scalar_endpoint,recorded scalar endpoint schedule passed all nonlinear interval readbacks; zero observed gap is not a joint AC-set proof
2012-08-11,41,8,634.1,184.296875,1,1,1,0.0,exact_at_scalar_endpoint,recorded scalar endpoint schedule passed all nonlinear interval readbacks; zero observed gap is not a joint AC-set proof
2012-08-11,41,9,611.3,157.03125,1,1,1,0.0,exact_at_scalar_endpoint,recorded scalar endpoint schedule passed all nonlinear interval readbacks; zero observed gap is not a joint AC-set proof
2012-08-11,41,9,634.1,178.4375,1,1,1,0.0,exact_at_scalar_endpoint,recorded scalar endpoint schedule passed all nonlinear interval readbacks; zero observed gap is not a joint AC-set proof
2012-08-12,42,0,611.3,159.53125,1,1,1,0.0,exact_at_scalar_endpoint,recorded scalar endpoint schedule passed all nonlinear interval readbacks; zero observed gap is not a joint AC-set proof
2012-08-12,42,0,634.1,187.109375,1,1,1,0.0,exact_at_scalar_endpoint,recorded scalar endpoint schedule passed all nonlinear interval readbacks; zero observed gap is not a joint AC-set proof
2012-08-12,42,1,611.3,153.28125,1,1,1,0.0,exact_at_scalar_endpoint,recorded scalar endpoint schedule passed all nonlinear interval readbacks; zero observed gap is not a joint AC-set proof
2012-08-12,42,1,634.1,173.671875,1,1,1,0.0,exact_at_scalar_endpoint,recorded scalar endpoint schedule passed all nonlinear interval readbacks; zero observed gap is not a joint AC-set proof
2012-08-12,42,2,611.3,160.078125,1,1,1,0.0,exact_at_scalar_endpoint,recorded scalar endpoint schedule passed all nonlinear interval readbacks; zero observed gap is not a joint AC-set proof
2012-08-12,42,2,634.1,188.359375,1,1,1,0.0,exact_at_scalar_endpoint,recorded scalar endpoint schedule passed all nonlinear interval readbacks; zero observed gap is not a joint AC-set proof
2012-08-12,42,3,611.3,159.53125,1,1,1,0.0,exact_at_scalar_endpoint,recorded scalar endpoint schedule passed all nonlinear interval readbacks; zero observed gap is not a joint AC-set proof
2012-08-12,42,3,634.1,186.953125,1,1,1,0.0,exact_at_scalar_endpoint,recorded scalar endpoint schedule passed all nonlinear interval readbacks; zero observed gap is not a joint AC-set proof
2012-08-12,42,4,611.3,143.28125,1,1,1,0.0,exact_at_scalar_endpoint,recorded scalar endpoint schedule passed all nonlinear interval readbacks; zero observed gap is not a joint AC-set proof
2012-08-12,42,4,634.1,169.296875,1,1,1,0.0,exact_at_scalar_endpoint,recorded scalar endpoint schedule passed all nonlinear interval readbacks; zero observed gap is not a joint AC-set proof
2012-08-12,42,5,611.3,156.796875,1,1,1,0.0,exact_at_scalar_endpoint,recorded scalar endpoint schedule passed all nonlinear interval readbacks; zero observed gap is not a joint AC-set proof
2012-08-12,42,5,634.1,177.890625,1,1,1,0.0,exact_at_scalar_endpoint,recorded scalar endpoint schedule passed all nonlinear interval readbacks; zero observed gap is not a joint AC-set proof
2012-08-12,42,6,611.3,160.9375,1,1,1,0.0,exact_at_scalar_endpoint,recorded scalar endpoint schedule passed all nonlinear interval readbacks; zero observed gap is not a joint AC-set proof
2012-08-12,42,6,634.1,176.71875,1,1,1,0.0,exact_at_scalar_endpoint,recorded scalar endpoint schedule passed all nonlinear interval readbacks; zero observed gap is not a joint AC-set proof
2012-08-12,42,7,611.3,162.421875,1,1,1,0.0,exact_at_scalar_endpoint,recorded scalar endpoint schedule passed all nonlinear interval readbacks; zero observed gap is not a joint AC-set proof
2012-08-12,42,7,634.1,196.5625,1,1,1,0.0,exact_at_scalar_endpoint,recorded scalar endpoint schedule passed all nonlinear interval readbacks; zero observed gap is not a joint AC-set proof
2012-08-12,42,8,611.3,158.90625,1,1,1,0.0,exact_at_scalar_endpoint,recorded scalar endpoint schedule passed all nonlinear interval readbacks; zero observed gap is not a joint AC-set proof
2012-08-12,42,8,634.1,184.296875,1,1,1,0.0,exact_at_scalar_endpoint,recorded scalar endpoint schedule passed all nonlinear interval readbacks; zero observed gap is not a joint AC-set proof
2012-08-12,42,9,611.3,159.6875,1,1,1,0.0,exact_at_scalar_endpoint,recorded scalar endpoint schedule passed all nonlinear interval readbacks; zero observed gap is not a joint AC-set proof
2012-08-12,42,9,634.1,187.65625,1,1,1,0.0,exact_at_scalar_endpoint,recorded scalar endpoint schedule passed all nonlinear interval readbacks; zero observed gap is not a joint AC-set proof
2012-08-13,43,0,611.3,150.625,1,1,1,0.0,exact_at_scalar_endpoint,recorded scalar endpoint schedule passed all nonlinear interval readbacks; zero observed gap is not a joint AC-set proof
2012-08-13,43,0,634.1,161.484375,1,1,1,0.0,exact_at_scalar_endpoint,recorded scalar endpoint schedule passed all nonlinear interval readbacks; zero observed gap is not a joint AC-set proof
2012-08-13,43,1,611.3,128.359375,1,1,1,0.0,exact_at_scalar_endpoint,recorded scalar endpoint schedule passed all nonlinear interval readbacks; zero observed gap is not a joint AC-set proof
2012-08-13,43,1,634.1,136.015625,1,1,1,0.0,exact_at_scalar_endpoint,recorded scalar endpoint schedule passed all nonlinear interval readbacks; zero observed gap is not a joint AC-set proof
2012-08-13,43,2,611.3,120.15625,1,1,1,0.0,exact_at_scalar_endpoint,recorded scalar endpoint schedule passed all nonlinear interval readbacks; zero observed gap is not a joint AC-set proof
2012-08-13,43,2,634.1,129.6875,1,1,1,0.0,exact_at_scalar_endpoint,recorded scalar endpoint schedule passed all nonlinear interval readbacks; zero observed gap is not a joint AC-set proof
2012-08-13,43,3,611.3,104.296875,1,1,1,0.0,exact_at_scalar_endpoint,recorded scalar endpoint schedule passed all nonlinear interval readbacks; zero observed gap is not a joint AC-set proof
2012-08-13,43,3,634.1,109.375,1,1,1,0.0,exact_at_scalar_endpoint,recorded scalar endpoint schedule passed all nonlinear interval readbacks; zero observed gap is not a joint AC-set proof
2012-08-13,43,4,611.3,133.203125,1,1,1,0.0,exact_at_scalar_endpoint,recorded scalar endpoint schedule passed all nonlinear interval readbacks; zero observed gap is not a joint AC-set proof
2012-08-13,43,4,634.1,140.46875,1,1,1,0.0,exact_at_scalar_endpoint,recorded scalar endpoint schedule passed all nonlinear interval readbacks; zero observed gap is not a joint AC-set proof
2012-08-13,43,5,611.3,87.8125,1,1,1,0.0,exact_at_scalar_endpoint,recorded scalar endpoint schedule passed all nonlinear interval readbacks; zero observed gap is not a joint AC-set proof
2012-08-13,43,5,634.1,95.078125,1,1,1,0.0,exact_at_scalar_endpoint,recorded scalar endpoint schedule passed all nonlinear interval readbacks; zero observed gap is not a joint AC-set proof
2012-08-13,43,6,611.3,147.578125,1,1,1,0.0,exact_at_scalar_endpoint,recorded scalar endpoint schedule passed all nonlinear interval readbacks; zero observed gap is not a joint AC-set proof
2012-08-13,43,6,634.1,157.421875,1,1,1,0.0,exact_at_scalar_endpoint,recorded scalar endpoint schedule passed all nonlinear interval readbacks; zero observed gap is not a joint AC-set proof
2012-08-13,43,7,611.3,139.0625,1,1,1,0.0,exact_at_scalar_endpoint,recorded scalar endpoint schedule passed all nonlinear interval readbacks; zero observed gap is not a joint AC-set proof
2012-08-13,43,7,634.1,146.40625,1,1,1,0.0,exact_at_scalar_endpoint,recorded scalar endpoint schedule passed all nonlinear interval readbacks; zero observed gap is not a joint AC-set proof
2012-08-13,43,8,611.3,122.03125,1,1,1,0.0,exact_at_scalar_endpoint,recorded scalar endpoint schedule passed all nonlinear interval readbacks; zero observed gap is not a joint AC-set proof
2012-08-13,43,8,634.1,130.859375,1,1,1,0.0,exact_at_scalar_endpoint,recorded scalar endpoint schedule passed all nonlinear interval readbacks; zero observed gap is not a joint AC-set proof
2012-08-13,43,9,611.3,121.015625,1,1,1,0.0,exact_at_scalar_endpoint,recorded scalar endpoint schedule passed all nonlinear interval readbacks; zero observed gap is not a joint AC-set proof
2012-08-13,43,9,634.1,127.1875,1,1,1,0.0,exact_at_scalar_endpoint,recorded scalar endpoint schedule passed all nonlinear interval readbacks; zero observed gap is not a joint AC-set proof
2012-08-14,44,0,611.3,150.546875,1,1,1,0.0,exact_at_scalar_endpoint,recorded scalar endpoint schedule passed all nonlinear interval readbacks; zero observed gap is not a joint AC-set proof
2012-08-14,44,0,634.1,155.9375,1,1,1,0.0,exact_at_scalar_endpoint,recorded scalar endpoint schedule passed all nonlinear interval readbacks; zero observed gap is not a joint AC-set proof
2012-08-14,44,1,611.3,108.984375,1,1,1,0.0,exact_at_scalar_endpoint,recorded scalar endpoint schedule passed all nonlinear interval readbacks; zero observed gap is not a joint AC-set proof
2012-08-14,44,1,634.1,119.921875,1,1,1,0.0,exact_at_scalar_endpoint,recorded scalar endpoint schedule passed all nonlinear interval readbacks; zero observed gap is not a joint AC-set proof
2012-08-14,44,2,611.3,157.34375,1,1,1,0.0,exact_at_scalar_endpoint,recorded scalar endpoint schedule passed all nonlinear interval readbacks; zero observed gap is not a joint AC-set proof
2012-08-14,44,2,634.1,156.953125,1,1,1,0.0,exact_at_scalar_endpoint,recorded scalar endpoint schedule passed all nonlinear interval readbacks; zero observed gap is not a joint AC-set proof
2012-08-14,44,3,611.3,102.1875,1,1,1,0.0,exact_at_scalar_endpoint,recorded scalar endpoint schedule passed all nonlinear interval readbacks; zero observed gap is not a joint AC-set proof
2012-08-14,44,3,634.1,112.734375,1,1,1,0.0,exact_at_scalar_endpoint,recorded scalar endpoint schedule passed all nonlinear interval readbacks; zero observed gap is not a joint AC-set proof
2012-08-14,44,4,611.3,112.96875,1,1,1,0.0,exact_at_scalar_endpoint,recorded scalar endpoint schedule passed all nonlinear interval readbacks; zero observed gap is not a joint AC-set proof
2012-08-14,44,4,634.1,128.4375,1,1,1,0.0,exact_at_scalar_endpoint,recorded scalar endpoint schedule passed all nonlinear interval readbacks; zero observed gap is not a joint AC-set proof
2012-08-14,44,5,611.3,103.828125,1,1,1,0.0,exact_at_scalar_endpoint,recorded scalar endpoint schedule passed all nonlinear interval readbacks; zero observed gap is not a joint AC-set proof
2012-08-14,44,5,634.1,112.96875,1,1,1,0.0,exact_at_scalar_endpoint,recorded scalar endpoint schedule passed all nonlinear interval readbacks; zero observed gap is not a joint AC-set proof
2012-08-14,44,6,611.3,109.921875,1,1,1,0.0,exact_at_scalar_endpoint,recorded scalar endpoint schedule passed all nonlinear interval readbacks; zero observed gap is not a joint AC-set proof
2012-08-14,44,6,634.1,123.984375,1,1,1,0.0,exact_at_scalar_endpoint,recorded scalar endpoint schedule passed all nonlinear interval readbacks; zero observed gap is not a joint AC-set proof
2012-08-14,44,7,611.3,131.09375,1,1,1,0.0,exact_at_scalar_endpoint,recorded scalar endpoint schedule passed all nonlinear interval readbacks; zero observed gap is not a joint AC-set proof
2012-08-14,44,7,634.1,139.21875,1,1,1,0.0,exact_at_scalar_endpoint,recorded scalar endpoint schedule passed all nonlinear interval readbacks; zero observed gap is not a joint AC-set proof
2012-08-14,44,8,611.3,111.25,1,1,1,0.0,exact_at_scalar_endpoint,recorded scalar endpoint schedule passed all nonlinear interval readbacks; zero observed gap is not a joint AC-set proof
2012-08-14,44,8,634.1,118.671875,1,1,1,0.0,exact_at_scalar_endpoint,recorded scalar endpoint schedule passed all nonlinear interval readbacks; zero observed gap is not a joint AC-set proof
2012-08-14,44,9,611.3,134.921875,1,1,1,0.0,exact_at_scalar_endpoint,recorded scalar endpoint schedule passed all nonlinear interval readbacks; zero observed gap is not a joint AC-set proof
2012-08-14,44,9,634.1,143.59375,1,1,1,0.0,exact_at_scalar_endpoint,recorded scalar endpoint schedule passed all nonlinear interval readbacks; zero observed gap is not a joint AC-set proof
2012-08-15,45,0,611.3,148.59375,1,1,1,0.0,exact_at_scalar_endpoint,recorded scalar endpoint schedule passed all nonlinear interval readbacks; zero observed gap is not a joint AC-set proof
2012-08-15,45,0,634.1,166.953125,1,1,1,0.0,exact_at_scalar_endpoint,recorded scalar endpoint schedule passed all nonlinear interval readbacks; zero observed gap is not a joint AC-set proof
2012-08-15,45,1,611.3,144.84375,1,1,1,0.0,exact_at_scalar_endpoint,recorded scalar endpoint schedule passed all nonlinear interval readbacks; zero observed gap is not a joint AC-set proof
2012-08-15,45,1,634.1,164.921875,1,1,1,0.0,exact_at_scalar_endpoint,recorded scalar endpoint schedule passed all nonlinear interval readbacks; zero observed gap is not a joint AC-set proof
2012-08-15,45,2,611.3,144.453125,1,1,1,0.0,exact_at_scalar_endpoint,recorded scalar endpoint schedule passed all nonlinear interval readbacks; zero observed gap is not a joint AC-set proof
2012-08-15,45,2,634.1,163.28125,1,1,1,0.0,exact_at_scalar_endpoint,recorded scalar endpoint schedule passed all nonlinear interval readbacks; zero observed gap is not a joint AC-set proof
2012-08-15,45,3,611.3,126.953125,1,1,1,0.0,exact_at_scalar_endpoint,recorded scalar endpoint schedule passed all nonlinear interval readbacks; zero observed gap is not a joint AC-set proof
2012-08-15,45,3,634.1,151.953125,1,1,1,0.0,exact_at_scalar_endpoint,recorded scalar endpoint schedule passed all nonlinear interval readbacks; zero observed gap is not a joint AC-set proof
2012-08-15,45,4,611.3,148.671875,1,1,1,0.0,exact_at_scalar_endpoint,recorded scalar endpoint schedule passed all nonlinear interval readbacks; zero observed gap is not a joint AC-set proof
2012-08-15,45,4,634.1,167.734375,1,1,1,0.0,exact_at_scalar_endpoint,recorded scalar endpoint schedule passed all nonlinear interval readbacks; zero observed gap is not a joint AC-set proof
2012-08-15,45,5,611.3,130.703125,1,1,1,0.0,exact_at_scalar_endpoint,recorded scalar endpoint schedule passed all nonlinear interval readbacks; zero observed gap is not a joint AC-set proof
2012-08-15,45,5,634.1,155.546875,1,1,1,0.0,exact_at_scalar_endpoint,recorded scalar endpoint schedule passed all nonlinear interval readbacks; zero observed gap is not a joint AC-set proof
2012-08-15,45,6,611.3,140.9375,1,1,1,0.0,exact_at_scalar_endpoint,recorded scalar endpoint schedule passed all nonlinear interval readbacks; zero observed gap is not a joint AC-set proof
2012-08-15,45,6,634.1,164.140625,1,1,1,0.0,exact_at_scalar_endpoint,recorded scalar endpoint schedule passed all nonlinear interval readbacks; zero observed gap is not a joint AC-set proof
2012-08-15,45,7,611.3,160.3125,1,1,1,0.0,exact_at_scalar_endpoint,recorded scalar endpoint schedule passed all nonlinear interval readbacks; zero observed gap is not a joint AC-set proof
2012-08-15,45,7,634.1,172.265625,1,1,1,0.0,exact_at_scalar_endpoint,recorded scalar endpoint schedule passed all nonlinear interval readbacks; zero observed gap is not a joint AC-set proof
2012-08-15,45,8,611.3,144.21875,1,1,1,0.0,exact_at_scalar_endpoint,recorded scalar endpoint schedule passed all nonlinear interval readbacks; zero observed gap is not a joint AC-set proof
2012-08-15,45,8,634.1,165.390625,1,1,1,0.0,exact_at_scalar_endpoint,recorded scalar endpoint schedule passed all nonlinear interval readbacks; zero observed gap is not a joint AC-set proof
2012-08-15,45,9,611.3,143.359375,1,1,1,0.0,exact_at_scalar_endpoint,recorded scalar endpoint schedule passed all nonlinear interval readbacks; zero observed gap is not a joint AC-set proof
2012-08-15,45,9,634.1,167.109375,1,1,1,0.0,exact_at_scalar_endpoint,recorded scalar endpoint schedule passed all nonlinear interval readbacks; zero observed gap is not a joint AC-set proof
2012-08-16,46,0,611.3,98.125,1,1,1,0.0,exact_at_scalar_endpoint,recorded scalar endpoint schedule passed all nonlinear interval readbacks; zero observed gap is not a joint AC-set proof
2012-08-16,46,0,634.1,102.96875,1,1,1,0.0,exact_at_scalar_endpoint,recorded scalar endpoint schedule passed all nonlinear interval readbacks; zero observed gap is not a joint AC-set proof
2012-08-16,46,1,611.3,115.234375,1,1,1,0.0,exact_at_scalar_endpoint,recorded scalar endpoint schedule passed all nonlinear interval readbacks; zero observed gap is not a joint AC-set proof
2012-08-16,46,1,634.1,124.296875,1,1,1,0.0,exact_at_scalar_endpoint,recorded scalar endpoint schedule passed all nonlinear interval readbacks; zero observed gap is not a joint AC-set proof
2012-08-16,46,2,611.3,80.9375,1,1,1,0.0,exact_at_scalar_endpoint,recorded scalar endpoint schedule passed all nonlinear interval readbacks; zero observed gap is not a joint AC-set proof
2012-08-16,46,2,634.1,69.765625,1,1,1,0.0,exact_at_scalar_endpoint,recorded scalar endpoint schedule passed all nonlinear interval readbacks; zero observed gap is not a joint AC-set proof
2012-08-16,46,3,611.3,69.296875,1,1,1,0.0,exact_at_scalar_endpoint,recorded scalar endpoint schedule passed all nonlinear interval readbacks; zero observed gap is not a joint AC-set proof
2012-08-16,46,3,634.1,58.59375,1,1,1,0.0,exact_at_scalar_endpoint,recorded scalar endpoint schedule passed all nonlinear interval readbacks; zero observed gap is not a joint AC-set proof
2012-08-16,46,4,611.3,112.03125,1,1,1,0.0,exact_at_scalar_endpoint,recorded scalar endpoint schedule passed all nonlinear interval readbacks; zero observed gap is not a joint AC-set proof
2012-08-16,46,4,634.1,117.578125,1,1,1,0.0,exact_at_scalar_endpoint,recorded scalar endpoint schedule passed all nonlinear interval readbacks; zero observed gap is not a joint AC-set proof
2012-08-16,46,5,611.3,92.734375,1,1,1,0.0,exact_at_scalar_endpoint,recorded scalar endpoint schedule passed all nonlinear interval readbacks; zero observed gap is not a joint AC-set proof
2012-08-16,46,5,634.1,86.796875,1,1,1,0.0,exact_at_scalar_endpoint,recorded scalar endpoint schedule passed all nonlinear interval readbacks; zero observed gap is not a joint AC-set proof
2012-08-16,46,6,611.3,101.40625,1,1,1,0.0,exact_at_scalar_endpoint,recorded scalar endpoint schedule passed all nonlinear interval readbacks; zero observed gap is not a joint AC-set proof
2012-08-16,46,6,634.1,108.828125,1,1,1,0.0,exact_at_scalar_endpoint,recorded scalar endpoint schedule passed all nonlinear interval readbacks; zero observed gap is not a joint AC-set proof
2012-08-16,46,7,611.3,106.015625,1,1,1,0.0,exact_at_scalar_endpoint,recorded scalar endpoint schedule passed all nonlinear interval readbacks; zero observed gap is not a joint AC-set proof
2012-08-16,46,7,634.1,107.1875,1,1,1,0.0,exact_at_scalar_endpoint,recorded scalar endpoint schedule passed all nonlinear interval readbacks; zero observed gap is not a joint AC-set proof
2012-08-16,46,8,611.3,102.65625,1,1,1,0.0,exact_at_scalar_endpoint,recorded scalar endpoint schedule passed all nonlinear interval readbacks; zero observed gap is not a joint AC-set proof
2012-08-16,46,8,634.1,103.4375,1,1,1,0.0,exact_at_scalar_endpoint,recorded scalar endpoint schedule passed all nonlinear interval readbacks; zero observed gap is not a joint AC-set proof
2012-08-16,46,9,611.3,102.734375,1,1,1,0.0,exact_at_scalar_endpoint,recorded scalar endpoint schedule passed all nonlinear interval readbacks; zero observed gap is not a joint AC-set proof
2012-08-16,46,9,634.1,111.09375,1,1,1,0.0,exact_at_scalar_endpoint,recorded scalar endpoint schedule passed all nonlinear interval readbacks; zero observed gap is not a joint AC-set proof
2012-08-17,47,0,611.3,125.078125,1,1,1,0.0,exact_at_scalar_endpoint,recorded scalar endpoint schedule passed all nonlinear interval readbacks; zero observed gap is not a joint AC-set proof
2012-08-17,47,0,634.1,127.5,1,1,1,0.0,exact_at_scalar_endpoint,recorded scalar endpoint schedule passed all nonlinear interval readbacks; zero observed gap is not a joint AC-set proof
2012-08-17,47,1,611.3,118.59375,1,1,1,0.0,exact_at_scalar_endpoint,recorded scalar endpoint schedule passed all nonlinear interval readbacks; zero observed gap is not a joint AC-set proof
2012-08-17,47,1,634.1,121.71875,1,1,1,0.0,exact_at_scalar_endpoint,recorded scalar endpoint schedule passed all nonlinear interval readbacks; zero observed gap is not a joint AC-set proof
2012-08-17,47,2,611.3,92.734375,1,1,1,0.0,exact_at_scalar_endpoint,recorded scalar endpoint schedule passed all nonlinear interval readbacks; zero observed gap is not a joint AC-set proof
2012-08-17,47,2,634.1,90.3125,1,1,1,0.0,exact_at_scalar_endpoint,recorded scalar endpoint schedule passed all nonlinear interval readbacks; zero observed gap is not a joint AC-set proof
2012-08-17,47,3,611.3,126.71875,1,1,1,0.0,exact_at_scalar_endpoint,recorded scalar endpoint schedule passed all nonlinear interval readbacks; zero observed gap is not a joint AC-set proof
2012-08-17,47,3,634.1,126.796875,1,1,1,0.0,exact_at_scalar_endpoint,recorded scalar endpoint schedule passed all nonlinear interval readbacks; zero observed gap is not a joint AC-set proof
2012-08-17,47,4,611.3,119.140625,1,1,1,0.0,exact_at_scalar_endpoint,recorded scalar endpoint schedule passed all nonlinear interval readbacks; zero observed gap is not a joint AC-set proof
2012-08-17,47,4,634.1,125.78125,1,1,1,0.0,exact_at_scalar_endpoint,recorded scalar endpoint schedule passed all nonlinear interval readbacks; zero observed gap is not a joint AC-set proof
2012-08-17,47,5,611.3,120.703125,1,1,1,0.0,exact_at_scalar_endpoint,recorded scalar endpoint schedule passed all nonlinear interval readbacks; zero observed gap is not a joint AC-set proof
2012-08-17,47,5,634.1,126.09375,1,1,1,0.0,exact_at_scalar_endpoint,recorded scalar endpoint schedule passed all nonlinear interval readbacks; zero observed gap is not a joint AC-set proof
2012-08-17,47,6,611.3,124.0625,1,1,1,0.0,exact_at_scalar_endpoint,recorded scalar endpoint schedule passed all nonlinear interval readbacks; zero observed gap is not a joint AC-set proof
2012-08-17,47,6,634.1,129.84375,1,1,1,0.0,exact_at_scalar_endpoint,recorded scalar endpoint schedule passed all nonlinear interval readbacks; zero observed gap is not a joint AC-set proof
2012-08-17,47,7,611.3,108.75,1,1,1,0.0,exact_at_scalar_endpoint,recorded scalar endpoint schedule passed all nonlinear interval readbacks; zero observed gap is not a joint AC-set proof
2012-08-17,47,7,634.1,111.40625,1,1,1,0.0,exact_at_scalar_endpoint,recorded scalar endpoint schedule passed all nonlinear interval readbacks; zero observed gap is not a joint AC-set proof
2012-08-17,47,8,611.3,120.546875,1,1,1,0.0,exact_at_scalar_endpoint,recorded scalar endpoint schedule passed all nonlinear interval readbacks; zero observed gap is not a joint AC-set proof
2012-08-17,47,8,634.1,121.328125,1,1,1,0.0,exact_at_scalar_endpoint,recorded scalar endpoint schedule passed all nonlinear interval readbacks; zero observed gap is not a joint AC-set proof
2012-08-17,47,9,611.3,141.328125,1,1,1,0.0,exact_at_scalar_endpoint,recorded scalar endpoint schedule passed all nonlinear interval readbacks; zero observed gap is not a joint AC-set proof
2012-08-17,47,9,634.1,147.5,1,1,1,0.0,exact_at_scalar_endpoint,recorded scalar endpoint schedule passed all nonlinear interval readbacks; zero observed gap is not a joint AC-set proof
2012-08-18,48,0,611.3,128.90625,1,1,1,0.0,exact_at_scalar_endpoint,recorded scalar endpoint schedule passed all nonlinear interval readbacks; zero observed gap is not a joint AC-set proof
2012-08-18,48,0,634.1,132.34375,1,1,1,0.0,exact_at_scalar_endpoint,recorded scalar endpoint schedule passed all nonlinear interval readbacks; zero observed gap is not a joint AC-set proof
2012-08-18,48,1,611.3,157.65625,1,1,1,0.0,exact_at_scalar_endpoint,recorded scalar endpoint schedule passed all nonlinear interval readbacks; zero observed gap is not a joint AC-set proof
2012-08-18,48,1,634.1,166.953125,1,1,1,0.0,exact_at_scalar_endpoint,recorded scalar endpoint schedule passed all nonlinear interval readbacks; zero observed gap is not a joint AC-set proof
2012-08-18,48,2,611.3,142.734375,1,1,1,0.0,exact_at_scalar_endpoint,recorded scalar endpoint schedule passed all nonlinear interval readbacks; zero observed gap is not a joint AC-set proof
2012-08-18,48,2,634.1,146.25,1,1,1,0.0,exact_at_scalar_endpoint,recorded scalar endpoint schedule passed all nonlinear interval readbacks; zero observed gap is not a joint AC-set proof
2012-08-18,48,3,611.3,146.25,1,1,1,0.0,exact_at_scalar_endpoint,recorded scalar endpoint schedule passed all nonlinear interval readbacks; zero observed gap is not a joint AC-set proof
2012-08-18,48,3,634.1,155.46875,1,1,1,0.0,exact_at_scalar_endpoint,recorded scalar endpoint schedule passed all nonlinear interval readbacks; zero observed gap is not a joint AC-set proof
2012-08-18,48,4,611.3,153.59375,1,1,1,0.0,exact_at_scalar_endpoint,recorded scalar endpoint schedule passed all nonlinear interval readbacks; zero observed gap is not a joint AC-set proof
2012-08-18,48,4,634.1,162.109375,1,1,1,0.0,exact_at_scalar_endpoint,recorded scalar endpoint schedule passed all nonlinear interval readbacks; zero observed gap is not a joint AC-set proof
2012-08-18,48,5,611.3,122.03125,1,1,1,0.0,exact_at_scalar_endpoint,recorded scalar endpoint schedule passed all nonlinear interval readbacks; zero observed gap is not a joint AC-set proof
2012-08-18,48,5,634.1,128.4375,1,1,1,0.0,exact_at_scalar_endpoint,recorded scalar endpoint schedule passed all nonlinear interval readbacks; zero observed gap is not a joint AC-set proof
2012-08-18,48,6,611.3,136.640625,1,1,1,0.0,exact_at_scalar_endpoint,recorded scalar endpoint schedule passed all nonlinear interval readbacks; zero observed gap is not a joint AC-set proof
2012-08-18,48,6,634.1,149.0625,1,1,1,0.0,exact_at_scalar_endpoint,recorded scalar endpoint schedule passed all nonlinear interval readbacks; zero observed gap is not a joint AC-set proof
2012-08-18,48,7,611.3,134.0625,1,1,1,0.0,exact_at_scalar_endpoint,recorded scalar endpoint schedule passed all nonlinear interval readbacks; zero observed gap is not a joint AC-set proof
2012-08-18,48,7,634.1,135.46875,1,1,1,0.0,exact_at_scalar_endpoint,recorded scalar endpoint schedule passed all nonlinear interval readbacks; zero observed gap is not a joint AC-set proof
2012-08-18,48,8,611.3,153.046875,1,1,1,0.0,exact_at_scalar_endpoint,recorded scalar endpoint schedule passed all nonlinear interval readbacks; zero observed gap is not a joint AC-set proof
2012-08-18,48,8,634.1,156.328125,1,1,1,0.0,exact_at_scalar_endpoint,recorded scalar endpoint schedule passed all nonlinear interval readbacks; zero observed gap is not a joint AC-set proof
2012-08-18,48,9,611.3,132.65625,1,1,1,0.0,exact_at_scalar_endpoint,recorded scalar endpoint schedule passed all nonlinear interval readbacks; zero observed gap is not a joint AC-set proof
2012-08-18,48,9,634.1,133.90625,1,1,1,0.0,exact_at_scalar_endpoint,recorded scalar endpoint schedule passed all nonlinear interval readbacks; zero observed gap is not a joint AC-set proof
2012-08-19,49,0,611.3,158.28125,1,1,1,0.0,exact_at_scalar_endpoint,recorded scalar endpoint schedule passed all nonlinear interval readbacks; zero observed gap is not a joint AC-set proof
2012-08-19,49,0,634.1,168.515625,1,1,1,0.0,exact_at_scalar_endpoint,recorded scalar endpoint schedule passed all nonlinear interval readbacks; zero observed gap is not a joint AC-set proof
2012-08-19,49,1,611.3,131.71875,1,1,1,0.0,exact_at_scalar_endpoint,recorded scalar endpoint schedule passed all nonlinear interval readbacks; zero observed gap is not a joint AC-set proof
2012-08-19,49,1,634.1,135.78125,1,1,1,0.0,exact_at_scalar_endpoint,recorded scalar endpoint schedule passed all nonlinear interval readbacks; zero observed gap is not a joint AC-set proof
2012-08-19,49,2,611.3,132.578125,1,1,1,0.0,exact_at_scalar_endpoint,recorded scalar endpoint schedule passed all nonlinear interval readbacks; zero observed gap is not a joint AC-set proof
2012-08-19,49,2,634.1,138.90625,1,1,1,0.0,exact_at_scalar_endpoint,recorded scalar endpoint schedule passed all nonlinear interval readbacks; zero observed gap is not a joint AC-set proof
2012-08-19,49,3,611.3,123.359375,1,1,1,0.0,exact_at_scalar_endpoint,recorded scalar endpoint schedule passed all nonlinear interval readbacks; zero observed gap is not a joint AC-set proof
2012-08-19,49,3,634.1,123.671875,1,1,1,0.0,exact_at_scalar_endpoint,recorded scalar endpoint schedule passed all nonlinear interval readbacks; zero observed gap is not a joint AC-set proof
2012-08-19,49,4,611.3,126.640625,1,1,1,0.0,exact_at_scalar_endpoint,recorded scalar endpoint schedule passed all nonlinear interval readbacks; zero observed gap is not a joint AC-set proof
2012-08-19,49,4,634.1,133.828125,1,1,1,0.0,exact_at_scalar_endpoint,recorded scalar endpoint schedule passed all nonlinear interval readbacks; zero observed gap is not a joint AC-set proof
2012-08-19,49,5,611.3,141.640625,1,1,1,0.0,exact_at_scalar_endpoint,recorded scalar endpoint schedule passed all nonlinear interval readbacks; zero observed gap is not a joint AC-set proof
2012-08-19,49,5,634.1,138.28125,1,1,1,0.0,exact_at_scalar_endpoint,recorded scalar endpoint schedule passed all nonlinear interval readbacks; zero observed gap is not a joint AC-set proof
2012-08-19,49,6,611.3,114.84375,1,1,1,0.0,exact_at_scalar_endpoint,recorded scalar endpoint schedule passed all nonlinear interval readbacks; zero observed gap is not a joint AC-set proof
2012-08-19,49,6,634.1,120.703125,1,1,1,0.0,exact_at_scalar_endpoint,recorded scalar endpoint schedule passed all nonlinear interval readbacks; zero observed gap is not a joint AC-set proof
2012-08-19,49,7,611.3,130.15625,1,1,1,0.0,exact_at_scalar_endpoint,recorded scalar endpoint schedule passed all nonlinear interval readbacks; zero observed gap is not a joint AC-set proof
2012-08-19,49,7,634.1,139.296875,1,1,1,0.0,exact_at_scalar_endpoint,recorded scalar endpoint schedule passed all nonlinear interval readbacks; zero observed gap is not a joint AC-set proof
2012-08-19,49,8,611.3,116.875,1,1,1,0.0,exact_at_scalar_endpoint,recorded scalar endpoint schedule passed all nonlinear interval readbacks; zero observed gap is not a joint AC-set proof
2012-08-19,49,8,634.1,119.53125,1,1,1,0.0,exact_at_scalar_endpoint,recorded scalar endpoint schedule passed all nonlinear interval readbacks; zero observed gap is not a joint AC-set proof
2012-08-19,49,9,611.3,139.84375,1,1,1,0.0,exact_at_scalar_endpoint,recorded scalar endpoint schedule passed all nonlinear interval readbacks; zero observed gap is not a joint AC-set proof
2012-08-19,49,9,634.1,144.53125,1,1,1,0.0,exact_at_scalar_endpoint,recorded scalar endpoint schedule passed all nonlinear interval readbacks; zero observed gap is not a joint AC-set proof
2012-08-20,50,0,611.3,135.0,1,1,1,0.0,exact_at_scalar_endpoint,recorded scalar endpoint schedule passed all nonlinear interval readbacks; zero observed gap is not a joint AC-set proof
2012-08-20,50,0,634.1,142.109375,1,1,1,0.0,exact_at_scalar_endpoint,recorded scalar endpoint schedule passed all nonlinear interval readbacks; zero observed gap is not a joint AC-set proof
2012-08-20,50,1,611.3,129.375,1,1,1,0.0,exact_at_scalar_endpoint,recorded scalar endpoint schedule passed all nonlinear interval readbacks; zero observed gap is not a joint AC-set proof
2012-08-20,50,1,634.1,128.984375,1,1,1,0.0,exact_at_scalar_endpoint,recorded scalar endpoint schedule passed all nonlinear interval readbacks; zero observed gap is not a joint AC-set proof
2012-08-20,50,2,611.3,104.765625,1,1,1,0.0,exact_at_scalar_endpoint,recorded scalar endpoint schedule passed all nonlinear interval readbacks; zero observed gap is not a joint AC-set proof
2012-08-20,50,2,634.1,104.0625,1,1,1,0.0,exact_at_scalar_endpoint,recorded scalar endpoint schedule passed all nonlinear interval readbacks; zero observed gap is not a joint AC-set proof
2012-08-20,50,3,611.3,91.40625,1,1,1,0.0,exact_at_scalar_endpoint,recorded scalar endpoint schedule passed all nonlinear interval readbacks; zero observed gap is not a joint AC-set proof
2012-08-20,50,3,634.1,92.265625,1,1,1,0.0,exact_at_scalar_endpoint,recorded scalar endpoint schedule passed all nonlinear interval readbacks; zero observed gap is not a joint AC-set proof
2012-08-20,50,4,611.3,111.875,1,1,1,0.0,exact_at_scalar_endpoint,recorded scalar endpoint schedule passed all nonlinear interval readbacks; zero observed gap is not a joint AC-set proof
2012-08-20,50,4,634.1,119.6875,1,1,1,0.0,exact_at_scalar_endpoint,recorded scalar endpoint schedule passed all nonlinear interval readbacks; zero observed gap is not a joint AC-set proof
2012-08-20,50,5,611.3,108.515625,1,1,1,0.0,exact_at_scalar_endpoint,recorded scalar endpoint schedule passed all nonlinear interval readbacks; zero observed gap is not a joint AC-set proof
2012-08-20,50,5,634.1,107.1875,1,1,1,0.0,exact_at_scalar_endpoint,recorded scalar endpoint schedule passed all nonlinear interval readbacks; zero observed gap is not a joint AC-set proof
2012-08-20,50,6,611.3,113.90625,1,1,1,0.0,exact_at_scalar_endpoint,recorded scalar endpoint schedule passed all nonlinear interval readbacks; zero observed gap is not a joint AC-set proof
2012-08-20,50,6,634.1,124.375,1,1,1,0.0,exact_at_scalar_endpoint,recorded scalar endpoint schedule passed all nonlinear interval readbacks; zero observed gap is not a joint AC-set proof
2012-08-20,50,7,611.3,132.890625,1,1,1,0.0,exact_at_scalar_endpoint,recorded scalar endpoint schedule passed all nonlinear interval readbacks; zero observed gap is not a joint AC-set proof
2012-08-20,50,7,634.1,132.03125,1,1,1,0.0,exact_at_scalar_endpoint,recorded scalar endpoint schedule passed all nonlinear interval readbacks; zero observed gap is not a joint AC-set proof
2012-08-20,50,8,611.3,88.671875,1,1,1,0.0,exact_at_scalar_endpoint,recorded scalar endpoint schedule passed all nonlinear interval readbacks; zero observed gap is not a joint AC-set proof
2012-08-20,50,8,634.1,84.84375,1,1,1,0.0,exact_at_scalar_endpoint,recorded scalar endpoint schedule passed all nonlinear interval readbacks; zero observed gap is not a joint AC-set proof
2012-08-20,50,9,611.3,108.59375,1,1,1,0.0,exact_at_scalar_endpoint,recorded scalar endpoint schedule passed all nonlinear interval readbacks; zero observed gap is not a joint AC-set proof
2012-08-20,50,9,634.1,115.859375,1,1,1,0.0,exact_at_scalar_endpoint,recorded scalar endpoint schedule passed all nonlinear interval readbacks; zero observed gap is not a joint AC-set proof
2012-08-21,51,0,611.3,113.984375,1,1,1,0.0,exact_at_scalar_endpoint,recorded scalar endpoint schedule passed all nonlinear interval readbacks; zero observed gap is not a joint AC-set proof
2012-08-21,51,0,634.1,120.546875,1,1,1,0.0,exact_at_scalar_endpoint,recorded scalar endpoint schedule passed all nonlinear interval readbacks; zero observed gap is not a joint AC-set proof
2012-08-21,51,1,611.3,94.84375,1,1,1,0.0,exact_at_scalar_endpoint,recorded scalar endpoint schedule passed all nonlinear interval readbacks; zero observed gap is not a joint AC-set proof
2012-08-21,51,1,634.1,96.953125,1,1,1,0.0,exact_at_scalar_endpoint,recorded scalar endpoint schedule passed all nonlinear interval readbacks; zero observed gap is not a joint AC-set proof
2012-08-21,51,2,611.3,106.25,1,1,1,0.0,exact_at_scalar_endpoint,recorded scalar endpoint schedule passed all nonlinear interval readbacks; zero observed gap is not a joint AC-set proof
2012-08-21,51,2,634.1,107.34375,1,1,1,0.0,exact_at_scalar_endpoint,recorded scalar endpoint schedule passed all nonlinear interval readbacks; zero observed gap is not a joint AC-set proof
2012-08-21,51,3,611.3,88.984375,1,1,1,0.0,exact_at_scalar_endpoint,recorded scalar endpoint schedule passed all nonlinear interval readbacks; zero observed gap is not a joint AC-set proof
2012-08-21,51,3,634.1,85.46875,1,1,1,0.0,exact_at_scalar_endpoint,recorded scalar endpoint schedule passed all nonlinear interval readbacks; zero observed gap is not a joint AC-set proof
2012-08-21,51,4,611.3,112.1875,1,1,1,0.0,exact_at_scalar_endpoint,recorded scalar endpoint schedule passed all nonlinear interval readbacks; zero observed gap is not a joint AC-set proof
2012-08-21,51,4,634.1,117.03125,1,1,1,0.0,exact_at_scalar_endpoint,recorded scalar endpoint schedule passed all nonlinear interval readbacks; zero observed gap is not a joint AC-set proof
2012-08-21,51,5,611.3,85.0,1,1,1,0.0,exact_at_scalar_endpoint,recorded scalar endpoint schedule passed all nonlinear interval readbacks; zero observed gap is not a joint AC-set proof
2012-08-21,51,5,634.1,78.59375,1,1,1,0.0,exact_at_scalar_endpoint,recorded scalar endpoint schedule passed all nonlinear interval readbacks; zero observed gap is not a joint AC-set proof
2012-08-21,51,6,611.3,117.265625,1,1,1,0.0,exact_at_scalar_endpoint,recorded scalar endpoint schedule passed all nonlinear interval readbacks; zero observed gap is not a joint AC-set proof
2012-08-21,51,6,634.1,124.375,1,1,1,0.0,exact_at_scalar_endpoint,recorded scalar endpoint schedule passed all nonlinear interval readbacks; zero observed gap is not a joint AC-set proof
2012-08-21,51,7,611.3,113.984375,1,1,1,0.0,exact_at_scalar_endpoint,recorded scalar endpoint schedule passed all nonlinear interval readbacks; zero observed gap is not a joint AC-set proof
2012-08-21,51,7,634.1,114.6875,1,1,1,0.0,exact_at_scalar_endpoint,recorded scalar endpoint schedule passed all nonlinear interval readbacks; zero observed gap is not a joint AC-set proof
2012-08-21,51,8,611.3,92.109375,1,1,1,0.0,exact_at_scalar_endpoint,recorded scalar endpoint schedule passed all nonlinear interval readbacks; zero observed gap is not a joint AC-set proof
2012-08-21,51,8,634.1,86.484375,1,1,1,0.0,exact_at_scalar_endpoint,recorded scalar endpoint schedule passed all nonlinear interval readbacks; zero observed gap is not a joint AC-set proof
2012-08-21,51,9,611.3,115.546875,1,1,1,0.0,exact_at_scalar_endpoint,recorded scalar endpoint schedule passed all nonlinear interval readbacks; zero observed gap is not a joint AC-set proof
2012-08-21,51,9,634.1,120.078125,1,1,1,0.0,exact_at_scalar_endpoint,recorded scalar endpoint schedule passed all nonlinear interval readbacks; zero observed gap is not a joint AC-set proof
2012-08-22,52,0,611.3,122.578125,1,1,1,0.0,exact_at_scalar_endpoint,recorded scalar endpoint schedule passed all nonlinear interval readbacks; zero observed gap is not a joint AC-set proof
2012-08-22,52,0,634.1,128.4375,1,1,1,0.0,exact_at_scalar_endpoint,recorded scalar endpoint schedule passed all nonlinear interval readbacks; zero observed gap is not a joint AC-set proof
2012-08-22,52,1,611.3,112.65625,1,1,1,0.0,exact_at_scalar_endpoint,recorded scalar endpoint schedule passed all nonlinear interval readbacks; zero observed gap is not a joint AC-set proof
2012-08-22,52,1,634.1,118.4375,1,1,1,0.0,exact_at_scalar_endpoint,recorded scalar endpoint schedule passed all nonlinear interval readbacks; zero observed gap is not a joint AC-set proof
2012-08-22,52,2,611.3,102.34375,1,1,1,0.0,exact_at_scalar_endpoint,recorded scalar endpoint schedule passed all nonlinear interval readbacks; zero observed gap is not a joint AC-set proof
2012-08-22,52,2,634.1,101.25,1,1,1,0.0,exact_at_scalar_endpoint,recorded scalar endpoint schedule passed all nonlinear interval readbacks; zero observed gap is not a joint AC-set proof
2012-08-22,52,3,611.3,89.84375,1,1,1,0.0,exact_at_scalar_endpoint,recorded scalar endpoint schedule passed all nonlinear interval readbacks; zero observed gap is not a joint AC-set proof
2012-08-22,52,3,634.1,95.234375,1,1,1,0.0,exact_at_scalar_endpoint,recorded scalar endpoint schedule passed all nonlinear interval readbacks; zero observed gap is not a joint AC-set proof
2012-08-22,52,4,611.3,115.546875,1,1,1,0.0,exact_at_scalar_endpoint,recorded scalar endpoint schedule passed all nonlinear interval readbacks; zero observed gap is not a joint AC-set proof
2012-08-22,52,4,634.1,124.609375,1,1,1,0.0,exact_at_scalar_endpoint,recorded scalar endpoint schedule passed all nonlinear interval readbacks; zero observed gap is not a joint AC-set proof
2012-08-22,52,5,611.3,90.0,1,1,1,0.0,exact_at_scalar_endpoint,recorded scalar endpoint schedule passed all nonlinear interval readbacks; zero observed gap is not a joint AC-set proof
2012-08-22,52,5,634.1,84.6875,1,1,1,0.0,exact_at_scalar_endpoint,recorded scalar endpoint schedule passed all nonlinear interval readbacks; zero observed gap is not a joint AC-set proof
2012-08-22,52,6,611.3,118.984375,1,1,1,0.0,exact_at_scalar_endpoint,recorded scalar endpoint schedule passed all nonlinear interval readbacks; zero observed gap is not a joint AC-set proof
2012-08-22,52,6,634.1,124.21875,1,1,1,0.0,exact_at_scalar_endpoint,recorded scalar endpoint schedule passed all nonlinear interval readbacks; zero observed gap is not a joint AC-set proof
2012-08-22,52,7,611.3,132.03125,1,1,1,0.0,exact_at_scalar_endpoint,recorded scalar endpoint schedule passed all nonlinear interval readbacks; zero observed gap is not a joint AC-set proof
2012-08-22,52,7,634.1,135.859375,1,1,1,0.0,exact_at_scalar_endpoint,recorded scalar endpoint schedule passed all nonlinear interval readbacks; zero observed gap is not a joint AC-set proof
2012-08-22,52,8,611.3,91.25,1,1,1,0.0,exact_at_scalar_endpoint,recorded scalar endpoint schedule passed all nonlinear interval readbacks; zero observed gap is not a joint AC-set proof
2012-08-22,52,8,634.1,87.65625,1,1,1,0.0,exact_at_scalar_endpoint,recorded scalar endpoint schedule passed all nonlinear interval readbacks; zero observed gap is not a joint AC-set proof
2012-08-22,52,9,611.3,125.078125,1,1,1,0.0,exact_at_scalar_endpoint,recorded scalar endpoint schedule passed all nonlinear interval readbacks; zero observed gap is not a joint AC-set proof
2012-08-22,52,9,634.1,129.609375,1,1,1,0.0,exact_at_scalar_endpoint,recorded scalar endpoint schedule passed all nonlinear interval readbacks; zero observed gap is not a joint AC-set proof
2012-08-23,53,0,611.3,120.46875,1,1,1,0.0,exact_at_scalar_endpoint,recorded scalar endpoint schedule passed all nonlinear interval readbacks; zero observed gap is not a joint AC-set proof
2012-08-23,53,0,634.1,127.34375,1,1,1,0.0,exact_at_scalar_endpoint,recorded scalar endpoint schedule passed all nonlinear interval readbacks; zero observed gap is not a joint AC-set proof
2012-08-23,53,1,611.3,93.359375,1,1,1,0.0,exact_at_scalar_endpoint,recorded scalar endpoint schedule passed all nonlinear interval readbacks; zero observed gap is not a joint AC-set proof
2012-08-23,53,1,634.1,99.0625,1,1,1,0.0,exact_at_scalar_endpoint,recorded scalar endpoint schedule passed all nonlinear interval readbacks; zero observed gap is not a joint AC-set proof
2012-08-23,53,2,611.3,90.859375,1,1,1,0.0,exact_at_scalar_endpoint,recorded scalar endpoint schedule passed all nonlinear interval readbacks; zero observed gap is not a joint AC-set proof
2012-08-23,53,2,634.1,97.96875,1,1,1,0.0,exact_at_scalar_endpoint,recorded scalar endpoint schedule passed all nonlinear interval readbacks; zero observed gap is not a joint AC-set proof
2012-08-23,53,3,611.3,95.859375,1,1,1,0.0,exact_at_scalar_endpoint,recorded scalar endpoint schedule passed all nonlinear interval readbacks; zero observed gap is not a joint AC-set proof
2012-08-23,53,3,634.1,96.171875,1,1,1,0.0,exact_at_scalar_endpoint,recorded scalar endpoint schedule passed all nonlinear interval readbacks; zero observed gap is not a joint AC-set proof
2012-08-23,53,4,611.3,89.921875,1,1,1,0.0,exact_at_scalar_endpoint,recorded scalar endpoint schedule passed all nonlinear interval readbacks; zero observed gap is not a joint AC-set proof
2012-08-23,53,4,634.1,98.4375,1,1,1,0.0,exact_at_scalar_endpoint,recorded scalar endpoint schedule passed all nonlinear interval readbacks; zero observed gap is not a joint AC-set proof
2012-08-23,53,5,611.3,100.859375,1,1,1,0.0,exact_at_scalar_endpoint,recorded scalar endpoint schedule passed all nonlinear interval readbacks; zero observed gap is not a joint AC-set proof
2012-08-23,53,5,634.1,104.296875,1,1,1,0.0,exact_at_scalar_endpoint,recorded scalar endpoint schedule passed all nonlinear interval readbacks; zero observed gap is not a joint AC-set proof
2012-08-23,53,6,611.3,114.453125,1,1,1,0.0,exact_at_scalar_endpoint,recorded scalar endpoint schedule passed all nonlinear interval readbacks; zero observed gap is not a joint AC-set proof
2012-08-23,53,6,634.1,122.578125,1,1,1,0.0,exact_at_scalar_endpoint,recorded scalar endpoint schedule passed all nonlinear interval readbacks; zero observed gap is not a joint AC-set proof
2012-08-23,53,7,611.3,110.234375,1,1,1,0.0,exact_at_scalar_endpoint,recorded scalar endpoint schedule passed all nonlinear interval readbacks; zero observed gap is not a joint AC-set proof
2012-08-23,53,7,634.1,116.484375,1,1,1,0.0,exact_at_scalar_endpoint,recorded scalar endpoint schedule passed all nonlinear interval readbacks; zero observed gap is not a joint AC-set proof
2012-08-23,53,8,611.3,105.390625,1,1,1,0.0,exact_at_scalar_endpoint,recorded scalar endpoint schedule passed all nonlinear interval readbacks; zero observed gap is not a joint AC-set proof
2012-08-23,53,8,634.1,108.203125,1,1,1,0.0,exact_at_scalar_endpoint,recorded scalar endpoint schedule passed all nonlinear interval readbacks; zero observed gap is not a joint AC-set proof
2012-08-23,53,9,611.3,115.0,1,1,1,0.0,exact_at_scalar_endpoint,recorded scalar endpoint schedule passed all nonlinear interval readbacks; zero observed gap is not a joint AC-set proof
2012-08-23,53,9,634.1,122.109375,1,1,1,0.0,exact_at_scalar_endpoint,recorded scalar endpoint schedule passed all nonlinear interval readbacks; zero observed gap is not a joint AC-set proof
2012-08-24,54,0,611.3,110.0,1,1,1,0.0,exact_at_scalar_endpoint,recorded scalar endpoint schedule passed all nonlinear interval readbacks; zero observed gap is not a joint AC-set proof
2012-08-24,54,0,634.1,114.6875,1,1,1,0.0,exact_at_scalar_endpoint,recorded scalar endpoint schedule passed all nonlinear interval readbacks; zero observed gap is not a joint AC-set proof
2012-08-24,54,1,611.3,97.265625,1,1,1,0.0,exact_at_scalar_endpoint,recorded scalar endpoint schedule passed all nonlinear interval readbacks; zero observed gap is not a joint AC-set proof
2012-08-24,54,1,634.1,98.59375,1,1,1,0.0,exact_at_scalar_endpoint,recorded scalar endpoint schedule passed all nonlinear interval readbacks; zero observed gap is not a joint AC-set proof
2012-08-24,54,2,611.3,104.0625,1,1,1,0.0,exact_at_scalar_endpoint,recorded scalar endpoint schedule passed all nonlinear interval readbacks; zero observed gap is not a joint AC-set proof
2012-08-24,54,2,634.1,103.828125,1,1,1,0.0,exact_at_scalar_endpoint,recorded scalar endpoint schedule passed all nonlinear interval readbacks; zero observed gap is not a joint AC-set proof
2012-08-24,54,3,611.3,68.75,1,1,1,0.0,exact_at_scalar_endpoint,recorded scalar endpoint schedule passed all nonlinear interval readbacks; zero observed gap is not a joint AC-set proof
2012-08-24,54,3,634.1,51.328125,1,1,1,0.0,exact_at_scalar_endpoint,recorded scalar endpoint schedule passed all nonlinear interval readbacks; zero observed gap is not a joint AC-set proof
2012-08-24,54,4,611.3,105.46875,1,1,1,0.0,exact_at_scalar_endpoint,recorded scalar endpoint schedule passed all nonlinear interval readbacks; zero observed gap is not a joint AC-set proof
2012-08-24,54,4,634.1,106.5625,1,1,1,0.0,exact_at_scalar_endpoint,recorded scalar endpoint schedule passed all nonlinear interval readbacks; zero observed gap is not a joint AC-set proof
2012-08-24,54,5,611.3,78.203125,1,1,1,0.0,exact_at_scalar_endpoint,recorded scalar endpoint schedule passed all nonlinear interval readbacks; zero observed gap is not a joint AC-set proof
2012-08-24,54,5,634.1,63.203125,1,1,1,0.0,exact_at_scalar_endpoint,recorded scalar endpoint schedule passed all nonlinear interval readbacks; zero observed gap is not a joint AC-set proof
2012-08-24,54,6,611.3,113.4375,1,1,1,0.0,exact_at_scalar_endpoint,recorded scalar endpoint schedule passed all nonlinear interval readbacks; zero observed gap is not a joint AC-set proof
2012-08-24,54,6,634.1,114.140625,1,1,1,0.0,exact_at_scalar_endpoint,recorded scalar endpoint schedule passed all nonlinear interval readbacks; zero observed gap is not a joint AC-set proof
2012-08-24,54,7,611.3,89.21875,1,1,1,0.0,exact_at_scalar_endpoint,recorded scalar endpoint schedule passed all nonlinear interval readbacks; zero observed gap is not a joint AC-set proof
2012-08-24,54,7,634.1,79.21875,1,1,1,0.0,exact_at_scalar_endpoint,recorded scalar endpoint schedule passed all nonlinear interval readbacks; zero observed gap is not a joint AC-set proof
2012-08-24,54,8,611.3,109.765625,1,1,1,0.0,exact_at_scalar_endpoint,recorded scalar endpoint schedule passed all nonlinear interval readbacks; zero observed gap is not a joint AC-set proof
2012-08-24,54,8,634.1,110.3125,1,1,1,0.0,exact_at_scalar_endpoint,recorded scalar endpoint schedule passed all nonlinear interval readbacks; zero observed gap is not a joint AC-set proof
2012-08-24,54,9,611.3,103.828125,1,1,1,0.0,exact_at_scalar_endpoint,recorded scalar endpoint schedule passed all nonlinear interval readbacks; zero observed gap is not a joint AC-set proof
2012-08-24,54,9,634.1,104.296875,1,1,1,0.0,exact_at_scalar_endpoint,recorded scalar endpoint schedule passed all nonlinear interval readbacks; zero observed gap is not a joint AC-set proof
2012-08-25,55,0,611.3,114.53125,1,1,1,0.0,exact_at_scalar_endpoint,recorded scalar endpoint schedule passed all nonlinear interval readbacks; zero observed gap is not a joint AC-set proof
2012-08-25,55,0,634.1,114.6875,1,1,1,0.0,exact_at_scalar_endpoint,recorded scalar endpoint schedule passed all nonlinear interval readbacks; zero observed gap is not a joint AC-set proof
2012-08-25,55,1,611.3,103.90625,1,1,1,0.0,exact_at_scalar_endpoint,recorded scalar endpoint schedule passed all nonlinear interval readbacks; zero observed gap is not a joint AC-set proof
2012-08-25,55,1,634.1,108.59375,1,1,1,0.0,exact_at_scalar_endpoint,recorded scalar endpoint schedule passed all nonlinear interval readbacks; zero observed gap is not a joint AC-set proof
2012-08-25,55,2,611.3,101.953125,1,1,1,0.0,exact_at_scalar_endpoint,recorded scalar endpoint schedule passed all nonlinear interval readbacks; zero observed gap is not a joint AC-set proof
2012-08-25,55,2,634.1,101.015625,1,1,1,0.0,exact_at_scalar_endpoint,recorded scalar endpoint schedule passed all nonlinear interval readbacks; zero observed gap is not a joint AC-set proof
2012-08-25,55,3,611.3,102.265625,1,1,1,0.0,exact_at_scalar_endpoint,recorded scalar endpoint schedule passed all nonlinear interval readbacks; zero observed gap is not a joint AC-set proof
2012-08-25,55,3,634.1,95.078125,1,1,1,0.0,exact_at_scalar_endpoint,recorded scalar endpoint schedule passed all nonlinear interval readbacks; zero observed gap is not a joint AC-set proof
2012-08-25,55,4,611.3,133.75,1,1,1,0.0,exact_at_scalar_endpoint,recorded scalar endpoint schedule passed all nonlinear interval readbacks; zero observed gap is not a joint AC-set proof
2012-08-25,55,4,634.1,135.859375,1,1,1,0.0,exact_at_scalar_endpoint,recorded scalar endpoint schedule passed all nonlinear interval readbacks; zero observed gap is not a joint AC-set proof
2012-08-25,55,5,611.3,92.109375,1,1,1,0.0,exact_at_scalar_endpoint,recorded scalar endpoint schedule passed all nonlinear interval readbacks; zero observed gap is not a joint AC-set proof
2012-08-25,55,5,634.1,85.46875,1,1,1,0.0,exact_at_scalar_endpoint,recorded scalar endpoint schedule passed all nonlinear interval readbacks; zero observed gap is not a joint AC-set proof
2012-08-25,55,6,611.3,135.0,1,1,1,0.0,exact_at_scalar_endpoint,recorded scalar endpoint schedule passed all nonlinear interval readbacks; zero observed gap is not a joint AC-set proof
2012-08-25,55,6,634.1,134.0625,1,1,1,0.0,exact_at_scalar_endpoint,recorded scalar endpoint schedule passed all nonlinear interval readbacks; zero observed gap is not a joint AC-set proof
2012-08-25,55,7,611.3,110.390625,1,1,1,0.0,exact_at_scalar_endpoint,recorded scalar endpoint schedule passed all nonlinear interval readbacks; zero observed gap is not a joint AC-set proof
2012-08-25,55,7,634.1,116.5625,1,1,1,0.0,exact_at_scalar_endpoint,recorded scalar endpoint schedule passed all nonlinear interval readbacks; zero observed gap is not a joint AC-set proof
2012-08-25,55,8,611.3,134.6875,1,1,1,0.0,exact_at_scalar_endpoint,recorded scalar endpoint schedule passed all nonlinear interval readbacks; zero observed gap is not a joint AC-set proof
2012-08-25,55,8,634.1,129.453125,1,1,1,0.0,exact_at_scalar_endpoint,recorded scalar endpoint schedule passed all nonlinear interval readbacks; zero observed gap is not a joint AC-set proof
2012-08-25,55,9,611.3,123.515625,1,1,1,0.0,exact_at_scalar_endpoint,recorded scalar endpoint schedule passed all nonlinear interval readbacks; zero observed gap is not a joint AC-set proof
2012-08-25,55,9,634.1,122.34375,1,1,1,0.0,exact_at_scalar_endpoint,recorded scalar endpoint schedule passed all nonlinear interval readbacks; zero observed gap is not a joint AC-set proof
2012-08-26,56,0,611.3,123.75,1,1,1,0.0,exact_at_scalar_endpoint,recorded scalar endpoint schedule passed all nonlinear interval readbacks; zero observed gap is not a joint AC-set proof
2012-08-26,56,0,634.1,130.46875,1,1,1,0.0,exact_at_scalar_endpoint,recorded scalar endpoint schedule passed all nonlinear interval readbacks; zero observed gap is not a joint AC-set proof
2012-08-26,56,1,611.3,151.640625,1,1,1,0.0,exact_at_scalar_endpoint,recorded scalar endpoint schedule passed all nonlinear interval readbacks; zero observed gap is not a joint AC-set proof
2012-08-26,56,1,634.1,169.765625,1,1,1,0.0,exact_at_scalar_endpoint,recorded scalar endpoint schedule passed all nonlinear interval readbacks; zero observed gap is not a joint AC-set proof
2012-08-26,56,2,611.3,152.890625,1,1,1,0.0,exact_at_scalar_endpoint,recorded scalar endpoint schedule passed all nonlinear interval readbacks; zero observed gap is not a joint AC-set proof
2012-08-26,56,2,634.1,152.109375,1,1,1,0.0,exact_at_scalar_endpoint,recorded scalar endpoint schedule passed all nonlinear interval readbacks; zero observed gap is not a joint AC-set proof
2012-08-26,56,3,611.3,119.453125,1,1,1,0.0,exact_at_scalar_endpoint,recorded scalar endpoint schedule passed all nonlinear interval readbacks; zero observed gap is not a joint AC-set proof
2012-08-26,56,3,634.1,123.125,1,1,1,0.0,exact_at_scalar_endpoint,recorded scalar endpoint schedule passed all nonlinear interval readbacks; zero observed gap is not a joint AC-set proof
2012-08-26,56,4,611.3,133.59375,1,1,1,0.0,exact_at_scalar_endpoint,recorded scalar endpoint schedule passed all nonlinear interval readbacks; zero observed gap is not a joint AC-set proof
2012-08-26,56,4,634.1,138.59375,1,1,1,0.0,exact_at_scalar_endpoint,recorded scalar endpoint schedule passed all nonlinear interval readbacks; zero observed gap is not a joint AC-set proof
2012-08-26,56,5,611.3,114.84375,1,1,1,0.0,exact_at_scalar_endpoint,recorded scalar endpoint schedule passed all nonlinear interval readbacks; zero observed gap is not a joint AC-set proof
2012-08-26,56,5,634.1,116.875,1,1,1,0.0,exact_at_scalar_endpoint,recorded scalar endpoint schedule passed all nonlinear interval readbacks; zero observed gap is not a joint AC-set proof
2012-08-26,56,6,611.3,144.53125,1,1,1,0.0,exact_at_scalar_endpoint,recorded scalar endpoint schedule passed all nonlinear interval readbacks; zero observed gap is not a joint AC-set proof
2012-08-26,56,6,634.1,150.703125,1,1,1,0.0,exact_at_scalar_endpoint,recorded scalar endpoint schedule passed all nonlinear interval readbacks; zero observed gap is not a joint AC-set proof
2012-08-26,56,7,611.3,140.078125,1,1,1,0.0,exact_at_scalar_endpoint,recorded scalar endpoint schedule passed all nonlinear interval readbacks; zero observed gap is not a joint AC-set proof
2012-08-26,56,7,634.1,145.078125,1,1,1,0.0,exact_at_scalar_endpoint,recorded scalar endpoint schedule passed all nonlinear interval readbacks; zero observed gap is not a joint AC-set proof
2012-08-26,56,8,611.3,145.859375,1,1,1,0.0,exact_at_scalar_endpoint,recorded scalar endpoint schedule passed all nonlinear interval readbacks; zero observed gap is not a joint AC-set proof
2012-08-26,56,8,634.1,145.234375,1,1,1,0.0,exact_at_scalar_endpoint,recorded scalar endpoint schedule passed all nonlinear interval readbacks; zero observed gap is not a joint AC-set proof
2012-08-26,56,9,611.3,135.15625,1,1,1,0.0,exact_at_scalar_endpoint,recorded scalar endpoint schedule passed all nonlinear interval readbacks; zero observed gap is not a joint AC-set proof
2012-08-26,56,9,634.1,165.625,1,1,1,0.0,exact_at_scalar_endpoint,recorded scalar endpoint schedule passed all nonlinear interval readbacks; zero observed gap is not a joint AC-set proof
2012-08-27,57,0,611.3,110.859375,1,1,1,0.0,exact_at_scalar_endpoint,recorded scalar endpoint schedule passed all nonlinear interval readbacks; zero observed gap is not a joint AC-set proof
2012-08-27,57,0,634.1,121.328125,1,1,1,0.0,exact_at_scalar_endpoint,recorded scalar endpoint schedule passed all nonlinear interval readbacks; zero observed gap is not a joint AC-set proof
2012-08-27,57,1,611.3,120.703125,1,1,1,0.0,exact_at_scalar_endpoint,recorded scalar endpoint schedule passed all nonlinear interval readbacks; zero observed gap is not a joint AC-set proof
2012-08-27,57,1,634.1,127.5,1,1,1,0.0,exact_at_scalar_endpoint,recorded scalar endpoint schedule passed all nonlinear interval readbacks; zero observed gap is not a joint AC-set proof
2012-08-27,57,2,611.3,111.25,1,1,1,0.0,exact_at_scalar_endpoint,recorded scalar endpoint schedule passed all nonlinear interval readbacks; zero observed gap is not a joint AC-set proof
2012-08-27,57,2,634.1,118.28125,1,1,1,0.0,exact_at_scalar_endpoint,recorded scalar endpoint schedule passed all nonlinear interval readbacks; zero observed gap is not a joint AC-set proof
2012-08-27,57,3,611.3,102.265625,1,1,1,0.0,exact_at_scalar_endpoint,recorded scalar endpoint schedule passed all nonlinear interval readbacks; zero observed gap is not a joint AC-set proof
2012-08-27,57,3,634.1,112.734375,1,1,1,0.0,exact_at_scalar_endpoint,recorded scalar endpoint schedule passed all nonlinear interval readbacks; zero observed gap is not a joint AC-set proof
2012-08-27,57,4,611.3,124.21875,1,1,1,0.0,exact_at_scalar_endpoint,recorded scalar endpoint schedule passed all nonlinear interval readbacks; zero observed gap is not a joint AC-set proof
2012-08-27,57,4,634.1,137.5,1,1,1,0.0,exact_at_scalar_endpoint,recorded scalar endpoint schedule passed all nonlinear interval readbacks; zero observed gap is not a joint AC-set proof
2012-08-27,57,5,611.3,96.09375,1,1,1,0.0,exact_at_scalar_endpoint,recorded scalar endpoint schedule passed all nonlinear interval readbacks; zero observed gap is not a joint AC-set proof
2012-08-27,57,5,634.1,104.453125,1,1,1,0.0,exact_at_scalar_endpoint,recorded scalar endpoint schedule passed all nonlinear interval readbacks; zero observed gap is not a joint AC-set proof
2012-08-27,57,6,611.3,117.8125,1,1,1,0.0,exact_at_scalar_endpoint,recorded scalar endpoint schedule passed all nonlinear interval readbacks; zero observed gap is not a joint AC-set proof
2012-08-27,57,6,634.1,129.375,1,1,1,0.0,exact_at_scalar_endpoint,recorded scalar endpoint schedule passed all nonlinear interval readbacks; zero observed gap is not a joint AC-set proof
2012-08-27,57,7,611.3,137.34375,1,1,1,0.0,exact_at_scalar_endpoint,recorded scalar endpoint schedule passed all nonlinear interval readbacks; zero observed gap is not a joint AC-set proof
2012-08-27,57,7,634.1,141.5625,1,1,1,0.0,exact_at_scalar_endpoint,recorded scalar endpoint schedule passed all nonlinear interval readbacks; zero observed gap is not a joint AC-set proof
2012-08-27,57,8,611.3,99.921875,1,1,1,0.0,exact_at_scalar_endpoint,recorded scalar endpoint schedule passed all nonlinear interval readbacks; zero observed gap is not a joint AC-set proof
2012-08-27,57,8,634.1,108.59375,1,1,1,0.0,exact_at_scalar_endpoint,recorded scalar endpoint schedule passed all nonlinear interval readbacks; zero observed gap is not a joint AC-set proof
2012-08-27,57,9,611.3,112.109375,1,1,1,0.0,exact_at_scalar_endpoint,recorded scalar endpoint schedule passed all nonlinear interval readbacks; zero observed gap is not a joint AC-set proof
2012-08-27,57,9,634.1,120.390625,1,1,1,0.0,exact_at_scalar_endpoint,recorded scalar endpoint schedule passed all nonlinear interval readbacks; zero observed gap is not a joint AC-set proof
2012-08-28,58,0,611.3,101.015625,1,1,1,0.0,exact_at_scalar_endpoint,recorded scalar endpoint schedule passed all nonlinear interval readbacks; zero observed gap is not a joint AC-set proof
2012-08-28,58,0,634.1,111.796875,1,1,1,0.0,exact_at_scalar_endpoint,recorded scalar endpoint schedule passed all nonlinear interval readbacks; zero observed gap is not a joint AC-set proof
2012-08-28,58,1,611.3,98.4375,1,1,1,0.0,exact_at_scalar_endpoint,recorded scalar endpoint schedule passed all nonlinear interval readbacks; zero observed gap is not a joint AC-set proof
2012-08-28,58,1,634.1,109.375,1,1,1,0.0,exact_at_scalar_endpoint,recorded scalar endpoint schedule passed all nonlinear interval readbacks; zero observed gap is not a joint AC-set proof
2012-08-28,58,2,611.3,86.71875,1,1,1,0.0,exact_at_scalar_endpoint,recorded scalar endpoint schedule passed all nonlinear interval readbacks; zero observed gap is not a joint AC-set proof
2012-08-28,58,2,634.1,86.640625,1,1,1,0.0,exact_at_scalar_endpoint,recorded scalar endpoint schedule passed all nonlinear interval readbacks; zero observed gap is not a joint AC-set proof
2012-08-28,58,3,611.3,87.1875,1,1,1,0.0,exact_at_scalar_endpoint,recorded scalar endpoint schedule passed all nonlinear interval readbacks; zero observed gap is not a joint AC-set proof
2012-08-28,58,3,634.1,86.09375,1,1,1,0.0,exact_at_scalar_endpoint,recorded scalar endpoint schedule passed all nonlinear interval readbacks; zero observed gap is not a joint AC-set proof
2012-08-28,58,4,611.3,108.90625,1,1,1,0.0,exact_at_scalar_endpoint,recorded scalar endpoint schedule passed all nonlinear interval readbacks; zero observed gap is not a joint AC-set proof
2012-08-28,58,4,634.1,116.328125,1,1,1,0.0,exact_at_scalar_endpoint,recorded scalar endpoint schedule passed all nonlinear interval readbacks; zero observed gap is not a joint AC-set proof
2012-08-28,58,5,611.3,87.265625,1,1,1,0.0,exact_at_scalar_endpoint,recorded scalar endpoint schedule passed all nonlinear interval readbacks; zero observed gap is not a joint AC-set proof
2012-08-28,58,5,634.1,86.015625,1,1,1,0.0,exact_at_scalar_endpoint,recorded scalar endpoint schedule passed all nonlinear interval readbacks; zero observed gap is not a joint AC-set proof
2012-08-28,58,6,611.3,109.609375,1,1,1,0.0,exact_at_scalar_endpoint,recorded scalar endpoint schedule passed all nonlinear interval readbacks; zero observed gap is not a joint AC-set proof
2012-08-28,58,6,634.1,120.078125,1,1,1,0.0,exact_at_scalar_endpoint,recorded scalar endpoint schedule passed all nonlinear interval readbacks; zero observed gap is not a joint AC-set proof
2012-08-28,58,7,611.3,113.90625,1,1,1,0.0,exact_at_scalar_endpoint,recorded scalar endpoint schedule passed all nonlinear interval readbacks; zero observed gap is not a joint AC-set proof
2012-08-28,58,7,634.1,120.859375,1,1,1,0.0,exact_at_scalar_endpoint,recorded scalar endpoint schedule passed all nonlinear interval readbacks; zero observed gap is not a joint AC-set proof
2012-08-28,58,8,611.3,88.4375,1,1,1,0.0,exact_at_scalar_endpoint,recorded scalar endpoint schedule passed all nonlinear interval readbacks; zero observed gap is not a joint AC-set proof
2012-08-28,58,8,634.1,90.859375,1,1,1,0.0,exact_at_scalar_endpoint,recorded scalar endpoint schedule passed all nonlinear interval readbacks; zero observed gap is not a joint AC-set proof
2012-08-28,58,9,611.3,114.21875,1,1,1,0.0,exact_at_scalar_endpoint,recorded scalar endpoint schedule passed all nonlinear interval readbacks; zero observed gap is not a joint AC-set proof
2012-08-28,58,9,634.1,120.546875,1,1,1,0.0,exact_at_scalar_endpoint,recorded scalar endpoint schedule passed all nonlinear interval readbacks; zero observed gap is not a joint AC-set proof
2012-08-29,59,0,611.3,126.5625,1,1,1,0.0,exact_at_scalar_endpoint,recorded scalar endpoint schedule passed all nonlinear interval readbacks; zero observed gap is not a joint AC-set proof
2012-08-29,59,0,634.1,137.5,1,1,1,0.0,exact_at_scalar_endpoint,recorded scalar endpoint schedule passed all nonlinear interval readbacks; zero observed gap is not a joint AC-set proof
2012-08-29,59,1,611.3,148.90625,1,1,1,0.0,exact_at_scalar_endpoint,recorded scalar endpoint schedule passed all nonlinear interval readbacks; zero observed gap is not a joint AC-set proof
2012-08-29,59,1,634.1,160.15625,1,1,1,0.0,exact_at_scalar_endpoint,recorded scalar endpoint schedule passed all nonlinear interval readbacks; zero observed gap is not a joint AC-set proof
2012-08-29,59,2,611.3,100.9375,1,1,1,0.0,exact_at_scalar_endpoint,recorded scalar endpoint schedule passed all nonlinear interval readbacks; zero observed gap is not a joint AC-set proof
2012-08-29,59,2,634.1,115.9375,1,1,1,0.0,exact_at_scalar_endpoint,recorded scalar endpoint schedule passed all nonlinear interval readbacks; zero observed gap is not a joint AC-set proof
2012-08-29,59,3,611.3,81.640625,1,1,1,0.0,exact_at_scalar_endpoint,recorded scalar endpoint schedule passed all nonlinear interval readbacks; zero observed gap is not a joint AC-set proof
2012-08-29,59,3,634.1,87.34375,1,1,1,0.0,exact_at_scalar_endpoint,recorded scalar endpoint schedule passed all nonlinear interval readbacks; zero observed gap is not a joint AC-set proof
2012-08-29,59,4,611.3,130.9375,1,1,1,0.0,exact_at_scalar_endpoint,recorded scalar endpoint schedule passed all nonlinear interval readbacks; zero observed gap is not a joint AC-set proof
2012-08-29,59,4,634.1,141.40625,1,1,1,0.0,exact_at_scalar_endpoint,recorded scalar endpoint schedule passed all nonlinear interval readbacks; zero observed gap is not a joint AC-set proof
2012-08-29,59,5,611.3,111.484375,1,1,1,0.0,exact_at_scalar_endpoint,recorded scalar endpoint schedule passed all nonlinear interval readbacks; zero observed gap is not a joint AC-set proof
2012-08-29,59,5,634.1,119.0625,1,1,1,0.0,exact_at_scalar_endpoint,recorded scalar endpoint schedule passed all nonlinear interval readbacks; zero observed gap is not a joint AC-set proof
2012-08-29,59,6,611.3,150.078125,1,1,1,0.0,exact_at_scalar_endpoint,recorded scalar endpoint schedule passed all nonlinear interval readbacks; zero observed gap is not a joint AC-set proof
2012-08-29,59,6,634.1,161.484375,1,1,1,0.0,exact_at_scalar_endpoint,recorded scalar endpoint schedule passed all nonlinear interval readbacks; zero observed gap is not a joint AC-set proof
2012-08-29,59,7,611.3,100.15625,1,1,1,0.0,exact_at_scalar_endpoint,recorded scalar endpoint schedule passed all nonlinear interval readbacks; zero observed gap is not a joint AC-set proof
2012-08-29,59,7,634.1,111.25,1,1,1,0.0,exact_at_scalar_endpoint,recorded scalar endpoint schedule passed all nonlinear interval readbacks; zero observed gap is not a joint AC-set proof
2012-08-29,59,8,611.3,96.484375,1,1,1,0.0,exact_at_scalar_endpoint,recorded scalar endpoint schedule passed all nonlinear interval readbacks; zero observed gap is not a joint AC-set proof
2012-08-29,59,8,634.1,109.921875,1,1,1,0.0,exact_at_scalar_endpoint,recorded scalar endpoint schedule passed all nonlinear interval readbacks; zero observed gap is not a joint AC-set proof
2012-08-29,59,9,611.3,125.78125,1,1,1,0.0,exact_at_scalar_endpoint,recorded scalar endpoint schedule passed all nonlinear interval readbacks; zero observed gap is not a joint AC-set proof
2012-08-29,59,9,634.1,136.09375,1,1,1,0.0,exact_at_scalar_endpoint,recorded scalar endpoint schedule passed all nonlinear interval readbacks; zero observed gap is not a joint AC-set proof
2012-08-30,60,0,611.3,97.421875,1,1,1,0.0,exact_at_scalar_endpoint,recorded scalar endpoint schedule passed all nonlinear interval readbacks; zero observed gap is not a joint AC-set proof
2012-08-30,60,0,634.1,98.75,1,1,1,0.0,exact_at_scalar_endpoint,recorded scalar endpoint schedule passed all nonlinear interval readbacks; zero observed gap is not a joint AC-set proof
2012-08-30,60,1,611.3,98.359375,1,1,1,0.0,exact_at_scalar_endpoint,recorded scalar endpoint schedule passed all nonlinear interval readbacks; zero observed gap is not a joint AC-set proof
2012-08-30,60,1,634.1,106.015625,1,1,1,0.0,exact_at_scalar_endpoint,recorded scalar endpoint schedule passed all nonlinear interval readbacks; zero observed gap is not a joint AC-set proof
2012-08-30,60,2,611.3,89.21875,1,1,1,0.0,exact_at_scalar_endpoint,recorded scalar endpoint schedule passed all nonlinear interval readbacks; zero observed gap is not a joint AC-set proof
2012-08-30,60,2,634.1,81.40625,1,1,1,0.0,exact_at_scalar_endpoint,recorded scalar endpoint schedule passed all nonlinear interval readbacks; zero observed gap is not a joint AC-set proof
2012-08-30,60,3,611.3,92.5,1,1,1,0.0,exact_at_scalar_endpoint,recorded scalar endpoint schedule passed all nonlinear interval readbacks; zero observed gap is not a joint AC-set proof
2012-08-30,60,3,634.1,86.484375,1,1,1,0.0,exact_at_scalar_endpoint,recorded scalar endpoint schedule passed all nonlinear interval readbacks; zero observed gap is not a joint AC-set proof
2012-08-30,60,4,611.3,94.609375,1,1,1,0.0,exact_at_scalar_endpoint,recorded scalar endpoint schedule passed all nonlinear interval readbacks; zero observed gap is not a joint AC-set proof
2012-08-30,60,4,634.1,94.84375,1,1,1,0.0,exact_at_scalar_endpoint,recorded scalar endpoint schedule passed all nonlinear interval readbacks; zero observed gap is not a joint AC-set proof
2012-08-30,60,5,611.3,89.140625,1,1,1,0.0,exact_at_scalar_endpoint,recorded scalar endpoint schedule passed all nonlinear interval readbacks; zero observed gap is not a joint AC-set proof
2012-08-30,60,5,634.1,82.8125,1,1,1,0.0,exact_at_scalar_endpoint,recorded scalar endpoint schedule passed all nonlinear interval readbacks; zero observed gap is not a joint AC-set proof
2012-08-30,60,6,611.3,112.734375,1,1,1,0.0,exact_at_scalar_endpoint,recorded scalar endpoint schedule passed all nonlinear interval readbacks; zero observed gap is not a joint AC-set proof
2012-08-30,60,6,634.1,116.40625,1,1,1,0.0,exact_at_scalar_endpoint,recorded scalar endpoint schedule passed all nonlinear interval readbacks; zero observed gap is not a joint AC-set proof
2012-08-30,60,7,611.3,108.203125,1,1,1,0.0,exact_at_scalar_endpoint,recorded scalar endpoint schedule passed all nonlinear interval readbacks; zero observed gap is not a joint AC-set proof
2012-08-30,60,7,634.1,108.515625,1,1,1,0.0,exact_at_scalar_endpoint,recorded scalar endpoint schedule passed all nonlinear interval readbacks; zero observed gap is not a joint AC-set proof
2012-08-30,60,8,611.3,90.3125,1,1,1,0.0,exact_at_scalar_endpoint,recorded scalar endpoint schedule passed all nonlinear interval readbacks; zero observed gap is not a joint AC-set proof
2012-08-30,60,8,634.1,82.734375,1,1,1,0.0,exact_at_scalar_endpoint,recorded scalar endpoint schedule passed all nonlinear interval readbacks; zero observed gap is not a joint AC-set proof
2012-08-30,60,9,611.3,106.640625,1,1,1,0.0,exact_at_scalar_endpoint,recorded scalar endpoint schedule passed all nonlinear interval readbacks; zero observed gap is not a joint AC-set proof
2012-08-30,60,9,634.1,108.4375,1,1,1,0.0,exact_at_scalar_endpoint,recorded scalar endpoint schedule passed all nonlinear interval readbacks; zero observed gap is not a joint AC-set proof
2012-08-31,61,0,611.3,101.25,1,1,1,0.0,exact_at_scalar_endpoint,recorded scalar endpoint schedule passed all nonlinear interval readbacks; zero observed gap is not a joint AC-set proof
2012-08-31,61,0,634.1,110.0,1,1,1,0.0,exact_at_scalar_endpoint,recorded scalar endpoint schedule passed all nonlinear interval readbacks; zero observed gap is not a joint AC-set proof
2012-08-31,61,1,611.3,110.859375,1,1,1,0.0,exact_at_scalar_endpoint,recorded scalar endpoint schedule passed all nonlinear interval readbacks; zero observed gap is not a joint AC-set proof
2012-08-31,61,1,634.1,115.234375,1,1,1,0.0,exact_at_scalar_endpoint,recorded scalar endpoint schedule passed all nonlinear interval readbacks; zero observed gap is not a joint AC-set proof
2012-08-31,61,2,611.3,104.375,1,1,1,0.0,exact_at_scalar_endpoint,recorded scalar endpoint schedule passed all nonlinear interval readbacks; zero observed gap is not a joint AC-set proof
2012-08-31,61,2,634.1,102.109375,1,1,1,0.0,exact_at_scalar_endpoint,recorded scalar endpoint schedule passed all nonlinear interval readbacks; zero observed gap is not a joint AC-set proof
2012-08-31,61,3,611.3,94.765625,1,1,1,0.0,exact_at_scalar_endpoint,recorded scalar endpoint schedule passed all nonlinear interval readbacks; zero observed gap is not a joint AC-set proof
2012-08-31,61,3,634.1,87.65625,1,1,1,0.0,exact_at_scalar_endpoint,recorded scalar endpoint schedule passed all nonlinear interval readbacks; zero observed gap is not a joint AC-set proof
2012-08-31,61,4,611.3,113.359375,1,1,1,0.0,exact_at_scalar_endpoint,recorded scalar endpoint schedule passed all nonlinear interval readbacks; zero observed gap is not a joint AC-set proof
2012-08-31,61,4,634.1,119.375,1,1,1,0.0,exact_at_scalar_endpoint,recorded scalar endpoint schedule passed all nonlinear interval readbacks; zero observed gap is not a joint AC-set proof
2012-08-31,61,5,611.3,96.953125,1,1,1,0.0,exact_at_scalar_endpoint,recorded scalar endpoint schedule passed all nonlinear interval readbacks; zero observed gap is not a joint AC-set proof
2012-08-31,61,5,634.1,86.328125,1,1,1,0.0,exact_at_scalar_endpoint,recorded scalar endpoint schedule passed all nonlinear interval readbacks; zero observed gap is not a joint AC-set proof
2012-08-31,61,6,611.3,109.453125,1,1,1,0.0,exact_at_scalar_endpoint,recorded scalar endpoint schedule passed all nonlinear interval readbacks; zero observed gap is not a joint AC-set proof
2012-08-31,61,6,634.1,113.4375,1,1,1,0.0,exact_at_scalar_endpoint,recorded scalar endpoint schedule passed all nonlinear interval readbacks; zero observed gap is not a joint AC-set proof
2012-08-31,61,7,611.3,103.671875,1,1,1,0.0,exact_at_scalar_endpoint,recorded scalar endpoint schedule passed all nonlinear interval readbacks; zero observed gap is not a joint AC-set proof
2012-08-31,61,7,634.1,96.71875,1,1,1,0.0,exact_at_scalar_endpoint,recorded scalar endpoint schedule passed all nonlinear interval readbacks; zero observed gap is not a joint AC-set proof
2012-08-31,61,8,611.3,94.765625,1,1,1,0.0,exact_at_scalar_endpoint,recorded scalar endpoint schedule passed all nonlinear interval readbacks; zero observed gap is not a joint AC-set proof
2012-08-31,61,8,634.1,85.9375,1,1,1,0.0,exact_at_scalar_endpoint,recorded scalar endpoint schedule passed all nonlinear interval readbacks; zero observed gap is not a joint AC-set proof
2012-08-31,61,9,611.3,119.6875,1,1,1,0.0,exact_at_scalar_endpoint,recorded scalar endpoint schedule passed all nonlinear interval readbacks; zero observed gap is not a joint AC-set proof
2012-08-31,61,9,634.1,117.5,1,1,1,0.0,exact_at_scalar_endpoint,recorded scalar endpoint schedule passed all nonlinear interval readbacks; zero observed gap is not a joint AC-set proof
2012-09-01,62,0,611.3,129.921875,1,1,1,0.0,exact_at_scalar_endpoint,recorded scalar endpoint schedule passed all nonlinear interval readbacks; zero observed gap is not a joint AC-set proof
2012-09-01,62,0,634.1,129.921875,1,1,1,0.0,exact_at_scalar_endpoint,recorded scalar endpoint schedule passed all nonlinear interval readbacks; zero observed gap is not a joint AC-set proof
2012-09-01,62,1,611.3,156.484375,1,1,1,0.0,exact_at_scalar_endpoint,recorded scalar endpoint schedule passed all nonlinear interval readbacks; zero observed gap is not a joint AC-set proof
2012-09-01,62,1,634.1,159.84375,1,1,1,0.0,exact_at_scalar_endpoint,recorded scalar endpoint schedule passed all nonlinear interval readbacks; zero observed gap is not a joint AC-set proof
2012-09-01,62,2,611.3,102.5,1,1,1,0.0,exact_at_scalar_endpoint,recorded scalar endpoint schedule passed all nonlinear interval readbacks; zero observed gap is not a joint AC-set proof
2012-09-01,62,2,634.1,95.9375,1,1,1,0.0,exact_at_scalar_endpoint,recorded scalar endpoint schedule passed all nonlinear interval readbacks; zero observed gap is not a joint AC-set proof
2012-09-01,62,3,611.3,120.625,1,1,1,0.0,exact_at_scalar_endpoint,recorded scalar endpoint schedule passed all nonlinear interval readbacks; zero observed gap is not a joint AC-set proof
2012-09-01,62,3,634.1,117.8125,1,1,1,0.0,exact_at_scalar_endpoint,recorded scalar endpoint schedule passed all nonlinear interval readbacks; zero observed gap is not a joint AC-set proof
2012-09-01,62,4,611.3,137.03125,1,1,1,0.0,exact_at_scalar_endpoint,recorded scalar endpoint schedule passed all nonlinear interval readbacks; zero observed gap is not a joint AC-set proof
2012-09-01,62,4,634.1,138.046875,1,1,1,0.0,exact_at_scalar_endpoint,recorded scalar endpoint schedule passed all nonlinear interval readbacks; zero observed gap is not a joint AC-set proof
2012-09-01,62,5,611.3,82.8125,1,1,1,0.0,exact_at_scalar_endpoint,recorded scalar endpoint schedule passed all nonlinear interval readbacks; zero observed gap is not a joint AC-set proof
2012-09-01,62,5,634.1,71.25,1,1,1,0.0,exact_at_scalar_endpoint,recorded scalar endpoint schedule passed all nonlinear interval readbacks; zero observed gap is not a joint AC-set proof
2012-09-01,62,6,611.3,113.125,1,1,1,0.0,exact_at_scalar_endpoint,recorded scalar endpoint schedule passed all nonlinear interval readbacks; zero observed gap is not a joint AC-set proof
2012-09-01,62,6,634.1,117.03125,1,1,1,0.0,exact_at_scalar_endpoint,recorded scalar endpoint schedule passed all nonlinear interval readbacks; zero observed gap is not a joint AC-set proof
2012-09-01,62,7,611.3,162.734375,1,1,1,0.0,exact_at_scalar_endpoint,recorded scalar endpoint schedule passed all nonlinear interval readbacks; zero observed gap is not a joint AC-set proof
2012-09-01,62,7,634.1,161.09375,1,1,1,0.0,exact_at_scalar_endpoint,recorded scalar endpoint schedule passed all nonlinear interval readbacks; zero observed gap is not a joint AC-set proof
2012-09-01,62,8,611.3,133.90625,1,1,1,0.0,exact_at_scalar_endpoint,recorded scalar endpoint schedule passed all nonlinear interval readbacks; zero observed gap is not a joint AC-set proof
2012-09-01,62,8,634.1,131.796875,1,1,1,0.0,exact_at_scalar_endpoint,recorded scalar endpoint schedule passed all nonlinear interval readbacks; zero observed gap is not a joint AC-set proof
2012-09-01,62,9,611.3,142.109375,1,1,1,0.0,exact_at_scalar_endpoint,recorded scalar endpoint schedule passed all nonlinear interval readbacks; zero observed gap is not a joint AC-set proof
2012-09-01,62,9,634.1,145.15625,1,1,1,0.0,exact_at_scalar_endpoint,recorded scalar endpoint schedule passed all nonlinear interval readbacks; zero observed gap is not a joint AC-set proof
2012-09-02,63,0,611.3,129.609375,1,1,1,0.0,exact_at_scalar_endpoint,recorded scalar endpoint schedule passed all nonlinear interval readbacks; zero observed gap is not a joint AC-set proof
2012-09-02,63,0,634.1,131.171875,1,1,1,0.0,exact_at_scalar_endpoint,recorded scalar endpoint schedule passed all nonlinear interval readbacks; zero observed gap is not a joint AC-set proof
2012-09-02,63,1,611.3,115.546875,1,1,1,0.0,exact_at_scalar_endpoint,recorded scalar endpoint schedule passed all nonlinear interval readbacks; zero observed gap is not a joint AC-set proof
2012-09-02,63,1,634.1,125.3125,1,1,1,0.0,exact_at_scalar_endpoint,recorded scalar endpoint schedule passed all nonlinear interval readbacks; zero observed gap is not a joint AC-set proof
2012-09-02,63,2,611.3,88.4375,1,1,1,0.0,exact_at_scalar_endpoint,recorded scalar endpoint schedule passed all nonlinear interval readbacks; zero observed gap is not a joint AC-set proof
2012-09-02,63,2,634.1,82.03125,1,1,1,0.0,exact_at_scalar_endpoint,recorded scalar endpoint schedule passed all nonlinear interval readbacks; zero observed gap is not a joint AC-set proof
2012-09-02,63,3,611.3,107.34375,1,1,1,0.0,exact_at_scalar_endpoint,recorded scalar endpoint schedule passed all nonlinear interval readbacks; zero observed gap is not a joint AC-set proof
2012-09-02,63,3,634.1,100.078125,1,1,1,0.0,exact_at_scalar_endpoint,recorded scalar endpoint schedule passed all nonlinear interval readbacks; zero observed gap is not a joint AC-set proof
2012-09-02,63,4,611.3,120.15625,1,1,1,0.0,exact_at_scalar_endpoint,recorded scalar endpoint schedule passed all nonlinear interval readbacks; zero observed gap is not a joint AC-set proof
2012-09-02,63,4,634.1,120.625,1,1,1,0.0,exact_at_scalar_endpoint,recorded scalar endpoint schedule passed all nonlinear interval readbacks; zero observed gap is not a joint AC-set proof
2012-09-02,63,5,611.3,104.296875,1,1,1,0.0,exact_at_scalar_endpoint,recorded scalar endpoint schedule passed all nonlinear interval readbacks; zero observed gap is not a joint AC-set proof
2012-09-02,63,5,634.1,101.796875,1,1,1,0.0,exact_at_scalar_endpoint,recorded scalar endpoint schedule passed all nonlinear interval readbacks; zero observed gap is not a joint AC-set proof
2012-09-02,63,6,611.3,119.0625,1,1,1,0.0,exact_at_scalar_endpoint,recorded scalar endpoint schedule passed all nonlinear interval readbacks; zero observed gap is not a joint AC-set proof
2012-09-02,63,6,634.1,121.25,1,1,1,0.0,exact_at_scalar_endpoint,recorded scalar endpoint schedule passed all nonlinear interval readbacks; zero observed gap is not a joint AC-set proof
2012-09-02,63,7,611.3,128.671875,1,1,1,0.0,exact_at_scalar_endpoint,recorded scalar endpoint schedule passed all nonlinear interval readbacks; zero observed gap is not a joint AC-set proof
2012-09-02,63,7,634.1,124.765625,1,1,1,0.0,exact_at_scalar_endpoint,recorded scalar endpoint schedule passed all nonlinear interval readbacks; zero observed gap is not a joint AC-set proof
2012-09-02,63,8,611.3,125.859375,1,1,1,0.0,exact_at_scalar_endpoint,recorded scalar endpoint schedule passed all nonlinear interval readbacks; zero observed gap is not a joint AC-set proof
2012-09-02,63,8,634.1,124.21875,1,1,1,0.0,exact_at_scalar_endpoint,recorded scalar endpoint schedule passed all nonlinear interval readbacks; zero observed gap is not a joint AC-set proof
2012-09-02,63,9,611.3,138.046875,1,1,1,0.0,exact_at_scalar_endpoint,recorded scalar endpoint schedule passed all nonlinear interval readbacks; zero observed gap is not a joint AC-set proof
2012-09-02,63,9,634.1,134.375,1,1,1,0.0,exact_at_scalar_endpoint,recorded scalar endpoint schedule passed all nonlinear interval readbacks; zero observed gap is not a joint AC-set proof
2012-09-03,64,0,611.3,104.0625,1,1,1,0.0,exact_at_scalar_endpoint,recorded scalar endpoint schedule passed all nonlinear interval readbacks; zero observed gap is not a joint AC-set proof
2012-09-03,64,0,634.1,106.484375,1,1,1,0.0,exact_at_scalar_endpoint,recorded scalar endpoint schedule passed all nonlinear interval readbacks; zero observed gap is not a joint AC-set proof
2012-09-03,64,1,611.3,110.0,1,1,1,0.0,exact_at_scalar_endpoint,recorded scalar endpoint schedule passed all nonlinear interval readbacks; zero observed gap is not a joint AC-set proof
2012-09-03,64,1,634.1,118.671875,1,1,1,0.0,exact_at_scalar_endpoint,recorded scalar endpoint schedule passed all nonlinear interval readbacks; zero observed gap is not a joint AC-set proof
2012-09-03,64,2,611.3,81.796875,1,1,1,0.0,exact_at_scalar_endpoint,recorded scalar endpoint schedule passed all nonlinear interval readbacks; zero observed gap is not a joint AC-set proof
2012-09-03,64,2,634.1,71.328125,1,1,1,0.0,exact_at_scalar_endpoint,recorded scalar endpoint schedule passed all nonlinear interval readbacks; zero observed gap is not a joint AC-set proof
2012-09-03,64,3,611.3,72.421875,1,1,1,0.0,exact_at_scalar_endpoint,recorded scalar endpoint schedule passed all nonlinear interval readbacks; zero observed gap is not a joint AC-set proof
2012-09-03,64,3,634.1,59.375,1,1,1,0.0,exact_at_scalar_endpoint,recorded scalar endpoint schedule passed all nonlinear interval readbacks; zero observed gap is not a joint AC-set proof
2012-09-03,64,4,611.3,90.78125,1,1,1,0.0,exact_at_scalar_endpoint,recorded scalar endpoint schedule passed all nonlinear interval readbacks; zero observed gap is not a joint AC-set proof
2012-09-03,64,4,634.1,89.375,1,1,1,0.0,exact_at_scalar_endpoint,recorded scalar endpoint schedule passed all nonlinear interval readbacks; zero observed gap is not a joint AC-set proof
2012-09-03,64,5,611.3,78.359375,1,1,1,0.0,exact_at_scalar_endpoint,recorded scalar endpoint schedule passed all nonlinear interval readbacks; zero observed gap is not a joint AC-set proof
2012-09-03,64,5,634.1,67.34375,1,1,1,0.0,exact_at_scalar_endpoint,recorded scalar endpoint schedule passed all nonlinear interval readbacks; zero observed gap is not a joint AC-set proof
2012-09-03,64,6,611.3,113.203125,1,1,1,0.0,exact_at_scalar_endpoint,recorded scalar endpoint schedule passed all nonlinear interval readbacks; zero observed gap is not a joint AC-set proof
2012-09-03,64,6,634.1,118.4375,1,1,1,0.0,exact_at_scalar_endpoint,recorded scalar endpoint schedule passed all nonlinear interval readbacks; zero observed gap is not a joint AC-set proof
2012-09-03,64,7,611.3,118.984375,1,1,1,0.0,exact_at_scalar_endpoint,recorded scalar endpoint schedule passed all nonlinear interval readbacks; zero observed gap is not a joint AC-set proof
2012-09-03,64,7,634.1,116.875,1,1,1,0.0,exact_at_scalar_endpoint,recorded scalar endpoint schedule passed all nonlinear interval readbacks; zero observed gap is not a joint AC-set proof
2012-09-03,64,8,611.3,91.953125,1,1,1,0.0,exact_at_scalar_endpoint,recorded scalar endpoint schedule passed all nonlinear interval readbacks; zero observed gap is not a joint AC-set proof
2012-09-03,64,8,634.1,83.203125,1,1,1,0.0,exact_at_scalar_endpoint,recorded scalar endpoint schedule passed all nonlinear interval readbacks; zero observed gap is not a joint AC-set proof
2012-09-03,64,9,611.3,119.140625,1,1,1,0.0,exact_at_scalar_endpoint,recorded scalar endpoint schedule passed all nonlinear interval readbacks; zero observed gap is not a joint AC-set proof
2012-09-03,64,9,634.1,118.75,1,1,1,0.0,exact_at_scalar_endpoint,recorded scalar endpoint schedule passed all nonlinear interval readbacks; zero observed gap is not a joint AC-set proof
2012-09-04,65,0,611.3,96.25,1,1,1,0.0,exact_at_scalar_endpoint,recorded scalar endpoint schedule passed all nonlinear interval readbacks; zero observed gap is not a joint AC-set proof
2012-09-04,65,0,634.1,96.796875,1,1,1,0.0,exact_at_scalar_endpoint,recorded scalar endpoint schedule passed all nonlinear interval readbacks; zero observed gap is not a joint AC-set proof
2012-09-04,65,1,611.3,96.40625,1,1,1,0.0,exact_at_scalar_endpoint,recorded scalar endpoint schedule passed all nonlinear interval readbacks; zero observed gap is not a joint AC-set proof
2012-09-04,65,1,634.1,104.296875,1,1,1,0.0,exact_at_scalar_endpoint,recorded scalar endpoint schedule passed all nonlinear interval readbacks; zero observed gap is not a joint AC-set proof
2012-09-04,65,2,611.3,98.59375,1,1,1,0.0,exact_at_scalar_endpoint,recorded scalar endpoint schedule passed all nonlinear interval readbacks; zero observed gap is not a joint AC-set proof
2012-09-04,65,2,634.1,99.296875,1,1,1,0.0,exact_at_scalar_endpoint,recorded scalar endpoint schedule passed all nonlinear interval readbacks; zero observed gap is not a joint AC-set proof
2012-09-04,65,3,611.3,66.25,1,1,1,0.0,exact_at_scalar_endpoint,recorded scalar endpoint schedule passed all nonlinear interval readbacks; zero observed gap is not a joint AC-set proof
2012-09-04,65,3,634.1,51.71875,1,1,1,0.0,exact_at_scalar_endpoint,recorded scalar endpoint schedule passed all nonlinear interval readbacks; zero observed gap is not a joint AC-set proof
2012-09-04,65,4,611.3,89.140625,1,1,1,0.0,exact_at_scalar_endpoint,recorded scalar endpoint schedule passed all nonlinear interval readbacks; zero observed gap is not a joint AC-set proof
2012-09-04,65,4,634.1,93.671875,1,1,1,0.0,exact_at_scalar_endpoint,recorded scalar endpoint schedule passed all nonlinear interval readbacks; zero observed gap is not a joint AC-set proof
2012-09-04,65,5,611.3,95.234375,1,1,1,0.0,exact_at_scalar_endpoint,recorded scalar endpoint schedule passed all nonlinear interval readbacks; zero observed gap is not a joint AC-set proof
2012-09-04,65,5,634.1,94.140625,1,1,1,0.0,exact_at_scalar_endpoint,recorded scalar endpoint schedule passed all nonlinear interval readbacks; zero observed gap is not a joint AC-set proof
2012-09-04,65,6,611.3,110.078125,1,1,1,0.0,exact_at_scalar_endpoint,recorded scalar endpoint schedule passed all nonlinear interval readbacks; zero observed gap is not a joint AC-set proof
2012-09-04,65,6,634.1,115.390625,1,1,1,0.0,exact_at_scalar_endpoint,recorded scalar endpoint schedule passed all nonlinear interval readbacks; zero observed gap is not a joint AC-set proof
2012-09-04,65,7,611.3,98.90625,1,1,1,0.0,exact_at_scalar_endpoint,recorded scalar endpoint schedule passed all nonlinear interval readbacks; zero observed gap is not a joint AC-set proof
2012-09-04,65,7,634.1,96.09375,1,1,1,0.0,exact_at_scalar_endpoint,recorded scalar endpoint schedule passed all nonlinear interval readbacks; zero observed gap is not a joint AC-set proof
2012-09-04,65,8,611.3,88.828125,1,1,1,0.0,exact_at_scalar_endpoint,recorded scalar endpoint schedule passed all nonlinear interval readbacks; zero observed gap is not a joint AC-set proof
2012-09-04,65,8,634.1,80.390625,1,1,1,0.0,exact_at_scalar_endpoint,recorded scalar endpoint schedule passed all nonlinear interval readbacks; zero observed gap is not a joint AC-set proof
2012-09-04,65,9,611.3,103.4375,1,1,1,0.0,exact_at_scalar_endpoint,recorded scalar endpoint schedule passed all nonlinear interval readbacks; zero observed gap is not a joint AC-set proof
2012-09-04,65,9,634.1,104.296875,1,1,1,0.0,exact_at_scalar_endpoint,recorded scalar endpoint schedule passed all nonlinear interval readbacks; zero observed gap is not a joint AC-set proof
2012-09-05,66,0,611.3,92.109375,1,1,1,0.0,exact_at_scalar_endpoint,recorded scalar endpoint schedule passed all nonlinear interval readbacks; zero observed gap is not a joint AC-set proof
2012-09-05,66,0,634.1,87.890625,1,1,1,0.0,exact_at_scalar_endpoint,recorded scalar endpoint schedule passed all nonlinear interval readbacks; zero observed gap is not a joint AC-set proof
2012-09-05,66,1,611.3,87.5,1,1,1,0.0,exact_at_scalar_endpoint,recorded scalar endpoint schedule passed all nonlinear interval readbacks; zero observed gap is not a joint AC-set proof
2012-09-05,66,1,634.1,88.90625,1,1,1,0.0,exact_at_scalar_endpoint,recorded scalar endpoint schedule passed all nonlinear interval readbacks; zero observed gap is not a joint AC-set proof
2012-09-05,66,2,611.3,104.765625,1,1,1,0.0,exact_at_scalar_endpoint,recorded scalar endpoint schedule passed all nonlinear interval readbacks; zero observed gap is not a joint AC-set proof
2012-09-05,66,2,634.1,97.265625,1,1,1,0.0,exact_at_scalar_endpoint,recorded scalar endpoint schedule passed all nonlinear interval readbacks; zero observed gap is not a joint AC-set proof
2012-09-05,66,3,611.3,65.390625,1,1,1,0.0,exact_at_scalar_endpoint,recorded scalar endpoint schedule passed all nonlinear interval readbacks; zero observed gap is not a joint AC-set proof
2012-09-05,66,3,634.1,48.59375,1,1,1,0.0,exact_at_scalar_endpoint,recorded scalar endpoint schedule passed all nonlinear interval readbacks; zero observed gap is not a joint AC-set proof
2012-09-05,66,4,611.3,82.1875,1,1,1,0.0,exact_at_scalar_endpoint,recorded scalar endpoint schedule passed all nonlinear interval readbacks; zero observed gap is not a joint AC-set proof
2012-09-05,66,4,634.1,79.140625,1,1,1,0.0,exact_at_scalar_endpoint,recorded scalar endpoint schedule passed all nonlinear interval readbacks; zero observed gap is not a joint AC-set proof
2012-09-05,66,5,611.3,79.453125,1,1,1,0.0,exact_at_scalar_endpoint,recorded scalar endpoint schedule passed all nonlinear interval readbacks; zero observed gap is not a joint AC-set proof
2012-09-05,66,5,634.1,69.765625,1,1,1,0.0,exact_at_scalar_endpoint,recorded scalar endpoint schedule passed all nonlinear interval readbacks; zero observed gap is not a joint AC-set proof
2012-09-05,66,6,611.3,110.078125,1,1,1,0.0,exact_at_scalar_endpoint,recorded scalar endpoint schedule passed all nonlinear interval readbacks; zero observed gap is not a joint AC-set proof
2012-09-05,66,6,634.1,112.890625,1,1,1,0.0,exact_at_scalar_endpoint,recorded scalar endpoint schedule passed all nonlinear interval readbacks; zero observed gap is not a joint AC-set proof
2012-09-05,66,7,611.3,109.6875,1,1,1,0.0,exact_at_scalar_endpoint,recorded scalar endpoint schedule passed all nonlinear interval readbacks; zero observed gap is not a joint AC-set proof
2012-09-05,66,7,634.1,104.84375,1,1,1,0.0,exact_at_scalar_endpoint,recorded scalar endpoint schedule passed all nonlinear interval readbacks; zero observed gap is not a joint AC-set proof
2012-09-05,66,8,611.3,78.046875,1,1,1,0.0,exact_at_scalar_endpoint,recorded scalar endpoint schedule passed all nonlinear interval readbacks; zero observed gap is not a joint AC-set proof
2012-09-05,66,8,634.1,67.5,1,1,1,0.0,exact_at_scalar_endpoint,recorded scalar endpoint schedule passed all nonlinear interval readbacks; zero observed gap is not a joint AC-set proof
2012-09-05,66,9,611.3,103.515625,1,1,1,0.0,exact_at_scalar_endpoint,recorded scalar endpoint schedule passed all nonlinear interval readbacks; zero observed gap is not a joint AC-set proof
2012-09-05,66,9,634.1,102.890625,1,1,1,0.0,exact_at_scalar_endpoint,recorded scalar endpoint schedule passed all nonlinear interval readbacks; zero observed gap is not a joint AC-set proof
2012-09-06,67,0,611.3,105.3125,1,1,1,0.0,exact_at_scalar_endpoint,recorded scalar endpoint schedule passed all nonlinear interval readbacks; zero observed gap is not a joint AC-set proof
2012-09-06,67,0,634.1,103.046875,1,1,1,0.0,exact_at_scalar_endpoint,recorded scalar endpoint schedule passed all nonlinear interval readbacks; zero observed gap is not a joint AC-set proof
2012-09-06,67,1,611.3,93.515625,1,1,1,0.0,exact_at_scalar_endpoint,recorded scalar endpoint schedule passed all nonlinear interval readbacks; zero observed gap is not a joint AC-set proof
2012-09-06,67,1,634.1,99.296875,1,1,1,0.0,exact_at_scalar_endpoint,recorded scalar endpoint schedule passed all nonlinear interval readbacks; zero observed gap is not a joint AC-set proof
2012-09-06,67,2,611.3,86.015625,1,1,1,0.0,exact_at_scalar_endpoint,recorded scalar endpoint schedule passed all nonlinear interval readbacks; zero observed gap is not a joint AC-set proof
2012-09-06,67,2,634.1,75.078125,1,1,1,0.0,exact_at_scalar_endpoint,recorded scalar endpoint schedule passed all nonlinear interval readbacks; zero observed gap is not a joint AC-set proof
2012-09-06,67,3,611.3,84.84375,1,1,1,0.0,exact_at_scalar_endpoint,recorded scalar endpoint schedule passed all nonlinear interval readbacks; zero observed gap is not a joint AC-set proof
2012-09-06,67,3,634.1,72.578125,1,1,1,0.0,exact_at_scalar_endpoint,recorded scalar endpoint schedule passed all nonlinear interval readbacks; zero observed gap is not a joint AC-set proof
2012-09-06,67,4,611.3,96.09375,1,1,1,0.0,exact_at_scalar_endpoint,recorded scalar endpoint schedule passed all nonlinear interval readbacks; zero observed gap is not a joint AC-set proof
2012-09-06,67,4,634.1,93.4375,1,1,1,0.0,exact_at_scalar_endpoint,recorded scalar endpoint schedule passed all nonlinear interval readbacks; zero observed gap is not a joint AC-set proof
2012-09-06,67,5,611.3,93.4375,1,1,1,0.0,exact_at_scalar_endpoint,recorded scalar endpoint schedule passed all nonlinear interval readbacks; zero observed gap is not a joint AC-set proof
2012-09-06,67,5,634.1,83.984375,1,1,1,0.0,exact_at_scalar_endpoint,recorded scalar endpoint schedule passed all nonlinear interval readbacks; zero observed gap is not a joint AC-set proof
2012-09-06,67,6,611.3,120.15625,1,1,1,0.0,exact_at_scalar_endpoint,recorded scalar endpoint schedule passed all nonlinear interval readbacks; zero observed gap is not a joint AC-set proof
2012-09-06,67,6,634.1,121.484375,1,1,1,0.0,exact_at_scalar_endpoint,recorded scalar endpoint schedule passed all nonlinear interval readbacks; zero observed gap is not a joint AC-set proof
2012-09-06,67,7,611.3,106.328125,1,1,1,0.0,exact_at_scalar_endpoint,recorded scalar endpoint schedule passed all nonlinear interval readbacks; zero observed gap is not a joint AC-set proof
2012-09-06,67,7,634.1,102.109375,1,1,1,0.0,exact_at_scalar_endpoint,recorded scalar endpoint schedule passed all nonlinear interval readbacks; zero observed gap is not a joint AC-set proof
2012-09-06,67,8,611.3,107.265625,1,1,1,0.0,exact_at_scalar_endpoint,recorded scalar endpoint schedule passed all nonlinear interval readbacks; zero observed gap is not a joint AC-set proof
2012-09-06,67,8,634.1,100.234375,1,1,1,0.0,exact_at_scalar_endpoint,recorded scalar endpoint schedule passed all nonlinear interval readbacks; zero observed gap is not a joint AC-set proof
2012-09-06,67,9,611.3,118.203125,1,1,1,0.0,exact_at_scalar_endpoint,recorded scalar endpoint schedule passed all nonlinear interval readbacks; zero observed gap is not a joint AC-set proof
2012-09-06,67,9,634.1,116.40625,1,1,1,0.0,exact_at_scalar_endpoint,recorded scalar endpoint schedule passed all nonlinear interval readbacks; zero observed gap is not a joint AC-set proof
2012-09-07,68,0,611.3,112.65625,1,1,1,0.0,exact_at_scalar_endpoint,recorded scalar endpoint schedule passed all nonlinear interval readbacks; zero observed gap is not a joint AC-set proof
2012-09-07,68,0,634.1,120.546875,1,1,1,0.0,exact_at_scalar_endpoint,recorded scalar endpoint schedule passed all nonlinear interval readbacks; zero observed gap is not a joint AC-set proof
2012-09-07,68,1,611.3,99.296875,1,1,1,0.0,exact_at_scalar_endpoint,recorded scalar endpoint schedule passed all nonlinear interval readbacks; zero observed gap is not a joint AC-set proof
2012-09-07,68,1,634.1,114.921875,1,1,1,0.0,exact_at_scalar_endpoint,recorded scalar endpoint schedule passed all nonlinear interval readbacks; zero observed gap is not a joint AC-set proof
2012-09-07,68,2,611.3,132.421875,1,1,1,0.0,exact_at_scalar_endpoint,recorded scalar endpoint schedule passed all nonlinear interval readbacks; zero observed gap is not a joint AC-set proof
2012-09-07,68,2,634.1,141.171875,1,1,1,0.0,exact_at_scalar_endpoint,recorded scalar endpoint schedule passed all nonlinear interval readbacks; zero observed gap is not a joint AC-set proof
2012-09-07,68,3,611.3,111.40625,1,1,1,0.0,exact_at_scalar_endpoint,recorded scalar endpoint schedule passed all nonlinear interval readbacks; zero observed gap is not a joint AC-set proof
2012-09-07,68,3,634.1,118.046875,1,1,1,0.0,exact_at_scalar_endpoint,recorded scalar endpoint schedule passed all nonlinear interval readbacks; zero observed gap is not a joint AC-set proof
2012-09-07,68,4,611.3,113.671875,1,1,1,0.0,exact_at_scalar_endpoint,recorded scalar endpoint schedule passed all nonlinear interval readbacks; zero observed gap is not a joint AC-set proof
2012-09-07,68,4,634.1,129.296875,1,1,1,0.0,exact_at_scalar_endpoint,recorded scalar endpoint schedule passed all nonlinear interval readbacks; zero observed gap is not a joint AC-set proof
2012-09-07,68,5,611.3,128.59375,1,1,1,0.0,exact_at_scalar_endpoint,recorded scalar endpoint schedule passed all nonlinear interval readbacks; zero observed gap is not a joint AC-set proof
2012-09-07,68,5,634.1,141.015625,1,1,1,0.0,exact_at_scalar_endpoint,recorded scalar endpoint schedule passed all nonlinear interval readbacks; zero observed gap is not a joint AC-set proof
2012-09-07,68,6,611.3,114.921875,1,1,1,0.0,exact_at_scalar_endpoint,recorded scalar endpoint schedule passed all nonlinear interval readbacks; zero observed gap is not a joint AC-set proof
2012-09-07,68,6,634.1,126.015625,1,1,1,0.0,exact_at_scalar_endpoint,recorded scalar endpoint schedule passed all nonlinear interval readbacks; zero observed gap is not a joint AC-set proof
2012-09-07,68,7,611.3,111.171875,1,1,1,0.0,exact_at_scalar_endpoint,recorded scalar endpoint schedule passed all nonlinear interval readbacks; zero observed gap is not a joint AC-set proof
2012-09-07,68,7,634.1,116.171875,1,1,1,0.0,exact_at_scalar_endpoint,recorded scalar endpoint schedule passed all nonlinear interval readbacks; zero observed gap is not a joint AC-set proof
2012-09-07,68,8,611.3,134.84375,1,1,1,0.0,exact_at_scalar_endpoint,recorded scalar endpoint schedule passed all nonlinear interval readbacks; zero observed gap is not a joint AC-set proof
2012-09-07,68,8,634.1,139.765625,1,1,1,0.0,exact_at_scalar_endpoint,recorded scalar endpoint schedule passed all nonlinear interval readbacks; zero observed gap is not a joint AC-set proof
2012-09-07,68,9,611.3,131.40625,1,1,1,0.0,exact_at_scalar_endpoint,recorded scalar endpoint schedule passed all nonlinear interval readbacks; zero observed gap is not a joint AC-set proof
2012-09-07,68,9,634.1,141.5625,1,1,1,0.0,exact_at_scalar_endpoint,recorded scalar endpoint schedule passed all nonlinear interval readbacks; zero observed gap is not a joint AC-set proof
2012-09-08,69,0,611.3,112.1875,1,1,1,0.0,exact_at_scalar_endpoint,recorded scalar endpoint schedule passed all nonlinear interval readbacks; zero observed gap is not a joint AC-set proof
2012-09-08,69,0,634.1,112.5,1,1,1,0.0,exact_at_scalar_endpoint,recorded scalar endpoint schedule passed all nonlinear interval readbacks; zero observed gap is not a joint AC-set proof
2012-09-08,69,1,611.3,112.65625,1,1,1,0.0,exact_at_scalar_endpoint,recorded scalar endpoint schedule passed all nonlinear interval readbacks; zero observed gap is not a joint AC-set proof
2012-09-08,69,1,634.1,118.515625,1,1,1,0.0,exact_at_scalar_endpoint,recorded scalar endpoint schedule passed all nonlinear interval readbacks; zero observed gap is not a joint AC-set proof
2012-09-08,69,2,611.3,89.0625,1,1,1,0.0,exact_at_scalar_endpoint,recorded scalar endpoint schedule passed all nonlinear interval readbacks; zero observed gap is not a joint AC-set proof
2012-09-08,69,2,634.1,76.328125,1,1,1,0.0,exact_at_scalar_endpoint,recorded scalar endpoint schedule passed all nonlinear interval readbacks; zero observed gap is not a joint AC-set proof
2012-09-08,69,3,611.3,79.6875,1,1,1,0.0,exact_at_scalar_endpoint,recorded scalar endpoint schedule passed all nonlinear interval readbacks; zero observed gap is not a joint AC-set proof
2012-09-08,69,3,634.1,67.265625,1,1,1,0.0,exact_at_scalar_endpoint,recorded scalar endpoint schedule passed all nonlinear interval readbacks; zero observed gap is not a joint AC-set proof
2012-09-08,69,4,611.3,108.515625,1,1,1,0.0,exact_at_scalar_endpoint,recorded scalar endpoint schedule passed all nonlinear interval readbacks; zero observed gap is not a joint AC-set proof
2012-09-08,69,4,634.1,112.96875,1,1,1,0.0,exact_at_scalar_endpoint,recorded scalar endpoint schedule passed all nonlinear interval readbacks; zero observed gap is not a joint AC-set proof
2012-09-08,69,5,611.3,93.59375,1,1,1,0.0,exact_at_scalar_endpoint,recorded scalar endpoint schedule passed all nonlinear interval readbacks; zero observed gap is not a joint AC-set proof
2012-09-08,69,5,634.1,83.4375,1,1,1,0.0,exact_at_scalar_endpoint,recorded scalar endpoint schedule passed all nonlinear interval readbacks; zero observed gap is not a joint AC-set proof
2012-09-08,69,6,611.3,92.8125,1,1,1,0.0,exact_at_scalar_endpoint,recorded scalar endpoint schedule passed all nonlinear interval readbacks; zero observed gap is not a joint AC-set proof
2012-09-08,69,6,634.1,88.359375,1,1,1,0.0,exact_at_scalar_endpoint,recorded scalar endpoint schedule passed all nonlinear interval readbacks; zero observed gap is not a joint AC-set proof
2012-09-08,69,7,611.3,111.015625,1,1,1,0.0,exact_at_scalar_endpoint,recorded scalar endpoint schedule passed all nonlinear interval readbacks; zero observed gap is not a joint AC-set proof
2012-09-08,69,7,634.1,103.828125,1,1,1,0.0,exact_at_scalar_endpoint,recorded scalar endpoint schedule passed all nonlinear interval readbacks; zero observed gap is not a joint AC-set proof
2012-09-08,69,8,611.3,121.09375,1,1,1,0.0,exact_at_scalar_endpoint,recorded scalar endpoint schedule passed all nonlinear interval readbacks; zero observed gap is not a joint AC-set proof
2012-09-08,69,8,634.1,118.90625,1,1,1,0.0,exact_at_scalar_endpoint,recorded scalar endpoint schedule passed all nonlinear interval readbacks; zero observed gap is not a joint AC-set proof
2012-09-08,69,9,611.3,114.453125,1,1,1,0.0,exact_at_scalar_endpoint,recorded scalar endpoint schedule passed all nonlinear interval readbacks; zero observed gap is not a joint AC-set proof
2012-09-08,69,9,634.1,114.21875,1,1,1,0.0,exact_at_scalar_endpoint,recorded scalar endpoint schedule passed all nonlinear interval readbacks; zero observed gap is not a joint AC-set proof
2012-09-09,70,0,611.3,117.421875,1,1,1,0.0,exact_at_scalar_endpoint,recorded scalar endpoint schedule passed all nonlinear interval readbacks; zero observed gap is not a joint AC-set proof
2012-09-09,70,0,634.1,117.8125,1,1,1,0.0,exact_at_scalar_endpoint,recorded scalar endpoint schedule passed all nonlinear interval readbacks; zero observed gap is not a joint AC-set proof
2012-09-09,70,1,611.3,127.1875,1,1,1,0.0,exact_at_scalar_endpoint,recorded scalar endpoint schedule passed all nonlinear interval readbacks; zero observed gap is not a joint AC-set proof
2012-09-09,70,1,634.1,133.515625,1,1,1,0.0,exact_at_scalar_endpoint,recorded scalar endpoint schedule passed all nonlinear interval readbacks; zero observed gap is not a joint AC-set proof
2012-09-09,70,2,611.3,115.546875,1,1,1,0.0,exact_at_scalar_endpoint,recorded scalar endpoint schedule passed all nonlinear interval readbacks; zero observed gap is not a joint AC-set proof
2012-09-09,70,2,634.1,112.1875,1,1,1,0.0,exact_at_scalar_endpoint,recorded scalar endpoint schedule passed all nonlinear interval readbacks; zero observed gap is not a joint AC-set proof
2012-09-09,70,3,611.3,102.734375,1,1,1,0.0,exact_at_scalar_endpoint,recorded scalar endpoint schedule passed all nonlinear interval readbacks; zero observed gap is not a joint AC-set proof
2012-09-09,70,3,634.1,92.578125,1,1,1,0.0,exact_at_scalar_endpoint,recorded scalar endpoint schedule passed all nonlinear interval readbacks; zero observed gap is not a joint AC-set proof
2012-09-09,70,4,611.3,114.453125,1,1,1,0.0,exact_at_scalar_endpoint,recorded scalar endpoint schedule passed all nonlinear interval readbacks; zero observed gap is not a joint AC-set proof
2012-09-09,70,4,634.1,117.734375,1,1,1,0.0,exact_at_scalar_endpoint,recorded scalar endpoint schedule passed all nonlinear interval readbacks; zero observed gap is not a joint AC-set proof
2012-09-09,70,5,611.3,83.4375,1,1,1,0.0,exact_at_scalar_endpoint,recorded scalar endpoint schedule passed all nonlinear interval readbacks; zero observed gap is not a joint AC-set proof
2012-09-09,70,5,634.1,73.28125,1,1,1,0.0,exact_at_scalar_endpoint,recorded scalar endpoint schedule passed all nonlinear interval readbacks; zero observed gap is not a joint AC-set proof
2012-09-09,70,6,611.3,119.53125,1,1,1,0.0,exact_at_scalar_endpoint,recorded scalar endpoint schedule passed all nonlinear interval readbacks; zero observed gap is not a joint AC-set proof
2012-09-09,70,6,634.1,119.921875,1,1,1,0.0,exact_at_scalar_endpoint,recorded scalar endpoint schedule passed all nonlinear interval readbacks; zero observed gap is not a joint AC-set proof
2012-09-09,70,7,611.3,132.1875,1,1,1,0.0,exact_at_scalar_endpoint,recorded scalar endpoint schedule passed all nonlinear interval readbacks; zero observed gap is not a joint AC-set proof
2012-09-09,70,7,634.1,125.625,1,1,1,0.0,exact_at_scalar_endpoint,recorded scalar endpoint schedule passed all nonlinear interval readbacks; zero observed gap is not a joint AC-set proof
2012-09-09,70,8,611.3,119.375,1,1,1,0.0,exact_at_scalar_endpoint,recorded scalar endpoint schedule passed all nonlinear interval readbacks; zero observed gap is not a joint AC-set proof
2012-09-09,70,8,634.1,115.546875,1,1,1,0.0,exact_at_scalar_endpoint,recorded scalar endpoint schedule passed all nonlinear interval readbacks; zero observed gap is not a joint AC-set proof
2012-09-09,70,9,611.3,106.40625,1,1,1,0.0,exact_at_scalar_endpoint,recorded scalar endpoint schedule passed all nonlinear interval readbacks; zero observed gap is not a joint AC-set proof
2012-09-09,70,9,634.1,108.671875,1,1,1,0.0,exact_at_scalar_endpoint,recorded scalar endpoint schedule passed all nonlinear interval readbacks; zero observed gap is not a joint AC-set proof
2012-09-10,71,0,611.3,97.65625,1,1,1,0.0,exact_at_scalar_endpoint,recorded scalar endpoint schedule passed all nonlinear interval readbacks; zero observed gap is not a joint AC-set proof
2012-09-10,71,0,634.1,95.0,1,1,1,0.0,exact_at_scalar_endpoint,recorded scalar endpoint schedule passed all nonlinear interval readbacks; zero observed gap is not a joint AC-set proof
2012-09-10,71,1,611.3,93.671875,1,1,1,0.0,exact_at_scalar_endpoint,recorded scalar endpoint schedule passed all nonlinear interval readbacks; zero observed gap is not a joint AC-set proof
2012-09-10,71,1,634.1,96.015625,1,1,1,0.0,exact_at_scalar_endpoint,recorded scalar endpoint schedule passed all nonlinear interval readbacks; zero observed gap is not a joint AC-set proof
2012-09-10,71,2,611.3,93.671875,1,1,1,0.0,exact_at_scalar_endpoint,recorded scalar endpoint schedule passed all nonlinear interval readbacks; zero observed gap is not a joint AC-set proof
2012-09-10,71,2,634.1,83.515625,1,1,1,0.0,exact_at_scalar_endpoint,recorded scalar endpoint schedule passed all nonlinear interval readbacks; zero observed gap is not a joint AC-set proof
2012-09-10,71,3,611.3,81.40625,1,1,1,0.0,exact_at_scalar_endpoint,recorded scalar endpoint schedule passed all nonlinear interval readbacks; zero observed gap is not a joint AC-set proof
2012-09-10,71,3,634.1,66.25,1,1,1,0.0,exact_at_scalar_endpoint,recorded scalar endpoint schedule passed all nonlinear interval readbacks; zero observed gap is not a joint AC-set proof
2012-09-10,71,4,611.3,81.09375,1,1,1,0.0,exact_at_scalar_endpoint,recorded scalar endpoint schedule passed all nonlinear interval readbacks; zero observed gap is not a joint AC-set proof
2012-09-10,71,4,634.1,74.6875,1,1,1,0.0,exact_at_scalar_endpoint,recorded scalar endpoint schedule passed all nonlinear interval readbacks; zero observed gap is not a joint AC-set proof
2012-09-10,71,5,611.3,71.015625,1,1,1,0.0,exact_at_scalar_endpoint,recorded scalar endpoint schedule passed all nonlinear interval readbacks; zero observed gap is not a joint AC-set proof
2012-09-10,71,5,634.1,54.375,1,1,1,0.0,exact_at_scalar_endpoint,recorded scalar endpoint schedule passed all nonlinear interval readbacks; zero observed gap is not a joint AC-set proof
2012-09-10,71,6,611.3,99.21875,1,1,1,0.0,exact_at_scalar_endpoint,recorded scalar endpoint schedule passed all nonlinear interval readbacks; zero observed gap is not a joint AC-set proof
2012-09-10,71,6,634.1,97.890625,1,1,1,0.0,exact_at_scalar_endpoint,recorded scalar endpoint schedule passed all nonlinear interval readbacks; zero observed gap is not a joint AC-set proof
2012-09-10,71,7,611.3,89.453125,1,1,1,0.0,exact_at_scalar_endpoint,recorded scalar endpoint schedule passed all nonlinear interval readbacks; zero observed gap is not a joint AC-set proof
2012-09-10,71,7,634.1,78.515625,1,1,1,0.0,exact_at_scalar_endpoint,recorded scalar endpoint schedule passed all nonlinear interval readbacks; zero observed gap is not a joint AC-set proof
2012-09-10,71,8,611.3,84.21875,1,1,1,0.0,exact_at_scalar_endpoint,recorded scalar endpoint schedule passed all nonlinear interval readbacks; zero observed gap is not a joint AC-set proof
2012-09-10,71,8,634.1,73.515625,1,1,1,0.0,exact_at_scalar_endpoint,recorded scalar endpoint schedule passed all nonlinear interval readbacks; zero observed gap is not a joint AC-set proof
2012-09-10,71,9,611.3,101.796875,1,1,1,0.0,exact_at_scalar_endpoint,recorded scalar endpoint schedule passed all nonlinear interval readbacks; zero observed gap is not a joint AC-set proof
2012-09-10,71,9,634.1,99.609375,1,1,1,0.0,exact_at_scalar_endpoint,recorded scalar endpoint schedule passed all nonlinear interval readbacks; zero observed gap is not a joint AC-set proof
2012-09-11,72,0,611.3,109.375,1,1,1,0.0,exact_at_scalar_endpoint,recorded scalar endpoint schedule passed all nonlinear interval readbacks; zero observed gap is not a joint AC-set proof
2012-09-11,72,0,634.1,115.3125,1,1,1,0.0,exact_at_scalar_endpoint,recorded scalar endpoint schedule passed all nonlinear interval readbacks; zero observed gap is not a joint AC-set proof
2012-09-11,72,1,611.3,106.71875,1,1,1,0.0,exact_at_scalar_endpoint,recorded scalar endpoint schedule passed all nonlinear interval readbacks; zero observed gap is not a joint AC-set proof
2012-09-11,72,1,634.1,118.828125,1,1,1,0.0,exact_at_scalar_endpoint,recorded scalar endpoint schedule passed all nonlinear interval readbacks; zero observed gap is not a joint AC-set proof
2012-09-11,72,2,611.3,88.4375,1,1,1,0.0,exact_at_scalar_endpoint,recorded scalar endpoint schedule passed all nonlinear interval readbacks; zero observed gap is not a joint AC-set proof
2012-09-11,72,2,634.1,87.03125,1,1,1,0.0,exact_at_scalar_endpoint,recorded scalar endpoint schedule passed all nonlinear interval readbacks; zero observed gap is not a joint AC-set proof
2012-09-11,72,3,611.3,86.640625,1,1,1,0.0,exact_at_scalar_endpoint,recorded scalar endpoint schedule passed all nonlinear interval readbacks; zero observed gap is not a joint AC-set proof
2012-09-11,72,3,634.1,83.125,1,1,1,0.0,exact_at_scalar_endpoint,recorded scalar endpoint schedule passed all nonlinear interval readbacks; zero observed gap is not a joint AC-set proof
2012-09-11,72,4,611.3,99.84375,1,1,1,0.0,exact_at_scalar_endpoint,recorded scalar endpoint schedule passed all nonlinear interval readbacks; zero observed gap is not a joint AC-set proof
2012-09-11,72,4,634.1,105.234375,1,1,1,0.0,exact_at_scalar_endpoint,recorded scalar endpoint schedule passed all nonlinear interval readbacks; zero observed gap is not a joint AC-set proof
2012-09-11,72,5,611.3,101.015625,1,1,1,0.0,exact_at_scalar_endpoint,recorded scalar endpoint schedule passed all nonlinear interval readbacks; zero observed gap is not a joint AC-set proof
2012-09-11,72,5,634.1,106.015625,1,1,1,0.0,exact_at_scalar_endpoint,recorded scalar endpoint schedule passed all nonlinear interval readbacks; zero observed gap is not a joint AC-set proof
2012-09-11,72,6,611.3,113.4375,1,1,1,0.0,exact_at_scalar_endpoint,recorded scalar endpoint schedule passed all nonlinear interval readbacks; zero observed gap is not a joint AC-set proof
2012-09-11,72,6,634.1,119.140625,1,1,1,0.0,exact_at_scalar_endpoint,recorded scalar endpoint schedule passed all nonlinear interval readbacks; zero observed gap is not a joint AC-set proof
2012-09-11,72,7,611.3,94.140625,1,1,1,0.0,exact_at_scalar_endpoint,recorded scalar endpoint schedule passed all nonlinear interval readbacks; zero observed gap is not a joint AC-set proof
2012-09-11,72,7,634.1,93.90625,1,1,1,0.0,exact_at_scalar_endpoint,recorded scalar endpoint schedule passed all nonlinear interval readbacks; zero observed gap is not a joint AC-set proof
2012-09-11,72,8,611.3,105.9375,1,1,1,0.0,exact_at_scalar_endpoint,recorded scalar endpoint schedule passed all nonlinear interval readbacks; zero observed gap is not a joint AC-set proof
2012-09-11,72,8,634.1,109.296875,1,1,1,0.0,exact_at_scalar_endpoint,recorded scalar endpoint schedule passed all nonlinear interval readbacks; zero observed gap is not a joint AC-set proof
2012-09-11,72,9,611.3,125.3125,1,1,1,0.0,exact_at_scalar_endpoint,recorded scalar endpoint schedule passed all nonlinear interval readbacks; zero observed gap is not a joint AC-set proof
2012-09-11,72,9,634.1,126.640625,1,1,1,0.0,exact_at_scalar_endpoint,recorded scalar endpoint schedule passed all nonlinear interval readbacks; zero observed gap is not a joint AC-set proof
2012-09-12,73,0,611.3,102.109375,1,1,1,0.0,exact_at_scalar_endpoint,recorded scalar endpoint schedule passed all nonlinear interval readbacks; zero observed gap is not a joint AC-set proof
2012-09-12,73,0,634.1,99.921875,1,1,1,0.0,exact_at_scalar_endpoint,recorded scalar endpoint schedule passed all nonlinear interval readbacks; zero observed gap is not a joint AC-set proof
2012-09-12,73,1,611.3,101.40625,1,1,1,0.0,exact_at_scalar_endpoint,recorded scalar endpoint schedule passed all nonlinear interval readbacks; zero observed gap is not a joint AC-set proof
2012-09-12,73,1,634.1,112.578125,1,1,1,0.0,exact_at_scalar_endpoint,recorded scalar endpoint schedule passed all nonlinear interval readbacks; zero observed gap is not a joint AC-set proof
2012-09-12,73,2,611.3,94.765625,1,1,1,0.0,exact_at_scalar_endpoint,recorded scalar endpoint schedule passed all nonlinear interval readbacks; zero observed gap is not a joint AC-set proof
2012-09-12,73,2,634.1,92.65625,1,1,1,0.0,exact_at_scalar_endpoint,recorded scalar endpoint schedule passed all nonlinear interval readbacks; zero observed gap is not a joint AC-set proof
2012-09-12,73,3,611.3,84.921875,1,1,1,0.0,exact_at_scalar_endpoint,recorded scalar endpoint schedule passed all nonlinear interval readbacks; zero observed gap is not a joint AC-set proof
2012-09-12,73,3,634.1,75.859375,1,1,1,0.0,exact_at_scalar_endpoint,recorded scalar endpoint schedule passed all nonlinear interval readbacks; zero observed gap is not a joint AC-set proof
2012-09-12,73,4,611.3,94.0625,1,1,1,0.0,exact_at_scalar_endpoint,recorded scalar endpoint schedule passed all nonlinear interval readbacks; zero observed gap is not a joint AC-set proof
2012-09-12,73,4,634.1,97.5,1,1,1,0.0,exact_at_scalar_endpoint,recorded scalar endpoint schedule passed all nonlinear interval readbacks; zero observed gap is not a joint AC-set proof
2012-09-12,73,5,611.3,82.265625,1,1,1,0.0,exact_at_scalar_endpoint,recorded scalar endpoint schedule passed all nonlinear interval readbacks; zero observed gap is not a joint AC-set proof
2012-09-12,73,5,634.1,72.65625,1,1,1,0.0,exact_at_scalar_endpoint,recorded scalar endpoint schedule passed all nonlinear interval readbacks; zero observed gap is not a joint AC-set proof
2012-09-12,73,6,611.3,100.703125,1,1,1,0.0,exact_at_scalar_endpoint,recorded scalar endpoint schedule passed all nonlinear interval readbacks; zero observed gap is not a joint AC-set proof
2012-09-12,73,6,634.1,106.796875,1,1,1,0.0,exact_at_scalar_endpoint,recorded scalar endpoint schedule passed all nonlinear interval readbacks; zero observed gap is not a joint AC-set proof
2012-09-12,73,7,611.3,91.875,1,1,1,0.0,exact_at_scalar_endpoint,recorded scalar endpoint schedule passed all nonlinear interval readbacks; zero observed gap is not a joint AC-set proof
2012-09-12,73,7,634.1,87.1875,1,1,1,0.0,exact_at_scalar_endpoint,recorded scalar endpoint schedule passed all nonlinear interval readbacks; zero observed gap is not a joint AC-set proof
2012-09-12,73,8,611.3,80.15625,1,1,1,0.0,exact_at_scalar_endpoint,recorded scalar endpoint schedule passed all nonlinear interval readbacks; zero observed gap is not a joint AC-set proof
2012-09-12,73,8,634.1,73.28125,1,1,1,0.0,exact_at_scalar_endpoint,recorded scalar endpoint schedule passed all nonlinear interval readbacks; zero observed gap is not a joint AC-set proof
2012-09-12,73,9,611.3,101.5625,1,1,1,0.0,exact_at_scalar_endpoint,recorded scalar endpoint schedule passed all nonlinear interval readbacks; zero observed gap is not a joint AC-set proof
2012-09-12,73,9,634.1,105.390625,1,1,1,0.0,exact_at_scalar_endpoint,recorded scalar endpoint schedule passed all nonlinear interval readbacks; zero observed gap is not a joint AC-set proof
2012-09-13,74,0,611.3,158.359375,1,1,1,0.0,exact_at_scalar_endpoint,recorded scalar endpoint schedule passed all nonlinear interval readbacks; zero observed gap is not a joint AC-set proof
2012-09-13,74,0,634.1,174.0625,1,1,1,0.0,exact_at_scalar_endpoint,recorded scalar endpoint schedule passed all nonlinear interval readbacks; zero observed gap is not a joint AC-set proof
2012-09-13,74,1,611.3,148.828125,1,1,1,0.0,exact_at_scalar_endpoint,recorded scalar endpoint schedule passed all nonlinear interval readbacks; zero observed gap is not a joint AC-set proof
2012-09-13,74,1,634.1,171.796875,1,1,1,0.0,exact_at_scalar_endpoint,recorded scalar endpoint schedule passed all nonlinear interval readbacks; zero observed gap is not a joint AC-set proof
2012-09-13,74,2,611.3,144.0625,1,1,1,0.0,exact_at_scalar_endpoint,recorded scalar endpoint schedule passed all nonlinear interval readbacks; zero observed gap is not a joint AC-set proof
2012-09-13,74,2,634.1,166.953125,1,1,1,0.0,exact_at_scalar_endpoint,recorded scalar endpoint schedule passed all nonlinear interval readbacks; zero observed gap is not a joint AC-set proof
2012-09-13,74,3,611.3,135.78125,1,1,1,0.0,exact_at_scalar_endpoint,recorded scalar endpoint schedule passed all nonlinear interval readbacks; zero observed gap is not a joint AC-set proof
2012-09-13,74,3,634.1,163.75,1,1,1,0.0,exact_at_scalar_endpoint,recorded scalar endpoint schedule passed all nonlinear interval readbacks; zero observed gap is not a joint AC-set proof
2012-09-13,74,4,611.3,141.875,1,1,1,0.0,exact_at_scalar_endpoint,recorded scalar endpoint schedule passed all nonlinear interval readbacks; zero observed gap is not a joint AC-set proof
2012-09-13,74,4,634.1,168.671875,1,1,1,0.0,exact_at_scalar_endpoint,recorded scalar endpoint schedule passed all nonlinear interval readbacks; zero observed gap is not a joint AC-set proof
2012-09-13,74,5,611.3,137.96875,1,1,1,0.0,exact_at_scalar_endpoint,recorded scalar endpoint schedule passed all nonlinear interval readbacks; zero observed gap is not a joint AC-set proof
2012-09-13,74,5,634.1,166.875,1,1,1,0.0,exact_at_scalar_endpoint,recorded scalar endpoint schedule passed all nonlinear interval readbacks; zero observed gap is not a joint AC-set proof
2012-09-13,74,6,611.3,136.71875,1,1,1,0.0,exact_at_scalar_endpoint,recorded scalar endpoint schedule passed all nonlinear interval readbacks; zero observed gap is not a joint AC-set proof
2012-09-13,74,6,634.1,164.0625,1,1,1,0.0,exact_at_scalar_endpoint,recorded scalar endpoint schedule passed all nonlinear interval readbacks; zero observed gap is not a joint AC-set proof
2012-09-13,74,7,611.3,157.65625,1,1,1,0.0,exact_at_scalar_endpoint,recorded scalar endpoint schedule passed all nonlinear interval readbacks; zero observed gap is not a joint AC-set proof
2012-09-13,74,7,634.1,180.46875,1,1,1,0.0,exact_at_scalar_endpoint,recorded scalar endpoint schedule passed all nonlinear interval readbacks; zero observed gap is not a joint AC-set proof
2012-09-13,74,8,611.3,147.65625,1,1,1,0.0,exact_at_scalar_endpoint,recorded scalar endpoint schedule passed all nonlinear interval readbacks; zero observed gap is not a joint AC-set proof
2012-09-13,74,8,634.1,169.453125,1,1,1,0.0,exact_at_scalar_endpoint,recorded scalar endpoint schedule passed all nonlinear interval readbacks; zero observed gap is not a joint AC-set proof
2012-09-13,74,9,611.3,147.421875,1,1,1,0.0,exact_at_scalar_endpoint,recorded scalar endpoint schedule passed all nonlinear interval readbacks; zero observed gap is not a joint AC-set proof
2012-09-13,74,9,634.1,171.25,1,1,1,0.0,exact_at_scalar_endpoint,recorded scalar endpoint schedule passed all nonlinear interval readbacks; zero observed gap is not a joint AC-set proof
2012-09-14,75,0,611.3,95.703125,1,1,1,0.0,exact_at_scalar_endpoint,recorded scalar endpoint schedule passed all nonlinear interval readbacks; zero observed gap is not a joint AC-set proof
2012-09-14,75,0,634.1,96.40625,1,1,1,0.0,exact_at_scalar_endpoint,recorded scalar endpoint schedule passed all nonlinear interval readbacks; zero observed gap is not a joint AC-set proof
2012-09-14,75,1,611.3,104.84375,1,1,1,0.0,exact_at_scalar_endpoint,recorded scalar endpoint schedule passed all nonlinear interval readbacks; zero observed gap is not a joint AC-set proof
2012-09-14,75,1,634.1,113.984375,1,1,1,0.0,exact_at_scalar_endpoint,recorded scalar endpoint schedule passed all nonlinear interval readbacks; zero observed gap is not a joint AC-set proof
2012-09-14,75,2,611.3,106.40625,1,1,1,0.0,exact_at_scalar_endpoint,recorded scalar endpoint schedule passed all nonlinear interval readbacks; zero observed gap is not a joint AC-set proof
2012-09-14,75,2,634.1,100.0,1,1,1,0.0,exact_at_scalar_endpoint,recorded scalar endpoint schedule passed all nonlinear interval readbacks; zero observed gap is not a joint AC-set proof
2012-09-14,75,3,611.3,64.84375,1,1,1,0.0,exact_at_scalar_endpoint,recorded scalar endpoint schedule passed all nonlinear interval readbacks; zero observed gap is not a joint AC-set proof
2012-09-14,75,3,634.1,47.03125,1,1,1,0.0,exact_at_scalar_endpoint,recorded scalar endpoint schedule passed all nonlinear interval readbacks; zero observed gap is not a joint AC-set proof
2012-09-14,75,4,611.3,82.578125,1,1,1,0.0,exact_at_scalar_endpoint,recorded scalar endpoint schedule passed all nonlinear interval readbacks; zero observed gap is not a joint AC-set proof
2012-09-14,75,4,634.1,76.953125,1,1,1,0.0,exact_at_scalar_endpoint,recorded scalar endpoint schedule passed all nonlinear interval readbacks; zero observed gap is not a joint AC-set proof
2012-09-14,75,5,611.3,80.78125,1,1,1,0.0,exact_at_scalar_endpoint,recorded scalar endpoint schedule passed all nonlinear interval readbacks; zero observed gap is not a joint AC-set proof
2012-09-14,75,5,634.1,72.109375,1,1,1,0.0,exact_at_scalar_endpoint,recorded scalar endpoint schedule passed all nonlinear interval readbacks; zero observed gap is not a joint AC-set proof
2012-09-14,75,6,611.3,102.578125,1,1,1,0.0,exact_at_scalar_endpoint,recorded scalar endpoint schedule passed all nonlinear interval readbacks; zero observed gap is not a joint AC-set proof
2012-09-14,75,6,634.1,110.703125,1,1,1,0.0,exact_at_scalar_endpoint,recorded scalar endpoint schedule passed all nonlinear interval readbacks; zero observed gap is not a joint AC-set proof
2012-09-14,75,7,611.3,92.890625,1,1,1,0.0,exact_at_scalar_endpoint,recorded scalar endpoint schedule passed all nonlinear interval readbacks; zero observed gap is not a joint AC-set proof
2012-09-14,75,7,634.1,80.859375,1,1,1,0.0,exact_at_scalar_endpoint,recorded scalar endpoint schedule passed all nonlinear interval readbacks; zero observed gap is not a joint AC-set proof
2012-09-14,75,8,611.3,98.75,1,1,1,0.0,exact_at_scalar_endpoint,recorded scalar endpoint schedule passed all nonlinear interval readbacks; zero observed gap is not a joint AC-set proof
2012-09-14,75,8,634.1,90.078125,1,1,1,0.0,exact_at_scalar_endpoint,recorded scalar endpoint schedule passed all nonlinear interval readbacks; zero observed gap is not a joint AC-set proof
2012-09-14,75,9,611.3,109.453125,1,1,1,0.0,exact_at_scalar_endpoint,recorded scalar endpoint schedule passed all nonlinear interval readbacks; zero observed gap is not a joint AC-set proof
2012-09-14,75,9,634.1,106.015625,1,1,1,0.0,exact_at_scalar_endpoint,recorded scalar endpoint schedule passed all nonlinear interval readbacks; zero observed gap is not a joint AC-set proof
2012-09-15,76,0,611.3,117.5,1,1,1,0.0,exact_at_scalar_endpoint,recorded scalar endpoint schedule passed all nonlinear interval readbacks; zero observed gap is not a joint AC-set proof
2012-09-15,76,0,634.1,127.65625,1,1,1,0.0,exact_at_scalar_endpoint,recorded scalar endpoint schedule passed all nonlinear interval readbacks; zero observed gap is not a joint AC-set proof
2012-09-15,76,1,611.3,132.265625,1,1,1,0.0,exact_at_scalar_endpoint,recorded scalar endpoint schedule passed all nonlinear interval readbacks; zero observed gap is not a joint AC-set proof
2012-09-15,76,1,634.1,137.34375,1,1,1,0.0,exact_at_scalar_endpoint,recorded scalar endpoint schedule passed all nonlinear interval readbacks; zero observed gap is not a joint AC-set proof
2012-09-15,76,2,611.3,103.203125,1,1,1,0.0,exact_at_scalar_endpoint,recorded scalar endpoint schedule passed all nonlinear interval readbacks; zero observed gap is not a joint AC-set proof
2012-09-15,76,2,634.1,113.515625,1,1,1,0.0,exact_at_scalar_endpoint,recorded scalar endpoint schedule passed all nonlinear interval readbacks; zero observed gap is not a joint AC-set proof
2012-09-15,76,3,611.3,97.578125,1,1,1,0.0,exact_at_scalar_endpoint,recorded scalar endpoint schedule passed all nonlinear interval readbacks; zero observed gap is not a joint AC-set proof
2012-09-15,76,3,634.1,102.8125,1,1,1,0.0,exact_at_scalar_endpoint,recorded scalar endpoint schedule passed all nonlinear interval readbacks; zero observed gap is not a joint AC-set proof
2012-09-15,76,4,611.3,125.46875,1,1,1,0.0,exact_at_scalar_endpoint,recorded scalar endpoint schedule passed all nonlinear interval readbacks; zero observed gap is not a joint AC-set proof
2012-09-15,76,4,634.1,129.53125,1,1,1,0.0,exact_at_scalar_endpoint,recorded scalar endpoint schedule passed all nonlinear interval readbacks; zero observed gap is not a joint AC-set proof
2012-09-15,76,5,611.3,101.796875,1,1,1,0.0,exact_at_scalar_endpoint,recorded scalar endpoint schedule passed all nonlinear interval readbacks; zero observed gap is not a joint AC-set proof
2012-09-15,76,5,634.1,104.84375,1,1,1,0.0,exact_at_scalar_endpoint,recorded scalar endpoint schedule passed all nonlinear interval readbacks; zero observed gap is not a joint AC-set proof
2012-09-15,76,6,611.3,135.703125,1,1,1,0.0,exact_at_scalar_endpoint,recorded scalar endpoint schedule passed all nonlinear interval readbacks; zero observed gap is not a joint AC-set proof
2012-09-15,76,6,634.1,143.203125,1,1,1,0.0,exact_at_scalar_endpoint,recorded scalar endpoint schedule passed all nonlinear interval readbacks; zero observed gap is not a joint AC-set proof
2012-09-15,76,7,611.3,140.3125,1,1,1,0.0,exact_at_scalar_endpoint,recorded scalar endpoint schedule passed all nonlinear interval readbacks; zero observed gap is not a joint AC-set proof
2012-09-15,76,7,634.1,141.40625,1,1,1,0.0,exact_at_scalar_endpoint,recorded scalar endpoint schedule passed all nonlinear interval readbacks; zero observed gap is not a joint AC-set proof
2012-09-15,76,8,611.3,124.296875,1,1,1,0.0,exact_at_scalar_endpoint,recorded scalar endpoint schedule passed all nonlinear interval readbacks; zero observed gap is not a joint AC-set proof
2012-09-15,76,8,634.1,126.796875,1,1,1,0.0,exact_at_scalar_endpoint,recorded scalar endpoint schedule passed all nonlinear interval readbacks; zero observed gap is not a joint AC-set proof
2012-09-15,76,9,611.3,118.828125,1,1,1,0.0,exact_at_scalar_endpoint,recorded scalar endpoint schedule passed all nonlinear interval readbacks; zero observed gap is not a joint AC-set proof
2012-09-15,76,9,634.1,120.78125,1,1,1,0.0,exact_at_scalar_endpoint,recorded scalar endpoint schedule passed all nonlinear interval readbacks; zero observed gap is not a joint AC-set proof
2012-09-16,77,0,611.3,114.0625,1,1,1,0.0,exact_at_scalar_endpoint,recorded scalar endpoint schedule passed all nonlinear interval readbacks; zero observed gap is not a joint AC-set proof
2012-09-16,77,0,634.1,113.4375,1,1,1,0.0,exact_at_scalar_endpoint,recorded scalar endpoint schedule passed all nonlinear interval readbacks; zero observed gap is not a joint AC-set proof
2012-09-16,77,1,611.3,107.65625,1,1,1,0.0,exact_at_scalar_endpoint,recorded scalar endpoint schedule passed all nonlinear interval readbacks; zero observed gap is not a joint AC-set proof
2012-09-16,77,1,634.1,110.46875,1,1,1,0.0,exact_at_scalar_endpoint,recorded scalar endpoint schedule passed all nonlinear interval readbacks; zero observed gap is not a joint AC-set proof
2012-09-16,77,2,611.3,103.046875,1,1,1,0.0,exact_at_scalar_endpoint,recorded scalar endpoint schedule passed all nonlinear interval readbacks; zero observed gap is not a joint AC-set proof
2012-09-16,77,2,634.1,96.953125,1,1,1,0.0,exact_at_scalar_endpoint,recorded scalar endpoint schedule passed all nonlinear interval readbacks; zero observed gap is not a joint AC-set proof
2012-09-16,77,3,611.3,123.125,1,1,1,0.0,exact_at_scalar_endpoint,recorded scalar endpoint schedule passed all nonlinear interval readbacks; zero observed gap is not a joint AC-set proof
2012-09-16,77,3,634.1,122.03125,1,1,1,0.0,exact_at_scalar_endpoint,recorded scalar endpoint schedule passed all nonlinear interval readbacks; zero observed gap is not a joint AC-set proof
2012-09-16,77,4,611.3,102.96875,1,1,1,0.0,exact_at_scalar_endpoint,recorded scalar endpoint schedule passed all nonlinear interval readbacks; zero observed gap is not a joint AC-set proof
2012-09-16,77,4,634.1,108.671875,1,1,1,0.0,exact_at_scalar_endpoint,recorded scalar endpoint schedule passed all nonlinear interval readbacks; zero observed gap is not a joint AC-set proof
2012-09-16,77,5,611.3,89.609375,1,1,1,0.0,exact_at_scalar_endpoint,recorded scalar endpoint schedule passed all nonlinear interval readbacks; zero observed gap is not a joint AC-set proof
2012-09-16,77,5,634.1,83.203125,1,1,1,0.0,exact_at_scalar_endpoint,recorded scalar endpoint schedule passed all nonlinear interval readbacks; zero observed gap is not a joint AC-set proof
2012-09-16,77,6,611.3,119.375,1,1,1,0.0,exact_at_scalar_endpoint,recorded scalar endpoint schedule passed all nonlinear interval readbacks; zero observed gap is not a joint AC-set proof
2012-09-16,77,6,634.1,123.4375,1,1,1,0.0,exact_at_scalar_endpoint,recorded scalar endpoint schedule passed all nonlinear interval readbacks; zero observed gap is not a joint AC-set proof
2012-09-16,77,7,611.3,115.390625,1,1,1,0.0,exact_at_scalar_endpoint,recorded scalar endpoint schedule passed all nonlinear interval readbacks; zero observed gap is not a joint AC-set proof
2012-09-16,77,7,634.1,113.359375,1,1,1,0.0,exact_at_scalar_endpoint,recorded scalar endpoint schedule passed all nonlinear interval readbacks; zero observed gap is not a joint AC-set proof
2012-09-16,77,8,611.3,87.734375,1,1,1,0.0,exact_at_scalar_endpoint,recorded scalar endpoint schedule passed all nonlinear interval readbacks; zero observed gap is not a joint AC-set proof
2012-09-16,77,8,634.1,82.890625,1,1,1,0.0,exact_at_scalar_endpoint,recorded scalar endpoint schedule passed all nonlinear interval readbacks; zero observed gap is not a joint AC-set proof
2012-09-16,77,9,611.3,121.71875,1,1,1,0.0,exact_at_scalar_endpoint,recorded scalar endpoint schedule passed all nonlinear interval readbacks; zero observed gap is not a joint AC-set proof
2012-09-16,77,9,634.1,125.15625,1,1,1,0.0,exact_at_scalar_endpoint,recorded scalar endpoint schedule passed all nonlinear interval readbacks; zero observed gap is not a joint AC-set proof
2012-09-17,78,0,611.3,132.421875,1,1,1,0.0,exact_at_scalar_endpoint,recorded scalar endpoint schedule passed all nonlinear interval readbacks; zero observed gap is not a joint AC-set proof
2012-09-17,78,0,634.1,141.484375,1,1,1,0.0,exact_at_scalar_endpoint,recorded scalar endpoint schedule passed all nonlinear interval readbacks; zero observed gap is not a joint AC-set proof
2012-09-17,78,1,611.3,122.1875,1,1,1,0.0,exact_at_scalar_endpoint,recorded scalar endpoint schedule passed all nonlinear interval readbacks; zero observed gap is not a joint AC-set proof
2012-09-17,78,1,634.1,139.140625,1,1,1,0.0,exact_at_scalar_endpoint,recorded scalar endpoint schedule passed all nonlinear interval readbacks; zero observed gap is not a joint AC-set proof
2012-09-17,78,2,611.3,121.71875,1,1,1,0.0,exact_at_scalar_endpoint,recorded scalar endpoint schedule passed all nonlinear interval readbacks; zero observed gap is not a joint AC-set proof
2012-09-17,78,2,634.1,128.90625,1,1,1,0.0,exact_at_scalar_endpoint,recorded scalar endpoint schedule passed all nonlinear interval readbacks; zero observed gap is not a joint AC-set proof
2012-09-17,78,3,611.3,98.90625,1,1,1,0.0,exact_at_scalar_endpoint,recorded scalar endpoint schedule passed all nonlinear interval readbacks; zero observed gap is not a joint AC-set proof
2012-09-17,78,3,634.1,110.78125,1,1,1,0.0,exact_at_scalar_endpoint,recorded scalar endpoint schedule passed all nonlinear interval readbacks; zero observed gap is not a joint AC-set proof
2012-09-17,78,4,611.3,131.328125,1,1,1,0.0,exact_at_scalar_endpoint,recorded scalar endpoint schedule passed all nonlinear interval readbacks; zero observed gap is not a joint AC-set proof
2012-09-17,78,4,634.1,142.734375,1,1,1,0.0,exact_at_scalar_endpoint,recorded scalar endpoint schedule passed all nonlinear interval readbacks; zero observed gap is not a joint AC-set proof
2012-09-17,78,5,611.3,97.109375,1,1,1,0.0,exact_at_scalar_endpoint,recorded scalar endpoint schedule passed all nonlinear interval readbacks; zero observed gap is not a joint AC-set proof
2012-09-17,78,5,634.1,111.40625,1,1,1,0.0,exact_at_scalar_endpoint,recorded scalar endpoint schedule passed all nonlinear interval readbacks; zero observed gap is not a joint AC-set proof
2012-09-17,78,6,611.3,127.109375,1,1,1,0.0,exact_at_scalar_endpoint,recorded scalar endpoint schedule passed all nonlinear interval readbacks; zero observed gap is not a joint AC-set proof
2012-09-17,78,6,634.1,141.09375,1,1,1,0.0,exact_at_scalar_endpoint,recorded scalar endpoint schedule passed all nonlinear interval readbacks; zero observed gap is not a joint AC-set proof
2012-09-17,78,7,611.3,121.796875,1,1,1,0.0,exact_at_scalar_endpoint,recorded scalar endpoint schedule passed all nonlinear interval readbacks; zero observed gap is not a joint AC-set proof
2012-09-17,78,7,634.1,133.515625,1,1,1,0.0,exact_at_scalar_endpoint,recorded scalar endpoint schedule passed all nonlinear interval readbacks; zero observed gap is not a joint AC-set proof
2012-09-17,78,8,611.3,111.953125,1,1,1,0.0,exact_at_scalar_endpoint,recorded scalar endpoint schedule passed all nonlinear interval readbacks; zero observed gap is not a joint AC-set proof
2012-09-17,78,8,634.1,122.578125,1,1,1,0.0,exact_at_scalar_endpoint,recorded scalar endpoint schedule passed all nonlinear interval readbacks; zero observed gap is not a joint AC-set proof
2012-09-17,78,9,611.3,134.921875,1,1,1,0.0,exact_at_scalar_endpoint,recorded scalar endpoint schedule passed all nonlinear interval readbacks; zero observed gap is not a joint AC-set proof
2012-09-17,78,9,634.1,144.921875,1,1,1,0.0,exact_at_scalar_endpoint,recorded scalar endpoint schedule passed all nonlinear interval readbacks; zero observed gap is not a joint AC-set proof
2012-09-18,79,0,611.3,86.796875,1,1,1,0.0,exact_at_scalar_endpoint,recorded scalar endpoint schedule passed all nonlinear interval readbacks; zero observed gap is not a joint AC-set proof
2012-09-18,79,0,634.1,81.796875,1,1,1,0.0,exact_at_scalar_endpoint,recorded scalar endpoint schedule passed all nonlinear interval readbacks; zero observed gap is not a joint AC-set proof
2012-09-18,79,1,611.3,106.71875,1,1,1,0.0,exact_at_scalar_endpoint,recorded scalar endpoint schedule passed all nonlinear interval readbacks; zero observed gap is not a joint AC-set proof
2012-09-18,79,1,634.1,110.9375,1,1,1,0.0,exact_at_scalar_endpoint,recorded scalar endpoint schedule passed all nonlinear interval readbacks; zero observed gap is not a joint AC-set proof
2012-09-18,79,2,611.3,77.65625,1,1,1,0.0,exact_at_scalar_endpoint,recorded scalar endpoint schedule passed all nonlinear interval readbacks; zero observed gap is not a joint AC-set proof
2012-09-18,79,2,634.1,69.140625,1,1,1,0.0,exact_at_scalar_endpoint,recorded scalar endpoint schedule passed all nonlinear interval readbacks; zero observed gap is not a joint AC-set proof
2012-09-18,79,3,611.3,78.984375,1,1,1,0.0,exact_at_scalar_endpoint,recorded scalar endpoint schedule passed all nonlinear interval readbacks; zero observed gap is not a joint AC-set proof
2012-09-18,79,3,634.1,64.53125,1,1,1,0.0,exact_at_scalar_endpoint,recorded scalar endpoint schedule passed all nonlinear interval readbacks; zero observed gap is not a joint AC-set proof
2012-09-18,79,4,611.3,85.3125,1,1,1,0.0,exact_at_scalar_endpoint,recorded scalar endpoint schedule passed all nonlinear interval readbacks; zero observed gap is not a joint AC-set proof
2012-09-18,79,4,634.1,88.59375,1,1,1,0.0,exact_at_scalar_endpoint,recorded scalar endpoint schedule passed all nonlinear interval readbacks; zero observed gap is not a joint AC-set proof
2012-09-18,79,5,611.3,85.15625,1,1,1,0.0,exact_at_scalar_endpoint,recorded scalar endpoint schedule passed all nonlinear interval readbacks; zero observed gap is not a joint AC-set proof
2012-09-18,79,5,634.1,77.421875,1,1,1,0.0,exact_at_scalar_endpoint,recorded scalar endpoint schedule passed all nonlinear interval readbacks; zero observed gap is not a joint AC-set proof
2012-09-18,79,6,611.3,103.359375,1,1,1,0.0,exact_at_scalar_endpoint,recorded scalar endpoint schedule passed all nonlinear interval readbacks; zero observed gap is not a joint AC-set proof
2012-09-18,79,6,634.1,103.984375,1,1,1,0.0,exact_at_scalar_endpoint,recorded scalar endpoint schedule passed all nonlinear interval readbacks; zero observed gap is not a joint AC-set proof
2012-09-18,79,7,611.3,82.8125,1,1,1,0.0,exact_at_scalar_endpoint,recorded scalar endpoint schedule passed all nonlinear interval readbacks; zero observed gap is not a joint AC-set proof
2012-09-18,79,7,634.1,72.265625,1,1,1,0.0,exact_at_scalar_endpoint,recorded scalar endpoint schedule passed all nonlinear interval readbacks; zero observed gap is not a joint AC-set proof
2012-09-18,79,8,611.3,78.828125,1,1,1,0.0,exact_at_scalar_endpoint,recorded scalar endpoint schedule passed all nonlinear interval readbacks; zero observed gap is not a joint AC-set proof
2012-09-18,79,8,634.1,66.796875,1,1,1,0.0,exact_at_scalar_endpoint,recorded scalar endpoint schedule passed all nonlinear interval readbacks; zero observed gap is not a joint AC-set proof
2012-09-18,79,9,611.3,109.296875,1,1,1,0.0,exact_at_scalar_endpoint,recorded scalar endpoint schedule passed all nonlinear interval readbacks; zero observed gap is not a joint AC-set proof
2012-09-18,79,9,634.1,107.109375,1,1,1,0.0,exact_at_scalar_endpoint,recorded scalar endpoint schedule passed all nonlinear interval readbacks; zero observed gap is not a joint AC-set proof
2012-09-19,80,0,611.3,110.390625,1,1,1,0.0,exact_at_scalar_endpoint,recorded scalar endpoint schedule passed all nonlinear interval readbacks; zero observed gap is not a joint AC-set proof
2012-09-19,80,0,634.1,120.3125,1,1,1,0.0,exact_at_scalar_endpoint,recorded scalar endpoint schedule passed all nonlinear interval readbacks; zero observed gap is not a joint AC-set proof
2012-09-19,80,1,611.3,114.921875,1,1,1,0.0,exact_at_scalar_endpoint,recorded scalar endpoint schedule passed all nonlinear interval readbacks; zero observed gap is not a joint AC-set proof
2012-09-19,80,1,634.1,126.171875,1,1,1,0.0,exact_at_scalar_endpoint,recorded scalar endpoint schedule passed all nonlinear interval readbacks; zero observed gap is not a joint AC-set proof
2012-09-19,80,2,611.3,97.65625,1,1,1,0.0,exact_at_scalar_endpoint,recorded scalar endpoint schedule passed all nonlinear interval readbacks; zero observed gap is not a joint AC-set proof
2012-09-19,80,2,634.1,99.296875,1,1,1,0.0,exact_at_scalar_endpoint,recorded scalar endpoint schedule passed all nonlinear interval readbacks; zero observed gap is not a joint AC-set proof
2012-09-19,80,3,611.3,95.9375,1,1,1,0.0,exact_at_scalar_endpoint,recorded scalar endpoint schedule passed all nonlinear interval readbacks; zero observed gap is not a joint AC-set proof
2012-09-19,80,3,634.1,94.21875,1,1,1,0.0,exact_at_scalar_endpoint,recorded scalar endpoint schedule passed all nonlinear interval readbacks; zero observed gap is not a joint AC-set proof
2012-09-19,80,4,611.3,108.046875,1,1,1,0.0,exact_at_scalar_endpoint,recorded scalar endpoint schedule passed all nonlinear interval readbacks; zero observed gap is not a joint AC-set proof
2012-09-19,80,4,634.1,116.953125,1,1,1,0.0,exact_at_scalar_endpoint,recorded scalar endpoint schedule passed all nonlinear interval readbacks; zero observed gap is not a joint AC-set proof
2012-09-19,80,5,611.3,90.703125,1,1,1,0.0,exact_at_scalar_endpoint,recorded scalar endpoint schedule passed all nonlinear interval readbacks; zero observed gap is not a joint AC-set proof
2012-09-19,80,5,634.1,94.296875,1,1,1,0.0,exact_at_scalar_endpoint,recorded scalar endpoint schedule passed all nonlinear interval readbacks; zero observed gap is not a joint AC-set proof
2012-09-19,80,6,611.3,120.625,1,1,1,0.0,exact_at_scalar_endpoint,recorded scalar endpoint schedule passed all nonlinear interval readbacks; zero observed gap is not a joint AC-set proof
2012-09-19,80,6,634.1,132.734375,1,1,1,0.0,exact_at_scalar_endpoint,recorded scalar endpoint schedule passed all nonlinear interval readbacks; zero observed gap is not a joint AC-set proof
2012-09-19,80,7,611.3,104.6875,1,1,1,0.0,exact_at_scalar_endpoint,recorded scalar endpoint schedule passed all nonlinear interval readbacks; zero observed gap is not a joint AC-set proof
2012-09-19,80,7,634.1,102.265625,1,1,1,0.0,exact_at_scalar_endpoint,recorded scalar endpoint schedule passed all nonlinear interval readbacks; zero observed gap is not a joint AC-set proof
2012-09-19,80,8,611.3,92.890625,1,1,1,0.0,exact_at_scalar_endpoint,recorded scalar endpoint schedule passed all nonlinear interval readbacks; zero observed gap is not a joint AC-set proof
2012-09-19,80,8,634.1,90.625,1,1,1,0.0,exact_at_scalar_endpoint,recorded scalar endpoint schedule passed all nonlinear interval readbacks; zero observed gap is not a joint AC-set proof
2012-09-19,80,9,611.3,113.671875,1,1,1,0.0,exact_at_scalar_endpoint,recorded scalar endpoint schedule passed all nonlinear interval readbacks; zero observed gap is not a joint AC-set proof
2012-09-19,80,9,634.1,117.109375,1,1,1,0.0,exact_at_scalar_endpoint,recorded scalar endpoint schedule passed all nonlinear interval readbacks; zero observed gap is not a joint AC-set proof
2012-09-20,81,0,611.3,91.171875,1,1,1,0.0,exact_at_scalar_endpoint,recorded scalar endpoint schedule passed all nonlinear interval readbacks; zero observed gap is not a joint AC-set proof
2012-09-20,81,0,634.1,82.890625,1,1,1,0.0,exact_at_scalar_endpoint,recorded scalar endpoint schedule passed all nonlinear interval readbacks; zero observed gap is not a joint AC-set proof
2012-09-20,81,1,611.3,97.1875,1,1,1,0.0,exact_at_scalar_endpoint,recorded scalar endpoint schedule passed all nonlinear interval readbacks; zero observed gap is not a joint AC-set proof
2012-09-20,81,1,634.1,98.203125,1,1,1,0.0,exact_at_scalar_endpoint,recorded scalar endpoint schedule passed all nonlinear interval readbacks; zero observed gap is not a joint AC-set proof
2012-09-20,81,2,611.3,83.28125,1,1,1,0.0,exact_at_scalar_endpoint,recorded scalar endpoint schedule passed all nonlinear interval readbacks; zero observed gap is not a joint AC-set proof
2012-09-20,81,2,634.1,71.796875,1,1,1,0.0,exact_at_scalar_endpoint,recorded scalar endpoint schedule passed all nonlinear interval readbacks; zero observed gap is not a joint AC-set proof
2012-09-20,81,3,611.3,73.75,1,1,1,0.0,exact_at_scalar_endpoint,recorded scalar endpoint schedule passed all nonlinear interval readbacks; zero observed gap is not a joint AC-set proof
2012-09-20,81,3,634.1,60.859375,1,1,1,0.0,exact_at_scalar_endpoint,recorded scalar endpoint schedule passed all nonlinear interval readbacks; zero observed gap is not a joint AC-set proof
2012-09-20,81,4,611.3,100.546875,1,1,1,0.0,exact_at_scalar_endpoint,recorded scalar endpoint schedule passed all nonlinear interval readbacks; zero observed gap is not a joint AC-set proof
2012-09-20,81,4,634.1,100.46875,1,1,1,0.0,exact_at_scalar_endpoint,recorded scalar endpoint schedule passed all nonlinear interval readbacks; zero observed gap is not a joint AC-set proof
2012-09-20,81,5,611.3,80.078125,1,1,1,0.0,exact_at_scalar_endpoint,recorded scalar endpoint schedule passed all nonlinear interval readbacks; zero observed gap is not a joint AC-set proof
2012-09-20,81,5,634.1,67.578125,1,1,1,0.0,exact_at_scalar_endpoint,recorded scalar endpoint schedule passed all nonlinear interval readbacks; zero observed gap is not a joint AC-set proof
2012-09-20,81,6,611.3,110.859375,1,1,1,0.0,exact_at_scalar_endpoint,recorded scalar endpoint schedule passed all nonlinear interval readbacks; zero observed gap is not a joint AC-set proof
2012-09-20,81,6,634.1,117.65625,1,1,1,0.0,exact_at_scalar_endpoint,recorded scalar endpoint schedule passed all nonlinear interval readbacks; zero observed gap is not a joint AC-set proof
2012-09-20,81,7,611.3,99.0625,1,1,1,0.0,exact_at_scalar_endpoint,recorded scalar endpoint schedule passed all nonlinear interval readbacks; zero observed gap is not a joint AC-set proof
2012-09-20,81,7,634.1,90.46875,1,1,1,0.0,exact_at_scalar_endpoint,recorded scalar endpoint schedule passed all nonlinear interval readbacks; zero observed gap is not a joint AC-set proof
2012-09-20,81,8,611.3,79.140625,1,1,1,0.0,exact_at_scalar_endpoint,recorded scalar endpoint schedule passed all nonlinear interval readbacks; zero observed gap is not a joint AC-set proof
2012-09-20,81,8,634.1,68.359375,1,1,1,0.0,exact_at_scalar_endpoint,recorded scalar endpoint schedule passed all nonlinear interval readbacks; zero observed gap is not a joint AC-set proof
2012-09-20,81,9,611.3,102.578125,1,1,1,0.0,exact_at_scalar_endpoint,recorded scalar endpoint schedule passed all nonlinear interval readbacks; zero observed gap is not a joint AC-set proof
2012-09-20,81,9,634.1,107.65625,1,1,1,0.0,exact_at_scalar_endpoint,recorded scalar endpoint schedule passed all nonlinear interval readbacks; zero observed gap is not a joint AC-set proof
2012-09-21,82,0,611.3,116.40625,1,1,1,0.0,exact_at_scalar_endpoint,recorded scalar endpoint schedule passed all nonlinear interval readbacks; zero observed gap is not a joint AC-set proof
2012-09-21,82,0,634.1,125.78125,1,1,1,0.0,exact_at_scalar_endpoint,recorded scalar endpoint schedule passed all nonlinear interval readbacks; zero observed gap is not a joint AC-set proof
2012-09-21,82,1,611.3,117.96875,1,1,1,0.0,exact_at_scalar_endpoint,recorded scalar endpoint schedule passed all nonlinear interval readbacks; zero observed gap is not a joint AC-set proof
2012-09-21,82,1,634.1,130.3125,1,1,1,0.0,exact_at_scalar_endpoint,recorded scalar endpoint schedule passed all nonlinear interval readbacks; zero observed gap is not a joint AC-set proof
2012-09-21,82,2,611.3,103.046875,1,1,1,0.0,exact_at_scalar_endpoint,recorded scalar endpoint schedule passed all nonlinear interval readbacks; zero observed gap is not a joint AC-set proof
2012-09-21,82,2,634.1,109.453125,1,1,1,0.0,exact_at_scalar_endpoint,recorded scalar endpoint schedule passed all nonlinear interval readbacks; zero observed gap is not a joint AC-set proof
2012-09-21,82,3,611.3,88.75,1,1,1,0.0,exact_at_scalar_endpoint,recorded scalar endpoint schedule passed all nonlinear interval readbacks; zero observed gap is not a joint AC-set proof
2012-09-21,82,3,634.1,89.6875,1,1,1,0.0,exact_at_scalar_endpoint,recorded scalar endpoint schedule passed all nonlinear interval readbacks; zero observed gap is not a joint AC-set proof
2012-09-21,82,4,611.3,103.90625,1,1,1,0.0,exact_at_scalar_endpoint,recorded scalar endpoint schedule passed all nonlinear interval readbacks; zero observed gap is not a joint AC-set proof
2012-09-21,82,4,634.1,115.078125,1,1,1,0.0,exact_at_scalar_endpoint,recorded scalar endpoint schedule passed all nonlinear interval readbacks; zero observed gap is not a joint AC-set proof
2012-09-21,82,5,611.3,99.296875,1,1,1,0.0,exact_at_scalar_endpoint,recorded scalar endpoint schedule passed all nonlinear interval readbacks; zero observed gap is not a joint AC-set proof
2012-09-21,82,5,634.1,103.359375,1,1,1,0.0,exact_at_scalar_endpoint,recorded scalar endpoint schedule passed all nonlinear interval readbacks; zero observed gap is not a joint AC-set proof
2012-09-21,82,6,611.3,117.5,1,1,1,0.0,exact_at_scalar_endpoint,recorded scalar endpoint schedule passed all nonlinear interval readbacks; zero observed gap is not a joint AC-set proof
2012-09-21,82,6,634.1,126.796875,1,1,1,0.0,exact_at_scalar_endpoint,recorded scalar endpoint schedule passed all nonlinear interval readbacks; zero observed gap is not a joint AC-set proof
2012-09-21,82,7,611.3,117.421875,1,1,1,0.0,exact_at_scalar_endpoint,recorded scalar endpoint schedule passed all nonlinear interval readbacks; zero observed gap is not a joint AC-set proof
2012-09-21,82,7,634.1,119.921875,1,1,1,0.0,exact_at_scalar_endpoint,recorded scalar endpoint schedule passed all nonlinear interval readbacks; zero observed gap is not a joint AC-set proof
2012-09-21,82,8,611.3,113.90625,1,1,1,0.0,exact_at_scalar_endpoint,recorded scalar endpoint schedule passed all nonlinear interval readbacks; zero observed gap is not a joint AC-set proof
2012-09-21,82,8,634.1,115.3125,1,1,1,0.0,exact_at_scalar_endpoint,recorded scalar endpoint schedule passed all nonlinear interval readbacks; zero observed gap is not a joint AC-set proof
2012-09-21,82,9,611.3,134.765625,1,1,1,0.0,exact_at_scalar_endpoint,recorded scalar endpoint schedule passed all nonlinear interval readbacks; zero observed gap is not a joint AC-set proof
2012-09-21,82,9,634.1,136.015625,1,1,1,0.0,exact_at_scalar_endpoint,recorded scalar endpoint schedule passed all nonlinear interval readbacks; zero observed gap is not a joint AC-set proof
2012-09-22,83,0,611.3,126.25,1,1,1,0.0,exact_at_scalar_endpoint,recorded scalar endpoint schedule passed all nonlinear interval readbacks; zero observed gap is not a joint AC-set proof
2012-09-22,83,0,634.1,125.78125,1,1,1,0.0,exact_at_scalar_endpoint,recorded scalar endpoint schedule passed all nonlinear interval readbacks; zero observed gap is not a joint AC-set proof
2012-09-22,83,1,611.3,125.0,1,1,1,0.0,exact_at_scalar_endpoint,recorded scalar endpoint schedule passed all nonlinear interval readbacks; zero observed gap is not a joint AC-set proof
2012-09-22,83,1,634.1,126.5625,1,1,1,0.0,exact_at_scalar_endpoint,recorded scalar endpoint schedule passed all nonlinear interval readbacks; zero observed gap is not a joint AC-set proof
2012-09-22,83,2,611.3,88.90625,1,1,1,0.0,exact_at_scalar_endpoint,recorded scalar endpoint schedule passed all nonlinear interval readbacks; zero observed gap is not a joint AC-set proof
2012-09-22,83,2,634.1,80.703125,1,1,1,0.0,exact_at_scalar_endpoint,recorded scalar endpoint schedule passed all nonlinear interval readbacks; zero observed gap is not a joint AC-set proof
2012-09-22,83,3,611.3,85.703125,1,1,1,0.0,exact_at_scalar_endpoint,recorded scalar endpoint schedule passed all nonlinear interval readbacks; zero observed gap is not a joint AC-set proof
2012-09-22,83,3,634.1,71.953125,1,1,1,0.0,exact_at_scalar_endpoint,recorded scalar endpoint schedule passed all nonlinear interval readbacks; zero observed gap is not a joint AC-set proof
2012-09-22,83,4,611.3,118.671875,1,1,1,0.0,exact_at_scalar_endpoint,recorded scalar endpoint schedule passed all nonlinear interval readbacks; zero observed gap is not a joint AC-set proof
2012-09-22,83,4,634.1,119.84375,1,1,1,0.0,exact_at_scalar_endpoint,recorded scalar endpoint schedule passed all nonlinear interval readbacks; zero observed gap is not a joint AC-set proof
2012-09-22,83,5,611.3,85.625,1,1,1,0.0,exact_at_scalar_endpoint,recorded scalar endpoint schedule passed all nonlinear interval readbacks; zero observed gap is not a joint AC-set proof
2012-09-22,83,5,634.1,76.40625,1,1,1,0.0,exact_at_scalar_endpoint,recorded scalar endpoint schedule passed all nonlinear interval readbacks; zero observed gap is not a joint AC-set proof
2012-09-22,83,6,611.3,114.921875,1,1,1,0.0,exact_at_scalar_endpoint,recorded scalar endpoint schedule passed all nonlinear interval readbacks; zero observed gap is not a joint AC-set proof
2012-09-22,83,6,634.1,121.953125,1,1,1,0.0,exact_at_scalar_endpoint,recorded scalar endpoint schedule passed all nonlinear interval readbacks; zero observed gap is not a joint AC-set proof
2012-09-22,83,7,611.3,135.390625,1,1,1,0.0,exact_at_scalar_endpoint,recorded scalar endpoint schedule passed all nonlinear interval readbacks; zero observed gap is not a joint AC-set proof
2012-09-22,83,7,634.1,131.40625,1,1,1,0.0,exact_at_scalar_endpoint,recorded scalar endpoint schedule passed all nonlinear interval readbacks; zero observed gap is not a joint AC-set proof
2012-09-22,83,8,611.3,103.828125,1,1,1,0.0,exact_at_scalar_endpoint,recorded scalar endpoint schedule passed all nonlinear interval readbacks; zero observed gap is not a joint AC-set proof
2012-09-22,83,8,634.1,97.96875,1,1,1,0.0,exact_at_scalar_endpoint,recorded scalar endpoint schedule passed all nonlinear interval readbacks; zero observed gap is not a joint AC-set proof
2012-09-22,83,9,611.3,125.625,1,1,1,0.0,exact_at_scalar_endpoint,recorded scalar endpoint schedule passed all nonlinear interval readbacks; zero observed gap is not a joint AC-set proof
2012-09-22,83,9,634.1,126.015625,1,1,1,0.0,exact_at_scalar_endpoint,recorded scalar endpoint schedule passed all nonlinear interval readbacks; zero observed gap is not a joint AC-set proof
2012-09-23,84,0,611.3,119.140625,1,1,1,0.0,exact_at_scalar_endpoint,recorded scalar endpoint schedule passed all nonlinear interval readbacks; zero observed gap is not a joint AC-set proof
2012-09-23,84,0,634.1,115.15625,1,1,1,0.0,exact_at_scalar_endpoint,recorded scalar endpoint schedule passed all nonlinear interval readbacks; zero observed gap is not a joint AC-set proof
2012-09-23,84,1,611.3,110.78125,1,1,1,0.0,exact_at_scalar_endpoint,recorded scalar endpoint schedule passed all nonlinear interval readbacks; zero observed gap is not a joint AC-set proof
2012-09-23,84,1,634.1,114.84375,1,1,1,0.0,exact_at_scalar_endpoint,recorded scalar endpoint schedule passed all nonlinear interval readbacks; zero observed gap is not a joint AC-set proof
2012-09-23,84,2,611.3,88.28125,1,1,1,0.0,exact_at_scalar_endpoint,recorded scalar endpoint schedule passed all nonlinear interval readbacks; zero observed gap is not a joint AC-set proof
2012-09-23,84,2,634.1,78.515625,1,1,1,0.0,exact_at_scalar_endpoint,recorded scalar endpoint schedule passed all nonlinear interval readbacks; zero observed gap is not a joint AC-set proof
2012-09-23,84,3,611.3,94.140625,1,1,1,0.0,exact_at_scalar_endpoint,recorded scalar endpoint schedule passed all nonlinear interval readbacks; zero observed gap is not a joint AC-set proof
2012-09-23,84,3,634.1,84.765625,1,1,1,0.0,exact_at_scalar_endpoint,recorded scalar endpoint schedule passed all nonlinear interval readbacks; zero observed gap is not a joint AC-set proof
2012-09-23,84,4,611.3,115.078125,1,1,1,0.0,exact_at_scalar_endpoint,recorded scalar endpoint schedule passed all nonlinear interval readbacks; zero observed gap is not a joint AC-set proof
2012-09-23,84,4,634.1,117.96875,1,1,1,0.0,exact_at_scalar_endpoint,recorded scalar endpoint schedule passed all nonlinear interval readbacks; zero observed gap is not a joint AC-set proof
2012-09-23,84,5,611.3,118.671875,1,1,1,0.0,exact_at_scalar_endpoint,recorded scalar endpoint schedule passed all nonlinear interval readbacks; zero observed gap is not a joint AC-set proof
2012-09-23,84,5,634.1,118.515625,1,1,1,0.0,exact_at_scalar_endpoint,recorded scalar endpoint schedule passed all nonlinear interval readbacks; zero observed gap is not a joint AC-set proof
2012-09-23,84,6,611.3,114.375,1,1,1,0.0,exact_at_scalar_endpoint,recorded scalar endpoint schedule passed all nonlinear interval readbacks; zero observed gap is not a joint AC-set proof
2012-09-23,84,6,634.1,121.953125,1,1,1,0.0,exact_at_scalar_endpoint,recorded scalar endpoint schedule passed all nonlinear interval readbacks; zero observed gap is not a joint AC-set proof
2012-09-23,84,7,611.3,99.921875,1,1,1,0.0,exact_at_scalar_endpoint,recorded scalar endpoint schedule passed all nonlinear interval readbacks; zero observed gap is not a joint AC-set proof
2012-09-23,84,7,634.1,93.125,1,1,1,0.0,exact_at_scalar_endpoint,recorded scalar endpoint schedule passed all nonlinear interval readbacks; zero observed gap is not a joint AC-set proof
2012-09-23,84,8,611.3,107.1875,1,1,1,0.0,exact_at_scalar_endpoint,recorded scalar endpoint schedule passed all nonlinear interval readbacks; zero observed gap is not a joint AC-set proof
2012-09-23,84,8,634.1,103.828125,1,1,1,0.0,exact_at_scalar_endpoint,recorded scalar endpoint schedule passed all nonlinear interval readbacks; zero observed gap is not a joint AC-set proof
2012-09-23,84,9,611.3,116.40625,1,1,1,0.0,exact_at_scalar_endpoint,recorded scalar endpoint schedule passed all nonlinear interval readbacks; zero observed gap is not a joint AC-set proof
2012-09-23,84,9,634.1,115.78125,1,1,1,0.0,exact_at_scalar_endpoint,recorded scalar endpoint schedule passed all nonlinear interval readbacks; zero observed gap is not a joint AC-set proof
2012-09-24,85,0,611.3,107.96875,1,1,1,0.0,exact_at_scalar_endpoint,recorded scalar endpoint schedule passed all nonlinear interval readbacks; zero observed gap is not a joint AC-set proof
2012-09-24,85,0,634.1,113.59375,1,1,1,0.0,exact_at_scalar_endpoint,recorded scalar endpoint schedule passed all nonlinear interval readbacks; zero observed gap is not a joint AC-set proof
2012-09-24,85,1,611.3,104.453125,1,1,1,0.0,exact_at_scalar_endpoint,recorded scalar endpoint schedule passed all nonlinear interval readbacks; zero observed gap is not a joint AC-set proof
2012-09-24,85,1,634.1,103.671875,1,1,1,0.0,exact_at_scalar_endpoint,recorded scalar endpoint schedule passed all nonlinear interval readbacks; zero observed gap is not a joint AC-set proof
2012-09-24,85,2,611.3,110.078125,1,1,1,0.0,exact_at_scalar_endpoint,recorded scalar endpoint schedule passed all nonlinear interval readbacks; zero observed gap is not a joint AC-set proof
2012-09-24,85,2,634.1,101.40625,1,1,1,0.0,exact_at_scalar_endpoint,recorded scalar endpoint schedule passed all nonlinear interval readbacks; zero observed gap is not a joint AC-set proof
2012-09-24,85,3,611.3,70.234375,1,1,1,0.0,exact_at_scalar_endpoint,recorded scalar endpoint schedule passed all nonlinear interval readbacks; zero observed gap is not a joint AC-set proof
2012-09-24,85,3,634.1,50.078125,1,1,1,0.0,exact_at_scalar_endpoint,recorded scalar endpoint schedule passed all nonlinear interval readbacks; zero observed gap is not a joint AC-set proof
2012-09-24,85,4,611.3,92.96875,1,1,1,0.0,exact_at_scalar_endpoint,recorded scalar endpoint schedule passed all nonlinear interval readbacks; zero observed gap is not a joint AC-set proof
2012-09-24,85,4,634.1,87.65625,1,1,1,0.0,exact_at_scalar_endpoint,recorded scalar endpoint schedule passed all nonlinear interval readbacks; zero observed gap is not a joint AC-set proof
2012-09-24,85,5,611.3,69.84375,1,1,1,0.0,exact_at_scalar_endpoint,recorded scalar endpoint schedule passed all nonlinear interval readbacks; zero observed gap is not a joint AC-set proof
2012-09-24,85,5,634.1,50.859375,1,1,1,0.0,exact_at_scalar_endpoint,recorded scalar endpoint schedule passed all nonlinear interval readbacks; zero observed gap is not a joint AC-set proof
2012-09-24,85,6,611.3,95.3125,1,1,1,0.0,exact_at_scalar_endpoint,recorded scalar endpoint schedule passed all nonlinear interval readbacks; zero observed gap is not a joint AC-set proof
2012-09-24,85,6,634.1,93.4375,1,1,1,0.0,exact_at_scalar_endpoint,recorded scalar endpoint schedule passed all nonlinear interval readbacks; zero observed gap is not a joint AC-set proof
2012-09-24,85,7,611.3,94.140625,1,1,1,0.0,exact_at_scalar_endpoint,recorded scalar endpoint schedule passed all nonlinear interval readbacks; zero observed gap is not a joint AC-set proof
2012-09-24,85,7,634.1,82.1875,1,1,1,0.0,exact_at_scalar_endpoint,recorded scalar endpoint schedule passed all nonlinear interval readbacks; zero observed gap is not a joint AC-set proof
2012-09-24,85,8,611.3,79.296875,1,1,1,0.0,exact_at_scalar_endpoint,recorded scalar endpoint schedule passed all nonlinear interval readbacks; zero observed gap is not a joint AC-set proof
2012-09-24,85,8,634.1,62.890625,1,1,1,0.0,exact_at_scalar_endpoint,recorded scalar endpoint schedule passed all nonlinear interval readbacks; zero observed gap is not a joint AC-set proof
2012-09-24,85,9,611.3,106.328125,1,1,1,0.0,exact_at_scalar_endpoint,recorded scalar endpoint schedule passed all nonlinear interval readbacks; zero observed gap is not a joint AC-set proof
2012-09-24,85,9,634.1,100.46875,1,1,1,0.0,exact_at_scalar_endpoint,recorded scalar endpoint schedule passed all nonlinear interval readbacks; zero observed gap is not a joint AC-set proof
2012-09-25,86,0,611.3,127.34375,1,1,1,0.0,exact_at_scalar_endpoint,recorded scalar endpoint schedule passed all nonlinear interval readbacks; zero observed gap is not a joint AC-set proof
2012-09-25,86,0,634.1,137.421875,1,1,1,0.0,exact_at_scalar_endpoint,recorded scalar endpoint schedule passed all nonlinear interval readbacks; zero observed gap is not a joint AC-set proof
2012-09-25,86,1,611.3,124.21875,1,1,1,0.0,exact_at_scalar_endpoint,recorded scalar endpoint schedule passed all nonlinear interval readbacks; zero observed gap is not a joint AC-set proof
2012-09-25,86,1,634.1,138.125,1,1,1,0.0,exact_at_scalar_endpoint,recorded scalar endpoint schedule passed all nonlinear interval readbacks; zero observed gap is not a joint AC-set proof
2012-09-25,86,2,611.3,131.40625,1,1,1,0.0,exact_at_scalar_endpoint,recorded scalar endpoint schedule passed all nonlinear interval readbacks; zero observed gap is not a joint AC-set proof
2012-09-25,86,2,634.1,143.046875,1,1,1,0.0,exact_at_scalar_endpoint,recorded scalar endpoint schedule passed all nonlinear interval readbacks; zero observed gap is not a joint AC-set proof
2012-09-25,86,3,611.3,110.234375,1,1,1,0.0,exact_at_scalar_endpoint,recorded scalar endpoint schedule passed all nonlinear interval readbacks; zero observed gap is not a joint AC-set proof
2012-09-25,86,3,634.1,125.46875,1,1,1,0.0,exact_at_scalar_endpoint,recorded scalar endpoint schedule passed all nonlinear interval readbacks; zero observed gap is not a joint AC-set proof
2012-09-25,86,4,611.3,128.203125,1,1,1,0.0,exact_at_scalar_endpoint,recorded scalar endpoint schedule passed all nonlinear interval readbacks; zero observed gap is not a joint AC-set proof
2012-09-25,86,4,634.1,140.9375,1,1,1,0.0,exact_at_scalar_endpoint,recorded scalar endpoint schedule passed all nonlinear interval readbacks; zero observed gap is not a joint AC-set proof
2012-09-25,86,5,611.3,103.671875,1,1,1,0.0,exact_at_scalar_endpoint,recorded scalar endpoint schedule passed all nonlinear interval readbacks; zero observed gap is not a joint AC-set proof
2012-09-25,86,5,634.1,117.34375,1,1,1,0.0,exact_at_scalar_endpoint,recorded scalar endpoint schedule passed all nonlinear interval readbacks; zero observed gap is not a joint AC-set proof
2012-09-25,86,6,611.3,125.234375,1,1,1,0.0,exact_at_scalar_endpoint,recorded scalar endpoint schedule passed all nonlinear interval readbacks; zero observed gap is not a joint AC-set proof
2012-09-25,86,6,634.1,142.578125,1,1,1,0.0,exact_at_scalar_endpoint,recorded scalar endpoint schedule passed all nonlinear interval readbacks; zero observed gap is not a joint AC-set proof
2012-09-25,86,7,611.3,122.109375,1,1,1,0.0,exact_at_scalar_endpoint,recorded scalar endpoint schedule passed all nonlinear interval readbacks; zero observed gap is not a joint AC-set proof
2012-09-25,86,7,634.1,133.359375,1,1,1,0.0,exact_at_scalar_endpoint,recorded scalar endpoint schedule passed all nonlinear interval readbacks; zero observed gap is not a joint AC-set proof
2012-09-25,86,8,611.3,118.828125,1,1,1,0.0,exact_at_scalar_endpoint,recorded scalar endpoint schedule passed all nonlinear interval readbacks; zero observed gap is not a joint AC-set proof
2012-09-25,86,8,634.1,136.5625,1,1,1,0.0,exact_at_scalar_endpoint,recorded scalar endpoint schedule passed all nonlinear interval readbacks; zero observed gap is not a joint AC-set proof
2012-09-25,86,9,611.3,138.671875,1,1,1,0.0,exact_at_scalar_endpoint,recorded scalar endpoint schedule passed all nonlinear interval readbacks; zero observed gap is not a joint AC-set proof
2012-09-25,86,9,634.1,157.96875,1,1,1,0.0,exact_at_scalar_endpoint,recorded scalar endpoint schedule passed all nonlinear interval readbacks; zero observed gap is not a joint AC-set proof
2012-09-26,87,0,611.3,117.109375,1,1,1,0.0,exact_at_scalar_endpoint,recorded scalar endpoint schedule passed all nonlinear interval readbacks; zero observed gap is not a joint AC-set proof
2012-09-26,87,0,634.1,116.09375,1,1,1,0.0,exact_at_scalar_endpoint,recorded scalar endpoint schedule passed all nonlinear interval readbacks; zero observed gap is not a joint AC-set proof
2012-09-26,87,1,611.3,99.921875,1,1,1,0.0,exact_at_scalar_endpoint,recorded scalar endpoint schedule passed all nonlinear interval readbacks; zero observed gap is not a joint AC-set proof
2012-09-26,87,1,634.1,104.921875,1,1,1,0.0,exact_at_scalar_endpoint,recorded scalar endpoint schedule passed all nonlinear interval readbacks; zero observed gap is not a joint AC-set proof
2012-09-26,87,2,611.3,81.015625,1,1,1,0.0,exact_at_scalar_endpoint,recorded scalar endpoint schedule passed all nonlinear interval readbacks; zero observed gap is not a joint AC-set proof
2012-09-26,87,2,634.1,71.5625,1,1,1,0.0,exact_at_scalar_endpoint,recorded scalar endpoint schedule passed all nonlinear interval readbacks; zero observed gap is not a joint AC-set proof
2012-09-26,87,3,611.3,78.515625,1,1,1,0.0,exact_at_scalar_endpoint,recorded scalar endpoint schedule passed all nonlinear interval readbacks; zero observed gap is not a joint AC-set proof
2012-09-26,87,3,634.1,72.109375,1,1,1,0.0,exact_at_scalar_endpoint,recorded scalar endpoint schedule passed all nonlinear interval readbacks; zero observed gap is not a joint AC-set proof
2012-09-26,87,4,611.3,112.5,1,1,1,0.0,exact_at_scalar_endpoint,recorded scalar endpoint schedule passed all nonlinear interval readbacks; zero observed gap is not a joint AC-set proof
2012-09-26,87,4,634.1,114.453125,1,1,1,0.0,exact_at_scalar_endpoint,recorded scalar endpoint schedule passed all nonlinear interval readbacks; zero observed gap is not a joint AC-set proof
2012-09-26,87,5,611.3,89.53125,1,1,1,0.0,exact_at_scalar_endpoint,recorded scalar endpoint schedule passed all nonlinear interval readbacks; zero observed gap is not a joint AC-set proof
2012-09-26,87,5,634.1,83.671875,1,1,1,0.0,exact_at_scalar_endpoint,recorded scalar endpoint schedule passed all nonlinear interval readbacks; zero observed gap is not a joint AC-set proof
2012-09-26,87,6,611.3,94.0625,1,1,1,0.0,exact_at_scalar_endpoint,recorded scalar endpoint schedule passed all nonlinear interval readbacks; zero observed gap is not a joint AC-set proof
2012-09-26,87,6,634.1,105.0,1,1,1,0.0,exact_at_scalar_endpoint,recorded scalar endpoint schedule passed all nonlinear interval readbacks; zero observed gap is not a joint AC-set proof
2012-09-26,87,7,611.3,90.3125,1,1,1,0.0,exact_at_scalar_endpoint,recorded scalar endpoint schedule passed all nonlinear interval readbacks; zero observed gap is not a joint AC-set proof
2012-09-26,87,7,634.1,81.328125,1,1,1,0.0,exact_at_scalar_endpoint,recorded scalar endpoint schedule passed all nonlinear interval readbacks; zero observed gap is not a joint AC-set proof
2012-09-26,87,8,611.3,117.8125,1,1,1,0.0,exact_at_scalar_endpoint,recorded scalar endpoint schedule passed all nonlinear interval readbacks; zero observed gap is not a joint AC-set proof
2012-09-26,87,8,634.1,117.265625,1,1,1,0.0,exact_at_scalar_endpoint,recorded scalar endpoint schedule passed all nonlinear interval readbacks; zero observed gap is not a joint AC-set proof
2012-09-26,87,9,611.3,110.546875,1,1,1,0.0,exact_at_scalar_endpoint,recorded scalar endpoint schedule passed all nonlinear interval readbacks; zero observed gap is not a joint AC-set proof
2012-09-26,87,9,634.1,112.96875,1,1,1,0.0,exact_at_scalar_endpoint,recorded scalar endpoint schedule passed all nonlinear interval readbacks; zero observed gap is not a joint AC-set proof
2012-09-27,88,0,611.3,112.96875,1,1,1,0.0,exact_at_scalar_endpoint,recorded scalar endpoint schedule passed all nonlinear interval readbacks; zero observed gap is not a joint AC-set proof
2012-09-27,88,0,634.1,114.609375,1,1,1,0.0,exact_at_scalar_endpoint,recorded scalar endpoint schedule passed all nonlinear interval readbacks; zero observed gap is not a joint AC-set proof
2012-09-27,88,1,611.3,101.015625,1,1,1,0.0,exact_at_scalar_endpoint,recorded scalar endpoint schedule passed all nonlinear interval readbacks; zero observed gap is not a joint AC-set proof
2012-09-27,88,1,634.1,107.96875,1,1,1,0.0,exact_at_scalar_endpoint,recorded scalar endpoint schedule passed all nonlinear interval readbacks; zero observed gap is not a joint AC-set proof
2012-09-27,88,2,611.3,89.296875,1,1,1,0.0,exact_at_scalar_endpoint,recorded scalar endpoint schedule passed all nonlinear interval readbacks; zero observed gap is not a joint AC-set proof
2012-09-27,88,2,634.1,95.390625,1,1,1,0.0,exact_at_scalar_endpoint,recorded scalar endpoint schedule passed all nonlinear interval readbacks; zero observed gap is not a joint AC-set proof
2012-09-27,88,3,611.3,97.578125,1,1,1,0.0,exact_at_scalar_endpoint,recorded scalar endpoint schedule passed all nonlinear interval readbacks; zero observed gap is not a joint AC-set proof
2012-09-27,88,3,634.1,103.28125,1,1,1,0.0,exact_at_scalar_endpoint,recorded scalar endpoint schedule passed all nonlinear interval readbacks; zero observed gap is not a joint AC-set proof
2012-09-27,88,4,611.3,105.3125,1,1,1,0.0,exact_at_scalar_endpoint,recorded scalar endpoint schedule passed all nonlinear interval readbacks; zero observed gap is not a joint AC-set proof
2012-09-27,88,4,634.1,108.359375,1,1,1,0.0,exact_at_scalar_endpoint,recorded scalar endpoint schedule passed all nonlinear interval readbacks; zero observed gap is not a joint AC-set proof
2012-09-27,88,5,611.3,91.40625,1,1,1,0.0,exact_at_scalar_endpoint,recorded scalar endpoint schedule passed all nonlinear interval readbacks; zero observed gap is not a joint AC-set proof
2012-09-27,88,5,634.1,86.328125,1,1,1,0.0,exact_at_scalar_endpoint,recorded scalar endpoint schedule passed all nonlinear interval readbacks; zero observed gap is not a joint AC-set proof
2012-09-27,88,6,611.3,109.84375,1,1,1,0.0,exact_at_scalar_endpoint,recorded scalar endpoint schedule passed all nonlinear interval readbacks; zero observed gap is not a joint AC-set proof
2012-09-27,88,6,634.1,113.4375,1,1,1,0.0,exact_at_scalar_endpoint,recorded scalar endpoint schedule passed all nonlinear interval readbacks; zero observed gap is not a joint AC-set proof
2012-09-27,88,7,611.3,114.609375,1,1,1,0.0,exact_at_scalar_endpoint,recorded scalar endpoint schedule passed all nonlinear interval readbacks; zero observed gap is not a joint AC-set proof
2012-09-27,88,7,634.1,114.140625,1,1,1,0.0,exact_at_scalar_endpoint,recorded scalar endpoint schedule passed all nonlinear interval readbacks; zero observed gap is not a joint AC-set proof
2012-09-27,88,8,611.3,97.890625,1,1,1,0.0,exact_at_scalar_endpoint,recorded scalar endpoint schedule passed all nonlinear interval readbacks; zero observed gap is not a joint AC-set proof
2012-09-27,88,8,634.1,93.59375,1,1,1,0.0,exact_at_scalar_endpoint,recorded scalar endpoint schedule passed all nonlinear interval readbacks; zero observed gap is not a joint AC-set proof
2012-09-27,88,9,611.3,118.671875,1,1,1,0.0,exact_at_scalar_endpoint,recorded scalar endpoint schedule passed all nonlinear interval readbacks; zero observed gap is not a joint AC-set proof
2012-09-27,88,9,634.1,117.578125,1,1,1,0.0,exact_at_scalar_endpoint,recorded scalar endpoint schedule passed all nonlinear interval readbacks; zero observed gap is not a joint AC-set proof
2012-09-28,89,0,611.3,116.796875,1,1,1,0.0,exact_at_scalar_endpoint,recorded scalar endpoint schedule passed all nonlinear interval readbacks; zero observed gap is not a joint AC-set proof
2012-09-28,89,0,634.1,117.109375,1,1,1,0.0,exact_at_scalar_endpoint,recorded scalar endpoint schedule passed all nonlinear interval readbacks; zero observed gap is not a joint AC-set proof
2012-09-28,89,1,611.3,119.6875,1,1,1,0.0,exact_at_scalar_endpoint,recorded scalar endpoint schedule passed all nonlinear interval readbacks; zero observed gap is not a joint AC-set proof
2012-09-28,89,1,634.1,125.78125,1,1,1,0.0,exact_at_scalar_endpoint,recorded scalar endpoint schedule passed all nonlinear interval readbacks; zero observed gap is not a joint AC-set proof
2012-09-28,89,2,611.3,90.703125,1,1,1,0.0,exact_at_scalar_endpoint,recorded scalar endpoint schedule passed all nonlinear interval readbacks; zero observed gap is not a joint AC-set proof
2012-09-28,89,2,634.1,88.59375,1,1,1,0.0,exact_at_scalar_endpoint,recorded scalar endpoint schedule passed all nonlinear interval readbacks; zero observed gap is not a joint AC-set proof
2012-09-28,89,3,611.3,92.5,1,1,1,0.0,exact_at_scalar_endpoint,recorded scalar endpoint schedule passed all nonlinear interval readbacks; zero observed gap is not a joint AC-set proof
2012-09-28,89,3,634.1,87.421875,1,1,1,0.0,exact_at_scalar_endpoint,recorded scalar endpoint schedule passed all nonlinear interval readbacks; zero observed gap is not a joint AC-set proof
2012-09-28,89,4,611.3,124.84375,1,1,1,0.0,exact_at_scalar_endpoint,recorded scalar endpoint schedule passed all nonlinear interval readbacks; zero observed gap is not a joint AC-set proof
2012-09-28,89,4,634.1,131.71875,1,1,1,0.0,exact_at_scalar_endpoint,recorded scalar endpoint schedule passed all nonlinear interval readbacks; zero observed gap is not a joint AC-set proof
2012-09-28,89,5,611.3,96.71875,1,1,1,0.0,exact_at_scalar_endpoint,recorded scalar endpoint schedule passed all nonlinear interval readbacks; zero observed gap is not a joint AC-set proof
2012-09-28,89,5,634.1,97.34375,1,1,1,0.0,exact_at_scalar_endpoint,recorded scalar endpoint schedule passed all nonlinear interval readbacks; zero observed gap is not a joint AC-set proof
2012-09-28,89,6,611.3,111.25,1,1,1,0.0,exact_at_scalar_endpoint,recorded scalar endpoint schedule passed all nonlinear interval readbacks; zero observed gap is not a joint AC-set proof
2012-09-28,89,6,634.1,116.328125,1,1,1,0.0,exact_at_scalar_endpoint,recorded scalar endpoint schedule passed all nonlinear interval readbacks; zero observed gap is not a joint AC-set proof
2012-09-28,89,7,611.3,112.890625,1,1,1,0.0,exact_at_scalar_endpoint,recorded scalar endpoint schedule passed all nonlinear interval readbacks; zero observed gap is not a joint AC-set proof
2012-09-28,89,7,634.1,113.046875,1,1,1,0.0,exact_at_scalar_endpoint,recorded scalar endpoint schedule passed all nonlinear interval readbacks; zero observed gap is not a joint AC-set proof
2012-09-28,89,8,611.3,124.296875,1,1,1,0.0,exact_at_scalar_endpoint,recorded scalar endpoint schedule passed all nonlinear interval readbacks; zero observed gap is not a joint AC-set proof
2012-09-28,89,8,634.1,122.734375,1,1,1,0.0,exact_at_scalar_endpoint,recorded scalar endpoint schedule passed all nonlinear interval readbacks; zero observed gap is not a joint AC-set proof
2012-09-28,89,9,611.3,131.640625,1,1,1,0.0,exact_at_scalar_endpoint,recorded scalar endpoint schedule passed all nonlinear interval readbacks; zero observed gap is not a joint AC-set proof
2012-09-28,89,9,634.1,132.578125,1,1,1,0.0,exact_at_scalar_endpoint,recorded scalar endpoint schedule passed all nonlinear interval readbacks; zero observed gap is not a joint AC-set proof
2012-09-29,90,0,611.3,115.078125,1,1,1,0.0,exact_at_scalar_endpoint,recorded scalar endpoint schedule passed all nonlinear interval readbacks; zero observed gap is not a joint AC-set proof
2012-09-29,90,0,634.1,120.546875,1,1,1,0.0,exact_at_scalar_endpoint,recorded scalar endpoint schedule passed all nonlinear interval readbacks; zero observed gap is not a joint AC-set proof
2012-09-29,90,1,611.3,125.15625,1,1,1,0.0,exact_at_scalar_endpoint,recorded scalar endpoint schedule passed all nonlinear interval readbacks; zero observed gap is not a joint AC-set proof
2012-09-29,90,1,634.1,132.8125,1,1,1,0.0,exact_at_scalar_endpoint,recorded scalar endpoint schedule passed all nonlinear interval readbacks; zero observed gap is not a joint AC-set proof
2012-09-29,90,2,611.3,98.515625,1,1,1,0.0,exact_at_scalar_endpoint,recorded scalar endpoint schedule passed all nonlinear interval readbacks; zero observed gap is not a joint AC-set proof
2012-09-29,90,2,634.1,102.109375,1,1,1,0.0,exact_at_scalar_endpoint,recorded scalar endpoint schedule passed all nonlinear interval readbacks; zero observed gap is not a joint AC-set proof
2012-09-29,90,3,611.3,118.984375,1,1,1,0.0,exact_at_scalar_endpoint,recorded scalar endpoint schedule passed all nonlinear interval readbacks; zero observed gap is not a joint AC-set proof
2012-09-29,90,3,634.1,120.078125,1,1,1,0.0,exact_at_scalar_endpoint,recorded scalar endpoint schedule passed all nonlinear interval readbacks; zero observed gap is not a joint AC-set proof
2012-09-29,90,4,611.3,145.234375,1,1,1,0.0,exact_at_scalar_endpoint,recorded scalar endpoint schedule passed all nonlinear interval readbacks; zero observed gap is not a joint AC-set proof
2012-09-29,90,4,634.1,146.71875,1,1,1,0.0,exact_at_scalar_endpoint,recorded scalar endpoint schedule passed all nonlinear interval readbacks; zero observed gap is not a joint AC-set proof
2012-09-29,90,5,611.3,94.6875,1,1,1,0.0,exact_at_scalar_endpoint,recorded scalar endpoint schedule passed all nonlinear interval readbacks; zero observed gap is not a joint AC-set proof
2012-09-29,90,5,634.1,96.71875,1,1,1,0.0,exact_at_scalar_endpoint,recorded scalar endpoint schedule passed all nonlinear interval readbacks; zero observed gap is not a joint AC-set proof
2012-09-29,90,6,611.3,116.5625,1,1,1,0.0,exact_at_scalar_endpoint,recorded scalar endpoint schedule passed all nonlinear interval readbacks; zero observed gap is not a joint AC-set proof
2012-09-29,90,6,634.1,122.65625,1,1,1,0.0,exact_at_scalar_endpoint,recorded scalar endpoint schedule passed all nonlinear interval readbacks; zero observed gap is not a joint AC-set proof
2012-09-29,90,7,611.3,109.453125,1,1,1,0.0,exact_at_scalar_endpoint,recorded scalar endpoint schedule passed all nonlinear interval readbacks; zero observed gap is not a joint AC-set proof
2012-09-29,90,7,634.1,112.578125,1,1,1,0.0,exact_at_scalar_endpoint,recorded scalar endpoint schedule passed all nonlinear interval readbacks; zero observed gap is not a joint AC-set proof
2012-09-29,90,8,611.3,111.25,1,1,1,0.0,exact_at_scalar_endpoint,recorded scalar endpoint schedule passed all nonlinear interval readbacks; zero observed gap is not a joint AC-set proof
2012-09-29,90,8,634.1,114.140625,1,1,1,0.0,exact_at_scalar_endpoint,recorded scalar endpoint schedule passed all nonlinear interval readbacks; zero observed gap is not a joint AC-set proof
2012-09-29,90,9,611.3,117.578125,1,1,1,0.0,exact_at_scalar_endpoint,recorded scalar endpoint schedule passed all nonlinear interval readbacks; zero observed gap is not a joint AC-set proof
2012-09-29,90,9,634.1,119.53125,1,1,1,0.0,exact_at_scalar_endpoint,recorded scalar endpoint schedule passed all nonlinear interval readbacks; zero observed gap is not a joint AC-set proof
2012-09-30,91,0,611.3,101.796875,1,1,1,0.0,exact_at_scalar_endpoint,recorded scalar endpoint schedule passed all nonlinear interval readbacks; zero observed gap is not a joint AC-set proof
2012-09-30,91,0,634.1,91.796875,1,1,1,0.0,exact_at_scalar_endpoint,recorded scalar endpoint schedule passed all nonlinear interval readbacks; zero observed gap is not a joint AC-set proof
2012-09-30,91,1,611.3,106.40625,1,1,1,0.0,exact_at_scalar_endpoint,recorded scalar endpoint schedule passed all nonlinear interval readbacks; zero observed gap is not a joint AC-set proof
2012-09-30,91,1,634.1,104.0625,1,1,1,0.0,exact_at_scalar_endpoint,recorded scalar endpoint schedule passed all nonlinear interval readbacks; zero observed gap is not a joint AC-set proof
2012-09-30,91,2,611.3,86.71875,1,1,1,0.0,exact_at_scalar_endpoint,recorded scalar endpoint schedule passed all nonlinear interval readbacks; zero observed gap is not a joint AC-set proof
2012-09-30,91,2,634.1,71.484375,1,1,1,0.0,exact_at_scalar_endpoint,recorded scalar endpoint schedule passed all nonlinear interval readbacks; zero observed gap is not a joint AC-set proof
2012-09-30,91,3,611.3,95.546875,1,1,1,0.0,exact_at_scalar_endpoint,recorded scalar endpoint schedule passed all nonlinear interval readbacks; zero observed gap is not a joint AC-set proof
2012-09-30,91,3,634.1,82.265625,1,1,1,0.0,exact_at_scalar_endpoint,recorded scalar endpoint schedule passed all nonlinear interval readbacks; zero observed gap is not a joint AC-set proof
2012-09-30,91,4,611.3,106.171875,1,1,1,0.0,exact_at_scalar_endpoint,recorded scalar endpoint schedule passed all nonlinear interval readbacks; zero observed gap is not a joint AC-set proof
2012-09-30,91,4,634.1,104.921875,1,1,1,0.0,exact_at_scalar_endpoint,recorded scalar endpoint schedule passed all nonlinear interval readbacks; zero observed gap is not a joint AC-set proof
2012-09-30,91,5,611.3,114.0625,1,1,1,0.0,exact_at_scalar_endpoint,recorded scalar endpoint schedule passed all nonlinear interval readbacks; zero observed gap is not a joint AC-set proof
2012-09-30,91,5,634.1,104.0625,1,1,1,0.0,exact_at_scalar_endpoint,recorded scalar endpoint schedule passed all nonlinear interval readbacks; zero observed gap is not a joint AC-set proof
2012-09-30,91,6,611.3,125.703125,1,1,1,0.0,exact_at_scalar_endpoint,recorded scalar endpoint schedule passed all nonlinear interval readbacks; zero observed gap is not a joint AC-set proof
2012-09-30,91,6,634.1,123.359375,1,1,1,0.0,exact_at_scalar_endpoint,recorded scalar endpoint schedule passed all nonlinear interval readbacks; zero observed gap is not a joint AC-set proof
2012-09-30,91,7,611.3,93.046875,1,1,1,0.0,exact_at_scalar_endpoint,recorded scalar endpoint schedule passed all nonlinear interval readbacks; zero observed gap is not a joint AC-set proof
2012-09-30,91,7,634.1,82.8125,1,1,1,0.0,exact_at_scalar_endpoint,recorded scalar endpoint schedule passed all nonlinear interval readbacks; zero observed gap is not a joint AC-set proof
2012-09-30,91,8,611.3,117.265625,1,1,1,0.0,exact_at_scalar_endpoint,recorded scalar endpoint schedule passed all nonlinear interval readbacks; zero observed gap is not a joint AC-set proof
2012-09-30,91,8,634.1,105.46875,1,1,1,0.0,exact_at_scalar_endpoint,recorded scalar endpoint schedule passed all nonlinear interval readbacks; zero observed gap is not a joint AC-set proof
2012-09-30,91,9,611.3,121.25,1,1,1,0.0,exact_at_scalar_endpoint,recorded scalar endpoint schedule passed all nonlinear interval readbacks; zero observed gap is not a joint AC-set proof
2012-09-30,91,9,634.1,114.609375,1,1,1,0.0,exact_at_scalar_endpoint,recorded scalar endpoint schedule passed all nonlinear interval readbacks; zero observed gap is not a joint AC-set proof
2012-10-01,92,0,611.3,130.703125,1,1,1,0.0,exact_at_scalar_endpoint,recorded scalar endpoint schedule passed all nonlinear interval readbacks; zero observed gap is not a joint AC-set proof
2012-10-01,92,0,634.1,130.078125,1,1,1,0.0,exact_at_scalar_endpoint,recorded scalar endpoint schedule passed all nonlinear interval readbacks; zero observed gap is not a joint AC-set proof
2012-10-01,92,1,611.3,130.625,1,1,1,0.0,exact_at_scalar_endpoint,recorded scalar endpoint schedule passed all nonlinear interval readbacks; zero observed gap is not a joint AC-set proof
2012-10-01,92,1,634.1,134.296875,1,1,1,0.0,exact_at_scalar_endpoint,recorded scalar endpoint schedule passed all nonlinear interval readbacks; zero observed gap is not a joint AC-set proof
2012-10-01,92,2,611.3,97.421875,1,1,1,0.0,exact_at_scalar_endpoint,recorded scalar endpoint schedule passed all nonlinear interval readbacks; zero observed gap is not a joint AC-set proof
2012-10-01,92,2,634.1,98.359375,1,1,1,0.0,exact_at_scalar_endpoint,recorded scalar endpoint schedule passed all nonlinear interval readbacks; zero observed gap is not a joint AC-set proof
2012-10-01,92,3,611.3,102.265625,1,1,1,0.0,exact_at_scalar_endpoint,recorded scalar endpoint schedule passed all nonlinear interval readbacks; zero observed gap is not a joint AC-set proof
2012-10-01,92,3,634.1,111.09375,1,1,1,0.0,exact_at_scalar_endpoint,recorded scalar endpoint schedule passed all nonlinear interval readbacks; zero observed gap is not a joint AC-set proof
2012-10-01,92,4,611.3,139.609375,1,1,1,0.0,exact_at_scalar_endpoint,recorded scalar endpoint schedule passed all nonlinear interval readbacks; zero observed gap is not a joint AC-set proof
2012-10-01,92,4,634.1,144.84375,1,1,1,0.0,exact_at_scalar_endpoint,recorded scalar endpoint schedule passed all nonlinear interval readbacks; zero observed gap is not a joint AC-set proof
2012-10-01,92,5,611.3,112.5,1,1,1,0.0,exact_at_scalar_endpoint,recorded scalar endpoint schedule passed all nonlinear interval readbacks; zero observed gap is not a joint AC-set proof
2012-10-01,92,5,634.1,116.171875,1,1,1,0.0,exact_at_scalar_endpoint,recorded scalar endpoint schedule passed all nonlinear interval readbacks; zero observed gap is not a joint AC-set proof
2012-10-01,92,6,611.3,124.53125,1,1,1,0.0,exact_at_scalar_endpoint,recorded scalar endpoint schedule passed all nonlinear interval readbacks; zero observed gap is not a joint AC-set proof
2012-10-01,92,6,634.1,130.546875,1,1,1,0.0,exact_at_scalar_endpoint,recorded scalar endpoint schedule passed all nonlinear interval readbacks; zero observed gap is not a joint AC-set proof
2012-10-01,92,7,611.3,137.421875,1,1,1,0.0,exact_at_scalar_endpoint,recorded scalar endpoint schedule passed all nonlinear interval readbacks; zero observed gap is not a joint AC-set proof
2012-10-01,92,7,634.1,133.59375,1,1,1,0.0,exact_at_scalar_endpoint,recorded scalar endpoint schedule passed all nonlinear interval readbacks; zero observed gap is not a joint AC-set proof
2012-10-01,92,8,611.3,121.171875,1,1,1,0.0,exact_at_scalar_endpoint,recorded scalar endpoint schedule passed all nonlinear interval readbacks; zero observed gap is not a joint AC-set proof
2012-10-01,92,8,634.1,120.0,1,1,1,0.0,exact_at_scalar_endpoint,recorded scalar endpoint schedule passed all nonlinear interval readbacks; zero observed gap is not a joint AC-set proof
2012-10-01,92,9,611.3,132.109375,1,1,1,0.0,exact_at_scalar_endpoint,recorded scalar endpoint schedule passed all nonlinear interval readbacks; zero observed gap is not a joint AC-set proof
2012-10-01,92,9,634.1,130.390625,1,1,1,0.0,exact_at_scalar_endpoint,recorded scalar endpoint schedule passed all nonlinear interval readbacks; zero observed gap is not a joint AC-set proof
2012-10-02,93,0,611.3,102.8125,1,1,1,0.0,exact_at_scalar_endpoint,recorded scalar endpoint schedule passed all nonlinear interval readbacks; zero observed gap is not a joint AC-set proof
2012-10-02,93,0,634.1,95.46875,1,1,1,0.0,exact_at_scalar_endpoint,recorded scalar endpoint schedule passed all nonlinear interval readbacks; zero observed gap is not a joint AC-set proof
2012-10-02,93,1,611.3,107.890625,1,1,1,0.0,exact_at_scalar_endpoint,recorded scalar endpoint schedule passed all nonlinear interval readbacks; zero observed gap is not a joint AC-set proof
2012-10-02,93,1,634.1,111.875,1,1,1,0.0,exact_at_scalar_endpoint,recorded scalar endpoint schedule passed all nonlinear interval readbacks; zero observed gap is not a joint AC-set proof
2012-10-02,93,2,611.3,91.953125,1,1,1,0.0,exact_at_scalar_endpoint,recorded scalar endpoint schedule passed all nonlinear interval readbacks; zero observed gap is not a joint AC-set proof
2012-10-02,93,2,634.1,81.09375,1,1,1,0.0,exact_at_scalar_endpoint,recorded scalar endpoint schedule passed all nonlinear interval readbacks; zero observed gap is not a joint AC-set proof
2012-10-02,93,3,611.3,95.15625,1,1,1,0.0,exact_at_scalar_endpoint,recorded scalar endpoint schedule passed all nonlinear interval readbacks; zero observed gap is not a joint AC-set proof
2012-10-02,93,3,634.1,85.703125,1,1,1,0.0,exact_at_scalar_endpoint,recorded scalar endpoint schedule passed all nonlinear interval readbacks; zero observed gap is not a joint AC-set proof
2012-10-02,93,4,611.3,93.203125,1,1,1,0.0,exact_at_scalar_endpoint,recorded scalar endpoint schedule passed all nonlinear interval readbacks; zero observed gap is not a joint AC-set proof
2012-10-02,93,4,634.1,92.1875,1,1,1,0.0,exact_at_scalar_endpoint,recorded scalar endpoint schedule passed all nonlinear interval readbacks; zero observed gap is not a joint AC-set proof
2012-10-02,93,5,611.3,74.296875,1,1,1,0.0,exact_at_scalar_endpoint,recorded scalar endpoint schedule passed all nonlinear interval readbacks; zero observed gap is not a joint AC-set proof
2012-10-02,93,5,634.1,60.234375,1,1,1,0.0,exact_at_scalar_endpoint,recorded scalar endpoint schedule passed all nonlinear interval readbacks; zero observed gap is not a joint AC-set proof
2012-10-02,93,6,611.3,107.734375,1,1,1,0.0,exact_at_scalar_endpoint,recorded scalar endpoint schedule passed all nonlinear interval readbacks; zero observed gap is not a joint AC-set proof
2012-10-02,93,6,634.1,109.53125,1,1,1,0.0,exact_at_scalar_endpoint,recorded scalar endpoint schedule passed all nonlinear interval readbacks; zero observed gap is not a joint AC-set proof
2012-10-02,93,7,611.3,91.171875,1,1,1,0.0,exact_at_scalar_endpoint,recorded scalar endpoint schedule passed all nonlinear interval readbacks; zero observed gap is not a joint AC-set proof
2012-10-02,93,7,634.1,78.28125,1,1,1,0.0,exact_at_scalar_endpoint,recorded scalar endpoint schedule passed all nonlinear interval readbacks; zero observed gap is not a joint AC-set proof
2012-10-02,93,8,611.3,76.71875,1,1,1,0.0,exact_at_scalar_endpoint,recorded scalar endpoint schedule passed all nonlinear interval readbacks; zero observed gap is not a joint AC-set proof
2012-10-02,93,8,634.1,59.609375,1,1,1,0.0,exact_at_scalar_endpoint,recorded scalar endpoint schedule passed all nonlinear interval readbacks; zero observed gap is not a joint AC-set proof
2012-10-02,93,9,611.3,99.21875,1,1,1,0.0,exact_at_scalar_endpoint,recorded scalar endpoint schedule passed all nonlinear interval readbacks; zero observed gap is not a joint AC-set proof
2012-10-02,93,9,634.1,99.53125,1,1,1,0.0,exact_at_scalar_endpoint,recorded scalar endpoint schedule passed all nonlinear interval readbacks; zero observed gap is not a joint AC-set proof
2012-10-03,94,0,611.3,106.328125,1,1,1,0.0,exact_at_scalar_endpoint,recorded scalar endpoint schedule passed all nonlinear interval readbacks; zero observed gap is not a joint AC-set proof
2012-10-03,94,0,634.1,96.5625,1,1,1,0.0,exact_at_scalar_endpoint,recorded scalar endpoint schedule passed all nonlinear interval readbacks; zero observed gap is not a joint AC-set proof
2012-10-03,94,1,611.3,111.40625,1,1,1,0.0,exact_at_scalar_endpoint,recorded scalar endpoint schedule passed all nonlinear interval readbacks; zero observed gap is not a joint AC-set proof
2012-10-03,94,1,634.1,111.5625,1,1,1,0.0,exact_at_scalar_endpoint,recorded scalar endpoint schedule passed all nonlinear interval readbacks; zero observed gap is not a joint AC-set proof
2012-10-03,94,2,611.3,89.0625,1,1,1,0.0,exact_at_scalar_endpoint,recorded scalar endpoint schedule passed all nonlinear interval readbacks; zero observed gap is not a joint AC-set proof
2012-10-03,94,2,634.1,77.265625,1,1,1,0.0,exact_at_scalar_endpoint,recorded scalar endpoint schedule passed all nonlinear interval readbacks; zero observed gap is not a joint AC-set proof
2012-10-03,94,3,611.3,86.953125,1,1,1,0.0,exact_at_scalar_endpoint,recorded scalar endpoint schedule passed all nonlinear interval readbacks; zero observed gap is not a joint AC-set proof
2012-10-03,94,3,634.1,70.3125,1,1,1,0.0,exact_at_scalar_endpoint,recorded scalar endpoint schedule passed all nonlinear interval readbacks; zero observed gap is not a joint AC-set proof
2012-10-03,94,4,611.3,115.078125,1,1,1,0.0,exact_at_scalar_endpoint,recorded scalar endpoint schedule passed all nonlinear interval readbacks; zero observed gap is not a joint AC-set proof
2012-10-03,94,4,634.1,114.53125,1,1,1,0.0,exact_at_scalar_endpoint,recorded scalar endpoint schedule passed all nonlinear interval readbacks; zero observed gap is not a joint AC-set proof
2012-10-03,94,5,611.3,74.296875,1,1,1,0.0,exact_at_scalar_endpoint,recorded scalar endpoint schedule passed all nonlinear interval readbacks; zero observed gap is not a joint AC-set proof
2012-10-03,94,5,634.1,58.203125,1,1,1,0.0,exact_at_scalar_endpoint,recorded scalar endpoint schedule passed all nonlinear interval readbacks; zero observed gap is not a joint AC-set proof
2012-10-03,94,6,611.3,103.359375,1,1,1,0.0,exact_at_scalar_endpoint,recorded scalar endpoint schedule passed all nonlinear interval readbacks; zero observed gap is not a joint AC-set proof
2012-10-03,94,6,634.1,100.078125,1,1,1,0.0,exact_at_scalar_endpoint,recorded scalar endpoint schedule passed all nonlinear interval readbacks; zero observed gap is not a joint AC-set proof
2012-10-03,94,7,611.3,94.375,1,1,1,0.0,exact_at_scalar_endpoint,recorded scalar endpoint schedule passed all nonlinear interval readbacks; zero observed gap is not a joint AC-set proof
2012-10-03,94,7,634.1,86.875,1,1,1,0.0,exact_at_scalar_endpoint,recorded scalar endpoint schedule passed all nonlinear interval readbacks; zero observed gap is not a joint AC-set proof
2012-10-03,94,8,611.3,89.296875,1,1,1,0.0,exact_at_scalar_endpoint,recorded scalar endpoint schedule passed all nonlinear interval readbacks; zero observed gap is not a joint AC-set proof
2012-10-03,94,8,634.1,83.515625,1,1,1,0.0,exact_at_scalar_endpoint,recorded scalar endpoint schedule passed all nonlinear interval readbacks; zero observed gap is not a joint AC-set proof
2012-10-03,94,9,611.3,94.609375,1,1,1,0.0,exact_at_scalar_endpoint,recorded scalar endpoint schedule passed all nonlinear interval readbacks; zero observed gap is not a joint AC-set proof
2012-10-03,94,9,634.1,85.78125,1,1,1,0.0,exact_at_scalar_endpoint,recorded scalar endpoint schedule passed all nonlinear interval readbacks; zero observed gap is not a joint AC-set proof
2012-10-04,95,0,611.3,103.28125,1,1,1,0.0,exact_at_scalar_endpoint,recorded scalar endpoint schedule passed all nonlinear interval readbacks; zero observed gap is not a joint AC-set proof
2012-10-04,95,0,634.1,96.953125,1,1,1,0.0,exact_at_scalar_endpoint,recorded scalar endpoint schedule passed all nonlinear interval readbacks; zero observed gap is not a joint AC-set proof
2012-10-04,95,1,611.3,119.84375,1,1,1,0.0,exact_at_scalar_endpoint,recorded scalar endpoint schedule passed all nonlinear interval readbacks; zero observed gap is not a joint AC-set proof
2012-10-04,95,1,634.1,120.859375,1,1,1,0.0,exact_at_scalar_endpoint,recorded scalar endpoint schedule passed all nonlinear interval readbacks; zero observed gap is not a joint AC-set proof
2012-10-04,95,2,611.3,87.03125,1,1,1,0.0,exact_at_scalar_endpoint,recorded scalar endpoint schedule passed all nonlinear interval readbacks; zero observed gap is not a joint AC-set proof
2012-10-04,95,2,634.1,77.1875,1,1,1,0.0,exact_at_scalar_endpoint,recorded scalar endpoint schedule passed all nonlinear interval readbacks; zero observed gap is not a joint AC-set proof
2012-10-04,95,3,611.3,82.421875,1,1,1,0.0,exact_at_scalar_endpoint,recorded scalar endpoint schedule passed all nonlinear interval readbacks; zero observed gap is not a joint AC-set proof
2012-10-04,95,3,634.1,75.859375,1,1,1,0.0,exact_at_scalar_endpoint,recorded scalar endpoint schedule passed all nonlinear interval readbacks; zero observed gap is not a joint AC-set proof
2012-10-04,95,4,611.3,130.0,1,1,1,0.0,exact_at_scalar_endpoint,recorded scalar endpoint schedule passed all nonlinear interval readbacks; zero observed gap is not a joint AC-set proof
2012-10-04,95,4,634.1,127.578125,1,1,1,0.0,exact_at_scalar_endpoint,recorded scalar endpoint schedule passed all nonlinear interval readbacks; zero observed gap is not a joint AC-set proof
2012-10-04,95,5,611.3,86.171875,1,1,1,0.0,exact_at_scalar_endpoint,recorded scalar endpoint schedule passed all nonlinear interval readbacks; zero observed gap is not a joint AC-set proof
2012-10-04,95,5,634.1,72.1875,1,1,1,0.0,exact_at_scalar_endpoint,recorded scalar endpoint schedule passed all nonlinear interval readbacks; zero observed gap is not a joint AC-set proof
2012-10-04,95,6,611.3,105.15625,1,1,1,0.0,exact_at_scalar_endpoint,recorded scalar endpoint schedule passed all nonlinear interval readbacks; zero observed gap is not a joint AC-set proof
2012-10-04,95,6,634.1,105.9375,1,1,1,0.0,exact_at_scalar_endpoint,recorded scalar endpoint schedule passed all nonlinear interval readbacks; zero observed gap is not a joint AC-set proof
2012-10-04,95,7,611.3,108.4375,1,1,1,0.0,exact_at_scalar_endpoint,recorded scalar endpoint schedule passed all nonlinear interval readbacks; zero observed gap is not a joint AC-set proof
2012-10-04,95,7,634.1,101.171875,1,1,1,0.0,exact_at_scalar_endpoint,recorded scalar endpoint schedule passed all nonlinear interval readbacks; zero observed gap is not a joint AC-set proof
2012-10-04,95,8,611.3,100.390625,1,1,1,0.0,exact_at_scalar_endpoint,recorded scalar endpoint schedule passed all nonlinear interval readbacks; zero observed gap is not a joint AC-set proof
2012-10-04,95,8,634.1,89.296875,1,1,1,0.0,exact_at_scalar_endpoint,recorded scalar endpoint schedule passed all nonlinear interval readbacks; zero observed gap is not a joint AC-set proof
2012-10-04,95,9,611.3,124.6875,1,1,1,0.0,exact_at_scalar_endpoint,recorded scalar endpoint schedule passed all nonlinear interval readbacks; zero observed gap is not a joint AC-set proof
2012-10-04,95,9,634.1,118.671875,1,1,1,0.0,exact_at_scalar_endpoint,recorded scalar endpoint schedule passed all nonlinear interval readbacks; zero observed gap is not a joint AC-set proof
2012-10-05,96,0,611.3,127.34375,1,1,1,0.0,exact_at_scalar_endpoint,recorded scalar endpoint schedule passed all nonlinear interval readbacks; zero observed gap is not a joint AC-set proof
2012-10-05,96,0,634.1,121.5625,1,1,1,0.0,exact_at_scalar_endpoint,recorded scalar endpoint schedule passed all nonlinear interval readbacks; zero observed gap is not a joint AC-set proof
2012-10-05,96,1,611.3,118.359375,1,1,1,0.0,exact_at_scalar_endpoint,recorded scalar endpoint schedule passed all nonlinear interval readbacks; zero observed gap is not a joint AC-set proof
2012-10-05,96,1,634.1,119.140625,1,1,1,0.0,exact_at_scalar_endpoint,recorded scalar endpoint schedule passed all nonlinear interval readbacks; zero observed gap is not a joint AC-set proof
2012-10-05,96,2,611.3,99.6875,1,1,1,0.0,exact_at_scalar_endpoint,recorded scalar endpoint schedule passed all nonlinear interval readbacks; zero observed gap is not a joint AC-set proof
2012-10-05,96,2,634.1,96.171875,1,1,1,0.0,exact_at_scalar_endpoint,recorded scalar endpoint schedule passed all nonlinear interval readbacks; zero observed gap is not a joint AC-set proof
2012-10-05,96,3,611.3,103.046875,1,1,1,0.0,exact_at_scalar_endpoint,recorded scalar endpoint schedule passed all nonlinear interval readbacks; zero observed gap is not a joint AC-set proof
2012-10-05,96,3,634.1,93.984375,1,1,1,0.0,exact_at_scalar_endpoint,recorded scalar endpoint schedule passed all nonlinear interval readbacks; zero observed gap is not a joint AC-set proof
2012-10-05,96,4,611.3,116.484375,1,1,1,0.0,exact_at_scalar_endpoint,recorded scalar endpoint schedule passed all nonlinear interval readbacks; zero observed gap is not a joint AC-set proof
2012-10-05,96,4,634.1,114.84375,1,1,1,0.0,exact_at_scalar_endpoint,recorded scalar endpoint schedule passed all nonlinear interval readbacks; zero observed gap is not a joint AC-set proof
2012-10-05,96,5,611.3,114.0625,1,1,1,0.0,exact_at_scalar_endpoint,recorded scalar endpoint schedule passed all nonlinear interval readbacks; zero observed gap is not a joint AC-set proof
2012-10-05,96,5,634.1,107.03125,1,1,1,0.0,exact_at_scalar_endpoint,recorded scalar endpoint schedule passed all nonlinear interval readbacks; zero observed gap is not a joint AC-set proof
2012-10-05,96,6,611.3,119.21875,1,1,1,0.0,exact_at_scalar_endpoint,recorded scalar endpoint schedule passed all nonlinear interval readbacks; zero observed gap is not a joint AC-set proof
2012-10-05,96,6,634.1,119.0625,1,1,1,0.0,exact_at_scalar_endpoint,recorded scalar endpoint schedule passed all nonlinear interval readbacks; zero observed gap is not a joint AC-set proof
2012-10-05,96,7,611.3,132.03125,1,1,1,0.0,exact_at_scalar_endpoint,recorded scalar endpoint schedule passed all nonlinear interval readbacks; zero observed gap is not a joint AC-set proof
2012-10-05,96,7,634.1,124.453125,1,1,1,0.0,exact_at_scalar_endpoint,recorded scalar endpoint schedule passed all nonlinear interval readbacks; zero observed gap is not a joint AC-set proof
2012-10-05,96,8,611.3,135.390625,1,1,1,0.0,exact_at_scalar_endpoint,recorded scalar endpoint schedule passed all nonlinear interval readbacks; zero observed gap is not a joint AC-set proof
2012-10-05,96,8,634.1,143.28125,1,1,1,0.0,exact_at_scalar_endpoint,recorded scalar endpoint schedule passed all nonlinear interval readbacks; zero observed gap is not a joint AC-set proof
2012-10-05,96,9,611.3,123.046875,1,1,1,0.0,exact_at_scalar_endpoint,recorded scalar endpoint schedule passed all nonlinear interval readbacks; zero observed gap is not a joint AC-set proof
2012-10-05,96,9,634.1,116.71875,1,1,1,0.0,exact_at_scalar_endpoint,recorded scalar endpoint schedule passed all nonlinear interval readbacks; zero observed gap is not a joint AC-set proof
2012-10-06,97,0,611.3,157.109375,1,1,1,0.0,exact_at_scalar_endpoint,recorded scalar endpoint schedule passed all nonlinear interval readbacks; zero observed gap is not a joint AC-set proof
2012-10-06,97,0,634.1,179.0625,1,1,1,0.0,exact_at_scalar_endpoint,recorded scalar endpoint schedule passed all nonlinear interval readbacks; zero observed gap is not a joint AC-set proof
2012-10-06,97,1,611.3,148.4375,1,1,1,0.0,exact_at_scalar_endpoint,recorded scalar endpoint schedule passed all nonlinear interval readbacks; zero observed gap is not a joint AC-set proof
2012-10-06,97,1,634.1,171.640625,1,1,1,0.0,exact_at_scalar_endpoint,recorded scalar endpoint schedule passed all nonlinear interval readbacks; zero observed gap is not a joint AC-set proof
2012-10-06,97,2,611.3,151.40625,1,1,1,0.0,exact_at_scalar_endpoint,recorded scalar endpoint schedule passed all nonlinear interval readbacks; zero observed gap is not a joint AC-set proof
2012-10-06,97,2,634.1,173.046875,1,1,1,0.0,exact_at_scalar_endpoint,recorded scalar endpoint schedule passed all nonlinear interval readbacks; zero observed gap is not a joint AC-set proof
2012-10-06,97,3,611.3,142.734375,1,1,1,0.0,exact_at_scalar_endpoint,recorded scalar endpoint schedule passed all nonlinear interval readbacks; zero observed gap is not a joint AC-set proof
2012-10-06,97,3,634.1,169.0625,1,1,1,0.0,exact_at_scalar_endpoint,recorded scalar endpoint schedule passed all nonlinear interval readbacks; zero observed gap is not a joint AC-set proof
2012-10-06,97,4,611.3,151.328125,1,1,1,0.0,exact_at_scalar_endpoint,recorded scalar endpoint schedule passed all nonlinear interval readbacks; zero observed gap is not a joint AC-set proof
2012-10-06,97,4,634.1,172.96875,1,1,1,0.0,exact_at_scalar_endpoint,recorded scalar endpoint schedule passed all nonlinear interval readbacks; zero observed gap is not a joint AC-set proof
2012-10-06,97,5,611.3,130.46875,1,1,1,0.0,exact_at_scalar_endpoint,recorded scalar endpoint schedule passed all nonlinear interval readbacks; zero observed gap is not a joint AC-set proof
2012-10-06,97,5,634.1,163.515625,1,1,1,0.0,exact_at_scalar_endpoint,recorded scalar endpoint schedule passed all nonlinear interval readbacks; zero observed gap is not a joint AC-set proof
2012-10-06,97,6,611.3,137.421875,1,1,1,0.0,exact_at_scalar_endpoint,recorded scalar endpoint schedule passed all nonlinear interval readbacks; zero observed gap is not a joint AC-set proof
2012-10-06,97,6,634.1,166.640625,1,1,1,0.0,exact_at_scalar_endpoint,recorded scalar endpoint schedule passed all nonlinear interval readbacks; zero observed gap is not a joint AC-set proof
2012-10-06,97,7,611.3,156.796875,1,1,1,0.0,exact_at_scalar_endpoint,recorded scalar endpoint schedule passed all nonlinear interval readbacks; zero observed gap is not a joint AC-set proof
2012-10-06,97,7,634.1,177.734375,1,1,1,0.0,exact_at_scalar_endpoint,recorded scalar endpoint schedule passed all nonlinear interval readbacks; zero observed gap is not a joint AC-set proof
2012-10-06,97,8,611.3,143.984375,1,1,1,0.0,exact_at_scalar_endpoint,recorded scalar endpoint schedule passed all nonlinear interval readbacks; zero observed gap is not a joint AC-set proof
2012-10-06,97,8,634.1,169.6875,1,1,1,0.0,exact_at_scalar_endpoint,recorded scalar endpoint schedule passed all nonlinear interval readbacks; zero observed gap is not a joint AC-set proof
2012-10-06,97,9,611.3,143.515625,1,1,1,0.0,exact_at_scalar_endpoint,recorded scalar endpoint schedule passed all nonlinear interval readbacks; zero observed gap is not a joint AC-set proof
2012-10-06,97,9,634.1,169.453125,1,1,1,0.0,exact_at_scalar_endpoint,recorded scalar endpoint schedule passed all nonlinear interval readbacks; zero observed gap is not a joint AC-set proof
2012-10-07,98,0,611.3,108.828125,1,1,1,0.0,exact_at_scalar_endpoint,recorded scalar endpoint schedule passed all nonlinear interval readbacks; zero observed gap is not a joint AC-set proof
2012-10-07,98,0,634.1,92.34375,1,1,1,0.0,exact_at_scalar_endpoint,recorded scalar endpoint schedule passed all nonlinear interval readbacks; zero observed gap is not a joint AC-set proof
2012-10-07,98,1,611.3,125.703125,1,1,1,0.0,exact_at_scalar_endpoint,recorded scalar endpoint schedule passed all nonlinear interval readbacks; zero observed gap is not a joint AC-set proof
2012-10-07,98,1,634.1,121.5625,1,1,1,0.0,exact_at_scalar_endpoint,recorded scalar endpoint schedule passed all nonlinear interval readbacks; zero observed gap is not a joint AC-set proof
2012-10-07,98,2,611.3,112.890625,1,1,1,0.0,exact_at_scalar_endpoint,recorded scalar endpoint schedule passed all nonlinear interval readbacks; zero observed gap is not a joint AC-set proof
2012-10-07,98,2,634.1,101.40625,1,1,1,0.0,exact_at_scalar_endpoint,recorded scalar endpoint schedule passed all nonlinear interval readbacks; zero observed gap is not a joint AC-set proof
2012-10-07,98,3,611.3,90.3125,1,1,1,0.0,exact_at_scalar_endpoint,recorded scalar endpoint schedule passed all nonlinear interval readbacks; zero observed gap is not a joint AC-set proof
2012-10-07,98,3,634.1,70.390625,1,1,1,0.0,exact_at_scalar_endpoint,recorded scalar endpoint schedule passed all nonlinear interval readbacks; zero observed gap is not a joint AC-set proof
2012-10-07,98,4,611.3,130.15625,1,1,1,0.0,exact_at_scalar_endpoint,recorded scalar endpoint schedule passed all nonlinear interval readbacks; zero observed gap is not a joint AC-set proof
2012-10-07,98,4,634.1,123.203125,1,1,1,0.0,exact_at_scalar_endpoint,recorded scalar endpoint schedule passed all nonlinear interval readbacks; zero observed gap is not a joint AC-set proof
2012-10-07,98,5,611.3,75.0,1,1,1,0.0,exact_at_scalar_endpoint,recorded scalar endpoint schedule passed all nonlinear interval readbacks; zero observed gap is not a joint AC-set proof
2012-10-07,98,5,634.1,51.40625,1,1,1,0.0,exact_at_scalar_endpoint,recorded scalar endpoint schedule passed all nonlinear interval readbacks; zero observed gap is not a joint AC-set proof
2012-10-07,98,6,611.3,141.171875,1,1,1,0.0,exact_at_scalar_endpoint,recorded scalar endpoint schedule passed all nonlinear interval readbacks; zero observed gap is not a joint AC-set proof
2012-10-07,98,6,634.1,133.28125,1,1,1,0.0,exact_at_scalar_endpoint,recorded scalar endpoint schedule passed all nonlinear interval readbacks; zero observed gap is not a joint AC-set proof
2012-10-07,98,7,611.3,102.578125,1,1,1,0.0,exact_at_scalar_endpoint,recorded scalar endpoint schedule passed all nonlinear interval readbacks; zero observed gap is not a joint AC-set proof
2012-10-07,98,7,634.1,87.109375,1,1,1,0.0,exact_at_scalar_endpoint,recorded scalar endpoint schedule passed all nonlinear interval readbacks; zero observed gap is not a joint AC-set proof
2012-10-07,98,8,611.3,108.046875,1,1,1,0.0,exact_at_scalar_endpoint,recorded scalar endpoint schedule passed all nonlinear interval readbacks; zero observed gap is not a joint AC-set proof
2012-10-07,98,8,634.1,90.234375,1,1,1,0.0,exact_at_scalar_endpoint,recorded scalar endpoint schedule passed all nonlinear interval readbacks; zero observed gap is not a joint AC-set proof
2012-10-07,98,9,611.3,123.28125,1,1,1,0.0,exact_at_scalar_endpoint,recorded scalar endpoint schedule passed all nonlinear interval readbacks; zero observed gap is not a joint AC-set proof
2012-10-07,98,9,634.1,113.75,1,1,1,0.0,exact_at_scalar_endpoint,recorded scalar endpoint schedule passed all nonlinear interval readbacks; zero observed gap is not a joint AC-set proof
2012-10-08,99,0,611.3,118.515625,1,1,1,0.0,exact_at_scalar_endpoint,recorded scalar endpoint schedule passed all nonlinear interval readbacks; zero observed gap is not a joint AC-set proof
2012-10-08,99,0,634.1,126.5625,1,1,1,0.0,exact_at_scalar_endpoint,recorded scalar endpoint schedule passed all nonlinear interval readbacks; zero observed gap is not a joint AC-set proof
2012-10-08,99,1,611.3,118.203125,1,1,1,0.0,exact_at_scalar_endpoint,recorded scalar endpoint schedule passed all nonlinear interval readbacks; zero observed gap is not a joint AC-set proof
2012-10-08,99,1,634.1,129.0625,1,1,1,0.0,exact_at_scalar_endpoint,recorded scalar endpoint schedule passed all nonlinear interval readbacks; zero observed gap is not a joint AC-set proof
2012-10-08,99,2,611.3,113.515625,1,1,1,0.0,exact_at_scalar_endpoint,recorded scalar endpoint schedule passed all nonlinear interval readbacks; zero observed gap is not a joint AC-set proof
2012-10-08,99,2,634.1,124.453125,1,1,1,0.0,exact_at_scalar_endpoint,recorded scalar endpoint schedule passed all nonlinear interval readbacks; zero observed gap is not a joint AC-set proof
2012-10-08,99,3,611.3,113.984375,1,1,1,0.0,exact_at_scalar_endpoint,recorded scalar endpoint schedule passed all nonlinear interval readbacks; zero observed gap is not a joint AC-set proof
2012-10-08,99,3,634.1,122.65625,1,1,1,0.0,exact_at_scalar_endpoint,recorded scalar endpoint schedule passed all nonlinear interval readbacks; zero observed gap is not a joint AC-set proof
2012-10-08,99,4,611.3,132.734375,1,1,1,0.0,exact_at_scalar_endpoint,recorded scalar endpoint schedule passed all nonlinear interval readbacks; zero observed gap is not a joint AC-set proof
2012-10-08,99,4,634.1,138.4375,1,1,1,0.0,exact_at_scalar_endpoint,recorded scalar endpoint schedule passed all nonlinear interval readbacks; zero observed gap is not a joint AC-set proof
2012-10-08,99,5,611.3,104.53125,1,1,1,0.0,exact_at_scalar_endpoint,recorded scalar endpoint schedule passed all nonlinear interval readbacks; zero observed gap is not a joint AC-set proof
2012-10-08,99,5,634.1,112.890625,1,1,1,0.0,exact_at_scalar_endpoint,recorded scalar endpoint schedule passed all nonlinear interval readbacks; zero observed gap is not a joint AC-set proof
2012-10-08,99,6,611.3,122.734375,1,1,1,0.0,exact_at_scalar_endpoint,recorded scalar endpoint schedule passed all nonlinear interval readbacks; zero observed gap is not a joint AC-set proof
2012-10-08,99,6,634.1,133.75,1,1,1,0.0,exact_at_scalar_endpoint,recorded scalar endpoint schedule passed all nonlinear interval readbacks; zero observed gap is not a joint AC-set proof
2012-10-08,99,7,611.3,113.75,1,1,1,0.0,exact_at_scalar_endpoint,recorded scalar endpoint schedule passed all nonlinear interval readbacks; zero observed gap is not a joint AC-set proof
2012-10-08,99,7,634.1,121.25,1,1,1,0.0,exact_at_scalar_endpoint,recorded scalar endpoint schedule passed all nonlinear interval readbacks; zero observed gap is not a joint AC-set proof
2012-10-08,99,8,611.3,108.984375,1,1,1,0.0,exact_at_scalar_endpoint,recorded scalar endpoint schedule passed all nonlinear interval readbacks; zero observed gap is not a joint AC-set proof
2012-10-08,99,8,634.1,113.359375,1,1,1,0.0,exact_at_scalar_endpoint,recorded scalar endpoint schedule passed all nonlinear interval readbacks; zero observed gap is not a joint AC-set proof
2012-10-08,99,9,611.3,129.296875,1,1,1,0.0,exact_at_scalar_endpoint,recorded scalar endpoint schedule passed all nonlinear interval readbacks; zero observed gap is not a joint AC-set proof
2012-10-08,99,9,634.1,140.390625,1,1,1,0.0,exact_at_scalar_endpoint,recorded scalar endpoint schedule passed all nonlinear interval readbacks; zero observed gap is not a joint AC-set proof
2012-10-09,100,0,611.3,102.96875,1,1,1,0.0,exact_at_scalar_endpoint,recorded scalar endpoint schedule passed all nonlinear interval readbacks; zero observed gap is not a joint AC-set proof
2012-10-09,100,0,634.1,107.03125,1,1,1,0.0,exact_at_scalar_endpoint,recorded scalar endpoint schedule passed all nonlinear interval readbacks; zero observed gap is not a joint AC-set proof
2012-10-09,100,1,611.3,120.703125,1,1,1,0.0,exact_at_scalar_endpoint,recorded scalar endpoint schedule passed all nonlinear interval readbacks; zero observed gap is not a joint AC-set proof
2012-10-09,100,1,634.1,128.59375,1,1,1,0.0,exact_at_scalar_endpoint,recorded scalar endpoint schedule passed all nonlinear interval readbacks; zero observed gap is not a joint AC-set proof
2012-10-09,100,2,611.3,104.375,1,1,1,0.0,exact_at_scalar_endpoint,recorded scalar endpoint schedule passed all nonlinear interval readbacks; zero observed gap is not a joint AC-set proof
2012-10-09,100,2,634.1,98.046875,1,1,1,0.0,exact_at_scalar_endpoint,recorded scalar endpoint schedule passed all nonlinear interval readbacks; zero observed gap is not a joint AC-set proof
2012-10-09,100,3,611.3,83.046875,1,1,1,0.0,exact_at_scalar_endpoint,recorded scalar endpoint schedule passed all nonlinear interval readbacks; zero observed gap is not a joint AC-set proof
2012-10-09,100,3,634.1,81.640625,1,1,1,0.0,exact_at_scalar_endpoint,recorded scalar endpoint schedule passed all nonlinear interval readbacks; zero observed gap is not a joint AC-set proof
2012-10-09,100,4,611.3,100.46875,1,1,1,0.0,exact_at_scalar_endpoint,recorded scalar endpoint schedule passed all nonlinear interval readbacks; zero observed gap is not a joint AC-set proof
2012-10-09,100,4,634.1,101.5625,1,1,1,0.0,exact_at_scalar_endpoint,recorded scalar endpoint schedule passed all nonlinear interval readbacks; zero observed gap is not a joint AC-set proof
2012-10-09,100,5,611.3,87.1875,1,1,1,0.0,exact_at_scalar_endpoint,recorded scalar endpoint schedule passed all nonlinear interval readbacks; zero observed gap is not a joint AC-set proof
2012-10-09,100,5,634.1,79.21875,1,1,1,0.0,exact_at_scalar_endpoint,recorded scalar endpoint schedule passed all nonlinear interval readbacks; zero observed gap is not a joint AC-set proof
2012-10-09,100,6,611.3,121.328125,1,1,1,0.0,exact_at_scalar_endpoint,recorded scalar endpoint schedule passed all nonlinear interval readbacks; zero observed gap is not a joint AC-set proof
2012-10-09,100,6,634.1,128.671875,1,1,1,0.0,exact_at_scalar_endpoint,recorded scalar endpoint schedule passed all nonlinear interval readbacks; zero observed gap is not a joint AC-set proof
2012-10-09,100,7,611.3,104.21875,1,1,1,0.0,exact_at_scalar_endpoint,recorded scalar endpoint schedule passed all nonlinear interval readbacks; zero observed gap is not a joint AC-set proof
2012-10-09,100,7,634.1,99.0625,1,1,1,0.0,exact_at_scalar_endpoint,recorded scalar endpoint schedule passed all nonlinear interval readbacks; zero observed gap is not a joint AC-set proof
2012-10-09,100,8,611.3,78.671875,1,1,1,0.0,exact_at_scalar_endpoint,recorded scalar endpoint schedule passed all nonlinear interval readbacks; zero observed gap is not a joint AC-set proof
2012-10-09,100,8,634.1,68.125,1,1,1,0.0,exact_at_scalar_endpoint,recorded scalar endpoint schedule passed all nonlinear interval readbacks; zero observed gap is not a joint AC-set proof
2012-10-09,100,9,611.3,105.625,1,1,1,0.0,exact_at_scalar_endpoint,recorded scalar endpoint schedule passed all nonlinear interval readbacks; zero observed gap is not a joint AC-set proof
2012-10-09,100,9,634.1,109.296875,1,1,1,0.0,exact_at_scalar_endpoint,recorded scalar endpoint schedule passed all nonlinear interval readbacks; zero observed gap is not a joint AC-set proof
2012-10-10,101,0,611.3,108.359375,1,1,1,0.0,exact_at_scalar_endpoint,recorded scalar endpoint schedule passed all nonlinear interval readbacks; zero observed gap is not a joint AC-set proof
2012-10-10,101,0,634.1,97.65625,1,1,1,0.0,exact_at_scalar_endpoint,recorded scalar endpoint schedule passed all nonlinear interval readbacks; zero observed gap is not a joint AC-set proof
2012-10-10,101,1,611.3,78.828125,1,1,1,0.0,exact_at_scalar_endpoint,recorded scalar endpoint schedule passed all nonlinear interval readbacks; zero observed gap is not a joint AC-set proof
2012-10-10,101,1,634.1,68.828125,1,1,1,0.0,exact_at_scalar_endpoint,recorded scalar endpoint schedule passed all nonlinear interval readbacks; zero observed gap is not a joint AC-set proof
2012-10-10,101,2,611.3,93.828125,1,1,1,0.0,exact_at_scalar_endpoint,recorded scalar endpoint schedule passed all nonlinear interval readbacks; zero observed gap is not a joint AC-set proof
2012-10-10,101,2,634.1,80.234375,1,1,1,0.0,exact_at_scalar_endpoint,recorded scalar endpoint schedule passed all nonlinear interval readbacks; zero observed gap is not a joint AC-set proof
2012-10-10,101,3,611.3,76.015625,1,1,1,0.0,exact_at_scalar_endpoint,recorded scalar endpoint schedule passed all nonlinear interval readbacks; zero observed gap is not a joint AC-set proof
2012-10-10,101,3,634.1,56.953125,1,1,1,0.0,exact_at_scalar_endpoint,recorded scalar endpoint schedule passed all nonlinear interval readbacks; zero observed gap is not a joint AC-set proof
2012-10-10,101,4,611.3,90.0,1,1,1,0.0,exact_at_scalar_endpoint,recorded scalar endpoint schedule passed all nonlinear interval readbacks; zero observed gap is not a joint AC-set proof
2012-10-10,101,4,634.1,81.09375,1,1,1,0.0,exact_at_scalar_endpoint,recorded scalar endpoint schedule passed all nonlinear interval readbacks; zero observed gap is not a joint AC-set proof
2012-10-10,101,5,611.3,84.53125,1,1,1,0.0,exact_at_scalar_endpoint,recorded scalar endpoint schedule passed all nonlinear interval readbacks; zero observed gap is not a joint AC-set proof
2012-10-10,101,5,634.1,66.875,1,1,1,0.0,exact_at_scalar_endpoint,recorded scalar endpoint schedule passed all nonlinear interval readbacks; zero observed gap is not a joint AC-set proof
2012-10-10,101,6,611.3,101.328125,1,1,1,0.0,exact_at_scalar_endpoint,recorded scalar endpoint schedule passed all nonlinear interval readbacks; zero observed gap is not a joint AC-set proof
2012-10-10,101,6,634.1,89.375,1,1,1,0.0,exact_at_scalar_endpoint,recorded scalar endpoint schedule passed all nonlinear interval readbacks; zero observed gap is not a joint AC-set proof
2012-10-10,101,7,611.3,85.9375,1,1,1,0.0,exact_at_scalar_endpoint,recorded scalar endpoint schedule passed all nonlinear interval readbacks; zero observed gap is not a joint AC-set proof
2012-10-10,101,7,634.1,68.359375,1,1,1,0.0,exact_at_scalar_endpoint,recorded scalar endpoint schedule passed all nonlinear interval readbacks; zero observed gap is not a joint AC-set proof
2012-10-10,101,8,611.3,70.390625,1,1,1,0.0,exact_at_scalar_endpoint,recorded scalar endpoint schedule passed all nonlinear interval readbacks; zero observed gap is not a joint AC-set proof
2012-10-10,101,8,634.1,49.765625,1,1,1,0.0,exact_at_scalar_endpoint,recorded scalar endpoint schedule passed all nonlinear interval readbacks; zero observed gap is not a joint AC-set proof
2012-10-10,101,9,611.3,95.46875,1,1,1,0.0,exact_at_scalar_endpoint,recorded scalar endpoint schedule passed all nonlinear interval readbacks; zero observed gap is not a joint AC-set proof
2012-10-10,101,9,634.1,80.234375,1,1,1,0.0,exact_at_scalar_endpoint,recorded scalar endpoint schedule passed all nonlinear interval readbacks; zero observed gap is not a joint AC-set proof
2012-10-11,102,0,611.3,145.234375,1,1,1,0.0,exact_at_scalar_endpoint,recorded scalar endpoint schedule passed all nonlinear interval readbacks; zero observed gap is not a joint AC-set proof
2012-10-11,102,0,634.1,168.28125,1,1,1,0.0,exact_at_scalar_endpoint,recorded scalar endpoint schedule passed all nonlinear interval readbacks; zero observed gap is not a joint AC-set proof
2012-10-11,102,1,611.3,155.3125,1,1,1,0.0,exact_at_scalar_endpoint,recorded scalar endpoint schedule passed all nonlinear interval readbacks; zero observed gap is not a joint AC-set proof
2012-10-11,102,1,634.1,173.671875,1,1,1,0.0,exact_at_scalar_endpoint,recorded scalar endpoint schedule passed all nonlinear interval readbacks; zero observed gap is not a joint AC-set proof
2012-10-11,102,2,611.3,133.125,1,1,1,0.0,exact_at_scalar_endpoint,recorded scalar endpoint schedule passed all nonlinear interval readbacks; zero observed gap is not a joint AC-set proof
2012-10-11,102,2,634.1,157.734375,1,1,1,0.0,exact_at_scalar_endpoint,recorded scalar endpoint schedule passed all nonlinear interval readbacks; zero observed gap is not a joint AC-set proof
2012-10-11,102,3,611.3,134.765625,1,1,1,0.0,exact_at_scalar_endpoint,recorded scalar endpoint schedule passed all nonlinear interval readbacks; zero observed gap is not a joint AC-set proof
2012-10-11,102,3,634.1,157.734375,1,1,1,0.0,exact_at_scalar_endpoint,recorded scalar endpoint schedule passed all nonlinear interval readbacks; zero observed gap is not a joint AC-set proof
2012-10-11,102,4,611.3,130.546875,1,1,1,0.0,exact_at_scalar_endpoint,recorded scalar endpoint schedule passed all nonlinear interval readbacks; zero observed gap is not a joint AC-set proof
2012-10-11,102,4,634.1,147.96875,1,1,1,0.0,exact_at_scalar_endpoint,recorded scalar endpoint schedule passed all nonlinear interval readbacks; zero observed gap is not a joint AC-set proof
2012-10-11,102,5,611.3,120.859375,1,1,1,0.0,exact_at_scalar_endpoint,recorded scalar endpoint schedule passed all nonlinear interval readbacks; zero observed gap is not a joint AC-set proof
2012-10-11,102,5,634.1,138.203125,1,1,1,0.0,exact_at_scalar_endpoint,recorded scalar endpoint schedule passed all nonlinear interval readbacks; zero observed gap is not a joint AC-set proof
2012-10-11,102,6,611.3,147.421875,1,1,1,0.0,exact_at_scalar_endpoint,recorded scalar endpoint schedule passed all nonlinear interval readbacks; zero observed gap is not a joint AC-set proof
2012-10-11,102,6,634.1,166.09375,1,1,1,0.0,exact_at_scalar_endpoint,recorded scalar endpoint schedule passed all nonlinear interval readbacks; zero observed gap is not a joint AC-set proof
2012-10-11,102,7,611.3,147.734375,1,1,1,0.0,exact_at_scalar_endpoint,recorded scalar endpoint schedule passed all nonlinear interval readbacks; zero observed gap is not a joint AC-set proof
2012-10-11,102,7,634.1,167.734375,1,1,1,0.0,exact_at_scalar_endpoint,recorded scalar endpoint schedule passed all nonlinear interval readbacks; zero observed gap is not a joint AC-set proof
2012-10-11,102,8,611.3,135.390625,1,1,1,0.0,exact_at_scalar_endpoint,recorded scalar endpoint schedule passed all nonlinear interval readbacks; zero observed gap is not a joint AC-set proof
2012-10-11,102,8,634.1,151.328125,1,1,1,0.0,exact_at_scalar_endpoint,recorded scalar endpoint schedule passed all nonlinear interval readbacks; zero observed gap is not a joint AC-set proof
2012-10-11,102,9,611.3,143.59375,1,1,1,0.0,exact_at_scalar_endpoint,recorded scalar endpoint schedule passed all nonlinear interval readbacks; zero observed gap is not a joint AC-set proof
2012-10-11,102,9,634.1,169.453125,1,1,1,0.0,exact_at_scalar_endpoint,recorded scalar endpoint schedule passed all nonlinear interval readbacks; zero observed gap is not a joint AC-set proof
2013-01-01,103,0,611.3,156.953125,1,1,1,0.0,exact_at_scalar_endpoint,recorded scalar endpoint schedule passed all nonlinear interval readbacks; zero observed gap is not a joint AC-set proof
2013-01-01,103,0,634.1,178.59375,1,1,1,0.0,exact_at_scalar_endpoint,recorded scalar endpoint schedule passed all nonlinear interval readbacks; zero observed gap is not a joint AC-set proof
2013-01-01,103,1,611.3,121.953125,1,1,1,0.0,exact_at_scalar_endpoint,recorded scalar endpoint schedule passed all nonlinear interval readbacks; zero observed gap is not a joint AC-set proof
2013-01-01,103,1,634.1,117.578125,1,1,1,0.0,exact_at_scalar_endpoint,recorded scalar endpoint schedule passed all nonlinear interval readbacks; zero observed gap is not a joint AC-set proof
2013-01-01,103,2,611.3,121.09375,1,1,1,0.0,exact_at_scalar_endpoint,recorded scalar endpoint schedule passed all nonlinear interval readbacks; zero observed gap is not a joint AC-set proof
2013-01-01,103,2,634.1,115.625,1,1,1,0.0,exact_at_scalar_endpoint,recorded scalar endpoint schedule passed all nonlinear interval readbacks; zero observed gap is not a joint AC-set proof
2013-01-01,103,3,611.3,123.4375,1,1,1,0.0,exact_at_scalar_endpoint,recorded scalar endpoint schedule passed all nonlinear interval readbacks; zero observed gap is not a joint AC-set proof
2013-01-01,103,3,634.1,115.234375,1,1,1,0.0,exact_at_scalar_endpoint,recorded scalar endpoint schedule passed all nonlinear interval readbacks; zero observed gap is not a joint AC-set proof
2013-01-01,103,4,611.3,156.5625,1,1,1,0.0,exact_at_scalar_endpoint,recorded scalar endpoint schedule passed all nonlinear interval readbacks; zero observed gap is not a joint AC-set proof
2013-01-01,103,4,634.1,177.1875,1,1,1,0.0,exact_at_scalar_endpoint,recorded scalar endpoint schedule passed all nonlinear interval readbacks; zero observed gap is not a joint AC-set proof
2013-01-01,103,5,611.3,140.390625,1,1,1,0.0,exact_at_scalar_endpoint,recorded scalar endpoint schedule passed all nonlinear interval readbacks; zero observed gap is not a joint AC-set proof
2013-01-01,103,5,634.1,145.78125,1,1,1,0.0,exact_at_scalar_endpoint,recorded scalar endpoint schedule passed all nonlinear interval readbacks; zero observed gap is not a joint AC-set proof
2013-01-01,103,6,611.3,157.8125,1,1,1,0.0,exact_at_scalar_endpoint,recorded scalar endpoint schedule passed all nonlinear interval readbacks; zero observed gap is not a joint AC-set proof
2013-01-01,103,6,634.1,169.0625,1,1,1,0.0,exact_at_scalar_endpoint,recorded scalar endpoint schedule passed all nonlinear interval readbacks; zero observed gap is not a joint AC-set proof
2013-01-01,103,7,611.3,163.59375,1,1,1,0.0,exact_at_scalar_endpoint,recorded scalar endpoint schedule passed all nonlinear interval readbacks; zero observed gap is not a joint AC-set proof
2013-01-01,103,7,634.1,200.625,1,1,1,0.0,exact_at_scalar_endpoint,recorded scalar endpoint schedule passed all nonlinear interval readbacks; zero observed gap is not a joint AC-set proof
2013-01-01,103,8,611.3,146.5625,1,1,1,0.0,exact_at_scalar_endpoint,recorded scalar endpoint schedule passed all nonlinear interval readbacks; zero observed gap is not a joint AC-set proof
2013-01-01,103,8,634.1,143.203125,1,1,1,0.0,exact_at_scalar_endpoint,recorded scalar endpoint schedule passed all nonlinear interval readbacks; zero observed gap is not a joint AC-set proof
2013-01-01,103,9,611.3,156.484375,1,1,1,0.0,exact_at_scalar_endpoint,recorded scalar endpoint schedule passed all nonlinear interval readbacks; zero observed gap is not a joint AC-set proof
2013-01-01,103,9,634.1,176.796875,1,1,1,0.0,exact_at_scalar_endpoint,recorded scalar endpoint schedule passed all nonlinear interval readbacks; zero observed gap is not a joint AC-set proof
2013-01-02,104,0,611.3,161.328125,1,1,1,0.0,exact_at_scalar_endpoint,recorded scalar endpoint schedule passed all nonlinear interval readbacks; zero observed gap is not a joint AC-set proof
2013-01-02,104,0,634.1,175.625,1,1,1,0.0,exact_at_scalar_endpoint,recorded scalar endpoint schedule passed all nonlinear interval readbacks; zero observed gap is not a joint AC-set proof
2013-01-02,104,1,611.3,124.765625,1,1,1,0.0,exact_at_scalar_endpoint,recorded scalar endpoint schedule passed all nonlinear interval readbacks; zero observed gap is not a joint AC-set proof
2013-01-02,104,1,634.1,134.140625,1,1,1,0.0,exact_at_scalar_endpoint,recorded scalar endpoint schedule passed all nonlinear interval readbacks; zero observed gap is not a joint AC-set proof
2013-01-02,104,2,611.3,131.328125,1,1,1,0.0,exact_at_scalar_endpoint,recorded scalar endpoint schedule passed all nonlinear interval readbacks; zero observed gap is not a joint AC-set proof
2013-01-02,104,2,634.1,143.90625,1,1,1,0.0,exact_at_scalar_endpoint,recorded scalar endpoint schedule passed all nonlinear interval readbacks; zero observed gap is not a joint AC-set proof
2013-01-02,104,3,611.3,127.421875,1,1,1,0.0,exact_at_scalar_endpoint,recorded scalar endpoint schedule passed all nonlinear interval readbacks; zero observed gap is not a joint AC-set proof
2013-01-02,104,3,634.1,139.296875,1,1,1,0.0,exact_at_scalar_endpoint,recorded scalar endpoint schedule passed all nonlinear interval readbacks; zero observed gap is not a joint AC-set proof
2013-01-02,104,4,611.3,156.171875,1,1,1,0.0,exact_at_scalar_endpoint,recorded scalar endpoint schedule passed all nonlinear interval readbacks; zero observed gap is not a joint AC-set proof
2013-01-02,104,4,634.1,170.390625,1,1,1,0.0,exact_at_scalar_endpoint,recorded scalar endpoint schedule passed all nonlinear interval readbacks; zero observed gap is not a joint AC-set proof
2013-01-02,104,5,611.3,118.125,1,1,1,0.0,exact_at_scalar_endpoint,recorded scalar endpoint schedule passed all nonlinear interval readbacks; zero observed gap is not a joint AC-set proof
2013-01-02,104,5,634.1,130.9375,1,1,1,0.0,exact_at_scalar_endpoint,recorded scalar endpoint schedule passed all nonlinear interval readbacks; zero observed gap is not a joint AC-set proof
2013-01-02,104,6,611.3,130.46875,1,1,1,0.0,exact_at_scalar_endpoint,recorded scalar endpoint schedule passed all nonlinear interval readbacks; zero observed gap is not a joint AC-set proof
2013-01-02,104,6,634.1,144.609375,1,1,1,0.0,exact_at_scalar_endpoint,recorded scalar endpoint schedule passed all nonlinear interval readbacks; zero observed gap is not a joint AC-set proof
2013-01-02,104,7,611.3,134.296875,1,1,1,0.0,exact_at_scalar_endpoint,recorded scalar endpoint schedule passed all nonlinear interval readbacks; zero observed gap is not a joint AC-set proof
2013-01-02,104,7,634.1,137.5,1,1,1,0.0,exact_at_scalar_endpoint,recorded scalar endpoint schedule passed all nonlinear interval readbacks; zero observed gap is not a joint AC-set proof
2013-01-02,104,8,611.3,129.921875,1,1,1,0.0,exact_at_scalar_endpoint,recorded scalar endpoint schedule passed all nonlinear interval readbacks; zero observed gap is not a joint AC-set proof
2013-01-02,104,8,634.1,131.796875,1,1,1,0.0,exact_at_scalar_endpoint,recorded scalar endpoint schedule passed all nonlinear interval readbacks; zero observed gap is not a joint AC-set proof
2013-01-02,104,9,611.3,143.90625,1,1,1,0.0,exact_at_scalar_endpoint,recorded scalar endpoint schedule passed all nonlinear interval readbacks; zero observed gap is not a joint AC-set proof
2013-01-02,104,9,634.1,151.796875,1,1,1,0.0,exact_at_scalar_endpoint,recorded scalar endpoint schedule passed all nonlinear interval readbacks; zero observed gap is not a joint AC-set proof
2013-01-03,105,0,611.3,133.828125,1,1,1,0.0,exact_at_scalar_endpoint,recorded scalar endpoint schedule passed all nonlinear interval readbacks; zero observed gap is not a joint AC-set proof
2013-01-03,105,0,634.1,134.6875,1,1,1,0.0,exact_at_scalar_endpoint,recorded scalar endpoint schedule passed all nonlinear interval readbacks; zero observed gap is not a joint AC-set proof
2013-01-03,105,1,611.3,98.90625,1,1,1,0.0,exact_at_scalar_endpoint,recorded scalar endpoint schedule passed all nonlinear interval readbacks; zero observed gap is not a joint AC-set proof
2013-01-03,105,1,634.1,111.875,1,1,1,0.0,exact_at_scalar_endpoint,recorded scalar endpoint schedule passed all nonlinear interval readbacks; zero observed gap is not a joint AC-set proof
2013-01-03,105,2,611.3,113.359375,1,1,1,0.0,exact_at_scalar_endpoint,recorded scalar endpoint schedule passed all nonlinear interval readbacks; zero observed gap is not a joint AC-set proof
2013-01-03,105,2,634.1,119.375,1,1,1,0.0,exact_at_scalar_endpoint,recorded scalar endpoint schedule passed all nonlinear interval readbacks; zero observed gap is not a joint AC-set proof
2013-01-03,105,3,611.3,107.578125,1,1,1,0.0,exact_at_scalar_endpoint,recorded scalar endpoint schedule passed all nonlinear interval readbacks; zero observed gap is not a joint AC-set proof
2013-01-03,105,3,634.1,113.046875,1,1,1,0.0,exact_at_scalar_endpoint,recorded scalar endpoint schedule passed all nonlinear interval readbacks; zero observed gap is not a joint AC-set proof
2013-01-03,105,4,611.3,135.078125,1,1,1,0.0,exact_at_scalar_endpoint,recorded scalar endpoint schedule passed all nonlinear interval readbacks; zero observed gap is not a joint AC-set proof
2013-01-03,105,4,634.1,147.5,1,1,1,0.0,exact_at_scalar_endpoint,recorded scalar endpoint schedule passed all nonlinear interval readbacks; zero observed gap is not a joint AC-set proof
2013-01-03,105,5,611.3,105.0,1,1,1,0.0,exact_at_scalar_endpoint,recorded scalar endpoint schedule passed all nonlinear interval readbacks; zero observed gap is not a joint AC-set proof
2013-01-03,105,5,634.1,110.859375,1,1,1,0.0,exact_at_scalar_endpoint,recorded scalar endpoint schedule passed all nonlinear interval readbacks; zero observed gap is not a joint AC-set proof
2013-01-03,105,6,611.3,115.9375,1,1,1,0.0,exact_at_scalar_endpoint,recorded scalar endpoint schedule passed all nonlinear interval readbacks; zero observed gap is not a joint AC-set proof
2013-01-03,105,6,634.1,123.671875,1,1,1,0.0,exact_at_scalar_endpoint,recorded scalar endpoint schedule passed all nonlinear interval readbacks; zero observed gap is not a joint AC-set proof
2013-01-03,105,7,611.3,131.015625,1,1,1,0.0,exact_at_scalar_endpoint,recorded scalar endpoint schedule passed all nonlinear interval readbacks; zero observed gap is not a joint AC-set proof
2013-01-03,105,7,634.1,131.484375,1,1,1,0.0,exact_at_scalar_endpoint,recorded scalar endpoint schedule passed all nonlinear interval readbacks; zero observed gap is not a joint AC-set proof
2013-01-03,105,8,611.3,107.734375,1,1,1,0.0,exact_at_scalar_endpoint,recorded scalar endpoint schedule passed all nonlinear interval readbacks; zero observed gap is not a joint AC-set proof
2013-01-03,105,8,634.1,111.875,1,1,1,0.0,exact_at_scalar_endpoint,recorded scalar endpoint schedule passed all nonlinear interval readbacks; zero observed gap is not a joint AC-set proof
2013-01-03,105,9,611.3,125.0,1,1,1,0.0,exact_at_scalar_endpoint,recorded scalar endpoint schedule passed all nonlinear interval readbacks; zero observed gap is not a joint AC-set proof
2013-01-03,105,9,634.1,127.8125,1,1,1,0.0,exact_at_scalar_endpoint,recorded scalar endpoint schedule passed all nonlinear interval readbacks; zero observed gap is not a joint AC-set proof
2013-01-04,106,0,611.3,121.171875,1,1,1,0.0,exact_at_scalar_endpoint,recorded scalar endpoint schedule passed all nonlinear interval readbacks; zero observed gap is not a joint AC-set proof
2013-01-04,106,0,634.1,107.578125,1,1,1,0.0,exact_at_scalar_endpoint,recorded scalar endpoint schedule passed all nonlinear interval readbacks; zero observed gap is not a joint AC-set proof
2013-01-04,106,1,611.3,102.578125,1,1,1,0.0,exact_at_scalar_endpoint,recorded scalar endpoint schedule passed all nonlinear interval readbacks; zero observed gap is not a joint AC-set proof
2013-01-04,106,1,634.1,92.8125,1,1,1,0.0,exact_at_scalar_endpoint,recorded scalar endpoint schedule passed all nonlinear interval readbacks; zero observed gap is not a joint AC-set proof
2013-01-04,106,2,611.3,106.015625,1,1,1,0.0,exact_at_scalar_endpoint,recorded scalar endpoint schedule passed all nonlinear interval readbacks; zero observed gap is not a joint AC-set proof
2013-01-04,106,2,634.1,93.359375,1,1,1,0.0,exact_at_scalar_endpoint,recorded scalar endpoint schedule passed all nonlinear interval readbacks; zero observed gap is not a joint AC-set proof
2013-01-04,106,3,611.3,93.75,1,1,1,0.0,exact_at_scalar_endpoint,recorded scalar endpoint schedule passed all nonlinear interval readbacks; zero observed gap is not a joint AC-set proof
2013-01-04,106,3,634.1,74.375,1,1,1,0.0,exact_at_scalar_endpoint,recorded scalar endpoint schedule passed all nonlinear interval readbacks; zero observed gap is not a joint AC-set proof
2013-01-04,106,4,611.3,109.453125,1,1,1,0.0,exact_at_scalar_endpoint,recorded scalar endpoint schedule passed all nonlinear interval readbacks; zero observed gap is not a joint AC-set proof
2013-01-04,106,4,634.1,101.25,1,1,1,0.0,exact_at_scalar_endpoint,recorded scalar endpoint schedule passed all nonlinear interval readbacks; zero observed gap is not a joint AC-set proof
2013-01-04,106,5,611.3,82.109375,1,1,1,0.0,exact_at_scalar_endpoint,recorded scalar endpoint schedule passed all nonlinear interval readbacks; zero observed gap is not a joint AC-set proof
2013-01-04,106,5,634.1,61.875,1,1,1,0.0,exact_at_scalar_endpoint,recorded scalar endpoint schedule passed all nonlinear interval readbacks; zero observed gap is not a joint AC-set proof
2013-01-04,106,6,611.3,147.890625,1,1,1,0.0,exact_at_scalar_endpoint,recorded scalar endpoint schedule passed all nonlinear interval readbacks; zero observed gap is not a joint AC-set proof
2013-01-04,106,6,634.1,144.296875,1,1,1,0.0,exact_at_scalar_endpoint,recorded scalar endpoint schedule passed all nonlinear interval readbacks; zero observed gap is not a joint AC-set proof
2013-01-04,106,7,611.3,158.75,1,1,1,0.0,exact_at_scalar_endpoint,recorded scalar endpoint schedule passed all nonlinear interval readbacks; zero observed gap is not a joint AC-set proof
2013-01-04,106,7,634.1,161.640625,1,1,1,0.0,exact_at_scalar_endpoint,recorded scalar endpoint schedule passed all nonlinear interval readbacks; zero observed gap is not a joint AC-set proof
2013-01-04,106,8,611.3,100.0,1,1,1,0.0,exact_at_scalar_endpoint,recorded scalar endpoint schedule passed all nonlinear interval readbacks; zero observed gap is not a joint AC-set proof
2013-01-04,106,8,634.1,86.015625,1,1,1,0.0,exact_at_scalar_endpoint,recorded scalar endpoint schedule passed all nonlinear interval readbacks; zero observed gap is not a joint AC-set proof
2013-01-04,106,9,611.3,112.1875,1,1,1,0.0,exact_at_scalar_endpoint,recorded scalar endpoint schedule passed all nonlinear interval readbacks; zero observed gap is not a joint AC-set proof
2013-01-04,106,9,634.1,102.65625,1,1,1,0.0,exact_at_scalar_endpoint,recorded scalar endpoint schedule passed all nonlinear interval readbacks; zero observed gap is not a joint AC-set proof
2013-01-05,107,0,611.3,157.96875,1,1,1,0.0,exact_at_scalar_endpoint,recorded scalar endpoint schedule passed all nonlinear interval readbacks; zero observed gap is not a joint AC-set proof
2013-01-05,107,0,634.1,174.53125,1,1,1,0.0,exact_at_scalar_endpoint,recorded scalar endpoint schedule passed all nonlinear interval readbacks; zero observed gap is not a joint AC-set proof
2013-01-05,107,1,611.3,108.125,1,1,1,0.0,exact_at_scalar_endpoint,recorded scalar endpoint schedule passed all nonlinear interval readbacks; zero observed gap is not a joint AC-set proof
2013-01-05,107,1,634.1,100.390625,1,1,1,0.0,exact_at_scalar_endpoint,recorded scalar endpoint schedule passed all nonlinear interval readbacks; zero observed gap is not a joint AC-set proof
2013-01-05,107,2,611.3,100.625,1,1,1,0.0,exact_at_scalar_endpoint,recorded scalar endpoint schedule passed all nonlinear interval readbacks; zero observed gap is not a joint AC-set proof
2013-01-05,107,2,634.1,88.984375,1,1,1,0.0,exact_at_scalar_endpoint,recorded scalar endpoint schedule passed all nonlinear interval readbacks; zero observed gap is not a joint AC-set proof
2013-01-05,107,3,611.3,142.578125,1,1,1,0.0,exact_at_scalar_endpoint,recorded scalar endpoint schedule passed all nonlinear interval readbacks; zero observed gap is not a joint AC-set proof
2013-01-05,107,3,634.1,137.03125,1,1,1,0.0,exact_at_scalar_endpoint,recorded scalar endpoint schedule passed all nonlinear interval readbacks; zero observed gap is not a joint AC-set proof
2013-01-05,107,4,611.3,147.03125,1,1,1,0.0,exact_at_scalar_endpoint,recorded scalar endpoint schedule passed all nonlinear interval readbacks; zero observed gap is not a joint AC-set proof
2013-01-05,107,4,634.1,171.015625,1,1,1,0.0,exact_at_scalar_endpoint,recorded scalar endpoint schedule passed all nonlinear interval readbacks; zero observed gap is not a joint AC-set proof
2013-01-05,107,5,611.3,131.25,1,1,1,0.0,exact_at_scalar_endpoint,recorded scalar endpoint schedule passed all nonlinear interval readbacks; zero observed gap is not a joint AC-set proof
2013-01-05,107,5,634.1,163.828125,1,1,1,0.0,exact_at_scalar_endpoint,recorded scalar endpoint schedule passed all nonlinear interval readbacks; zero observed gap is not a joint AC-set proof
2013-01-05,107,6,611.3,156.484375,1,1,1,0.0,exact_at_scalar_endpoint,recorded scalar endpoint schedule passed all nonlinear interval readbacks; zero observed gap is not a joint AC-set proof
2013-01-05,107,6,634.1,176.484375,1,1,1,0.0,exact_at_scalar_endpoint,recorded scalar endpoint schedule passed all nonlinear interval readbacks; zero observed gap is not a joint AC-set proof
2013-01-05,107,7,611.3,160.15625,1,1,1,0.0,exact_at_scalar_endpoint,recorded scalar endpoint schedule passed all nonlinear interval readbacks; zero observed gap is not a joint AC-set proof
2013-01-05,107,7,634.1,157.265625,1,1,1,0.0,exact_at_scalar_endpoint,recorded scalar endpoint schedule passed all nonlinear interval readbacks; zero observed gap is not a joint AC-set proof
2013-01-05,107,8,611.3,137.34375,1,1,1,0.0,exact_at_scalar_endpoint,recorded scalar endpoint schedule passed all nonlinear interval readbacks; zero observed gap is not a joint AC-set proof
2013-01-05,107,8,634.1,127.421875,1,1,1,0.0,exact_at_scalar_endpoint,recorded scalar endpoint schedule passed all nonlinear interval readbacks; zero observed gap is not a joint AC-set proof
2013-01-05,107,9,611.3,150.234375,1,1,1,0.0,exact_at_scalar_endpoint,recorded scalar endpoint schedule passed all nonlinear interval readbacks; zero observed gap is not a joint AC-set proof
2013-01-05,107,9,634.1,140.15625,1,1,1,0.0,exact_at_scalar_endpoint,recorded scalar endpoint schedule passed all nonlinear interval readbacks; zero observed gap is not a joint AC-set proof
2013-01-06,108,0,611.3,156.171875,1,1,1,0.0,exact_at_scalar_endpoint,recorded scalar endpoint schedule passed all nonlinear interval readbacks; zero observed gap is not a joint AC-set proof
2013-01-06,108,0,634.1,175.859375,1,1,1,0.0,exact_at_scalar_endpoint,recorded scalar endpoint schedule passed all nonlinear interval readbacks; zero observed gap is not a joint AC-set proof
2013-01-06,108,1,611.3,133.515625,1,1,1,0.0,exact_at_scalar_endpoint,recorded scalar endpoint schedule passed all nonlinear interval readbacks; zero observed gap is not a joint AC-set proof
2013-01-06,108,1,634.1,130.390625,1,1,1,0.0,exact_at_scalar_endpoint,recorded scalar endpoint schedule passed all nonlinear interval readbacks; zero observed gap is not a joint AC-set proof
2013-01-06,108,2,611.3,101.171875,1,1,1,0.0,exact_at_scalar_endpoint,recorded scalar endpoint schedule passed all nonlinear interval readbacks; zero observed gap is not a joint AC-set proof
2013-01-06,108,2,634.1,90.9375,1,1,1,0.0,exact_at_scalar_endpoint,recorded scalar endpoint schedule passed all nonlinear interval readbacks; zero observed gap is not a joint AC-set proof
2013-01-06,108,3,611.3,117.96875,1,1,1,0.0,exact_at_scalar_endpoint,recorded scalar endpoint schedule passed all nonlinear interval readbacks; zero observed gap is not a joint AC-set proof
2013-01-06,108,3,634.1,107.421875,1,1,1,0.0,exact_at_scalar_endpoint,recorded scalar endpoint schedule passed all nonlinear interval readbacks; zero observed gap is not a joint AC-set proof
2013-01-06,108,4,611.3,157.109375,1,1,1,0.0,exact_at_scalar_endpoint,recorded scalar endpoint schedule passed all nonlinear interval readbacks; zero observed gap is not a joint AC-set proof
2013-01-06,108,4,634.1,156.40625,1,1,1,0.0,exact_at_scalar_endpoint,recorded scalar endpoint schedule passed all nonlinear interval readbacks; zero observed gap is not a joint AC-set proof
2013-01-06,108,5,611.3,131.71875,1,1,1,0.0,exact_at_scalar_endpoint,recorded scalar endpoint schedule passed all nonlinear interval readbacks; zero observed gap is not a joint AC-set proof
2013-01-06,108,5,634.1,120.703125,1,1,1,0.0,exact_at_scalar_endpoint,recorded scalar endpoint schedule passed all nonlinear interval readbacks; zero observed gap is not a joint AC-set proof
2013-01-06,108,6,611.3,156.5625,1,1,1,0.0,exact_at_scalar_endpoint,recorded scalar endpoint schedule passed all nonlinear interval readbacks; zero observed gap is not a joint AC-set proof
2013-01-06,108,6,634.1,177.109375,1,1,1,0.0,exact_at_scalar_endpoint,recorded scalar endpoint schedule passed all nonlinear interval readbacks; zero observed gap is not a joint AC-set proof
2013-01-06,108,7,611.3,159.0625,1,1,1,0.0,exact_at_scalar_endpoint,recorded scalar endpoint schedule passed all nonlinear interval readbacks; zero observed gap is not a joint AC-set proof
2013-01-06,108,7,634.1,184.21875,1,1,1,0.0,exact_at_scalar_endpoint,recorded scalar endpoint schedule passed all nonlinear interval readbacks; zero observed gap is not a joint AC-set proof
2013-01-06,108,8,611.3,146.484375,1,1,1,0.0,exact_at_scalar_endpoint,recorded scalar endpoint schedule passed all nonlinear interval readbacks; zero observed gap is not a joint AC-set proof
2013-01-06,108,8,634.1,136.40625,1,1,1,0.0,exact_at_scalar_endpoint,recorded scalar endpoint schedule passed all nonlinear interval readbacks; zero observed gap is not a joint AC-set proof
2013-01-06,108,9,611.3,156.015625,1,1,1,0.0,exact_at_scalar_endpoint,recorded scalar endpoint schedule passed all nonlinear interval readbacks; zero observed gap is not a joint AC-set proof
2013-01-06,108,9,634.1,156.171875,1,1,1,0.0,exact_at_scalar_endpoint,recorded scalar endpoint schedule passed all nonlinear interval readbacks; zero observed gap is not a joint AC-set proof
2013-01-07,109,0,611.3,107.578125,1,1,1,0.0,exact_at_scalar_endpoint,recorded scalar endpoint schedule passed all nonlinear interval readbacks; zero observed gap is not a joint AC-set proof
2013-01-07,109,0,634.1,101.328125,1,1,1,0.0,exact_at_scalar_endpoint,recorded scalar endpoint schedule passed all nonlinear interval readbacks; zero observed gap is not a joint AC-set proof
2013-01-07,109,1,611.3,127.1875,1,1,1,0.0,exact_at_scalar_endpoint,recorded scalar endpoint schedule passed all nonlinear interval readbacks; zero observed gap is not a joint AC-set proof
2013-01-07,109,1,634.1,126.25,1,1,1,0.0,exact_at_scalar_endpoint,recorded scalar endpoint schedule passed all nonlinear interval readbacks; zero observed gap is not a joint AC-set proof
2013-01-07,109,2,611.3,89.0625,1,1,1,0.0,exact_at_scalar_endpoint,recorded scalar endpoint schedule passed all nonlinear interval readbacks; zero observed gap is not a joint AC-set proof
2013-01-07,109,2,634.1,81.953125,1,1,1,0.0,exact_at_scalar_endpoint,recorded scalar endpoint schedule passed all nonlinear interval readbacks; zero observed gap is not a joint AC-set proof
2013-01-07,109,3,611.3,117.890625,1,1,1,0.0,exact_at_scalar_endpoint,recorded scalar endpoint schedule passed all nonlinear interval readbacks; zero observed gap is not a joint AC-set proof
2013-01-07,109,3,634.1,115.546875,1,1,1,0.0,exact_at_scalar_endpoint,recorded scalar endpoint schedule passed all nonlinear interval readbacks; zero observed gap is not a joint AC-set proof
2013-01-07,109,4,611.3,158.4375,1,1,1,0.0,exact_at_scalar_endpoint,recorded scalar endpoint schedule passed all nonlinear interval readbacks; zero observed gap is not a joint AC-set proof
2013-01-07,109,4,634.1,168.59375,1,1,1,0.0,exact_at_scalar_endpoint,recorded scalar endpoint schedule passed all nonlinear interval readbacks; zero observed gap is not a joint AC-set proof
2013-01-07,109,5,611.3,102.34375,1,1,1,0.0,exact_at_scalar_endpoint,recorded scalar endpoint schedule passed all nonlinear interval readbacks; zero observed gap is not a joint AC-set proof
2013-01-07,109,5,634.1,97.03125,1,1,1,0.0,exact_at_scalar_endpoint,recorded scalar endpoint schedule passed all nonlinear interval readbacks; zero observed gap is not a joint AC-set proof
2013-01-07,109,6,611.3,127.265625,1,1,1,0.0,exact_at_scalar_endpoint,recorded scalar endpoint schedule passed all nonlinear interval readbacks; zero observed gap is not a joint AC-set proof
2013-01-07,109,6,634.1,131.015625,1,1,1,0.0,exact_at_scalar_endpoint,recorded scalar endpoint schedule passed all nonlinear interval readbacks; zero observed gap is not a joint AC-set proof
2013-01-07,109,7,611.3,122.96875,1,1,1,0.0,exact_at_scalar_endpoint,recorded scalar endpoint schedule passed all nonlinear interval readbacks; zero observed gap is not a joint AC-set proof
2013-01-07,109,7,634.1,119.6875,1,1,1,0.0,exact_at_scalar_endpoint,recorded scalar endpoint schedule passed all nonlinear interval readbacks; zero observed gap is not a joint AC-set proof
2013-01-07,109,8,611.3,117.734375,1,1,1,0.0,exact_at_scalar_endpoint,recorded scalar endpoint schedule passed all nonlinear interval readbacks; zero observed gap is not a joint AC-set proof
2013-01-07,109,8,634.1,117.109375,1,1,1,0.0,exact_at_scalar_endpoint,recorded scalar endpoint schedule passed all nonlinear interval readbacks; zero observed gap is not a joint AC-set proof
2013-01-07,109,9,611.3,146.09375,1,1,1,0.0,exact_at_scalar_endpoint,recorded scalar endpoint schedule passed all nonlinear interval readbacks; zero observed gap is not a joint AC-set proof
2013-01-07,109,9,634.1,141.09375,1,1,1,0.0,exact_at_scalar_endpoint,recorded scalar endpoint schedule passed all nonlinear interval readbacks; zero observed gap is not a joint AC-set proof
2013-01-08,110,1,611.3,146.328125,1,1,1,0.0,exact_at_scalar_endpoint,recorded scalar endpoint schedule passed all nonlinear interval readbacks; zero observed gap is not a joint AC-set proof
2013-01-08,110,1,634.1,170.703125,1,1,1,0.0,exact_at_scalar_endpoint,recorded scalar endpoint schedule passed all nonlinear interval readbacks; zero observed gap is not a joint AC-set proof
2013-01-08,110,2,611.3,155.703125,1,1,1,0.0,exact_at_scalar_endpoint,recorded scalar endpoint schedule passed all nonlinear interval readbacks; zero observed gap is not a joint AC-set proof
2013-01-08,110,2,634.1,147.5,1,1,1,0.0,exact_at_scalar_endpoint,recorded scalar endpoint schedule passed all nonlinear interval readbacks; zero observed gap is not a joint AC-set proof
2013-01-08,110,3,611.3,156.640625,1,1,1,0.0,exact_at_scalar_endpoint,recorded scalar endpoint schedule passed all nonlinear interval readbacks; zero observed gap is not a joint AC-set proof
2013-01-08,110,3,634.1,177.578125,1,1,1,0.0,exact_at_scalar_endpoint,recorded scalar endpoint schedule passed all nonlinear interval readbacks; zero observed gap is not a joint AC-set proof
2013-01-08,110,4,611.3,148.75,1,1,1,0.0,exact_at_scalar_endpoint,recorded scalar endpoint schedule passed all nonlinear interval readbacks; zero observed gap is not a joint AC-set proof
2013-01-08,110,4,634.1,171.796875,1,1,1,0.0,exact_at_scalar_endpoint,recorded scalar endpoint schedule passed all nonlinear interval readbacks; zero observed gap is not a joint AC-set proof
2013-01-08,110,5,611.3,155.859375,1,1,1,0.0,exact_at_scalar_endpoint,recorded scalar endpoint schedule passed all nonlinear interval readbacks; zero observed gap is not a joint AC-set proof
2013-01-08,110,5,634.1,173.203125,1,1,1,0.0,exact_at_scalar_endpoint,recorded scalar endpoint schedule passed all nonlinear interval readbacks; zero observed gap is not a joint AC-set proof
2013-01-08,110,6,611.3,159.453125,1,1,1,0.0,exact_at_scalar_endpoint,recorded scalar endpoint schedule passed all nonlinear interval readbacks; zero observed gap is not a joint AC-set proof
2013-01-08,110,6,634.1,186.171875,1,1,1,0.0,exact_at_scalar_endpoint,recorded scalar endpoint schedule passed all nonlinear interval readbacks; zero observed gap is not a joint AC-set proof
2013-01-08,110,7,611.3,160.546875,1,1,1,0.0,exact_at_scalar_endpoint,recorded scalar endpoint schedule passed all nonlinear interval readbacks; zero observed gap is not a joint AC-set proof
2013-01-08,110,7,634.1,190.0,1,1,1,0.0,exact_at_scalar_endpoint,recorded scalar endpoint schedule passed all nonlinear interval readbacks; zero observed gap is not a joint AC-set proof
2013-01-08,110,8,611.3,144.296875,1,1,1,0.0,exact_at_scalar_endpoint,recorded scalar endpoint schedule passed all nonlinear interval readbacks; zero observed gap is not a joint AC-set proof
2013-01-08,110,8,634.1,169.765625,1,1,1,0.0,exact_at_scalar_endpoint,recorded scalar endpoint schedule passed all nonlinear interval readbacks; zero observed gap is not a joint AC-set proof
2013-01-08,110,9,611.3,153.28125,1,1,1,0.0,exact_at_scalar_endpoint,recorded scalar endpoint schedule passed all nonlinear interval readbacks; zero observed gap is not a joint AC-set proof
2013-01-08,110,9,634.1,173.828125,1,1,1,0.0,exact_at_scalar_endpoint,recorded scalar endpoint schedule passed all nonlinear interval readbacks; zero observed gap is not a joint AC-set proof
2013-01-09,111,0,611.3,169.6875,1,1,1,0.0,exact_at_scalar_endpoint,recorded scalar endpoint schedule passed all nonlinear interval readbacks; zero observed gap is not a joint AC-set proof
2013-01-09,111,0,634.1,193.4375,1,1,1,0.0,exact_at_scalar_endpoint,recorded scalar endpoint schedule passed all nonlinear interval readbacks; zero observed gap is not a joint AC-set proof
2013-01-09,111,1,611.3,145.3125,1,1,1,0.0,exact_at_scalar_endpoint,recorded scalar endpoint schedule passed all nonlinear interval readbacks; zero observed gap is not a joint AC-set proof
2013-01-09,111,1,634.1,151.484375,1,1,1,0.0,exact_at_scalar_endpoint,recorded scalar endpoint schedule passed all nonlinear interval readbacks; zero observed gap is not a joint AC-set proof
2013-01-09,111,2,611.3,112.5,1,1,1,0.0,exact_at_scalar_endpoint,recorded scalar endpoint schedule passed all nonlinear interval readbacks; zero observed gap is not a joint AC-set proof
2013-01-09,111,2,634.1,122.34375,1,1,1,0.0,exact_at_scalar_endpoint,recorded scalar endpoint schedule passed all nonlinear interval readbacks; zero observed gap is not a joint AC-set proof
2013-01-09,111,3,611.3,125.0,1,1,1,0.0,exact_at_scalar_endpoint,recorded scalar endpoint schedule passed all nonlinear interval readbacks; zero observed gap is not a joint AC-set proof
2013-01-09,111,3,634.1,136.015625,1,1,1,0.0,exact_at_scalar_endpoint,recorded scalar endpoint schedule passed all nonlinear interval readbacks; zero observed gap is not a joint AC-set proof
2013-01-09,111,4,611.3,168.984375,1,1,1,0.0,exact_at_scalar_endpoint,recorded scalar endpoint schedule passed all nonlinear interval readbacks; zero observed gap is not a joint AC-set proof
2013-01-09,111,4,634.1,172.96875,1,1,1,0.0,exact_at_scalar_endpoint,recorded scalar endpoint schedule passed all nonlinear interval readbacks; zero observed gap is not a joint AC-set proof
2013-01-09,111,5,611.3,112.96875,1,1,1,0.0,exact_at_scalar_endpoint,recorded scalar endpoint schedule passed all nonlinear interval readbacks; zero observed gap is not a joint AC-set proof
2013-01-09,111,5,634.1,124.140625,1,1,1,0.0,exact_at_scalar_endpoint,recorded scalar endpoint schedule passed all nonlinear interval readbacks; zero observed gap is not a joint AC-set proof
2013-01-09,111,6,611.3,135.546875,1,1,1,0.0,exact_at_scalar_endpoint,recorded scalar endpoint schedule passed all nonlinear interval readbacks; zero observed gap is not a joint AC-set proof
2013-01-09,111,6,634.1,143.125,1,1,1,0.0,exact_at_scalar_endpoint,recorded scalar endpoint schedule passed all nonlinear interval readbacks; zero observed gap is not a joint AC-set proof
2013-01-09,111,7,611.3,143.828125,1,1,1,0.0,exact_at_scalar_endpoint,recorded scalar endpoint schedule passed all nonlinear interval readbacks; zero observed gap is not a joint AC-set proof
2013-01-09,111,7,634.1,154.609375,1,1,1,0.0,exact_at_scalar_endpoint,recorded scalar endpoint schedule passed all nonlinear interval readbacks; zero observed gap is not a joint AC-set proof
2013-01-09,111,8,611.3,102.734375,1,1,1,0.0,exact_at_scalar_endpoint,recorded scalar endpoint schedule passed all nonlinear interval readbacks; zero observed gap is not a joint AC-set proof
2013-01-09,111,8,634.1,112.03125,1,1,1,0.0,exact_at_scalar_endpoint,recorded scalar endpoint schedule passed all nonlinear interval readbacks; zero observed gap is not a joint AC-set proof
2013-01-09,111,9,611.3,127.578125,1,1,1,0.0,exact_at_scalar_endpoint,recorded scalar endpoint schedule passed all nonlinear interval readbacks; zero observed gap is not a joint AC-set proof
2013-01-09,111,9,634.1,132.265625,1,1,1,0.0,exact_at_scalar_endpoint,recorded scalar endpoint schedule passed all nonlinear interval readbacks; zero observed gap is not a joint AC-set proof
2013-01-10,112,0,611.3,145.546875,1,1,1,0.0,exact_at_scalar_endpoint,recorded scalar endpoint schedule passed all nonlinear interval readbacks; zero observed gap is not a joint AC-set proof
2013-01-10,112,0,634.1,166.328125,1,1,1,0.0,exact_at_scalar_endpoint,recorded scalar endpoint schedule passed all nonlinear interval readbacks; zero observed gap is not a joint AC-set proof
2013-01-10,112,1,611.3,140.78125,1,1,1,0.0,exact_at_scalar_endpoint,recorded scalar endpoint schedule passed all nonlinear interval readbacks; zero observed gap is not a joint AC-set proof
2013-01-10,112,1,634.1,164.296875,1,1,1,0.0,exact_at_scalar_endpoint,recorded scalar endpoint schedule passed all nonlinear interval readbacks; zero observed gap is not a joint AC-set proof
2013-01-10,112,2,611.3,134.53125,1,1,1,0.0,exact_at_scalar_endpoint,recorded scalar endpoint schedule passed all nonlinear interval readbacks; zero observed gap is not a joint AC-set proof
2013-01-10,112,2,634.1,160.390625,1,1,1,0.0,exact_at_scalar_endpoint,recorded scalar endpoint schedule passed all nonlinear interval readbacks; zero observed gap is not a joint AC-set proof
2013-01-10,112,3,611.3,141.484375,1,1,1,0.0,exact_at_scalar_endpoint,recorded scalar endpoint schedule passed all nonlinear interval readbacks; zero observed gap is not a joint AC-set proof
2013-01-10,112,3,634.1,168.4375,1,1,1,0.0,exact_at_scalar_endpoint,recorded scalar endpoint schedule passed all nonlinear interval readbacks; zero observed gap is not a joint AC-set proof
2013-01-10,112,4,611.3,150.625,1,1,1,0.0,exact_at_scalar_endpoint,recorded scalar endpoint schedule passed all nonlinear interval readbacks; zero observed gap is not a joint AC-set proof
2013-01-10,112,4,634.1,172.65625,1,1,1,0.0,exact_at_scalar_endpoint,recorded scalar endpoint schedule passed all nonlinear interval readbacks; zero observed gap is not a joint AC-set proof
2013-01-10,112,5,611.3,127.03125,1,1,1,0.0,exact_at_scalar_endpoint,recorded scalar endpoint schedule passed all nonlinear interval readbacks; zero observed gap is not a joint AC-set proof
2013-01-10,112,5,634.1,152.109375,1,1,1,0.0,exact_at_scalar_endpoint,recorded scalar endpoint schedule passed all nonlinear interval readbacks; zero observed gap is not a joint AC-set proof
2013-01-10,112,6,611.3,136.953125,1,1,1,0.0,exact_at_scalar_endpoint,recorded scalar endpoint schedule passed all nonlinear interval readbacks; zero observed gap is not a joint AC-set proof
2013-01-10,112,6,634.1,160.703125,1,1,1,0.0,exact_at_scalar_endpoint,recorded scalar endpoint schedule passed all nonlinear interval readbacks; zero observed gap is not a joint AC-set proof
2013-01-10,112,7,611.3,158.984375,1,1,1,0.0,exact_at_scalar_endpoint,recorded scalar endpoint schedule passed all nonlinear interval readbacks; zero observed gap is not a joint AC-set proof
2013-01-10,112,7,634.1,176.484375,1,1,1,0.0,exact_at_scalar_endpoint,recorded scalar endpoint schedule passed all nonlinear interval readbacks; zero observed gap is not a joint AC-set proof
2013-01-10,112,8,611.3,148.515625,1,1,1,0.0,exact_at_scalar_endpoint,recorded scalar endpoint schedule passed all nonlinear interval readbacks; zero observed gap is not a joint AC-set proof
2013-01-10,112,8,634.1,170.703125,1,1,1,0.0,exact_at_scalar_endpoint,recorded scalar endpoint schedule passed all nonlinear interval readbacks; zero observed gap is not a joint AC-set proof
2013-01-10,112,9,611.3,151.171875,1,1,1,0.0,exact_at_scalar_endpoint,recorded scalar endpoint schedule passed all nonlinear interval readbacks; zero observed gap is not a joint AC-set proof
2013-01-10,112,9,634.1,171.875,1,1,1,0.0,exact_at_scalar_endpoint,recorded scalar endpoint schedule passed all nonlinear interval readbacks; zero observed gap is not a joint AC-set proof
2013-01-11,113,0,611.3,156.25,1,1,1,0.0,exact_at_scalar_endpoint,recorded scalar endpoint schedule passed all nonlinear interval readbacks; zero observed gap is not a joint AC-set proof
2013-01-11,113,0,634.1,149.84375,1,1,1,0.0,exact_at_scalar_endpoint,recorded scalar endpoint schedule passed all nonlinear interval readbacks; zero observed gap is not a joint AC-set proof
2013-01-11,113,1,611.3,134.6875,1,1,1,0.0,exact_at_scalar_endpoint,recorded scalar endpoint schedule passed all nonlinear interval readbacks; zero observed gap is not a joint AC-set proof
2013-01-11,113,1,634.1,149.765625,1,1,1,0.0,exact_at_scalar_endpoint,recorded scalar endpoint schedule passed all nonlinear interval readbacks; zero observed gap is not a joint AC-set proof
2013-01-11,113,2,611.3,90.9375,1,1,1,0.0,exact_at_scalar_endpoint,recorded scalar endpoint schedule passed all nonlinear interval readbacks; zero observed gap is not a joint AC-set proof
2013-01-11,113,2,634.1,79.765625,1,1,1,0.0,exact_at_scalar_endpoint,recorded scalar endpoint schedule passed all nonlinear interval readbacks; zero observed gap is not a joint AC-set proof
2013-01-11,113,3,611.3,145.3125,1,1,1,0.0,exact_at_scalar_endpoint,recorded scalar endpoint schedule passed all nonlinear interval readbacks; zero observed gap is not a joint AC-set proof
2013-01-11,113,3,634.1,145.9375,1,1,1,0.0,exact_at_scalar_endpoint,recorded scalar endpoint schedule passed all nonlinear interval readbacks; zero observed gap is not a joint AC-set proof
2013-01-11,113,4,611.3,147.734375,1,1,1,0.0,exact_at_scalar_endpoint,recorded scalar endpoint schedule passed all nonlinear interval readbacks; zero observed gap is not a joint AC-set proof
2013-01-11,113,4,634.1,171.328125,1,1,1,0.0,exact_at_scalar_endpoint,recorded scalar endpoint schedule passed all nonlinear interval readbacks; zero observed gap is not a joint AC-set proof
2013-01-11,113,5,611.3,101.71875,1,1,1,0.0,exact_at_scalar_endpoint,recorded scalar endpoint schedule passed all nonlinear interval readbacks; zero observed gap is not a joint AC-set proof
2013-01-11,113,5,634.1,93.515625,1,1,1,0.0,exact_at_scalar_endpoint,recorded scalar endpoint schedule passed all nonlinear interval readbacks; zero observed gap is not a joint AC-set proof
2013-01-11,113,6,611.3,150.3125,1,1,1,0.0,exact_at_scalar_endpoint,recorded scalar endpoint schedule passed all nonlinear interval readbacks; zero observed gap is not a joint AC-set proof
2013-01-11,113,6,634.1,162.578125,1,1,1,0.0,exact_at_scalar_endpoint,recorded scalar endpoint schedule passed all nonlinear interval readbacks; zero observed gap is not a joint AC-set proof
2013-01-11,113,7,611.3,159.765625,1,1,1,0.0,exact_at_scalar_endpoint,recorded scalar endpoint schedule passed all nonlinear interval readbacks; zero observed gap is not a joint AC-set proof
2013-01-11,113,7,634.1,179.0625,1,1,1,0.0,exact_at_scalar_endpoint,recorded scalar endpoint schedule passed all nonlinear interval readbacks; zero observed gap is not a joint AC-set proof
2013-01-11,113,8,611.3,128.90625,1,1,1,0.0,exact_at_scalar_endpoint,recorded scalar endpoint schedule passed all nonlinear interval readbacks; zero observed gap is not a joint AC-set proof
2013-01-11,113,8,634.1,120.46875,1,1,1,0.0,exact_at_scalar_endpoint,recorded scalar endpoint schedule passed all nonlinear interval readbacks; zero observed gap is not a joint AC-set proof
2013-01-11,113,9,611.3,150.078125,1,1,1,0.0,exact_at_scalar_endpoint,recorded scalar endpoint schedule passed all nonlinear interval readbacks; zero observed gap is not a joint AC-set proof
2013-01-11,113,9,634.1,154.6875,1,1,1,0.0,exact_at_scalar_endpoint,recorded scalar endpoint schedule passed all nonlinear interval readbacks; zero observed gap is not a joint AC-set proof
2013-01-12,114,0,611.3,160.859375,1,1,1,0.0,exact_at_scalar_endpoint,recorded scalar endpoint schedule passed all nonlinear interval readbacks; zero observed gap is not a joint AC-set proof
2013-01-12,114,0,634.1,191.484375,1,1,1,0.0,exact_at_scalar_endpoint,recorded scalar endpoint schedule passed all nonlinear interval readbacks; zero observed gap is not a joint AC-set proof
2013-01-12,114,1,611.3,155.15625,1,1,1,0.0,exact_at_scalar_endpoint,recorded scalar endpoint schedule passed all nonlinear interval readbacks; zero observed gap is not a joint AC-set proof
2013-01-12,114,1,634.1,174.6875,1,1,1,0.0,exact_at_scalar_endpoint,recorded scalar endpoint schedule passed all nonlinear interval readbacks; zero observed gap is not a joint AC-set proof
2013-01-12,114,2,611.3,157.265625,1,1,1,0.0,exact_at_scalar_endpoint,recorded scalar endpoint schedule passed all nonlinear interval readbacks; zero observed gap is not a joint AC-set proof
2013-01-12,114,2,634.1,179.21875,1,1,1,0.0,exact_at_scalar_endpoint,recorded scalar endpoint schedule passed all nonlinear interval readbacks; zero observed gap is not a joint AC-set proof
2013-01-12,114,3,611.3,153.515625,1,1,1,0.0,exact_at_scalar_endpoint,recorded scalar endpoint schedule passed all nonlinear interval readbacks; zero observed gap is not a joint AC-set proof
2013-01-12,114,3,634.1,173.984375,1,1,1,0.0,exact_at_scalar_endpoint,recorded scalar endpoint schedule passed all nonlinear interval readbacks; zero observed gap is not a joint AC-set proof
2013-01-12,114,4,611.3,162.421875,1,1,1,0.0,exact_at_scalar_endpoint,recorded scalar endpoint schedule passed all nonlinear interval readbacks; zero observed gap is not a joint AC-set proof
2013-01-12,114,4,634.1,196.25,1,1,1,0.0,exact_at_scalar_endpoint,recorded scalar endpoint schedule passed all nonlinear interval readbacks; zero observed gap is not a joint AC-set proof
2013-01-12,114,5,611.3,156.09375,1,1,1,0.0,exact_at_scalar_endpoint,recorded scalar endpoint schedule passed all nonlinear interval readbacks; zero observed gap is not a joint AC-set proof
2013-01-12,114,5,634.1,175.546875,1,1,1,0.0,exact_at_scalar_endpoint,recorded scalar endpoint schedule passed all nonlinear interval readbacks; zero observed gap is not a joint AC-set proof
2013-01-12,114,6,611.3,159.6875,1,1,1,0.0,exact_at_scalar_endpoint,recorded scalar endpoint schedule passed all nonlinear interval readbacks; zero observed gap is not a joint AC-set proof
2013-01-12,114,6,634.1,187.421875,1,1,1,0.0,exact_at_scalar_endpoint,recorded scalar endpoint schedule passed all nonlinear interval readbacks; zero observed gap is not a joint AC-set proof
2013-01-12,114,7,611.3,160.234375,1,1,1,0.0,exact_at_scalar_endpoint,recorded scalar endpoint schedule passed all nonlinear interval readbacks; zero observed gap is not a joint AC-set proof
2013-01-12,114,7,634.1,189.0625,1,1,1,0.0,exact_at_scalar_endpoint,recorded scalar endpoint schedule passed all nonlinear interval readbacks; zero observed gap is not a joint AC-set proof
2013-01-12,114,8,611.3,158.90625,1,1,1,0.0,exact_at_scalar_endpoint,recorded scalar endpoint schedule passed all nonlinear interval readbacks; zero observed gap is not a joint AC-set proof
2013-01-12,114,8,634.1,185.0,1,1,1,0.0,exact_at_scalar_endpoint,recorded scalar endpoint schedule passed all nonlinear interval readbacks; zero observed gap is not a joint AC-set proof
2013-01-12,114,9,611.3,158.515625,1,1,1,0.0,exact_at_scalar_endpoint,recorded scalar endpoint schedule passed all nonlinear interval readbacks; zero observed gap is not a joint AC-set proof
2013-01-12,114,9,634.1,183.75,1,1,1,0.0,exact_at_scalar_endpoint,recorded scalar endpoint schedule passed all nonlinear interval readbacks; zero observed gap is not a joint AC-set proof
2013-01-13,115,0,611.3,159.21875,1,1,1,0.0,exact_at_scalar_endpoint,recorded scalar endpoint schedule passed all nonlinear interval readbacks; zero observed gap is not a joint AC-set proof
2013-01-13,115,0,634.1,185.390625,1,1,1,0.0,exact_at_scalar_endpoint,recorded scalar endpoint schedule passed all nonlinear interval readbacks; zero observed gap is not a joint AC-set proof
2013-01-13,115,1,611.3,145.390625,1,1,1,0.0,exact_at_scalar_endpoint,recorded scalar endpoint schedule passed all nonlinear interval readbacks; zero observed gap is not a joint AC-set proof
2013-01-13,115,1,634.1,170.3125,1,1,1,0.0,exact_at_scalar_endpoint,recorded scalar endpoint schedule passed all nonlinear interval readbacks; zero observed gap is not a joint AC-set proof
2013-01-13,115,2,611.3,156.015625,1,1,1,0.0,exact_at_scalar_endpoint,recorded scalar endpoint schedule passed all nonlinear interval readbacks; zero observed gap is not a joint AC-set proof
2013-01-13,115,2,634.1,175.390625,1,1,1,0.0,exact_at_scalar_endpoint,recorded scalar endpoint schedule passed all nonlinear interval readbacks; zero observed gap is not a joint AC-set proof
2013-01-13,115,3,611.3,147.109375,1,1,1,0.0,exact_at_scalar_endpoint,recorded scalar endpoint schedule passed all nonlinear interval readbacks; zero observed gap is not a joint AC-set proof
2013-01-13,115,3,634.1,170.78125,1,1,1,0.0,exact_at_scalar_endpoint,recorded scalar endpoint schedule passed all nonlinear interval readbacks; zero observed gap is not a joint AC-set proof
2013-01-13,115,4,611.3,157.8125,1,1,1,0.0,exact_at_scalar_endpoint,recorded scalar endpoint schedule passed all nonlinear interval readbacks; zero observed gap is not a joint AC-set proof
2013-01-13,115,4,634.1,181.328125,1,1,1,0.0,exact_at_scalar_endpoint,recorded scalar endpoint schedule passed all nonlinear interval readbacks; zero observed gap is not a joint AC-set proof
2013-01-13,115,5,611.3,135.703125,1,1,1,0.0,exact_at_scalar_endpoint,recorded scalar endpoint schedule passed all nonlinear interval readbacks; zero observed gap is not a joint AC-set proof
2013-01-13,115,5,634.1,165.859375,1,1,1,0.0,exact_at_scalar_endpoint,recorded scalar endpoint schedule passed all nonlinear interval readbacks; zero observed gap is not a joint AC-set proof
2013-01-13,115,6,611.3,158.4375,1,1,1,0.0,exact_at_scalar_endpoint,recorded scalar endpoint schedule passed all nonlinear interval readbacks; zero observed gap is not a joint AC-set proof
2013-01-13,115,6,634.1,182.65625,1,1,1,0.0,exact_at_scalar_endpoint,recorded scalar endpoint schedule passed all nonlinear interval readbacks; zero observed gap is not a joint AC-set proof
2013-01-13,115,7,611.3,158.75,1,1,1,0.0,exact_at_scalar_endpoint,recorded scalar endpoint schedule passed all nonlinear interval readbacks; zero observed gap is not a joint AC-set proof
2013-01-13,115,7,634.1,176.484375,1,1,1,0.0,exact_at_scalar_endpoint,recorded scalar endpoint schedule passed all nonlinear interval readbacks; zero observed gap is not a joint AC-set proof
2013-01-13,115,8,611.3,150.3125,1,1,1,0.0,exact_at_scalar_endpoint,recorded scalar endpoint schedule passed all nonlinear interval readbacks; zero observed gap is not a joint AC-set proof
2013-01-13,115,8,634.1,171.796875,1,1,1,0.0,exact_at_scalar_endpoint,recorded scalar endpoint schedule passed all nonlinear interval readbacks; zero observed gap is not a joint AC-set proof
2013-01-13,115,9,611.3,153.28125,1,1,1,0.0,exact_at_scalar_endpoint,recorded scalar endpoint schedule passed all nonlinear interval readbacks; zero observed gap is not a joint AC-set proof
2013-01-13,115,9,634.1,173.828125,1,1,1,0.0,exact_at_scalar_endpoint,recorded scalar endpoint schedule passed all nonlinear interval readbacks; zero observed gap is not a joint AC-set proof
2013-01-14,116,0,611.3,97.8125,1,1,1,0.0,exact_at_scalar_endpoint,recorded scalar endpoint schedule passed all nonlinear interval readbacks; zero observed gap is not a joint AC-set proof
2013-01-14,116,0,634.1,81.40625,1,1,1,0.0,exact_at_scalar_endpoint,recorded scalar endpoint schedule passed all nonlinear interval readbacks; zero observed gap is not a joint AC-set proof
2013-01-14,116,1,611.3,80.9375,1,1,1,0.0,exact_at_scalar_endpoint,recorded scalar endpoint schedule passed all nonlinear interval readbacks; zero observed gap is not a joint AC-set proof
2013-01-14,116,1,634.1,71.640625,1,1,1,0.0,exact_at_scalar_endpoint,recorded scalar endpoint schedule passed all nonlinear interval readbacks; zero observed gap is not a joint AC-set proof
2013-01-14,116,2,611.3,87.5,1,1,1,0.0,exact_at_scalar_endpoint,recorded scalar endpoint schedule passed all nonlinear interval readbacks; zero observed gap is not a joint AC-set proof
2013-01-14,116,2,634.1,71.015625,1,1,1,0.0,exact_at_scalar_endpoint,recorded scalar endpoint schedule passed all nonlinear interval readbacks; zero observed gap is not a joint AC-set proof
2013-01-14,116,3,611.3,85.546875,1,1,1,0.0,exact_at_scalar_endpoint,recorded scalar endpoint schedule passed all nonlinear interval readbacks; zero observed gap is not a joint AC-set proof
2013-01-14,116,3,634.1,78.828125,1,1,1,0.0,exact_at_scalar_endpoint,recorded scalar endpoint schedule passed all nonlinear interval readbacks; zero observed gap is not a joint AC-set proof
2013-01-14,116,4,611.3,113.125,1,1,1,0.0,exact_at_scalar_endpoint,recorded scalar endpoint schedule passed all nonlinear interval readbacks; zero observed gap is not a joint AC-set proof
2013-01-14,116,4,634.1,104.0625,1,1,1,0.0,exact_at_scalar_endpoint,recorded scalar endpoint schedule passed all nonlinear interval readbacks; zero observed gap is not a joint AC-set proof
2013-01-14,116,5,611.3,92.890625,1,1,1,0.0,exact_at_scalar_endpoint,recorded scalar endpoint schedule passed all nonlinear interval readbacks; zero observed gap is not a joint AC-set proof
2013-01-14,116,5,634.1,78.4375,1,1,1,0.0,exact_at_scalar_endpoint,recorded scalar endpoint schedule passed all nonlinear interval readbacks; zero observed gap is not a joint AC-set proof
2013-01-14,116,6,611.3,122.5,1,1,1,0.0,exact_at_scalar_endpoint,recorded scalar endpoint schedule passed all nonlinear interval readbacks; zero observed gap is not a joint AC-set proof
2013-01-14,116,6,634.1,119.53125,1,1,1,0.0,exact_at_scalar_endpoint,recorded scalar endpoint schedule passed all nonlinear interval readbacks; zero observed gap is not a joint AC-set proof
2013-01-14,116,7,611.3,111.09375,1,1,1,0.0,exact_at_scalar_endpoint,recorded scalar endpoint schedule passed all nonlinear interval readbacks; zero observed gap is not a joint AC-set proof
2013-01-14,116,7,634.1,103.828125,1,1,1,0.0,exact_at_scalar_endpoint,recorded scalar endpoint schedule passed all nonlinear interval readbacks; zero observed gap is not a joint AC-set proof
2013-01-14,116,8,611.3,84.140625,1,1,1,0.0,exact_at_scalar_endpoint,recorded scalar endpoint schedule passed all nonlinear interval readbacks; zero observed gap is not a joint AC-set proof
2013-01-14,116,8,634.1,66.5625,1,1,1,0.0,exact_at_scalar_endpoint,recorded scalar endpoint schedule passed all nonlinear interval readbacks; zero observed gap is not a joint AC-set proof
2013-01-14,116,9,611.3,112.1875,1,1,1,0.0,exact_at_scalar_endpoint,recorded scalar endpoint schedule passed all nonlinear interval readbacks; zero observed gap is not a joint AC-set proof
2013-01-14,116,9,634.1,105.78125,1,1,1,0.0,exact_at_scalar_endpoint,recorded scalar endpoint schedule passed all nonlinear interval readbacks; zero observed gap is not a joint AC-set proof
2013-01-15,117,0,611.3,135.390625,1,1,1,0.0,exact_at_scalar_endpoint,recorded scalar endpoint schedule passed all nonlinear interval readbacks; zero observed gap is not a joint AC-set proof
2013-01-15,117,0,634.1,132.578125,1,1,1,0.0,exact_at_scalar_endpoint,recorded scalar endpoint schedule passed all nonlinear interval readbacks; zero observed gap is not a joint AC-set proof
2013-01-15,117,1,611.3,95.703125,1,1,1,0.0,exact_at_scalar_endpoint,recorded scalar endpoint schedule passed all nonlinear interval readbacks; zero observed gap is not a joint AC-set proof
2013-01-15,117,1,634.1,99.140625,1,1,1,0.0,exact_at_scalar_endpoint,recorded scalar endpoint schedule passed all nonlinear interval readbacks; zero observed gap is not a joint AC-set proof
2013-01-15,117,2,611.3,117.03125,1,1,1,0.0,exact_at_scalar_endpoint,recorded scalar endpoint schedule passed all nonlinear interval readbacks; zero observed gap is not a joint AC-set proof
2013-01-15,117,2,634.1,117.8125,1,1,1,0.0,exact_at_scalar_endpoint,recorded scalar endpoint schedule passed all nonlinear interval readbacks; zero observed gap is not a joint AC-set proof
2013-01-15,117,3,611.3,106.640625,1,1,1,0.0,exact_at_scalar_endpoint,recorded scalar endpoint schedule passed all nonlinear interval readbacks; zero observed gap is not a joint AC-set proof
2013-01-15,117,3,634.1,108.28125,1,1,1,0.0,exact_at_scalar_endpoint,recorded scalar endpoint schedule passed all nonlinear interval readbacks; zero observed gap is not a joint AC-set proof
2013-01-15,117,4,611.3,122.96875,1,1,1,0.0,exact_at_scalar_endpoint,recorded scalar endpoint schedule passed all nonlinear interval readbacks; zero observed gap is not a joint AC-set proof
2013-01-15,117,4,634.1,125.390625,1,1,1,0.0,exact_at_scalar_endpoint,recorded scalar endpoint schedule passed all nonlinear interval readbacks; zero observed gap is not a joint AC-set proof
2013-01-15,117,5,611.3,110.390625,1,1,1,0.0,exact_at_scalar_endpoint,recorded scalar endpoint schedule passed all nonlinear interval readbacks; zero observed gap is not a joint AC-set proof
2013-01-15,117,5,634.1,113.4375,1,1,1,0.0,exact_at_scalar_endpoint,recorded scalar endpoint schedule passed all nonlinear interval readbacks; zero observed gap is not a joint AC-set proof
2013-01-15,117,6,611.3,130.15625,1,1,1,0.0,exact_at_scalar_endpoint,recorded scalar endpoint schedule passed all nonlinear interval readbacks; zero observed gap is not a joint AC-set proof
2013-01-15,117,6,634.1,132.421875,1,1,1,0.0,exact_at_scalar_endpoint,recorded scalar endpoint schedule passed all nonlinear interval readbacks; zero observed gap is not a joint AC-set proof
2013-01-15,117,7,611.3,105.78125,1,1,1,0.0,exact_at_scalar_endpoint,recorded scalar endpoint schedule passed all nonlinear interval readbacks; zero observed gap is not a joint AC-set proof
2013-01-15,117,7,634.1,111.09375,1,1,1,0.0,exact_at_scalar_endpoint,recorded scalar endpoint schedule passed all nonlinear interval readbacks; zero observed gap is not a joint AC-set proof
2013-01-15,117,8,611.3,102.890625,1,1,1,0.0,exact_at_scalar_endpoint,recorded scalar endpoint schedule passed all nonlinear interval readbacks; zero observed gap is not a joint AC-set proof
2013-01-15,117,8,634.1,104.21875,1,1,1,0.0,exact_at_scalar_endpoint,recorded scalar endpoint schedule passed all nonlinear interval readbacks; zero observed gap is not a joint AC-set proof
2013-01-15,117,9,611.3,130.859375,1,1,1,0.0,exact_at_scalar_endpoint,recorded scalar endpoint schedule passed all nonlinear interval readbacks; zero observed gap is not a joint AC-set proof
2013-01-15,117,9,634.1,134.0625,1,1,1,0.0,exact_at_scalar_endpoint,recorded scalar endpoint schedule passed all nonlinear interval readbacks; zero observed gap is not a joint AC-set proof
2013-01-16,118,0,611.3,145.703125,1,1,1,0.0,exact_at_scalar_endpoint,recorded scalar endpoint schedule passed all nonlinear interval readbacks; zero observed gap is not a joint AC-set proof
2013-01-16,118,0,634.1,133.4375,1,1,1,0.0,exact_at_scalar_endpoint,recorded scalar endpoint schedule passed all nonlinear interval readbacks; zero observed gap is not a joint AC-set proof
2013-01-16,118,1,611.3,85.0,1,1,1,0.0,exact_at_scalar_endpoint,recorded scalar endpoint schedule passed all nonlinear interval readbacks; zero observed gap is not a joint AC-set proof
2013-01-16,118,1,634.1,72.34375,1,1,1,0.0,exact_at_scalar_endpoint,recorded scalar endpoint schedule passed all nonlinear interval readbacks; zero observed gap is not a joint AC-set proof
2013-01-16,118,2,611.3,88.203125,1,1,1,0.0,exact_at_scalar_endpoint,recorded scalar endpoint schedule passed all nonlinear interval readbacks; zero observed gap is not a joint AC-set proof
2013-01-16,118,2,634.1,76.5625,1,1,1,0.0,exact_at_scalar_endpoint,recorded scalar endpoint schedule passed all nonlinear interval readbacks; zero observed gap is not a joint AC-set proof
2013-01-16,118,3,611.3,100.078125,1,1,1,0.0,exact_at_scalar_endpoint,recorded scalar endpoint schedule passed all nonlinear interval readbacks; zero observed gap is not a joint AC-set proof
2013-01-16,118,3,634.1,89.921875,1,1,1,0.0,exact_at_scalar_endpoint,recorded scalar endpoint schedule passed all nonlinear interval readbacks; zero observed gap is not a joint AC-set proof
2013-01-16,118,4,611.3,119.453125,1,1,1,0.0,exact_at_scalar_endpoint,recorded scalar endpoint schedule passed all nonlinear interval readbacks; zero observed gap is not a joint AC-set proof
2013-01-16,118,4,634.1,115.46875,1,1,1,0.0,exact_at_scalar_endpoint,recorded scalar endpoint schedule passed all nonlinear interval readbacks; zero observed gap is not a joint AC-set proof
2013-01-16,118,5,611.3,112.578125,1,1,1,0.0,exact_at_scalar_endpoint,recorded scalar endpoint schedule passed all nonlinear interval readbacks; zero observed gap is not a joint AC-set proof
2013-01-16,118,5,634.1,104.6875,1,1,1,0.0,exact_at_scalar_endpoint,recorded scalar endpoint schedule passed all nonlinear interval readbacks; zero observed gap is not a joint AC-set proof
2013-01-16,118,6,611.3,100.859375,1,1,1,0.0,exact_at_scalar_endpoint,recorded scalar endpoint schedule passed all nonlinear interval readbacks; zero observed gap is not a joint AC-set proof
2013-01-16,118,6,634.1,95.15625,1,1,1,0.0,exact_at_scalar_endpoint,recorded scalar endpoint schedule passed all nonlinear interval readbacks; zero observed gap is not a joint AC-set proof
2013-01-16,118,7,611.3,111.5625,1,1,1,0.0,exact_at_scalar_endpoint,recorded scalar endpoint schedule passed all nonlinear interval readbacks; zero observed gap is not a joint AC-set proof
2013-01-16,118,7,634.1,106.25,1,1,1,0.0,exact_at_scalar_endpoint,recorded scalar endpoint schedule passed all nonlinear interval readbacks; zero observed gap is not a joint AC-set proof
2013-01-16,118,8,611.3,103.359375,1,1,1,0.0,exact_at_scalar_endpoint,recorded scalar endpoint schedule passed all nonlinear interval readbacks; zero observed gap is not a joint AC-set proof
2013-01-16,118,8,634.1,92.734375,1,1,1,0.0,exact_at_scalar_endpoint,recorded scalar endpoint schedule passed all nonlinear interval readbacks; zero observed gap is not a joint AC-set proof
2013-01-16,118,9,611.3,114.0625,1,1,1,0.0,exact_at_scalar_endpoint,recorded scalar endpoint schedule passed all nonlinear interval readbacks; zero observed gap is not a joint AC-set proof
2013-01-16,118,9,634.1,107.65625,1,1,1,0.0,exact_at_scalar_endpoint,recorded scalar endpoint schedule passed all nonlinear interval readbacks; zero observed gap is not a joint AC-set proof
2013-01-17,119,0,611.3,125.078125,1,1,1,0.0,exact_at_scalar_endpoint,recorded scalar endpoint schedule passed all nonlinear interval readbacks; zero observed gap is not a joint AC-set proof
2013-01-17,119,0,634.1,117.421875,1,1,1,0.0,exact_at_scalar_endpoint,recorded scalar endpoint schedule passed all nonlinear interval readbacks; zero observed gap is not a joint AC-set proof
2013-01-17,119,1,611.3,84.375,1,1,1,0.0,exact_at_scalar_endpoint,recorded scalar endpoint schedule passed all nonlinear interval readbacks; zero observed gap is not a joint AC-set proof
2013-01-17,119,1,634.1,72.890625,1,1,1,0.0,exact_at_scalar_endpoint,recorded scalar endpoint schedule passed all nonlinear interval readbacks; zero observed gap is not a joint AC-set proof
2013-01-17,119,2,611.3,102.34375,1,1,1,0.0,exact_at_scalar_endpoint,recorded scalar endpoint schedule passed all nonlinear interval readbacks; zero observed gap is not a joint AC-set proof
2013-01-17,119,2,634.1,91.953125,1,1,1,0.0,exact_at_scalar_endpoint,recorded scalar endpoint schedule passed all nonlinear interval readbacks; zero observed gap is not a joint AC-set proof
2013-01-17,119,3,611.3,124.21875,1,1,1,0.0,exact_at_scalar_endpoint,recorded scalar endpoint schedule passed all nonlinear interval readbacks; zero observed gap is not a joint AC-set proof
2013-01-17,119,3,634.1,116.71875,1,1,1,0.0,exact_at_scalar_endpoint,recorded scalar endpoint schedule passed all nonlinear interval readbacks; zero observed gap is not a joint AC-set proof
2013-01-17,119,4,611.3,126.796875,1,1,1,0.0,exact_at_scalar_endpoint,recorded scalar endpoint schedule passed all nonlinear interval readbacks; zero observed gap is not a joint AC-set proof
2013-01-17,119,4,634.1,120.859375,1,1,1,0.0,exact_at_scalar_endpoint,recorded scalar endpoint schedule passed all nonlinear interval readbacks; zero observed gap is not a joint AC-set proof
2013-01-17,119,5,611.3,143.359375,1,1,1,0.0,exact_at_scalar_endpoint,recorded scalar endpoint schedule passed all nonlinear interval readbacks; zero observed gap is not a joint AC-set proof
2013-01-17,119,5,634.1,143.984375,1,1,1,0.0,exact_at_scalar_endpoint,recorded scalar endpoint schedule passed all nonlinear interval readbacks; zero observed gap is not a joint AC-set proof
2013-01-17,119,6,611.3,156.25,1,1,1,0.0,exact_at_scalar_endpoint,recorded scalar endpoint schedule passed all nonlinear interval readbacks; zero observed gap is not a joint AC-set proof
2013-01-17,119,6,634.1,175.625,1,1,1,0.0,exact_at_scalar_endpoint,recorded scalar endpoint schedule passed all nonlinear interval readbacks; zero observed gap is not a joint AC-set proof
2013-01-17,119,7,611.3,122.421875,1,1,1,0.0,exact_at_scalar_endpoint,recorded scalar endpoint schedule passed all nonlinear interval readbacks; zero observed gap is not a joint AC-set proof
2013-01-17,119,7,634.1,114.921875,1,1,1,0.0,exact_at_scalar_endpoint,recorded scalar endpoint schedule passed all nonlinear interval readbacks; zero observed gap is not a joint AC-set proof
2013-01-17,119,8,611.3,144.453125,1,1,1,0.0,exact_at_scalar_endpoint,recorded scalar endpoint schedule passed all nonlinear interval readbacks; zero observed gap is not a joint AC-set proof
2013-01-17,119,8,634.1,157.65625,1,1,1,0.0,exact_at_scalar_endpoint,recorded scalar endpoint schedule passed all nonlinear interval readbacks; zero observed gap is not a joint AC-set proof
2013-01-17,119,9,611.3,134.609375,1,1,1,0.0,exact_at_scalar_endpoint,recorded scalar endpoint schedule passed all nonlinear interval readbacks; zero observed gap is not a joint AC-set proof
2013-01-17,119,9,634.1,126.015625,1,1,1,0.0,exact_at_scalar_endpoint,recorded scalar endpoint schedule passed all nonlinear interval readbacks; zero observed gap is not a joint AC-set proof
2013-01-18,120,0,611.3,162.421875,1,1,1,0.0,exact_at_scalar_endpoint,recorded scalar endpoint schedule passed all nonlinear interval readbacks; zero observed gap is not a joint AC-set proof
2013-01-18,120,0,634.1,196.640625,1,1,1,0.0,exact_at_scalar_endpoint,recorded scalar endpoint schedule passed all nonlinear interval readbacks; zero observed gap is not a joint AC-set proof
2013-01-18,120,1,611.3,142.734375,1,1,1,0.0,exact_at_scalar_endpoint,recorded scalar endpoint schedule passed all nonlinear interval readbacks; zero observed gap is not a joint AC-set proof
2013-01-18,120,1,634.1,169.0625,1,1,1,0.0,exact_at_scalar_endpoint,recorded scalar endpoint schedule passed all nonlinear interval readbacks; zero observed gap is not a joint AC-set proof
2013-01-18,120,2,611.3,145.859375,1,1,1,0.0,exact_at_scalar_endpoint,recorded scalar endpoint schedule passed all nonlinear interval readbacks; zero observed gap is not a joint AC-set proof
2013-01-18,120,2,634.1,140.078125,1,1,1,0.0,exact_at_scalar_endpoint,recorded scalar endpoint schedule passed all nonlinear interval readbacks; zero observed gap is not a joint AC-set proof
2013-01-18,120,3,611.3,149.21875,1,1,1,0.0,exact_at_scalar_endpoint,recorded scalar endpoint schedule passed all nonlinear interval readbacks; zero observed gap is not a joint AC-set proof
2013-01-18,120,3,634.1,172.03125,1,1,1,0.0,exact_at_scalar_endpoint,recorded scalar endpoint schedule passed all nonlinear interval readbacks; zero observed gap is not a joint AC-set proof
2013-01-18,120,4,611.3,158.125,1,1,1,0.0,exact_at_scalar_endpoint,recorded scalar endpoint schedule passed all nonlinear interval readbacks; zero observed gap is not a joint AC-set proof
2013-01-18,120,4,634.1,182.421875,1,1,1,0.0,exact_at_scalar_endpoint,recorded scalar endpoint schedule passed all nonlinear interval readbacks; zero observed gap is not a joint AC-set proof
2013-01-18,120,5,611.3,152.96875,1,1,1,0.0,exact_at_scalar_endpoint,recorded scalar endpoint schedule passed all nonlinear interval readbacks; zero observed gap is not a joint AC-set proof
2013-01-18,120,5,634.1,173.75,1,1,1,0.0,exact_at_scalar_endpoint,recorded scalar endpoint schedule passed all nonlinear interval readbacks; zero observed gap is not a joint AC-set proof
2013-01-18,120,6,611.3,157.96875,1,1,1,0.0,exact_at_scalar_endpoint,recorded scalar endpoint schedule passed all nonlinear interval readbacks; zero observed gap is not a joint AC-set proof
2013-01-18,120,6,634.1,181.953125,1,1,1,0.0,exact_at_scalar_endpoint,recorded scalar endpoint schedule passed all nonlinear interval readbacks; zero observed gap is not a joint AC-set proof
2013-01-18,120,7,611.3,161.484375,1,1,1,0.0,exact_at_scalar_endpoint,recorded scalar endpoint schedule passed all nonlinear interval readbacks; zero observed gap is not a joint AC-set proof
2013-01-18,120,7,634.1,193.4375,1,1,1,0.0,exact_at_scalar_endpoint,recorded scalar endpoint schedule passed all nonlinear interval readbacks; zero observed gap is not a joint AC-set proof
2013-01-18,120,8,611.3,157.34375,1,1,1,0.0,exact_at_scalar_endpoint,recorded scalar endpoint schedule passed all nonlinear interval readbacks; zero observed gap is not a joint AC-set proof
2013-01-18,120,8,634.1,179.84375,1,1,1,0.0,exact_at_scalar_endpoint,recorded scalar endpoint schedule passed all nonlinear interval readbacks; zero observed gap is not a joint AC-set proof
2013-01-18,120,9,611.3,156.640625,1,1,1,0.0,exact_at_scalar_endpoint,recorded scalar endpoint schedule passed all nonlinear interval readbacks; zero observed gap is not a joint AC-set proof
2013-01-18,120,9,634.1,177.421875,1,1,1,0.0,exact_at_scalar_endpoint,recorded scalar endpoint schedule passed all nonlinear interval readbacks; zero observed gap is not a joint AC-set proof
2013-01-19,121,0,611.3,162.421875,1,1,1,0.0,exact_at_scalar_endpoint,recorded scalar endpoint schedule passed all nonlinear interval readbacks; zero observed gap is not a joint AC-set proof
2013-01-19,121,0,634.1,175.703125,1,1,1,0.0,exact_at_scalar_endpoint,recorded scalar endpoint schedule passed all nonlinear interval readbacks; zero observed gap is not a joint AC-set proof
2013-01-19,121,1,611.3,154.84375,1,1,1,0.0,exact_at_scalar_endpoint,recorded scalar endpoint schedule passed all nonlinear interval readbacks; zero observed gap is not a joint AC-set proof
2013-01-19,121,1,634.1,171.640625,1,1,1,0.0,exact_at_scalar_endpoint,recorded scalar endpoint schedule passed all nonlinear interval readbacks; zero observed gap is not a joint AC-set proof
2013-01-19,121,2,611.3,148.59375,1,1,1,0.0,exact_at_scalar_endpoint,recorded scalar endpoint schedule passed all nonlinear interval readbacks; zero observed gap is not a joint AC-set proof
2013-01-19,121,2,634.1,167.1875,1,1,1,0.0,exact_at_scalar_endpoint,recorded scalar endpoint schedule passed all nonlinear interval readbacks; zero observed gap is not a joint AC-set proof
2013-01-19,121,3,611.3,125.546875,1,1,1,0.0,exact_at_scalar_endpoint,recorded scalar endpoint schedule passed all nonlinear interval readbacks; zero observed gap is not a joint AC-set proof
2013-01-19,121,3,634.1,147.421875,1,1,1,0.0,exact_at_scalar_endpoint,recorded scalar endpoint schedule passed all nonlinear interval readbacks; zero observed gap is not a joint AC-set proof
2013-01-19,121,4,611.3,150.390625,1,1,1,0.0,exact_at_scalar_endpoint,recorded scalar endpoint schedule passed all nonlinear interval readbacks; zero observed gap is not a joint AC-set proof
2013-01-19,121,4,634.1,167.734375,1,1,1,0.0,exact_at_scalar_endpoint,recorded scalar endpoint schedule passed all nonlinear interval readbacks; zero observed gap is not a joint AC-set proof
2013-01-19,121,5,611.3,124.53125,1,1,1,0.0,exact_at_scalar_endpoint,recorded scalar endpoint schedule passed all nonlinear interval readbacks; zero observed gap is not a joint AC-set proof
2013-01-19,121,5,634.1,148.125,1,1,1,0.0,exact_at_scalar_endpoint,recorded scalar endpoint schedule passed all nonlinear interval readbacks; zero observed gap is not a joint AC-set proof
2013-01-19,121,6,611.3,159.140625,1,1,1,0.0,exact_at_scalar_endpoint,recorded scalar endpoint schedule passed all nonlinear interval readbacks; zero observed gap is not a joint AC-set proof
2013-01-19,121,6,634.1,180.625,1,1,1,0.0,exact_at_scalar_endpoint,recorded scalar endpoint schedule passed all nonlinear interval readbacks; zero observed gap is not a joint AC-set proof
2013-01-19,121,7,611.3,161.875,1,1,1,0.0,exact_at_scalar_endpoint,recorded scalar endpoint schedule passed all nonlinear interval readbacks; zero observed gap is not a joint AC-set proof
2013-01-19,121,7,634.1,174.53125,1,1,1,0.0,exact_at_scalar_endpoint,recorded scalar endpoint schedule passed all nonlinear interval readbacks; zero observed gap is not a joint AC-set proof
2013-01-19,121,8,611.3,153.4375,1,1,1,0.0,exact_at_scalar_endpoint,recorded scalar endpoint schedule passed all nonlinear interval readbacks; zero observed gap is not a joint AC-set proof
2013-01-19,121,8,634.1,169.375,1,1,1,0.0,exact_at_scalar_endpoint,recorded scalar endpoint schedule passed all nonlinear interval readbacks; zero observed gap is not a joint AC-set proof
2013-01-19,121,9,611.3,145.9375,1,1,1,0.0,exact_at_scalar_endpoint,recorded scalar endpoint schedule passed all nonlinear interval readbacks; zero observed gap is not a joint AC-set proof
2013-01-19,121,9,634.1,165.859375,1,1,1,0.0,exact_at_scalar_endpoint,recorded scalar endpoint schedule passed all nonlinear interval readbacks; zero observed gap is not a joint AC-set proof
2013-01-20,122,0,611.3,150.78125,1,1,1,0.0,exact_at_scalar_endpoint,recorded scalar endpoint schedule passed all nonlinear interval readbacks; zero observed gap is not a joint AC-set proof
2013-01-20,122,0,634.1,172.734375,1,1,1,0.0,exact_at_scalar_endpoint,recorded scalar endpoint schedule passed all nonlinear interval readbacks; zero observed gap is not a joint AC-set proof
2013-01-20,122,1,611.3,153.046875,1,1,1,0.0,exact_at_scalar_endpoint,recorded scalar endpoint schedule passed all nonlinear interval readbacks; zero observed gap is not a joint AC-set proof
2013-01-20,122,1,634.1,173.75,1,1,1,0.0,exact_at_scalar_endpoint,recorded scalar endpoint schedule passed all nonlinear interval readbacks; zero observed gap is not a joint AC-set proof
2013-01-20,122,2,611.3,148.671875,1,1,1,0.0,exact_at_scalar_endpoint,recorded scalar endpoint schedule passed all nonlinear interval readbacks; zero observed gap is not a joint AC-set proof
2013-01-20,122,2,634.1,171.71875,1,1,1,0.0,exact_at_scalar_endpoint,recorded scalar endpoint schedule passed all nonlinear interval readbacks; zero observed gap is not a joint AC-set proof
2013-01-20,122,3,611.3,143.046875,1,1,1,0.0,exact_at_scalar_endpoint,recorded scalar endpoint schedule passed all nonlinear interval readbacks; zero observed gap is not a joint AC-set proof
2013-01-20,122,3,634.1,169.21875,1,1,1,0.0,exact_at_scalar_endpoint,recorded scalar endpoint schedule passed all nonlinear interval readbacks; zero observed gap is not a joint AC-set proof
2013-01-20,122,4,611.3,154.0625,1,1,1,0.0,exact_at_scalar_endpoint,recorded scalar endpoint schedule passed all nonlinear interval readbacks; zero observed gap is not a joint AC-set proof
2013-01-20,122,4,634.1,174.21875,1,1,1,0.0,exact_at_scalar_endpoint,recorded scalar endpoint schedule passed all nonlinear interval readbacks; zero observed gap is not a joint AC-set proof
2013-01-20,122,5,611.3,139.53125,1,1,1,0.0,exact_at_scalar_endpoint,recorded scalar endpoint schedule passed all nonlinear interval readbacks; zero observed gap is not a joint AC-set proof
2013-01-20,122,5,634.1,167.578125,1,1,1,0.0,exact_at_scalar_endpoint,recorded scalar endpoint schedule passed all nonlinear interval readbacks; zero observed gap is not a joint AC-set proof
2013-01-20,122,6,611.3,158.28125,1,1,1,0.0,exact_at_scalar_endpoint,recorded scalar endpoint schedule passed all nonlinear interval readbacks; zero observed gap is not a joint AC-set proof
2013-01-20,122,6,634.1,182.96875,1,1,1,0.0,exact_at_scalar_endpoint,recorded scalar endpoint schedule passed all nonlinear interval readbacks; zero observed gap is not a joint AC-set proof
2013-01-20,122,7,611.3,158.203125,1,1,1,0.0,exact_at_scalar_endpoint,recorded scalar endpoint schedule passed all nonlinear interval readbacks; zero observed gap is not a joint AC-set proof
2013-01-20,122,7,634.1,182.578125,1,1,1,0.0,exact_at_scalar_endpoint,recorded scalar endpoint schedule passed all nonlinear interval readbacks; zero observed gap is not a joint AC-set proof
2013-01-20,122,8,611.3,142.109375,1,1,1,0.0,exact_at_scalar_endpoint,recorded scalar endpoint schedule passed all nonlinear interval readbacks; zero observed gap is not a joint AC-set proof
2013-01-20,122,8,634.1,168.75,1,1,1,0.0,exact_at_scalar_endpoint,recorded scalar endpoint schedule passed all nonlinear interval readbacks; zero observed gap is not a joint AC-set proof
2013-01-20,122,9,611.3,148.4375,1,1,1,0.0,exact_at_scalar_endpoint,recorded scalar endpoint schedule passed all nonlinear interval readbacks; zero observed gap is not a joint AC-set proof
2013-01-20,122,9,634.1,171.640625,1,1,1,0.0,exact_at_scalar_endpoint,recorded scalar endpoint schedule passed all nonlinear interval readbacks; zero observed gap is not a joint AC-set proof
2013-01-21,123,0,611.3,121.953125,1,1,1,0.0,exact_at_scalar_endpoint,recorded scalar endpoint schedule passed all nonlinear interval readbacks; zero observed gap is not a joint AC-set proof
2013-01-21,123,0,634.1,129.84375,1,1,1,0.0,exact_at_scalar_endpoint,recorded scalar endpoint schedule passed all nonlinear interval readbacks; zero observed gap is not a joint AC-set proof
2013-01-21,123,1,611.3,111.171875,1,1,1,0.0,exact_at_scalar_endpoint,recorded scalar endpoint schedule passed all nonlinear interval readbacks; zero observed gap is not a joint AC-set proof
2013-01-21,123,1,634.1,123.046875,1,1,1,0.0,exact_at_scalar_endpoint,recorded scalar endpoint schedule passed all nonlinear interval readbacks; zero observed gap is not a joint AC-set proof
2013-01-21,123,2,611.3,115.3125,1,1,1,0.0,exact_at_scalar_endpoint,recorded scalar endpoint schedule passed all nonlinear interval readbacks; zero observed gap is not a joint AC-set proof
2013-01-21,123,2,634.1,127.34375,1,1,1,0.0,exact_at_scalar_endpoint,recorded scalar endpoint schedule passed all nonlinear interval readbacks; zero observed gap is not a joint AC-set proof
2013-01-21,123,3,611.3,111.875,1,1,1,0.0,exact_at_scalar_endpoint,recorded scalar endpoint schedule passed all nonlinear interval readbacks; zero observed gap is not a joint AC-set proof
2013-01-21,123,3,634.1,128.4375,1,1,1,0.0,exact_at_scalar_endpoint,recorded scalar endpoint schedule passed all nonlinear interval readbacks; zero observed gap is not a joint AC-set proof
2013-01-21,123,4,611.3,144.921875,1,1,1,0.0,exact_at_scalar_endpoint,recorded scalar endpoint schedule passed all nonlinear interval readbacks; zero observed gap is not a joint AC-set proof
2013-01-21,123,4,634.1,163.90625,1,1,1,0.0,exact_at_scalar_endpoint,recorded scalar endpoint schedule passed all nonlinear interval readbacks; zero observed gap is not a joint AC-set proof
2013-01-21,123,5,611.3,123.828125,1,1,1,0.0,exact_at_scalar_endpoint,recorded scalar endpoint schedule passed all nonlinear interval readbacks; zero observed gap is not a joint AC-set proof
2013-01-21,123,5,634.1,135.9375,1,1,1,0.0,exact_at_scalar_endpoint,recorded scalar endpoint schedule passed all nonlinear interval readbacks; zero observed gap is not a joint AC-set proof
2013-01-21,123,6,611.3,148.125,1,1,1,0.0,exact_at_scalar_endpoint,recorded scalar endpoint schedule passed all nonlinear interval readbacks; zero observed gap is not a joint AC-set proof
2013-01-21,123,6,634.1,163.28125,1,1,1,0.0,exact_at_scalar_endpoint,recorded scalar endpoint schedule passed all nonlinear interval readbacks; zero observed gap is not a joint AC-set proof
2013-01-21,123,7,611.3,140.46875,1,1,1,0.0,exact_at_scalar_endpoint,recorded scalar endpoint schedule passed all nonlinear interval readbacks; zero observed gap is not a joint AC-set proof
2013-01-21,123,7,634.1,142.03125,1,1,1,0.0,exact_at_scalar_endpoint,recorded scalar endpoint schedule passed all nonlinear interval readbacks; zero observed gap is not a joint AC-set proof
2013-01-21,123,8,611.3,117.8125,1,1,1,0.0,exact_at_scalar_endpoint,recorded scalar endpoint schedule passed all nonlinear interval readbacks; zero observed gap is not a joint AC-set proof
2013-01-21,123,8,634.1,129.453125,1,1,1,0.0,exact_at_scalar_endpoint,recorded scalar endpoint schedule passed all nonlinear interval readbacks; zero observed gap is not a joint AC-set proof
2013-01-21,123,9,611.3,143.90625,1,1,1,0.0,exact_at_scalar_endpoint,recorded scalar endpoint schedule passed all nonlinear interval readbacks; zero observed gap is not a joint AC-set proof
2013-01-21,123,9,634.1,153.359375,1,1,1,0.0,exact_at_scalar_endpoint,recorded scalar endpoint schedule passed all nonlinear interval readbacks; zero observed gap is not a joint AC-set proof
2013-01-22,124,0,611.3,120.625,1,1,1,0.0,exact_at_scalar_endpoint,recorded scalar endpoint schedule passed all nonlinear interval readbacks; zero observed gap is not a joint AC-set proof
2013-01-22,124,0,634.1,111.40625,1,1,1,0.0,exact_at_scalar_endpoint,recorded scalar endpoint schedule passed all nonlinear interval readbacks; zero observed gap is not a joint AC-set proof
2013-01-22,124,1,611.3,133.125,1,1,1,0.0,exact_at_scalar_endpoint,recorded scalar endpoint schedule passed all nonlinear interval readbacks; zero observed gap is not a joint AC-set proof
2013-01-22,124,1,634.1,124.6875,1,1,1,0.0,exact_at_scalar_endpoint,recorded scalar endpoint schedule passed all nonlinear interval readbacks; zero observed gap is not a joint AC-set proof
2013-01-22,124,2,611.3,87.578125,1,1,1,0.0,exact_at_scalar_endpoint,recorded scalar endpoint schedule passed all nonlinear interval readbacks; zero observed gap is not a joint AC-set proof
2013-01-22,124,2,634.1,75.625,1,1,1,0.0,exact_at_scalar_endpoint,recorded scalar endpoint schedule passed all nonlinear interval readbacks; zero observed gap is not a joint AC-set proof
2013-01-22,124,3,611.3,139.375,1,1,1,0.0,exact_at_scalar_endpoint,recorded scalar endpoint schedule passed all nonlinear interval readbacks; zero observed gap is not a joint AC-set proof
2013-01-22,124,3,634.1,129.921875,1,1,1,0.0,exact_at_scalar_endpoint,recorded scalar endpoint schedule passed all nonlinear interval readbacks; zero observed gap is not a joint AC-set proof
2013-01-22,124,4,611.3,147.65625,1,1,1,0.0,exact_at_scalar_endpoint,recorded scalar endpoint schedule passed all nonlinear interval readbacks; zero observed gap is not a joint AC-set proof
2013-01-22,124,4,634.1,171.328125,1,1,1,0.0,exact_at_scalar_endpoint,recorded scalar endpoint schedule passed all nonlinear interval readbacks; zero observed gap is not a joint AC-set proof
2013-01-22,124,5,611.3,106.171875,1,1,1,0.0,exact_at_scalar_endpoint,recorded scalar endpoint schedule passed all nonlinear interval readbacks; zero observed gap is not a joint AC-set proof
2013-01-22,124,5,634.1,99.453125,1,1,1,0.0,exact_at_scalar_endpoint,recorded scalar endpoint schedule passed all nonlinear interval readbacks; zero observed gap is not a joint AC-set proof
2013-01-22,124,6,611.3,117.65625,1,1,1,0.0,exact_at_scalar_endpoint,recorded scalar endpoint schedule passed all nonlinear interval readbacks; zero observed gap is not a joint AC-set proof
2013-01-22,124,6,634.1,114.140625,1,1,1,0.0,exact_at_scalar_endpoint,recorded scalar endpoint schedule passed all nonlinear interval readbacks; zero observed gap is not a joint AC-set proof
2013-01-22,124,7,611.3,138.671875,1,1,1,0.0,exact_at_scalar_endpoint,recorded scalar endpoint schedule passed all nonlinear interval readbacks; zero observed gap is not a joint AC-set proof
2013-01-22,124,7,634.1,129.453125,1,1,1,0.0,exact_at_scalar_endpoint,recorded scalar endpoint schedule passed all nonlinear interval readbacks; zero observed gap is not a joint AC-set proof
2013-01-22,124,8,611.3,149.609375,1,1,1,0.0,exact_at_scalar_endpoint,recorded scalar endpoint schedule passed all nonlinear interval readbacks; zero observed gap is not a joint AC-set proof
2013-01-22,124,8,634.1,139.0625,1,1,1,0.0,exact_at_scalar_endpoint,recorded scalar endpoint schedule passed all nonlinear interval readbacks; zero observed gap is not a joint AC-set proof
2013-01-22,124,9,611.3,123.515625,1,1,1,0.0,exact_at_scalar_endpoint,recorded scalar endpoint schedule passed all nonlinear interval readbacks; zero observed gap is not a joint AC-set proof
2013-01-22,124,9,634.1,118.671875,1,1,1,0.0,exact_at_scalar_endpoint,recorded scalar endpoint schedule passed all nonlinear interval readbacks; zero observed gap is not a joint AC-set proof
2013-01-23,125,0,611.3,145.703125,1,1,1,0.0,exact_at_scalar_endpoint,recorded scalar endpoint schedule passed all nonlinear interval readbacks; zero observed gap is not a joint AC-set proof
2013-01-23,125,0,634.1,164.765625,1,1,1,0.0,exact_at_scalar_endpoint,recorded scalar endpoint schedule passed all nonlinear interval readbacks; zero observed gap is not a joint AC-set proof
2013-01-23,125,1,611.3,151.796875,1,1,1,0.0,exact_at_scalar_endpoint,recorded scalar endpoint schedule passed all nonlinear interval readbacks; zero observed gap is not a joint AC-set proof
2013-01-23,125,1,634.1,168.59375,1,1,1,0.0,exact_at_scalar_endpoint,recorded scalar endpoint schedule passed all nonlinear interval readbacks; zero observed gap is not a joint AC-set proof
2013-01-23,125,2,611.3,149.53125,1,1,1,0.0,exact_at_scalar_endpoint,recorded scalar endpoint schedule passed all nonlinear interval readbacks; zero observed gap is not a joint AC-set proof
2013-01-23,125,2,634.1,172.1875,1,1,1,0.0,exact_at_scalar_endpoint,recorded scalar endpoint schedule passed all nonlinear interval readbacks; zero observed gap is not a joint AC-set proof
2013-01-23,125,3,611.3,133.359375,1,1,1,0.0,exact_at_scalar_endpoint,recorded scalar endpoint schedule passed all nonlinear interval readbacks; zero observed gap is not a joint AC-set proof
2013-01-23,125,3,634.1,161.171875,1,1,1,0.0,exact_at_scalar_endpoint,recorded scalar endpoint schedule passed all nonlinear interval readbacks; zero observed gap is not a joint AC-set proof
2013-01-23,125,4,611.3,155.0,1,1,1,0.0,exact_at_scalar_endpoint,recorded scalar endpoint schedule passed all nonlinear interval readbacks; zero observed gap is not a joint AC-set proof
2013-01-23,125,4,634.1,174.609375,1,1,1,0.0,exact_at_scalar_endpoint,recorded scalar endpoint schedule passed all nonlinear interval readbacks; zero observed gap is not a joint AC-set proof
2013-01-23,125,5,611.3,110.15625,1,1,1,0.0,exact_at_scalar_endpoint,recorded scalar endpoint schedule passed all nonlinear interval readbacks; zero observed gap is not a joint AC-set proof
2013-01-23,125,5,634.1,129.0625,1,1,1,0.0,exact_at_scalar_endpoint,recorded scalar endpoint schedule passed all nonlinear interval readbacks; zero observed gap is not a joint AC-set proof
2013-01-23,125,6,611.3,131.796875,1,1,1,0.0,exact_at_scalar_endpoint,recorded scalar endpoint schedule passed all nonlinear interval readbacks; zero observed gap is not a joint AC-set proof
2013-01-23,125,6,634.1,148.515625,1,1,1,0.0,exact_at_scalar_endpoint,recorded scalar endpoint schedule passed all nonlinear interval readbacks; zero observed gap is not a joint AC-set proof
2013-01-23,125,7,611.3,142.890625,1,1,1,0.0,exact_at_scalar_endpoint,recorded scalar endpoint schedule passed all nonlinear interval readbacks; zero observed gap is not a joint AC-set proof
2013-01-23,125,7,634.1,164.6875,1,1,1,0.0,exact_at_scalar_endpoint,recorded scalar endpoint schedule passed all nonlinear interval readbacks; zero observed gap is not a joint AC-set proof
2013-01-23,125,8,611.3,130.234375,1,1,1,0.0,exact_at_scalar_endpoint,recorded scalar endpoint schedule passed all nonlinear interval readbacks; zero observed gap is not a joint AC-set proof
2013-01-23,125,8,634.1,150.9375,1,1,1,0.0,exact_at_scalar_endpoint,recorded scalar endpoint schedule passed all nonlinear interval readbacks; zero observed gap is not a joint AC-set proof
2013-01-23,125,9,611.3,153.203125,1,1,1,0.0,exact_at_scalar_endpoint,recorded scalar endpoint schedule passed all nonlinear interval readbacks; zero observed gap is not a joint AC-set proof
2013-01-23,125,9,634.1,169.453125,1,1,1,0.0,exact_at_scalar_endpoint,recorded scalar endpoint schedule passed all nonlinear interval readbacks; zero observed gap is not a joint AC-set proof
2013-01-24,126,0,611.3,102.421875,1,1,1,0.0,exact_at_scalar_endpoint,recorded scalar endpoint schedule passed all nonlinear interval readbacks; zero observed gap is not a joint AC-set proof
2013-01-24,126,0,634.1,102.109375,1,1,1,0.0,exact_at_scalar_endpoint,recorded scalar endpoint schedule passed all nonlinear interval readbacks; zero observed gap is not a joint AC-set proof
2013-01-24,126,1,611.3,114.140625,1,1,1,0.0,exact_at_scalar_endpoint,recorded scalar endpoint schedule passed all nonlinear interval readbacks; zero observed gap is not a joint AC-set proof
2013-01-24,126,1,634.1,120.78125,1,1,1,0.0,exact_at_scalar_endpoint,recorded scalar endpoint schedule passed all nonlinear interval readbacks; zero observed gap is not a joint AC-set proof
2013-01-24,126,2,611.3,104.375,1,1,1,0.0,exact_at_scalar_endpoint,recorded scalar endpoint schedule passed all nonlinear interval readbacks; zero observed gap is not a joint AC-set proof
2013-01-24,126,2,634.1,103.125,1,1,1,0.0,exact_at_scalar_endpoint,recorded scalar endpoint schedule passed all nonlinear interval readbacks; zero observed gap is not a joint AC-set proof
2013-01-24,126,3,611.3,101.875,1,1,1,0.0,exact_at_scalar_endpoint,recorded scalar endpoint schedule passed all nonlinear interval readbacks; zero observed gap is not a joint AC-set proof
2013-01-24,126,3,634.1,105.703125,1,1,1,0.0,exact_at_scalar_endpoint,recorded scalar endpoint schedule passed all nonlinear interval readbacks; zero observed gap is not a joint AC-set proof
2013-01-24,126,4,611.3,125.859375,1,1,1,0.0,exact_at_scalar_endpoint,recorded scalar endpoint schedule passed all nonlinear interval readbacks; zero observed gap is not a joint AC-set proof
2013-01-24,126,4,634.1,124.84375,1,1,1,0.0,exact_at_scalar_endpoint,recorded scalar endpoint schedule passed all nonlinear interval readbacks; zero observed gap is not a joint AC-set proof
2013-01-24,126,5,611.3,101.953125,1,1,1,0.0,exact_at_scalar_endpoint,recorded scalar endpoint schedule passed all nonlinear interval readbacks; zero observed gap is not a joint AC-set proof
2013-01-24,126,5,634.1,99.453125,1,1,1,0.0,exact_at_scalar_endpoint,recorded scalar endpoint schedule passed all nonlinear interval readbacks; zero observed gap is not a joint AC-set proof
2013-01-24,126,6,611.3,156.640625,1,1,1,0.0,exact_at_scalar_endpoint,recorded scalar endpoint schedule passed all nonlinear interval readbacks; zero observed gap is not a joint AC-set proof
2013-01-24,126,6,634.1,160.78125,1,1,1,0.0,exact_at_scalar_endpoint,recorded scalar endpoint schedule passed all nonlinear interval readbacks; zero observed gap is not a joint AC-set proof
2013-01-24,126,7,611.3,133.515625,1,1,1,0.0,exact_at_scalar_endpoint,recorded scalar endpoint schedule passed all nonlinear interval readbacks; zero observed gap is not a joint AC-set proof
2013-01-24,126,7,634.1,132.109375,1,1,1,0.0,exact_at_scalar_endpoint,recorded scalar endpoint schedule passed all nonlinear interval readbacks; zero observed gap is not a joint AC-set proof
2013-01-24,126,8,611.3,107.421875,1,1,1,0.0,exact_at_scalar_endpoint,recorded scalar endpoint schedule passed all nonlinear interval readbacks; zero observed gap is not a joint AC-set proof
2013-01-24,126,8,634.1,105.703125,1,1,1,0.0,exact_at_scalar_endpoint,recorded scalar endpoint schedule passed all nonlinear interval readbacks; zero observed gap is not a joint AC-set proof
2013-01-24,126,9,611.3,108.125,1,1,1,0.0,exact_at_scalar_endpoint,recorded scalar endpoint schedule passed all nonlinear interval readbacks; zero observed gap is not a joint AC-set proof
2013-01-24,126,9,634.1,104.6875,1,1,1,0.0,exact_at_scalar_endpoint,recorded scalar endpoint schedule passed all nonlinear interval readbacks; zero observed gap is not a joint AC-set proof
2013-01-25,127,0,611.3,158.046875,1,1,1,0.0,exact_at_scalar_endpoint,recorded scalar endpoint schedule passed all nonlinear interval readbacks; zero observed gap is not a joint AC-set proof
2013-01-25,127,0,634.1,150.15625,1,1,1,0.0,exact_at_scalar_endpoint,recorded scalar endpoint schedule passed all nonlinear interval readbacks; zero observed gap is not a joint AC-set proof
2013-01-25,127,1,611.3,145.390625,1,1,1,0.0,exact_at_scalar_endpoint,recorded scalar endpoint schedule passed all nonlinear interval readbacks; zero observed gap is not a joint AC-set proof
2013-01-25,127,1,634.1,141.171875,1,1,1,0.0,exact_at_scalar_endpoint,recorded scalar endpoint schedule passed all nonlinear interval readbacks; zero observed gap is not a joint AC-set proof
2013-01-25,127,2,611.3,87.03125,1,1,1,0.0,exact_at_scalar_endpoint,recorded scalar endpoint schedule passed all nonlinear interval readbacks; zero observed gap is not a joint AC-set proof
2013-01-25,127,2,634.1,73.671875,1,1,1,0.0,exact_at_scalar_endpoint,recorded scalar endpoint schedule passed all nonlinear interval readbacks; zero observed gap is not a joint AC-set proof
2013-01-25,127,3,611.3,107.34375,1,1,1,0.0,exact_at_scalar_endpoint,recorded scalar endpoint schedule passed all nonlinear interval readbacks; zero observed gap is not a joint AC-set proof
2013-01-25,127,3,634.1,104.765625,1,1,1,0.0,exact_at_scalar_endpoint,recorded scalar endpoint schedule passed all nonlinear interval readbacks; zero observed gap is not a joint AC-set proof
2013-01-25,127,4,611.3,145.9375,1,1,1,0.0,exact_at_scalar_endpoint,recorded scalar endpoint schedule passed all nonlinear interval readbacks; zero observed gap is not a joint AC-set proof
2013-01-25,127,4,634.1,162.421875,1,1,1,0.0,exact_at_scalar_endpoint,recorded scalar endpoint schedule passed all nonlinear interval readbacks; zero observed gap is not a joint AC-set proof
2013-01-25,127,5,611.3,131.25,1,1,1,0.0,exact_at_scalar_endpoint,recorded scalar endpoint schedule passed all nonlinear interval readbacks; zero observed gap is not a joint AC-set proof
2013-01-25,127,5,634.1,123.046875,1,1,1,0.0,exact_at_scalar_endpoint,recorded scalar endpoint schedule passed all nonlinear interval readbacks; zero observed gap is not a joint AC-set proof
2013-01-25,127,6,611.3,157.34375,1,1,1,0.0,exact_at_scalar_endpoint,recorded scalar endpoint schedule passed all nonlinear interval readbacks; zero observed gap is not a joint AC-set proof
2013-01-25,127,6,634.1,153.90625,1,1,1,0.0,exact_at_scalar_endpoint,recorded scalar endpoint schedule passed all nonlinear interval readbacks; zero observed gap is not a joint AC-set proof
2013-01-25,127,7,611.3,160.0,1,1,1,0.0,exact_at_scalar_endpoint,recorded scalar endpoint schedule passed all nonlinear interval readbacks; zero observed gap is not a joint AC-set proof
2013-01-25,127,7,634.1,177.34375,1,1,1,0.0,exact_at_scalar_endpoint,recorded scalar endpoint schedule passed all nonlinear interval readbacks; zero observed gap is not a joint AC-set proof
2013-01-25,127,8,611.3,138.4375,1,1,1,0.0,exact_at_scalar_endpoint,recorded scalar endpoint schedule passed all nonlinear interval readbacks; zero observed gap is not a joint AC-set proof
2013-01-25,127,8,634.1,127.96875,1,1,1,0.0,exact_at_scalar_endpoint,recorded scalar endpoint schedule passed all nonlinear interval readbacks; zero observed gap is not a joint AC-set proof
2013-01-25,127,9,611.3,150.15625,1,1,1,0.0,exact_at_scalar_endpoint,recorded scalar endpoint schedule passed all nonlinear interval readbacks; zero observed gap is not a joint AC-set proof
2013-01-25,127,9,634.1,156.09375,1,1,1,0.0,exact_at_scalar_endpoint,recorded scalar endpoint schedule passed all nonlinear interval readbacks; zero observed gap is not a joint AC-set proof
2013-04-01,128,0,611.3,124.765625,1,1,1,0.0,exact_at_scalar_endpoint,recorded scalar endpoint schedule passed all nonlinear interval readbacks; zero observed gap is not a joint AC-set proof
2013-04-01,128,0,634.1,139.6875,1,1,1,0.0,exact_at_scalar_endpoint,recorded scalar endpoint schedule passed all nonlinear interval readbacks; zero observed gap is not a joint AC-set proof
2013-04-01,128,1,611.3,136.640625,1,1,1,0.0,exact_at_scalar_endpoint,recorded scalar endpoint schedule passed all nonlinear interval readbacks; zero observed gap is not a joint AC-set proof
2013-04-01,128,1,634.1,157.65625,1,1,1,0.0,exact_at_scalar_endpoint,recorded scalar endpoint schedule passed all nonlinear interval readbacks; zero observed gap is not a joint AC-set proof
2013-04-01,128,2,611.3,145.546875,1,1,1,0.0,exact_at_scalar_endpoint,recorded scalar endpoint schedule passed all nonlinear interval readbacks; zero observed gap is not a joint AC-set proof
2013-04-01,128,2,634.1,155.9375,1,1,1,0.0,exact_at_scalar_endpoint,recorded scalar endpoint schedule passed all nonlinear interval readbacks; zero observed gap is not a joint AC-set proof
2013-04-01,128,3,611.3,139.140625,1,1,1,0.0,exact_at_scalar_endpoint,recorded scalar endpoint schedule passed all nonlinear interval readbacks; zero observed gap is not a joint AC-set proof
2013-04-01,128,3,634.1,148.671875,1,1,1,0.0,exact_at_scalar_endpoint,recorded scalar endpoint schedule passed all nonlinear interval readbacks; zero observed gap is not a joint AC-set proof
2013-04-01,128,4,611.3,131.796875,1,1,1,0.0,exact_at_scalar_endpoint,recorded scalar endpoint schedule passed all nonlinear interval readbacks; zero observed gap is not a joint AC-set proof
2013-04-01,128,4,634.1,141.25,1,1,1,0.0,exact_at_scalar_endpoint,recorded scalar endpoint schedule passed all nonlinear interval readbacks; zero observed gap is not a joint AC-set proof
2013-04-01,128,5,611.3,114.921875,1,1,1,0.0,exact_at_scalar_endpoint,recorded scalar endpoint schedule passed all nonlinear interval readbacks; zero observed gap is not a joint AC-set proof
2013-04-01,128,5,634.1,131.953125,1,1,1,0.0,exact_at_scalar_endpoint,recorded scalar endpoint schedule passed all nonlinear interval readbacks; zero observed gap is not a joint AC-set proof
2013-04-01,128,6,611.3,127.421875,1,1,1,0.0,exact_at_scalar_endpoint,recorded scalar endpoint schedule passed all nonlinear interval readbacks; zero observed gap is not a joint AC-set proof
2013-04-01,128,6,634.1,142.421875,1,1,1,0.0,exact_at_scalar_endpoint,recorded scalar endpoint schedule passed all nonlinear interval readbacks; zero observed gap is not a joint AC-set proof
2013-04-01,128,7,611.3,150.46875,1,1,1,0.0,exact_at_scalar_endpoint,recorded scalar endpoint schedule passed all nonlinear interval readbacks; zero observed gap is not a joint AC-set proof
2013-04-01,128,7,634.1,162.96875,1,1,1,0.0,exact_at_scalar_endpoint,recorded scalar endpoint schedule passed all nonlinear interval readbacks; zero observed gap is not a joint AC-set proof
2013-04-01,128,8,611.3,149.53125,1,1,1,0.0,exact_at_scalar_endpoint,recorded scalar endpoint schedule passed all nonlinear interval readbacks; zero observed gap is not a joint AC-set proof
2013-04-01,128,8,634.1,172.1875,1,1,1,0.0,exact_at_scalar_endpoint,recorded scalar endpoint schedule passed all nonlinear interval readbacks; zero observed gap is not a joint AC-set proof
2013-04-01,128,9,611.3,144.53125,1,1,1,0.0,exact_at_scalar_endpoint,recorded scalar endpoint schedule passed all nonlinear interval readbacks; zero observed gap is not a joint AC-set proof
2013-04-01,128,9,634.1,155.078125,1,1,1,0.0,exact_at_scalar_endpoint,recorded scalar endpoint schedule passed all nonlinear interval readbacks; zero observed gap is not a joint AC-set proof
2013-04-02,129,0,611.3,85.234375,1,1,1,0.0,exact_at_scalar_endpoint,recorded scalar endpoint schedule passed all nonlinear interval readbacks; zero observed gap is not a joint AC-set proof
2013-04-02,129,0,634.1,77.03125,1,1,1,0.0,exact_at_scalar_endpoint,recorded scalar endpoint schedule passed all nonlinear interval readbacks; zero observed gap is not a joint AC-set proof
2013-04-02,129,1,611.3,93.046875,1,1,1,0.0,exact_at_scalar_endpoint,recorded scalar endpoint schedule passed all nonlinear interval readbacks; zero observed gap is not a joint AC-set proof
2013-04-02,129,1,634.1,86.71875,1,1,1,0.0,exact_at_scalar_endpoint,recorded scalar endpoint schedule passed all nonlinear interval readbacks; zero observed gap is not a joint AC-set proof
2013-04-02,129,2,611.3,97.34375,1,1,1,0.0,exact_at_scalar_endpoint,recorded scalar endpoint schedule passed all nonlinear interval readbacks; zero observed gap is not a joint AC-set proof
2013-04-02,129,2,634.1,90.234375,1,1,1,0.0,exact_at_scalar_endpoint,recorded scalar endpoint schedule passed all nonlinear interval readbacks; zero observed gap is not a joint AC-set proof
2013-04-02,129,3,611.3,75.390625,1,1,1,0.0,exact_at_scalar_endpoint,recorded scalar endpoint schedule passed all nonlinear interval readbacks; zero observed gap is not a joint AC-set proof
2013-04-02,129,3,634.1,61.953125,1,1,1,0.0,exact_at_scalar_endpoint,recorded scalar endpoint schedule passed all nonlinear interval readbacks; zero observed gap is not a joint AC-set proof
2013-04-02,129,4,611.3,92.734375,1,1,1,0.0,exact_at_scalar_endpoint,recorded scalar endpoint schedule passed all nonlinear interval readbacks; zero observed gap is not a joint AC-set proof
2013-04-02,129,4,634.1,88.359375,1,1,1,0.0,exact_at_scalar_endpoint,recorded scalar endpoint schedule passed all nonlinear interval readbacks; zero observed gap is not a joint AC-set proof
2013-04-02,129,5,611.3,92.1875,1,1,1,0.0,exact_at_scalar_endpoint,recorded scalar endpoint schedule passed all nonlinear interval readbacks; zero observed gap is not a joint AC-set proof
2013-04-02,129,5,634.1,86.015625,1,1,1,0.0,exact_at_scalar_endpoint,recorded scalar endpoint schedule passed all nonlinear interval readbacks; zero observed gap is not a joint AC-set proof
2013-04-02,129,6,611.3,110.078125,1,1,1,0.0,exact_at_scalar_endpoint,recorded scalar endpoint schedule passed all nonlinear interval readbacks; zero observed gap is not a joint AC-set proof
2013-04-02,129,6,634.1,112.65625,1,1,1,0.0,exact_at_scalar_endpoint,recorded scalar endpoint schedule passed all nonlinear interval readbacks; zero observed gap is not a joint AC-set proof
2013-04-02,129,7,611.3,101.5625,1,1,1,0.0,exact_at_scalar_endpoint,recorded scalar endpoint schedule passed all nonlinear interval readbacks; zero observed gap is not a joint AC-set proof
2013-04-02,129,7,634.1,106.953125,1,1,1,0.0,exact_at_scalar_endpoint,recorded scalar endpoint schedule passed all nonlinear interval readbacks; zero observed gap is not a joint AC-set proof
2013-04-02,129,8,611.3,106.875,1,1,1,0.0,exact_at_scalar_endpoint,recorded scalar endpoint schedule passed all nonlinear interval readbacks; zero observed gap is not a joint AC-set proof
2013-04-02,129,8,634.1,103.4375,1,1,1,0.0,exact_at_scalar_endpoint,recorded scalar endpoint schedule passed all nonlinear interval readbacks; zero observed gap is not a joint AC-set proof
2013-04-02,129,9,611.3,107.109375,1,1,1,0.0,exact_at_scalar_endpoint,recorded scalar endpoint schedule passed all nonlinear interval readbacks; zero observed gap is not a joint AC-set proof
2013-04-02,129,9,634.1,107.421875,1,1,1,0.0,exact_at_scalar_endpoint,recorded scalar endpoint schedule passed all nonlinear interval readbacks; zero observed gap is not a joint AC-set proof
2013-04-03,130,0,611.3,145.390625,1,1,1,0.0,exact_at_scalar_endpoint,recorded scalar endpoint schedule passed all nonlinear interval readbacks; zero observed gap is not a joint AC-set proof
2013-04-03,130,0,634.1,170.234375,1,1,1,0.0,exact_at_scalar_endpoint,recorded scalar endpoint schedule passed all nonlinear interval readbacks; zero observed gap is not a joint AC-set proof
2013-04-03,130,1,611.3,141.015625,1,1,1,0.0,exact_at_scalar_endpoint,recorded scalar endpoint schedule passed all nonlinear interval readbacks; zero observed gap is not a joint AC-set proof
2013-04-03,130,1,634.1,168.28125,1,1,1,0.0,exact_at_scalar_endpoint,recorded scalar endpoint schedule passed all nonlinear interval readbacks; zero observed gap is not a joint AC-set proof
2013-04-03,130,2,611.3,157.109375,1,1,1,0.0,exact_at_scalar_endpoint,recorded scalar endpoint schedule passed all nonlinear interval readbacks; zero observed gap is not a joint AC-set proof
2013-04-03,130,2,634.1,178.984375,1,1,1,0.0,exact_at_scalar_endpoint,recorded scalar endpoint schedule passed all nonlinear interval readbacks; zero observed gap is not a joint AC-set proof
2013-04-03,130,3,611.3,137.109375,1,1,1,0.0,exact_at_scalar_endpoint,recorded scalar endpoint schedule passed all nonlinear interval readbacks; zero observed gap is not a joint AC-set proof
2013-04-03,130,3,634.1,166.484375,1,1,1,0.0,exact_at_scalar_endpoint,recorded scalar endpoint schedule passed all nonlinear interval readbacks; zero observed gap is not a joint AC-set proof
2013-04-03,130,4,611.3,132.578125,1,1,1,0.0,exact_at_scalar_endpoint,recorded scalar endpoint schedule passed all nonlinear interval readbacks; zero observed gap is not a joint AC-set proof
2013-04-03,130,4,634.1,164.453125,1,1,1,0.0,exact_at_scalar_endpoint,recorded scalar endpoint schedule passed all nonlinear interval readbacks; zero observed gap is not a joint AC-set proof
2013-04-03,130,5,611.3,145.3125,1,1,1,0.0,exact_at_scalar_endpoint,recorded scalar endpoint schedule passed all nonlinear interval readbacks; zero observed gap is not a joint AC-set proof
2013-04-03,130,5,634.1,170.234375,1,1,1,0.0,exact_at_scalar_endpoint,recorded scalar endpoint schedule passed all nonlinear interval readbacks; zero observed gap is not a joint AC-set proof
2013-04-03,130,6,611.3,157.5,1,1,1,0.0,exact_at_scalar_endpoint,recorded scalar endpoint schedule passed all nonlinear interval readbacks; zero observed gap is not a joint AC-set proof
2013-04-03,130,6,634.1,180.3125,1,1,1,0.0,exact_at_scalar_endpoint,recorded scalar endpoint schedule passed all nonlinear interval readbacks; zero observed gap is not a joint AC-set proof
2013-04-03,130,7,611.3,157.5,1,1,1,0.0,exact_at_scalar_endpoint,recorded scalar endpoint schedule passed all nonlinear interval readbacks; zero observed gap is not a joint AC-set proof
2013-04-03,130,7,634.1,180.078125,1,1,1,0.0,exact_at_scalar_endpoint,recorded scalar endpoint schedule passed all nonlinear interval readbacks; zero observed gap is not a joint AC-set proof
2013-04-03,130,8,611.3,141.5625,1,1,1,0.0,exact_at_scalar_endpoint,recorded scalar endpoint schedule passed all nonlinear interval readbacks; zero observed gap is not a joint AC-set proof
2013-04-03,130,8,634.1,168.515625,1,1,1,0.0,exact_at_scalar_endpoint,recorded scalar endpoint schedule passed all nonlinear interval readbacks; zero observed gap is not a joint AC-set proof
2013-04-03,130,9,611.3,149.84375,1,1,1,0.0,exact_at_scalar_endpoint,recorded scalar endpoint schedule passed all nonlinear interval readbacks; zero observed gap is not a joint AC-set proof
2013-04-03,130,9,634.1,172.265625,1,1,1,0.0,exact_at_scalar_endpoint,recorded scalar endpoint schedule passed all nonlinear interval readbacks; zero observed gap is not a joint AC-set proof
2013-04-04,131,0,611.3,144.6875,1,1,1,0.0,exact_at_scalar_endpoint,recorded scalar endpoint schedule passed all nonlinear interval readbacks; zero observed gap is not a joint AC-set proof
2013-04-04,131,0,634.1,166.640625,1,1,1,0.0,exact_at_scalar_endpoint,recorded scalar endpoint schedule passed all nonlinear interval readbacks; zero observed gap is not a joint AC-set proof
2013-04-04,131,1,611.3,146.71875,1,1,1,0.0,exact_at_scalar_endpoint,recorded scalar endpoint schedule passed all nonlinear interval readbacks; zero observed gap is not a joint AC-set proof
2013-04-04,131,1,634.1,166.640625,1,1,1,0.0,exact_at_scalar_endpoint,recorded scalar endpoint schedule passed all nonlinear interval readbacks; zero observed gap is not a joint AC-set proof
2013-04-04,131,2,611.3,158.90625,1,1,1,0.0,exact_at_scalar_endpoint,recorded scalar endpoint schedule passed all nonlinear interval readbacks; zero observed gap is not a joint AC-set proof
2013-04-04,131,2,634.1,178.359375,1,1,1,0.0,exact_at_scalar_endpoint,recorded scalar endpoint schedule passed all nonlinear interval readbacks; zero observed gap is not a joint AC-set proof
2013-04-04,131,3,611.3,135.625,1,1,1,0.0,exact_at_scalar_endpoint,recorded scalar endpoint schedule passed all nonlinear interval readbacks; zero observed gap is not a joint AC-set proof
2013-04-04,131,3,634.1,165.859375,1,1,1,0.0,exact_at_scalar_endpoint,recorded scalar endpoint schedule passed all nonlinear interval readbacks; zero observed gap is not a joint AC-set proof
2013-04-04,131,4,611.3,132.65625,1,1,1,0.0,exact_at_scalar_endpoint,recorded scalar endpoint schedule passed all nonlinear interval readbacks; zero observed gap is not a joint AC-set proof
2013-04-04,131,4,634.1,161.484375,1,1,1,0.0,exact_at_scalar_endpoint,recorded scalar endpoint schedule passed all nonlinear interval readbacks; zero observed gap is not a joint AC-set proof
2013-04-04,131,5,611.3,139.765625,1,1,1,0.0,exact_at_scalar_endpoint,recorded scalar endpoint schedule passed all nonlinear interval readbacks; zero observed gap is not a joint AC-set proof
2013-04-04,131,5,634.1,166.5625,1,1,1,0.0,exact_at_scalar_endpoint,recorded scalar endpoint schedule passed all nonlinear interval readbacks; zero observed gap is not a joint AC-set proof
2013-04-04,131,6,611.3,156.875,1,1,1,0.0,exact_at_scalar_endpoint,recorded scalar endpoint schedule passed all nonlinear interval readbacks; zero observed gap is not a joint AC-set proof
2013-04-04,131,6,634.1,178.359375,1,1,1,0.0,exact_at_scalar_endpoint,recorded scalar endpoint schedule passed all nonlinear interval readbacks; zero observed gap is not a joint AC-set proof
2013-04-04,131,7,611.3,158.515625,1,1,1,0.0,exact_at_scalar_endpoint,recorded scalar endpoint schedule passed all nonlinear interval readbacks; zero observed gap is not a joint AC-set proof
2013-04-04,131,7,634.1,179.375,1,1,1,0.0,exact_at_scalar_endpoint,recorded scalar endpoint schedule passed all nonlinear interval readbacks; zero observed gap is not a joint AC-set proof
2013-04-04,131,8,611.3,151.171875,1,1,1,0.0,exact_at_scalar_endpoint,recorded scalar endpoint schedule passed all nonlinear interval readbacks; zero observed gap is not a joint AC-set proof
2013-04-04,131,8,634.1,169.453125,1,1,1,0.0,exact_at_scalar_endpoint,recorded scalar endpoint schedule passed all nonlinear interval readbacks; zero observed gap is not a joint AC-set proof
2013-04-04,131,9,611.3,149.0625,1,1,1,0.0,exact_at_scalar_endpoint,recorded scalar endpoint schedule passed all nonlinear interval readbacks; zero observed gap is not a joint AC-set proof
2013-04-04,131,9,634.1,168.984375,1,1,1,0.0,exact_at_scalar_endpoint,recorded scalar endpoint schedule passed all nonlinear interval readbacks; zero observed gap is not a joint AC-set proof
2013-04-05,132,0,611.3,118.90625,1,1,1,0.0,exact_at_scalar_endpoint,recorded scalar endpoint schedule passed all nonlinear interval readbacks; zero observed gap is not a joint AC-set proof
2013-04-05,132,0,634.1,129.21875,1,1,1,0.0,exact_at_scalar_endpoint,recorded scalar endpoint schedule passed all nonlinear interval readbacks; zero observed gap is not a joint AC-set proof
2013-04-05,132,1,611.3,112.65625,1,1,1,0.0,exact_at_scalar_endpoint,recorded scalar endpoint schedule passed all nonlinear interval readbacks; zero observed gap is not a joint AC-set proof
2013-04-05,132,1,634.1,123.046875,1,1,1,0.0,exact_at_scalar_endpoint,recorded scalar endpoint schedule passed all nonlinear interval readbacks; zero observed gap is not a joint AC-set proof
2013-04-05,132,2,611.3,121.484375,1,1,1,0.0,exact_at_scalar_endpoint,recorded scalar endpoint schedule passed all nonlinear interval readbacks; zero observed gap is not a joint AC-set proof
2013-04-05,132,2,634.1,128.28125,1,1,1,0.0,exact_at_scalar_endpoint,recorded scalar endpoint schedule passed all nonlinear interval readbacks; zero observed gap is not a joint AC-set proof
2013-04-05,132,3,611.3,117.578125,1,1,1,0.0,exact_at_scalar_endpoint,recorded scalar endpoint schedule passed all nonlinear interval readbacks; zero observed gap is not a joint AC-set proof
2013-04-05,132,3,634.1,128.671875,1,1,1,0.0,exact_at_scalar_endpoint,recorded scalar endpoint schedule passed all nonlinear interval readbacks; zero observed gap is not a joint AC-set proof
2013-04-05,132,4,611.3,127.734375,1,1,1,0.0,exact_at_scalar_endpoint,recorded scalar endpoint schedule passed all nonlinear interval readbacks; zero observed gap is not a joint AC-set proof
2013-04-05,132,4,634.1,137.109375,1,1,1,0.0,exact_at_scalar_endpoint,recorded scalar endpoint schedule passed all nonlinear interval readbacks; zero observed gap is not a joint AC-set proof
2013-04-05,132,5,611.3,119.53125,1,1,1,0.0,exact_at_scalar_endpoint,recorded scalar endpoint schedule passed all nonlinear interval readbacks; zero observed gap is not a joint AC-set proof
2013-04-05,132,5,634.1,133.671875,1,1,1,0.0,exact_at_scalar_endpoint,recorded scalar endpoint schedule passed all nonlinear interval readbacks; zero observed gap is not a joint AC-set proof
2013-04-05,132,6,611.3,128.125,1,1,1,0.0,exact_at_scalar_endpoint,recorded scalar endpoint schedule passed all nonlinear interval readbacks; zero observed gap is not a joint AC-set proof
2013-04-05,132,6,634.1,142.34375,1,1,1,0.0,exact_at_scalar_endpoint,recorded scalar endpoint schedule passed all nonlinear interval readbacks; zero observed gap is not a joint AC-set proof
2013-04-05,132,7,611.3,132.109375,1,1,1,0.0,exact_at_scalar_endpoint,recorded scalar endpoint schedule passed all nonlinear interval readbacks; zero observed gap is not a joint AC-set proof
2013-04-05,132,7,634.1,141.015625,1,1,1,0.0,exact_at_scalar_endpoint,recorded scalar endpoint schedule passed all nonlinear interval readbacks; zero observed gap is not a joint AC-set proof
2013-04-05,132,8,611.3,116.71875,1,1,1,0.0,exact_at_scalar_endpoint,recorded scalar endpoint schedule passed all nonlinear interval readbacks; zero observed gap is not a joint AC-set proof
2013-04-05,132,8,634.1,128.4375,1,1,1,0.0,exact_at_scalar_endpoint,recorded scalar endpoint schedule passed all nonlinear interval readbacks; zero observed gap is not a joint AC-set proof
2013-04-05,132,9,611.3,139.84375,1,1,1,0.0,exact_at_scalar_endpoint,recorded scalar endpoint schedule passed all nonlinear interval readbacks; zero observed gap is not a joint AC-set proof
2013-04-05,132,9,634.1,149.375,1,1,1,0.0,exact_at_scalar_endpoint,recorded scalar endpoint schedule passed all nonlinear interval readbacks; zero observed gap is not a joint AC-set proof
2013-04-06,133,0,611.3,139.453125,1,1,1,0.0,exact_at_scalar_endpoint,recorded scalar endpoint schedule passed all nonlinear interval readbacks; zero observed gap is not a joint AC-set proof
2013-04-06,133,0,634.1,167.578125,1,1,1,0.0,exact_at_scalar_endpoint,recorded scalar endpoint schedule passed all nonlinear interval readbacks; zero observed gap is not a joint AC-set proof
2013-04-06,133,1,611.3,130.703125,1,1,1,0.0,exact_at_scalar_endpoint,recorded scalar endpoint schedule passed all nonlinear interval readbacks; zero observed gap is not a joint AC-set proof
2013-04-06,133,1,634.1,163.59375,1,1,1,0.0,exact_at_scalar_endpoint,recorded scalar endpoint schedule passed all nonlinear interval readbacks; zero observed gap is not a joint AC-set proof
2013-04-06,133,2,611.3,147.65625,1,1,1,0.0,exact_at_scalar_endpoint,recorded scalar endpoint schedule passed all nonlinear interval readbacks; zero observed gap is not a joint AC-set proof
2013-04-06,133,2,634.1,162.890625,1,1,1,0.0,exact_at_scalar_endpoint,recorded scalar endpoint schedule passed all nonlinear interval readbacks; zero observed gap is not a joint AC-set proof
2013-04-06,133,3,611.3,138.125,1,1,1,0.0,exact_at_scalar_endpoint,recorded scalar endpoint schedule passed all nonlinear interval readbacks; zero observed gap is not a joint AC-set proof
2013-04-06,133,3,634.1,166.953125,1,1,1,0.0,exact_at_scalar_endpoint,recorded scalar endpoint schedule passed all nonlinear interval readbacks; zero observed gap is not a joint AC-set proof
2013-04-06,133,4,611.3,142.265625,1,1,1,0.0,exact_at_scalar_endpoint,recorded scalar endpoint schedule passed all nonlinear interval readbacks; zero observed gap is not a joint AC-set proof
2013-04-06,133,4,634.1,156.328125,1,1,1,0.0,exact_at_scalar_endpoint,recorded scalar endpoint schedule passed all nonlinear interval readbacks; zero observed gap is not a joint AC-set proof
2013-04-06,133,5,611.3,131.09375,1,1,1,0.0,exact_at_scalar_endpoint,recorded scalar endpoint schedule passed all nonlinear interval readbacks; zero observed gap is not a joint AC-set proof
2013-04-06,133,5,634.1,163.75,1,1,1,0.0,exact_at_scalar_endpoint,recorded scalar endpoint schedule passed all nonlinear interval readbacks; zero observed gap is not a joint AC-set proof
2013-04-06,133,6,611.3,154.140625,1,1,1,0.0,exact_at_scalar_endpoint,recorded scalar endpoint schedule passed all nonlinear interval readbacks; zero observed gap is not a joint AC-set proof
2013-04-06,133,6,634.1,171.71875,1,1,1,0.0,exact_at_scalar_endpoint,recorded scalar endpoint schedule passed all nonlinear interval readbacks; zero observed gap is not a joint AC-set proof
2013-04-06,133,7,611.3,156.484375,1,1,1,0.0,exact_at_scalar_endpoint,recorded scalar endpoint schedule passed all nonlinear interval readbacks; zero observed gap is not a joint AC-set proof
2013-04-06,133,7,634.1,176.5625,1,1,1,0.0,exact_at_scalar_endpoint,recorded scalar endpoint schedule passed all nonlinear interval readbacks; zero observed gap is not a joint AC-set proof
2013-04-06,133,8,611.3,140.78125,1,1,1,0.0,exact_at_scalar_endpoint,recorded scalar endpoint schedule passed all nonlinear interval readbacks; zero observed gap is not a joint AC-set proof
2013-04-06,133,8,634.1,168.203125,1,1,1,0.0,exact_at_scalar_endpoint,recorded scalar endpoint schedule passed all nonlinear interval readbacks; zero observed gap is not a joint AC-set proof
2013-04-06,133,9,611.3,142.265625,1,1,1,0.0,exact_at_scalar_endpoint,recorded scalar endpoint schedule passed all nonlinear interval readbacks; zero observed gap is not a joint AC-set proof
2013-04-06,133,9,634.1,168.828125,1,1,1,0.0,exact_at_scalar_endpoint,recorded scalar endpoint schedule passed all nonlinear interval readbacks; zero observed gap is not a joint AC-set proof
2013-04-07,134,0,611.3,156.171875,1,1,1,0.0,exact_at_scalar_endpoint,recorded scalar endpoint schedule passed all nonlinear interval readbacks; zero observed gap is not a joint AC-set proof
2013-04-07,134,0,634.1,174.53125,1,1,1,0.0,exact_at_scalar_endpoint,recorded scalar endpoint schedule passed all nonlinear interval readbacks; zero observed gap is not a joint AC-set proof
2013-04-07,134,1,611.3,140.703125,1,1,1,0.0,exact_at_scalar_endpoint,recorded scalar endpoint schedule passed all nonlinear interval readbacks; zero observed gap is not a joint AC-set proof
2013-04-07,134,1,634.1,148.359375,1,1,1,0.0,exact_at_scalar_endpoint,recorded scalar endpoint schedule passed all nonlinear interval readbacks; zero observed gap is not a joint AC-set proof
2013-04-07,134,2,611.3,130.46875,1,1,1,0.0,exact_at_scalar_endpoint,recorded scalar endpoint schedule passed all nonlinear interval readbacks; zero observed gap is not a joint AC-set proof
2013-04-07,134,2,634.1,135.703125,1,1,1,0.0,exact_at_scalar_endpoint,recorded scalar endpoint schedule passed all nonlinear interval readbacks; zero observed gap is not a joint AC-set proof
2013-04-07,134,3,611.3,113.828125,1,1,1,0.0,exact_at_scalar_endpoint,recorded scalar endpoint schedule passed all nonlinear interval readbacks; zero observed gap is not a joint AC-set proof
2013-04-07,134,3,634.1,121.25,1,1,1,0.0,exact_at_scalar_endpoint,recorded scalar endpoint schedule passed all nonlinear interval readbacks; zero observed gap is not a joint AC-set proof
2013-04-07,134,4,611.3,138.90625,1,1,1,0.0,exact_at_scalar_endpoint,recorded scalar endpoint schedule passed all nonlinear interval readbacks; zero observed gap is not a joint AC-set proof
2013-04-07,134,4,634.1,167.34375,1,1,1,0.0,exact_at_scalar_endpoint,recorded scalar endpoint schedule passed all nonlinear interval readbacks; zero observed gap is not a joint AC-set proof
2013-04-07,134,5,611.3,118.359375,1,1,1,0.0,exact_at_scalar_endpoint,recorded scalar endpoint schedule passed all nonlinear interval readbacks; zero observed gap is not a joint AC-set proof
2013-04-07,134,5,634.1,128.515625,1,1,1,0.0,exact_at_scalar_endpoint,recorded scalar endpoint schedule passed all nonlinear interval readbacks; zero observed gap is not a joint AC-set proof
2013-04-07,134,6,611.3,147.96875,1,1,1,0.0,exact_at_scalar_endpoint,recorded scalar endpoint schedule passed all nonlinear interval readbacks; zero observed gap is not a joint AC-set proof
2013-04-07,134,6,634.1,170.703125,1,1,1,0.0,exact_at_scalar_endpoint,recorded scalar endpoint schedule passed all nonlinear interval readbacks; zero observed gap is not a joint AC-set proof
2013-04-07,134,7,611.3,150.703125,1,1,1,0.0,exact_at_scalar_endpoint,recorded scalar endpoint schedule passed all nonlinear interval readbacks; zero observed gap is not a joint AC-set proof
2013-04-07,134,7,634.1,159.53125,1,1,1,0.0,exact_at_scalar_endpoint,recorded scalar endpoint schedule passed all nonlinear interval readbacks; zero observed gap is not a joint AC-set proof
2013-04-07,134,8,611.3,135.703125,1,1,1,0.0,exact_at_scalar_endpoint,recorded scalar endpoint schedule passed all nonlinear interval readbacks; zero observed gap is not a joint AC-set proof
2013-04-07,134,8,634.1,145.625,1,1,1,0.0,exact_at_scalar_endpoint,recorded scalar endpoint schedule passed all nonlinear interval readbacks; zero observed gap is not a joint AC-set proof
2013-04-07,134,9,611.3,136.71875,1,1,1,0.0,exact_at_scalar_endpoint,recorded scalar endpoint schedule passed all nonlinear interval readbacks; zero observed gap is not a joint AC-set proof
2013-04-07,134,9,634.1,139.375,1,1,1,0.0,exact_at_scalar_endpoint,recorded scalar endpoint schedule passed all nonlinear interval readbacks; zero observed gap is not a joint AC-set proof
2013-04-08,135,0,611.3,142.8125,1,1,1,0.0,exact_at_scalar_endpoint,recorded scalar endpoint schedule passed all nonlinear interval readbacks; zero observed gap is not a joint AC-set proof
2013-04-08,135,0,634.1,156.796875,1,1,1,0.0,exact_at_scalar_endpoint,recorded scalar endpoint schedule passed all nonlinear interval readbacks; zero observed gap is not a joint AC-set proof
2013-04-08,135,1,611.3,120.859375,1,1,1,0.0,exact_at_scalar_endpoint,recorded scalar endpoint schedule passed all nonlinear interval readbacks; zero observed gap is not a joint AC-set proof
2013-04-08,135,1,634.1,131.640625,1,1,1,0.0,exact_at_scalar_endpoint,recorded scalar endpoint schedule passed all nonlinear interval readbacks; zero observed gap is not a joint AC-set proof
2013-04-08,135,2,611.3,132.578125,1,1,1,0.0,exact_at_scalar_endpoint,recorded scalar endpoint schedule passed all nonlinear interval readbacks; zero observed gap is not a joint AC-set proof
2013-04-08,135,2,634.1,146.328125,1,1,1,0.0,exact_at_scalar_endpoint,recorded scalar endpoint schedule passed all nonlinear interval readbacks; zero observed gap is not a joint AC-set proof
2013-04-08,135,3,611.3,121.40625,1,1,1,0.0,exact_at_scalar_endpoint,recorded scalar endpoint schedule passed all nonlinear interval readbacks; zero observed gap is not a joint AC-set proof
2013-04-08,135,3,634.1,134.296875,1,1,1,0.0,exact_at_scalar_endpoint,recorded scalar endpoint schedule passed all nonlinear interval readbacks; zero observed gap is not a joint AC-set proof
2013-04-08,135,4,611.3,108.046875,1,1,1,0.0,exact_at_scalar_endpoint,recorded scalar endpoint schedule passed all nonlinear interval readbacks; zero observed gap is not a joint AC-set proof
2013-04-08,135,4,634.1,126.796875,1,1,1,0.0,exact_at_scalar_endpoint,recorded scalar endpoint schedule passed all nonlinear interval readbacks; zero observed gap is not a joint AC-set proof
2013-04-08,135,5,611.3,114.921875,1,1,1,0.0,exact_at_scalar_endpoint,recorded scalar endpoint schedule passed all nonlinear interval readbacks; zero observed gap is not a joint AC-set proof
2013-04-08,135,5,634.1,135.078125,1,1,1,0.0,exact_at_scalar_endpoint,recorded scalar endpoint schedule passed all nonlinear interval readbacks; zero observed gap is not a joint AC-set proof
2013-04-08,135,6,611.3,120.0,1,1,1,0.0,exact_at_scalar_endpoint,recorded scalar endpoint schedule passed all nonlinear interval readbacks; zero observed gap is not a joint AC-set proof
2013-04-08,135,6,634.1,137.890625,1,1,1,0.0,exact_at_scalar_endpoint,recorded scalar endpoint schedule passed all nonlinear interval readbacks; zero observed gap is not a joint AC-set proof
2013-04-08,135,7,611.3,123.59375,1,1,1,0.0,exact_at_scalar_endpoint,recorded scalar endpoint schedule passed all nonlinear interval readbacks; zero observed gap is not a joint AC-set proof
2013-04-08,135,7,634.1,141.796875,1,1,1,0.0,exact_at_scalar_endpoint,recorded scalar endpoint schedule passed all nonlinear interval readbacks; zero observed gap is not a joint AC-set proof
2013-04-08,135,8,611.3,115.46875,1,1,1,0.0,exact_at_scalar_endpoint,recorded scalar endpoint schedule passed all nonlinear interval readbacks; zero observed gap is not a joint AC-set proof
2013-04-08,135,8,634.1,124.53125,1,1,1,0.0,exact_at_scalar_endpoint,recorded scalar endpoint schedule passed all nonlinear interval readbacks; zero observed gap is not a joint AC-set proof
2013-04-08,135,9,611.3,146.09375,1,1,1,0.0,exact_at_scalar_endpoint,recorded scalar endpoint schedule passed all nonlinear interval readbacks; zero observed gap is not a joint AC-set proof
2013-04-08,135,9,634.1,155.859375,1,1,1,0.0,exact_at_scalar_endpoint,recorded scalar endpoint schedule passed all nonlinear interval readbacks; zero observed gap is not a joint AC-set proof
2013-04-09,136,0,611.3,137.578125,1,1,1,0.0,exact_at_scalar_endpoint,recorded scalar endpoint schedule passed all nonlinear interval readbacks; zero observed gap is not a joint AC-set proof
2013-04-09,136,0,634.1,162.734375,1,1,1,0.0,exact_at_scalar_endpoint,recorded scalar endpoint schedule passed all nonlinear interval readbacks; zero observed gap is not a joint AC-set proof
2013-04-09,136,1,611.3,127.421875,1,1,1,0.0,exact_at_scalar_endpoint,recorded scalar endpoint schedule passed all nonlinear interval readbacks; zero observed gap is not a joint AC-set proof
2013-04-09,136,1,634.1,146.09375,1,1,1,0.0,exact_at_scalar_endpoint,recorded scalar endpoint schedule passed all nonlinear interval readbacks; zero observed gap is not a joint AC-set proof
2013-04-09,136,2,611.3,150.859375,1,1,1,0.0,exact_at_scalar_endpoint,recorded scalar endpoint schedule passed all nonlinear interval readbacks; zero observed gap is not a joint AC-set proof
2013-04-09,136,2,634.1,168.984375,1,1,1,0.0,exact_at_scalar_endpoint,recorded scalar endpoint schedule passed all nonlinear interval readbacks; zero observed gap is not a joint AC-set proof
2013-04-09,136,3,611.3,139.609375,1,1,1,0.0,exact_at_scalar_endpoint,recorded scalar endpoint schedule passed all nonlinear interval readbacks; zero observed gap is not a joint AC-set proof
2013-04-09,136,3,634.1,167.65625,1,1,1,0.0,exact_at_scalar_endpoint,recorded scalar endpoint schedule passed all nonlinear interval readbacks; zero observed gap is not a joint AC-set proof
2013-04-09,136,4,611.3,137.8125,1,1,1,0.0,exact_at_scalar_endpoint,recorded scalar endpoint schedule passed all nonlinear interval readbacks; zero observed gap is not a joint AC-set proof
2013-04-09,136,4,634.1,158.671875,1,1,1,0.0,exact_at_scalar_endpoint,recorded scalar endpoint schedule passed all nonlinear interval readbacks; zero observed gap is not a joint AC-set proof
2013-04-09,136,5,611.3,143.359375,1,1,1,0.0,exact_at_scalar_endpoint,recorded scalar endpoint schedule passed all nonlinear interval readbacks; zero observed gap is not a joint AC-set proof
2013-04-09,136,5,634.1,165.625,1,1,1,0.0,exact_at_scalar_endpoint,recorded scalar endpoint schedule passed all nonlinear interval readbacks; zero observed gap is not a joint AC-set proof
2013-04-09,136,6,611.3,145.46875,1,1,1,0.0,exact_at_scalar_endpoint,recorded scalar endpoint schedule passed all nonlinear interval readbacks; zero observed gap is not a joint AC-set proof
2013-04-09,136,6,634.1,169.609375,1,1,1,0.0,exact_at_scalar_endpoint,recorded scalar endpoint schedule passed all nonlinear interval readbacks; zero observed gap is not a joint AC-set proof
2013-04-09,136,7,611.3,156.40625,1,1,1,0.0,exact_at_scalar_endpoint,recorded scalar endpoint schedule passed all nonlinear interval readbacks; zero observed gap is not a joint AC-set proof
2013-04-09,136,7,634.1,175.078125,1,1,1,0.0,exact_at_scalar_endpoint,recorded scalar endpoint schedule passed all nonlinear interval readbacks; zero observed gap is not a joint AC-set proof
2013-04-09,136,8,611.3,128.125,1,1,1,0.0,exact_at_scalar_endpoint,recorded scalar endpoint schedule passed all nonlinear interval readbacks; zero observed gap is not a joint AC-set proof
2013-04-09,136,8,634.1,146.796875,1,1,1,0.0,exact_at_scalar_endpoint,recorded scalar endpoint schedule passed all nonlinear interval readbacks; zero observed gap is not a joint AC-set proof
2013-04-09,136,9,611.3,136.5625,1,1,1,0.0,exact_at_scalar_endpoint,recorded scalar endpoint schedule passed all nonlinear interval readbacks; zero observed gap is not a joint AC-set proof
2013-04-09,136,9,634.1,142.421875,1,1,1,0.0,exact_at_scalar_endpoint,recorded scalar endpoint schedule passed all nonlinear interval readbacks; zero observed gap is not a joint AC-set proof
2013-04-10,137,0,611.3,118.046875,1,1,1,0.0,exact_at_scalar_endpoint,recorded scalar endpoint schedule passed all nonlinear interval readbacks; zero observed gap is not a joint AC-set proof
2013-04-10,137,0,634.1,126.5625,1,1,1,0.0,exact_at_scalar_endpoint,recorded scalar endpoint schedule passed all nonlinear interval readbacks; zero observed gap is not a joint AC-set proof
2013-04-10,137,1,611.3,108.046875,1,1,1,0.0,exact_at_scalar_endpoint,recorded scalar endpoint schedule passed all nonlinear interval readbacks; zero observed gap is not a joint AC-set proof
2013-04-10,137,1,634.1,111.171875,1,1,1,0.0,exact_at_scalar_endpoint,recorded scalar endpoint schedule passed all nonlinear interval readbacks; zero observed gap is not a joint AC-set proof
2013-04-10,137,2,611.3,93.984375,1,1,1,0.0,exact_at_scalar_endpoint,recorded scalar endpoint schedule passed all nonlinear interval readbacks; zero observed gap is not a joint AC-set proof
2013-04-10,137,2,634.1,97.65625,1,1,1,0.0,exact_at_scalar_endpoint,recorded scalar endpoint schedule passed all nonlinear interval readbacks; zero observed gap is not a joint AC-set proof
2013-04-10,137,3,611.3,98.203125,1,1,1,0.0,exact_at_scalar_endpoint,recorded scalar endpoint schedule passed all nonlinear interval readbacks; zero observed gap is not a joint AC-set proof
2013-04-10,137,3,634.1,101.40625,1,1,1,0.0,exact_at_scalar_endpoint,recorded scalar endpoint schedule passed all nonlinear interval readbacks; zero observed gap is not a joint AC-set proof
2013-04-10,137,4,611.3,104.921875,1,1,1,0.0,exact_at_scalar_endpoint,recorded scalar endpoint schedule passed all nonlinear interval readbacks; zero observed gap is not a joint AC-set proof
2013-04-10,137,4,634.1,109.453125,1,1,1,0.0,exact_at_scalar_endpoint,recorded scalar endpoint schedule passed all nonlinear interval readbacks; zero observed gap is not a joint AC-set proof
2013-04-10,137,5,611.3,94.609375,1,1,1,0.0,exact_at_scalar_endpoint,recorded scalar endpoint schedule passed all nonlinear interval readbacks; zero observed gap is not a joint AC-set proof
2013-04-10,137,5,634.1,99.609375,1,1,1,0.0,exact_at_scalar_endpoint,recorded scalar endpoint schedule passed all nonlinear interval readbacks; zero observed gap is not a joint AC-set proof
2013-04-10,137,6,611.3,110.15625,1,1,1,0.0,exact_at_scalar_endpoint,recorded scalar endpoint schedule passed all nonlinear interval readbacks; zero observed gap is not a joint AC-set proof
2013-04-10,137,6,634.1,118.4375,1,1,1,0.0,exact_at_scalar_endpoint,recorded scalar endpoint schedule passed all nonlinear interval readbacks; zero observed gap is not a joint AC-set proof
2013-04-10,137,7,611.3,115.703125,1,1,1,0.0,exact_at_scalar_endpoint,recorded scalar endpoint schedule passed all nonlinear interval readbacks; zero observed gap is not a joint AC-set proof
2013-04-10,137,7,634.1,124.921875,1,1,1,0.0,exact_at_scalar_endpoint,recorded scalar endpoint schedule passed all nonlinear interval readbacks; zero observed gap is not a joint AC-set proof
2013-04-10,137,8,611.3,104.0625,1,1,1,0.0,exact_at_scalar_endpoint,recorded scalar endpoint schedule passed all nonlinear interval readbacks; zero observed gap is not a joint AC-set proof
2013-04-10,137,8,634.1,106.640625,1,1,1,0.0,exact_at_scalar_endpoint,recorded scalar endpoint schedule passed all nonlinear interval readbacks; zero observed gap is not a joint AC-set proof
2013-04-10,137,9,611.3,123.59375,1,1,1,0.0,exact_at_scalar_endpoint,recorded scalar endpoint schedule passed all nonlinear interval readbacks; zero observed gap is not a joint AC-set proof
2013-04-10,137,9,634.1,129.296875,1,1,1,0.0,exact_at_scalar_endpoint,recorded scalar endpoint schedule passed all nonlinear interval readbacks; zero observed gap is not a joint AC-set proof
2013-04-11,138,0,611.3,98.4375,1,1,1,0.0,exact_at_scalar_endpoint,recorded scalar endpoint schedule passed all nonlinear interval readbacks; zero observed gap is not a joint AC-set proof
2013-04-11,138,0,634.1,101.171875,1,1,1,0.0,exact_at_scalar_endpoint,recorded scalar endpoint schedule passed all nonlinear interval readbacks; zero observed gap is not a joint AC-set proof
2013-04-11,138,1,611.3,99.21875,1,1,1,0.0,exact_at_scalar_endpoint,recorded scalar endpoint schedule passed all nonlinear interval readbacks; zero observed gap is not a joint AC-set proof
2013-04-11,138,1,634.1,97.890625,1,1,1,0.0,exact_at_scalar_endpoint,recorded scalar endpoint schedule passed all nonlinear interval readbacks; zero observed gap is not a joint AC-set proof
2013-04-11,138,2,611.3,91.25,1,1,1,0.0,exact_at_scalar_endpoint,recorded scalar endpoint schedule passed all nonlinear interval readbacks; zero observed gap is not a joint AC-set proof
2013-04-11,138,2,634.1,91.640625,1,1,1,0.0,exact_at_scalar_endpoint,recorded scalar endpoint schedule passed all nonlinear interval readbacks; zero observed gap is not a joint AC-set proof
2013-04-11,138,3,611.3,91.484375,1,1,1,0.0,exact_at_scalar_endpoint,recorded scalar endpoint schedule passed all nonlinear interval readbacks; zero observed gap is not a joint AC-set proof
2013-04-11,138,3,634.1,87.8125,1,1,1,0.0,exact_at_scalar_endpoint,recorded scalar endpoint schedule passed all nonlinear interval readbacks; zero observed gap is not a joint AC-set proof
2013-04-11,138,4,611.3,95.15625,1,1,1,0.0,exact_at_scalar_endpoint,recorded scalar endpoint schedule passed all nonlinear interval readbacks; zero observed gap is not a joint AC-set proof
2013-04-11,138,4,634.1,94.453125,1,1,1,0.0,exact_at_scalar_endpoint,recorded scalar endpoint schedule passed all nonlinear interval readbacks; zero observed gap is not a joint AC-set proof
2013-04-11,138,5,611.3,80.859375,1,1,1,0.0,exact_at_scalar_endpoint,recorded scalar endpoint schedule passed all nonlinear interval readbacks; zero observed gap is not a joint AC-set proof
2013-04-11,138,5,634.1,77.96875,1,1,1,0.0,exact_at_scalar_endpoint,recorded scalar endpoint schedule passed all nonlinear interval readbacks; zero observed gap is not a joint AC-set proof
2013-04-11,138,6,611.3,119.609375,1,1,1,0.0,exact_at_scalar_endpoint,recorded scalar endpoint schedule passed all nonlinear interval readbacks; zero observed gap is not a joint AC-set proof
2013-04-11,138,6,634.1,124.53125,1,1,1,0.0,exact_at_scalar_endpoint,recorded scalar endpoint schedule passed all nonlinear interval readbacks; zero observed gap is not a joint AC-set proof
2013-04-11,138,7,611.3,106.015625,1,1,1,0.0,exact_at_scalar_endpoint,recorded scalar endpoint schedule passed all nonlinear interval readbacks; zero observed gap is not a joint AC-set proof
2013-04-11,138,7,634.1,113.671875,1,1,1,0.0,exact_at_scalar_endpoint,recorded scalar endpoint schedule passed all nonlinear interval readbacks; zero observed gap is not a joint AC-set proof
2013-04-11,138,8,611.3,96.328125,1,1,1,0.0,exact_at_scalar_endpoint,recorded scalar endpoint schedule passed all nonlinear interval readbacks; zero observed gap is not a joint AC-set proof
2013-04-11,138,8,634.1,91.796875,1,1,1,0.0,exact_at_scalar_endpoint,recorded scalar endpoint schedule passed all nonlinear interval readbacks; zero observed gap is not a joint AC-set proof
2013-04-11,138,9,611.3,114.921875,1,1,1,0.0,exact_at_scalar_endpoint,recorded scalar endpoint schedule passed all nonlinear interval readbacks; zero observed gap is not a joint AC-set proof
2013-04-11,138,9,634.1,117.03125,1,1,1,0.0,exact_at_scalar_endpoint,recorded scalar endpoint schedule passed all nonlinear interval readbacks; zero observed gap is not a joint AC-set proof
2013-04-12,139,0,611.3,141.484375,1,1,1,0.0,exact_at_scalar_endpoint,recorded scalar endpoint schedule passed all nonlinear interval readbacks; zero observed gap is not a joint AC-set proof
2013-04-12,139,0,634.1,147.109375,1,1,1,0.0,exact_at_scalar_endpoint,recorded scalar endpoint schedule passed all nonlinear interval readbacks; zero observed gap is not a joint AC-set proof
2013-04-12,139,1,611.3,118.203125,1,1,1,0.0,exact_at_scalar_endpoint,recorded scalar endpoint schedule passed all nonlinear interval readbacks; zero observed gap is not a joint AC-set proof
2013-04-12,139,1,634.1,123.203125,1,1,1,0.0,exact_at_scalar_endpoint,recorded scalar endpoint schedule passed all nonlinear interval readbacks; zero observed gap is not a joint AC-set proof
2013-04-12,139,2,611.3,108.359375,1,1,1,0.0,exact_at_scalar_endpoint,recorded scalar endpoint schedule passed all nonlinear interval readbacks; zero observed gap is not a joint AC-set proof
2013-04-12,139,2,634.1,113.984375,1,1,1,0.0,exact_at_scalar_endpoint,recorded scalar endpoint schedule passed all nonlinear interval readbacks; zero observed gap is not a joint AC-set proof
2013-04-12,139,3,611.3,98.984375,1,1,1,0.0,exact_at_scalar_endpoint,recorded scalar endpoint schedule passed all nonlinear interval readbacks; zero observed gap is not a joint AC-set proof
2013-04-12,139,3,634.1,104.53125,1,1,1,0.0,exact_at_scalar_endpoint,recorded scalar endpoint schedule passed all nonlinear interval readbacks; zero observed gap is not a joint AC-set proof
2013-04-12,139,4,611.3,103.671875,1,1,1,0.0,exact_at_scalar_endpoint,recorded scalar endpoint schedule passed all nonlinear interval readbacks; zero observed gap is not a joint AC-set proof
2013-04-12,139,4,634.1,106.71875,1,1,1,0.0,exact_at_scalar_endpoint,recorded scalar endpoint schedule passed all nonlinear interval readbacks; zero observed gap is not a joint AC-set proof
2013-04-12,139,5,611.3,102.8125,1,1,1,0.0,exact_at_scalar_endpoint,recorded scalar endpoint schedule passed all nonlinear interval readbacks; zero observed gap is not a joint AC-set proof
2013-04-12,139,5,634.1,111.953125,1,1,1,0.0,exact_at_scalar_endpoint,recorded scalar endpoint schedule passed all nonlinear interval readbacks; zero observed gap is not a joint AC-set proof
2013-04-12,139,6,611.3,137.109375,1,1,1,0.0,exact_at_scalar_endpoint,recorded scalar endpoint schedule passed all nonlinear interval readbacks; zero observed gap is not a joint AC-set proof
2013-04-12,139,6,634.1,142.5,1,1,1,0.0,exact_at_scalar_endpoint,recorded scalar endpoint schedule passed all nonlinear interval readbacks; zero observed gap is not a joint AC-set proof
2013-04-12,139,7,611.3,104.0625,1,1,1,0.0,exact_at_scalar_endpoint,recorded scalar endpoint schedule passed all nonlinear interval readbacks; zero observed gap is not a joint AC-set proof
2013-04-12,139,7,634.1,115.15625,1,1,1,0.0,exact_at_scalar_endpoint,recorded scalar endpoint schedule passed all nonlinear interval readbacks; zero observed gap is not a joint AC-set proof
2013-04-12,139,8,611.3,102.734375,1,1,1,0.0,exact_at_scalar_endpoint,recorded scalar endpoint schedule passed all nonlinear interval readbacks; zero observed gap is not a joint AC-set proof
2013-04-12,139,8,634.1,108.515625,1,1,1,0.0,exact_at_scalar_endpoint,recorded scalar endpoint schedule passed all nonlinear interval readbacks; zero observed gap is not a joint AC-set proof
2013-04-12,139,9,611.3,120.546875,1,1,1,0.0,exact_at_scalar_endpoint,recorded scalar endpoint schedule passed all nonlinear interval readbacks; zero observed gap is not a joint AC-set proof
2013-04-12,139,9,634.1,126.25,1,1,1,0.0,exact_at_scalar_endpoint,recorded scalar endpoint schedule passed all nonlinear interval readbacks; zero observed gap is not a joint AC-set proof
2013-04-13,140,0,611.3,115.546875,1,1,1,0.0,exact_at_scalar_endpoint,recorded scalar endpoint schedule passed all nonlinear interval readbacks; zero observed gap is not a joint AC-set proof
2013-04-13,140,0,634.1,122.421875,1,1,1,0.0,exact_at_scalar_endpoint,recorded scalar endpoint schedule passed all nonlinear interval readbacks; zero observed gap is not a joint AC-set proof
2013-04-13,140,1,611.3,120.9375,1,1,1,0.0,exact_at_scalar_endpoint,recorded scalar endpoint schedule passed all nonlinear interval readbacks; zero observed gap is not a joint AC-set proof
2013-04-13,140,1,634.1,124.140625,1,1,1,0.0,exact_at_scalar_endpoint,recorded scalar endpoint schedule passed all nonlinear interval readbacks; zero observed gap is not a joint AC-set proof
2013-04-13,140,2,611.3,118.75,1,1,1,0.0,exact_at_scalar_endpoint,recorded scalar endpoint schedule passed all nonlinear interval readbacks; zero observed gap is not a joint AC-set proof
2013-04-13,140,2,634.1,119.0625,1,1,1,0.0,exact_at_scalar_endpoint,recorded scalar endpoint schedule passed all nonlinear interval readbacks; zero observed gap is not a joint AC-set proof
2013-04-13,140,3,611.3,108.515625,1,1,1,0.0,exact_at_scalar_endpoint,recorded scalar endpoint schedule passed all nonlinear interval readbacks; zero observed gap is not a joint AC-set proof
2013-04-13,140,3,634.1,115.546875,1,1,1,0.0,exact_at_scalar_endpoint,recorded scalar endpoint schedule passed all nonlinear interval readbacks; zero observed gap is not a joint AC-set proof
2013-04-13,140,4,611.3,131.484375,1,1,1,0.0,exact_at_scalar_endpoint,recorded scalar endpoint schedule passed all nonlinear interval readbacks; zero observed gap is not a joint AC-set proof
2013-04-13,140,4,634.1,135.3125,1,1,1,0.0,exact_at_scalar_endpoint,recorded scalar endpoint schedule passed all nonlinear interval readbacks; zero observed gap is not a joint AC-set proof
2013-04-13,140,5,611.3,101.171875,1,1,1,0.0,exact_at_scalar_endpoint,recorded scalar endpoint schedule passed all nonlinear interval readbacks; zero observed gap is not a joint AC-set proof
2013-04-13,140,5,634.1,104.21875,1,1,1,0.0,exact_at_scalar_endpoint,recorded scalar endpoint schedule passed all nonlinear interval readbacks; zero observed gap is not a joint AC-set proof
2013-04-13,140,6,611.3,122.109375,1,1,1,0.0,exact_at_scalar_endpoint,recorded scalar endpoint schedule passed all nonlinear interval readbacks; zero observed gap is not a joint AC-set proof
2013-04-13,140,6,634.1,128.90625,1,1,1,0.0,exact_at_scalar_endpoint,recorded scalar endpoint schedule passed all nonlinear interval readbacks; zero observed gap is not a joint AC-set proof
2013-04-13,140,7,611.3,156.484375,1,1,1,0.0,exact_at_scalar_endpoint,recorded scalar endpoint schedule passed all nonlinear interval readbacks; zero observed gap is not a joint AC-set proof
2013-04-13,140,7,634.1,162.5,1,1,1,0.0,exact_at_scalar_endpoint,recorded scalar endpoint schedule passed all nonlinear interval readbacks; zero observed gap is not a joint AC-set proof
2013-04-13,140,8,611.3,121.09375,1,1,1,0.0,exact_at_scalar_endpoint,recorded scalar endpoint schedule passed all nonlinear interval readbacks; zero observed gap is not a joint AC-set proof
2013-04-13,140,8,634.1,119.6875,1,1,1,0.0,exact_at_scalar_endpoint,recorded scalar endpoint schedule passed all nonlinear interval readbacks; zero observed gap is not a joint AC-set proof
2013-04-13,140,9,611.3,135.546875,1,1,1,0.0,exact_at_scalar_endpoint,recorded scalar endpoint schedule passed all nonlinear interval readbacks; zero observed gap is not a joint AC-set proof
2013-04-13,140,9,634.1,134.296875,1,1,1,0.0,exact_at_scalar_endpoint,recorded scalar endpoint schedule passed all nonlinear interval readbacks; zero observed gap is not a joint AC-set proof
2013-04-14,141,0,611.3,130.703125,1,1,1,0.0,exact_at_scalar_endpoint,recorded scalar endpoint schedule passed all nonlinear interval readbacks; zero observed gap is not a joint AC-set proof
2013-04-14,141,0,634.1,136.015625,1,1,1,0.0,exact_at_scalar_endpoint,recorded scalar endpoint schedule passed all nonlinear interval readbacks; zero observed gap is not a joint AC-set proof
2013-04-14,141,1,611.3,113.828125,1,1,1,0.0,exact_at_scalar_endpoint,recorded scalar endpoint schedule passed all nonlinear interval readbacks; zero observed gap is not a joint AC-set proof
2013-04-14,141,1,634.1,117.8125,1,1,1,0.0,exact_at_scalar_endpoint,recorded scalar endpoint schedule passed all nonlinear interval readbacks; zero observed gap is not a joint AC-set proof
2013-04-14,141,2,611.3,144.140625,1,1,1,0.0,exact_at_scalar_endpoint,recorded scalar endpoint schedule passed all nonlinear interval readbacks; zero observed gap is not a joint AC-set proof
2013-04-14,141,2,634.1,139.21875,1,1,1,0.0,exact_at_scalar_endpoint,recorded scalar endpoint schedule passed all nonlinear interval readbacks; zero observed gap is not a joint AC-set proof
2013-04-14,141,3,611.3,92.578125,1,1,1,0.0,exact_at_scalar_endpoint,recorded scalar endpoint schedule passed all nonlinear interval readbacks; zero observed gap is not a joint AC-set proof
2013-04-14,141,3,634.1,94.21875,1,1,1,0.0,exact_at_scalar_endpoint,recorded scalar endpoint schedule passed all nonlinear interval readbacks; zero observed gap is not a joint AC-set proof
2013-04-14,141,4,611.3,121.328125,1,1,1,0.0,exact_at_scalar_endpoint,recorded scalar endpoint schedule passed all nonlinear interval readbacks; zero observed gap is not a joint AC-set proof
2013-04-14,141,4,634.1,127.03125,1,1,1,0.0,exact_at_scalar_endpoint,recorded scalar endpoint schedule passed all nonlinear interval readbacks; zero observed gap is not a joint AC-set proof
2013-04-14,141,5,611.3,103.90625,1,1,1,0.0,exact_at_scalar_endpoint,recorded scalar endpoint schedule passed all nonlinear interval readbacks; zero observed gap is not a joint AC-set proof
2013-04-14,141,5,634.1,110.859375,1,1,1,0.0,exact_at_scalar_endpoint,recorded scalar endpoint schedule passed all nonlinear interval readbacks; zero observed gap is not a joint AC-set proof
2013-04-14,141,6,611.3,136.25,1,1,1,0.0,exact_at_scalar_endpoint,recorded scalar endpoint schedule passed all nonlinear interval readbacks; zero observed gap is not a joint AC-set proof
2013-04-14,141,6,634.1,139.296875,1,1,1,0.0,exact_at_scalar_endpoint,recorded scalar endpoint schedule passed all nonlinear interval readbacks; zero observed gap is not a joint AC-set proof
2013-04-14,141,7,611.3,155.3125,1,1,1,0.0,exact_at_scalar_endpoint,recorded scalar endpoint schedule passed all nonlinear interval readbacks; zero observed gap is not a joint AC-set proof
2013-04-14,141,7,634.1,156.5625,1,1,1,0.0,exact_at_scalar_endpoint,recorded scalar endpoint schedule passed all nonlinear interval readbacks; zero observed gap is not a joint AC-set proof
2013-04-14,141,8,611.3,128.515625,1,1,1,0.0,exact_at_scalar_endpoint,recorded scalar endpoint schedule passed all nonlinear interval readbacks; zero observed gap is not a joint AC-set proof
2013-04-14,141,8,634.1,126.953125,1,1,1,0.0,exact_at_scalar_endpoint,recorded scalar endpoint schedule passed all nonlinear interval readbacks; zero observed gap is not a joint AC-set proof
2013-04-14,141,9,611.3,138.984375,1,1,1,0.0,exact_at_scalar_endpoint,recorded scalar endpoint schedule passed all nonlinear interval readbacks; zero observed gap is not a joint AC-set proof
2013-04-14,141,9,634.1,138.59375,1,1,1,0.0,exact_at_scalar_endpoint,recorded scalar endpoint schedule passed all nonlinear interval readbacks; zero observed gap is not a joint AC-set proof
2013-04-15,142,0,611.3,124.765625,1,1,1,0.0,exact_at_scalar_endpoint,recorded scalar endpoint schedule passed all nonlinear interval readbacks; zero observed gap is not a joint AC-set proof
2013-04-15,142,0,634.1,130.3125,1,1,1,0.0,exact_at_scalar_endpoint,recorded scalar endpoint schedule passed all nonlinear interval readbacks; zero observed gap is not a joint AC-set proof
2013-04-15,142,1,611.3,119.921875,1,1,1,0.0,exact_at_scalar_endpoint,recorded scalar endpoint schedule passed all nonlinear interval readbacks; zero observed gap is not a joint AC-set proof
2013-04-15,142,1,634.1,130.3125,1,1,1,0.0,exact_at_scalar_endpoint,recorded scalar endpoint schedule passed all nonlinear interval readbacks; zero observed gap is not a joint AC-set proof
2013-04-15,142,2,611.3,131.953125,1,1,1,0.0,exact_at_scalar_endpoint,recorded scalar endpoint schedule passed all nonlinear interval readbacks; zero observed gap is not a joint AC-set proof
2013-04-15,142,2,634.1,131.953125,1,1,1,0.0,exact_at_scalar_endpoint,recorded scalar endpoint schedule passed all nonlinear interval readbacks; zero observed gap is not a joint AC-set proof
2013-04-15,142,3,611.3,103.828125,1,1,1,0.0,exact_at_scalar_endpoint,recorded scalar endpoint schedule passed all nonlinear interval readbacks; zero observed gap is not a joint AC-set proof
2013-04-15,142,3,634.1,112.03125,1,1,1,0.0,exact_at_scalar_endpoint,recorded scalar endpoint schedule passed all nonlinear interval readbacks; zero observed gap is not a joint AC-set proof
2013-04-15,142,4,611.3,120.546875,1,1,1,0.0,exact_at_scalar_endpoint,recorded scalar endpoint schedule passed all nonlinear interval readbacks; zero observed gap is not a joint AC-set proof
2013-04-15,142,4,634.1,131.953125,1,1,1,0.0,exact_at_scalar_endpoint,recorded scalar endpoint schedule passed all nonlinear interval readbacks; zero observed gap is not a joint AC-set proof
2013-04-15,142,5,611.3,112.34375,1,1,1,0.0,exact_at_scalar_endpoint,recorded scalar endpoint schedule passed all nonlinear interval readbacks; zero observed gap is not a joint AC-set proof
2013-04-15,142,5,634.1,119.453125,1,1,1,0.0,exact_at_scalar_endpoint,recorded scalar endpoint schedule passed all nonlinear interval readbacks; zero observed gap is not a joint AC-set proof
2013-04-15,142,6,611.3,141.09375,1,1,1,0.0,exact_at_scalar_endpoint,recorded scalar endpoint schedule passed all nonlinear interval readbacks; zero observed gap is not a joint AC-set proof
2013-04-15,142,6,634.1,151.875,1,1,1,0.0,exact_at_scalar_endpoint,recorded scalar endpoint schedule passed all nonlinear interval readbacks; zero observed gap is not a joint AC-set proof
2013-04-15,142,7,611.3,151.640625,1,1,1,0.0,exact_at_scalar_endpoint,recorded scalar endpoint schedule passed all nonlinear interval readbacks; zero observed gap is not a joint AC-set proof
2013-04-15,142,7,634.1,157.65625,1,1,1,0.0,exact_at_scalar_endpoint,recorded scalar endpoint schedule passed all nonlinear interval readbacks; zero observed gap is not a joint AC-set proof
2013-04-15,142,8,611.3,116.328125,1,1,1,0.0,exact_at_scalar_endpoint,recorded scalar endpoint schedule passed all nonlinear interval readbacks; zero observed gap is not a joint AC-set proof
2013-04-15,142,8,634.1,121.015625,1,1,1,0.0,exact_at_scalar_endpoint,recorded scalar endpoint schedule passed all nonlinear interval readbacks; zero observed gap is not a joint AC-set proof
2013-04-15,142,9,611.3,139.140625,1,1,1,0.0,exact_at_scalar_endpoint,recorded scalar endpoint schedule passed all nonlinear interval readbacks; zero observed gap is not a joint AC-set proof
2013-04-15,142,9,634.1,144.21875,1,1,1,0.0,exact_at_scalar_endpoint,recorded scalar endpoint schedule passed all nonlinear interval readbacks; zero observed gap is not a joint AC-set proof
2013-04-16,143,0,611.3,150.46875,1,1,1,0.0,exact_at_scalar_endpoint,recorded scalar endpoint schedule passed all nonlinear interval readbacks; zero observed gap is not a joint AC-set proof
2013-04-16,143,0,634.1,168.515625,1,1,1,0.0,exact_at_scalar_endpoint,recorded scalar endpoint schedule passed all nonlinear interval readbacks; zero observed gap is not a joint AC-set proof
2013-04-16,143,1,611.3,138.046875,1,1,1,0.0,exact_at_scalar_endpoint,recorded scalar endpoint schedule passed all nonlinear interval readbacks; zero observed gap is not a joint AC-set proof
2013-04-16,143,1,634.1,166.953125,1,1,1,0.0,exact_at_scalar_endpoint,recorded scalar endpoint schedule passed all nonlinear interval readbacks; zero observed gap is not a joint AC-set proof
2013-04-16,143,2,611.3,118.28125,1,1,1,0.0,exact_at_scalar_endpoint,recorded scalar endpoint schedule passed all nonlinear interval readbacks; zero observed gap is not a joint AC-set proof
2013-04-16,143,2,634.1,138.671875,1,1,1,0.0,exact_at_scalar_endpoint,recorded scalar endpoint schedule passed all nonlinear interval readbacks; zero observed gap is not a joint AC-set proof
2013-04-16,143,3,611.3,128.046875,1,1,1,0.0,exact_at_scalar_endpoint,recorded scalar endpoint schedule passed all nonlinear interval readbacks; zero observed gap is not a joint AC-set proof
2013-04-16,143,3,634.1,145.3125,1,1,1,0.0,exact_at_scalar_endpoint,recorded scalar endpoint schedule passed all nonlinear interval readbacks; zero observed gap is not a joint AC-set proof
2013-04-16,143,4,611.3,128.515625,1,1,1,0.0,exact_at_scalar_endpoint,recorded scalar endpoint schedule passed all nonlinear interval readbacks; zero observed gap is not a joint AC-set proof
2013-04-16,143,4,634.1,145.3125,1,1,1,0.0,exact_at_scalar_endpoint,recorded scalar endpoint schedule passed all nonlinear interval readbacks; zero observed gap is not a joint AC-set proof
2013-04-16,143,5,611.3,129.84375,1,1,1,0.0,exact_at_scalar_endpoint,recorded scalar endpoint schedule passed all nonlinear interval readbacks; zero observed gap is not a joint AC-set proof
2013-04-16,143,5,634.1,150.078125,1,1,1,0.0,exact_at_scalar_endpoint,recorded scalar endpoint schedule passed all nonlinear interval readbacks; zero observed gap is not a joint AC-set proof
2013-04-16,143,6,611.3,146.953125,1,1,1,0.0,exact_at_scalar_endpoint,recorded scalar endpoint schedule passed all nonlinear interval readbacks; zero observed gap is not a joint AC-set proof
2013-04-16,143,6,634.1,169.765625,1,1,1,0.0,exact_at_scalar_endpoint,recorded scalar endpoint schedule passed all nonlinear interval readbacks; zero observed gap is not a joint AC-set proof
2013-04-16,143,7,611.3,141.171875,1,1,1,0.0,exact_at_scalar_endpoint,recorded scalar endpoint schedule passed all nonlinear interval readbacks; zero observed gap is not a joint AC-set proof
2013-04-16,143,7,634.1,159.21875,1,1,1,0.0,exact_at_scalar_endpoint,recorded scalar endpoint schedule passed all nonlinear interval readbacks; zero observed gap is not a joint AC-set proof
2013-04-16,143,8,611.3,131.5625,1,1,1,0.0,exact_at_scalar_endpoint,recorded scalar endpoint schedule passed all nonlinear interval readbacks; zero observed gap is not a joint AC-set proof
2013-04-16,143,8,634.1,150.78125,1,1,1,0.0,exact_at_scalar_endpoint,recorded scalar endpoint schedule passed all nonlinear interval readbacks; zero observed gap is not a joint AC-set proof
2013-04-16,143,9,611.3,123.828125,1,1,1,0.0,exact_at_scalar_endpoint,recorded scalar endpoint schedule passed all nonlinear interval readbacks; zero observed gap is not a joint AC-set proof
2013-04-16,143,9,634.1,140.625,1,1,1,0.0,exact_at_scalar_endpoint,recorded scalar endpoint schedule passed all nonlinear interval readbacks; zero observed gap is not a joint AC-set proof
2013-04-17,144,0,611.3,134.21875,1,1,1,0.0,exact_at_scalar_endpoint,recorded scalar endpoint schedule passed all nonlinear interval readbacks; zero observed gap is not a joint AC-set proof
2013-04-17,144,0,634.1,140.546875,1,1,1,0.0,exact_at_scalar_endpoint,recorded scalar endpoint schedule passed all nonlinear interval readbacks; zero observed gap is not a joint AC-set proof
2013-04-17,144,1,611.3,108.75,1,1,1,0.0,exact_at_scalar_endpoint,recorded scalar endpoint schedule passed all nonlinear interval readbacks; zero observed gap is not a joint AC-set proof
2013-04-17,144,1,634.1,117.5,1,1,1,0.0,exact_at_scalar_endpoint,recorded scalar endpoint schedule passed all nonlinear interval readbacks; zero observed gap is not a joint AC-set proof
2013-04-17,144,2,611.3,124.21875,1,1,1,0.0,exact_at_scalar_endpoint,recorded scalar endpoint schedule passed all nonlinear interval readbacks; zero observed gap is not a joint AC-set proof
2013-04-17,144,2,634.1,137.96875,1,1,1,0.0,exact_at_scalar_endpoint,recorded scalar endpoint schedule passed all nonlinear interval readbacks; zero observed gap is not a joint AC-set proof
2013-04-17,144,3,611.3,101.40625,1,1,1,0.0,exact_at_scalar_endpoint,recorded scalar endpoint schedule passed all nonlinear interval readbacks; zero observed gap is not a joint AC-set proof
2013-04-17,144,3,634.1,113.359375,1,1,1,0.0,exact_at_scalar_endpoint,recorded scalar endpoint schedule passed all nonlinear interval readbacks; zero observed gap is not a joint AC-set proof
2013-04-17,144,4,611.3,106.25,1,1,1,0.0,exact_at_scalar_endpoint,recorded scalar endpoint schedule passed all nonlinear interval readbacks; zero observed gap is not a joint AC-set proof
2013-04-17,144,4,634.1,116.015625,1,1,1,0.0,exact_at_scalar_endpoint,recorded scalar endpoint schedule passed all nonlinear interval readbacks; zero observed gap is not a joint AC-set proof
2013-04-17,144,5,611.3,107.96875,1,1,1,0.0,exact_at_scalar_endpoint,recorded scalar endpoint schedule passed all nonlinear interval readbacks; zero observed gap is not a joint AC-set proof
2013-04-17,144,5,634.1,123.828125,1,1,1,0.0,exact_at_scalar_endpoint,recorded scalar endpoint schedule passed all nonlinear interval readbacks; zero observed gap is not a joint AC-set proof
2013-04-17,144,6,611.3,118.828125,1,1,1,0.0,exact_at_scalar_endpoint,recorded scalar endpoint schedule passed all nonlinear interval readbacks; zero observed gap is not a joint AC-set proof
2013-04-17,144,6,634.1,129.84375,1,1,1,0.0,exact_at_scalar_endpoint,recorded scalar endpoint schedule passed all nonlinear interval readbacks; zero observed gap is not a joint AC-set proof
2013-04-17,144,7,611.3,115.9375,1,1,1,0.0,exact_at_scalar_endpoint,recorded scalar endpoint schedule passed all nonlinear interval readbacks; zero observed gap is not a joint AC-set proof
2013-04-17,144,7,634.1,124.375,1,1,1,0.0,exact_at_scalar_endpoint,recorded scalar endpoint schedule passed all nonlinear interval readbacks; zero observed gap is not a joint AC-set proof
2013-04-17,144,8,611.3,125.859375,1,1,1,0.0,exact_at_scalar_endpoint,recorded scalar endpoint schedule passed all nonlinear interval readbacks; zero observed gap is not a joint AC-set proof
2013-04-17,144,8,634.1,142.8125,1,1,1,0.0,exact_at_scalar_endpoint,recorded scalar endpoint schedule passed all nonlinear interval readbacks; zero observed gap is not a joint AC-set proof
2013-04-17,144,9,611.3,113.90625,1,1,1,0.0,exact_at_scalar_endpoint,recorded scalar endpoint schedule passed all nonlinear interval readbacks; zero observed gap is not a joint AC-set proof
2013-04-17,144,9,634.1,120.078125,1,1,1,0.0,exact_at_scalar_endpoint,recorded scalar endpoint schedule passed all nonlinear interval readbacks; zero observed gap is not a joint AC-set proof
2013-04-18,145,0,611.3,117.265625,1,1,1,0.0,exact_at_scalar_endpoint,recorded scalar endpoint schedule passed all nonlinear interval readbacks; zero observed gap is not a joint AC-set proof
2013-04-18,145,0,634.1,133.046875,1,1,1,0.0,exact_at_scalar_endpoint,recorded scalar endpoint schedule passed all nonlinear interval readbacks; zero observed gap is not a joint AC-set proof
2013-04-18,145,1,611.3,130.703125,1,1,1,0.0,exact_at_scalar_endpoint,recorded scalar endpoint schedule passed all nonlinear interval readbacks; zero observed gap is not a joint AC-set proof
2013-04-18,145,1,634.1,143.125,1,1,1,0.0,exact_at_scalar_endpoint,recorded scalar endpoint schedule passed all nonlinear interval readbacks; zero observed gap is not a joint AC-set proof
2013-04-18,145,2,611.3,115.390625,1,1,1,0.0,exact_at_scalar_endpoint,recorded scalar endpoint schedule passed all nonlinear interval readbacks; zero observed gap is not a joint AC-set proof
2013-04-18,145,2,634.1,128.125,1,1,1,0.0,exact_at_scalar_endpoint,recorded scalar endpoint schedule passed all nonlinear interval readbacks; zero observed gap is not a joint AC-set proof
2013-04-18,145,3,611.3,119.84375,1,1,1,0.0,exact_at_scalar_endpoint,recorded scalar endpoint schedule passed all nonlinear interval readbacks; zero observed gap is not a joint AC-set proof
2013-04-18,145,3,634.1,135.390625,1,1,1,0.0,exact_at_scalar_endpoint,recorded scalar endpoint schedule passed all nonlinear interval readbacks; zero observed gap is not a joint AC-set proof
2013-04-18,145,4,611.3,117.1875,1,1,1,0.0,exact_at_scalar_endpoint,recorded scalar endpoint schedule passed all nonlinear interval readbacks; zero observed gap is not a joint AC-set proof
2013-04-18,145,4,634.1,132.34375,1,1,1,0.0,exact_at_scalar_endpoint,recorded scalar endpoint schedule passed all nonlinear interval readbacks; zero observed gap is not a joint AC-set proof
2013-04-18,145,5,611.3,125.078125,1,1,1,0.0,exact_at_scalar_endpoint,recorded scalar endpoint schedule passed all nonlinear interval readbacks; zero observed gap is not a joint AC-set proof
2013-04-18,145,5,634.1,141.71875,1,1,1,0.0,exact_at_scalar_endpoint,recorded scalar endpoint schedule passed all nonlinear interval readbacks; zero observed gap is not a joint AC-set proof
2013-04-18,145,6,611.3,145.3125,1,1,1,0.0,exact_at_scalar_endpoint,recorded scalar endpoint schedule passed all nonlinear interval readbacks; zero observed gap is not a joint AC-set proof
2013-04-18,145,6,634.1,161.40625,1,1,1,0.0,exact_at_scalar_endpoint,recorded scalar endpoint schedule passed all nonlinear interval readbacks; zero observed gap is not a joint AC-set proof
2013-04-18,145,7,611.3,156.5625,1,1,1,0.0,exact_at_scalar_endpoint,recorded scalar endpoint schedule passed all nonlinear interval readbacks; zero observed gap is not a joint AC-set proof
2013-04-18,145,7,634.1,172.5,1,1,1,0.0,exact_at_scalar_endpoint,recorded scalar endpoint schedule passed all nonlinear interval readbacks; zero observed gap is not a joint AC-set proof
2013-04-18,145,8,611.3,114.375,1,1,1,0.0,exact_at_scalar_endpoint,recorded scalar endpoint schedule passed all nonlinear interval readbacks; zero observed gap is not a joint AC-set proof
2013-04-18,145,8,634.1,130.15625,1,1,1,0.0,exact_at_scalar_endpoint,recorded scalar endpoint schedule passed all nonlinear interval readbacks; zero observed gap is not a joint AC-set proof
2013-04-18,145,9,611.3,129.84375,1,1,1,0.0,exact_at_scalar_endpoint,recorded scalar endpoint schedule passed all nonlinear interval readbacks; zero observed gap is not a joint AC-set proof
2013-04-18,145,9,634.1,143.125,1,1,1,0.0,exact_at_scalar_endpoint,recorded scalar endpoint schedule passed all nonlinear interval readbacks; zero observed gap is not a joint AC-set proof
2013-04-19,146,0,611.3,124.609375,1,1,1,0.0,exact_at_scalar_endpoint,recorded scalar endpoint schedule passed all nonlinear interval readbacks; zero observed gap is not a joint AC-set proof
2013-04-19,146,0,634.1,133.515625,1,1,1,0.0,exact_at_scalar_endpoint,recorded scalar endpoint schedule passed all nonlinear interval readbacks; zero observed gap is not a joint AC-set proof
2013-04-19,146,1,611.3,115.625,1,1,1,0.0,exact_at_scalar_endpoint,recorded scalar endpoint schedule passed all nonlinear interval readbacks; zero observed gap is not a joint AC-set proof
2013-04-19,146,1,634.1,131.015625,1,1,1,0.0,exact_at_scalar_endpoint,recorded scalar endpoint schedule passed all nonlinear interval readbacks; zero observed gap is not a joint AC-set proof
2013-04-19,146,2,611.3,131.40625,1,1,1,0.0,exact_at_scalar_endpoint,recorded scalar endpoint schedule passed all nonlinear interval readbacks; zero observed gap is not a joint AC-set proof
2013-04-19,146,2,634.1,146.09375,1,1,1,0.0,exact_at_scalar_endpoint,recorded scalar endpoint schedule passed all nonlinear interval readbacks; zero observed gap is not a joint AC-set proof
2013-04-19,146,3,611.3,133.90625,1,1,1,0.0,exact_at_scalar_endpoint,recorded scalar endpoint schedule passed all nonlinear interval readbacks; zero observed gap is not a joint AC-set proof
2013-04-19,146,3,634.1,156.015625,1,1,1,0.0,exact_at_scalar_endpoint,recorded scalar endpoint schedule passed all nonlinear interval readbacks; zero observed gap is not a joint AC-set proof
2013-04-19,146,4,611.3,125.0,1,1,1,0.0,exact_at_scalar_endpoint,recorded scalar endpoint schedule passed all nonlinear interval readbacks; zero observed gap is not a joint AC-set proof
2013-04-19,146,4,634.1,135.625,1,1,1,0.0,exact_at_scalar_endpoint,recorded scalar endpoint schedule passed all nonlinear interval readbacks; zero observed gap is not a joint AC-set proof
2013-04-19,146,5,611.3,125.625,1,1,1,0.0,exact_at_scalar_endpoint,recorded scalar endpoint schedule passed all nonlinear interval readbacks; zero observed gap is not a joint AC-set proof
2013-04-19,146,5,634.1,136.40625,1,1,1,0.0,exact_at_scalar_endpoint,recorded scalar endpoint schedule passed all nonlinear interval readbacks; zero observed gap is not a joint AC-set proof
2013-04-19,146,6,611.3,130.15625,1,1,1,0.0,exact_at_scalar_endpoint,recorded scalar endpoint schedule passed all nonlinear interval readbacks; zero observed gap is not a joint AC-set proof
2013-04-19,146,6,634.1,142.734375,1,1,1,0.0,exact_at_scalar_endpoint,recorded scalar endpoint schedule passed all nonlinear interval readbacks; zero observed gap is not a joint AC-set proof
2013-04-19,146,7,611.3,141.015625,1,1,1,0.0,exact_at_scalar_endpoint,recorded scalar endpoint schedule passed all nonlinear interval readbacks; zero observed gap is not a joint AC-set proof
2013-04-19,146,7,634.1,151.25,1,1,1,0.0,exact_at_scalar_endpoint,recorded scalar endpoint schedule passed all nonlinear interval readbacks; zero observed gap is not a joint AC-set proof
2013-04-19,146,8,611.3,141.71875,1,1,1,0.0,exact_at_scalar_endpoint,recorded scalar endpoint schedule passed all nonlinear interval readbacks; zero observed gap is not a joint AC-set proof
2013-04-19,146,8,634.1,157.421875,1,1,1,0.0,exact_at_scalar_endpoint,recorded scalar endpoint schedule passed all nonlinear interval readbacks; zero observed gap is not a joint AC-set proof
2013-04-19,146,9,611.3,128.984375,1,1,1,0.0,exact_at_scalar_endpoint,recorded scalar endpoint schedule passed all nonlinear interval readbacks; zero observed gap is not a joint AC-set proof
2013-04-19,146,9,634.1,137.5,1,1,1,0.0,exact_at_scalar_endpoint,recorded scalar endpoint schedule passed all nonlinear interval readbacks; zero observed gap is not a joint AC-set proof
2013-04-20,147,0,611.3,156.328125,1,1,1,0.0,exact_at_scalar_endpoint,recorded scalar endpoint schedule passed all nonlinear interval readbacks; zero observed gap is not a joint AC-set proof
2013-04-20,147,0,634.1,176.09375,1,1,1,0.0,exact_at_scalar_endpoint,recorded scalar endpoint schedule passed all nonlinear interval readbacks; zero observed gap is not a joint AC-set proof
2013-04-20,147,1,611.3,151.5625,1,1,1,0.0,exact_at_scalar_endpoint,recorded scalar endpoint schedule passed all nonlinear interval readbacks; zero observed gap is not a joint AC-set proof
2013-04-20,147,1,634.1,173.046875,1,1,1,0.0,exact_at_scalar_endpoint,recorded scalar endpoint schedule passed all nonlinear interval readbacks; zero observed gap is not a joint AC-set proof
2013-04-20,147,2,611.3,146.640625,1,1,1,0.0,exact_at_scalar_endpoint,recorded scalar endpoint schedule passed all nonlinear interval readbacks; zero observed gap is not a joint AC-set proof
2013-04-20,147,2,634.1,170.859375,1,1,1,0.0,exact_at_scalar_endpoint,recorded scalar endpoint schedule passed all nonlinear interval readbacks; zero observed gap is not a joint AC-set proof
2013-04-20,147,3,611.3,135.625,1,1,1,0.0,exact_at_scalar_endpoint,recorded scalar endpoint schedule passed all nonlinear interval readbacks; zero observed gap is not a joint AC-set proof
2013-04-20,147,3,634.1,165.859375,1,1,1,0.0,exact_at_scalar_endpoint,recorded scalar endpoint schedule passed all nonlinear interval readbacks; zero observed gap is not a joint AC-set proof
2013-04-20,147,4,611.3,156.09375,1,1,1,0.0,exact_at_scalar_endpoint,recorded scalar endpoint schedule passed all nonlinear interval readbacks; zero observed gap is not a joint AC-set proof
2013-04-20,147,4,634.1,175.625,1,1,1,0.0,exact_at_scalar_endpoint,recorded scalar endpoint schedule passed all nonlinear interval readbacks; zero observed gap is not a joint AC-set proof
2013-04-20,147,5,611.3,141.796875,1,1,1,0.0,exact_at_scalar_endpoint,recorded scalar endpoint schedule passed all nonlinear interval readbacks; zero observed gap is not a joint AC-set proof
2013-04-20,147,5,634.1,168.671875,1,1,1,0.0,exact_at_scalar_endpoint,recorded scalar endpoint schedule passed all nonlinear interval readbacks; zero observed gap is not a joint AC-set proof
2013-04-20,147,6,611.3,146.171875,1,1,1,0.0,exact_at_scalar_endpoint,recorded scalar endpoint schedule passed all nonlinear interval readbacks; zero observed gap is not a joint AC-set proof
2013-04-20,147,6,634.1,170.625,1,1,1,0.0,exact_at_scalar_endpoint,recorded scalar endpoint schedule passed all nonlinear interval readbacks; zero observed gap is not a joint AC-set proof
2013-04-20,147,7,611.3,159.84375,1,1,1,0.0,exact_at_scalar_endpoint,recorded scalar endpoint schedule passed all nonlinear interval readbacks; zero observed gap is not a joint AC-set proof
2013-04-20,147,7,634.1,187.890625,1,1,1,0.0,exact_at_scalar_endpoint,recorded scalar endpoint schedule passed all nonlinear interval readbacks; zero observed gap is not a joint AC-set proof
2013-04-20,147,8,611.3,138.59375,1,1,1,0.0,exact_at_scalar_endpoint,recorded scalar endpoint schedule passed all nonlinear interval readbacks; zero observed gap is not a joint AC-set proof
2013-04-20,147,8,634.1,167.1875,1,1,1,0.0,exact_at_scalar_endpoint,recorded scalar endpoint schedule passed all nonlinear interval readbacks; zero observed gap is not a joint AC-set proof
2013-04-20,147,9,611.3,142.5,1,1,1,0.0,exact_at_scalar_endpoint,recorded scalar endpoint schedule passed all nonlinear interval readbacks; zero observed gap is not a joint AC-set proof
2013-04-20,147,9,634.1,168.90625,1,1,1,0.0,exact_at_scalar_endpoint,recorded scalar endpoint schedule passed all nonlinear interval readbacks; zero observed gap is not a joint AC-set proof
2013-04-21,148,0,611.3,151.171875,1,1,1,0.0,exact_at_scalar_endpoint,recorded scalar endpoint schedule passed all nonlinear interval readbacks; zero observed gap is not a joint AC-set proof
2013-04-21,148,0,634.1,172.890625,1,1,1,0.0,exact_at_scalar_endpoint,recorded scalar endpoint schedule passed all nonlinear interval readbacks; zero observed gap is not a joint AC-set proof
2013-04-21,148,1,611.3,115.234375,1,1,1,0.0,exact_at_scalar_endpoint,recorded scalar endpoint schedule passed all nonlinear interval readbacks; zero observed gap is not a joint AC-set proof
2013-04-21,148,1,634.1,126.40625,1,1,1,0.0,exact_at_scalar_endpoint,recorded scalar endpoint schedule passed all nonlinear interval readbacks; zero observed gap is not a joint AC-set proof
2013-04-21,148,2,611.3,139.84375,1,1,1,0.0,exact_at_scalar_endpoint,recorded scalar endpoint schedule passed all nonlinear interval readbacks; zero observed gap is not a joint AC-set proof
2013-04-21,148,2,634.1,150.15625,1,1,1,0.0,exact_at_scalar_endpoint,recorded scalar endpoint schedule passed all nonlinear interval readbacks; zero observed gap is not a joint AC-set proof
2013-04-21,148,3,611.3,125.3125,1,1,1,0.0,exact_at_scalar_endpoint,recorded scalar endpoint schedule passed all nonlinear interval readbacks; zero observed gap is not a joint AC-set proof
2013-04-21,148,3,634.1,138.75,1,1,1,0.0,exact_at_scalar_endpoint,recorded scalar endpoint schedule passed all nonlinear interval readbacks; zero observed gap is not a joint AC-set proof
2013-04-21,148,4,611.3,132.03125,1,1,1,0.0,exact_at_scalar_endpoint,recorded scalar endpoint schedule passed all nonlinear interval readbacks; zero observed gap is not a joint AC-set proof
2013-04-21,148,4,634.1,139.296875,1,1,1,0.0,exact_at_scalar_endpoint,recorded scalar endpoint schedule passed all nonlinear interval readbacks; zero observed gap is not a joint AC-set proof
2013-04-21,148,5,611.3,116.640625,1,1,1,0.0,exact_at_scalar_endpoint,recorded scalar endpoint schedule passed all nonlinear interval readbacks; zero observed gap is not a joint AC-set proof
2013-04-21,148,5,634.1,128.359375,1,1,1,0.0,exact_at_scalar_endpoint,recorded scalar endpoint schedule passed all nonlinear interval readbacks; zero observed gap is not a joint AC-set proof
2013-04-21,148,6,611.3,141.71875,1,1,1,0.0,exact_at_scalar_endpoint,recorded scalar endpoint schedule passed all nonlinear interval readbacks; zero observed gap is not a joint AC-set proof
2013-04-21,148,6,634.1,154.84375,1,1,1,0.0,exact_at_scalar_endpoint,recorded scalar endpoint schedule passed all nonlinear interval readbacks; zero observed gap is not a joint AC-set proof
2013-04-21,148,7,611.3,138.28125,1,1,1,0.0,exact_at_scalar_endpoint,recorded scalar endpoint schedule passed all nonlinear interval readbacks; zero observed gap is not a joint AC-set proof
2013-04-21,148,7,634.1,148.28125,1,1,1,0.0,exact_at_scalar_endpoint,recorded scalar endpoint schedule passed all nonlinear interval readbacks; zero observed gap is not a joint AC-set proof
2013-04-21,148,8,611.3,121.796875,1,1,1,0.0,exact_at_scalar_endpoint,recorded scalar endpoint schedule passed all nonlinear interval readbacks; zero observed gap is not a joint AC-set proof
2013-04-21,148,8,634.1,126.25,1,1,1,0.0,exact_at_scalar_endpoint,recorded scalar endpoint schedule passed all nonlinear interval readbacks; zero observed gap is not a joint AC-set proof
2013-04-21,148,9,611.3,151.5625,1,1,1,0.0,exact_at_scalar_endpoint,recorded scalar endpoint schedule passed all nonlinear interval readbacks; zero observed gap is not a joint AC-set proof
2013-04-21,148,9,634.1,165.078125,1,1,1,0.0,exact_at_scalar_endpoint,recorded scalar endpoint schedule passed all nonlinear interval readbacks; zero observed gap is not a joint AC-set proof
2013-04-22,149,0,611.3,129.6875,1,1,1,0.0,exact_at_scalar_endpoint,recorded scalar endpoint schedule passed all nonlinear interval readbacks; zero observed gap is not a joint AC-set proof
2013-04-22,149,0,634.1,130.0,1,1,1,0.0,exact_at_scalar_endpoint,recorded scalar endpoint schedule passed all nonlinear interval readbacks; zero observed gap is not a joint AC-set proof
2013-04-22,149,1,611.3,104.765625,1,1,1,0.0,exact_at_scalar_endpoint,recorded scalar endpoint schedule passed all nonlinear interval readbacks; zero observed gap is not a joint AC-set proof
2013-04-22,149,1,634.1,110.078125,1,1,1,0.0,exact_at_scalar_endpoint,recorded scalar endpoint schedule passed all nonlinear interval readbacks; zero observed gap is not a joint AC-set proof
2013-04-22,149,2,611.3,129.921875,1,1,1,0.0,exact_at_scalar_endpoint,recorded scalar endpoint schedule passed all nonlinear interval readbacks; zero observed gap is not a joint AC-set proof
2013-04-22,149,2,634.1,126.25,1,1,1,0.0,exact_at_scalar_endpoint,recorded scalar endpoint schedule passed all nonlinear interval readbacks; zero observed gap is not a joint AC-set proof
2013-04-22,149,3,611.3,107.578125,1,1,1,0.0,exact_at_scalar_endpoint,recorded scalar endpoint schedule passed all nonlinear interval readbacks; zero observed gap is not a joint AC-set proof
2013-04-22,149,3,634.1,111.328125,1,1,1,0.0,exact_at_scalar_endpoint,recorded scalar endpoint schedule passed all nonlinear interval readbacks; zero observed gap is not a joint AC-set proof
2013-04-22,149,4,611.3,94.140625,1,1,1,0.0,exact_at_scalar_endpoint,recorded scalar endpoint schedule passed all nonlinear interval readbacks; zero observed gap is not a joint AC-set proof
2013-04-22,149,4,634.1,97.578125,1,1,1,0.0,exact_at_scalar_endpoint,recorded scalar endpoint schedule passed all nonlinear interval readbacks; zero observed gap is not a joint AC-set proof
2013-04-22,149,5,611.3,101.015625,1,1,1,0.0,exact_at_scalar_endpoint,recorded scalar endpoint schedule passed all nonlinear interval readbacks; zero observed gap is not a joint AC-set proof
2013-04-22,149,5,634.1,102.34375,1,1,1,0.0,exact_at_scalar_endpoint,recorded scalar endpoint schedule passed all nonlinear interval readbacks; zero observed gap is not a joint AC-set proof
2013-04-22,149,6,611.3,113.203125,1,1,1,0.0,exact_at_scalar_endpoint,recorded scalar endpoint schedule passed all nonlinear interval readbacks; zero observed gap is not a joint AC-set proof
2013-04-22,149,6,634.1,125.234375,1,1,1,0.0,exact_at_scalar_endpoint,recorded scalar endpoint schedule passed all nonlinear interval readbacks; zero observed gap is not a joint AC-set proof
2013-04-22,149,7,611.3,118.671875,1,1,1,0.0,exact_at_scalar_endpoint,recorded scalar endpoint schedule passed all nonlinear interval readbacks; zero observed gap is not a joint AC-set proof
2013-04-22,149,7,634.1,127.03125,1,1,1,0.0,exact_at_scalar_endpoint,recorded scalar endpoint schedule passed all nonlinear interval readbacks; zero observed gap is not a joint AC-set proof
2013-04-22,149,8,611.3,123.90625,1,1,1,0.0,exact_at_scalar_endpoint,recorded scalar endpoint schedule passed all nonlinear interval readbacks; zero observed gap is not a joint AC-set proof
2013-04-22,149,8,634.1,123.515625,1,1,1,0.0,exact_at_scalar_endpoint,recorded scalar endpoint schedule passed all nonlinear interval readbacks; zero observed gap is not a joint AC-set proof
2013-04-22,149,9,611.3,131.640625,1,1,1,0.0,exact_at_scalar_endpoint,recorded scalar endpoint schedule passed all nonlinear interval readbacks; zero observed gap is not a joint AC-set proof
2013-04-22,149,9,634.1,132.109375,1,1,1,0.0,exact_at_scalar_endpoint,recorded scalar endpoint schedule passed all nonlinear interval readbacks; zero observed gap is not a joint AC-set proof
2013-04-23,150,0,611.3,103.203125,1,1,1,0.0,exact_at_scalar_endpoint,recorded scalar endpoint schedule passed all nonlinear interval readbacks; zero observed gap is not a joint AC-set proof
2013-04-23,150,0,634.1,108.125,1,1,1,0.0,exact_at_scalar_endpoint,recorded scalar endpoint schedule passed all nonlinear interval readbacks; zero observed gap is not a joint AC-set proof
2013-04-23,150,1,611.3,115.3125,1,1,1,0.0,exact_at_scalar_endpoint,recorded scalar endpoint schedule passed all nonlinear interval readbacks; zero observed gap is not a joint AC-set proof
2013-04-23,150,1,634.1,121.09375,1,1,1,0.0,exact_at_scalar_endpoint,recorded scalar endpoint schedule passed all nonlinear interval readbacks; zero observed gap is not a joint AC-set proof
2013-04-23,150,2,611.3,94.53125,1,1,1,0.0,exact_at_scalar_endpoint,recorded scalar endpoint schedule passed all nonlinear interval readbacks; zero observed gap is not a joint AC-set proof
2013-04-23,150,2,634.1,99.6875,1,1,1,0.0,exact_at_scalar_endpoint,recorded scalar endpoint schedule passed all nonlinear interval readbacks; zero observed gap is not a joint AC-set proof
2013-04-23,150,3,611.3,90.78125,1,1,1,0.0,exact_at_scalar_endpoint,recorded scalar endpoint schedule passed all nonlinear interval readbacks; zero observed gap is not a joint AC-set proof
2013-04-23,150,3,634.1,86.25,1,1,1,0.0,exact_at_scalar_endpoint,recorded scalar endpoint schedule passed all nonlinear interval readbacks; zero observed gap is not a joint AC-set proof
2013-04-23,150,4,611.3,108.515625,1,1,1,0.0,exact_at_scalar_endpoint,recorded scalar endpoint schedule passed all nonlinear interval readbacks; zero observed gap is not a joint AC-set proof
2013-04-23,150,4,634.1,112.734375,1,1,1,0.0,exact_at_scalar_endpoint,recorded scalar endpoint schedule passed all nonlinear interval readbacks; zero observed gap is not a joint AC-set proof
2013-04-23,150,5,611.3,87.8125,1,1,1,0.0,exact_at_scalar_endpoint,recorded scalar endpoint schedule passed all nonlinear interval readbacks; zero observed gap is not a joint AC-set proof
2013-04-23,150,5,634.1,88.28125,1,1,1,0.0,exact_at_scalar_endpoint,recorded scalar endpoint schedule passed all nonlinear interval readbacks; zero observed gap is not a joint AC-set proof
2013-04-23,150,6,611.3,120.46875,1,1,1,0.0,exact_at_scalar_endpoint,recorded scalar endpoint schedule passed all nonlinear interval readbacks; zero observed gap is not a joint AC-set proof
2013-04-23,150,6,634.1,126.875,1,1,1,0.0,exact_at_scalar_endpoint,recorded scalar endpoint schedule passed all nonlinear interval readbacks; zero observed gap is not a joint AC-set proof
2013-04-23,150,7,611.3,119.53125,1,1,1,0.0,exact_at_scalar_endpoint,recorded scalar endpoint schedule passed all nonlinear interval readbacks; zero observed gap is not a joint AC-set proof
2013-04-23,150,7,634.1,125.625,1,1,1,0.0,exact_at_scalar_endpoint,recorded scalar endpoint schedule passed all nonlinear interval readbacks; zero observed gap is not a joint AC-set proof
2013-04-23,150,8,611.3,141.796875,1,1,1,0.0,exact_at_scalar_endpoint,recorded scalar endpoint schedule passed all nonlinear interval readbacks; zero observed gap is not a joint AC-set proof
2013-04-23,150,8,634.1,140.46875,1,1,1,0.0,exact_at_scalar_endpoint,recorded scalar endpoint schedule passed all nonlinear interval readbacks; zero observed gap is not a joint AC-set proof
2013-04-23,150,9,611.3,115.625,1,1,1,0.0,exact_at_scalar_endpoint,recorded scalar endpoint schedule passed all nonlinear interval readbacks; zero observed gap is not a joint AC-set proof
2013-04-23,150,9,634.1,121.875,1,1,1,0.0,exact_at_scalar_endpoint,recorded scalar endpoint schedule passed all nonlinear interval readbacks; zero observed gap is not a joint AC-set proof
2013-04-24,151,0,611.3,110.78125,1,1,1,0.0,exact_at_scalar_endpoint,recorded scalar endpoint schedule passed all nonlinear interval readbacks; zero observed gap is not a joint AC-set proof
2013-04-24,151,0,634.1,112.96875,1,1,1,0.0,exact_at_scalar_endpoint,recorded scalar endpoint schedule passed all nonlinear interval readbacks; zero observed gap is not a joint AC-set proof
2013-04-24,151,1,611.3,111.71875,1,1,1,0.0,exact_at_scalar_endpoint,recorded scalar endpoint schedule passed all nonlinear interval readbacks; zero observed gap is not a joint AC-set proof
2013-04-24,151,1,634.1,117.8125,1,1,1,0.0,exact_at_scalar_endpoint,recorded scalar endpoint schedule passed all nonlinear interval readbacks; zero observed gap is not a joint AC-set proof
2013-04-24,151,2,611.3,101.328125,1,1,1,0.0,exact_at_scalar_endpoint,recorded scalar endpoint schedule passed all nonlinear interval readbacks; zero observed gap is not a joint AC-set proof
2013-04-24,151,2,634.1,98.203125,1,1,1,0.0,exact_at_scalar_endpoint,recorded scalar endpoint schedule passed all nonlinear interval readbacks; zero observed gap is not a joint AC-set proof
2013-04-24,151,3,611.3,92.109375,1,1,1,0.0,exact_at_scalar_endpoint,recorded scalar endpoint schedule passed all nonlinear interval readbacks; zero observed gap is not a joint AC-set proof
2013-04-24,151,3,634.1,86.09375,1,1,1,0.0,exact_at_scalar_endpoint,recorded scalar endpoint schedule passed all nonlinear interval readbacks; zero observed gap is not a joint AC-set proof
2013-04-24,151,4,611.3,98.90625,1,1,1,0.0,exact_at_scalar_endpoint,recorded scalar endpoint schedule passed all nonlinear interval readbacks; zero observed gap is not a joint AC-set proof
2013-04-24,151,4,634.1,100.0,1,1,1,0.0,exact_at_scalar_endpoint,recorded scalar endpoint schedule passed all nonlinear interval readbacks; zero observed gap is not a joint AC-set proof
2013-04-24,151,5,611.3,91.25,1,1,1,0.0,exact_at_scalar_endpoint,recorded scalar endpoint schedule passed all nonlinear interval readbacks; zero observed gap is not a joint AC-set proof
2013-04-24,151,5,634.1,95.078125,1,1,1,0.0,exact_at_scalar_endpoint,recorded scalar endpoint schedule passed all nonlinear interval readbacks; zero observed gap is not a joint AC-set proof
2013-04-24,151,6,611.3,106.875,1,1,1,0.0,exact_at_scalar_endpoint,recorded scalar endpoint schedule passed all nonlinear interval readbacks; zero observed gap is not a joint AC-set proof
2013-04-24,151,6,634.1,113.515625,1,1,1,0.0,exact_at_scalar_endpoint,recorded scalar endpoint schedule passed all nonlinear interval readbacks; zero observed gap is not a joint AC-set proof
2013-04-24,151,7,611.3,158.046875,1,1,1,0.0,exact_at_scalar_endpoint,recorded scalar endpoint schedule passed all nonlinear interval readbacks; zero observed gap is not a joint AC-set proof
2013-04-24,151,7,634.1,157.265625,1,1,1,0.0,exact_at_scalar_endpoint,recorded scalar endpoint schedule passed all nonlinear interval readbacks; zero observed gap is not a joint AC-set proof
2013-04-24,151,8,611.3,112.1875,1,1,1,0.0,exact_at_scalar_endpoint,recorded scalar endpoint schedule passed all nonlinear interval readbacks; zero observed gap is not a joint AC-set proof
2013-04-24,151,8,634.1,112.8125,1,1,1,0.0,exact_at_scalar_endpoint,recorded scalar endpoint schedule passed all nonlinear interval readbacks; zero observed gap is not a joint AC-set proof
2013-04-24,151,9,611.3,133.125,1,1,1,0.0,exact_at_scalar_endpoint,recorded scalar endpoint schedule passed all nonlinear interval readbacks; zero observed gap is not a joint AC-set proof
2013-04-24,151,9,634.1,132.34375,1,1,1,0.0,exact_at_scalar_endpoint,recorded scalar endpoint schedule passed all nonlinear interval readbacks; zero observed gap is not a joint AC-set proof
2013-04-25,152,0,611.3,111.953125,1,1,1,0.0,exact_at_scalar_endpoint,recorded scalar endpoint schedule passed all nonlinear interval readbacks; zero observed gap is not a joint AC-set proof
2013-04-25,152,0,634.1,118.046875,1,1,1,0.0,exact_at_scalar_endpoint,recorded scalar endpoint schedule passed all nonlinear interval readbacks; zero observed gap is not a joint AC-set proof
2013-04-25,152,1,611.3,123.28125,1,1,1,0.0,exact_at_scalar_endpoint,recorded scalar endpoint schedule passed all nonlinear interval readbacks; zero observed gap is not a joint AC-set proof
2013-04-25,152,1,634.1,128.28125,1,1,1,0.0,exact_at_scalar_endpoint,recorded scalar endpoint schedule passed all nonlinear interval readbacks; zero observed gap is not a joint AC-set proof
2013-04-25,152,2,611.3,137.1875,1,1,1,0.0,exact_at_scalar_endpoint,recorded scalar endpoint schedule passed all nonlinear interval readbacks; zero observed gap is not a joint AC-set proof
2013-04-25,152,2,634.1,134.375,1,1,1,0.0,exact_at_scalar_endpoint,recorded scalar endpoint schedule passed all nonlinear interval readbacks; zero observed gap is not a joint AC-set proof
2013-04-25,152,3,611.3,132.03125,1,1,1,0.0,exact_at_scalar_endpoint,recorded scalar endpoint schedule passed all nonlinear interval readbacks; zero observed gap is not a joint AC-set proof
2013-04-25,152,3,634.1,132.890625,1,1,1,0.0,exact_at_scalar_endpoint,recorded scalar endpoint schedule passed all nonlinear interval readbacks; zero observed gap is not a joint AC-set proof
2013-04-25,152,4,611.3,129.609375,1,1,1,0.0,exact_at_scalar_endpoint,recorded scalar endpoint schedule passed all nonlinear interval readbacks; zero observed gap is not a joint AC-set proof
2013-04-25,152,4,634.1,131.71875,1,1,1,0.0,exact_at_scalar_endpoint,recorded scalar endpoint schedule passed all nonlinear interval readbacks; zero observed gap is not a joint AC-set proof
2013-04-25,152,5,611.3,108.75,1,1,1,0.0,exact_at_scalar_endpoint,recorded scalar endpoint schedule passed all nonlinear interval readbacks; zero observed gap is not a joint AC-set proof
2013-04-25,152,5,634.1,115.15625,1,1,1,0.0,exact_at_scalar_endpoint,recorded scalar endpoint schedule passed all nonlinear interval readbacks; zero observed gap is not a joint AC-set proof
2013-04-25,152,6,611.3,120.703125,1,1,1,0.0,exact_at_scalar_endpoint,recorded scalar endpoint schedule passed all nonlinear interval readbacks; zero observed gap is not a joint AC-set proof
2013-04-25,152,6,634.1,128.90625,1,1,1,0.0,exact_at_scalar_endpoint,recorded scalar endpoint schedule passed all nonlinear interval readbacks; zero observed gap is not a joint AC-set proof
2013-04-25,152,7,611.3,139.21875,1,1,1,0.0,exact_at_scalar_endpoint,recorded scalar endpoint schedule passed all nonlinear interval readbacks; zero observed gap is not a joint AC-set proof
2013-04-25,152,7,634.1,146.40625,1,1,1,0.0,exact_at_scalar_endpoint,recorded scalar endpoint schedule passed all nonlinear interval readbacks; zero observed gap is not a joint AC-set proof
2013-04-25,152,8,611.3,142.578125,1,1,1,0.0,exact_at_scalar_endpoint,recorded scalar endpoint schedule passed all nonlinear interval readbacks; zero observed gap is not a joint AC-set proof
2013-04-25,152,8,634.1,141.5625,1,1,1,0.0,exact_at_scalar_endpoint,recorded scalar endpoint schedule passed all nonlinear interval readbacks; zero observed gap is not a joint AC-set proof
2013-04-25,152,9,611.3,110.46875,1,1,1,0.0,exact_at_scalar_endpoint,recorded scalar endpoint schedule passed all nonlinear interval readbacks; zero observed gap is not a joint AC-set proof
2013-04-25,152,9,634.1,113.359375,1,1,1,0.0,exact_at_scalar_endpoint,recorded scalar endpoint schedule passed all nonlinear interval readbacks; zero observed gap is not a joint AC-set proof
2013-04-26,153,0,611.3,97.96875,1,1,1,0.0,exact_at_scalar_endpoint,recorded scalar endpoint schedule passed all nonlinear interval readbacks; zero observed gap is not a joint AC-set proof
2013-04-26,153,0,634.1,105.3125,1,1,1,0.0,exact_at_scalar_endpoint,recorded scalar endpoint schedule passed all nonlinear interval readbacks; zero observed gap is not a joint AC-set proof
2013-04-26,153,1,611.3,109.765625,1,1,1,0.0,exact_at_scalar_endpoint,recorded scalar endpoint schedule passed all nonlinear interval readbacks; zero observed gap is not a joint AC-set proof
2013-04-26,153,1,634.1,115.9375,1,1,1,0.0,exact_at_scalar_endpoint,recorded scalar endpoint schedule passed all nonlinear interval readbacks; zero observed gap is not a joint AC-set proof
2013-04-26,153,2,611.3,101.953125,1,1,1,0.0,exact_at_scalar_endpoint,recorded scalar endpoint schedule passed all nonlinear interval readbacks; zero observed gap is not a joint AC-set proof
2013-04-26,153,2,634.1,100.0,1,1,1,0.0,exact_at_scalar_endpoint,recorded scalar endpoint schedule passed all nonlinear interval readbacks; zero observed gap is not a joint AC-set proof
2013-04-26,153,3,611.3,102.734375,1,1,1,0.0,exact_at_scalar_endpoint,recorded scalar endpoint schedule passed all nonlinear interval readbacks; zero observed gap is not a joint AC-set proof
2013-04-26,153,3,634.1,100.234375,1,1,1,0.0,exact_at_scalar_endpoint,recorded scalar endpoint schedule passed all nonlinear interval readbacks; zero observed gap is not a joint AC-set proof
2013-04-26,153,4,611.3,104.375,1,1,1,0.0,exact_at_scalar_endpoint,recorded scalar endpoint schedule passed all nonlinear interval readbacks; zero observed gap is not a joint AC-set proof
2013-04-26,153,4,634.1,110.546875,1,1,1,0.0,exact_at_scalar_endpoint,recorded scalar endpoint schedule passed all nonlinear interval readbacks; zero observed gap is not a joint AC-set proof
2013-04-26,153,5,611.3,83.046875,1,1,1,0.0,exact_at_scalar_endpoint,recorded scalar endpoint schedule passed all nonlinear interval readbacks; zero observed gap is not a joint AC-set proof
2013-04-26,153,5,634.1,82.1875,1,1,1,0.0,exact_at_scalar_endpoint,recorded scalar endpoint schedule passed all nonlinear interval readbacks; zero observed gap is not a joint AC-set proof
2013-04-26,153,6,611.3,105.546875,1,1,1,0.0,exact_at_scalar_endpoint,recorded scalar endpoint schedule passed all nonlinear interval readbacks; zero observed gap is not a joint AC-set proof
2013-04-26,153,6,634.1,113.359375,1,1,1,0.0,exact_at_scalar_endpoint,recorded scalar endpoint schedule passed all nonlinear interval readbacks; zero observed gap is not a joint AC-set proof
2013-04-26,153,7,611.3,124.140625,1,1,1,0.0,exact_at_scalar_endpoint,recorded scalar endpoint schedule passed all nonlinear interval readbacks; zero observed gap is not a joint AC-set proof
2013-04-26,153,7,634.1,128.4375,1,1,1,0.0,exact_at_scalar_endpoint,recorded scalar endpoint schedule passed all nonlinear interval readbacks; zero observed gap is not a joint AC-set proof
2013-04-26,153,8,611.3,108.671875,1,1,1,0.0,exact_at_scalar_endpoint,recorded scalar endpoint schedule passed all nonlinear interval readbacks; zero observed gap is not a joint AC-set proof
2013-04-26,153,8,634.1,115.3125,1,1,1,0.0,exact_at_scalar_endpoint,recorded scalar endpoint schedule passed all nonlinear interval readbacks; zero observed gap is not a joint AC-set proof
2013-04-26,153,9,611.3,120.390625,1,1,1,0.0,exact_at_scalar_endpoint,recorded scalar endpoint schedule passed all nonlinear interval readbacks; zero observed gap is not a joint AC-set proof
2013-04-26,153,9,634.1,121.328125,1,1,1,0.0,exact_at_scalar_endpoint,recorded scalar endpoint schedule passed all nonlinear interval readbacks; zero observed gap is not a joint AC-set proof
2013-04-27,154,0,611.3,115.3125,1,1,1,0.0,exact_at_scalar_endpoint,recorded scalar endpoint schedule passed all nonlinear interval readbacks; zero observed gap is not a joint AC-set proof
2013-04-27,154,0,634.1,121.796875,1,1,1,0.0,exact_at_scalar_endpoint,recorded scalar endpoint schedule passed all nonlinear interval readbacks; zero observed gap is not a joint AC-set proof
2013-04-27,154,1,611.3,123.203125,1,1,1,0.0,exact_at_scalar_endpoint,recorded scalar endpoint schedule passed all nonlinear interval readbacks; zero observed gap is not a joint AC-set proof
2013-04-27,154,1,634.1,127.34375,1,1,1,0.0,exact_at_scalar_endpoint,recorded scalar endpoint schedule passed all nonlinear interval readbacks; zero observed gap is not a joint AC-set proof
2013-04-27,154,2,611.3,129.453125,1,1,1,0.0,exact_at_scalar_endpoint,recorded scalar endpoint schedule passed all nonlinear interval readbacks; zero observed gap is not a joint AC-set proof
2013-04-27,154,2,634.1,128.90625,1,1,1,0.0,exact_at_scalar_endpoint,recorded scalar endpoint schedule passed all nonlinear interval readbacks; zero observed gap is not a joint AC-set proof
2013-04-27,154,3,611.3,122.421875,1,1,1,0.0,exact_at_scalar_endpoint,recorded scalar endpoint schedule passed all nonlinear interval readbacks; zero observed gap is not a joint AC-set proof
2013-04-27,154,3,634.1,123.90625,1,1,1,0.0,exact_at_scalar_endpoint,recorded scalar endpoint schedule passed all nonlinear interval readbacks; zero observed gap is not a joint AC-set proof
2013-04-27,154,4,611.3,117.03125,1,1,1,0.0,exact_at_scalar_endpoint,recorded scalar endpoint schedule passed all nonlinear interval readbacks; zero observed gap is not a joint AC-set proof
2013-04-27,154,4,634.1,123.28125,1,1,1,0.0,exact_at_scalar_endpoint,recorded scalar endpoint schedule passed all nonlinear interval readbacks; zero observed gap is not a joint AC-set proof
2013-04-27,154,5,611.3,78.59375,1,1,1,0.0,exact_at_scalar_endpoint,recorded scalar endpoint schedule passed all nonlinear interval readbacks; zero observed gap is not a joint AC-set proof
2013-04-27,154,5,634.1,77.734375,1,1,1,0.0,exact_at_scalar_endpoint,recorded scalar endpoint schedule passed all nonlinear interval readbacks; zero observed gap is not a joint AC-set proof
2013-04-27,154,6,611.3,122.96875,1,1,1,0.0,exact_at_scalar_endpoint,recorded scalar endpoint schedule passed all nonlinear interval readbacks; zero observed gap is not a joint AC-set proof
2013-04-27,154,6,634.1,129.921875,1,1,1,0.0,exact_at_scalar_endpoint,recorded scalar endpoint schedule passed all nonlinear interval readbacks; zero observed gap is not a joint AC-set proof
2013-04-27,154,7,611.3,154.765625,1,1,1,0.0,exact_at_scalar_endpoint,recorded scalar endpoint schedule passed all nonlinear interval readbacks; zero observed gap is not a joint AC-set proof
2013-04-27,154,7,634.1,166.640625,1,1,1,0.0,exact_at_scalar_endpoint,recorded scalar endpoint schedule passed all nonlinear interval readbacks; zero observed gap is not a joint AC-set proof
2013-04-27,154,8,611.3,117.890625,1,1,1,0.0,exact_at_scalar_endpoint,recorded scalar endpoint schedule passed all nonlinear interval readbacks; zero observed gap is not a joint AC-set proof
2013-04-27,154,8,634.1,120.390625,1,1,1,0.0,exact_at_scalar_endpoint,recorded scalar endpoint schedule passed all nonlinear interval readbacks; zero observed gap is not a joint AC-set proof
2013-04-27,154,9,611.3,103.75,1,1,1,0.0,exact_at_scalar_endpoint,recorded scalar endpoint schedule passed all nonlinear interval readbacks; zero observed gap is not a joint AC-set proof
2013-04-27,154,9,634.1,107.109375,1,1,1,0.0,exact_at_scalar_endpoint,recorded scalar endpoint schedule passed all nonlinear interval readbacks; zero observed gap is not a joint AC-set proof
2013-04-28,155,0,611.3,127.03125,1,1,1,0.0,exact_at_scalar_endpoint,recorded scalar endpoint schedule passed all nonlinear interval readbacks; zero observed gap is not a joint AC-set proof
2013-04-28,155,0,634.1,129.375,1,1,1,0.0,exact_at_scalar_endpoint,recorded scalar endpoint schedule passed all nonlinear interval readbacks; zero observed gap is not a joint AC-set proof
2013-04-28,155,1,611.3,134.0625,1,1,1,0.0,exact_at_scalar_endpoint,recorded scalar endpoint schedule passed all nonlinear interval readbacks; zero observed gap is not a joint AC-set proof
2013-04-28,155,1,634.1,139.6875,1,1,1,0.0,exact_at_scalar_endpoint,recorded scalar endpoint schedule passed all nonlinear interval readbacks; zero observed gap is not a joint AC-set proof
2013-04-28,155,2,611.3,139.921875,1,1,1,0.0,exact_at_scalar_endpoint,recorded scalar endpoint schedule passed all nonlinear interval readbacks; zero observed gap is not a joint AC-set proof
2013-04-28,155,2,634.1,138.515625,1,1,1,0.0,exact_at_scalar_endpoint,recorded scalar endpoint schedule passed all nonlinear interval readbacks; zero observed gap is not a joint AC-set proof
2013-04-28,155,3,611.3,104.84375,1,1,1,0.0,exact_at_scalar_endpoint,recorded scalar endpoint schedule passed all nonlinear interval readbacks; zero observed gap is not a joint AC-set proof
2013-04-28,155,3,634.1,110.234375,1,1,1,0.0,exact_at_scalar_endpoint,recorded scalar endpoint schedule passed all nonlinear interval readbacks; zero observed gap is not a joint AC-set proof
2013-04-28,155,4,611.3,118.984375,1,1,1,0.0,exact_at_scalar_endpoint,recorded scalar endpoint schedule passed all nonlinear interval readbacks; zero observed gap is not a joint AC-set proof
2013-04-28,155,4,634.1,122.265625,1,1,1,0.0,exact_at_scalar_endpoint,recorded scalar endpoint schedule passed all nonlinear interval readbacks; zero observed gap is not a joint AC-set proof
2013-04-28,155,5,611.3,100.46875,1,1,1,0.0,exact_at_scalar_endpoint,recorded scalar endpoint schedule passed all nonlinear interval readbacks; zero observed gap is not a joint AC-set proof
2013-04-28,155,5,634.1,103.90625,1,1,1,0.0,exact_at_scalar_endpoint,recorded scalar endpoint schedule passed all nonlinear interval readbacks; zero observed gap is not a joint AC-set proof
2013-04-28,155,6,611.3,116.796875,1,1,1,0.0,exact_at_scalar_endpoint,recorded scalar endpoint schedule passed all nonlinear interval readbacks; zero observed gap is not a joint AC-set proof
2013-04-28,155,6,634.1,124.0625,1,1,1,0.0,exact_at_scalar_endpoint,recorded scalar endpoint schedule passed all nonlinear interval readbacks; zero observed gap is not a joint AC-set proof
2013-04-28,155,7,611.3,136.40625,1,1,1,0.0,exact_at_scalar_endpoint,recorded scalar endpoint schedule passed all nonlinear interval readbacks; zero observed gap is not a joint AC-set proof
2013-04-28,155,7,634.1,143.75,1,1,1,0.0,exact_at_scalar_endpoint,recorded scalar endpoint schedule passed all nonlinear interval readbacks; zero observed gap is not a joint AC-set proof
2013-04-28,155,8,611.3,136.5625,1,1,1,0.0,exact_at_scalar_endpoint,recorded scalar endpoint schedule passed all nonlinear interval readbacks; zero observed gap is not a joint AC-set proof
2013-04-28,155,8,634.1,139.609375,1,1,1,0.0,exact_at_scalar_endpoint,recorded scalar endpoint schedule passed all nonlinear interval readbacks; zero observed gap is not a joint AC-set proof
2013-04-28,155,9,611.3,139.921875,1,1,1,0.0,exact_at_scalar_endpoint,recorded scalar endpoint schedule passed all nonlinear interval readbacks; zero observed gap is not a joint AC-set proof
2013-04-28,155,9,634.1,140.546875,1,1,1,0.0,exact_at_scalar_endpoint,recorded scalar endpoint schedule passed all nonlinear interval readbacks; zero observed gap is not a joint AC-set proof
2013-04-29,156,0,611.3,112.734375,1,1,1,0.0,exact_at_scalar_endpoint,recorded scalar endpoint schedule passed all nonlinear interval readbacks; zero observed gap is not a joint AC-set proof
2013-04-29,156,0,634.1,118.515625,1,1,1,0.0,exact_at_scalar_endpoint,recorded scalar endpoint schedule passed all nonlinear interval readbacks; zero observed gap is not a joint AC-set proof
2013-04-29,156,1,611.3,125.234375,1,1,1,0.0,exact_at_scalar_endpoint,recorded scalar endpoint schedule passed all nonlinear interval readbacks; zero observed gap is not a joint AC-set proof
2013-04-29,156,1,634.1,129.921875,1,1,1,0.0,exact_at_scalar_endpoint,recorded scalar endpoint schedule passed all nonlinear interval readbacks; zero observed gap is not a joint AC-set proof
2013-04-29,156,2,611.3,123.59375,1,1,1,0.0,exact_at_scalar_endpoint,recorded scalar endpoint schedule passed all nonlinear interval readbacks; zero observed gap is not a joint AC-set proof
2013-04-29,156,2,634.1,129.53125,1,1,1,0.0,exact_at_scalar_endpoint,recorded scalar endpoint schedule passed all nonlinear interval readbacks; zero observed gap is not a joint AC-set proof
2013-04-29,156,3,611.3,92.734375,1,1,1,0.0,exact_at_scalar_endpoint,recorded scalar endpoint schedule passed all nonlinear interval readbacks; zero observed gap is not a joint AC-set proof
2013-04-29,156,3,634.1,93.75,1,1,1,0.0,exact_at_scalar_endpoint,recorded scalar endpoint schedule passed all nonlinear interval readbacks; zero observed gap is not a joint AC-set proof
2013-04-29,156,4,611.3,102.265625,1,1,1,0.0,exact_at_scalar_endpoint,recorded scalar endpoint schedule passed all nonlinear interval readbacks; zero observed gap is not a joint AC-set proof
2013-04-29,156,4,634.1,109.609375,1,1,1,0.0,exact_at_scalar_endpoint,recorded scalar endpoint schedule passed all nonlinear interval readbacks; zero observed gap is not a joint AC-set proof
2013-04-29,156,5,611.3,89.453125,1,1,1,0.0,exact_at_scalar_endpoint,recorded scalar endpoint schedule passed all nonlinear interval readbacks; zero observed gap is not a joint AC-set proof
2013-04-29,156,5,634.1,93.125,1,1,1,0.0,exact_at_scalar_endpoint,recorded scalar endpoint schedule passed all nonlinear interval readbacks; zero observed gap is not a joint AC-set proof
2013-04-29,156,6,611.3,120.703125,1,1,1,0.0,exact_at_scalar_endpoint,recorded scalar endpoint schedule passed all nonlinear interval readbacks; zero observed gap is not a joint AC-set proof
2013-04-29,156,6,634.1,129.140625,1,1,1,0.0,exact_at_scalar_endpoint,recorded scalar endpoint schedule passed all nonlinear interval readbacks; zero observed gap is not a joint AC-set proof
2013-04-29,156,7,611.3,120.234375,1,1,1,0.0,exact_at_scalar_endpoint,recorded scalar endpoint schedule passed all nonlinear interval readbacks; zero observed gap is not a joint AC-set proof
2013-04-29,156,7,634.1,128.59375,1,1,1,0.0,exact_at_scalar_endpoint,recorded scalar endpoint schedule passed all nonlinear interval readbacks; zero observed gap is not a joint AC-set proof
2013-04-29,156,8,611.3,114.609375,1,1,1,0.0,exact_at_scalar_endpoint,recorded scalar endpoint schedule passed all nonlinear interval readbacks; zero observed gap is not a joint AC-set proof
2013-04-29,156,8,634.1,118.90625,1,1,1,0.0,exact_at_scalar_endpoint,recorded scalar endpoint schedule passed all nonlinear interval readbacks; zero observed gap is not a joint AC-set proof
2013-04-29,156,9,611.3,125.390625,1,1,1,0.0,exact_at_scalar_endpoint,recorded scalar endpoint schedule passed all nonlinear interval readbacks; zero observed gap is not a joint AC-set proof
2013-04-29,156,9,634.1,128.046875,1,1,1,0.0,exact_at_scalar_endpoint,recorded scalar endpoint schedule passed all nonlinear interval readbacks; zero observed gap is not a joint AC-set proof
2013-04-30,157,0,611.3,120.78125,1,1,1,0.0,exact_at_scalar_endpoint,recorded scalar endpoint schedule passed all nonlinear interval readbacks; zero observed gap is not a joint AC-set proof
2013-04-30,157,0,634.1,133.046875,1,1,1,0.0,exact_at_scalar_endpoint,recorded scalar endpoint schedule passed all nonlinear interval readbacks; zero observed gap is not a joint AC-set proof
2013-04-30,157,1,611.3,129.21875,1,1,1,0.0,exact_at_scalar_endpoint,recorded scalar endpoint schedule passed all nonlinear interval readbacks; zero observed gap is not a joint AC-set proof
2013-04-30,157,1,634.1,146.09375,1,1,1,0.0,exact_at_scalar_endpoint,recorded scalar endpoint schedule passed all nonlinear interval readbacks; zero observed gap is not a joint AC-set proof
2013-04-30,157,2,611.3,131.328125,1,1,1,0.0,exact_at_scalar_endpoint,recorded scalar endpoint schedule passed all nonlinear interval readbacks; zero observed gap is not a joint AC-set proof
2013-04-30,157,2,634.1,142.578125,1,1,1,0.0,exact_at_scalar_endpoint,recorded scalar endpoint schedule passed all nonlinear interval readbacks; zero observed gap is not a joint AC-set proof
2013-04-30,157,3,611.3,115.15625,1,1,1,0.0,exact_at_scalar_endpoint,recorded scalar endpoint schedule passed all nonlinear interval readbacks; zero observed gap is not a joint AC-set proof
2013-04-30,157,3,634.1,127.34375,1,1,1,0.0,exact_at_scalar_endpoint,recorded scalar endpoint schedule passed all nonlinear interval readbacks; zero observed gap is not a joint AC-set proof
2013-04-30,157,4,611.3,102.8125,1,1,1,0.0,exact_at_scalar_endpoint,recorded scalar endpoint schedule passed all nonlinear interval readbacks; zero observed gap is not a joint AC-set proof
2013-04-30,157,4,634.1,120.0,1,1,1,0.0,exact_at_scalar_endpoint,recorded scalar endpoint schedule passed all nonlinear interval readbacks; zero observed gap is not a joint AC-set proof
2013-04-30,157,5,611.3,115.3125,1,1,1,0.0,exact_at_scalar_endpoint,recorded scalar endpoint schedule passed all nonlinear interval readbacks; zero observed gap is not a joint AC-set proof
2013-04-30,157,5,634.1,132.109375,1,1,1,0.0,exact_at_scalar_endpoint,recorded scalar endpoint schedule passed all nonlinear interval readbacks; zero observed gap is not a joint AC-set proof
2013-04-30,157,6,611.3,141.09375,1,1,1,0.0,exact_at_scalar_endpoint,recorded scalar endpoint schedule passed all nonlinear interval readbacks; zero observed gap is not a joint AC-set proof
2013-04-30,157,6,634.1,155.390625,1,1,1,0.0,exact_at_scalar_endpoint,recorded scalar endpoint schedule passed all nonlinear interval readbacks; zero observed gap is not a joint AC-set proof
2013-04-30,157,7,611.3,115.15625,1,1,1,0.0,exact_at_scalar_endpoint,recorded scalar endpoint schedule passed all nonlinear interval readbacks; zero observed gap is not a joint AC-set proof
2013-04-30,157,7,634.1,127.8125,1,1,1,0.0,exact_at_scalar_endpoint,recorded scalar endpoint schedule passed all nonlinear interval readbacks; zero observed gap is not a joint AC-set proof
2013-04-30,157,8,611.3,114.21875,1,1,1,0.0,exact_at_scalar_endpoint,recorded scalar endpoint schedule passed all nonlinear interval readbacks; zero observed gap is not a joint AC-set proof
2013-04-30,157,8,634.1,124.140625,1,1,1,0.0,exact_at_scalar_endpoint,recorded scalar endpoint schedule passed all nonlinear interval readbacks; zero observed gap is not a joint AC-set proof
2013-04-30,157,9,611.3,154.21875,1,1,1,0.0,exact_at_scalar_endpoint,recorded scalar endpoint schedule passed all nonlinear interval readbacks; zero observed gap is not a joint AC-set proof
2013-04-30,157,9,634.1,164.53125,1,1,1,0.0,exact_at_scalar_endpoint,recorded scalar endpoint schedule passed all nonlinear interval readbacks; zero observed gap is not a joint AC-set proof
2013-05-01,158,0,611.3,114.375,1,1,1,0.0,exact_at_scalar_endpoint,recorded scalar endpoint schedule passed all nonlinear interval readbacks; zero observed gap is not a joint AC-set proof
2013-05-01,158,0,634.1,122.578125,1,1,1,0.0,exact_at_scalar_endpoint,recorded scalar endpoint schedule passed all nonlinear interval readbacks; zero observed gap is not a joint AC-set proof
2013-05-01,158,1,611.3,102.03125,1,1,1,0.0,exact_at_scalar_endpoint,recorded scalar endpoint schedule passed all nonlinear interval readbacks; zero observed gap is not a joint AC-set proof
2013-05-01,158,1,634.1,110.625,1,1,1,0.0,exact_at_scalar_endpoint,recorded scalar endpoint schedule passed all nonlinear interval readbacks; zero observed gap is not a joint AC-set proof
2013-05-01,158,2,611.3,107.890625,1,1,1,0.0,exact_at_scalar_endpoint,recorded scalar endpoint schedule passed all nonlinear interval readbacks; zero observed gap is not a joint AC-set proof
2013-05-01,158,2,634.1,116.171875,1,1,1,0.0,exact_at_scalar_endpoint,recorded scalar endpoint schedule passed all nonlinear interval readbacks; zero observed gap is not a joint AC-set proof
2013-05-01,158,3,611.3,112.109375,1,1,1,0.0,exact_at_scalar_endpoint,recorded scalar endpoint schedule passed all nonlinear interval readbacks; zero observed gap is not a joint AC-set proof
2013-05-01,158,3,634.1,116.171875,1,1,1,0.0,exact_at_scalar_endpoint,recorded scalar endpoint schedule passed all nonlinear interval readbacks; zero observed gap is not a joint AC-set proof
2013-05-01,158,4,611.3,83.75,1,1,1,0.0,exact_at_scalar_endpoint,recorded scalar endpoint schedule passed all nonlinear interval readbacks; zero observed gap is not a joint AC-set proof
2013-05-01,158,4,634.1,88.59375,1,1,1,0.0,exact_at_scalar_endpoint,recorded scalar endpoint schedule passed all nonlinear interval readbacks; zero observed gap is not a joint AC-set proof
2013-05-01,158,5,611.3,96.171875,1,1,1,0.0,exact_at_scalar_endpoint,recorded scalar endpoint schedule passed all nonlinear interval readbacks; zero observed gap is not a joint AC-set proof
2013-05-01,158,5,634.1,106.09375,1,1,1,0.0,exact_at_scalar_endpoint,recorded scalar endpoint schedule passed all nonlinear interval readbacks; zero observed gap is not a joint AC-set proof
2013-05-01,158,6,611.3,104.21875,1,1,1,0.0,exact_at_scalar_endpoint,recorded scalar endpoint schedule passed all nonlinear interval readbacks; zero observed gap is not a joint AC-set proof
2013-05-01,158,6,634.1,114.921875,1,1,1,0.0,exact_at_scalar_endpoint,recorded scalar endpoint schedule passed all nonlinear interval readbacks; zero observed gap is not a joint AC-set proof
2013-05-01,158,7,611.3,108.515625,1,1,1,0.0,exact_at_scalar_endpoint,recorded scalar endpoint schedule passed all nonlinear interval readbacks; zero observed gap is not a joint AC-set proof
2013-05-01,158,7,634.1,121.796875,1,1,1,0.0,exact_at_scalar_endpoint,recorded scalar endpoint schedule passed all nonlinear interval readbacks; zero observed gap is not a joint AC-set proof
2013-05-01,158,8,611.3,107.421875,1,1,1,0.0,exact_at_scalar_endpoint,recorded scalar endpoint schedule passed all nonlinear interval readbacks; zero observed gap is not a joint AC-set proof
2013-05-01,158,8,634.1,116.40625,1,1,1,0.0,exact_at_scalar_endpoint,recorded scalar endpoint schedule passed all nonlinear interval readbacks; zero observed gap is not a joint AC-set proof
2013-05-01,158,9,611.3,120.390625,1,1,1,0.0,exact_at_scalar_endpoint,recorded scalar endpoint schedule passed all nonlinear interval readbacks; zero observed gap is not a joint AC-set proof
2013-05-01,158,9,634.1,127.8125,1,1,1,0.0,exact_at_scalar_endpoint,recorded scalar endpoint schedule passed all nonlinear interval readbacks; zero observed gap is not a joint AC-set proof
2013-05-02,159,0,611.3,101.5625,1,1,1,0.0,exact_at_scalar_endpoint,recorded scalar endpoint schedule passed all nonlinear interval readbacks; zero observed gap is not a joint AC-set proof
2013-05-02,159,0,634.1,109.140625,1,1,1,0.0,exact_at_scalar_endpoint,recorded scalar endpoint schedule passed all nonlinear interval readbacks; zero observed gap is not a joint AC-set proof
2013-05-02,159,1,611.3,116.015625,1,1,1,0.0,exact_at_scalar_endpoint,recorded scalar endpoint schedule passed all nonlinear interval readbacks; zero observed gap is not a joint AC-set proof
2013-05-02,159,1,634.1,125.234375,1,1,1,0.0,exact_at_scalar_endpoint,recorded scalar endpoint schedule passed all nonlinear interval readbacks; zero observed gap is not a joint AC-set proof
2013-05-02,159,2,611.3,108.203125,1,1,1,0.0,exact_at_scalar_endpoint,recorded scalar endpoint schedule passed all nonlinear interval readbacks; zero observed gap is not a joint AC-set proof
2013-05-02,159,2,634.1,108.4375,1,1,1,0.0,exact_at_scalar_endpoint,recorded scalar endpoint schedule passed all nonlinear interval readbacks; zero observed gap is not a joint AC-set proof
2013-05-02,159,3,611.3,90.546875,1,1,1,0.0,exact_at_scalar_endpoint,recorded scalar endpoint schedule passed all nonlinear interval readbacks; zero observed gap is not a joint AC-set proof
2013-05-02,159,3,634.1,90.9375,1,1,1,0.0,exact_at_scalar_endpoint,recorded scalar endpoint schedule passed all nonlinear interval readbacks; zero observed gap is not a joint AC-set proof
2013-05-02,159,4,611.3,86.171875,1,1,1,0.0,exact_at_scalar_endpoint,recorded scalar endpoint schedule passed all nonlinear interval readbacks; zero observed gap is not a joint AC-set proof
2013-05-02,159,4,634.1,95.78125,1,1,1,0.0,exact_at_scalar_endpoint,recorded scalar endpoint schedule passed all nonlinear interval readbacks; zero observed gap is not a joint AC-set proof
2013-05-02,159,5,611.3,102.109375,1,1,1,0.0,exact_at_scalar_endpoint,recorded scalar endpoint schedule passed all nonlinear interval readbacks; zero observed gap is not a joint AC-set proof
2013-05-02,159,5,634.1,109.6875,1,1,1,0.0,exact_at_scalar_endpoint,recorded scalar endpoint schedule passed all nonlinear interval readbacks; zero observed gap is not a joint AC-set proof
2013-05-02,159,6,611.3,104.765625,1,1,1,0.0,exact_at_scalar_endpoint,recorded scalar endpoint schedule passed all nonlinear interval readbacks; zero observed gap is not a joint AC-set proof
2013-05-02,159,6,634.1,115.78125,1,1,1,0.0,exact_at_scalar_endpoint,recorded scalar endpoint schedule passed all nonlinear interval readbacks; zero observed gap is not a joint AC-set proof
2013-05-02,159,7,611.3,108.90625,1,1,1,0.0,exact_at_scalar_endpoint,recorded scalar endpoint schedule passed all nonlinear interval readbacks; zero observed gap is not a joint AC-set proof
2013-05-02,159,7,634.1,117.578125,1,1,1,0.0,exact_at_scalar_endpoint,recorded scalar endpoint schedule passed all nonlinear interval readbacks; zero observed gap is not a joint AC-set proof
2013-05-02,159,8,611.3,116.953125,1,1,1,0.0,exact_at_scalar_endpoint,recorded scalar endpoint schedule passed all nonlinear interval readbacks; zero observed gap is not a joint AC-set proof
2013-05-02,159,8,634.1,120.9375,1,1,1,0.0,exact_at_scalar_endpoint,recorded scalar endpoint schedule passed all nonlinear interval readbacks; zero observed gap is not a joint AC-set proof
2013-05-02,159,9,611.3,120.3125,1,1,1,0.0,exact_at_scalar_endpoint,recorded scalar endpoint schedule passed all nonlinear interval readbacks; zero observed gap is not a joint AC-set proof
2013-05-02,159,9,634.1,131.171875,1,1,1,0.0,exact_at_scalar_endpoint,recorded scalar endpoint schedule passed all nonlinear interval readbacks; zero observed gap is not a joint AC-set proof
2013-05-03,160,0,611.3,103.046875,1,1,1,0.0,exact_at_scalar_endpoint,recorded scalar endpoint schedule passed all nonlinear interval readbacks; zero observed gap is not a joint AC-set proof
2013-05-03,160,0,634.1,113.90625,1,1,1,0.0,exact_at_scalar_endpoint,recorded scalar endpoint schedule passed all nonlinear interval readbacks; zero observed gap is not a joint AC-set proof
2013-05-03,160,1,611.3,117.8125,1,1,1,0.0,exact_at_scalar_endpoint,recorded scalar endpoint schedule passed all nonlinear interval readbacks; zero observed gap is not a joint AC-set proof
2013-05-03,160,1,634.1,121.796875,1,1,1,0.0,exact_at_scalar_endpoint,recorded scalar endpoint schedule passed all nonlinear interval readbacks; zero observed gap is not a joint AC-set proof
2013-05-03,160,2,611.3,115.78125,1,1,1,0.0,exact_at_scalar_endpoint,recorded scalar endpoint schedule passed all nonlinear interval readbacks; zero observed gap is not a joint AC-set proof
2013-05-03,160,2,634.1,116.5625,1,1,1,0.0,exact_at_scalar_endpoint,recorded scalar endpoint schedule passed all nonlinear interval readbacks; zero observed gap is not a joint AC-set proof
2013-05-03,160,3,611.3,111.796875,1,1,1,0.0,exact_at_scalar_endpoint,recorded scalar endpoint schedule passed all nonlinear interval readbacks; zero observed gap is not a joint AC-set proof
2013-05-03,160,3,634.1,119.6875,1,1,1,0.0,exact_at_scalar_endpoint,recorded scalar endpoint schedule passed all nonlinear interval readbacks; zero observed gap is not a joint AC-set proof
2013-05-03,160,4,611.3,100.3125,1,1,1,0.0,exact_at_scalar_endpoint,recorded scalar endpoint schedule passed all nonlinear interval readbacks; zero observed gap is not a joint AC-set proof
2013-05-03,160,4,634.1,106.71875,1,1,1,0.0,exact_at_scalar_endpoint,recorded scalar endpoint schedule passed all nonlinear interval readbacks; zero observed gap is not a joint AC-set proof
2013-05-03,160,5,611.3,81.953125,1,1,1,0.0,exact_at_scalar_endpoint,recorded scalar endpoint schedule passed all nonlinear interval readbacks; zero observed gap is not a joint AC-set proof
2013-05-03,160,5,634.1,83.4375,1,1,1,0.0,exact_at_scalar_endpoint,recorded scalar endpoint schedule passed all nonlinear interval readbacks; zero observed gap is not a joint AC-set proof
2013-05-03,160,6,611.3,103.4375,1,1,1,0.0,exact_at_scalar_endpoint,recorded scalar endpoint schedule passed all nonlinear interval readbacks; zero observed gap is not a joint AC-set proof
2013-05-03,160,6,634.1,117.890625,1,1,1,0.0,exact_at_scalar_endpoint,recorded scalar endpoint schedule passed all nonlinear interval readbacks; zero observed gap is not a joint AC-set proof
2013-05-03,160,7,611.3,109.6875,1,1,1,0.0,exact_at_scalar_endpoint,recorded scalar endpoint schedule passed all nonlinear interval readbacks; zero observed gap is not a joint AC-set proof
2013-05-03,160,7,634.1,118.203125,1,1,1,0.0,exact_at_scalar_endpoint,recorded scalar endpoint schedule passed all nonlinear interval readbacks; zero observed gap is not a joint AC-set proof
2013-05-03,160,8,611.3,122.109375,1,1,1,0.0,exact_at_scalar_endpoint,recorded scalar endpoint schedule passed all nonlinear interval readbacks; zero observed gap is not a joint AC-set proof
2013-05-03,160,8,634.1,127.890625,1,1,1,0.0,exact_at_scalar_endpoint,recorded scalar endpoint schedule passed all nonlinear interval readbacks; zero observed gap is not a joint AC-set proof
2013-05-03,160,9,611.3,113.984375,1,1,1,0.0,exact_at_scalar_endpoint,recorded scalar endpoint schedule passed all nonlinear interval readbacks; zero observed gap is not a joint AC-set proof
2013-05-03,160,9,634.1,119.0625,1,1,1,0.0,exact_at_scalar_endpoint,recorded scalar endpoint schedule passed all nonlinear interval readbacks; zero observed gap is not a joint AC-set proof
2013-05-04,161,0,611.3,133.359375,1,1,1,0.0,exact_at_scalar_endpoint,recorded scalar endpoint schedule passed all nonlinear interval readbacks; zero observed gap is not a joint AC-set proof
2013-05-04,161,0,634.1,146.796875,1,1,1,0.0,exact_at_scalar_endpoint,recorded scalar endpoint schedule passed all nonlinear interval readbacks; zero observed gap is not a joint AC-set proof
2013-05-04,161,1,611.3,138.125,1,1,1,0.0,exact_at_scalar_endpoint,recorded scalar endpoint schedule passed all nonlinear interval readbacks; zero observed gap is not a joint AC-set proof
2013-05-04,161,1,634.1,147.5,1,1,1,0.0,exact_at_scalar_endpoint,recorded scalar endpoint schedule passed all nonlinear interval readbacks; zero observed gap is not a joint AC-set proof
2013-05-04,161,2,611.3,109.140625,1,1,1,0.0,exact_at_scalar_endpoint,recorded scalar endpoint schedule passed all nonlinear interval readbacks; zero observed gap is not a joint AC-set proof
2013-05-04,161,2,634.1,115.78125,1,1,1,0.0,exact_at_scalar_endpoint,recorded scalar endpoint schedule passed all nonlinear interval readbacks; zero observed gap is not a joint AC-set proof
2013-05-04,161,3,611.3,135.625,1,1,1,0.0,exact_at_scalar_endpoint,recorded scalar endpoint schedule passed all nonlinear interval readbacks; zero observed gap is not a joint AC-set proof
2013-05-04,161,3,634.1,142.890625,1,1,1,0.0,exact_at_scalar_endpoint,recorded scalar endpoint schedule passed all nonlinear interval readbacks; zero observed gap is not a joint AC-set proof
2013-05-04,161,4,611.3,104.296875,1,1,1,0.0,exact_at_scalar_endpoint,recorded scalar endpoint schedule passed all nonlinear interval readbacks; zero observed gap is not a joint AC-set proof
2013-05-04,161,4,634.1,115.859375,1,1,1,0.0,exact_at_scalar_endpoint,recorded scalar endpoint schedule passed all nonlinear interval readbacks; zero observed gap is not a joint AC-set proof
2013-05-04,161,5,611.3,105.9375,1,1,1,0.0,exact_at_scalar_endpoint,recorded scalar endpoint schedule passed all nonlinear interval readbacks; zero observed gap is not a joint AC-set proof
2013-05-04,161,5,634.1,115.078125,1,1,1,0.0,exact_at_scalar_endpoint,recorded scalar endpoint schedule passed all nonlinear interval readbacks; zero observed gap is not a joint AC-set proof
2013-05-04,161,6,611.3,128.59375,1,1,1,0.0,exact_at_scalar_endpoint,recorded scalar endpoint schedule passed all nonlinear interval readbacks; zero observed gap is not a joint AC-set proof
2013-05-04,161,6,634.1,143.125,1,1,1,0.0,exact_at_scalar_endpoint,recorded scalar endpoint schedule passed all nonlinear interval readbacks; zero observed gap is not a joint AC-set proof
2013-05-04,161,7,611.3,117.578125,1,1,1,0.0,exact_at_scalar_endpoint,recorded scalar endpoint schedule passed all nonlinear interval readbacks; zero observed gap is not a joint AC-set proof
2013-05-04,161,7,634.1,131.640625,1,1,1,0.0,exact_at_scalar_endpoint,recorded scalar endpoint schedule passed all nonlinear interval readbacks; zero observed gap is not a joint AC-set proof
2013-05-04,161,8,611.3,134.140625,1,1,1,0.0,exact_at_scalar_endpoint,recorded scalar endpoint schedule passed all nonlinear interval readbacks; zero observed gap is not a joint AC-set proof
2013-05-04,161,8,634.1,140.859375,1,1,1,0.0,exact_at_scalar_endpoint,recorded scalar endpoint schedule passed all nonlinear interval readbacks; zero observed gap is not a joint AC-set proof
2013-05-04,161,9,611.3,144.296875,1,1,1,0.0,exact_at_scalar_endpoint,recorded scalar endpoint schedule passed all nonlinear interval readbacks; zero observed gap is not a joint AC-set proof
2013-05-04,161,9,634.1,150.390625,1,1,1,0.0,exact_at_scalar_endpoint,recorded scalar endpoint schedule passed all nonlinear interval readbacks; zero observed gap is not a joint AC-set proof
2013-05-05,162,0,611.3,135.9375,1,1,1,0.0,exact_at_scalar_endpoint,recorded scalar endpoint schedule passed all nonlinear interval readbacks; zero observed gap is not a joint AC-set proof
2013-05-05,162,0,634.1,148.125,1,1,1,0.0,exact_at_scalar_endpoint,recorded scalar endpoint schedule passed all nonlinear interval readbacks; zero observed gap is not a joint AC-set proof
2013-05-05,162,1,611.3,123.28125,1,1,1,0.0,exact_at_scalar_endpoint,recorded scalar endpoint schedule passed all nonlinear interval readbacks; zero observed gap is not a joint AC-set proof
2013-05-05,162,1,634.1,136.015625,1,1,1,0.0,exact_at_scalar_endpoint,recorded scalar endpoint schedule passed all nonlinear interval readbacks; zero observed gap is not a joint AC-set proof
2013-05-05,162,2,611.3,127.8125,1,1,1,0.0,exact_at_scalar_endpoint,recorded scalar endpoint schedule passed all nonlinear interval readbacks; zero observed gap is not a joint AC-set proof
2013-05-05,162,2,634.1,130.234375,1,1,1,0.0,exact_at_scalar_endpoint,recorded scalar endpoint schedule passed all nonlinear interval readbacks; zero observed gap is not a joint AC-set proof
2013-05-05,162,3,611.3,117.421875,1,1,1,0.0,exact_at_scalar_endpoint,recorded scalar endpoint schedule passed all nonlinear interval readbacks; zero observed gap is not a joint AC-set proof
2013-05-05,162,3,634.1,126.71875,1,1,1,0.0,exact_at_scalar_endpoint,recorded scalar endpoint schedule passed all nonlinear interval readbacks; zero observed gap is not a joint AC-set proof
2013-05-05,162,4,611.3,116.5625,1,1,1,0.0,exact_at_scalar_endpoint,recorded scalar endpoint schedule passed all nonlinear interval readbacks; zero observed gap is not a joint AC-set proof
2013-05-05,162,4,634.1,128.203125,1,1,1,0.0,exact_at_scalar_endpoint,recorded scalar endpoint schedule passed all nonlinear interval readbacks; zero observed gap is not a joint AC-set proof
2013-05-05,162,5,611.3,115.15625,1,1,1,0.0,exact_at_scalar_endpoint,recorded scalar endpoint schedule passed all nonlinear interval readbacks; zero observed gap is not a joint AC-set proof
2013-05-05,162,5,634.1,122.96875,1,1,1,0.0,exact_at_scalar_endpoint,recorded scalar endpoint schedule passed all nonlinear interval readbacks; zero observed gap is not a joint AC-set proof
2013-05-05,162,6,611.3,139.53125,1,1,1,0.0,exact_at_scalar_endpoint,recorded scalar endpoint schedule passed all nonlinear interval readbacks; zero observed gap is not a joint AC-set proof
2013-05-05,162,6,634.1,152.8125,1,1,1,0.0,exact_at_scalar_endpoint,recorded scalar endpoint schedule passed all nonlinear interval readbacks; zero observed gap is not a joint AC-set proof
2013-05-05,162,7,611.3,111.328125,1,1,1,0.0,exact_at_scalar_endpoint,recorded scalar endpoint schedule passed all nonlinear interval readbacks; zero observed gap is not a joint AC-set proof
2013-05-05,162,7,634.1,122.8125,1,1,1,0.0,exact_at_scalar_endpoint,recorded scalar endpoint schedule passed all nonlinear interval readbacks; zero observed gap is not a joint AC-set proof
2013-05-05,162,8,611.3,109.453125,1,1,1,0.0,exact_at_scalar_endpoint,recorded scalar endpoint schedule passed all nonlinear interval readbacks; zero observed gap is not a joint AC-set proof
2013-05-05,162,8,634.1,118.046875,1,1,1,0.0,exact_at_scalar_endpoint,recorded scalar endpoint schedule passed all nonlinear interval readbacks; zero observed gap is not a joint AC-set proof
2013-05-05,162,9,611.3,156.484375,1,1,1,0.0,exact_at_scalar_endpoint,recorded scalar endpoint schedule passed all nonlinear interval readbacks; zero observed gap is not a joint AC-set proof
2013-05-05,162,9,634.1,166.640625,1,1,1,0.0,exact_at_scalar_endpoint,recorded scalar endpoint schedule passed all nonlinear interval readbacks; zero observed gap is not a joint AC-set proof
2013-05-06,163,0,611.3,118.515625,1,1,1,0.0,exact_at_scalar_endpoint,recorded scalar endpoint schedule passed all nonlinear interval readbacks; zero observed gap is not a joint AC-set proof
2013-05-06,163,0,634.1,132.734375,1,1,1,0.0,exact_at_scalar_endpoint,recorded scalar endpoint schedule passed all nonlinear interval readbacks; zero observed gap is not a joint AC-set proof
2013-05-06,163,1,611.3,108.125,1,1,1,0.0,exact_at_scalar_endpoint,recorded scalar endpoint schedule passed all nonlinear interval readbacks; zero observed gap is not a joint AC-set proof
2013-05-06,163,1,634.1,123.59375,1,1,1,0.0,exact_at_scalar_endpoint,recorded scalar endpoint schedule passed all nonlinear interval readbacks; zero observed gap is not a joint AC-set proof
2013-05-06,163,2,611.3,127.1875,1,1,1,0.0,exact_at_scalar_endpoint,recorded scalar endpoint schedule passed all nonlinear interval readbacks; zero observed gap is not a joint AC-set proof
2013-05-06,163,2,634.1,136.5625,1,1,1,0.0,exact_at_scalar_endpoint,recorded scalar endpoint schedule passed all nonlinear interval readbacks; zero observed gap is not a joint AC-set proof
2013-05-06,163,3,611.3,96.484375,1,1,1,0.0,exact_at_scalar_endpoint,recorded scalar endpoint schedule passed all nonlinear interval readbacks; zero observed gap is not a joint AC-set proof
2013-05-06,163,3,634.1,108.59375,1,1,1,0.0,exact_at_scalar_endpoint,recorded scalar endpoint schedule passed all nonlinear interval readbacks; zero observed gap is not a joint AC-set proof
2013-05-06,163,4,611.3,92.109375,1,1,1,0.0,exact_at_scalar_endpoint,recorded scalar endpoint schedule passed all nonlinear interval readbacks; zero observed gap is not a joint AC-set proof
2013-05-06,163,4,634.1,102.8125,1,1,1,0.0,exact_at_scalar_endpoint,recorded scalar endpoint schedule passed all nonlinear interval readbacks; zero observed gap is not a joint AC-set proof
2013-05-06,163,5,611.3,100.390625,1,1,1,0.0,exact_at_scalar_endpoint,recorded scalar endpoint schedule passed all nonlinear interval readbacks; zero observed gap is not a joint AC-set proof
2013-05-06,163,5,634.1,112.8125,1,1,1,0.0,exact_at_scalar_endpoint,recorded scalar endpoint schedule passed all nonlinear interval readbacks; zero observed gap is not a joint AC-set proof
2013-05-06,163,6,611.3,146.015625,1,1,1,0.0,exact_at_scalar_endpoint,recorded scalar endpoint schedule passed all nonlinear interval readbacks; zero observed gap is not a joint AC-set proof
2013-05-06,163,6,634.1,159.6875,1,1,1,0.0,exact_at_scalar_endpoint,recorded scalar endpoint schedule passed all nonlinear interval readbacks; zero observed gap is not a joint AC-set proof
2013-05-06,163,7,611.3,123.28125,1,1,1,0.0,exact_at_scalar_endpoint,recorded scalar endpoint schedule passed all nonlinear interval readbacks; zero observed gap is not a joint AC-set proof
2013-05-06,163,7,634.1,133.90625,1,1,1,0.0,exact_at_scalar_endpoint,recorded scalar endpoint schedule passed all nonlinear interval readbacks; zero observed gap is not a joint AC-set proof
2013-05-06,163,8,611.3,112.578125,1,1,1,0.0,exact_at_scalar_endpoint,recorded scalar endpoint schedule passed all nonlinear interval readbacks; zero observed gap is not a joint AC-set proof
2013-05-06,163,8,634.1,120.859375,1,1,1,0.0,exact_at_scalar_endpoint,recorded scalar endpoint schedule passed all nonlinear interval readbacks; zero observed gap is not a joint AC-set proof
2013-05-06,163,9,611.3,129.140625,1,1,1,0.0,exact_at_scalar_endpoint,recorded scalar endpoint schedule passed all nonlinear interval readbacks; zero observed gap is not a joint AC-set proof
2013-05-06,163,9,634.1,139.921875,1,1,1,0.0,exact_at_scalar_endpoint,recorded scalar endpoint schedule passed all nonlinear interval readbacks; zero observed gap is not a joint AC-set proof
2013-05-07,164,0,611.3,149.84375,1,1,1,0.0,exact_at_scalar_endpoint,recorded scalar endpoint schedule passed all nonlinear interval readbacks; zero observed gap is not a joint AC-set proof
2013-05-07,164,0,634.1,167.890625,1,1,1,0.0,exact_at_scalar_endpoint,recorded scalar endpoint schedule passed all nonlinear interval readbacks; zero observed gap is not a joint AC-set proof
2013-05-07,164,1,611.3,121.71875,1,1,1,0.0,exact_at_scalar_endpoint,recorded scalar endpoint schedule passed all nonlinear interval readbacks; zero observed gap is not a joint AC-set proof
2013-05-07,164,1,634.1,141.328125,1,1,1,0.0,exact_at_scalar_endpoint,recorded scalar endpoint schedule passed all nonlinear interval readbacks; zero observed gap is not a joint AC-set proof
2013-05-07,164,2,611.3,143.28125,1,1,1,0.0,exact_at_scalar_endpoint,recorded scalar endpoint schedule passed all nonlinear interval readbacks; zero observed gap is not a joint AC-set proof
2013-05-07,164,2,634.1,158.359375,1,1,1,0.0,exact_at_scalar_endpoint,recorded scalar endpoint schedule passed all nonlinear interval readbacks; zero observed gap is not a joint AC-set proof
2013-05-07,164,3,611.3,134.84375,1,1,1,0.0,exact_at_scalar_endpoint,recorded scalar endpoint schedule passed all nonlinear interval readbacks; zero observed gap is not a joint AC-set proof
2013-05-07,164,3,634.1,154.84375,1,1,1,0.0,exact_at_scalar_endpoint,recorded scalar endpoint schedule passed all nonlinear interval readbacks; zero observed gap is not a joint AC-set proof
2013-05-07,164,4,611.3,132.890625,1,1,1,0.0,exact_at_scalar_endpoint,recorded scalar endpoint schedule passed all nonlinear interval readbacks; zero observed gap is not a joint AC-set proof
2013-05-07,164,4,634.1,154.140625,1,1,1,0.0,exact_at_scalar_endpoint,recorded scalar endpoint schedule passed all nonlinear interval readbacks; zero observed gap is not a joint AC-set proof
2013-05-07,164,5,611.3,121.328125,1,1,1,0.0,exact_at_scalar_endpoint,recorded scalar endpoint schedule passed all nonlinear interval readbacks; zero observed gap is not a joint AC-set proof
2013-05-07,164,5,634.1,142.8125,1,1,1,0.0,exact_at_scalar_endpoint,recorded scalar endpoint schedule passed all nonlinear interval readbacks; zero observed gap is not a joint AC-set proof
2013-05-07,164,6,611.3,152.109375,1,1,1,0.0,exact_at_scalar_endpoint,recorded scalar endpoint schedule passed all nonlinear interval readbacks; zero observed gap is not a joint AC-set proof
2013-05-07,164,6,634.1,168.984375,1,1,1,0.0,exact_at_scalar_endpoint,recorded scalar endpoint schedule passed all nonlinear interval readbacks; zero observed gap is not a joint AC-set proof
2013-05-07,164,7,611.3,132.65625,1,1,1,0.0,exact_at_scalar_endpoint,recorded scalar endpoint schedule passed all nonlinear interval readbacks; zero observed gap is not a joint AC-set proof
2013-05-07,164,7,634.1,156.640625,1,1,1,0.0,exact_at_scalar_endpoint,recorded scalar endpoint schedule passed all nonlinear interval readbacks; zero observed gap is not a joint AC-set proof
2013-05-07,164,8,611.3,126.875,1,1,1,0.0,exact_at_scalar_endpoint,recorded scalar endpoint schedule passed all nonlinear interval readbacks; zero observed gap is not a joint AC-set proof
2013-05-07,164,8,634.1,150.703125,1,1,1,0.0,exact_at_scalar_endpoint,recorded scalar endpoint schedule passed all nonlinear interval readbacks; zero observed gap is not a joint AC-set proof
2013-05-07,164,9,611.3,142.109375,1,1,1,0.0,exact_at_scalar_endpoint,recorded scalar endpoint schedule passed all nonlinear interval readbacks; zero observed gap is not a joint AC-set proof
2013-05-07,164,9,634.1,161.71875,1,1,1,0.0,exact_at_scalar_endpoint,recorded scalar endpoint schedule passed all nonlinear interval readbacks; zero observed gap is not a joint AC-set proof
2013-05-08,165,0,611.3,125.0,1,1,1,0.0,exact_at_scalar_endpoint,recorded scalar endpoint schedule passed all nonlinear interval readbacks; zero observed gap is not a joint AC-set proof
2013-05-08,165,0,634.1,143.75,1,1,1,0.0,exact_at_scalar_endpoint,recorded scalar endpoint schedule passed all nonlinear interval readbacks; zero observed gap is not a joint AC-set proof
2013-05-08,165,1,611.3,111.40625,1,1,1,0.0,exact_at_scalar_endpoint,recorded scalar endpoint schedule passed all nonlinear interval readbacks; zero observed gap is not a joint AC-set proof
2013-05-08,165,1,634.1,130.3125,1,1,1,0.0,exact_at_scalar_endpoint,recorded scalar endpoint schedule passed all nonlinear interval readbacks; zero observed gap is not a joint AC-set proof
2013-05-08,165,2,611.3,137.109375,1,1,1,0.0,exact_at_scalar_endpoint,recorded scalar endpoint schedule passed all nonlinear interval readbacks; zero observed gap is not a joint AC-set proof
2013-05-08,165,2,634.1,149.6875,1,1,1,0.0,exact_at_scalar_endpoint,recorded scalar endpoint schedule passed all nonlinear interval readbacks; zero observed gap is not a joint AC-set proof
2013-05-08,165,3,611.3,119.609375,1,1,1,0.0,exact_at_scalar_endpoint,recorded scalar endpoint schedule passed all nonlinear interval readbacks; zero observed gap is not a joint AC-set proof
2013-05-08,165,3,634.1,141.484375,1,1,1,0.0,exact_at_scalar_endpoint,recorded scalar endpoint schedule passed all nonlinear interval readbacks; zero observed gap is not a joint AC-set proof
2013-05-08,165,4,611.3,117.578125,1,1,1,0.0,exact_at_scalar_endpoint,recorded scalar endpoint schedule passed all nonlinear interval readbacks; zero observed gap is not a joint AC-set proof
2013-05-08,165,4,634.1,137.1875,1,1,1,0.0,exact_at_scalar_endpoint,recorded scalar endpoint schedule passed all nonlinear interval readbacks; zero observed gap is not a joint AC-set proof
2013-05-08,165,5,611.3,122.03125,1,1,1,0.0,exact_at_scalar_endpoint,recorded scalar endpoint schedule passed all nonlinear interval readbacks; zero observed gap is not a joint AC-set proof
2013-05-08,165,5,634.1,134.53125,1,1,1,0.0,exact_at_scalar_endpoint,recorded scalar endpoint schedule passed all nonlinear interval readbacks; zero observed gap is not a joint AC-set proof
2013-05-08,165,6,611.3,132.65625,1,1,1,0.0,exact_at_scalar_endpoint,recorded scalar endpoint schedule passed all nonlinear interval readbacks; zero observed gap is not a joint AC-set proof
2013-05-08,165,6,634.1,149.6875,1,1,1,0.0,exact_at_scalar_endpoint,recorded scalar endpoint schedule passed all nonlinear interval readbacks; zero observed gap is not a joint AC-set proof
2013-05-08,165,7,611.3,142.96875,1,1,1,0.0,exact_at_scalar_endpoint,recorded scalar endpoint schedule passed all nonlinear interval readbacks; zero observed gap is not a joint AC-set proof
2013-05-08,165,7,634.1,162.578125,1,1,1,0.0,exact_at_scalar_endpoint,recorded scalar endpoint schedule passed all nonlinear interval readbacks; zero observed gap is not a joint AC-set proof
2013-05-08,165,8,611.3,123.828125,1,1,1,0.0,exact_at_scalar_endpoint,recorded scalar endpoint schedule passed all nonlinear interval readbacks; zero observed gap is not a joint AC-set proof
2013-05-08,165,8,634.1,139.765625,1,1,1,0.0,exact_at_scalar_endpoint,recorded scalar endpoint schedule passed all nonlinear interval readbacks; zero observed gap is not a joint AC-set proof
2013-05-08,165,9,611.3,122.96875,1,1,1,0.0,exact_at_scalar_endpoint,recorded scalar endpoint schedule passed all nonlinear interval readbacks; zero observed gap is not a joint AC-set proof
2013-05-08,165,9,634.1,136.953125,1,1,1,0.0,exact_at_scalar_endpoint,recorded scalar endpoint schedule passed all nonlinear interval readbacks; zero observed gap is not a joint AC-set proof
2013-05-09,166,0,611.3,110.546875,1,1,1,0.0,exact_at_scalar_endpoint,recorded scalar endpoint schedule passed all nonlinear interval readbacks; zero observed gap is not a joint AC-set proof
2013-05-09,166,0,634.1,121.875,1,1,1,0.0,exact_at_scalar_endpoint,recorded scalar endpoint schedule passed all nonlinear interval readbacks; zero observed gap is not a joint AC-set proof
2013-05-09,166,1,611.3,105.390625,1,1,1,0.0,exact_at_scalar_endpoint,recorded scalar endpoint schedule passed all nonlinear interval readbacks; zero observed gap is not a joint AC-set proof
2013-05-09,166,1,634.1,114.6875,1,1,1,0.0,exact_at_scalar_endpoint,recorded scalar endpoint schedule passed all nonlinear interval readbacks; zero observed gap is not a joint AC-set proof
2013-05-09,166,2,611.3,102.96875,1,1,1,0.0,exact_at_scalar_endpoint,recorded scalar endpoint schedule passed all nonlinear interval readbacks; zero observed gap is not a joint AC-set proof
2013-05-09,166,2,634.1,104.21875,1,1,1,0.0,exact_at_scalar_endpoint,recorded scalar endpoint schedule passed all nonlinear interval readbacks; zero observed gap is not a joint AC-set proof
2013-05-09,166,3,611.3,97.8125,1,1,1,0.0,exact_at_scalar_endpoint,recorded scalar endpoint schedule passed all nonlinear interval readbacks; zero observed gap is not a joint AC-set proof
2013-05-09,166,3,634.1,108.984375,1,1,1,0.0,exact_at_scalar_endpoint,recorded scalar endpoint schedule passed all nonlinear interval readbacks; zero observed gap is not a joint AC-set proof
2013-05-09,166,4,611.3,100.15625,1,1,1,0.0,exact_at_scalar_endpoint,recorded scalar endpoint schedule passed all nonlinear interval readbacks; zero observed gap is not a joint AC-set proof
2013-05-09,166,4,634.1,110.625,1,1,1,0.0,exact_at_scalar_endpoint,recorded scalar endpoint schedule passed all nonlinear interval readbacks; zero observed gap is not a joint AC-set proof
2013-05-09,166,5,611.3,99.765625,1,1,1,0.0,exact_at_scalar_endpoint,recorded scalar endpoint schedule passed all nonlinear interval readbacks; zero observed gap is not a joint AC-set proof
2013-05-09,166,5,634.1,106.796875,1,1,1,0.0,exact_at_scalar_endpoint,recorded scalar endpoint schedule passed all nonlinear interval readbacks; zero observed gap is not a joint AC-set proof
2013-05-09,166,6,611.3,111.71875,1,1,1,0.0,exact_at_scalar_endpoint,recorded scalar endpoint schedule passed all nonlinear interval readbacks; zero observed gap is not a joint AC-set proof
2013-05-09,166,6,634.1,124.0625,1,1,1,0.0,exact_at_scalar_endpoint,recorded scalar endpoint schedule passed all nonlinear interval readbacks; zero observed gap is not a joint AC-set proof
2013-05-09,166,7,611.3,113.125,1,1,1,0.0,exact_at_scalar_endpoint,recorded scalar endpoint schedule passed all nonlinear interval readbacks; zero observed gap is not a joint AC-set proof
2013-05-09,166,7,634.1,123.828125,1,1,1,0.0,exact_at_scalar_endpoint,recorded scalar endpoint schedule passed all nonlinear interval readbacks; zero observed gap is not a joint AC-set proof
2013-05-09,166,8,611.3,96.796875,1,1,1,0.0,exact_at_scalar_endpoint,recorded scalar endpoint schedule passed all nonlinear interval readbacks; zero observed gap is not a joint AC-set proof
2013-05-09,166,8,634.1,108.671875,1,1,1,0.0,exact_at_scalar_endpoint,recorded scalar endpoint schedule passed all nonlinear interval readbacks; zero observed gap is not a joint AC-set proof
2013-05-09,166,9,611.3,119.6875,1,1,1,0.0,exact_at_scalar_endpoint,recorded scalar endpoint schedule passed all nonlinear interval readbacks; zero observed gap is not a joint AC-set proof
2013-05-09,166,9,634.1,123.75,1,1,1,0.0,exact_at_scalar_endpoint,recorded scalar endpoint schedule passed all nonlinear interval readbacks; zero observed gap is not a joint AC-set proof
2013-05-10,167,0,611.3,101.484375,1,1,1,0.0,exact_at_scalar_endpoint,recorded scalar endpoint schedule passed all nonlinear interval readbacks; zero observed gap is not a joint AC-set proof
2013-05-10,167,0,634.1,116.796875,1,1,1,0.0,exact_at_scalar_endpoint,recorded scalar endpoint schedule passed all nonlinear interval readbacks; zero observed gap is not a joint AC-set proof
2013-05-10,167,1,611.3,101.25,1,1,1,0.0,exact_at_scalar_endpoint,recorded scalar endpoint schedule passed all nonlinear interval readbacks; zero observed gap is not a joint AC-set proof
2013-05-10,167,1,634.1,111.328125,1,1,1,0.0,exact_at_scalar_endpoint,recorded scalar endpoint schedule passed all nonlinear interval readbacks; zero observed gap is not a joint AC-set proof
2013-05-10,167,2,611.3,125.15625,1,1,1,0.0,exact_at_scalar_endpoint,recorded scalar endpoint schedule passed all nonlinear interval readbacks; zero observed gap is not a joint AC-set proof
2013-05-10,167,2,634.1,127.265625,1,1,1,0.0,exact_at_scalar_endpoint,recorded scalar endpoint schedule passed all nonlinear interval readbacks; zero observed gap is not a joint AC-set proof
2013-05-10,167,3,611.3,93.359375,1,1,1,0.0,exact_at_scalar_endpoint,recorded scalar endpoint schedule passed all nonlinear interval readbacks; zero observed gap is not a joint AC-set proof
2013-05-10,167,3,634.1,102.5,1,1,1,0.0,exact_at_scalar_endpoint,recorded scalar endpoint schedule passed all nonlinear interval readbacks; zero observed gap is not a joint AC-set proof
2013-05-10,167,4,611.3,109.140625,1,1,1,0.0,exact_at_scalar_endpoint,recorded scalar endpoint schedule passed all nonlinear interval readbacks; zero observed gap is not a joint AC-set proof
2013-05-10,167,4,634.1,119.0625,1,1,1,0.0,exact_at_scalar_endpoint,recorded scalar endpoint schedule passed all nonlinear interval readbacks; zero observed gap is not a joint AC-set proof
2013-05-10,167,5,611.3,92.03125,1,1,1,0.0,exact_at_scalar_endpoint,recorded scalar endpoint schedule passed all nonlinear interval readbacks; zero observed gap is not a joint AC-set proof
2013-05-10,167,5,634.1,102.8125,1,1,1,0.0,exact_at_scalar_endpoint,recorded scalar endpoint schedule passed all nonlinear interval readbacks; zero observed gap is not a joint AC-set proof
2013-05-10,167,6,611.3,111.640625,1,1,1,0.0,exact_at_scalar_endpoint,recorded scalar endpoint schedule passed all nonlinear interval readbacks; zero observed gap is not a joint AC-set proof
2013-05-10,167,6,634.1,124.296875,1,1,1,0.0,exact_at_scalar_endpoint,recorded scalar endpoint schedule passed all nonlinear interval readbacks; zero observed gap is not a joint AC-set proof
2013-05-10,167,7,611.3,97.890625,1,1,1,0.0,exact_at_scalar_endpoint,recorded scalar endpoint schedule passed all nonlinear interval readbacks; zero observed gap is not a joint AC-set proof
2013-05-10,167,7,634.1,111.171875,1,1,1,0.0,exact_at_scalar_endpoint,recorded scalar endpoint schedule passed all nonlinear interval readbacks; zero observed gap is not a joint AC-set proof
2013-05-10,167,8,611.3,110.703125,1,1,1,0.0,exact_at_scalar_endpoint,recorded scalar endpoint schedule passed all nonlinear interval readbacks; zero observed gap is not a joint AC-set proof
2013-05-10,167,8,634.1,121.328125,1,1,1,0.0,exact_at_scalar_endpoint,recorded scalar endpoint schedule passed all nonlinear interval readbacks; zero observed gap is not a joint AC-set proof
2013-05-10,167,9,611.3,140.546875,1,1,1,0.0,exact_at_scalar_endpoint,recorded scalar endpoint schedule passed all nonlinear interval readbacks; zero observed gap is not a joint AC-set proof
2013-05-10,167,9,634.1,143.90625,1,1,1,0.0,exact_at_scalar_endpoint,recorded scalar endpoint schedule passed all nonlinear interval readbacks; zero observed gap is not a joint AC-set proof
2013-05-11,168,0,611.3,156.796875,1,1,1,0.0,exact_at_scalar_endpoint,recorded scalar endpoint schedule passed all nonlinear interval readbacks; zero observed gap is not a joint AC-set proof
2013-05-11,168,0,634.1,177.96875,1,1,1,0.0,exact_at_scalar_endpoint,recorded scalar endpoint schedule passed all nonlinear interval readbacks; zero observed gap is not a joint AC-set proof
2013-05-11,168,1,611.3,132.8125,1,1,1,0.0,exact_at_scalar_endpoint,recorded scalar endpoint schedule passed all nonlinear interval readbacks; zero observed gap is not a joint AC-set proof
2013-05-11,168,1,634.1,164.609375,1,1,1,0.0,exact_at_scalar_endpoint,recorded scalar endpoint schedule passed all nonlinear interval readbacks; zero observed gap is not a joint AC-set proof
2013-05-11,168,2,611.3,149.453125,1,1,1,0.0,exact_at_scalar_endpoint,recorded scalar endpoint schedule passed all nonlinear interval readbacks; zero observed gap is not a joint AC-set proof
2013-05-11,168,2,634.1,168.359375,1,1,1,0.0,exact_at_scalar_endpoint,recorded scalar endpoint schedule passed all nonlinear interval readbacks; zero observed gap is not a joint AC-set proof
2013-05-11,168,3,611.3,154.921875,1,1,1,0.0,exact_at_scalar_endpoint,recorded scalar endpoint schedule passed all nonlinear interval readbacks; zero observed gap is not a joint AC-set proof
2013-05-11,168,3,634.1,174.609375,1,1,1,0.0,exact_at_scalar_endpoint,recorded scalar endpoint schedule passed all nonlinear interval readbacks; zero observed gap is not a joint AC-set proof
2013-05-11,168,4,611.3,146.25,1,1,1,0.0,exact_at_scalar_endpoint,recorded scalar endpoint schedule passed all nonlinear interval readbacks; zero observed gap is not a joint AC-set proof
2013-05-11,168,4,634.1,170.703125,1,1,1,0.0,exact_at_scalar_endpoint,recorded scalar endpoint schedule passed all nonlinear interval readbacks; zero observed gap is not a joint AC-set proof
2013-05-11,168,5,611.3,152.65625,1,1,1,0.0,exact_at_scalar_endpoint,recorded scalar endpoint schedule passed all nonlinear interval readbacks; zero observed gap is not a joint AC-set proof
2013-05-11,168,5,634.1,173.59375,1,1,1,0.0,exact_at_scalar_endpoint,recorded scalar endpoint schedule passed all nonlinear interval readbacks; zero observed gap is not a joint AC-set proof
2013-05-11,168,6,611.3,157.5,1,1,1,0.0,exact_at_scalar_endpoint,recorded scalar endpoint schedule passed all nonlinear interval readbacks; zero observed gap is not a joint AC-set proof
2013-05-11,168,6,634.1,179.453125,1,1,1,0.0,exact_at_scalar_endpoint,recorded scalar endpoint schedule passed all nonlinear interval readbacks; zero observed gap is not a joint AC-set proof
2013-05-11,168,7,611.3,156.25,1,1,1,0.0,exact_at_scalar_endpoint,recorded scalar endpoint schedule passed all nonlinear interval readbacks; zero observed gap is not a joint AC-set proof
2013-05-11,168,7,634.1,176.09375,1,1,1,0.0,exact_at_scalar_endpoint,recorded scalar endpoint schedule passed all nonlinear interval readbacks; zero observed gap is not a joint AC-set proof
2013-05-11,168,8,611.3,127.890625,1,1,1,0.0,exact_at_scalar_endpoint,recorded scalar endpoint schedule passed all nonlinear interval readbacks; zero observed gap is not a joint AC-set proof
2013-05-11,168,8,634.1,162.34375,1,1,1,0.0,exact_at_scalar_endpoint,recorded scalar endpoint schedule passed all nonlinear interval readbacks; zero observed gap is not a joint AC-set proof
2013-05-11,168,9,611.3,147.8125,1,1,1,0.0,exact_at_scalar_endpoint,recorded scalar endpoint schedule passed all nonlinear interval readbacks; zero observed gap is not a joint AC-set proof
2013-05-11,168,9,634.1,171.40625,1,1,1,0.0,exact_at_scalar_endpoint,recorded scalar endpoint schedule passed all nonlinear interval readbacks; zero observed gap is not a joint AC-set proof
2013-05-12,169,0,611.3,129.375,1,1,1,0.0,exact_at_scalar_endpoint,recorded scalar endpoint schedule passed all nonlinear interval readbacks; zero observed gap is not a joint AC-set proof
2013-05-12,169,0,634.1,143.046875,1,1,1,0.0,exact_at_scalar_endpoint,recorded scalar endpoint schedule passed all nonlinear interval readbacks; zero observed gap is not a joint AC-set proof
2013-05-12,169,1,611.3,127.03125,1,1,1,0.0,exact_at_scalar_endpoint,recorded scalar endpoint schedule passed all nonlinear interval readbacks; zero observed gap is not a joint AC-set proof
2013-05-12,169,1,634.1,134.6875,1,1,1,0.0,exact_at_scalar_endpoint,recorded scalar endpoint schedule passed all nonlinear interval readbacks; zero observed gap is not a joint AC-set proof
2013-05-12,169,2,611.3,106.171875,1,1,1,0.0,exact_at_scalar_endpoint,recorded scalar endpoint schedule passed all nonlinear interval readbacks; zero observed gap is not a joint AC-set proof
2013-05-12,169,2,634.1,115.78125,1,1,1,0.0,exact_at_scalar_endpoint,recorded scalar endpoint schedule passed all nonlinear interval readbacks; zero observed gap is not a joint AC-set proof
2013-05-12,169,3,611.3,127.265625,1,1,1,0.0,exact_at_scalar_endpoint,recorded scalar endpoint schedule passed all nonlinear interval readbacks; zero observed gap is not a joint AC-set proof
2013-05-12,169,3,634.1,138.28125,1,1,1,0.0,exact_at_scalar_endpoint,recorded scalar endpoint schedule passed all nonlinear interval readbacks; zero observed gap is not a joint AC-set proof
2013-05-12,169,4,611.3,143.4375,1,1,1,0.0,exact_at_scalar_endpoint,recorded scalar endpoint schedule passed all nonlinear interval readbacks; zero observed gap is not a joint AC-set proof
2013-05-12,169,4,634.1,158.046875,1,1,1,0.0,exact_at_scalar_endpoint,recorded scalar endpoint schedule passed all nonlinear interval readbacks; zero observed gap is not a joint AC-set proof
2013-05-12,169,5,611.3,114.453125,1,1,1,0.0,exact_at_scalar_endpoint,recorded scalar endpoint schedule passed all nonlinear interval readbacks; zero observed gap is not a joint AC-set proof
2013-05-12,169,5,634.1,126.484375,1,1,1,0.0,exact_at_scalar_endpoint,recorded scalar endpoint schedule passed all nonlinear interval readbacks; zero observed gap is not a joint AC-set proof
2013-05-12,169,6,611.3,135.859375,1,1,1,0.0,exact_at_scalar_endpoint,recorded scalar endpoint schedule passed all nonlinear interval readbacks; zero observed gap is not a joint AC-set proof
2013-05-12,169,6,634.1,146.875,1,1,1,0.0,exact_at_scalar_endpoint,recorded scalar endpoint schedule passed all nonlinear interval readbacks; zero observed gap is not a joint AC-set proof
2013-05-12,169,7,611.3,157.03125,1,1,1,0.0,exact_at_scalar_endpoint,recorded scalar endpoint schedule passed all nonlinear interval readbacks; zero observed gap is not a joint AC-set proof
2013-05-12,169,7,634.1,168.28125,1,1,1,0.0,exact_at_scalar_endpoint,recorded scalar endpoint schedule passed all nonlinear interval readbacks; zero observed gap is not a joint AC-set proof
2013-05-12,169,8,611.3,109.140625,1,1,1,0.0,exact_at_scalar_endpoint,recorded scalar endpoint schedule passed all nonlinear interval readbacks; zero observed gap is not a joint AC-set proof
2013-05-12,169,8,634.1,119.609375,1,1,1,0.0,exact_at_scalar_endpoint,recorded scalar endpoint schedule passed all nonlinear interval readbacks; zero observed gap is not a joint AC-set proof
2013-05-12,169,9,611.3,124.296875,1,1,1,0.0,exact_at_scalar_endpoint,recorded scalar endpoint schedule passed all nonlinear interval readbacks; zero observed gap is not a joint AC-set proof
2013-05-12,169,9,634.1,134.6875,1,1,1,0.0,exact_at_scalar_endpoint,recorded scalar endpoint schedule passed all nonlinear interval readbacks; zero observed gap is not a joint AC-set proof
2013-05-13,170,0,611.3,132.8125,1,1,1,0.0,exact_at_scalar_endpoint,recorded scalar endpoint schedule passed all nonlinear interval readbacks; zero observed gap is not a joint AC-set proof
2013-05-13,170,0,634.1,154.0625,1,1,1,0.0,exact_at_scalar_endpoint,recorded scalar endpoint schedule passed all nonlinear interval readbacks; zero observed gap is not a joint AC-set proof
2013-05-13,170,1,611.3,136.171875,1,1,1,0.0,exact_at_scalar_endpoint,recorded scalar endpoint schedule passed all nonlinear interval readbacks; zero observed gap is not a joint AC-set proof
2013-05-13,170,1,634.1,156.640625,1,1,1,0.0,exact_at_scalar_endpoint,recorded scalar endpoint schedule passed all nonlinear interval readbacks; zero observed gap is not a joint AC-set proof
2013-05-13,170,2,611.3,154.53125,1,1,1,0.0,exact_at_scalar_endpoint,recorded scalar endpoint schedule passed all nonlinear interval readbacks; zero observed gap is not a joint AC-set proof
2013-05-13,170,2,634.1,169.140625,1,1,1,0.0,exact_at_scalar_endpoint,recorded scalar endpoint schedule passed all nonlinear interval readbacks; zero observed gap is not a joint AC-set proof
2013-05-13,170,3,611.3,132.734375,1,1,1,0.0,exact_at_scalar_endpoint,recorded scalar endpoint schedule passed all nonlinear interval readbacks; zero observed gap is not a joint AC-set proof
2013-05-13,170,3,634.1,164.53125,1,1,1,0.0,exact_at_scalar_endpoint,recorded scalar endpoint schedule passed all nonlinear interval readbacks; zero observed gap is not a joint AC-set proof
2013-05-13,170,4,611.3,113.828125,1,1,1,0.0,exact_at_scalar_endpoint,recorded scalar endpoint schedule passed all nonlinear interval readbacks; zero observed gap is not a joint AC-set proof
2013-05-13,170,4,634.1,142.109375,1,1,1,0.0,exact_at_scalar_endpoint,recorded scalar endpoint schedule passed all nonlinear interval readbacks; zero observed gap is not a joint AC-set proof
2013-05-13,170,5,611.3,126.25,1,1,1,0.0,exact_at_scalar_endpoint,recorded scalar endpoint schedule passed all nonlinear interval readbacks; zero observed gap is not a joint AC-set proof
2013-05-13,170,5,634.1,146.25,1,1,1,0.0,exact_at_scalar_endpoint,recorded scalar endpoint schedule passed all nonlinear interval readbacks; zero observed gap is not a joint AC-set proof
2013-05-13,170,6,611.3,152.03125,1,1,1,0.0,exact_at_scalar_endpoint,recorded scalar endpoint schedule passed all nonlinear interval readbacks; zero observed gap is not a joint AC-set proof
2013-05-13,170,6,634.1,173.28125,1,1,1,0.0,exact_at_scalar_endpoint,recorded scalar endpoint schedule passed all nonlinear interval readbacks; zero observed gap is not a joint AC-set proof
2013-05-13,170,7,611.3,139.84375,1,1,1,0.0,exact_at_scalar_endpoint,recorded scalar endpoint schedule passed all nonlinear interval readbacks; zero observed gap is not a joint AC-set proof
2013-05-13,170,7,634.1,162.890625,1,1,1,0.0,exact_at_scalar_endpoint,recorded scalar endpoint schedule passed all nonlinear interval readbacks; zero observed gap is not a joint AC-set proof
2013-05-13,170,8,611.3,135.3125,1,1,1,0.0,exact_at_scalar_endpoint,recorded scalar endpoint schedule passed all nonlinear interval readbacks; zero observed gap is not a joint AC-set proof
2013-05-13,170,8,634.1,165.703125,1,1,1,0.0,exact_at_scalar_endpoint,recorded scalar endpoint schedule passed all nonlinear interval readbacks; zero observed gap is not a joint AC-set proof
2013-05-13,170,9,611.3,138.046875,1,1,1,0.0,exact_at_scalar_endpoint,recorded scalar endpoint schedule passed all nonlinear interval readbacks; zero observed gap is not a joint AC-set proof
2013-05-13,170,9,634.1,155.3125,1,1,1,0.0,exact_at_scalar_endpoint,recorded scalar endpoint schedule passed all nonlinear interval readbacks; zero observed gap is not a joint AC-set proof
2013-05-14,171,0,611.3,123.046875,1,1,1,0.0,exact_at_scalar_endpoint,recorded scalar endpoint schedule passed all nonlinear interval readbacks; zero observed gap is not a joint AC-set proof
2013-05-14,171,0,634.1,134.765625,1,1,1,0.0,exact_at_scalar_endpoint,recorded scalar endpoint schedule passed all nonlinear interval readbacks; zero observed gap is not a joint AC-set proof
2013-05-14,171,1,611.3,128.671875,1,1,1,0.0,exact_at_scalar_endpoint,recorded scalar endpoint schedule passed all nonlinear interval readbacks; zero observed gap is not a joint AC-set proof
2013-05-14,171,1,634.1,145.703125,1,1,1,0.0,exact_at_scalar_endpoint,recorded scalar endpoint schedule passed all nonlinear interval readbacks; zero observed gap is not a joint AC-set proof
2013-05-14,171,2,611.3,125.390625,1,1,1,0.0,exact_at_scalar_endpoint,recorded scalar endpoint schedule passed all nonlinear interval readbacks; zero observed gap is not a joint AC-set proof
2013-05-14,171,2,634.1,133.046875,1,1,1,0.0,exact_at_scalar_endpoint,recorded scalar endpoint schedule passed all nonlinear interval readbacks; zero observed gap is not a joint AC-set proof
2013-05-14,171,3,611.3,110.15625,1,1,1,0.0,exact_at_scalar_endpoint,recorded scalar endpoint schedule passed all nonlinear interval readbacks; zero observed gap is not a joint AC-set proof
2013-05-14,171,3,634.1,125.234375,1,1,1,0.0,exact_at_scalar_endpoint,recorded scalar endpoint schedule passed all nonlinear interval readbacks; zero observed gap is not a joint AC-set proof
2013-05-14,171,4,611.3,109.21875,1,1,1,0.0,exact_at_scalar_endpoint,recorded scalar endpoint schedule passed all nonlinear interval readbacks; zero observed gap is not a joint AC-set proof
2013-05-14,171,4,634.1,121.71875,1,1,1,0.0,exact_at_scalar_endpoint,recorded scalar endpoint schedule passed all nonlinear interval readbacks; zero observed gap is not a joint AC-set proof
2013-05-14,171,5,611.3,98.515625,1,1,1,0.0,exact_at_scalar_endpoint,recorded scalar endpoint schedule passed all nonlinear interval readbacks; zero observed gap is not a joint AC-set proof
2013-05-14,171,5,634.1,105.390625,1,1,1,0.0,exact_at_scalar_endpoint,recorded scalar endpoint schedule passed all nonlinear interval readbacks; zero observed gap is not a joint AC-set proof
2013-05-14,171,6,611.3,131.40625,1,1,1,0.0,exact_at_scalar_endpoint,recorded scalar endpoint schedule passed all nonlinear interval readbacks; zero observed gap is not a joint AC-set proof
2013-05-14,171,6,634.1,146.015625,1,1,1,0.0,exact_at_scalar_endpoint,recorded scalar endpoint schedule passed all nonlinear interval readbacks; zero observed gap is not a joint AC-set proof
2013-05-14,171,7,611.3,156.25,1,1,1,0.0,exact_at_scalar_endpoint,recorded scalar endpoint schedule passed all nonlinear interval readbacks; zero observed gap is not a joint AC-set proof
2013-05-14,171,7,634.1,172.890625,1,1,1,0.0,exact_at_scalar_endpoint,recorded scalar endpoint schedule passed all nonlinear interval readbacks; zero observed gap is not a joint AC-set proof
2013-05-14,171,8,611.3,114.6875,1,1,1,0.0,exact_at_scalar_endpoint,recorded scalar endpoint schedule passed all nonlinear interval readbacks; zero observed gap is not a joint AC-set proof
2013-05-14,171,8,634.1,127.03125,1,1,1,0.0,exact_at_scalar_endpoint,recorded scalar endpoint schedule passed all nonlinear interval readbacks; zero observed gap is not a joint AC-set proof
2013-05-14,171,9,611.3,133.75,1,1,1,0.0,exact_at_scalar_endpoint,recorded scalar endpoint schedule passed all nonlinear interval readbacks; zero observed gap is not a joint AC-set proof
2013-05-14,171,9,634.1,143.515625,1,1,1,0.0,exact_at_scalar_endpoint,recorded scalar endpoint schedule passed all nonlinear interval readbacks; zero observed gap is not a joint AC-set proof
2013-05-15,172,0,611.3,122.734375,1,1,1,0.0,exact_at_scalar_endpoint,recorded scalar endpoint schedule passed all nonlinear interval readbacks; zero observed gap is not a joint AC-set proof
2013-05-15,172,0,634.1,129.53125,1,1,1,0.0,exact_at_scalar_endpoint,recorded scalar endpoint schedule passed all nonlinear interval readbacks; zero observed gap is not a joint AC-set proof
2013-05-15,172,1,611.3,107.96875,1,1,1,0.0,exact_at_scalar_endpoint,recorded scalar endpoint schedule passed all nonlinear interval readbacks; zero observed gap is not a joint AC-set proof
2013-05-15,172,1,634.1,114.53125,1,1,1,0.0,exact_at_scalar_endpoint,recorded scalar endpoint schedule passed all nonlinear interval readbacks; zero observed gap is not a joint AC-set proof
2013-05-15,172,2,611.3,117.34375,1,1,1,0.0,exact_at_scalar_endpoint,recorded scalar endpoint schedule passed all nonlinear interval readbacks; zero observed gap is not a joint AC-set proof
2013-05-15,172,2,634.1,123.828125,1,1,1,0.0,exact_at_scalar_endpoint,recorded scalar endpoint schedule passed all nonlinear interval readbacks; zero observed gap is not a joint AC-set proof
2013-05-15,172,3,611.3,106.875,1,1,1,0.0,exact_at_scalar_endpoint,recorded scalar endpoint schedule passed all nonlinear interval readbacks; zero observed gap is not a joint AC-set proof
2013-05-15,172,3,634.1,111.171875,1,1,1,0.0,exact_at_scalar_endpoint,recorded scalar endpoint schedule passed all nonlinear interval readbacks; zero observed gap is not a joint AC-set proof
2013-05-15,172,4,611.3,110.078125,1,1,1,0.0,exact_at_scalar_endpoint,recorded scalar endpoint schedule passed all nonlinear interval readbacks; zero observed gap is not a joint AC-set proof
2013-05-15,172,4,634.1,118.671875,1,1,1,0.0,exact_at_scalar_endpoint,recorded scalar endpoint schedule passed all nonlinear interval readbacks; zero observed gap is not a joint AC-set proof
2013-05-15,172,5,611.3,106.5625,1,1,1,0.0,exact_at_scalar_endpoint,recorded scalar endpoint schedule passed all nonlinear interval readbacks; zero observed gap is not a joint AC-set proof
2013-05-15,172,5,634.1,111.015625,1,1,1,0.0,exact_at_scalar_endpoint,recorded scalar endpoint schedule passed all nonlinear interval readbacks; zero observed gap is not a joint AC-set proof
2013-05-15,172,6,611.3,97.65625,1,1,1,0.0,exact_at_scalar_endpoint,recorded scalar endpoint schedule passed all nonlinear interval readbacks; zero observed gap is not a joint AC-set proof
2013-05-15,172,6,634.1,111.796875,1,1,1,0.0,exact_at_scalar_endpoint,recorded scalar endpoint schedule passed all nonlinear interval readbacks; zero observed gap is not a joint AC-set proof
2013-05-15,172,7,611.3,142.265625,1,1,1,0.0,exact_at_scalar_endpoint,recorded scalar endpoint schedule passed all nonlinear interval readbacks; zero observed gap is not a joint AC-set proof
2013-05-15,172,7,634.1,149.921875,1,1,1,0.0,exact_at_scalar_endpoint,recorded scalar endpoint schedule passed all nonlinear interval readbacks; zero observed gap is not a joint AC-set proof
2013-05-15,172,8,611.3,113.046875,1,1,1,0.0,exact_at_scalar_endpoint,recorded scalar endpoint schedule passed all nonlinear interval readbacks; zero observed gap is not a joint AC-set proof
2013-05-15,172,8,634.1,123.359375,1,1,1,0.0,exact_at_scalar_endpoint,recorded scalar endpoint schedule passed all nonlinear interval readbacks; zero observed gap is not a joint AC-set proof
2013-05-15,172,9,611.3,133.046875,1,1,1,0.0,exact_at_scalar_endpoint,recorded scalar endpoint schedule passed all nonlinear interval readbacks; zero observed gap is not a joint AC-set proof
2013-05-15,172,9,634.1,135.78125,1,1,1,0.0,exact_at_scalar_endpoint,recorded scalar endpoint schedule passed all nonlinear interval readbacks; zero observed gap is not a joint AC-set proof
2013-05-16,173,0,611.3,111.484375,1,1,1,0.0,exact_at_scalar_endpoint,recorded scalar endpoint schedule passed all nonlinear interval readbacks; zero observed gap is not a joint AC-set proof
2013-05-16,173,0,634.1,128.203125,1,1,1,0.0,exact_at_scalar_endpoint,recorded scalar endpoint schedule passed all nonlinear interval readbacks; zero observed gap is not a joint AC-set proof
2013-05-16,173,1,611.3,138.28125,1,1,1,0.0,exact_at_scalar_endpoint,recorded scalar endpoint schedule passed all nonlinear interval readbacks; zero observed gap is not a joint AC-set proof
2013-05-16,173,1,634.1,155.234375,1,1,1,0.0,exact_at_scalar_endpoint,recorded scalar endpoint schedule passed all nonlinear interval readbacks; zero observed gap is not a joint AC-set proof
2013-05-16,173,2,611.3,146.953125,1,1,1,0.0,exact_at_scalar_endpoint,recorded scalar endpoint schedule passed all nonlinear interval readbacks; zero observed gap is not a joint AC-set proof
2013-05-16,173,2,634.1,166.5625,1,1,1,0.0,exact_at_scalar_endpoint,recorded scalar endpoint schedule passed all nonlinear interval readbacks; zero observed gap is not a joint AC-set proof
2013-05-16,173,3,611.3,124.84375,1,1,1,0.0,exact_at_scalar_endpoint,recorded scalar endpoint schedule passed all nonlinear interval readbacks; zero observed gap is not a joint AC-set proof
2013-05-16,173,3,634.1,141.328125,1,1,1,0.0,exact_at_scalar_endpoint,recorded scalar endpoint schedule passed all nonlinear interval readbacks; zero observed gap is not a joint AC-set proof
2013-05-16,173,4,611.3,130.9375,1,1,1,0.0,exact_at_scalar_endpoint,recorded scalar endpoint schedule passed all nonlinear interval readbacks; zero observed gap is not a joint AC-set proof
2013-05-16,173,4,634.1,148.046875,1,1,1,0.0,exact_at_scalar_endpoint,recorded scalar endpoint schedule passed all nonlinear interval readbacks; zero observed gap is not a joint AC-set proof
2013-05-16,173,5,611.3,144.140625,1,1,1,0.0,exact_at_scalar_endpoint,recorded scalar endpoint schedule passed all nonlinear interval readbacks; zero observed gap is not a joint AC-set proof
2013-05-16,173,5,634.1,165.859375,1,1,1,0.0,exact_at_scalar_endpoint,recorded scalar endpoint schedule passed all nonlinear interval readbacks; zero observed gap is not a joint AC-set proof
2013-05-16,173,6,611.3,140.859375,1,1,1,0.0,exact_at_scalar_endpoint,recorded scalar endpoint schedule passed all nonlinear interval readbacks; zero observed gap is not a joint AC-set proof
2013-05-16,173,6,634.1,161.09375,1,1,1,0.0,exact_at_scalar_endpoint,recorded scalar endpoint schedule passed all nonlinear interval readbacks; zero observed gap is not a joint AC-set proof
2013-05-16,173,7,611.3,156.40625,1,1,1,0.0,exact_at_scalar_endpoint,recorded scalar endpoint schedule passed all nonlinear interval readbacks; zero observed gap is not a joint AC-set proof
2013-05-16,173,7,634.1,171.953125,1,1,1,0.0,exact_at_scalar_endpoint,recorded scalar endpoint schedule passed all nonlinear interval readbacks; zero observed gap is not a joint AC-set proof
2013-05-16,173,8,611.3,125.15625,1,1,1,0.0,exact_at_scalar_endpoint,recorded scalar endpoint schedule passed all nonlinear interval readbacks; zero observed gap is not a joint AC-set proof
2013-05-16,173,8,634.1,141.09375,1,1,1,0.0,exact_at_scalar_endpoint,recorded scalar endpoint schedule passed all nonlinear interval readbacks; zero observed gap is not a joint AC-set proof
2013-05-16,173,9,611.3,139.6875,1,1,1,0.0,exact_at_scalar_endpoint,recorded scalar endpoint schedule passed all nonlinear interval readbacks; zero observed gap is not a joint AC-set proof
2013-05-16,173,9,634.1,150.703125,1,1,1,0.0,exact_at_scalar_endpoint,recorded scalar endpoint schedule passed all nonlinear interval readbacks; zero observed gap is not a joint AC-set proof
2013-05-17,174,0,611.3,109.921875,1,1,1,0.0,exact_at_scalar_endpoint,recorded scalar endpoint schedule passed all nonlinear interval readbacks; zero observed gap is not a joint AC-set proof
2013-05-17,174,0,634.1,117.96875,1,1,1,0.0,exact_at_scalar_endpoint,recorded scalar endpoint schedule passed all nonlinear interval readbacks; zero observed gap is not a joint AC-set proof
2013-05-17,174,1,611.3,123.671875,1,1,1,0.0,exact_at_scalar_endpoint,recorded scalar endpoint schedule passed all nonlinear interval readbacks; zero observed gap is not a joint AC-set proof
2013-05-17,174,1,634.1,128.125,1,1,1,0.0,exact_at_scalar_endpoint,recorded scalar endpoint schedule passed all nonlinear interval readbacks; zero observed gap is not a joint AC-set proof
2013-05-17,174,2,611.3,119.21875,1,1,1,0.0,exact_at_scalar_endpoint,recorded scalar endpoint schedule passed all nonlinear interval readbacks; zero observed gap is not a joint AC-set proof
2013-05-17,174,2,634.1,122.34375,1,1,1,0.0,exact_at_scalar_endpoint,recorded scalar endpoint schedule passed all nonlinear interval readbacks; zero observed gap is not a joint AC-set proof
2013-05-17,174,3,611.3,112.96875,1,1,1,0.0,exact_at_scalar_endpoint,recorded scalar endpoint schedule passed all nonlinear interval readbacks; zero observed gap is not a joint AC-set proof
2013-05-17,174,3,634.1,115.703125,1,1,1,0.0,exact_at_scalar_endpoint,recorded scalar endpoint schedule passed all nonlinear interval readbacks; zero observed gap is not a joint AC-set proof
2013-05-17,174,4,611.3,102.109375,1,1,1,0.0,exact_at_scalar_endpoint,recorded scalar endpoint schedule passed all nonlinear interval readbacks; zero observed gap is not a joint AC-set proof
2013-05-17,174,4,634.1,111.09375,1,1,1,0.0,exact_at_scalar_endpoint,recorded scalar endpoint schedule passed all nonlinear interval readbacks; zero observed gap is not a joint AC-set proof
2013-05-17,174,5,611.3,105.546875,1,1,1,0.0,exact_at_scalar_endpoint,recorded scalar endpoint schedule passed all nonlinear interval readbacks; zero observed gap is not a joint AC-set proof
2013-05-17,174,5,634.1,108.203125,1,1,1,0.0,exact_at_scalar_endpoint,recorded scalar endpoint schedule passed all nonlinear interval readbacks; zero observed gap is not a joint AC-set proof
2013-05-17,174,6,611.3,114.296875,1,1,1,0.0,exact_at_scalar_endpoint,recorded scalar endpoint schedule passed all nonlinear interval readbacks; zero observed gap is not a joint AC-set proof
2013-05-17,174,6,634.1,125.0,1,1,1,0.0,exact_at_scalar_endpoint,recorded scalar endpoint schedule passed all nonlinear interval readbacks; zero observed gap is not a joint AC-set proof
2013-05-17,174,7,611.3,111.640625,1,1,1,0.0,exact_at_scalar_endpoint,recorded scalar endpoint schedule passed all nonlinear interval readbacks; zero observed gap is not a joint AC-set proof
2013-05-17,174,7,634.1,125.3125,1,1,1,0.0,exact_at_scalar_endpoint,recorded scalar endpoint schedule passed all nonlinear interval readbacks; zero observed gap is not a joint AC-set proof
2013-05-17,174,8,611.3,117.96875,1,1,1,0.0,exact_at_scalar_endpoint,recorded scalar endpoint schedule passed all nonlinear interval readbacks; zero observed gap is not a joint AC-set proof
2013-05-17,174,8,634.1,123.59375,1,1,1,0.0,exact_at_scalar_endpoint,recorded scalar endpoint schedule passed all nonlinear interval readbacks; zero observed gap is not a joint AC-set proof
2013-05-17,174,9,611.3,135.859375,1,1,1,0.0,exact_at_scalar_endpoint,recorded scalar endpoint schedule passed all nonlinear interval readbacks; zero observed gap is not a joint AC-set proof
2013-05-17,174,9,634.1,138.359375,1,1,1,0.0,exact_at_scalar_endpoint,recorded scalar endpoint schedule passed all nonlinear interval readbacks; zero observed gap is not a joint AC-set proof
2013-05-18,175,0,611.3,117.1875,1,1,1,0.0,exact_at_scalar_endpoint,recorded scalar endpoint schedule passed all nonlinear interval readbacks; zero observed gap is not a joint AC-set proof
2013-05-18,175,0,634.1,128.515625,1,1,1,0.0,exact_at_scalar_endpoint,recorded scalar endpoint schedule passed all nonlinear interval readbacks; zero observed gap is not a joint AC-set proof
2013-05-18,175,1,611.3,125.859375,1,1,1,0.0,exact_at_scalar_endpoint,recorded scalar endpoint schedule passed all nonlinear interval readbacks; zero observed gap is not a joint AC-set proof
2013-05-18,175,1,634.1,133.046875,1,1,1,0.0,exact_at_scalar_endpoint,recorded scalar endpoint schedule passed all nonlinear interval readbacks; zero observed gap is not a joint AC-set proof
2013-05-18,175,2,611.3,144.609375,1,1,1,0.0,exact_at_scalar_endpoint,recorded scalar endpoint schedule passed all nonlinear interval readbacks; zero observed gap is not a joint AC-set proof
2013-05-18,175,2,634.1,140.3125,1,1,1,0.0,exact_at_scalar_endpoint,recorded scalar endpoint schedule passed all nonlinear interval readbacks; zero observed gap is not a joint AC-set proof
2013-05-18,175,3,611.3,113.4375,1,1,1,0.0,exact_at_scalar_endpoint,recorded scalar endpoint schedule passed all nonlinear interval readbacks; zero observed gap is not a joint AC-set proof
2013-05-18,175,3,634.1,126.25,1,1,1,0.0,exact_at_scalar_endpoint,recorded scalar endpoint schedule passed all nonlinear interval readbacks; zero observed gap is not a joint AC-set proof
2013-05-18,175,4,611.3,128.046875,1,1,1,0.0,exact_at_scalar_endpoint,recorded scalar endpoint schedule passed all nonlinear interval readbacks; zero observed gap is not a joint AC-set proof
2013-05-18,175,4,634.1,139.21875,1,1,1,0.0,exact_at_scalar_endpoint,recorded scalar endpoint schedule passed all nonlinear interval readbacks; zero observed gap is not a joint AC-set proof
2013-05-18,175,5,611.3,97.109375,1,1,1,0.0,exact_at_scalar_endpoint,recorded scalar endpoint schedule passed all nonlinear interval readbacks; zero observed gap is not a joint AC-set proof
2013-05-18,175,5,634.1,100.9375,1,1,1,0.0,exact_at_scalar_endpoint,recorded scalar endpoint schedule passed all nonlinear interval readbacks; zero observed gap is not a joint AC-set proof
2013-05-18,175,6,611.3,110.78125,1,1,1,0.0,exact_at_scalar_endpoint,recorded scalar endpoint schedule passed all nonlinear interval readbacks; zero observed gap is not a joint AC-set proof
2013-05-18,175,6,634.1,121.40625,1,1,1,0.0,exact_at_scalar_endpoint,recorded scalar endpoint schedule passed all nonlinear interval readbacks; zero observed gap is not a joint AC-set proof
2013-05-18,175,7,611.3,158.28125,1,1,1,0.0,exact_at_scalar_endpoint,recorded scalar endpoint schedule passed all nonlinear interval readbacks; zero observed gap is not a joint AC-set proof
2013-05-18,175,7,634.1,170.859375,1,1,1,0.0,exact_at_scalar_endpoint,recorded scalar endpoint schedule passed all nonlinear interval readbacks; zero observed gap is not a joint AC-set proof
2013-05-18,175,8,611.3,129.0625,1,1,1,0.0,exact_at_scalar_endpoint,recorded scalar endpoint schedule passed all nonlinear interval readbacks; zero observed gap is not a joint AC-set proof
2013-05-18,175,8,634.1,137.5,1,1,1,0.0,exact_at_scalar_endpoint,recorded scalar endpoint schedule passed all nonlinear interval readbacks; zero observed gap is not a joint AC-set proof
2013-05-18,175,9,611.3,129.921875,1,1,1,0.0,exact_at_scalar_endpoint,recorded scalar endpoint schedule passed all nonlinear interval readbacks; zero observed gap is not a joint AC-set proof
2013-05-18,175,9,634.1,133.28125,1,1,1,0.0,exact_at_scalar_endpoint,recorded scalar endpoint schedule passed all nonlinear interval readbacks; zero observed gap is not a joint AC-set proof
2013-05-19,176,0,611.3,126.40625,1,1,1,0.0,exact_at_scalar_endpoint,recorded scalar endpoint schedule passed all nonlinear interval readbacks; zero observed gap is not a joint AC-set proof
2013-05-19,176,0,634.1,132.96875,1,1,1,0.0,exact_at_scalar_endpoint,recorded scalar endpoint schedule passed all nonlinear interval readbacks; zero observed gap is not a joint AC-set proof
2013-05-19,176,1,611.3,135.390625,1,1,1,0.0,exact_at_scalar_endpoint,recorded scalar endpoint schedule passed all nonlinear interval readbacks; zero observed gap is not a joint AC-set proof
2013-05-19,176,1,634.1,141.328125,1,1,1,0.0,exact_at_scalar_endpoint,recorded scalar endpoint schedule passed all nonlinear interval readbacks; zero observed gap is not a joint AC-set proof
2013-05-19,176,2,611.3,129.84375,1,1,1,0.0,exact_at_scalar_endpoint,recorded scalar endpoint schedule passed all nonlinear interval readbacks; zero observed gap is not a joint AC-set proof
2013-05-19,176,2,634.1,131.5625,1,1,1,0.0,exact_at_scalar_endpoint,recorded scalar endpoint schedule passed all nonlinear interval readbacks; zero observed gap is not a joint AC-set proof
2013-05-19,176,3,611.3,117.65625,1,1,1,0.0,exact_at_scalar_endpoint,recorded scalar endpoint schedule passed all nonlinear interval readbacks; zero observed gap is not a joint AC-set proof
2013-05-19,176,3,634.1,125.15625,1,1,1,0.0,exact_at_scalar_endpoint,recorded scalar endpoint schedule passed all nonlinear interval readbacks; zero observed gap is not a joint AC-set proof
2013-05-19,176,4,611.3,113.4375,1,1,1,0.0,exact_at_scalar_endpoint,recorded scalar endpoint schedule passed all nonlinear interval readbacks; zero observed gap is not a joint AC-set proof
2013-05-19,176,4,634.1,122.421875,1,1,1,0.0,exact_at_scalar_endpoint,recorded scalar endpoint schedule passed all nonlinear interval readbacks; zero observed gap is not a joint AC-set proof
2013-05-19,176,5,611.3,117.421875,1,1,1,0.0,exact_at_scalar_endpoint,recorded scalar endpoint schedule passed all nonlinear interval readbacks; zero observed gap is not a joint AC-set proof
2013-05-19,176,5,634.1,123.203125,1,1,1,0.0,exact_at_scalar_endpoint,recorded scalar endpoint schedule passed all nonlinear interval readbacks; zero observed gap is not a joint AC-set proof
2013-05-19,176,6,611.3,124.53125,1,1,1,0.0,exact_at_scalar_endpoint,recorded scalar endpoint schedule passed all nonlinear interval readbacks; zero observed gap is not a joint AC-set proof
2013-05-19,176,6,634.1,138.515625,1,1,1,0.0,exact_at_scalar_endpoint,recorded scalar endpoint schedule passed all nonlinear interval readbacks; zero observed gap is not a joint AC-set proof
2013-05-19,176,7,611.3,144.453125,1,1,1,0.0,exact_at_scalar_endpoint,recorded scalar endpoint schedule passed all nonlinear interval readbacks; zero observed gap is not a joint AC-set proof
2013-05-19,176,7,634.1,155.15625,1,1,1,0.0,exact_at_scalar_endpoint,recorded scalar endpoint schedule passed all nonlinear interval readbacks; zero observed gap is not a joint AC-set proof
2013-05-19,176,8,611.3,127.8125,1,1,1,0.0,exact_at_scalar_endpoint,recorded scalar endpoint schedule passed all nonlinear interval readbacks; zero observed gap is not a joint AC-set proof
2013-05-19,176,8,634.1,135.234375,1,1,1,0.0,exact_at_scalar_endpoint,recorded scalar endpoint schedule passed all nonlinear interval readbacks; zero observed gap is not a joint AC-set proof
2013-05-19,176,9,611.3,149.921875,1,1,1,0.0,exact_at_scalar_endpoint,recorded scalar endpoint schedule passed all nonlinear interval readbacks; zero observed gap is not a joint AC-set proof
2013-05-19,176,9,634.1,150.9375,1,1,1,0.0,exact_at_scalar_endpoint,recorded scalar endpoint schedule passed all nonlinear interval readbacks; zero observed gap is not a joint AC-set proof
2013-05-20,177,0,611.3,105.78125,1,1,1,0.0,exact_at_scalar_endpoint,recorded scalar endpoint schedule passed all nonlinear interval readbacks; zero observed gap is not a joint AC-set proof
2013-05-20,177,0,634.1,114.0625,1,1,1,0.0,exact_at_scalar_endpoint,recorded scalar endpoint schedule passed all nonlinear interval readbacks; zero observed gap is not a joint AC-set proof
2013-05-20,177,1,611.3,111.40625,1,1,1,0.0,exact_at_scalar_endpoint,recorded scalar endpoint schedule passed all nonlinear interval readbacks; zero observed gap is not a joint AC-set proof
2013-05-20,177,1,634.1,121.640625,1,1,1,0.0,exact_at_scalar_endpoint,recorded scalar endpoint schedule passed all nonlinear interval readbacks; zero observed gap is not a joint AC-set proof
2013-05-20,177,2,611.3,116.796875,1,1,1,0.0,exact_at_scalar_endpoint,recorded scalar endpoint schedule passed all nonlinear interval readbacks; zero observed gap is not a joint AC-set proof
2013-05-20,177,2,634.1,117.421875,1,1,1,0.0,exact_at_scalar_endpoint,recorded scalar endpoint schedule passed all nonlinear interval readbacks; zero observed gap is not a joint AC-set proof
2013-05-20,177,3,611.3,108.75,1,1,1,0.0,exact_at_scalar_endpoint,recorded scalar endpoint schedule passed all nonlinear interval readbacks; zero observed gap is not a joint AC-set proof
2013-05-20,177,3,634.1,115.0,1,1,1,0.0,exact_at_scalar_endpoint,recorded scalar endpoint schedule passed all nonlinear interval readbacks; zero observed gap is not a joint AC-set proof
2013-05-20,177,4,611.3,116.25,1,1,1,0.0,exact_at_scalar_endpoint,recorded scalar endpoint schedule passed all nonlinear interval readbacks; zero observed gap is not a joint AC-set proof
2013-05-20,177,4,634.1,125.9375,1,1,1,0.0,exact_at_scalar_endpoint,recorded scalar endpoint schedule passed all nonlinear interval readbacks; zero observed gap is not a joint AC-set proof
2013-05-20,177,5,611.3,104.6875,1,1,1,0.0,exact_at_scalar_endpoint,recorded scalar endpoint schedule passed all nonlinear interval readbacks; zero observed gap is not a joint AC-set proof
2013-05-20,177,5,634.1,108.90625,1,1,1,0.0,exact_at_scalar_endpoint,recorded scalar endpoint schedule passed all nonlinear interval readbacks; zero observed gap is not a joint AC-set proof
2013-05-20,177,6,611.3,111.875,1,1,1,0.0,exact_at_scalar_endpoint,recorded scalar endpoint schedule passed all nonlinear interval readbacks; zero observed gap is not a joint AC-set proof
2013-05-20,177,6,634.1,122.8125,1,1,1,0.0,exact_at_scalar_endpoint,recorded scalar endpoint schedule passed all nonlinear interval readbacks; zero observed gap is not a joint AC-set proof
2013-05-20,177,7,611.3,142.890625,1,1,1,0.0,exact_at_scalar_endpoint,recorded scalar endpoint schedule passed all nonlinear interval readbacks; zero observed gap is not a joint AC-set proof
2013-05-20,177,7,634.1,152.109375,1,1,1,0.0,exact_at_scalar_endpoint,recorded scalar endpoint schedule passed all nonlinear interval readbacks; zero observed gap is not a joint AC-set proof
2013-05-20,177,8,611.3,105.078125,1,1,1,0.0,exact_at_scalar_endpoint,recorded scalar endpoint schedule passed all nonlinear interval readbacks; zero observed gap is not a joint AC-set proof
2013-05-20,177,8,634.1,112.8125,1,1,1,0.0,exact_at_scalar_endpoint,recorded scalar endpoint schedule passed all nonlinear interval readbacks; zero observed gap is not a joint AC-set proof
2013-05-20,177,9,611.3,128.671875,1,1,1,0.0,exact_at_scalar_endpoint,recorded scalar endpoint schedule passed all nonlinear interval readbacks; zero observed gap is not a joint AC-set proof
2013-05-20,177,9,634.1,134.765625,1,1,1,0.0,exact_at_scalar_endpoint,recorded scalar endpoint schedule passed all nonlinear interval readbacks; zero observed gap is not a joint AC-set proof
2013-05-21,178,0,611.3,97.03125,1,1,1,0.0,exact_at_scalar_endpoint,recorded scalar endpoint schedule passed all nonlinear interval readbacks; zero observed gap is not a joint AC-set proof
2013-05-21,178,0,634.1,111.875,1,1,1,0.0,exact_at_scalar_endpoint,recorded scalar endpoint schedule passed all nonlinear interval readbacks; zero observed gap is not a joint AC-set proof
2013-05-21,178,1,611.3,106.328125,1,1,1,0.0,exact_at_scalar_endpoint,recorded scalar endpoint schedule passed all nonlinear interval readbacks; zero observed gap is not a joint AC-set proof
2013-05-21,178,1,634.1,120.859375,1,1,1,0.0,exact_at_scalar_endpoint,recorded scalar endpoint schedule passed all nonlinear interval readbacks; zero observed gap is not a joint AC-set proof
2013-05-21,178,2,611.3,124.921875,1,1,1,0.0,exact_at_scalar_endpoint,recorded scalar endpoint schedule passed all nonlinear interval readbacks; zero observed gap is not a joint AC-set proof
2013-05-21,178,2,634.1,128.046875,1,1,1,0.0,exact_at_scalar_endpoint,recorded scalar endpoint schedule passed all nonlinear interval readbacks; zero observed gap is not a joint AC-set proof
2013-05-21,178,3,611.3,118.359375,1,1,1,0.0,exact_at_scalar_endpoint,recorded scalar endpoint schedule passed all nonlinear interval readbacks; zero observed gap is not a joint AC-set proof
2013-05-21,178,3,634.1,123.59375,1,1,1,0.0,exact_at_scalar_endpoint,recorded scalar endpoint schedule passed all nonlinear interval readbacks; zero observed gap is not a joint AC-set proof
2013-05-21,178,4,611.3,95.703125,1,1,1,0.0,exact_at_scalar_endpoint,recorded scalar endpoint schedule passed all nonlinear interval readbacks; zero observed gap is not a joint AC-set proof
2013-05-21,178,4,634.1,115.859375,1,1,1,0.0,exact_at_scalar_endpoint,recorded scalar endpoint schedule passed all nonlinear interval readbacks; zero observed gap is not a joint AC-set proof
2013-05-21,178,5,611.3,110.46875,1,1,1,0.0,exact_at_scalar_endpoint,recorded scalar endpoint schedule passed all nonlinear interval readbacks; zero observed gap is not a joint AC-set proof
2013-05-21,178,5,634.1,118.515625,1,1,1,0.0,exact_at_scalar_endpoint,recorded scalar endpoint schedule passed all nonlinear interval readbacks; zero observed gap is not a joint AC-set proof
2013-05-21,178,6,611.3,134.375,1,1,1,0.0,exact_at_scalar_endpoint,recorded scalar endpoint schedule passed all nonlinear interval readbacks; zero observed gap is not a joint AC-set proof
2013-05-21,178,6,634.1,146.40625,1,1,1,0.0,exact_at_scalar_endpoint,recorded scalar endpoint schedule passed all nonlinear interval readbacks; zero observed gap is not a joint AC-set proof
2013-05-21,178,7,611.3,139.375,1,1,1,0.0,exact_at_scalar_endpoint,recorded scalar endpoint schedule passed all nonlinear interval readbacks; zero observed gap is not a joint AC-set proof
2013-05-21,178,7,634.1,148.75,1,1,1,0.0,exact_at_scalar_endpoint,recorded scalar endpoint schedule passed all nonlinear interval readbacks; zero observed gap is not a joint AC-set proof
2013-05-21,178,8,611.3,112.03125,1,1,1,0.0,exact_at_scalar_endpoint,recorded scalar endpoint schedule passed all nonlinear interval readbacks; zero observed gap is not a joint AC-set proof
2013-05-21,178,8,634.1,124.609375,1,1,1,0.0,exact_at_scalar_endpoint,recorded scalar endpoint schedule passed all nonlinear interval readbacks; zero observed gap is not a joint AC-set proof
2013-05-21,178,9,611.3,135.15625,1,1,1,0.0,exact_at_scalar_endpoint,recorded scalar endpoint schedule passed all nonlinear interval readbacks; zero observed gap is not a joint AC-set proof
2013-05-21,178,9,634.1,142.8125,1,1,1,0.0,exact_at_scalar_endpoint,recorded scalar endpoint schedule passed all nonlinear interval readbacks; zero observed gap is not a joint AC-set proof
2013-05-22,179,0,611.3,150.859375,1,1,1,0.0,exact_at_scalar_endpoint,recorded scalar endpoint schedule passed all nonlinear interval readbacks; zero observed gap is not a joint AC-set proof
2013-05-22,179,0,634.1,170.703125,1,1,1,0.0,exact_at_scalar_endpoint,recorded scalar endpoint schedule passed all nonlinear interval readbacks; zero observed gap is not a joint AC-set proof
2013-05-22,179,1,611.3,158.90625,1,1,1,0.0,exact_at_scalar_endpoint,recorded scalar endpoint schedule passed all nonlinear interval readbacks; zero observed gap is not a joint AC-set proof
2013-05-22,179,1,634.1,182.1875,1,1,1,0.0,exact_at_scalar_endpoint,recorded scalar endpoint schedule passed all nonlinear interval readbacks; zero observed gap is not a joint AC-set proof
2013-05-22,179,2,611.3,158.984375,1,1,1,0.0,exact_at_scalar_endpoint,recorded scalar endpoint schedule passed all nonlinear interval readbacks; zero observed gap is not a joint AC-set proof
2013-05-22,179,2,634.1,185.234375,1,1,1,0.0,exact_at_scalar_endpoint,recorded scalar endpoint schedule passed all nonlinear interval readbacks; zero observed gap is not a joint AC-set proof
2013-05-22,179,3,611.3,148.203125,1,1,1,0.0,exact_at_scalar_endpoint,recorded scalar endpoint schedule passed all nonlinear interval readbacks; zero observed gap is not a joint AC-set proof
2013-05-22,179,3,634.1,171.5625,1,1,1,0.0,exact_at_scalar_endpoint,recorded scalar endpoint schedule passed all nonlinear interval readbacks; zero observed gap is not a joint AC-set proof
2013-05-22,179,4,611.3,150.9375,1,1,1,0.0,exact_at_scalar_endpoint,recorded scalar endpoint schedule passed all nonlinear interval readbacks; zero observed gap is not a joint AC-set proof
2013-05-22,179,4,634.1,172.8125,1,1,1,0.0,exact_at_scalar_endpoint,recorded scalar endpoint schedule passed all nonlinear interval readbacks; zero observed gap is not a joint AC-set proof
2013-05-22,179,5,611.3,154.53125,1,1,1,0.0,exact_at_scalar_endpoint,recorded scalar endpoint schedule passed all nonlinear interval readbacks; zero observed gap is not a joint AC-set proof
2013-05-22,179,5,634.1,174.453125,1,1,1,0.0,exact_at_scalar_endpoint,recorded scalar endpoint schedule passed all nonlinear interval readbacks; zero observed gap is not a joint AC-set proof
2013-05-22,179,6,611.3,154.375,1,1,1,0.0,exact_at_scalar_endpoint,recorded scalar endpoint schedule passed all nonlinear interval readbacks; zero observed gap is not a joint AC-set proof
2013-05-22,179,6,634.1,174.296875,1,1,1,0.0,exact_at_scalar_endpoint,recorded scalar endpoint schedule passed all nonlinear interval readbacks; zero observed gap is not a joint AC-set proof
2013-05-22,179,7,611.3,158.125,1,1,1,0.0,exact_at_scalar_endpoint,recorded scalar endpoint schedule passed all nonlinear interval readbacks; zero observed gap is not a joint AC-set proof
2013-05-22,179,7,634.1,182.34375,1,1,1,0.0,exact_at_scalar_endpoint,recorded scalar endpoint schedule passed all nonlinear interval readbacks; zero observed gap is not a joint AC-set proof
2013-05-22,179,8,611.3,159.140625,1,1,1,0.0,exact_at_scalar_endpoint,recorded scalar endpoint schedule passed all nonlinear interval readbacks; zero observed gap is not a joint AC-set proof
2013-05-22,179,8,634.1,180.078125,1,1,1,0.0,exact_at_scalar_endpoint,recorded scalar endpoint schedule passed all nonlinear interval readbacks; zero observed gap is not a joint AC-set proof
2013-05-22,179,9,611.3,158.28125,1,1,1,0.0,exact_at_scalar_endpoint,recorded scalar endpoint schedule passed all nonlinear interval readbacks; zero observed gap is not a joint AC-set proof
2013-05-22,179,9,634.1,182.890625,1,1,1,0.0,exact_at_scalar_endpoint,recorded scalar endpoint schedule passed all nonlinear interval readbacks; zero observed gap is not a joint AC-set proof
2013-05-23,180,0,611.3,162.421875,1,1,1,0.0,exact_at_scalar_endpoint,recorded scalar endpoint schedule passed all nonlinear interval readbacks; zero observed gap is not a joint AC-set proof
2013-05-23,180,0,634.1,175.625,1,1,1,0.0,exact_at_scalar_endpoint,recorded scalar endpoint schedule passed all nonlinear interval readbacks; zero observed gap is not a joint AC-set proof
2013-05-23,180,1,611.3,148.4375,1,1,1,0.0,exact_at_scalar_endpoint,recorded scalar endpoint schedule passed all nonlinear interval readbacks; zero observed gap is not a joint AC-set proof
2013-05-23,180,1,634.1,171.640625,1,1,1,0.0,exact_at_scalar_endpoint,recorded scalar endpoint schedule passed all nonlinear interval readbacks; zero observed gap is not a joint AC-set proof
2013-05-23,180,2,611.3,159.609375,1,1,1,0.0,exact_at_scalar_endpoint,recorded scalar endpoint schedule passed all nonlinear interval readbacks; zero observed gap is not a joint AC-set proof
2013-05-23,180,2,634.1,186.953125,1,1,1,0.0,exact_at_scalar_endpoint,recorded scalar endpoint schedule passed all nonlinear interval readbacks; zero observed gap is not a joint AC-set proof
2013-05-23,180,3,611.3,150.78125,1,1,1,0.0,exact_at_scalar_endpoint,recorded scalar endpoint schedule passed all nonlinear interval readbacks; zero observed gap is not a joint AC-set proof
2013-05-23,180,3,634.1,172.734375,1,1,1,0.0,exact_at_scalar_endpoint,recorded scalar endpoint schedule passed all nonlinear interval readbacks; zero observed gap is not a joint AC-set proof
2013-05-23,180,4,611.3,151.640625,1,1,1,0.0,exact_at_scalar_endpoint,recorded scalar endpoint schedule passed all nonlinear interval readbacks; zero observed gap is not a joint AC-set proof
2013-05-23,180,4,634.1,173.125,1,1,1,0.0,exact_at_scalar_endpoint,recorded scalar endpoint schedule passed all nonlinear interval readbacks; zero observed gap is not a joint AC-set proof
2013-05-23,180,5,611.3,153.4375,1,1,1,0.0,exact_at_scalar_endpoint,recorded scalar endpoint schedule passed all nonlinear interval readbacks; zero observed gap is not a joint AC-set proof
2013-05-23,180,5,634.1,173.90625,1,1,1,0.0,exact_at_scalar_endpoint,recorded scalar endpoint schedule passed all nonlinear interval readbacks; zero observed gap is not a joint AC-set proof
2013-05-23,180,6,611.3,143.359375,1,1,1,0.0,exact_at_scalar_endpoint,recorded scalar endpoint schedule passed all nonlinear interval readbacks; zero observed gap is not a joint AC-set proof
2013-05-23,180,6,634.1,169.375,1,1,1,0.0,exact_at_scalar_endpoint,recorded scalar endpoint schedule passed all nonlinear interval readbacks; zero observed gap is not a joint AC-set proof
2013-05-23,180,7,611.3,157.890625,1,1,1,0.0,exact_at_scalar_endpoint,recorded scalar endpoint schedule passed all nonlinear interval readbacks; zero observed gap is not a joint AC-set proof
2013-05-23,180,7,634.1,181.484375,1,1,1,0.0,exact_at_scalar_endpoint,recorded scalar endpoint schedule passed all nonlinear interval readbacks; zero observed gap is not a joint AC-set proof
2013-05-23,180,8,611.3,156.953125,1,1,1,0.0,exact_at_scalar_endpoint,recorded scalar endpoint schedule passed all nonlinear interval readbacks; zero observed gap is not a joint AC-set proof
2013-05-23,180,8,634.1,178.203125,1,1,1,0.0,exact_at_scalar_endpoint,recorded scalar endpoint schedule passed all nonlinear interval readbacks; zero observed gap is not a joint AC-set proof
2013-05-23,180,9,611.3,156.5625,1,1,1,0.0,exact_at_scalar_endpoint,recorded scalar endpoint schedule passed all nonlinear interval readbacks; zero observed gap is not a joint AC-set proof
2013-05-23,180,9,634.1,177.265625,1,1,1,0.0,exact_at_scalar_endpoint,recorded scalar endpoint schedule passed all nonlinear interval readbacks; zero observed gap is not a joint AC-set proof
2013-05-24,181,0,611.3,160.625,1,1,1,0.0,exact_at_scalar_endpoint,recorded scalar endpoint schedule passed all nonlinear interval readbacks; zero observed gap is not a joint AC-set proof
2013-05-24,181,0,634.1,174.609375,1,1,1,0.0,exact_at_scalar_endpoint,recorded scalar endpoint schedule passed all nonlinear interval readbacks; zero observed gap is not a joint AC-set proof
2013-05-24,181,1,611.3,146.953125,1,1,1,0.0,exact_at_scalar_endpoint,recorded scalar endpoint schedule passed all nonlinear interval readbacks; zero observed gap is not a joint AC-set proof
2013-05-24,181,1,634.1,169.0625,1,1,1,0.0,exact_at_scalar_endpoint,recorded scalar endpoint schedule passed all nonlinear interval readbacks; zero observed gap is not a joint AC-set proof
2013-05-24,181,2,611.3,151.25,1,1,1,0.0,exact_at_scalar_endpoint,recorded scalar endpoint schedule passed all nonlinear interval readbacks; zero observed gap is not a joint AC-set proof
2013-05-24,181,2,634.1,169.140625,1,1,1,0.0,exact_at_scalar_endpoint,recorded scalar endpoint schedule passed all nonlinear interval readbacks; zero observed gap is not a joint AC-set proof
2013-05-24,181,3,611.3,156.640625,1,1,1,0.0,exact_at_scalar_endpoint,recorded scalar endpoint schedule passed all nonlinear interval readbacks; zero observed gap is not a joint AC-set proof
2013-05-24,181,3,634.1,174.53125,1,1,1,0.0,exact_at_scalar_endpoint,recorded scalar endpoint schedule passed all nonlinear interval readbacks; zero observed gap is not a joint AC-set proof
2013-05-24,181,4,611.3,154.296875,1,1,1,0.0,exact_at_scalar_endpoint,recorded scalar endpoint schedule passed all nonlinear interval readbacks; zero observed gap is not a joint AC-set proof
2013-05-24,181,4,634.1,174.296875,1,1,1,0.0,exact_at_scalar_endpoint,recorded scalar endpoint schedule passed all nonlinear interval readbacks; zero observed gap is not a joint AC-set proof
2013-05-24,181,5,611.3,147.890625,1,1,1,0.0,exact_at_scalar_endpoint,recorded scalar endpoint schedule passed all nonlinear interval readbacks; zero observed gap is not a joint AC-set proof
2013-05-24,181,5,634.1,168.984375,1,1,1,0.0,exact_at_scalar_endpoint,recorded scalar endpoint schedule passed all nonlinear interval readbacks; zero observed gap is not a joint AC-set proof
2013-05-24,181,6,611.3,143.203125,1,1,1,0.0,exact_at_scalar_endpoint,recorded scalar endpoint schedule passed all nonlinear interval readbacks; zero observed gap is not a joint AC-set proof
2013-05-24,181,6,634.1,168.4375,1,1,1,0.0,exact_at_scalar_endpoint,recorded scalar endpoint schedule passed all nonlinear interval readbacks; zero observed gap is not a joint AC-set proof
2013-05-24,181,7,611.3,158.046875,1,1,1,0.0,exact_at_scalar_endpoint,recorded scalar endpoint schedule passed all nonlinear interval readbacks; zero observed gap is not a joint AC-set proof
2013-05-24,181,7,634.1,181.875,1,1,1,0.0,exact_at_scalar_endpoint,recorded scalar endpoint schedule passed all nonlinear interval readbacks; zero observed gap is not a joint AC-set proof
2013-05-24,181,8,611.3,148.671875,1,1,1,0.0,exact_at_scalar_endpoint,recorded scalar endpoint schedule passed all nonlinear interval readbacks; zero observed gap is not a joint AC-set proof
2013-05-24,181,8,634.1,171.796875,1,1,1,0.0,exact_at_scalar_endpoint,recorded scalar endpoint schedule passed all nonlinear interval readbacks; zero observed gap is not a joint AC-set proof
2013-05-24,181,9,611.3,159.296875,1,1,1,0.0,exact_at_scalar_endpoint,recorded scalar endpoint schedule passed all nonlinear interval readbacks; zero observed gap is not a joint AC-set proof
2013-05-24,181,9,634.1,179.921875,1,1,1,0.0,exact_at_scalar_endpoint,recorded scalar endpoint schedule passed all nonlinear interval readbacks; zero observed gap is not a joint AC-set proof
2013-05-25,182,0,611.3,112.265625,1,1,1,0.0,exact_at_scalar_endpoint,recorded scalar endpoint schedule passed all nonlinear interval readbacks; zero observed gap is not a joint AC-set proof
2013-05-25,182,0,634.1,125.46875,1,1,1,0.0,exact_at_scalar_endpoint,recorded scalar endpoint schedule passed all nonlinear interval readbacks; zero observed gap is not a joint AC-set proof
2013-05-25,182,1,611.3,156.328125,1,1,1,0.0,exact_at_scalar_endpoint,recorded scalar endpoint schedule passed all nonlinear interval readbacks; zero observed gap is not a joint AC-set proof
2013-05-25,182,1,634.1,169.6875,1,1,1,0.0,exact_at_scalar_endpoint,recorded scalar endpoint schedule passed all nonlinear interval readbacks; zero observed gap is not a joint AC-set proof
2013-05-25,182,2,611.3,128.046875,1,1,1,0.0,exact_at_scalar_endpoint,recorded scalar endpoint schedule passed all nonlinear interval readbacks; zero observed gap is not a joint AC-set proof
2013-05-25,182,2,634.1,138.59375,1,1,1,0.0,exact_at_scalar_endpoint,recorded scalar endpoint schedule passed all nonlinear interval readbacks; zero observed gap is not a joint AC-set proof
2013-05-25,182,3,611.3,142.890625,1,1,1,0.0,exact_at_scalar_endpoint,recorded scalar endpoint schedule passed all nonlinear interval readbacks; zero observed gap is not a joint AC-set proof
2013-05-25,182,3,634.1,156.328125,1,1,1,0.0,exact_at_scalar_endpoint,recorded scalar endpoint schedule passed all nonlinear interval readbacks; zero observed gap is not a joint AC-set proof
2013-05-25,182,4,611.3,154.921875,1,1,1,0.0,exact_at_scalar_endpoint,recorded scalar endpoint schedule passed all nonlinear interval readbacks; zero observed gap is not a joint AC-set proof
2013-05-25,182,4,634.1,174.609375,1,1,1,0.0,exact_at_scalar_endpoint,recorded scalar endpoint schedule passed all nonlinear interval readbacks; zero observed gap is not a joint AC-set proof
2013-05-25,182,5,611.3,135.78125,1,1,1,0.0,exact_at_scalar_endpoint,recorded scalar endpoint schedule passed all nonlinear interval readbacks; zero observed gap is not a joint AC-set proof
2013-05-25,182,5,634.1,140.0,1,1,1,0.0,exact_at_scalar_endpoint,recorded scalar endpoint schedule passed all nonlinear interval readbacks; zero observed gap is not a joint AC-set proof
2013-05-25,182,6,611.3,132.8125,1,1,1,0.0,exact_at_scalar_endpoint,recorded scalar endpoint schedule passed all nonlinear interval readbacks; zero observed gap is not a joint AC-set proof
2013-05-25,182,6,634.1,159.6875,1,1,1,0.0,exact_at_scalar_endpoint,recorded scalar endpoint schedule passed all nonlinear interval readbacks; zero observed gap is not a joint AC-set proof
2013-05-25,182,7,611.3,157.734375,1,1,1,0.0,exact_at_scalar_endpoint,recorded scalar endpoint schedule passed all nonlinear interval readbacks; zero observed gap is not a joint AC-set proof
2013-05-25,182,7,634.1,176.71875,1,1,1,0.0,exact_at_scalar_endpoint,recorded scalar endpoint schedule passed all nonlinear interval readbacks; zero observed gap is not a joint AC-set proof
2013-05-25,182,8,611.3,137.890625,1,1,1,0.0,exact_at_scalar_endpoint,recorded scalar endpoint schedule passed all nonlinear interval readbacks; zero observed gap is not a joint AC-set proof
2013-05-25,182,8,634.1,152.265625,1,1,1,0.0,exact_at_scalar_endpoint,recorded scalar endpoint schedule passed all nonlinear interval readbacks; zero observed gap is not a joint AC-set proof
2013-05-25,182,9,611.3,157.109375,1,1,1,0.0,exact_at_scalar_endpoint,recorded scalar endpoint schedule passed all nonlinear interval readbacks; zero observed gap is not a joint AC-set proof
2013-05-25,182,9,634.1,169.84375,1,1,1,0.0,exact_at_scalar_endpoint,recorded scalar endpoint schedule passed all nonlinear interval readbacks; zero observed gap is not a joint AC-set proof
2013-05-26,183,0,611.3,136.796875,1,1,1,0.0,exact_at_scalar_endpoint,recorded scalar endpoint schedule passed all nonlinear interval readbacks; zero observed gap is not a joint AC-set proof
2013-05-26,183,0,634.1,141.796875,1,1,1,0.0,exact_at_scalar_endpoint,recorded scalar endpoint schedule passed all nonlinear interval readbacks; zero observed gap is not a joint AC-set proof
2013-05-26,183,1,611.3,145.15625,1,1,1,0.0,exact_at_scalar_endpoint,recorded scalar endpoint schedule passed all nonlinear interval readbacks; zero observed gap is not a joint AC-set proof
2013-05-26,183,1,634.1,151.640625,1,1,1,0.0,exact_at_scalar_endpoint,recorded scalar endpoint schedule passed all nonlinear interval readbacks; zero observed gap is not a joint AC-set proof
2013-05-26,183,2,611.3,153.359375,1,1,1,0.0,exact_at_scalar_endpoint,recorded scalar endpoint schedule passed all nonlinear interval readbacks; zero observed gap is not a joint AC-set proof
2013-05-26,183,2,634.1,150.46875,1,1,1,0.0,exact_at_scalar_endpoint,recorded scalar endpoint schedule passed all nonlinear interval readbacks; zero observed gap is not a joint AC-set proof
2013-05-26,183,3,611.3,147.578125,1,1,1,0.0,exact_at_scalar_endpoint,recorded scalar endpoint schedule passed all nonlinear interval readbacks; zero observed gap is not a joint AC-set proof
2013-05-26,183,3,634.1,152.109375,1,1,1,0.0,exact_at_scalar_endpoint,recorded scalar endpoint schedule passed all nonlinear interval readbacks; zero observed gap is not a joint AC-set proof
2013-05-26,183,4,611.3,141.171875,1,1,1,0.0,exact_at_scalar_endpoint,recorded scalar endpoint schedule passed all nonlinear interval readbacks; zero observed gap is not a joint AC-set proof
2013-05-26,183,4,634.1,148.046875,1,1,1,0.0,exact_at_scalar_endpoint,recorded scalar endpoint schedule passed all nonlinear interval readbacks; zero observed gap is not a joint AC-set proof
2013-05-26,183,5,611.3,116.71875,1,1,1,0.0,exact_at_scalar_endpoint,recorded scalar endpoint schedule passed all nonlinear interval readbacks; zero observed gap is not a joint AC-set proof
2013-05-26,183,5,634.1,120.390625,1,1,1,0.0,exact_at_scalar_endpoint,recorded scalar endpoint schedule passed all nonlinear interval readbacks; zero observed gap is not a joint AC-set proof
2013-05-26,183,6,611.3,132.421875,1,1,1,0.0,exact_at_scalar_endpoint,recorded scalar endpoint schedule passed all nonlinear interval readbacks; zero observed gap is not a joint AC-set proof
2013-05-26,183,6,634.1,141.640625,1,1,1,0.0,exact_at_scalar_endpoint,recorded scalar endpoint schedule passed all nonlinear interval readbacks; zero observed gap is not a joint AC-set proof
2013-05-26,183,7,611.3,153.984375,1,1,1,0.0,exact_at_scalar_endpoint,recorded scalar endpoint schedule passed all nonlinear interval readbacks; zero observed gap is not a joint AC-set proof
2013-05-26,183,7,634.1,161.5625,1,1,1,0.0,exact_at_scalar_endpoint,recorded scalar endpoint schedule passed all nonlinear interval readbacks; zero observed gap is not a joint AC-set proof
2013-05-26,183,8,611.3,151.5625,1,1,1,0.0,exact_at_scalar_endpoint,recorded scalar endpoint schedule passed all nonlinear interval readbacks; zero observed gap is not a joint AC-set proof
2013-05-26,183,8,634.1,167.8125,1,1,1,0.0,exact_at_scalar_endpoint,recorded scalar endpoint schedule passed all nonlinear interval readbacks; zero observed gap is not a joint AC-set proof
2013-05-26,183,9,611.3,143.984375,1,1,1,0.0,exact_at_scalar_endpoint,recorded scalar endpoint schedule passed all nonlinear interval readbacks; zero observed gap is not a joint AC-set proof
2013-05-26,183,9,634.1,161.015625,1,1,1,0.0,exact_at_scalar_endpoint,recorded scalar endpoint schedule passed all nonlinear interval readbacks; zero observed gap is not a joint AC-set proof
2013-05-27,184,0,611.3,158.046875,1,1,1,0.0,exact_at_scalar_endpoint,recorded scalar endpoint schedule passed all nonlinear interval readbacks; zero observed gap is not a joint AC-set proof
2013-05-27,184,0,634.1,172.578125,1,1,1,0.0,exact_at_scalar_endpoint,recorded scalar endpoint schedule passed all nonlinear interval readbacks; zero observed gap is not a joint AC-set proof
2013-05-27,184,1,611.3,153.28125,1,1,1,0.0,exact_at_scalar_endpoint,recorded scalar endpoint schedule passed all nonlinear interval readbacks; zero observed gap is not a joint AC-set proof
2013-05-27,184,1,634.1,173.828125,1,1,1,0.0,exact_at_scalar_endpoint,recorded scalar endpoint schedule passed all nonlinear interval readbacks; zero observed gap is not a joint AC-set proof
2013-05-27,184,2,611.3,158.4375,1,1,1,0.0,exact_at_scalar_endpoint,recorded scalar endpoint schedule passed all nonlinear interval readbacks; zero observed gap is not a joint AC-set proof
2013-05-27,184,2,634.1,172.265625,1,1,1,0.0,exact_at_scalar_endpoint,recorded scalar endpoint schedule passed all nonlinear interval readbacks; zero observed gap is not a joint AC-set proof
2013-05-27,184,3,611.3,133.046875,1,1,1,0.0,exact_at_scalar_endpoint,recorded scalar endpoint schedule passed all nonlinear interval readbacks; zero observed gap is not a joint AC-set proof
2013-05-27,184,3,634.1,158.75,1,1,1,0.0,exact_at_scalar_endpoint,recorded scalar endpoint schedule passed all nonlinear interval readbacks; zero observed gap is not a joint AC-set proof
2013-05-27,184,4,611.3,121.640625,1,1,1,0.0,exact_at_scalar_endpoint,recorded scalar endpoint schedule passed all nonlinear interval readbacks; zero observed gap is not a joint AC-set proof
2013-05-27,184,4,634.1,146.09375,1,1,1,0.0,exact_at_scalar_endpoint,recorded scalar endpoint schedule passed all nonlinear interval readbacks; zero observed gap is not a joint AC-set proof
2013-05-27,184,5,611.3,140.859375,1,1,1,0.0,exact_at_scalar_endpoint,recorded scalar endpoint schedule passed all nonlinear interval readbacks; zero observed gap is not a joint AC-set proof
2013-05-27,184,5,634.1,158.359375,1,1,1,0.0,exact_at_scalar_endpoint,recorded scalar endpoint schedule passed all nonlinear interval readbacks; zero observed gap is not a joint AC-set proof
2013-05-27,184,6,611.3,145.234375,1,1,1,0.0,exact_at_scalar_endpoint,recorded scalar endpoint schedule passed all nonlinear interval readbacks; zero observed gap is not a joint AC-set proof
2013-05-27,184,6,634.1,170.15625,1,1,1,0.0,exact_at_scalar_endpoint,recorded scalar endpoint schedule passed all nonlinear interval readbacks; zero observed gap is not a joint AC-set proof
2013-05-27,184,7,611.3,158.4375,1,1,1,0.0,exact_at_scalar_endpoint,recorded scalar endpoint schedule passed all nonlinear interval readbacks; zero observed gap is not a joint AC-set proof
2013-05-27,184,7,634.1,182.96875,1,1,1,0.0,exact_at_scalar_endpoint,recorded scalar endpoint schedule passed all nonlinear interval readbacks; zero observed gap is not a joint AC-set proof
2013-05-27,184,8,611.3,156.796875,1,1,1,0.0,exact_at_scalar_endpoint,recorded scalar endpoint schedule passed all nonlinear interval readbacks; zero observed gap is not a joint AC-set proof
2013-05-27,184,8,634.1,174.375,1,1,1,0.0,exact_at_scalar_endpoint,recorded scalar endpoint schedule passed all nonlinear interval readbacks; zero observed gap is not a joint AC-set proof
2013-05-27,184,9,611.3,155.15625,1,1,1,0.0,exact_at_scalar_endpoint,recorded scalar endpoint schedule passed all nonlinear interval readbacks; zero observed gap is not a joint AC-set proof
2013-05-27,184,9,634.1,171.25,1,1,1,0.0,exact_at_scalar_endpoint,recorded scalar endpoint schedule passed all nonlinear interval readbacks; zero observed gap is not a joint AC-set proof
2013-05-28,185,0,611.3,154.0625,1,1,1,0.0,exact_at_scalar_endpoint,recorded scalar endpoint schedule passed all nonlinear interval readbacks; zero observed gap is not a joint AC-set proof
2013-05-28,185,0,634.1,170.390625,1,1,1,0.0,exact_at_scalar_endpoint,recorded scalar endpoint schedule passed all nonlinear interval readbacks; zero observed gap is not a joint AC-set proof
2013-05-28,185,1,611.3,148.90625,1,1,1,0.0,exact_at_scalar_endpoint,recorded scalar endpoint schedule passed all nonlinear interval readbacks; zero observed gap is not a joint AC-set proof
2013-05-28,185,1,634.1,171.875,1,1,1,0.0,exact_at_scalar_endpoint,recorded scalar endpoint schedule passed all nonlinear interval readbacks; zero observed gap is not a joint AC-set proof
2013-05-28,185,2,611.3,138.4375,1,1,1,0.0,exact_at_scalar_endpoint,recorded scalar endpoint schedule passed all nonlinear interval readbacks; zero observed gap is not a joint AC-set proof
2013-05-28,185,2,634.1,159.140625,1,1,1,0.0,exact_at_scalar_endpoint,recorded scalar endpoint schedule passed all nonlinear interval readbacks; zero observed gap is not a joint AC-set proof
2013-05-28,185,3,611.3,148.515625,1,1,1,0.0,exact_at_scalar_endpoint,recorded scalar endpoint schedule passed all nonlinear interval readbacks; zero observed gap is not a joint AC-set proof
2013-05-28,185,3,634.1,165.546875,1,1,1,0.0,exact_at_scalar_endpoint,recorded scalar endpoint schedule passed all nonlinear interval readbacks; zero observed gap is not a joint AC-set proof
2013-05-28,185,4,611.3,135.3125,1,1,1,0.0,exact_at_scalar_endpoint,recorded scalar endpoint schedule passed all nonlinear interval readbacks; zero observed gap is not a joint AC-set proof
2013-05-28,185,4,634.1,165.703125,1,1,1,0.0,exact_at_scalar_endpoint,recorded scalar endpoint schedule passed all nonlinear interval readbacks; zero observed gap is not a joint AC-set proof
2013-05-28,185,5,611.3,116.71875,1,1,1,0.0,exact_at_scalar_endpoint,recorded scalar endpoint schedule passed all nonlinear interval readbacks; zero observed gap is not a joint AC-set proof
2013-05-28,185,5,634.1,136.953125,1,1,1,0.0,exact_at_scalar_endpoint,recorded scalar endpoint schedule passed all nonlinear interval readbacks; zero observed gap is not a joint AC-set proof
2013-05-28,185,6,611.3,148.90625,1,1,1,0.0,exact_at_scalar_endpoint,recorded scalar endpoint schedule passed all nonlinear interval readbacks; zero observed gap is not a joint AC-set proof
2013-05-28,185,6,634.1,167.65625,1,1,1,0.0,exact_at_scalar_endpoint,recorded scalar endpoint schedule passed all nonlinear interval readbacks; zero observed gap is not a joint AC-set proof
2013-05-28,185,7,611.3,159.140625,1,1,1,0.0,exact_at_scalar_endpoint,recorded scalar endpoint schedule passed all nonlinear interval readbacks; zero observed gap is not a joint AC-set proof
2013-05-28,185,7,634.1,175.9375,1,1,1,0.0,exact_at_scalar_endpoint,recorded scalar endpoint schedule passed all nonlinear interval readbacks; zero observed gap is not a joint AC-set proof
2013-05-28,185,8,611.3,148.515625,1,1,1,0.0,exact_at_scalar_endpoint,recorded scalar endpoint schedule passed all nonlinear interval readbacks; zero observed gap is not a joint AC-set proof
2013-05-28,185,8,634.1,166.171875,1,1,1,0.0,exact_at_scalar_endpoint,recorded scalar endpoint schedule passed all nonlinear interval readbacks; zero observed gap is not a joint AC-set proof
2013-05-28,185,9,611.3,143.828125,1,1,1,0.0,exact_at_scalar_endpoint,recorded scalar endpoint schedule passed all nonlinear interval readbacks; zero observed gap is not a joint AC-set proof
2013-05-28,185,9,634.1,169.609375,1,1,1,0.0,exact_at_scalar_endpoint,recorded scalar endpoint schedule passed all nonlinear interval readbacks; zero observed gap is not a joint AC-set proof
2013-05-29,186,0,611.3,107.1875,1,1,1,0.0,exact_at_scalar_endpoint,recorded scalar endpoint schedule passed all nonlinear interval readbacks; zero observed gap is not a joint AC-set proof
2013-05-29,186,0,634.1,121.640625,1,1,1,0.0,exact_at_scalar_endpoint,recorded scalar endpoint schedule passed all nonlinear interval readbacks; zero observed gap is not a joint AC-set proof
2013-05-29,186,1,611.3,117.734375,1,1,1,0.0,exact_at_scalar_endpoint,recorded scalar endpoint schedule passed all nonlinear interval readbacks; zero observed gap is not a joint AC-set proof
2013-05-29,186,1,634.1,128.828125,1,1,1,0.0,exact_at_scalar_endpoint,recorded scalar endpoint schedule passed all nonlinear interval readbacks; zero observed gap is not a joint AC-set proof
2013-05-29,186,2,611.3,121.953125,1,1,1,0.0,exact_at_scalar_endpoint,recorded scalar endpoint schedule passed all nonlinear interval readbacks; zero observed gap is not a joint AC-set proof
2013-05-29,186,2,634.1,135.703125,1,1,1,0.0,exact_at_scalar_endpoint,recorded scalar endpoint schedule passed all nonlinear interval readbacks; zero observed gap is not a joint AC-set proof
2013-05-29,186,3,611.3,111.484375,1,1,1,0.0,exact_at_scalar_endpoint,recorded scalar endpoint schedule passed all nonlinear interval readbacks; zero observed gap is not a joint AC-set proof
2013-05-29,186,3,634.1,122.109375,1,1,1,0.0,exact_at_scalar_endpoint,recorded scalar endpoint schedule passed all nonlinear interval readbacks; zero observed gap is not a joint AC-set proof
2013-05-29,186,4,611.3,106.40625,1,1,1,0.0,exact_at_scalar_endpoint,recorded scalar endpoint schedule passed all nonlinear interval readbacks; zero observed gap is not a joint AC-set proof
2013-05-29,186,4,634.1,122.5,1,1,1,0.0,exact_at_scalar_endpoint,recorded scalar endpoint schedule passed all nonlinear interval readbacks; zero observed gap is not a joint AC-set proof
2013-05-29,186,5,611.3,122.734375,1,1,1,0.0,exact_at_scalar_endpoint,recorded scalar endpoint schedule passed all nonlinear interval readbacks; zero observed gap is not a joint AC-set proof
2013-05-29,186,5,634.1,128.984375,1,1,1,0.0,exact_at_scalar_endpoint,recorded scalar endpoint schedule passed all nonlinear interval readbacks; zero observed gap is not a joint AC-set proof
2013-05-29,186,6,611.3,119.765625,1,1,1,0.0,exact_at_scalar_endpoint,recorded scalar endpoint schedule passed all nonlinear interval readbacks; zero observed gap is not a joint AC-set proof
2013-05-29,186,6,634.1,138.28125,1,1,1,0.0,exact_at_scalar_endpoint,recorded scalar endpoint schedule passed all nonlinear interval readbacks; zero observed gap is not a joint AC-set proof
2013-05-29,186,7,611.3,150.859375,1,1,1,0.0,exact_at_scalar_endpoint,recorded scalar endpoint schedule passed all nonlinear interval readbacks; zero observed gap is not a joint AC-set proof
2013-05-29,186,7,634.1,165.78125,1,1,1,0.0,exact_at_scalar_endpoint,recorded scalar endpoint schedule passed all nonlinear interval readbacks; zero observed gap is not a joint AC-set proof
2013-05-29,186,8,611.3,121.5625,1,1,1,0.0,exact_at_scalar_endpoint,recorded scalar endpoint schedule passed all nonlinear interval readbacks; zero observed gap is not a joint AC-set proof
2013-05-29,186,8,634.1,132.890625,1,1,1,0.0,exact_at_scalar_endpoint,recorded scalar endpoint schedule passed all nonlinear interval readbacks; zero observed gap is not a joint AC-set proof
2013-05-29,186,9,611.3,136.5625,1,1,1,0.0,exact_at_scalar_endpoint,recorded scalar endpoint schedule passed all nonlinear interval readbacks; zero observed gap is not a joint AC-set proof
2013-05-29,186,9,634.1,144.6875,1,1,1,0.0,exact_at_scalar_endpoint,recorded scalar endpoint schedule passed all nonlinear interval readbacks; zero observed gap is not a joint AC-set proof
2013-05-30,187,0,611.3,106.796875,1,1,1,0.0,exact_at_scalar_endpoint,recorded scalar endpoint schedule passed all nonlinear interval readbacks; zero observed gap is not a joint AC-set proof
2013-05-30,187,0,634.1,120.625,1,1,1,0.0,exact_at_scalar_endpoint,recorded scalar endpoint schedule passed all nonlinear interval readbacks; zero observed gap is not a joint AC-set proof
2013-05-30,187,1,611.3,121.09375,1,1,1,0.0,exact_at_scalar_endpoint,recorded scalar endpoint schedule passed all nonlinear interval readbacks; zero observed gap is not a joint AC-set proof
2013-05-30,187,1,634.1,132.96875,1,1,1,0.0,exact_at_scalar_endpoint,recorded scalar endpoint schedule passed all nonlinear interval readbacks; zero observed gap is not a joint AC-set proof
2013-05-30,187,2,611.3,115.390625,1,1,1,0.0,exact_at_scalar_endpoint,recorded scalar endpoint schedule passed all nonlinear interval readbacks; zero observed gap is not a joint AC-set proof
2013-05-30,187,2,634.1,124.21875,1,1,1,0.0,exact_at_scalar_endpoint,recorded scalar endpoint schedule passed all nonlinear interval readbacks; zero observed gap is not a joint AC-set proof
2013-05-30,187,3,611.3,122.03125,1,1,1,0.0,exact_at_scalar_endpoint,recorded scalar endpoint schedule passed all nonlinear interval readbacks; zero observed gap is not a joint AC-set proof
2013-05-30,187,3,634.1,132.578125,1,1,1,0.0,exact_at_scalar_endpoint,recorded scalar endpoint schedule passed all nonlinear interval readbacks; zero observed gap is not a joint AC-set proof
2013-05-30,187,4,611.3,103.59375,1,1,1,0.0,exact_at_scalar_endpoint,recorded scalar endpoint schedule passed all nonlinear interval readbacks; zero observed gap is not a joint AC-set proof
2013-05-30,187,4,634.1,119.296875,1,1,1,0.0,exact_at_scalar_endpoint,recorded scalar endpoint schedule passed all nonlinear interval readbacks; zero observed gap is not a joint AC-set proof
2013-05-30,187,5,611.3,102.96875,1,1,1,0.0,exact_at_scalar_endpoint,recorded scalar endpoint schedule passed all nonlinear interval readbacks; zero observed gap is not a joint AC-set proof
2013-05-30,187,5,634.1,115.0,1,1,1,0.0,exact_at_scalar_endpoint,recorded scalar endpoint schedule passed all nonlinear interval readbacks; zero observed gap is not a joint AC-set proof
2013-05-30,187,6,611.3,119.375,1,1,1,0.0,exact_at_scalar_endpoint,recorded scalar endpoint schedule passed all nonlinear interval readbacks; zero observed gap is not a joint AC-set proof
2013-05-30,187,6,634.1,133.984375,1,1,1,0.0,exact_at_scalar_endpoint,recorded scalar endpoint schedule passed all nonlinear interval readbacks; zero observed gap is not a joint AC-set proof
2013-05-30,187,7,611.3,132.890625,1,1,1,0.0,exact_at_scalar_endpoint,recorded scalar endpoint schedule passed all nonlinear interval readbacks; zero observed gap is not a joint AC-set proof
2013-05-30,187,7,634.1,148.046875,1,1,1,0.0,exact_at_scalar_endpoint,recorded scalar endpoint schedule passed all nonlinear interval readbacks; zero observed gap is not a joint AC-set proof
2013-05-30,187,8,611.3,113.828125,1,1,1,0.0,exact_at_scalar_endpoint,recorded scalar endpoint schedule passed all nonlinear interval readbacks; zero observed gap is not a joint AC-set proof
2013-05-30,187,8,634.1,130.078125,1,1,1,0.0,exact_at_scalar_endpoint,recorded scalar endpoint schedule passed all nonlinear interval readbacks; zero observed gap is not a joint AC-set proof
2013-05-30,187,9,611.3,120.390625,1,1,1,0.0,exact_at_scalar_endpoint,recorded scalar endpoint schedule passed all nonlinear interval readbacks; zero observed gap is not a joint AC-set proof
2013-05-30,187,9,634.1,137.109375,1,1,1,0.0,exact_at_scalar_endpoint,recorded scalar endpoint schedule passed all nonlinear interval readbacks; zero observed gap is not a joint AC-set proof
2013-05-31,188,0,611.3,113.359375,1,1,1,0.0,exact_at_scalar_endpoint,recorded scalar endpoint schedule passed all nonlinear interval readbacks; zero observed gap is not a joint AC-set proof
2013-05-31,188,0,634.1,129.296875,1,1,1,0.0,exact_at_scalar_endpoint,recorded scalar endpoint schedule passed all nonlinear interval readbacks; zero observed gap is not a joint AC-set proof
2013-05-31,188,1,611.3,118.203125,1,1,1,0.0,exact_at_scalar_endpoint,recorded scalar endpoint schedule passed all nonlinear interval readbacks; zero observed gap is not a joint AC-set proof
2013-05-31,188,1,634.1,128.4375,1,1,1,0.0,exact_at_scalar_endpoint,recorded scalar endpoint schedule passed all nonlinear interval readbacks; zero observed gap is not a joint AC-set proof
2013-05-31,188,2,611.3,106.875,1,1,1,0.0,exact_at_scalar_endpoint,recorded scalar endpoint schedule passed all nonlinear interval readbacks; zero observed gap is not a joint AC-set proof
2013-05-31,188,2,634.1,118.828125,1,1,1,0.0,exact_at_scalar_endpoint,recorded scalar endpoint schedule passed all nonlinear interval readbacks; zero observed gap is not a joint AC-set proof
2013-05-31,188,3,611.3,105.15625,1,1,1,0.0,exact_at_scalar_endpoint,recorded scalar endpoint schedule passed all nonlinear interval readbacks; zero observed gap is not a joint AC-set proof
2013-05-31,188,3,634.1,114.21875,1,1,1,0.0,exact_at_scalar_endpoint,recorded scalar endpoint schedule passed all nonlinear interval readbacks; zero observed gap is not a joint AC-set proof
2013-05-31,188,4,611.3,102.03125,1,1,1,0.0,exact_at_scalar_endpoint,recorded scalar endpoint schedule passed all nonlinear interval readbacks; zero observed gap is not a joint AC-set proof
2013-05-31,188,4,634.1,118.4375,1,1,1,0.0,exact_at_scalar_endpoint,recorded scalar endpoint schedule passed all nonlinear interval readbacks; zero observed gap is not a joint AC-set proof
2013-05-31,188,5,611.3,107.1875,1,1,1,0.0,exact_at_scalar_endpoint,recorded scalar endpoint schedule passed all nonlinear interval readbacks; zero observed gap is not a joint AC-set proof
2013-05-31,188,5,634.1,120.859375,1,1,1,0.0,exact_at_scalar_endpoint,recorded scalar endpoint schedule passed all nonlinear interval readbacks; zero observed gap is not a joint AC-set proof
2013-05-31,188,6,611.3,123.984375,1,1,1,0.0,exact_at_scalar_endpoint,recorded scalar endpoint schedule passed all nonlinear interval readbacks; zero observed gap is not a joint AC-set proof
2013-05-31,188,6,634.1,137.5,1,1,1,0.0,exact_at_scalar_endpoint,recorded scalar endpoint schedule passed all nonlinear interval readbacks; zero observed gap is not a joint AC-set proof
2013-05-31,188,7,611.3,130.15625,1,1,1,0.0,exact_at_scalar_endpoint,recorded scalar endpoint schedule passed all nonlinear interval readbacks; zero observed gap is not a joint AC-set proof
2013-05-31,188,7,634.1,143.28125,1,1,1,0.0,exact_at_scalar_endpoint,recorded scalar endpoint schedule passed all nonlinear interval readbacks; zero observed gap is not a joint AC-set proof
2013-05-31,188,8,611.3,117.734375,1,1,1,0.0,exact_at_scalar_endpoint,recorded scalar endpoint schedule passed all nonlinear interval readbacks; zero observed gap is not a joint AC-set proof
2013-05-31,188,8,634.1,127.03125,1,1,1,0.0,exact_at_scalar_endpoint,recorded scalar endpoint schedule passed all nonlinear interval readbacks; zero observed gap is not a joint AC-set proof
2013-05-31,188,9,611.3,114.375,1,1,1,0.0,exact_at_scalar_endpoint,recorded scalar endpoint schedule passed all nonlinear interval readbacks; zero observed gap is not a joint AC-set proof
2013-05-31,188,9,634.1,124.296875,1,1,1,0.0,exact_at_scalar_endpoint,recorded scalar endpoint schedule passed all nonlinear interval readbacks; zero observed gap is not a joint AC-set proof
2013-06-01,189,0,611.3,153.046875,1,1,1,0.0,exact_at_scalar_endpoint,recorded scalar endpoint schedule passed all nonlinear interval readbacks; zero observed gap is not a joint AC-set proof
2013-06-01,189,0,634.1,173.75,1,1,1,0.0,exact_at_scalar_endpoint,recorded scalar endpoint schedule passed all nonlinear interval readbacks; zero observed gap is not a joint AC-set proof
2013-06-01,189,1,611.3,156.328125,1,1,1,0.0,exact_at_scalar_endpoint,recorded scalar endpoint schedule passed all nonlinear interval readbacks; zero observed gap is not a joint AC-set proof
2013-06-01,189,1,634.1,176.40625,1,1,1,0.0,exact_at_scalar_endpoint,recorded scalar endpoint schedule passed all nonlinear interval readbacks; zero observed gap is not a joint AC-set proof
2013-06-01,189,2,611.3,158.4375,1,1,1,0.0,exact_at_scalar_endpoint,recorded scalar endpoint schedule passed all nonlinear interval readbacks; zero observed gap is not a joint AC-set proof
2013-06-01,189,2,634.1,183.4375,1,1,1,0.0,exact_at_scalar_endpoint,recorded scalar endpoint schedule passed all nonlinear interval readbacks; zero observed gap is not a joint AC-set proof
2013-06-01,189,3,611.3,145.15625,1,1,1,0.0,exact_at_scalar_endpoint,recorded scalar endpoint schedule passed all nonlinear interval readbacks; zero observed gap is not a joint AC-set proof
2013-06-01,189,3,634.1,170.15625,1,1,1,0.0,exact_at_scalar_endpoint,recorded scalar endpoint schedule passed all nonlinear interval readbacks; zero observed gap is not a joint AC-set proof
2013-06-01,189,4,611.3,146.875,1,1,1,0.0,exact_at_scalar_endpoint,recorded scalar endpoint schedule passed all nonlinear interval readbacks; zero observed gap is not a joint AC-set proof
2013-06-01,189,4,634.1,170.9375,1,1,1,0.0,exact_at_scalar_endpoint,recorded scalar endpoint schedule passed all nonlinear interval readbacks; zero observed gap is not a joint AC-set proof
2013-06-01,189,5,611.3,156.953125,1,1,1,0.0,exact_at_scalar_endpoint,recorded scalar endpoint schedule passed all nonlinear interval readbacks; zero observed gap is not a joint AC-set proof
2013-06-01,189,5,634.1,175.46875,1,1,1,0.0,exact_at_scalar_endpoint,recorded scalar endpoint schedule passed all nonlinear interval readbacks; zero observed gap is not a joint AC-set proof
2013-06-01,189,6,611.3,146.5625,1,1,1,0.0,exact_at_scalar_endpoint,recorded scalar endpoint schedule passed all nonlinear interval readbacks; zero observed gap is not a joint AC-set proof
2013-06-01,189,6,634.1,170.78125,1,1,1,0.0,exact_at_scalar_endpoint,recorded scalar endpoint schedule passed all nonlinear interval readbacks; zero observed gap is not a joint AC-set proof
2013-06-01,189,7,611.3,152.1875,1,1,1,0.0,exact_at_scalar_endpoint,recorded scalar endpoint schedule passed all nonlinear interval readbacks; zero observed gap is not a joint AC-set proof
2013-06-01,189,7,634.1,173.359375,1,1,1,0.0,exact_at_scalar_endpoint,recorded scalar endpoint schedule passed all nonlinear interval readbacks; zero observed gap is not a joint AC-set proof
2013-06-01,189,8,611.3,148.359375,1,1,1,0.0,exact_at_scalar_endpoint,recorded scalar endpoint schedule passed all nonlinear interval readbacks; zero observed gap is not a joint AC-set proof
2013-06-01,189,8,634.1,171.640625,1,1,1,0.0,exact_at_scalar_endpoint,recorded scalar endpoint schedule passed all nonlinear interval readbacks; zero observed gap is not a joint AC-set proof
2013-06-01,189,9,611.3,157.578125,1,1,1,0.0,exact_at_scalar_endpoint,recorded scalar endpoint schedule passed all nonlinear interval readbacks; zero observed gap is not a joint AC-set proof
2013-06-01,189,9,634.1,180.625,1,1,1,0.0,exact_at_scalar_endpoint,recorded scalar endpoint schedule passed all nonlinear interval readbacks; zero observed gap is not a joint AC-set proof
2013-06-02,190,0,611.3,157.5,1,1,1,0.0,exact_at_scalar_endpoint,recorded scalar endpoint schedule passed all nonlinear interval readbacks; zero observed gap is not a joint AC-set proof
2013-06-02,190,0,634.1,180.3125,1,1,1,0.0,exact_at_scalar_endpoint,recorded scalar endpoint schedule passed all nonlinear interval readbacks; zero observed gap is not a joint AC-set proof
2013-06-02,190,1,611.3,145.859375,1,1,1,0.0,exact_at_scalar_endpoint,recorded scalar endpoint schedule passed all nonlinear interval readbacks; zero observed gap is not a joint AC-set proof
2013-06-02,190,1,634.1,170.46875,1,1,1,0.0,exact_at_scalar_endpoint,recorded scalar endpoint schedule passed all nonlinear interval readbacks; zero observed gap is not a joint AC-set proof
2013-06-02,190,2,611.3,157.734375,1,1,1,0.0,exact_at_scalar_endpoint,recorded scalar endpoint schedule passed all nonlinear interval readbacks; zero observed gap is not a joint AC-set proof
2013-06-02,190,2,634.1,181.25,1,1,1,0.0,exact_at_scalar_endpoint,recorded scalar endpoint schedule passed all nonlinear interval readbacks; zero observed gap is not a joint AC-set proof
2013-06-02,190,3,611.3,152.03125,1,1,1,0.0,exact_at_scalar_endpoint,recorded scalar endpoint schedule passed all nonlinear interval readbacks; zero observed gap is not a joint AC-set proof
2013-06-02,190,3,634.1,173.28125,1,1,1,0.0,exact_at_scalar_endpoint,recorded scalar endpoint schedule passed all nonlinear interval readbacks; zero observed gap is not a joint AC-set proof
2013-06-02,190,4,611.3,133.515625,1,1,1,0.0,exact_at_scalar_endpoint,recorded scalar endpoint schedule passed all nonlinear interval readbacks; zero observed gap is not a joint AC-set proof
2013-06-02,190,4,634.1,164.921875,1,1,1,0.0,exact_at_scalar_endpoint,recorded scalar endpoint schedule passed all nonlinear interval readbacks; zero observed gap is not a joint AC-set proof
2013-06-02,190,5,611.3,145.546875,1,1,1,0.0,exact_at_scalar_endpoint,recorded scalar endpoint schedule passed all nonlinear interval readbacks; zero observed gap is not a joint AC-set proof
2013-06-02,190,5,634.1,170.390625,1,1,1,0.0,exact_at_scalar_endpoint,recorded scalar endpoint schedule passed all nonlinear interval readbacks; zero observed gap is not a joint AC-set proof
2013-06-02,190,6,611.3,136.71875,1,1,1,0.0,exact_at_scalar_endpoint,recorded scalar endpoint schedule passed all nonlinear interval readbacks; zero observed gap is not a joint AC-set proof
2013-06-02,190,6,634.1,166.328125,1,1,1,0.0,exact_at_scalar_endpoint,recorded scalar endpoint schedule passed all nonlinear interval readbacks; zero observed gap is not a joint AC-set proof
2013-06-02,190,7,611.3,158.359375,1,1,1,0.0,exact_at_scalar_endpoint,recorded scalar endpoint schedule passed all nonlinear interval readbacks; zero observed gap is not a joint AC-set proof
2013-06-02,190,7,634.1,183.046875,1,1,1,0.0,exact_at_scalar_endpoint,recorded scalar endpoint schedule passed all nonlinear interval readbacks; zero observed gap is not a joint AC-set proof
2013-06-02,190,8,611.3,156.015625,1,1,1,0.0,exact_at_scalar_endpoint,recorded scalar endpoint schedule passed all nonlinear interval readbacks; zero observed gap is not a joint AC-set proof
2013-06-02,190,8,634.1,175.3125,1,1,1,0.0,exact_at_scalar_endpoint,recorded scalar endpoint schedule passed all nonlinear interval readbacks; zero observed gap is not a joint AC-set proof
2013-06-02,190,9,611.3,156.09375,1,1,1,0.0,exact_at_scalar_endpoint,recorded scalar endpoint schedule passed all nonlinear interval readbacks; zero observed gap is not a joint AC-set proof
2013-06-02,190,9,634.1,175.703125,1,1,1,0.0,exact_at_scalar_endpoint,recorded scalar endpoint schedule passed all nonlinear interval readbacks; zero observed gap is not a joint AC-set proof
2013-06-03,191,0,611.3,104.140625,1,1,1,0.0,exact_at_scalar_endpoint,recorded scalar endpoint schedule passed all nonlinear interval readbacks; zero observed gap is not a joint AC-set proof
2013-06-03,191,0,634.1,119.140625,1,1,1,0.0,exact_at_scalar_endpoint,recorded scalar endpoint schedule passed all nonlinear interval readbacks; zero observed gap is not a joint AC-set proof
2013-06-03,191,1,611.3,129.453125,1,1,1,0.0,exact_at_scalar_endpoint,recorded scalar endpoint schedule passed all nonlinear interval readbacks; zero observed gap is not a joint AC-set proof
2013-06-03,191,1,634.1,142.34375,1,1,1,0.0,exact_at_scalar_endpoint,recorded scalar endpoint schedule passed all nonlinear interval readbacks; zero observed gap is not a joint AC-set proof
2013-06-03,191,2,611.3,118.125,1,1,1,0.0,exact_at_scalar_endpoint,recorded scalar endpoint schedule passed all nonlinear interval readbacks; zero observed gap is not a joint AC-set proof
2013-06-03,191,2,634.1,124.6875,1,1,1,0.0,exact_at_scalar_endpoint,recorded scalar endpoint schedule passed all nonlinear interval readbacks; zero observed gap is not a joint AC-set proof
2013-06-03,191,3,611.3,146.796875,1,1,1,0.0,exact_at_scalar_endpoint,recorded scalar endpoint schedule passed all nonlinear interval readbacks; zero observed gap is not a joint AC-set proof
2013-06-03,191,3,634.1,156.71875,1,1,1,0.0,exact_at_scalar_endpoint,recorded scalar endpoint schedule passed all nonlinear interval readbacks; zero observed gap is not a joint AC-set proof
2013-06-03,191,4,611.3,131.953125,1,1,1,0.0,exact_at_scalar_endpoint,recorded scalar endpoint schedule passed all nonlinear interval readbacks; zero observed gap is not a joint AC-set proof
2013-06-03,191,4,634.1,143.125,1,1,1,0.0,exact_at_scalar_endpoint,recorded scalar endpoint schedule passed all nonlinear interval readbacks; zero observed gap is not a joint AC-set proof
2013-06-03,191,5,611.3,132.65625,1,1,1,0.0,exact_at_scalar_endpoint,recorded scalar endpoint schedule passed all nonlinear interval readbacks; zero observed gap is not a joint AC-set proof
2013-06-03,191,5,634.1,141.953125,1,1,1,0.0,exact_at_scalar_endpoint,recorded scalar endpoint schedule passed all nonlinear interval readbacks; zero observed gap is not a joint AC-set proof
2013-06-03,191,6,611.3,126.40625,1,1,1,0.0,exact_at_scalar_endpoint,recorded scalar endpoint schedule passed all nonlinear interval readbacks; zero observed gap is not a joint AC-set proof
2013-06-03,191,6,634.1,142.265625,1,1,1,0.0,exact_at_scalar_endpoint,recorded scalar endpoint schedule passed all nonlinear interval readbacks; zero observed gap is not a joint AC-set proof
2013-06-03,191,7,611.3,159.375,1,1,1,0.0,exact_at_scalar_endpoint,recorded scalar endpoint schedule passed all nonlinear interval readbacks; zero observed gap is not a joint AC-set proof
2013-06-03,191,7,634.1,172.734375,1,1,1,0.0,exact_at_scalar_endpoint,recorded scalar endpoint schedule passed all nonlinear interval readbacks; zero observed gap is not a joint AC-set proof
2013-06-03,191,8,611.3,138.515625,1,1,1,0.0,exact_at_scalar_endpoint,recorded scalar endpoint schedule passed all nonlinear interval readbacks; zero observed gap is not a joint AC-set proof
2013-06-03,191,8,634.1,149.765625,1,1,1,0.0,exact_at_scalar_endpoint,recorded scalar endpoint schedule passed all nonlinear interval readbacks; zero observed gap is not a joint AC-set proof
2013-06-03,191,9,611.3,141.875,1,1,1,0.0,exact_at_scalar_endpoint,recorded scalar endpoint schedule passed all nonlinear interval readbacks; zero observed gap is not a joint AC-set proof
2013-06-03,191,9,634.1,155.3125,1,1,1,0.0,exact_at_scalar_endpoint,recorded scalar endpoint schedule passed all nonlinear interval readbacks; zero observed gap is not a joint AC-set proof
2013-06-04,192,0,611.3,103.671875,1,1,1,0.0,exact_at_scalar_endpoint,recorded scalar endpoint schedule passed all nonlinear interval readbacks; zero observed gap is not a joint AC-set proof
2013-06-04,192,0,634.1,115.15625,1,1,1,0.0,exact_at_scalar_endpoint,recorded scalar endpoint schedule passed all nonlinear interval readbacks; zero observed gap is not a joint AC-set proof
2013-06-04,192,1,611.3,100.46875,1,1,1,0.0,exact_at_scalar_endpoint,recorded scalar endpoint schedule passed all nonlinear interval readbacks; zero observed gap is not a joint AC-set proof
2013-06-04,192,1,634.1,115.234375,1,1,1,0.0,exact_at_scalar_endpoint,recorded scalar endpoint schedule passed all nonlinear interval readbacks; zero observed gap is not a joint AC-set proof
2013-06-04,192,2,611.3,110.15625,1,1,1,0.0,exact_at_scalar_endpoint,recorded scalar endpoint schedule passed all nonlinear interval readbacks; zero observed gap is not a joint AC-set proof
2013-06-04,192,2,634.1,116.40625,1,1,1,0.0,exact_at_scalar_endpoint,recorded scalar endpoint schedule passed all nonlinear interval readbacks; zero observed gap is not a joint AC-set proof
2013-06-04,192,3,611.3,122.265625,1,1,1,0.0,exact_at_scalar_endpoint,recorded scalar endpoint schedule passed all nonlinear interval readbacks; zero observed gap is not a joint AC-set proof
2013-06-04,192,3,634.1,130.46875,1,1,1,0.0,exact_at_scalar_endpoint,recorded scalar endpoint schedule passed all nonlinear interval readbacks; zero observed gap is not a joint AC-set proof
2013-06-04,192,4,611.3,151.25,1,1,1,0.0,exact_at_scalar_endpoint,recorded scalar endpoint schedule passed all nonlinear interval readbacks; zero observed gap is not a joint AC-set proof
2013-06-04,192,4,634.1,167.734375,1,1,1,0.0,exact_at_scalar_endpoint,recorded scalar endpoint schedule passed all nonlinear interval readbacks; zero observed gap is not a joint AC-set proof
2013-06-04,192,5,611.3,105.9375,1,1,1,0.0,exact_at_scalar_endpoint,recorded scalar endpoint schedule passed all nonlinear interval readbacks; zero observed gap is not a joint AC-set proof
2013-06-04,192,5,634.1,116.328125,1,1,1,0.0,exact_at_scalar_endpoint,recorded scalar endpoint schedule passed all nonlinear interval readbacks; zero observed gap is not a joint AC-set proof
2013-06-04,192,6,611.3,106.09375,1,1,1,0.0,exact_at_scalar_endpoint,recorded scalar endpoint schedule passed all nonlinear interval readbacks; zero observed gap is not a joint AC-set proof
2013-06-04,192,6,634.1,126.328125,1,1,1,0.0,exact_at_scalar_endpoint,recorded scalar endpoint schedule passed all nonlinear interval readbacks; zero observed gap is not a joint AC-set proof
2013-06-04,192,7,611.3,144.609375,1,1,1,0.0,exact_at_scalar_endpoint,recorded scalar endpoint schedule passed all nonlinear interval readbacks; zero observed gap is not a joint AC-set proof
2013-06-04,192,7,634.1,160.546875,1,1,1,0.0,exact_at_scalar_endpoint,recorded scalar endpoint schedule passed all nonlinear interval readbacks; zero observed gap is not a joint AC-set proof
2013-06-04,192,8,611.3,120.390625,1,1,1,0.0,exact_at_scalar_endpoint,recorded scalar endpoint schedule passed all nonlinear interval readbacks; zero observed gap is not a joint AC-set proof
2013-06-04,192,8,634.1,130.78125,1,1,1,0.0,exact_at_scalar_endpoint,recorded scalar endpoint schedule passed all nonlinear interval readbacks; zero observed gap is not a joint AC-set proof
2013-06-04,192,9,611.3,124.140625,1,1,1,0.0,exact_at_scalar_endpoint,recorded scalar endpoint schedule passed all nonlinear interval readbacks; zero observed gap is not a joint AC-set proof
2013-06-04,192,9,634.1,133.515625,1,1,1,0.0,exact_at_scalar_endpoint,recorded scalar endpoint schedule passed all nonlinear interval readbacks; zero observed gap is not a joint AC-set proof
2013-06-05,193,0,611.3,127.578125,1,1,1,0.0,exact_at_scalar_endpoint,recorded scalar endpoint schedule passed all nonlinear interval readbacks; zero observed gap is not a joint AC-set proof
2013-06-05,193,0,634.1,146.015625,1,1,1,0.0,exact_at_scalar_endpoint,recorded scalar endpoint schedule passed all nonlinear interval readbacks; zero observed gap is not a joint AC-set proof
2013-06-05,193,1,611.3,127.734375,1,1,1,0.0,exact_at_scalar_endpoint,recorded scalar endpoint schedule passed all nonlinear interval readbacks; zero observed gap is not a joint AC-set proof
2013-06-05,193,1,634.1,144.0625,1,1,1,0.0,exact_at_scalar_endpoint,recorded scalar endpoint schedule passed all nonlinear interval readbacks; zero observed gap is not a joint AC-set proof
2013-06-05,193,2,611.3,128.28125,1,1,1,0.0,exact_at_scalar_endpoint,recorded scalar endpoint schedule passed all nonlinear interval readbacks; zero observed gap is not a joint AC-set proof
2013-06-05,193,2,634.1,141.171875,1,1,1,0.0,exact_at_scalar_endpoint,recorded scalar endpoint schedule passed all nonlinear interval readbacks; zero observed gap is not a joint AC-set proof
2013-06-05,193,3,611.3,157.890625,1,1,1,0.0,exact_at_scalar_endpoint,recorded scalar endpoint schedule passed all nonlinear interval readbacks; zero observed gap is not a joint AC-set proof
2013-06-05,193,3,634.1,181.484375,1,1,1,0.0,exact_at_scalar_endpoint,recorded scalar endpoint schedule passed all nonlinear interval readbacks; zero observed gap is not a joint AC-set proof
2013-06-05,193,4,611.3,117.96875,1,1,1,0.0,exact_at_scalar_endpoint,recorded scalar endpoint schedule passed all nonlinear interval readbacks; zero observed gap is not a joint AC-set proof
2013-06-05,193,4,634.1,141.484375,1,1,1,0.0,exact_at_scalar_endpoint,recorded scalar endpoint schedule passed all nonlinear interval readbacks; zero observed gap is not a joint AC-set proof
2013-06-05,193,5,611.3,132.96875,1,1,1,0.0,exact_at_scalar_endpoint,recorded scalar endpoint schedule passed all nonlinear interval readbacks; zero observed gap is not a joint AC-set proof
2013-06-05,193,5,634.1,164.609375,1,1,1,0.0,exact_at_scalar_endpoint,recorded scalar endpoint schedule passed all nonlinear interval readbacks; zero observed gap is not a joint AC-set proof
2013-06-05,193,6,611.3,139.21875,1,1,1,0.0,exact_at_scalar_endpoint,recorded scalar endpoint schedule passed all nonlinear interval readbacks; zero observed gap is not a joint AC-set proof
2013-06-05,193,6,634.1,167.5,1,1,1,0.0,exact_at_scalar_endpoint,recorded scalar endpoint schedule passed all nonlinear interval readbacks; zero observed gap is not a joint AC-set proof
2013-06-05,193,7,611.3,149.453125,1,1,1,0.0,exact_at_scalar_endpoint,recorded scalar endpoint schedule passed all nonlinear interval readbacks; zero observed gap is not a joint AC-set proof
2013-06-05,193,7,634.1,166.40625,1,1,1,0.0,exact_at_scalar_endpoint,recorded scalar endpoint schedule passed all nonlinear interval readbacks; zero observed gap is not a joint AC-set proof
2013-06-05,193,8,611.3,138.984375,1,1,1,0.0,exact_at_scalar_endpoint,recorded scalar endpoint schedule passed all nonlinear interval readbacks; zero observed gap is not a joint AC-set proof
2013-06-05,193,8,634.1,155.078125,1,1,1,0.0,exact_at_scalar_endpoint,recorded scalar endpoint schedule passed all nonlinear interval readbacks; zero observed gap is not a joint AC-set proof
2013-06-05,193,9,611.3,150.15625,1,1,1,0.0,exact_at_scalar_endpoint,recorded scalar endpoint schedule passed all nonlinear interval readbacks; zero observed gap is not a joint AC-set proof
2013-06-05,193,9,634.1,164.765625,1,1,1,0.0,exact_at_scalar_endpoint,recorded scalar endpoint schedule passed all nonlinear interval readbacks; zero observed gap is not a joint AC-set proof
2013-06-06,194,0,611.3,148.125,1,1,1,0.0,exact_at_scalar_endpoint,recorded scalar endpoint schedule passed all nonlinear interval readbacks; zero observed gap is not a joint AC-set proof
2013-06-06,194,0,634.1,168.515625,1,1,1,0.0,exact_at_scalar_endpoint,recorded scalar endpoint schedule passed all nonlinear interval readbacks; zero observed gap is not a joint AC-set proof
2013-06-06,194,1,611.3,138.90625,1,1,1,0.0,exact_at_scalar_endpoint,recorded scalar endpoint schedule passed all nonlinear interval readbacks; zero observed gap is not a joint AC-set proof
2013-06-06,194,1,634.1,167.34375,1,1,1,0.0,exact_at_scalar_endpoint,recorded scalar endpoint schedule passed all nonlinear interval readbacks; zero observed gap is not a joint AC-set proof
2013-06-06,194,2,611.3,157.65625,1,1,1,0.0,exact_at_scalar_endpoint,recorded scalar endpoint schedule passed all nonlinear interval readbacks; zero observed gap is not a joint AC-set proof
2013-06-06,194,2,634.1,173.515625,1,1,1,0.0,exact_at_scalar_endpoint,recorded scalar endpoint schedule passed all nonlinear interval readbacks; zero observed gap is not a joint AC-set proof
2013-06-06,194,3,611.3,147.5,1,1,1,0.0,exact_at_scalar_endpoint,recorded scalar endpoint schedule passed all nonlinear interval readbacks; zero observed gap is not a joint AC-set proof
2013-06-06,194,3,634.1,168.046875,1,1,1,0.0,exact_at_scalar_endpoint,recorded scalar endpoint schedule passed all nonlinear interval readbacks; zero observed gap is not a joint AC-set proof
2013-06-06,194,4,611.3,148.90625,1,1,1,0.0,exact_at_scalar_endpoint,recorded scalar endpoint schedule passed all nonlinear interval readbacks; zero observed gap is not a joint AC-set proof
2013-06-06,194,4,634.1,171.875,1,1,1,0.0,exact_at_scalar_endpoint,recorded scalar endpoint schedule passed all nonlinear interval readbacks; zero observed gap is not a joint AC-set proof
2013-06-06,194,5,611.3,139.6875,1,1,1,0.0,exact_at_scalar_endpoint,recorded scalar endpoint schedule passed all nonlinear interval readbacks; zero observed gap is not a joint AC-set proof
2013-06-06,194,5,634.1,165.0,1,1,1,0.0,exact_at_scalar_endpoint,recorded scalar endpoint schedule passed all nonlinear interval readbacks; zero observed gap is not a joint AC-set proof
2013-06-06,194,6,611.3,141.09375,1,1,1,0.0,exact_at_scalar_endpoint,recorded scalar endpoint schedule passed all nonlinear interval readbacks; zero observed gap is not a joint AC-set proof
2013-06-06,194,6,634.1,166.796875,1,1,1,0.0,exact_at_scalar_endpoint,recorded scalar endpoint schedule passed all nonlinear interval readbacks; zero observed gap is not a joint AC-set proof
2013-06-06,194,7,611.3,158.4375,1,1,1,0.0,exact_at_scalar_endpoint,recorded scalar endpoint schedule passed all nonlinear interval readbacks; zero observed gap is not a joint AC-set proof
2013-06-06,194,7,634.1,183.359375,1,1,1,0.0,exact_at_scalar_endpoint,recorded scalar endpoint schedule passed all nonlinear interval readbacks; zero observed gap is not a joint AC-set proof
2013-06-06,194,8,611.3,148.203125,1,1,1,0.0,exact_at_scalar_endpoint,recorded scalar endpoint schedule passed all nonlinear interval readbacks; zero observed gap is not a joint AC-set proof
2013-06-06,194,8,634.1,168.4375,1,1,1,0.0,exact_at_scalar_endpoint,recorded scalar endpoint schedule passed all nonlinear interval readbacks; zero observed gap is not a joint AC-set proof
2013-06-06,194,9,611.3,155.46875,1,1,1,0.0,exact_at_scalar_endpoint,recorded scalar endpoint schedule passed all nonlinear interval readbacks; zero observed gap is not a joint AC-set proof
2013-06-06,194,9,634.1,171.484375,1,1,1,0.0,exact_at_scalar_endpoint,recorded scalar endpoint schedule passed all nonlinear interval readbacks; zero observed gap is not a joint AC-set proof
2013-06-07,195,0,611.3,150.0,1,1,1,0.0,exact_at_scalar_endpoint,recorded scalar endpoint schedule passed all nonlinear interval readbacks; zero observed gap is not a joint AC-set proof
2013-06-07,195,0,634.1,170.859375,1,1,1,0.0,exact_at_scalar_endpoint,recorded scalar endpoint schedule passed all nonlinear interval readbacks; zero observed gap is not a joint AC-set proof
2013-06-07,195,1,611.3,147.8125,1,1,1,0.0,exact_at_scalar_endpoint,recorded scalar endpoint schedule passed all nonlinear interval readbacks; zero observed gap is not a joint AC-set proof
2013-06-07,195,1,634.1,171.09375,1,1,1,0.0,exact_at_scalar_endpoint,recorded scalar endpoint schedule passed all nonlinear interval readbacks; zero observed gap is not a joint AC-set proof
2013-06-07,195,2,611.3,156.015625,1,1,1,0.0,exact_at_scalar_endpoint,recorded scalar endpoint schedule passed all nonlinear interval readbacks; zero observed gap is not a joint AC-set proof
2013-06-07,195,2,634.1,175.46875,1,1,1,0.0,exact_at_scalar_endpoint,recorded scalar endpoint schedule passed all nonlinear interval readbacks; zero observed gap is not a joint AC-set proof
2013-06-07,195,3,611.3,154.609375,1,1,1,0.0,exact_at_scalar_endpoint,recorded scalar endpoint schedule passed all nonlinear interval readbacks; zero observed gap is not a joint AC-set proof
2013-06-07,195,3,634.1,171.484375,1,1,1,0.0,exact_at_scalar_endpoint,recorded scalar endpoint schedule passed all nonlinear interval readbacks; zero observed gap is not a joint AC-set proof
2013-06-07,195,4,611.3,146.328125,1,1,1,0.0,exact_at_scalar_endpoint,recorded scalar endpoint schedule passed all nonlinear interval readbacks; zero observed gap is not a joint AC-set proof
2013-06-07,195,4,634.1,167.34375,1,1,1,0.0,exact_at_scalar_endpoint,recorded scalar endpoint schedule passed all nonlinear interval readbacks; zero observed gap is not a joint AC-set proof
2013-06-07,195,5,611.3,135.9375,1,1,1,0.0,exact_at_scalar_endpoint,recorded scalar endpoint schedule passed all nonlinear interval readbacks; zero observed gap is not a joint AC-set proof
2013-06-07,195,5,634.1,162.109375,1,1,1,0.0,exact_at_scalar_endpoint,recorded scalar endpoint schedule passed all nonlinear interval readbacks; zero observed gap is not a joint AC-set proof
2013-06-07,195,6,611.3,142.578125,1,1,1,0.0,exact_at_scalar_endpoint,recorded scalar endpoint schedule passed all nonlinear interval readbacks; zero observed gap is not a joint AC-set proof
2013-06-07,195,6,634.1,165.703125,1,1,1,0.0,exact_at_scalar_endpoint,recorded scalar endpoint schedule passed all nonlinear interval readbacks; zero observed gap is not a joint AC-set proof
2013-06-07,195,7,611.3,157.109375,1,1,1,0.0,exact_at_scalar_endpoint,recorded scalar endpoint schedule passed all nonlinear interval readbacks; zero observed gap is not a joint AC-set proof
2013-06-07,195,7,634.1,177.109375,1,1,1,0.0,exact_at_scalar_endpoint,recorded scalar endpoint schedule passed all nonlinear interval readbacks; zero observed gap is not a joint AC-set proof
2013-06-07,195,8,611.3,141.796875,1,1,1,0.0,exact_at_scalar_endpoint,recorded scalar endpoint schedule passed all nonlinear interval readbacks; zero observed gap is not a joint AC-set proof
2013-06-07,195,8,634.1,168.671875,1,1,1,0.0,exact_at_scalar_endpoint,recorded scalar endpoint schedule passed all nonlinear interval readbacks; zero observed gap is not a joint AC-set proof
2013-06-07,195,9,611.3,160.078125,1,1,1,0.0,exact_at_scalar_endpoint,recorded scalar endpoint schedule passed all nonlinear interval readbacks; zero observed gap is not a joint AC-set proof
2013-06-07,195,9,634.1,184.296875,1,1,1,0.0,exact_at_scalar_endpoint,recorded scalar endpoint schedule passed all nonlinear interval readbacks; zero observed gap is not a joint AC-set proof
2013-06-08,196,0,611.3,132.5,1,1,1,0.0,exact_at_scalar_endpoint,recorded scalar endpoint schedule passed all nonlinear interval readbacks; zero observed gap is not a joint AC-set proof
2013-06-08,196,0,634.1,154.765625,1,1,1,0.0,exact_at_scalar_endpoint,recorded scalar endpoint schedule passed all nonlinear interval readbacks; zero observed gap is not a joint AC-set proof
2013-06-08,196,1,611.3,135.46875,1,1,1,0.0,exact_at_scalar_endpoint,recorded scalar endpoint schedule passed all nonlinear interval readbacks; zero observed gap is not a joint AC-set proof
2013-06-08,196,1,634.1,165.78125,1,1,1,0.0,exact_at_scalar_endpoint,recorded scalar endpoint schedule passed all nonlinear interval readbacks; zero observed gap is not a joint AC-set proof
2013-06-08,196,2,611.3,160.859375,1,1,1,0.0,exact_at_scalar_endpoint,recorded scalar endpoint schedule passed all nonlinear interval readbacks; zero observed gap is not a joint AC-set proof
2013-06-08,196,2,634.1,186.953125,1,1,1,0.0,exact_at_scalar_endpoint,recorded scalar endpoint schedule passed all nonlinear interval readbacks; zero observed gap is not a joint AC-set proof
2013-06-08,196,3,611.3,142.1875,1,1,1,0.0,exact_at_scalar_endpoint,recorded scalar endpoint schedule passed all nonlinear interval readbacks; zero observed gap is not a joint AC-set proof
2013-06-08,196,3,634.1,168.828125,1,1,1,0.0,exact_at_scalar_endpoint,recorded scalar endpoint schedule passed all nonlinear interval readbacks; zero observed gap is not a joint AC-set proof
2013-06-08,196,4,611.3,143.046875,1,1,1,0.0,exact_at_scalar_endpoint,recorded scalar endpoint schedule passed all nonlinear interval readbacks; zero observed gap is not a joint AC-set proof
2013-06-08,196,4,634.1,169.21875,1,1,1,0.0,exact_at_scalar_endpoint,recorded scalar endpoint schedule passed all nonlinear interval readbacks; zero observed gap is not a joint AC-set proof
2013-06-08,196,5,611.3,131.640625,1,1,1,0.0,exact_at_scalar_endpoint,recorded scalar endpoint schedule passed all nonlinear interval readbacks; zero observed gap is not a joint AC-set proof
2013-06-08,196,5,634.1,162.8125,1,1,1,0.0,exact_at_scalar_endpoint,recorded scalar endpoint schedule passed all nonlinear interval readbacks; zero observed gap is not a joint AC-set proof
2013-06-08,196,6,611.3,136.71875,1,1,1,0.0,exact_at_scalar_endpoint,recorded scalar endpoint schedule passed all nonlinear interval readbacks; zero observed gap is not a joint AC-set proof
2013-06-08,196,6,634.1,166.328125,1,1,1,0.0,exact_at_scalar_endpoint,recorded scalar endpoint schedule passed all nonlinear interval readbacks; zero observed gap is not a joint AC-set proof
2013-06-08,196,7,611.3,157.890625,1,1,1,0.0,exact_at_scalar_endpoint,recorded scalar endpoint schedule passed all nonlinear interval readbacks; zero observed gap is not a joint AC-set proof
2013-06-08,196,7,634.1,181.640625,1,1,1,0.0,exact_at_scalar_endpoint,recorded scalar endpoint schedule passed all nonlinear interval readbacks; zero observed gap is not a joint AC-set proof
2013-06-08,196,8,611.3,139.296875,1,1,1,0.0,exact_at_scalar_endpoint,recorded scalar endpoint schedule passed all nonlinear interval readbacks; zero observed gap is not a joint AC-set proof
2013-06-08,196,8,634.1,167.5,1,1,1,0.0,exact_at_scalar_endpoint,recorded scalar endpoint schedule passed all nonlinear interval readbacks; zero observed gap is not a joint AC-set proof
2013-06-08,196,9,611.3,158.75,1,1,1,0.0,exact_at_scalar_endpoint,recorded scalar endpoint schedule passed all nonlinear interval readbacks; zero observed gap is not a joint AC-set proof
2013-06-08,196,9,634.1,184.453125,1,1,1,0.0,exact_at_scalar_endpoint,recorded scalar endpoint schedule passed all nonlinear interval readbacks; zero observed gap is not a joint AC-set proof
2013-06-09,197,0,611.3,157.890625,1,1,1,0.0,exact_at_scalar_endpoint,recorded scalar endpoint schedule passed all nonlinear interval readbacks; zero observed gap is not a joint AC-set proof
2013-06-09,197,0,634.1,173.984375,1,1,1,0.0,exact_at_scalar_endpoint,recorded scalar endpoint schedule passed all nonlinear interval readbacks; zero observed gap is not a joint AC-set proof
2013-06-09,197,1,611.3,136.640625,1,1,1,0.0,exact_at_scalar_endpoint,recorded scalar endpoint schedule passed all nonlinear interval readbacks; zero observed gap is not a joint AC-set proof
2013-06-09,197,1,634.1,165.0,1,1,1,0.0,exact_at_scalar_endpoint,recorded scalar endpoint schedule passed all nonlinear interval readbacks; zero observed gap is not a joint AC-set proof
2013-06-09,197,2,611.3,157.1875,1,1,1,0.0,exact_at_scalar_endpoint,recorded scalar endpoint schedule passed all nonlinear interval readbacks; zero observed gap is not a joint AC-set proof
2013-06-09,197,2,634.1,178.984375,1,1,1,0.0,exact_at_scalar_endpoint,recorded scalar endpoint schedule passed all nonlinear interval readbacks; zero observed gap is not a joint AC-set proof
2013-06-09,197,3,611.3,154.453125,1,1,1,0.0,exact_at_scalar_endpoint,recorded scalar endpoint schedule passed all nonlinear interval readbacks; zero observed gap is not a joint AC-set proof
2013-06-09,197,3,634.1,172.03125,1,1,1,0.0,exact_at_scalar_endpoint,recorded scalar endpoint schedule passed all nonlinear interval readbacks; zero observed gap is not a joint AC-set proof
2013-06-09,197,4,611.3,147.734375,1,1,1,0.0,exact_at_scalar_endpoint,recorded scalar endpoint schedule passed all nonlinear interval readbacks; zero observed gap is not a joint AC-set proof
2013-06-09,197,4,634.1,167.34375,1,1,1,0.0,exact_at_scalar_endpoint,recorded scalar endpoint schedule passed all nonlinear interval readbacks; zero observed gap is not a joint AC-set proof
2013-06-09,197,5,611.3,141.40625,1,1,1,0.0,exact_at_scalar_endpoint,recorded scalar endpoint schedule passed all nonlinear interval readbacks; zero observed gap is not a joint AC-set proof
2013-06-09,197,5,634.1,155.46875,1,1,1,0.0,exact_at_scalar_endpoint,recorded scalar endpoint schedule passed all nonlinear interval readbacks; zero observed gap is not a joint AC-set proof
2013-06-09,197,6,611.3,156.953125,1,1,1,0.0,exact_at_scalar_endpoint,recorded scalar endpoint schedule passed all nonlinear interval readbacks; zero observed gap is not a joint AC-set proof
2013-06-09,197,6,634.1,172.890625,1,1,1,0.0,exact_at_scalar_endpoint,recorded scalar endpoint schedule passed all nonlinear interval readbacks; zero observed gap is not a joint AC-set proof
2013-06-09,197,7,611.3,157.65625,1,1,1,0.0,exact_at_scalar_endpoint,recorded scalar endpoint schedule passed all nonlinear interval readbacks; zero observed gap is not a joint AC-set proof
2013-06-09,197,7,634.1,179.21875,1,1,1,0.0,exact_at_scalar_endpoint,recorded scalar endpoint schedule passed all nonlinear interval readbacks; zero observed gap is not a joint AC-set proof
2013-06-09,197,8,611.3,144.140625,1,1,1,0.0,exact_at_scalar_endpoint,recorded scalar endpoint schedule passed all nonlinear interval readbacks; zero observed gap is not a joint AC-set proof
2013-06-09,197,8,634.1,169.6875,1,1,1,0.0,exact_at_scalar_endpoint,recorded scalar endpoint schedule passed all nonlinear interval readbacks; zero observed gap is not a joint AC-set proof
2013-06-09,197,9,611.3,156.875,1,1,1,0.0,exact_at_scalar_endpoint,recorded scalar endpoint schedule passed all nonlinear interval readbacks; zero observed gap is not a joint AC-set proof
2013-06-09,197,9,634.1,172.03125,1,1,1,0.0,exact_at_scalar_endpoint,recorded scalar endpoint schedule passed all nonlinear interval readbacks; zero observed gap is not a joint AC-set proof
2013-06-10,198,0,611.3,158.59375,1,1,1,0.0,exact_at_scalar_endpoint,recorded scalar endpoint schedule passed all nonlinear interval readbacks; zero observed gap is not a joint AC-set proof
2013-06-10,198,0,634.1,172.1875,1,1,1,0.0,exact_at_scalar_endpoint,recorded scalar endpoint schedule passed all nonlinear interval readbacks; zero observed gap is not a joint AC-set proof
2013-06-10,198,1,611.3,148.4375,1,1,1,0.0,exact_at_scalar_endpoint,recorded scalar endpoint schedule passed all nonlinear interval readbacks; zero observed gap is not a joint AC-set proof
2013-06-10,198,1,634.1,171.640625,1,1,1,0.0,exact_at_scalar_endpoint,recorded scalar endpoint schedule passed all nonlinear interval readbacks; zero observed gap is not a joint AC-set proof
2013-06-10,198,2,611.3,161.640625,1,1,1,0.0,exact_at_scalar_endpoint,recorded scalar endpoint schedule passed all nonlinear interval readbacks; zero observed gap is not a joint AC-set proof
2013-06-10,198,2,634.1,181.71875,1,1,1,0.0,exact_at_scalar_endpoint,recorded scalar endpoint schedule passed all nonlinear interval readbacks; zero observed gap is not a joint AC-set proof
2013-06-10,198,3,611.3,149.0625,1,1,1,0.0,exact_at_scalar_endpoint,recorded scalar endpoint schedule passed all nonlinear interval readbacks; zero observed gap is not a joint AC-set proof
2013-06-10,198,3,634.1,171.953125,1,1,1,0.0,exact_at_scalar_endpoint,recorded scalar endpoint schedule passed all nonlinear interval readbacks; zero observed gap is not a joint AC-set proof
2013-06-10,198,4,611.3,150.078125,1,1,1,0.0,exact_at_scalar_endpoint,recorded scalar endpoint schedule passed all nonlinear interval readbacks; zero observed gap is not a joint AC-set proof
2013-06-10,198,4,634.1,165.859375,1,1,1,0.0,exact_at_scalar_endpoint,recorded scalar endpoint schedule passed all nonlinear interval readbacks; zero observed gap is not a joint AC-set proof
2013-06-10,198,5,611.3,139.21875,1,1,1,0.0,exact_at_scalar_endpoint,recorded scalar endpoint schedule passed all nonlinear interval readbacks; zero observed gap is not a joint AC-set proof
2013-06-10,198,5,634.1,167.5,1,1,1,0.0,exact_at_scalar_endpoint,recorded scalar endpoint schedule passed all nonlinear interval readbacks; zero observed gap is not a joint AC-set proof
2013-06-10,198,6,611.3,148.90625,1,1,1,0.0,exact_at_scalar_endpoint,recorded scalar endpoint schedule passed all nonlinear interval readbacks; zero observed gap is not a joint AC-set proof
2013-06-10,198,6,634.1,170.703125,1,1,1,0.0,exact_at_scalar_endpoint,recorded scalar endpoint schedule passed all nonlinear interval readbacks; zero observed gap is not a joint AC-set proof
2013-06-10,198,7,611.3,158.671875,1,1,1,0.0,exact_at_scalar_endpoint,recorded scalar endpoint schedule passed all nonlinear interval readbacks; zero observed gap is not a joint AC-set proof
2013-06-10,198,7,634.1,182.34375,1,1,1,0.0,exact_at_scalar_endpoint,recorded scalar endpoint schedule passed all nonlinear interval readbacks; zero observed gap is not a joint AC-set proof
2013-06-10,198,8,611.3,148.828125,1,1,1,0.0,exact_at_scalar_endpoint,recorded scalar endpoint schedule passed all nonlinear interval readbacks; zero observed gap is not a joint AC-set proof
2013-06-10,198,8,634.1,171.796875,1,1,1,0.0,exact_at_scalar_endpoint,recorded scalar endpoint schedule passed all nonlinear interval readbacks; zero observed gap is not a joint AC-set proof
2013-06-10,198,9,611.3,156.484375,1,1,1,0.0,exact_at_scalar_endpoint,recorded scalar endpoint schedule passed all nonlinear interval readbacks; zero observed gap is not a joint AC-set proof
2013-06-10,198,9,634.1,174.6875,1,1,1,0.0,exact_at_scalar_endpoint,recorded scalar endpoint schedule passed all nonlinear interval readbacks; zero observed gap is not a joint AC-set proof
2013-06-11,199,0,611.3,115.3125,1,1,1,0.0,exact_at_scalar_endpoint,recorded scalar endpoint schedule passed all nonlinear interval readbacks; zero observed gap is not a joint AC-set proof
2013-06-11,199,0,634.1,127.109375,1,1,1,0.0,exact_at_scalar_endpoint,recorded scalar endpoint schedule passed all nonlinear interval readbacks; zero observed gap is not a joint AC-set proof
2013-06-11,199,1,611.3,111.40625,1,1,1,0.0,exact_at_scalar_endpoint,recorded scalar endpoint schedule passed all nonlinear interval readbacks; zero observed gap is not a joint AC-set proof
2013-06-11,199,1,634.1,126.015625,1,1,1,0.0,exact_at_scalar_endpoint,recorded scalar endpoint schedule passed all nonlinear interval readbacks; zero observed gap is not a joint AC-set proof
2013-06-11,199,2,611.3,114.609375,1,1,1,0.0,exact_at_scalar_endpoint,recorded scalar endpoint schedule passed all nonlinear interval readbacks; zero observed gap is not a joint AC-set proof
2013-06-11,199,2,634.1,120.546875,1,1,1,0.0,exact_at_scalar_endpoint,recorded scalar endpoint schedule passed all nonlinear interval readbacks; zero observed gap is not a joint AC-set proof
2013-06-11,199,3,611.3,109.765625,1,1,1,0.0,exact_at_scalar_endpoint,recorded scalar endpoint schedule passed all nonlinear interval readbacks; zero observed gap is not a joint AC-set proof
2013-06-11,199,3,634.1,125.546875,1,1,1,0.0,exact_at_scalar_endpoint,recorded scalar endpoint schedule passed all nonlinear interval readbacks; zero observed gap is not a joint AC-set proof
2013-06-11,199,4,611.3,120.234375,1,1,1,0.0,exact_at_scalar_endpoint,recorded scalar endpoint schedule passed all nonlinear interval readbacks; zero observed gap is not a joint AC-set proof
2013-06-11,199,4,634.1,137.265625,1,1,1,0.0,exact_at_scalar_endpoint,recorded scalar endpoint schedule passed all nonlinear interval readbacks; zero observed gap is not a joint AC-set proof
2013-06-11,199,5,611.3,103.828125,1,1,1,0.0,exact_at_scalar_endpoint,recorded scalar endpoint schedule passed all nonlinear interval readbacks; zero observed gap is not a joint AC-set proof
2013-06-11,199,5,634.1,113.046875,1,1,1,0.0,exact_at_scalar_endpoint,recorded scalar endpoint schedule passed all nonlinear interval readbacks; zero observed gap is not a joint AC-set proof
2013-06-11,199,6,611.3,126.953125,1,1,1,0.0,exact_at_scalar_endpoint,recorded scalar endpoint schedule passed all nonlinear interval readbacks; zero observed gap is not a joint AC-set proof
2013-06-11,199,6,634.1,141.015625,1,1,1,0.0,exact_at_scalar_endpoint,recorded scalar endpoint schedule passed all nonlinear interval readbacks; zero observed gap is not a joint AC-set proof
2013-06-11,199,7,611.3,126.328125,1,1,1,0.0,exact_at_scalar_endpoint,recorded scalar endpoint schedule passed all nonlinear interval readbacks; zero observed gap is not a joint AC-set proof
2013-06-11,199,7,634.1,140.78125,1,1,1,0.0,exact_at_scalar_endpoint,recorded scalar endpoint schedule passed all nonlinear interval readbacks; zero observed gap is not a joint AC-set proof
2013-06-11,199,8,611.3,119.765625,1,1,1,0.0,exact_at_scalar_endpoint,recorded scalar endpoint schedule passed all nonlinear interval readbacks; zero observed gap is not a joint AC-set proof
2013-06-11,199,8,634.1,128.90625,1,1,1,0.0,exact_at_scalar_endpoint,recorded scalar endpoint schedule passed all nonlinear interval readbacks; zero observed gap is not a joint AC-set proof
2013-06-11,199,9,611.3,133.359375,1,1,1,0.0,exact_at_scalar_endpoint,recorded scalar endpoint schedule passed all nonlinear interval readbacks; zero observed gap is not a joint AC-set proof
2013-06-11,199,9,634.1,142.65625,1,1,1,0.0,exact_at_scalar_endpoint,recorded scalar endpoint schedule passed all nonlinear interval readbacks; zero observed gap is not a joint AC-set proof
2013-06-12,200,0,611.3,159.53125,1,1,1,0.0,exact_at_scalar_endpoint,recorded scalar endpoint schedule passed all nonlinear interval readbacks; zero observed gap is not a joint AC-set proof
2013-06-12,200,0,634.1,187.03125,1,1,1,0.0,exact_at_scalar_endpoint,recorded scalar endpoint schedule passed all nonlinear interval readbacks; zero observed gap is not a joint AC-set proof
2013-06-12,200,1,611.3,157.65625,1,1,1,0.0,exact_at_scalar_endpoint,recorded scalar endpoint schedule passed all nonlinear interval readbacks; zero observed gap is not a joint AC-set proof
2013-06-12,200,1,634.1,180.78125,1,1,1,0.0,exact_at_scalar_endpoint,recorded scalar endpoint schedule passed all nonlinear interval readbacks; zero observed gap is not a joint AC-set proof
2013-06-12,200,2,611.3,156.640625,1,1,1,0.0,exact_at_scalar_endpoint,recorded scalar endpoint schedule passed all nonlinear interval readbacks; zero observed gap is not a joint AC-set proof
2013-06-12,200,2,634.1,177.421875,1,1,1,0.0,exact_at_scalar_endpoint,recorded scalar endpoint schedule passed all nonlinear interval readbacks; zero observed gap is not a joint AC-set proof
2013-06-12,200,3,611.3,146.484375,1,1,1,0.0,exact_at_scalar_endpoint,recorded scalar endpoint schedule passed all nonlinear interval readbacks; zero observed gap is not a joint AC-set proof
2013-06-12,200,3,634.1,170.78125,1,1,1,0.0,exact_at_scalar_endpoint,recorded scalar endpoint schedule passed all nonlinear interval readbacks; zero observed gap is not a joint AC-set proof
2013-06-12,200,4,611.3,148.4375,1,1,1,0.0,exact_at_scalar_endpoint,recorded scalar endpoint schedule passed all nonlinear interval readbacks; zero observed gap is not a joint AC-set proof
2013-06-12,200,4,634.1,171.640625,1,1,1,0.0,exact_at_scalar_endpoint,recorded scalar endpoint schedule passed all nonlinear interval readbacks; zero observed gap is not a joint AC-set proof
2013-06-12,200,5,611.3,142.5,1,1,1,0.0,exact_at_scalar_endpoint,recorded scalar endpoint schedule passed all nonlinear interval readbacks; zero observed gap is not a joint AC-set proof
2013-06-12,200,5,634.1,168.984375,1,1,1,0.0,exact_at_scalar_endpoint,recorded scalar endpoint schedule passed all nonlinear interval readbacks; zero observed gap is not a joint AC-set proof
2013-06-12,200,6,611.3,141.25,1,1,1,0.0,exact_at_scalar_endpoint,recorded scalar endpoint schedule passed all nonlinear interval readbacks; zero observed gap is not a joint AC-set proof
2013-06-12,200,6,634.1,168.359375,1,1,1,0.0,exact_at_scalar_endpoint,recorded scalar endpoint schedule passed all nonlinear interval readbacks; zero observed gap is not a joint AC-set proof
2013-06-12,200,7,611.3,157.578125,1,1,1,0.0,exact_at_scalar_endpoint,recorded scalar endpoint schedule passed all nonlinear interval readbacks; zero observed gap is not a joint AC-set proof
2013-06-12,200,7,634.1,180.546875,1,1,1,0.0,exact_at_scalar_endpoint,recorded scalar endpoint schedule passed all nonlinear interval readbacks; zero observed gap is not a joint AC-set proof
2013-06-12,200,8,611.3,146.875,1,1,1,0.0,exact_at_scalar_endpoint,recorded scalar endpoint schedule passed all nonlinear interval readbacks; zero observed gap is not a joint AC-set proof
2013-06-12,200,8,634.1,170.9375,1,1,1,0.0,exact_at_scalar_endpoint,recorded scalar endpoint schedule passed all nonlinear interval readbacks; zero observed gap is not a joint AC-set proof
2013-06-12,200,9,611.3,156.09375,1,1,1,0.0,exact_at_scalar_endpoint,recorded scalar endpoint schedule passed all nonlinear interval readbacks; zero observed gap is not a joint AC-set proof
2013-06-12,200,9,634.1,175.234375,1,1,1,0.0,exact_at_scalar_endpoint,recorded scalar endpoint schedule passed all nonlinear interval readbacks; zero observed gap is not a joint AC-set proof
2013-06-13,201,0,611.3,121.015625,1,1,1,0.0,exact_at_scalar_endpoint,recorded scalar endpoint schedule passed all nonlinear interval readbacks; zero observed gap is not a joint AC-set proof
2013-06-13,201,0,634.1,131.796875,1,1,1,0.0,exact_at_scalar_endpoint,recorded scalar endpoint schedule passed all nonlinear interval readbacks; zero observed gap is not a joint AC-set proof
2013-06-13,201,1,611.3,118.671875,1,1,1,0.0,exact_at_scalar_endpoint,recorded scalar endpoint schedule passed all nonlinear interval readbacks; zero observed gap is not a joint AC-set proof
2013-06-13,201,1,634.1,129.375,1,1,1,0.0,exact_at_scalar_endpoint,recorded scalar endpoint schedule passed all nonlinear interval readbacks; zero observed gap is not a joint AC-set proof
2013-06-13,201,2,611.3,140.703125,1,1,1,0.0,exact_at_scalar_endpoint,recorded scalar endpoint schedule passed all nonlinear interval readbacks; zero observed gap is not a joint AC-set proof
2013-06-13,201,2,634.1,147.109375,1,1,1,0.0,exact_at_scalar_endpoint,recorded scalar endpoint schedule passed all nonlinear interval readbacks; zero observed gap is not a joint AC-set proof
2013-06-13,201,3,611.3,116.484375,1,1,1,0.0,exact_at_scalar_endpoint,recorded scalar endpoint schedule passed all nonlinear interval readbacks; zero observed gap is not a joint AC-set proof
2013-06-13,201,3,634.1,138.4375,1,1,1,0.0,exact_at_scalar_endpoint,recorded scalar endpoint schedule passed all nonlinear interval readbacks; zero observed gap is not a joint AC-set proof
2013-06-13,201,4,611.3,118.203125,1,1,1,0.0,exact_at_scalar_endpoint,recorded scalar endpoint schedule passed all nonlinear interval readbacks; zero observed gap is not a joint AC-set proof
2013-06-13,201,4,634.1,139.6875,1,1,1,0.0,exact_at_scalar_endpoint,recorded scalar endpoint schedule passed all nonlinear interval readbacks; zero observed gap is not a joint AC-set proof
2013-06-13,201,5,611.3,127.65625,1,1,1,0.0,exact_at_scalar_endpoint,recorded scalar endpoint schedule passed all nonlinear interval readbacks; zero observed gap is not a joint AC-set proof
2013-06-13,201,5,634.1,133.4375,1,1,1,0.0,exact_at_scalar_endpoint,recorded scalar endpoint schedule passed all nonlinear interval readbacks; zero observed gap is not a joint AC-set proof
2013-06-13,201,6,611.3,123.828125,1,1,1,0.0,exact_at_scalar_endpoint,recorded scalar endpoint schedule passed all nonlinear interval readbacks; zero observed gap is not a joint AC-set proof
2013-06-13,201,6,634.1,144.375,1,1,1,0.0,exact_at_scalar_endpoint,recorded scalar endpoint schedule passed all nonlinear interval readbacks; zero observed gap is not a joint AC-set proof
2013-06-13,201,7,611.3,119.6875,1,1,1,0.0,exact_at_scalar_endpoint,recorded scalar endpoint schedule passed all nonlinear interval readbacks; zero observed gap is not a joint AC-set proof
2013-06-13,201,7,634.1,133.28125,1,1,1,0.0,exact_at_scalar_endpoint,recorded scalar endpoint schedule passed all nonlinear interval readbacks; zero observed gap is not a joint AC-set proof
2013-06-13,201,8,611.3,119.140625,1,1,1,0.0,exact_at_scalar_endpoint,recorded scalar endpoint schedule passed all nonlinear interval readbacks; zero observed gap is not a joint AC-set proof
2013-06-13,201,8,634.1,130.625,1,1,1,0.0,exact_at_scalar_endpoint,recorded scalar endpoint schedule passed all nonlinear interval readbacks; zero observed gap is not a joint AC-set proof
2013-06-13,201,9,611.3,129.453125,1,1,1,0.0,exact_at_scalar_endpoint,recorded scalar endpoint schedule passed all nonlinear interval readbacks; zero observed gap is not a joint AC-set proof
2013-06-13,201,9,634.1,138.28125,1,1,1,0.0,exact_at_scalar_endpoint,recorded scalar endpoint schedule passed all nonlinear interval readbacks; zero observed gap is not a joint AC-set proof
2013-06-14,202,0,611.3,103.671875,1,1,1,0.0,exact_at_scalar_endpoint,recorded scalar endpoint schedule passed all nonlinear interval readbacks; zero observed gap is not a joint AC-set proof
2013-06-14,202,0,634.1,117.890625,1,1,1,0.0,exact_at_scalar_endpoint,recorded scalar endpoint schedule passed all nonlinear interval readbacks; zero observed gap is not a joint AC-set proof
2013-06-14,202,1,611.3,129.140625,1,1,1,0.0,exact_at_scalar_endpoint,recorded scalar endpoint schedule passed all nonlinear interval readbacks; zero observed gap is not a joint AC-set proof
2013-06-14,202,1,634.1,139.140625,1,1,1,0.0,exact_at_scalar_endpoint,recorded scalar endpoint schedule passed all nonlinear interval readbacks; zero observed gap is not a joint AC-set proof
2013-06-14,202,2,611.3,136.875,1,1,1,0.0,exact_at_scalar_endpoint,recorded scalar endpoint schedule passed all nonlinear interval readbacks; zero observed gap is not a joint AC-set proof
2013-06-14,202,2,634.1,143.046875,1,1,1,0.0,exact_at_scalar_endpoint,recorded scalar endpoint schedule passed all nonlinear interval readbacks; zero observed gap is not a joint AC-set proof
2013-06-14,202,3,611.3,117.890625,1,1,1,0.0,exact_at_scalar_endpoint,recorded scalar endpoint schedule passed all nonlinear interval readbacks; zero observed gap is not a joint AC-set proof
2013-06-14,202,3,634.1,131.875,1,1,1,0.0,exact_at_scalar_endpoint,recorded scalar endpoint schedule passed all nonlinear interval readbacks; zero observed gap is not a joint AC-set proof
2013-06-14,202,4,611.3,135.078125,1,1,1,0.0,exact_at_scalar_endpoint,recorded scalar endpoint schedule passed all nonlinear interval readbacks; zero observed gap is not a joint AC-set proof
2013-06-14,202,4,634.1,146.25,1,1,1,0.0,exact_at_scalar_endpoint,recorded scalar endpoint schedule passed all nonlinear interval readbacks; zero observed gap is not a joint AC-set proof
2013-06-14,202,5,611.3,137.8125,1,1,1,0.0,exact_at_scalar_endpoint,recorded scalar endpoint schedule passed all nonlinear interval readbacks; zero observed gap is not a joint AC-set proof
2013-06-14,202,5,634.1,143.984375,1,1,1,0.0,exact_at_scalar_endpoint,recorded scalar endpoint schedule passed all nonlinear interval readbacks; zero observed gap is not a joint AC-set proof
2013-06-14,202,6,611.3,127.03125,1,1,1,0.0,exact_at_scalar_endpoint,recorded scalar endpoint schedule passed all nonlinear interval readbacks; zero observed gap is not a joint AC-set proof
2013-06-14,202,6,634.1,141.796875,1,1,1,0.0,exact_at_scalar_endpoint,recorded scalar endpoint schedule passed all nonlinear interval readbacks; zero observed gap is not a joint AC-set proof
2013-06-14,202,7,611.3,148.75,1,1,1,0.0,exact_at_scalar_endpoint,recorded scalar endpoint schedule passed all nonlinear interval readbacks; zero observed gap is not a joint AC-set proof
2013-06-14,202,7,634.1,163.28125,1,1,1,0.0,exact_at_scalar_endpoint,recorded scalar endpoint schedule passed all nonlinear interval readbacks; zero observed gap is not a joint AC-set proof
2013-06-14,202,8,611.3,124.765625,1,1,1,0.0,exact_at_scalar_endpoint,recorded scalar endpoint schedule passed all nonlinear interval readbacks; zero observed gap is not a joint AC-set proof
2013-06-14,202,8,634.1,134.453125,1,1,1,0.0,exact_at_scalar_endpoint,recorded scalar endpoint schedule passed all nonlinear interval readbacks; zero observed gap is not a joint AC-set proof
2013-06-14,202,9,611.3,145.078125,1,1,1,0.0,exact_at_scalar_endpoint,recorded scalar endpoint schedule passed all nonlinear interval readbacks; zero observed gap is not a joint AC-set proof
2013-06-14,202,9,634.1,153.90625,1,1,1,0.0,exact_at_scalar_endpoint,recorded scalar endpoint schedule passed all nonlinear interval readbacks; zero observed gap is not a joint AC-set proof
2013-06-15,203,0,611.3,147.578125,1,1,1,0.0,exact_at_scalar_endpoint,recorded scalar endpoint schedule passed all nonlinear interval readbacks; zero observed gap is not a joint AC-set proof
2013-06-15,203,0,634.1,166.640625,1,1,1,0.0,exact_at_scalar_endpoint,recorded scalar endpoint schedule passed all nonlinear interval readbacks; zero observed gap is not a joint AC-set proof
2013-06-15,203,1,611.3,156.953125,1,1,1,0.0,exact_at_scalar_endpoint,recorded scalar endpoint schedule passed all nonlinear interval readbacks; zero observed gap is not a joint AC-set proof
2013-06-15,203,1,634.1,169.921875,1,1,1,0.0,exact_at_scalar_endpoint,recorded scalar endpoint schedule passed all nonlinear interval readbacks; zero observed gap is not a joint AC-set proof
2013-06-15,203,2,611.3,155.390625,1,1,1,0.0,exact_at_scalar_endpoint,recorded scalar endpoint schedule passed all nonlinear interval readbacks; zero observed gap is not a joint AC-set proof
2013-06-15,203,2,634.1,166.5625,1,1,1,0.0,exact_at_scalar_endpoint,recorded scalar endpoint schedule passed all nonlinear interval readbacks; zero observed gap is not a joint AC-set proof
2013-06-15,203,3,611.3,156.796875,1,1,1,0.0,exact_at_scalar_endpoint,recorded scalar endpoint schedule passed all nonlinear interval readbacks; zero observed gap is not a joint AC-set proof
2013-06-15,203,3,634.1,177.1875,1,1,1,0.0,exact_at_scalar_endpoint,recorded scalar endpoint schedule passed all nonlinear interval readbacks; zero observed gap is not a joint AC-set proof
2013-06-15,203,4,611.3,148.046875,1,1,1,0.0,exact_at_scalar_endpoint,recorded scalar endpoint schedule passed all nonlinear interval readbacks; zero observed gap is not a joint AC-set proof
2013-06-15,203,4,634.1,171.484375,1,1,1,0.0,exact_at_scalar_endpoint,recorded scalar endpoint schedule passed all nonlinear interval readbacks; zero observed gap is not a joint AC-set proof
2013-06-15,203,5,611.3,154.140625,1,1,1,0.0,exact_at_scalar_endpoint,recorded scalar endpoint schedule passed all nonlinear interval readbacks; zero observed gap is not a joint AC-set proof
2013-06-15,203,5,634.1,174.21875,1,1,1,0.0,exact_at_scalar_endpoint,recorded scalar endpoint schedule passed all nonlinear interval readbacks; zero observed gap is not a joint AC-set proof
2013-06-15,203,6,611.3,156.5625,1,1,1,0.0,exact_at_scalar_endpoint,recorded scalar endpoint schedule passed all nonlinear interval readbacks; zero observed gap is not a joint AC-set proof
2013-06-15,203,6,634.1,176.40625,1,1,1,0.0,exact_at_scalar_endpoint,recorded scalar endpoint schedule passed all nonlinear interval readbacks; zero observed gap is not a joint AC-set proof
2013-06-15,203,7,611.3,159.0625,1,1,1,0.0,exact_at_scalar_endpoint,recorded scalar endpoint schedule passed all nonlinear interval readbacks; zero observed gap is not a joint AC-set proof
2013-06-15,203,7,634.1,185.078125,1,1,1,0.0,exact_at_scalar_endpoint,recorded scalar endpoint schedule passed all nonlinear interval readbacks; zero observed gap is not a joint AC-set proof
2013-06-15,203,8,611.3,147.65625,1,1,1,0.0,exact_at_scalar_endpoint,recorded scalar endpoint schedule passed all nonlinear interval readbacks; zero observed gap is not a joint AC-set proof
2013-06-15,203,8,634.1,166.5625,1,1,1,0.0,exact_at_scalar_endpoint,recorded scalar endpoint schedule passed all nonlinear interval readbacks; zero observed gap is not a joint AC-set proof
2013-06-15,203,9,611.3,148.4375,1,1,1,0.0,exact_at_scalar_endpoint,recorded scalar endpoint schedule passed all nonlinear interval readbacks; zero observed gap is not a joint AC-set proof
2013-06-15,203,9,634.1,167.578125,1,1,1,0.0,exact_at_scalar_endpoint,recorded scalar endpoint schedule passed all nonlinear interval readbacks; zero observed gap is not a joint AC-set proof
2013-06-16,204,0,611.3,137.8125,1,1,1,0.0,exact_at_scalar_endpoint,recorded scalar endpoint schedule passed all nonlinear interval readbacks; zero observed gap is not a joint AC-set proof
2013-06-16,204,0,634.1,145.15625,1,1,1,0.0,exact_at_scalar_endpoint,recorded scalar endpoint schedule passed all nonlinear interval readbacks; zero observed gap is not a joint AC-set proof
2013-06-16,204,1,611.3,139.0625,1,1,1,0.0,exact_at_scalar_endpoint,recorded scalar endpoint schedule passed all nonlinear interval readbacks; zero observed gap is not a joint AC-set proof
2013-06-16,204,1,634.1,167.421875,1,1,1,0.0,exact_at_scalar_endpoint,recorded scalar endpoint schedule passed all nonlinear interval readbacks; zero observed gap is not a joint AC-set proof
2013-06-16,204,2,611.3,149.140625,1,1,1,0.0,exact_at_scalar_endpoint,recorded scalar endpoint schedule passed all nonlinear interval readbacks; zero observed gap is not a joint AC-set proof
2013-06-16,204,2,634.1,152.578125,1,1,1,0.0,exact_at_scalar_endpoint,recorded scalar endpoint schedule passed all nonlinear interval readbacks; zero observed gap is not a joint AC-set proof
2013-06-16,204,3,611.3,142.65625,1,1,1,0.0,exact_at_scalar_endpoint,recorded scalar endpoint schedule passed all nonlinear interval readbacks; zero observed gap is not a joint AC-set proof
2013-06-16,204,3,634.1,150.9375,1,1,1,0.0,exact_at_scalar_endpoint,recorded scalar endpoint schedule passed all nonlinear interval readbacks; zero observed gap is not a joint AC-set proof
2013-06-16,204,4,611.3,151.5625,1,1,1,0.0,exact_at_scalar_endpoint,recorded scalar endpoint schedule passed all nonlinear interval readbacks; zero observed gap is not a joint AC-set proof
2013-06-16,204,4,634.1,165.546875,1,1,1,0.0,exact_at_scalar_endpoint,recorded scalar endpoint schedule passed all nonlinear interval readbacks; zero observed gap is not a joint AC-set proof
2013-06-16,204,5,611.3,130.0,1,1,1,0.0,exact_at_scalar_endpoint,recorded scalar endpoint schedule passed all nonlinear interval readbacks; zero observed gap is not a joint AC-set proof
2013-06-16,204,5,634.1,135.9375,1,1,1,0.0,exact_at_scalar_endpoint,recorded scalar endpoint schedule passed all nonlinear interval readbacks; zero observed gap is not a joint AC-set proof
2013-06-16,204,6,611.3,141.796875,1,1,1,0.0,exact_at_scalar_endpoint,recorded scalar endpoint schedule passed all nonlinear interval readbacks; zero observed gap is not a joint AC-set proof
2013-06-16,204,6,634.1,154.84375,1,1,1,0.0,exact_at_scalar_endpoint,recorded scalar endpoint schedule passed all nonlinear interval readbacks; zero observed gap is not a joint AC-set proof
2013-06-16,204,7,611.3,159.453125,1,1,1,0.0,exact_at_scalar_endpoint,recorded scalar endpoint schedule passed all nonlinear interval readbacks; zero observed gap is not a joint AC-set proof
2013-06-16,204,7,634.1,175.703125,1,1,1,0.0,exact_at_scalar_endpoint,recorded scalar endpoint schedule passed all nonlinear interval readbacks; zero observed gap is not a joint AC-set proof
2013-06-16,204,8,611.3,155.234375,1,1,1,0.0,exact_at_scalar_endpoint,recorded scalar endpoint schedule passed all nonlinear interval readbacks; zero observed gap is not a joint AC-set proof
2013-06-16,204,8,634.1,168.671875,1,1,1,0.0,exact_at_scalar_endpoint,recorded scalar endpoint schedule passed all nonlinear interval readbacks; zero observed gap is not a joint AC-set proof
2013-06-16,204,9,611.3,156.171875,1,1,1,0.0,exact_at_scalar_endpoint,recorded scalar endpoint schedule passed all nonlinear interval readbacks; zero observed gap is not a joint AC-set proof
2013-06-16,204,9,634.1,175.859375,1,1,1,0.0,exact_at_scalar_endpoint,recorded scalar endpoint schedule passed all nonlinear interval readbacks; zero observed gap is not a joint AC-set proof
2013-06-17,205,0,611.3,124.84375,1,1,1,0.0,exact_at_scalar_endpoint,recorded scalar endpoint schedule passed all nonlinear interval readbacks; zero observed gap is not a joint AC-set proof
2013-06-17,205,0,634.1,151.5625,1,1,1,0.0,exact_at_scalar_endpoint,recorded scalar endpoint schedule passed all nonlinear interval readbacks; zero observed gap is not a joint AC-set proof
2013-06-17,205,1,611.3,150.390625,1,1,1,0.0,exact_at_scalar_endpoint,recorded scalar endpoint schedule passed all nonlinear interval readbacks; zero observed gap is not a joint AC-set proof
2013-06-17,205,1,634.1,171.25,1,1,1,0.0,exact_at_scalar_endpoint,recorded scalar endpoint schedule passed all nonlinear interval readbacks; zero observed gap is not a joint AC-set proof
2013-06-17,205,2,611.3,138.125,1,1,1,0.0,exact_at_scalar_endpoint,recorded scalar endpoint schedule passed all nonlinear interval readbacks; zero observed gap is not a joint AC-set proof
2013-06-17,205,2,634.1,154.84375,1,1,1,0.0,exact_at_scalar_endpoint,recorded scalar endpoint schedule passed all nonlinear interval readbacks; zero observed gap is not a joint AC-set proof
2013-06-17,205,3,611.3,158.125,1,1,1,0.0,exact_at_scalar_endpoint,recorded scalar endpoint schedule passed all nonlinear interval readbacks; zero observed gap is not a joint AC-set proof
2013-06-17,205,3,634.1,174.765625,1,1,1,0.0,exact_at_scalar_endpoint,recorded scalar endpoint schedule passed all nonlinear interval readbacks; zero observed gap is not a joint AC-set proof
2013-06-17,205,4,611.3,142.5,1,1,1,0.0,exact_at_scalar_endpoint,recorded scalar endpoint schedule passed all nonlinear interval readbacks; zero observed gap is not a joint AC-set proof
2013-06-17,205,4,634.1,163.671875,1,1,1,0.0,exact_at_scalar_endpoint,recorded scalar endpoint schedule passed all nonlinear interval readbacks; zero observed gap is not a joint AC-set proof
2013-06-17,205,5,611.3,136.09375,1,1,1,0.0,exact_at_scalar_endpoint,recorded scalar endpoint schedule passed all nonlinear interval readbacks; zero observed gap is not a joint AC-set proof
2013-06-17,205,5,634.1,153.75,1,1,1,0.0,exact_at_scalar_endpoint,recorded scalar endpoint schedule passed all nonlinear interval readbacks; zero observed gap is not a joint AC-set proof
2013-06-17,205,6,611.3,149.0625,1,1,1,0.0,exact_at_scalar_endpoint,recorded scalar endpoint schedule passed all nonlinear interval readbacks; zero observed gap is not a joint AC-set proof
2013-06-17,205,6,634.1,171.953125,1,1,1,0.0,exact_at_scalar_endpoint,recorded scalar endpoint schedule passed all nonlinear interval readbacks; zero observed gap is not a joint AC-set proof
2013-06-17,205,7,611.3,159.921875,1,1,1,0.0,exact_at_scalar_endpoint,recorded scalar endpoint schedule passed all nonlinear interval readbacks; zero observed gap is not a joint AC-set proof
2013-06-17,205,7,634.1,183.671875,1,1,1,0.0,exact_at_scalar_endpoint,recorded scalar endpoint schedule passed all nonlinear interval readbacks; zero observed gap is not a joint AC-set proof
2013-06-17,205,8,611.3,131.40625,1,1,1,0.0,exact_at_scalar_endpoint,recorded scalar endpoint schedule passed all nonlinear interval readbacks; zero observed gap is not a joint AC-set proof
2013-06-17,205,8,634.1,148.59375,1,1,1,0.0,exact_at_scalar_endpoint,recorded scalar endpoint schedule passed all nonlinear interval readbacks; zero observed gap is not a joint AC-set proof
2013-06-17,205,9,611.3,157.1875,1,1,1,0.0,exact_at_scalar_endpoint,recorded scalar endpoint schedule passed all nonlinear interval readbacks; zero observed gap is not a joint AC-set proof
2013-06-17,205,9,634.1,179.375,1,1,1,0.0,exact_at_scalar_endpoint,recorded scalar endpoint schedule passed all nonlinear interval readbacks; zero observed gap is not a joint AC-set proof
2013-06-18,206,0,611.3,113.984375,1,1,1,0.0,exact_at_scalar_endpoint,recorded scalar endpoint schedule passed all nonlinear interval readbacks; zero observed gap is not a joint AC-set proof
2013-06-18,206,0,634.1,129.296875,1,1,1,0.0,exact_at_scalar_endpoint,recorded scalar endpoint schedule passed all nonlinear interval readbacks; zero observed gap is not a joint AC-set proof
2013-06-18,206,1,611.3,114.921875,1,1,1,0.0,exact_at_scalar_endpoint,recorded scalar endpoint schedule passed all nonlinear interval readbacks; zero observed gap is not a joint AC-set proof
2013-06-18,206,1,634.1,124.765625,1,1,1,0.0,exact_at_scalar_endpoint,recorded scalar endpoint schedule passed all nonlinear interval readbacks; zero observed gap is not a joint AC-set proof
2013-06-18,206,2,611.3,124.0625,1,1,1,0.0,exact_at_scalar_endpoint,recorded scalar endpoint schedule passed all nonlinear interval readbacks; zero observed gap is not a joint AC-set proof
2013-06-18,206,2,634.1,127.421875,1,1,1,0.0,exact_at_scalar_endpoint,recorded scalar endpoint schedule passed all nonlinear interval readbacks; zero observed gap is not a joint AC-set proof
2013-06-18,206,3,611.3,133.28125,1,1,1,0.0,exact_at_scalar_endpoint,recorded scalar endpoint schedule passed all nonlinear interval readbacks; zero observed gap is not a joint AC-set proof
2013-06-18,206,3,634.1,138.90625,1,1,1,0.0,exact_at_scalar_endpoint,recorded scalar endpoint schedule passed all nonlinear interval readbacks; zero observed gap is not a joint AC-set proof
2013-06-18,206,4,611.3,117.421875,1,1,1,0.0,exact_at_scalar_endpoint,recorded scalar endpoint schedule passed all nonlinear interval readbacks; zero observed gap is not a joint AC-set proof
2013-06-18,206,4,634.1,130.625,1,1,1,0.0,exact_at_scalar_endpoint,recorded scalar endpoint schedule passed all nonlinear interval readbacks; zero observed gap is not a joint AC-set proof
2013-06-18,206,5,611.3,92.03125,1,1,1,0.0,exact_at_scalar_endpoint,recorded scalar endpoint schedule passed all nonlinear interval readbacks; zero observed gap is not a joint AC-set proof
2013-06-18,206,5,634.1,101.71875,1,1,1,0.0,exact_at_scalar_endpoint,recorded scalar endpoint schedule passed all nonlinear interval readbacks; zero observed gap is not a joint AC-set proof
2013-06-18,206,6,611.3,121.5625,1,1,1,0.0,exact_at_scalar_endpoint,recorded scalar endpoint schedule passed all nonlinear interval readbacks; zero observed gap is not a joint AC-set proof
2013-06-18,206,6,634.1,135.3125,1,1,1,0.0,exact_at_scalar_endpoint,recorded scalar endpoint schedule passed all nonlinear interval readbacks; zero observed gap is not a joint AC-set proof
2013-06-18,206,7,611.3,143.671875,1,1,1,0.0,exact_at_scalar_endpoint,recorded scalar endpoint schedule passed all nonlinear interval readbacks; zero observed gap is not a joint AC-set proof
2013-06-18,206,7,634.1,154.296875,1,1,1,0.0,exact_at_scalar_endpoint,recorded scalar endpoint schedule passed all nonlinear interval readbacks; zero observed gap is not a joint AC-set proof
2013-06-18,206,8,611.3,119.0625,1,1,1,0.0,exact_at_scalar_endpoint,recorded scalar endpoint schedule passed all nonlinear interval readbacks; zero observed gap is not a joint AC-set proof
2013-06-18,206,8,634.1,129.21875,1,1,1,0.0,exact_at_scalar_endpoint,recorded scalar endpoint schedule passed all nonlinear interval readbacks; zero observed gap is not a joint AC-set proof
2013-06-18,206,9,611.3,153.984375,1,1,1,0.0,exact_at_scalar_endpoint,recorded scalar endpoint schedule passed all nonlinear interval readbacks; zero observed gap is not a joint AC-set proof
2013-06-18,206,9,634.1,166.484375,1,1,1,0.0,exact_at_scalar_endpoint,recorded scalar endpoint schedule passed all nonlinear interval readbacks; zero observed gap is not a joint AC-set proof
2013-06-19,207,0,611.3,159.921875,1,1,1,0.0,exact_at_scalar_endpoint,recorded scalar endpoint schedule passed all nonlinear interval readbacks; zero observed gap is not a joint AC-set proof
2013-06-19,207,0,634.1,175.859375,1,1,1,0.0,exact_at_scalar_endpoint,recorded scalar endpoint schedule passed all nonlinear interval readbacks; zero observed gap is not a joint AC-set proof
2013-06-19,207,1,611.3,156.5625,1,1,1,0.0,exact_at_scalar_endpoint,recorded scalar endpoint schedule passed all nonlinear interval readbacks; zero observed gap is not a joint AC-set proof
2013-06-19,207,1,634.1,171.71875,1,1,1,0.0,exact_at_scalar_endpoint,recorded scalar endpoint schedule passed all nonlinear interval readbacks; zero observed gap is not a joint AC-set proof
2013-06-19,207,2,611.3,153.90625,1,1,1,0.0,exact_at_scalar_endpoint,recorded scalar endpoint schedule passed all nonlinear interval readbacks; zero observed gap is not a joint AC-set proof
2013-06-19,207,2,634.1,170.15625,1,1,1,0.0,exact_at_scalar_endpoint,recorded scalar endpoint schedule passed all nonlinear interval readbacks; zero observed gap is not a joint AC-set proof
2013-06-19,207,3,611.3,157.34375,1,1,1,0.0,exact_at_scalar_endpoint,recorded scalar endpoint schedule passed all nonlinear interval readbacks; zero observed gap is not a joint AC-set proof
2013-06-19,207,3,634.1,179.84375,1,1,1,0.0,exact_at_scalar_endpoint,recorded scalar endpoint schedule passed all nonlinear interval readbacks; zero observed gap is not a joint AC-set proof
2013-06-19,207,4,611.3,152.65625,1,1,1,0.0,exact_at_scalar_endpoint,recorded scalar endpoint schedule passed all nonlinear interval readbacks; zero observed gap is not a joint AC-set proof
2013-06-19,207,4,634.1,165.625,1,1,1,0.0,exact_at_scalar_endpoint,recorded scalar endpoint schedule passed all nonlinear interval readbacks; zero observed gap is not a joint AC-set proof
2013-06-19,207,5,611.3,146.015625,1,1,1,0.0,exact_at_scalar_endpoint,recorded scalar endpoint schedule passed all nonlinear interval readbacks; zero observed gap is not a joint AC-set proof
2013-06-19,207,5,634.1,157.65625,1,1,1,0.0,exact_at_scalar_endpoint,recorded scalar endpoint schedule passed all nonlinear interval readbacks; zero observed gap is not a joint AC-set proof
2013-06-19,207,6,611.3,138.28125,1,1,1,0.0,exact_at_scalar_endpoint,recorded scalar endpoint schedule passed all nonlinear interval readbacks; zero observed gap is not a joint AC-set proof
2013-06-19,207,6,634.1,163.046875,1,1,1,0.0,exact_at_scalar_endpoint,recorded scalar endpoint schedule passed all nonlinear interval readbacks; zero observed gap is not a joint AC-set proof
2013-06-19,207,7,611.3,161.953125,1,1,1,0.0,exact_at_scalar_endpoint,recorded scalar endpoint schedule passed all nonlinear interval readbacks; zero observed gap is not a joint AC-set proof
2013-06-19,207,7,634.1,186.875,1,1,1,0.0,exact_at_scalar_endpoint,recorded scalar endpoint schedule passed all nonlinear interval readbacks; zero observed gap is not a joint AC-set proof
2013-06-19,207,8,611.3,156.484375,1,1,1,0.0,exact_at_scalar_endpoint,recorded scalar endpoint schedule passed all nonlinear interval readbacks; zero observed gap is not a joint AC-set proof
2013-06-19,207,8,634.1,170.0,1,1,1,0.0,exact_at_scalar_endpoint,recorded scalar endpoint schedule passed all nonlinear interval readbacks; zero observed gap is not a joint AC-set proof
2013-06-19,207,9,611.3,147.734375,1,1,1,0.0,exact_at_scalar_endpoint,recorded scalar endpoint schedule passed all nonlinear interval readbacks; zero observed gap is not a joint AC-set proof
2013-06-19,207,9,634.1,171.328125,1,1,1,0.0,exact_at_scalar_endpoint,recorded scalar endpoint schedule passed all nonlinear interval readbacks; zero observed gap is not a joint AC-set proof
2013-06-20,208,0,611.3,143.359375,1,1,1,0.0,exact_at_scalar_endpoint,recorded scalar endpoint schedule passed all nonlinear interval readbacks; zero observed gap is not a joint AC-set proof
2013-06-20,208,0,634.1,165.0,1,1,1,0.0,exact_at_scalar_endpoint,recorded scalar endpoint schedule passed all nonlinear interval readbacks; zero observed gap is not a joint AC-set proof
2013-06-20,208,1,611.3,157.109375,1,1,1,0.0,exact_at_scalar_endpoint,recorded scalar endpoint schedule passed all nonlinear interval readbacks; zero observed gap is not a joint AC-set proof
2013-06-20,208,1,634.1,177.109375,1,1,1,0.0,exact_at_scalar_endpoint,recorded scalar endpoint schedule passed all nonlinear interval readbacks; zero observed gap is not a joint AC-set proof
2013-06-20,208,2,611.3,153.125,1,1,1,0.0,exact_at_scalar_endpoint,recorded scalar endpoint schedule passed all nonlinear interval readbacks; zero observed gap is not a joint AC-set proof
2013-06-20,208,2,634.1,169.765625,1,1,1,0.0,exact_at_scalar_endpoint,recorded scalar endpoint schedule passed all nonlinear interval readbacks; zero observed gap is not a joint AC-set proof
2013-06-20,208,3,611.3,158.75,1,1,1,0.0,exact_at_scalar_endpoint,recorded scalar endpoint schedule passed all nonlinear interval readbacks; zero observed gap is not a joint AC-set proof
2013-06-20,208,3,634.1,184.21875,1,1,1,0.0,exact_at_scalar_endpoint,recorded scalar endpoint schedule passed all nonlinear interval readbacks; zero observed gap is not a joint AC-set proof
2013-06-20,208,4,611.3,154.6875,1,1,1,0.0,exact_at_scalar_endpoint,recorded scalar endpoint schedule passed all nonlinear interval readbacks; zero observed gap is not a joint AC-set proof
2013-06-20,208,4,634.1,174.453125,1,1,1,0.0,exact_at_scalar_endpoint,recorded scalar endpoint schedule passed all nonlinear interval readbacks; zero observed gap is not a joint AC-set proof
2013-06-20,208,5,611.3,146.015625,1,1,1,0.0,exact_at_scalar_endpoint,recorded scalar endpoint schedule passed all nonlinear interval readbacks; zero observed gap is not a joint AC-set proof
2013-06-20,208,5,634.1,162.421875,1,1,1,0.0,exact_at_scalar_endpoint,recorded scalar endpoint schedule passed all nonlinear interval readbacks; zero observed gap is not a joint AC-set proof
2013-06-20,208,6,611.3,157.03125,1,1,1,0.0,exact_at_scalar_endpoint,recorded scalar endpoint schedule passed all nonlinear interval readbacks; zero observed gap is not a joint AC-set proof
2013-06-20,208,6,634.1,173.984375,1,1,1,0.0,exact_at_scalar_endpoint,recorded scalar endpoint schedule passed all nonlinear interval readbacks; zero observed gap is not a joint AC-set proof
2013-06-20,208,7,611.3,161.796875,1,1,1,0.0,exact_at_scalar_endpoint,recorded scalar endpoint schedule passed all nonlinear interval readbacks; zero observed gap is not a joint AC-set proof
2013-06-20,208,7,634.1,192.578125,1,1,1,0.0,exact_at_scalar_endpoint,recorded scalar endpoint schedule passed all nonlinear interval readbacks; zero observed gap is not a joint AC-set proof
2013-06-20,208,8,611.3,152.578125,1,1,1,0.0,exact_at_scalar_endpoint,recorded scalar endpoint schedule passed all nonlinear interval readbacks; zero observed gap is not a joint AC-set proof
2013-06-20,208,8,634.1,169.765625,1,1,1,0.0,exact_at_scalar_endpoint,recorded scalar endpoint schedule passed all nonlinear interval readbacks; zero observed gap is not a joint AC-set proof
2013-06-20,208,9,611.3,159.140625,1,1,1,0.0,exact_at_scalar_endpoint,recorded scalar endpoint schedule passed all nonlinear interval readbacks; zero observed gap is not a joint AC-set proof
2013-06-20,208,9,634.1,176.875,1,1,1,0.0,exact_at_scalar_endpoint,recorded scalar endpoint schedule passed all nonlinear interval readbacks; zero observed gap is not a joint AC-set proof
2013-06-21,209,0,611.3,138.203125,1,1,1,0.0,exact_at_scalar_endpoint,recorded scalar endpoint schedule passed all nonlinear interval readbacks; zero observed gap is not a joint AC-set proof
2013-06-21,209,0,634.1,163.125,1,1,1,0.0,exact_at_scalar_endpoint,recorded scalar endpoint schedule passed all nonlinear interval readbacks; zero observed gap is not a joint AC-set proof
2013-06-21,209,1,611.3,148.671875,1,1,1,0.0,exact_at_scalar_endpoint,recorded scalar endpoint schedule passed all nonlinear interval readbacks; zero observed gap is not a joint AC-set proof
2013-06-21,209,1,634.1,167.8125,1,1,1,0.0,exact_at_scalar_endpoint,recorded scalar endpoint schedule passed all nonlinear interval readbacks; zero observed gap is not a joint AC-set proof
2013-06-21,209,2,611.3,148.28125,1,1,1,0.0,exact_at_scalar_endpoint,recorded scalar endpoint schedule passed all nonlinear interval readbacks; zero observed gap is not a joint AC-set proof
2013-06-21,209,2,634.1,165.78125,1,1,1,0.0,exact_at_scalar_endpoint,recorded scalar endpoint schedule passed all nonlinear interval readbacks; zero observed gap is not a joint AC-set proof
2013-06-21,209,3,611.3,157.5,1,1,1,0.0,exact_at_scalar_endpoint,recorded scalar endpoint schedule passed all nonlinear interval readbacks; zero observed gap is not a joint AC-set proof
2013-06-21,209,3,634.1,180.234375,1,1,1,0.0,exact_at_scalar_endpoint,recorded scalar endpoint schedule passed all nonlinear interval readbacks; zero observed gap is not a joint AC-set proof
2013-06-21,209,4,611.3,150.9375,1,1,1,0.0,exact_at_scalar_endpoint,recorded scalar endpoint schedule passed all nonlinear interval readbacks; zero observed gap is not a joint AC-set proof
2013-06-21,209,4,634.1,167.1875,1,1,1,0.0,exact_at_scalar_endpoint,recorded scalar endpoint schedule passed all nonlinear interval readbacks; zero observed gap is not a joint AC-set proof
2013-06-21,209,5,611.3,149.765625,1,1,1,0.0,exact_at_scalar_endpoint,recorded scalar endpoint schedule passed all nonlinear interval readbacks; zero observed gap is not a joint AC-set proof
2013-06-21,209,5,634.1,167.65625,1,1,1,0.0,exact_at_scalar_endpoint,recorded scalar endpoint schedule passed all nonlinear interval readbacks; zero observed gap is not a joint AC-set proof
2013-06-21,209,6,611.3,146.09375,1,1,1,0.0,exact_at_scalar_endpoint,recorded scalar endpoint schedule passed all nonlinear interval readbacks; zero observed gap is not a joint AC-set proof
2013-06-21,209,6,634.1,167.109375,1,1,1,0.0,exact_at_scalar_endpoint,recorded scalar endpoint schedule passed all nonlinear interval readbacks; zero observed gap is not a joint AC-set proof
2013-06-21,209,7,611.3,162.265625,1,1,1,0.0,exact_at_scalar_endpoint,recorded scalar endpoint schedule passed all nonlinear interval readbacks; zero observed gap is not a joint AC-set proof
2013-06-21,209,7,634.1,192.03125,1,1,1,0.0,exact_at_scalar_endpoint,recorded scalar endpoint schedule passed all nonlinear interval readbacks; zero observed gap is not a joint AC-set proof
2013-06-21,209,8,611.3,158.4375,1,1,1,0.0,exact_at_scalar_endpoint,recorded scalar endpoint schedule passed all nonlinear interval readbacks; zero observed gap is not a joint AC-set proof
2013-06-21,209,8,634.1,173.75,1,1,1,0.0,exact_at_scalar_endpoint,recorded scalar endpoint schedule passed all nonlinear interval readbacks; zero observed gap is not a joint AC-set proof
2013-06-21,209,9,611.3,156.09375,1,1,1,0.0,exact_at_scalar_endpoint,recorded scalar endpoint schedule passed all nonlinear interval readbacks; zero observed gap is not a joint AC-set proof
2013-06-21,209,9,634.1,175.546875,1,1,1,0.0,exact_at_scalar_endpoint,recorded scalar endpoint schedule passed all nonlinear interval readbacks; zero observed gap is not a joint AC-set proof
2013-06-22,210,0,611.3,156.25,1,1,1,0.0,exact_at_scalar_endpoint,recorded scalar endpoint schedule passed all nonlinear interval readbacks; zero observed gap is not a joint AC-set proof
2013-06-22,210,0,634.1,176.171875,1,1,1,0.0,exact_at_scalar_endpoint,recorded scalar endpoint schedule passed all nonlinear interval readbacks; zero observed gap is not a joint AC-set proof
2013-06-22,210,1,611.3,157.1875,1,1,1,0.0,exact_at_scalar_endpoint,recorded scalar endpoint schedule passed all nonlinear interval readbacks; zero observed gap is not a joint AC-set proof
2013-06-22,210,1,634.1,179.296875,1,1,1,0.0,exact_at_scalar_endpoint,recorded scalar endpoint schedule passed all nonlinear interval readbacks; zero observed gap is not a joint AC-set proof
2013-06-22,210,2,611.3,160.390625,1,1,1,0.0,exact_at_scalar_endpoint,recorded scalar endpoint schedule passed all nonlinear interval readbacks; zero observed gap is not a joint AC-set proof
2013-06-22,210,2,634.1,189.453125,1,1,1,0.0,exact_at_scalar_endpoint,recorded scalar endpoint schedule passed all nonlinear interval readbacks; zero observed gap is not a joint AC-set proof
2013-06-22,210,3,611.3,161.09375,1,1,1,0.0,exact_at_scalar_endpoint,recorded scalar endpoint schedule passed all nonlinear interval readbacks; zero observed gap is not a joint AC-set proof
2013-06-22,210,3,634.1,191.71875,1,1,1,0.0,exact_at_scalar_endpoint,recorded scalar endpoint schedule passed all nonlinear interval readbacks; zero observed gap is not a joint AC-set proof
2013-06-22,210,4,611.3,156.5625,1,1,1,0.0,exact_at_scalar_endpoint,recorded scalar endpoint schedule passed all nonlinear interval readbacks; zero observed gap is not a joint AC-set proof
2013-06-22,210,4,634.1,177.1875,1,1,1,0.0,exact_at_scalar_endpoint,recorded scalar endpoint schedule passed all nonlinear interval readbacks; zero observed gap is not a joint AC-set proof
2013-06-22,210,5,611.3,157.890625,1,1,1,0.0,exact_at_scalar_endpoint,recorded scalar endpoint schedule passed all nonlinear interval readbacks; zero observed gap is not a joint AC-set proof
2013-06-22,210,5,634.1,181.640625,1,1,1,0.0,exact_at_scalar_endpoint,recorded scalar endpoint schedule passed all nonlinear interval readbacks; zero observed gap is not a joint AC-set proof
2013-06-22,210,6,611.3,157.03125,1,1,1,0.0,exact_at_scalar_endpoint,recorded scalar endpoint schedule passed all nonlinear interval readbacks; zero observed gap is not a joint AC-set proof
2013-06-22,210,6,634.1,178.359375,1,1,1,0.0,exact_at_scalar_endpoint,recorded scalar endpoint schedule passed all nonlinear interval readbacks; zero observed gap is not a joint AC-set proof
2013-06-22,210,7,611.3,161.484375,1,1,1,0.0,exact_at_scalar_endpoint,recorded scalar endpoint schedule passed all nonlinear interval readbacks; zero observed gap is not a joint AC-set proof
2013-06-22,210,7,634.1,193.4375,1,1,1,0.0,exact_at_scalar_endpoint,recorded scalar endpoint schedule passed all nonlinear interval readbacks; zero observed gap is not a joint AC-set proof
2013-06-22,210,8,611.3,158.671875,1,1,1,0.0,exact_at_scalar_endpoint,recorded scalar endpoint schedule passed all nonlinear interval readbacks; zero observed gap is not a joint AC-set proof
2013-06-22,210,8,634.1,183.90625,1,1,1,0.0,exact_at_scalar_endpoint,recorded scalar endpoint schedule passed all nonlinear interval readbacks; zero observed gap is not a joint AC-set proof
2013-06-22,210,9,611.3,157.34375,1,1,1,0.0,exact_at_scalar_endpoint,recorded scalar endpoint schedule passed all nonlinear interval readbacks; zero observed gap is not a joint AC-set proof
2013-06-22,210,9,634.1,179.921875,1,1,1,0.0,exact_at_scalar_endpoint,recorded scalar endpoint schedule passed all nonlinear interval readbacks; zero observed gap is not a joint AC-set proof
2013-06-23,211,0,611.3,158.28125,1,1,1,0.0,exact_at_scalar_endpoint,recorded scalar endpoint schedule passed all nonlinear interval readbacks; zero observed gap is not a joint AC-set proof
2013-06-23,211,0,634.1,182.96875,1,1,1,0.0,exact_at_scalar_endpoint,recorded scalar endpoint schedule passed all nonlinear interval readbacks; zero observed gap is not a joint AC-set proof
2013-06-23,211,1,611.3,156.25,1,1,1,0.0,exact_at_scalar_endpoint,recorded scalar endpoint schedule passed all nonlinear interval readbacks; zero observed gap is not a joint AC-set proof
2013-06-23,211,1,634.1,176.25,1,1,1,0.0,exact_at_scalar_endpoint,recorded scalar endpoint schedule passed all nonlinear interval readbacks; zero observed gap is not a joint AC-set proof
2013-06-23,211,2,611.3,161.328125,1,1,1,0.0,exact_at_scalar_endpoint,recorded scalar endpoint schedule passed all nonlinear interval readbacks; zero observed gap is not a joint AC-set proof
2013-06-23,211,2,634.1,192.890625,1,1,1,0.0,exact_at_scalar_endpoint,recorded scalar endpoint schedule passed all nonlinear interval readbacks; zero observed gap is not a joint AC-set proof
2013-06-23,211,3,611.3,157.265625,1,1,1,0.0,exact_at_scalar_endpoint,recorded scalar endpoint schedule passed all nonlinear interval readbacks; zero observed gap is not a joint AC-set proof
2013-06-23,211,3,634.1,179.21875,1,1,1,0.0,exact_at_scalar_endpoint,recorded scalar endpoint schedule passed all nonlinear interval readbacks; zero observed gap is not a joint AC-set proof
2013-06-23,211,4,611.3,156.484375,1,1,1,0.0,exact_at_scalar_endpoint,recorded scalar endpoint schedule passed all nonlinear interval readbacks; zero observed gap is not a joint AC-set proof
2013-06-23,211,4,634.1,176.40625,1,1,1,0.0,exact_at_scalar_endpoint,recorded scalar endpoint schedule passed all nonlinear interval readbacks; zero observed gap is not a joint AC-set proof
2013-06-23,211,5,611.3,144.53125,1,1,1,0.0,exact_at_scalar_endpoint,recorded scalar endpoint schedule passed all nonlinear interval readbacks; zero observed gap is not a joint AC-set proof
2013-06-23,211,5,634.1,169.921875,1,1,1,0.0,exact_at_scalar_endpoint,recorded scalar endpoint schedule passed all nonlinear interval readbacks; zero observed gap is not a joint AC-set proof
2013-06-23,211,6,611.3,158.359375,1,1,1,0.0,exact_at_scalar_endpoint,recorded scalar endpoint schedule passed all nonlinear interval readbacks; zero observed gap is not a joint AC-set proof
2013-06-23,211,6,634.1,183.203125,1,1,1,0.0,exact_at_scalar_endpoint,recorded scalar endpoint schedule passed all nonlinear interval readbacks; zero observed gap is not a joint AC-set proof
2013-06-23,211,7,611.3,160.9375,1,1,1,0.0,exact_at_scalar_endpoint,recorded scalar endpoint schedule passed all nonlinear interval readbacks; zero observed gap is not a joint AC-set proof
2013-06-23,211,7,634.1,191.71875,1,1,1,0.0,exact_at_scalar_endpoint,recorded scalar endpoint schedule passed all nonlinear interval readbacks; zero observed gap is not a joint AC-set proof
2013-06-23,211,8,611.3,146.171875,1,1,1,0.0,exact_at_scalar_endpoint,recorded scalar endpoint schedule passed all nonlinear interval readbacks; zero observed gap is not a joint AC-set proof
2013-06-23,211,8,634.1,170.625,1,1,1,0.0,exact_at_scalar_endpoint,recorded scalar endpoint schedule passed all nonlinear interval readbacks; zero observed gap is not a joint AC-set proof
2013-06-23,211,9,611.3,161.171875,1,1,1,0.0,exact_at_scalar_endpoint,recorded scalar endpoint schedule passed all nonlinear interval readbacks; zero observed gap is not a joint AC-set proof
2013-06-23,211,9,634.1,192.5,1,1,1,0.0,exact_at_scalar_endpoint,recorded scalar endpoint schedule passed all nonlinear interval readbacks; zero observed gap is not a joint AC-set proof
2013-06-24,212,0,611.3,134.21875,1,1,1,0.0,exact_at_scalar_endpoint,recorded scalar endpoint schedule passed all nonlinear interval readbacks; zero observed gap is not a joint AC-set proof
2013-06-24,212,0,634.1,155.0,1,1,1,0.0,exact_at_scalar_endpoint,recorded scalar endpoint schedule passed all nonlinear interval readbacks; zero observed gap is not a joint AC-set proof
2013-06-24,212,1,611.3,155.859375,1,1,1,0.0,exact_at_scalar_endpoint,recorded scalar endpoint schedule passed all nonlinear interval readbacks; zero observed gap is not a joint AC-set proof
2013-06-24,212,1,634.1,170.3125,1,1,1,0.0,exact_at_scalar_endpoint,recorded scalar endpoint schedule passed all nonlinear interval readbacks; zero observed gap is not a joint AC-set proof
2013-06-24,212,2,611.3,150.234375,1,1,1,0.0,exact_at_scalar_endpoint,recorded scalar endpoint schedule passed all nonlinear interval readbacks; zero observed gap is not a joint AC-set proof
2013-06-24,212,2,634.1,167.8125,1,1,1,0.0,exact_at_scalar_endpoint,recorded scalar endpoint schedule passed all nonlinear interval readbacks; zero observed gap is not a joint AC-set proof
2013-06-24,212,3,611.3,159.375,1,1,1,0.0,exact_at_scalar_endpoint,recorded scalar endpoint schedule passed all nonlinear interval readbacks; zero observed gap is not a joint AC-set proof
2013-06-24,212,3,634.1,184.296875,1,1,1,0.0,exact_at_scalar_endpoint,recorded scalar endpoint schedule passed all nonlinear interval readbacks; zero observed gap is not a joint AC-set proof
2013-06-24,212,4,611.3,142.65625,1,1,1,0.0,exact_at_scalar_endpoint,recorded scalar endpoint schedule passed all nonlinear interval readbacks; zero observed gap is not a joint AC-set proof
2013-06-24,212,4,634.1,164.765625,1,1,1,0.0,exact_at_scalar_endpoint,recorded scalar endpoint schedule passed all nonlinear interval readbacks; zero observed gap is not a joint AC-set proof
2013-06-24,212,5,611.3,152.578125,1,1,1,0.0,exact_at_scalar_endpoint,recorded scalar endpoint schedule passed all nonlinear interval readbacks; zero observed gap is not a joint AC-set proof
2013-06-24,212,5,634.1,169.6875,1,1,1,0.0,exact_at_scalar_endpoint,recorded scalar endpoint schedule passed all nonlinear interval readbacks; zero observed gap is not a joint AC-set proof
2013-06-24,212,6,611.3,147.1875,1,1,1,0.0,exact_at_scalar_endpoint,recorded scalar endpoint schedule passed all nonlinear interval readbacks; zero observed gap is not a joint AC-set proof
2013-06-24,212,6,634.1,171.09375,1,1,1,0.0,exact_at_scalar_endpoint,recorded scalar endpoint schedule passed all nonlinear interval readbacks; zero observed gap is not a joint AC-set proof
2013-06-24,212,7,611.3,156.171875,1,1,1,0.0,exact_at_scalar_endpoint,recorded scalar endpoint schedule passed all nonlinear interval readbacks; zero observed gap is not a joint AC-set proof
2013-06-24,212,7,634.1,170.703125,1,1,1,0.0,exact_at_scalar_endpoint,recorded scalar endpoint schedule passed all nonlinear interval readbacks; zero observed gap is not a joint AC-set proof
2013-06-24,212,8,611.3,159.921875,1,1,1,0.0,exact_at_scalar_endpoint,recorded scalar endpoint schedule passed all nonlinear interval readbacks; zero observed gap is not a joint AC-set proof
2013-06-24,212,8,634.1,172.8125,1,1,1,0.0,exact_at_scalar_endpoint,recorded scalar endpoint schedule passed all nonlinear interval readbacks; zero observed gap is not a joint AC-set proof
2013-06-24,212,9,611.3,157.5,1,1,1,0.0,exact_at_scalar_endpoint,recorded scalar endpoint schedule passed all nonlinear interval readbacks; zero observed gap is not a joint AC-set proof
2013-06-24,212,9,634.1,180.0,1,1,1,0.0,exact_at_scalar_endpoint,recorded scalar endpoint schedule passed all nonlinear interval readbacks; zero observed gap is not a joint AC-set proof
2013-06-25,213,0,611.3,152.03125,1,1,1,0.0,exact_at_scalar_endpoint,recorded scalar endpoint schedule passed all nonlinear interval readbacks; zero observed gap is not a joint AC-set proof
2013-06-25,213,0,634.1,172.5,1,1,1,0.0,exact_at_scalar_endpoint,recorded scalar endpoint schedule passed all nonlinear interval readbacks; zero observed gap is not a joint AC-set proof
2013-06-25,213,1,611.3,154.765625,1,1,1,0.0,exact_at_scalar_endpoint,recorded scalar endpoint schedule passed all nonlinear interval readbacks; zero observed gap is not a joint AC-set proof
2013-06-25,213,1,634.1,174.53125,1,1,1,0.0,exact_at_scalar_endpoint,recorded scalar endpoint schedule passed all nonlinear interval readbacks; zero observed gap is not a joint AC-set proof
2013-06-25,213,2,611.3,160.3125,1,1,1,0.0,exact_at_scalar_endpoint,recorded scalar endpoint schedule passed all nonlinear interval readbacks; zero observed gap is not a joint AC-set proof
2013-06-25,213,2,634.1,174.921875,1,1,1,0.0,exact_at_scalar_endpoint,recorded scalar endpoint schedule passed all nonlinear interval readbacks; zero observed gap is not a joint AC-set proof
2013-06-25,213,3,611.3,158.59375,1,1,1,0.0,exact_at_scalar_endpoint,recorded scalar endpoint schedule passed all nonlinear interval readbacks; zero observed gap is not a joint AC-set proof
2013-06-25,213,3,634.1,183.4375,1,1,1,0.0,exact_at_scalar_endpoint,recorded scalar endpoint schedule passed all nonlinear interval readbacks; zero observed gap is not a joint AC-set proof
2013-06-25,213,4,611.3,146.015625,1,1,1,0.0,exact_at_scalar_endpoint,recorded scalar endpoint schedule passed all nonlinear interval readbacks; zero observed gap is not a joint AC-set proof
2013-06-25,213,4,634.1,170.546875,1,1,1,0.0,exact_at_scalar_endpoint,recorded scalar endpoint schedule passed all nonlinear interval readbacks; zero observed gap is not a joint AC-set proof
2013-06-25,213,5,611.3,157.03125,1,1,1,0.0,exact_at_scalar_endpoint,recorded scalar endpoint schedule passed all nonlinear interval readbacks; zero observed gap is not a joint AC-set proof
2013-06-25,213,5,634.1,173.90625,1,1,1,0.0,exact_at_scalar_endpoint,recorded scalar endpoint schedule passed all nonlinear interval readbacks; zero observed gap is not a joint AC-set proof
2013-06-25,213,6,611.3,153.28125,1,1,1,0.0,exact_at_scalar_endpoint,recorded scalar endpoint schedule passed all nonlinear interval readbacks; zero observed gap is not a joint AC-set proof
2013-06-25,213,6,634.1,169.53125,1,1,1,0.0,exact_at_scalar_endpoint,recorded scalar endpoint schedule passed all nonlinear interval readbacks; zero observed gap is not a joint AC-set proof
2013-06-25,213,7,611.3,157.265625,1,1,1,0.0,exact_at_scalar_endpoint,recorded scalar endpoint schedule passed all nonlinear interval readbacks; zero observed gap is not a joint AC-set proof
2013-06-25,213,7,634.1,179.453125,1,1,1,0.0,exact_at_scalar_endpoint,recorded scalar endpoint schedule passed all nonlinear interval readbacks; zero observed gap is not a joint AC-set proof
2013-06-25,213,8,611.3,160.46875,1,1,1,0.0,exact_at_scalar_endpoint,recorded scalar endpoint schedule passed all nonlinear interval readbacks; zero observed gap is not a joint AC-set proof
2013-06-25,213,8,634.1,176.25,1,1,1,0.0,exact_at_scalar_endpoint,recorded scalar endpoint schedule passed all nonlinear interval readbacks; zero observed gap is not a joint AC-set proof
2013-06-25,213,9,611.3,161.09375,1,1,1,0.0,exact_at_scalar_endpoint,recorded scalar endpoint schedule passed all nonlinear interval readbacks; zero observed gap is not a joint AC-set proof
2013-06-25,213,9,634.1,192.265625,1,1,1,0.0,exact_at_scalar_endpoint,recorded scalar endpoint schedule passed all nonlinear interval readbacks; zero observed gap is not a joint AC-set proof
2013-06-26,214,0,611.3,157.96875,1,1,1,0.0,exact_at_scalar_endpoint,recorded scalar endpoint schedule passed all nonlinear interval readbacks; zero observed gap is not a joint AC-set proof
2013-06-26,214,0,634.1,173.203125,1,1,1,0.0,exact_at_scalar_endpoint,recorded scalar endpoint schedule passed all nonlinear interval readbacks; zero observed gap is not a joint AC-set proof
2013-06-26,214,1,611.3,156.25,1,1,1,0.0,exact_at_scalar_endpoint,recorded scalar endpoint schedule passed all nonlinear interval readbacks; zero observed gap is not a joint AC-set proof
2013-06-26,214,1,634.1,175.703125,1,1,1,0.0,exact_at_scalar_endpoint,recorded scalar endpoint schedule passed all nonlinear interval readbacks; zero observed gap is not a joint AC-set proof
2013-06-26,214,2,611.3,157.65625,1,1,1,0.0,exact_at_scalar_endpoint,recorded scalar endpoint schedule passed all nonlinear interval readbacks; zero observed gap is not a joint AC-set proof
2013-06-26,214,2,634.1,171.640625,1,1,1,0.0,exact_at_scalar_endpoint,recorded scalar endpoint schedule passed all nonlinear interval readbacks; zero observed gap is not a joint AC-set proof
2013-06-26,214,3,611.3,158.515625,1,1,1,0.0,exact_at_scalar_endpoint,recorded scalar endpoint schedule passed all nonlinear interval readbacks; zero observed gap is not a joint AC-set proof
2013-06-26,214,3,634.1,183.59375,1,1,1,0.0,exact_at_scalar_endpoint,recorded scalar endpoint schedule passed all nonlinear interval readbacks; zero observed gap is not a joint AC-set proof
2013-06-26,214,4,611.3,140.9375,1,1,1,0.0,exact_at_scalar_endpoint,recorded scalar endpoint schedule passed all nonlinear interval readbacks; zero observed gap is not a joint AC-set proof
2013-06-26,214,4,634.1,164.0625,1,1,1,0.0,exact_at_scalar_endpoint,recorded scalar endpoint schedule passed all nonlinear interval readbacks; zero observed gap is not a joint AC-set proof
2013-06-26,214,5,611.3,156.484375,1,1,1,0.0,exact_at_scalar_endpoint,recorded scalar endpoint schedule passed all nonlinear interval readbacks; zero observed gap is not a joint AC-set proof
2013-06-26,214,5,634.1,173.203125,1,1,1,0.0,exact_at_scalar_endpoint,recorded scalar endpoint schedule passed all nonlinear interval readbacks; zero observed gap is not a joint AC-set proof
2013-06-26,214,6,611.3,144.921875,1,1,1,0.0,exact_at_scalar_endpoint,recorded scalar endpoint schedule passed all nonlinear interval readbacks; zero observed gap is not a joint AC-set proof
2013-06-26,214,6,634.1,166.09375,1,1,1,0.0,exact_at_scalar_endpoint,recorded scalar endpoint schedule passed all nonlinear interval readbacks; zero observed gap is not a joint AC-set proof
2013-06-26,214,7,611.3,162.109375,1,1,1,0.0,exact_at_scalar_endpoint,recorded scalar endpoint schedule passed all nonlinear interval readbacks; zero observed gap is not a joint AC-set proof
2013-06-26,214,7,634.1,180.703125,1,1,1,0.0,exact_at_scalar_endpoint,recorded scalar endpoint schedule passed all nonlinear interval readbacks; zero observed gap is not a joint AC-set proof
2013-06-26,214,8,611.3,158.515625,1,1,1,0.0,exact_at_scalar_endpoint,recorded scalar endpoint schedule passed all nonlinear interval readbacks; zero observed gap is not a joint AC-set proof
2013-06-26,214,8,634.1,174.6875,1,1,1,0.0,exact_at_scalar_endpoint,recorded scalar endpoint schedule passed all nonlinear interval readbacks; zero observed gap is not a joint AC-set proof
2013-06-26,214,9,611.3,159.296875,1,1,1,0.0,exact_at_scalar_endpoint,recorded scalar endpoint schedule passed all nonlinear interval readbacks; zero observed gap is not a joint AC-set proof
2013-06-26,214,9,634.1,186.171875,1,1,1,0.0,exact_at_scalar_endpoint,recorded scalar endpoint schedule passed all nonlinear interval readbacks; zero observed gap is not a joint AC-set proof
2013-06-27,215,0,611.3,155.3125,1,1,1,0.0,exact_at_scalar_endpoint,recorded scalar endpoint schedule passed all nonlinear interval readbacks; zero observed gap is not a joint AC-set proof
2013-06-27,215,0,634.1,174.765625,1,1,1,0.0,exact_at_scalar_endpoint,recorded scalar endpoint schedule passed all nonlinear interval readbacks; zero observed gap is not a joint AC-set proof
2013-06-27,215,1,611.3,158.359375,1,1,1,0.0,exact_at_scalar_endpoint,recorded scalar endpoint schedule passed all nonlinear interval readbacks; zero observed gap is not a joint AC-set proof
2013-06-27,215,1,634.1,180.859375,1,1,1,0.0,exact_at_scalar_endpoint,recorded scalar endpoint schedule passed all nonlinear interval readbacks; zero observed gap is not a joint AC-set proof
2013-06-27,215,2,611.3,158.046875,1,1,1,0.0,exact_at_scalar_endpoint,recorded scalar endpoint schedule passed all nonlinear interval readbacks; zero observed gap is not a joint AC-set proof
2013-06-27,215,2,634.1,182.1875,1,1,1,0.0,exact_at_scalar_endpoint,recorded scalar endpoint schedule passed all nonlinear interval readbacks; zero observed gap is not a joint AC-set proof
2013-06-27,215,3,611.3,158.90625,1,1,1,0.0,exact_at_scalar_endpoint,recorded scalar endpoint schedule passed all nonlinear interval readbacks; zero observed gap is not a joint AC-set proof
2013-06-27,215,3,634.1,185.0,1,1,1,0.0,exact_at_scalar_endpoint,recorded scalar endpoint schedule passed all nonlinear interval readbacks; zero observed gap is not a joint AC-set proof
2013-06-27,215,4,611.3,143.59375,1,1,1,0.0,exact_at_scalar_endpoint,recorded scalar endpoint schedule passed all nonlinear interval readbacks; zero observed gap is not a joint AC-set proof
2013-06-27,215,4,634.1,169.453125,1,1,1,0.0,exact_at_scalar_endpoint,recorded scalar endpoint schedule passed all nonlinear interval readbacks; zero observed gap is not a joint AC-set proof
2013-06-27,215,5,611.3,158.4375,1,1,1,0.0,exact_at_scalar_endpoint,recorded scalar endpoint schedule passed all nonlinear interval readbacks; zero observed gap is not a joint AC-set proof
2013-06-27,215,5,634.1,173.4375,1,1,1,0.0,exact_at_scalar_endpoint,recorded scalar endpoint schedule passed all nonlinear interval readbacks; zero observed gap is not a joint AC-set proof
2013-06-27,215,6,611.3,154.84375,1,1,1,0.0,exact_at_scalar_endpoint,recorded scalar endpoint schedule passed all nonlinear interval readbacks; zero observed gap is not a joint AC-set proof
2013-06-27,215,6,634.1,174.53125,1,1,1,0.0,exact_at_scalar_endpoint,recorded scalar endpoint schedule passed all nonlinear interval readbacks; zero observed gap is not a joint AC-set proof
2013-06-27,215,7,611.3,163.75,1,1,1,0.0,exact_at_scalar_endpoint,recorded scalar endpoint schedule passed all nonlinear interval readbacks; zero observed gap is not a joint AC-set proof
2013-06-27,215,7,634.1,199.84375,1,1,1,0.0,exact_at_scalar_endpoint,recorded scalar endpoint schedule passed all nonlinear interval readbacks; zero observed gap is not a joint AC-set proof
2013-06-27,215,8,611.3,157.34375,1,1,1,0.0,exact_at_scalar_endpoint,recorded scalar endpoint schedule passed all nonlinear interval readbacks; zero observed gap is not a joint AC-set proof
2013-06-27,215,8,634.1,179.6875,1,1,1,0.0,exact_at_scalar_endpoint,recorded scalar endpoint schedule passed all nonlinear interval readbacks; zero observed gap is not a joint AC-set proof
2013-06-27,215,9,611.3,160.703125,1,1,1,0.0,exact_at_scalar_endpoint,recorded scalar endpoint schedule passed all nonlinear interval readbacks; zero observed gap is not a joint AC-set proof
2013-06-27,215,9,634.1,180.234375,1,1,1,0.0,exact_at_scalar_endpoint,recorded scalar endpoint schedule passed all nonlinear interval readbacks; zero observed gap is not a joint AC-set proof
2013-06-28,216,0,611.3,158.515625,1,1,1,0.0,exact_at_scalar_endpoint,recorded scalar endpoint schedule passed all nonlinear interval readbacks; zero observed gap is not a joint AC-set proof
2013-06-28,216,0,634.1,182.890625,1,1,1,0.0,exact_at_scalar_endpoint,recorded scalar endpoint schedule passed all nonlinear interval readbacks; zero observed gap is not a joint AC-set proof
2013-06-28,216,1,611.3,148.671875,1,1,1,0.0,exact_at_scalar_endpoint,recorded scalar endpoint schedule passed all nonlinear interval readbacks; zero observed gap is not a joint AC-set proof
2013-06-28,216,1,634.1,171.796875,1,1,1,0.0,exact_at_scalar_endpoint,recorded scalar endpoint schedule passed all nonlinear interval readbacks; zero observed gap is not a joint AC-set proof
2013-06-28,216,2,611.3,159.140625,1,1,1,0.0,exact_at_scalar_endpoint,recorded scalar endpoint schedule passed all nonlinear interval readbacks; zero observed gap is not a joint AC-set proof
2013-06-28,216,2,634.1,185.859375,1,1,1,0.0,exact_at_scalar_endpoint,recorded scalar endpoint schedule passed all nonlinear interval readbacks; zero observed gap is not a joint AC-set proof
2013-06-28,216,3,611.3,158.28125,1,1,1,0.0,exact_at_scalar_endpoint,recorded scalar endpoint schedule passed all nonlinear interval readbacks; zero observed gap is not a joint AC-set proof
2013-06-28,216,3,634.1,183.046875,1,1,1,0.0,exact_at_scalar_endpoint,recorded scalar endpoint schedule passed all nonlinear interval readbacks; zero observed gap is not a joint AC-set proof
2013-06-28,216,4,611.3,150.46875,1,1,1,0.0,exact_at_scalar_endpoint,recorded scalar endpoint schedule passed all nonlinear interval readbacks; zero observed gap is not a joint AC-set proof
2013-06-28,216,4,634.1,172.578125,1,1,1,0.0,exact_at_scalar_endpoint,recorded scalar endpoint schedule passed all nonlinear interval readbacks; zero observed gap is not a joint AC-set proof
2013-06-28,216,5,611.3,146.71875,1,1,1,0.0,exact_at_scalar_endpoint,recorded scalar endpoint schedule passed all nonlinear interval readbacks; zero observed gap is not a joint AC-set proof
2013-06-28,216,5,634.1,170.859375,1,1,1,0.0,exact_at_scalar_endpoint,recorded scalar endpoint schedule passed all nonlinear interval readbacks; zero observed gap is not a joint AC-set proof
2013-06-28,216,6,611.3,152.96875,1,1,1,0.0,exact_at_scalar_endpoint,recorded scalar endpoint schedule passed all nonlinear interval readbacks; zero observed gap is not a joint AC-set proof
2013-06-28,216,6,634.1,173.671875,1,1,1,0.0,exact_at_scalar_endpoint,recorded scalar endpoint schedule passed all nonlinear interval readbacks; zero observed gap is not a joint AC-set proof
2013-06-28,216,7,611.3,160.078125,1,1,1,0.0,exact_at_scalar_endpoint,recorded scalar endpoint schedule passed all nonlinear interval readbacks; zero observed gap is not a joint AC-set proof
2013-06-28,216,7,634.1,188.359375,1,1,1,0.0,exact_at_scalar_endpoint,recorded scalar endpoint schedule passed all nonlinear interval readbacks; zero observed gap is not a joint AC-set proof
2013-06-28,216,8,611.3,158.203125,1,1,1,0.0,exact_at_scalar_endpoint,recorded scalar endpoint schedule passed all nonlinear interval readbacks; zero observed gap is not a joint AC-set proof
2013-06-28,216,8,634.1,182.65625,1,1,1,0.0,exact_at_scalar_endpoint,recorded scalar endpoint schedule passed all nonlinear interval readbacks; zero observed gap is not a joint AC-set proof
2013-06-28,216,9,611.3,161.484375,1,1,1,0.0,exact_at_scalar_endpoint,recorded scalar endpoint schedule passed all nonlinear interval readbacks; zero observed gap is not a joint AC-set proof
2013-06-28,216,9,634.1,193.59375,1,1,1,0.0,exact_at_scalar_endpoint,recorded scalar endpoint schedule passed all nonlinear interval readbacks; zero observed gap is not a joint AC-set proof
2013-06-29,217,0,611.3,160.625,1,1,1,0.0,exact_at_scalar_endpoint,recorded scalar endpoint schedule passed all nonlinear interval readbacks; zero observed gap is not a joint AC-set proof
2013-06-29,217,0,634.1,190.703125,1,1,1,0.0,exact_at_scalar_endpoint,recorded scalar endpoint schedule passed all nonlinear interval readbacks; zero observed gap is not a joint AC-set proof
2013-06-29,217,1,611.3,156.640625,1,1,1,0.0,exact_at_scalar_endpoint,recorded scalar endpoint schedule passed all nonlinear interval readbacks; zero observed gap is not a joint AC-set proof
2013-06-29,217,1,634.1,177.03125,1,1,1,0.0,exact_at_scalar_endpoint,recorded scalar endpoint schedule passed all nonlinear interval readbacks; zero observed gap is not a joint AC-set proof
2013-06-29,217,2,611.3,159.53125,1,1,1,0.0,exact_at_scalar_endpoint,recorded scalar endpoint schedule passed all nonlinear interval readbacks; zero observed gap is not a joint AC-set proof
2013-06-29,217,2,634.1,187.109375,1,1,1,0.0,exact_at_scalar_endpoint,recorded scalar endpoint schedule passed all nonlinear interval readbacks; zero observed gap is not a joint AC-set proof
2013-06-29,217,3,611.3,159.609375,1,1,1,0.0,exact_at_scalar_endpoint,recorded scalar endpoint schedule passed all nonlinear interval readbacks; zero observed gap is not a joint AC-set proof
2013-06-29,217,3,634.1,187.421875,1,1,1,0.0,exact_at_scalar_endpoint,recorded scalar endpoint schedule passed all nonlinear interval readbacks; zero observed gap is not a joint AC-set proof
2013-06-29,217,4,611.3,156.71875,1,1,1,0.0,exact_at_scalar_endpoint,recorded scalar endpoint schedule passed all nonlinear interval readbacks; zero observed gap is not a joint AC-set proof
2013-06-29,217,4,634.1,177.578125,1,1,1,0.0,exact_at_scalar_endpoint,recorded scalar endpoint schedule passed all nonlinear interval readbacks; zero observed gap is not a joint AC-set proof
2013-06-29,217,5,611.3,146.484375,1,1,1,0.0,exact_at_scalar_endpoint,recorded scalar endpoint schedule passed all nonlinear interval readbacks; zero observed gap is not a joint AC-set proof
2013-06-29,217,5,634.1,170.78125,1,1,1,0.0,exact_at_scalar_endpoint,recorded scalar endpoint schedule passed all nonlinear interval readbacks; zero observed gap is not a joint AC-set proof
2013-06-29,217,6,611.3,156.875,1,1,1,0.0,exact_at_scalar_endpoint,recorded scalar endpoint schedule passed all nonlinear interval readbacks; zero observed gap is not a joint AC-set proof
2013-06-29,217,6,634.1,178.125,1,1,1,0.0,exact_at_scalar_endpoint,recorded scalar endpoint schedule passed all nonlinear interval readbacks; zero observed gap is not a joint AC-set proof
2013-06-29,217,7,611.3,164.375,1,1,1,0.0,exact_at_scalar_endpoint,recorded scalar endpoint schedule passed all nonlinear interval readbacks; zero observed gap is not a joint AC-set proof
2013-06-29,217,7,634.1,202.734375,1,1,1,0.0,exact_at_scalar_endpoint,recorded scalar endpoint schedule passed all nonlinear interval readbacks; zero observed gap is not a joint AC-set proof
2013-06-29,217,8,611.3,156.796875,1,1,1,0.0,exact_at_scalar_endpoint,recorded scalar endpoint schedule passed all nonlinear interval readbacks; zero observed gap is not a joint AC-set proof
2013-06-29,217,8,634.1,177.65625,1,1,1,0.0,exact_at_scalar_endpoint,recorded scalar endpoint schedule passed all nonlinear interval readbacks; zero observed gap is not a joint AC-set proof
2013-06-29,217,9,611.3,160.9375,1,1,1,0.0,exact_at_scalar_endpoint,recorded scalar endpoint schedule passed all nonlinear interval readbacks; zero observed gap is not a joint AC-set proof
2013-06-29,217,9,634.1,191.5625,1,1,1,0.0,exact_at_scalar_endpoint,recorded scalar endpoint schedule passed all nonlinear interval readbacks; zero observed gap is not a joint AC-set proof
2013-06-30,218,0,611.3,158.125,1,1,1,0.0,exact_at_scalar_endpoint,recorded scalar endpoint schedule passed all nonlinear interval readbacks; zero observed gap is not a joint AC-set proof
2013-06-30,218,0,634.1,182.03125,1,1,1,0.0,exact_at_scalar_endpoint,recorded scalar endpoint schedule passed all nonlinear interval readbacks; zero observed gap is not a joint AC-set proof
2013-06-30,218,1,611.3,151.015625,1,1,1,0.0,exact_at_scalar_endpoint,recorded scalar endpoint schedule passed all nonlinear interval readbacks; zero observed gap is not a joint AC-set proof
2013-06-30,218,1,634.1,172.8125,1,1,1,0.0,exact_at_scalar_endpoint,recorded scalar endpoint schedule passed all nonlinear interval readbacks; zero observed gap is not a joint AC-set proof
2013-06-30,218,2,611.3,155.9375,1,1,1,0.0,exact_at_scalar_endpoint,recorded scalar endpoint schedule passed all nonlinear interval readbacks; zero observed gap is not a joint AC-set proof
2013-06-30,218,2,634.1,175.15625,1,1,1,0.0,exact_at_scalar_endpoint,recorded scalar endpoint schedule passed all nonlinear interval readbacks; zero observed gap is not a joint AC-set proof
2013-06-30,218,3,611.3,160.390625,1,1,1,0.0,exact_at_scalar_endpoint,recorded scalar endpoint schedule passed all nonlinear interval readbacks; zero observed gap is not a joint AC-set proof
2013-06-30,218,3,634.1,189.84375,1,1,1,0.0,exact_at_scalar_endpoint,recorded scalar endpoint schedule passed all nonlinear interval readbacks; zero observed gap is not a joint AC-set proof
2013-06-30,218,4,611.3,156.015625,1,1,1,0.0,exact_at_scalar_endpoint,recorded scalar endpoint schedule passed all nonlinear interval readbacks; zero observed gap is not a joint AC-set proof
2013-06-30,218,4,634.1,171.71875,1,1,1,0.0,exact_at_scalar_endpoint,recorded scalar endpoint schedule passed all nonlinear interval readbacks; zero observed gap is not a joint AC-set proof
2013-06-30,218,5,611.3,141.875,1,1,1,0.0,exact_at_scalar_endpoint,recorded scalar endpoint schedule passed all nonlinear interval readbacks; zero observed gap is not a joint AC-set proof
2013-06-30,218,5,634.1,168.671875,1,1,1,0.0,exact_at_scalar_endpoint,recorded scalar endpoint schedule passed all nonlinear interval readbacks; zero observed gap is not a joint AC-set proof
2013-06-30,218,6,611.3,157.734375,1,1,1,0.0,exact_at_scalar_endpoint,recorded scalar endpoint schedule passed all nonlinear interval readbacks; zero observed gap is not a joint AC-set proof
2013-06-30,218,6,634.1,181.015625,1,1,1,0.0,exact_at_scalar_endpoint,recorded scalar endpoint schedule passed all nonlinear interval readbacks; zero observed gap is not a joint AC-set proof
2013-06-30,218,7,611.3,162.265625,1,1,1,0.0,exact_at_scalar_endpoint,recorded scalar endpoint schedule passed all nonlinear interval readbacks; zero observed gap is not a joint AC-set proof
2013-06-30,218,7,634.1,195.9375,1,1,1,0.0,exact_at_scalar_endpoint,recorded scalar endpoint schedule passed all nonlinear interval readbacks; zero observed gap is not a joint AC-set proof
2013-06-30,218,8,611.3,156.640625,1,1,1,0.0,exact_at_scalar_endpoint,recorded scalar endpoint schedule passed all nonlinear interval readbacks; zero observed gap is not a joint AC-set proof
2013-06-30,218,8,634.1,177.5,1,1,1,0.0,exact_at_scalar_endpoint,recorded scalar endpoint schedule passed all nonlinear interval readbacks; zero observed gap is not a joint AC-set proof
2013-06-30,218,9,611.3,158.90625,1,1,1,0.0,exact_at_scalar_endpoint,recorded scalar endpoint schedule passed all nonlinear interval readbacks; zero observed gap is not a joint AC-set proof
2013-06-30,218,9,634.1,185.0,1,1,1,0.0,exact_at_scalar_endpoint,recorded scalar endpoint schedule passed all nonlinear interval readbacks; zero observed gap is not a joint AC-set proof
