date,day_index,group,site,threshold_kw,planner_feasible,replay_feasible,terminal_soc,max_vmax,max_loading,message
2012-07-01,0,0,634.1,83.203125,1,1,0.8,1.04795700519649,1.000000421403469,Optimization terminated successfully
2012-07-01,0,1,634.1,83.203125,1,1,0.8,1.0478440766034212,0.9999802702279589,Optimization terminated successfully
2012-07-01,0,2,634.1,83.203125,1,1,0.8,1.047871283827562,0.9999311655262707,Optimization terminated successfully
2012-07-01,0,3,634.1,83.203125,1,1,0.8,1.0480767855322524,0.9999994430504446,Optimization terminated successfully
2012-07-01,0,4,634.1,83.203125,1,1,0.8,1.0479147454892745,0.9999890279531449,Optimization terminated successfully
2012-07-01,0,5,634.1,83.203125,1,1,0.8,1.0479493875743275,0.9999755085942778,Optimization terminated successfully
2012-07-01,0,6,634.1,83.203125,1,1,0.8,1.04769045432347,0.999985648786701,Optimization terminated successfully
2012-07-01,0,7,634.1,83.203125,1,1,0.8,1.047654827820471,0.999990145261273,Optimization terminated successfully
2012-07-01,0,8,634.1,83.203125,1,1,0.8,1.0478556053133385,0.999975761819004,Optimization terminated successfully
2012-07-01,0,9,634.1,83.203125,1,1,0.8,1.0478275202804055,0.9999391869358514,Optimization terminated successfully
2012-07-02,1,0,634.1,83.203125,1,1,0.8,1.0484593602777086,0.9999661721316856,Optimization terminated successfully
2012-07-02,1,1,634.1,83.203125,1,1,0.8,1.0477652408558131,0.9999929585981946,Optimization terminated successfully
2012-07-02,1,2,634.1,83.203125,1,1,0.8,1.0475842322302282,0.9999854967210714,Optimization terminated successfully
2012-07-02,1,3,634.1,83.203125,1,1,0.8,1.0481048532301078,0.99988296082078,Optimization terminated successfully
2012-07-02,1,4,634.1,83.203125,1,1,0.8,1.0473614881443976,1.0000001268992755,Optimization terminated successfully
2012-07-02,1,5,634.1,83.203125,1,1,0.8,1.0481372813413665,0.9999548132132084,Optimization terminated successfully
2012-07-02,1,6,634.1,83.203125,1,1,0.8,1.0473517394840794,0.999895411192559,Optimization terminated successfully
2012-07-02,1,7,634.1,83.203125,1,1,0.8,1.0479307958098985,0.9998723596812449,Optimization terminated successfully
2012-07-02,1,8,634.1,83.203125,1,1,0.8,1.0473838396441877,0.999950769495473,Optimization terminated successfully
2012-07-02,1,9,634.1,83.203125,1,1,0.8,1.0477766882360782,0.9999902704027546,Optimization terminated successfully
2012-07-03,2,0,634.1,83.203125,1,1,0.8,1.0484981050628683,0.9999271815573773,Optimization terminated successfully
2012-07-03,2,1,634.1,83.203125,1,1,0.8,1.0476716863806075,0.9999060388463005,Optimization terminated successfully
2012-07-03,2,2,634.1,83.203125,1,1,0.8,1.0491110349098607,0.9999868032135888,Optimization terminated successfully
2012-07-03,2,3,634.1,83.203125,1,1,0.8,1.0479285233906679,0.9999370169190186,Optimization terminated successfully
2012-07-03,2,4,634.1,83.203125,1,1,0.8,1.047349734381278,0.999989786018835,Optimization terminated successfully
2012-07-03,2,5,634.1,83.203125,1,1,0.8,1.0481091471004094,0.99994013554701,Optimization terminated successfully
2012-07-03,2,6,634.1,83.203125,1,1,0.8,1.0479185590274818,0.999970844723406,Optimization terminated successfully
2012-07-03,2,7,634.1,83.203125,1,1,0.8,1.0477650433811676,0.9999436368308444,Optimization terminated successfully
2012-07-03,2,8,634.1,83.203125,1,1,0.8,1.0487256997200165,0.999946904766727,Optimization terminated successfully
2012-07-03,2,9,634.1,83.203125,1,1,0.8,1.04817090274279,0.9999797080062994,Optimization terminated successfully
2012-07-04,3,0,634.1,83.203125,1,1,0.8,1.0477054317879997,0.9999575729020393,Optimization terminated successfully
2012-07-04,3,1,634.1,83.203125,1,1,0.8,1.0475508921066115,0.9998917111135927,Optimization terminated successfully
2012-07-04,3,2,634.1,83.203125,1,1,0.8,1.0485242453945451,0.9999014825193917,Optimization terminated successfully
2012-07-04,3,3,634.1,83.203125,1,1,0.8,1.0478334360054447,0.9999903195439958,Optimization terminated successfully
2012-07-04,3,4,634.1,83.203125,1,1,0.8,1.0472773937255997,0.9999431717755071,Optimization terminated successfully
2012-07-04,3,5,634.1,83.203125,1,1,0.8,1.0473720755845979,0.9999411530124275,Optimization terminated successfully
2012-07-04,3,6,634.1,83.203125,1,1,0.8,1.0477166331050876,0.9999993758451363,Optimization terminated successfully
2012-07-04,3,7,634.1,83.203125,1,1,0.8,1.0476526226775469,0.9999858032312784,Optimization terminated successfully
2012-07-04,3,8,634.1,83.203125,1,1,0.8,1.0478113637797002,0.9999697417831472,Optimization terminated successfully
2012-07-04,3,9,634.1,83.203125,1,1,0.8,1.0474244849995868,0.9999586401109523,Optimization terminated successfully
2012-07-05,4,0,634.1,83.203125,1,1,0.8,1.0475424098916566,0.9998710100784496,Optimization terminated successfully
2012-07-05,4,1,634.1,83.203125,1,1,0.8,1.0476925493765776,0.9999397208872769,Optimization terminated successfully
2012-07-05,4,2,634.1,83.203125,1,1,0.8,1.0478908479962026,0.9999692526249828,Optimization terminated successfully
2012-07-05,4,3,634.1,83.203125,1,1,0.8,1.04798413614102,0.9999901190012751,Optimization terminated successfully
2012-07-05,4,4,634.1,83.203125,1,1,0.8,1.0473257168529584,0.9999985862757941,Optimization terminated successfully
2012-07-05,4,5,634.1,83.203125,1,1,0.8,1.0479900435628846,0.999947539673966,Optimization terminated successfully
2012-07-05,4,6,634.1,83.203125,1,1,0.8,1.0476790416615855,0.9999626595037132,Optimization terminated successfully
2012-07-05,4,7,634.1,83.203125,1,1,0.8,1.0474889157919953,0.9999899283003055,Optimization terminated successfully
2012-07-05,4,8,634.1,83.203125,1,1,0.8,1.0474474346271294,0.9999787588549995,Optimization terminated successfully
2012-07-05,4,9,634.1,83.203125,1,1,0.8,1.0470844816987557,0.9999622043199052,Optimization terminated successfully
2012-07-06,5,0,634.1,83.203125,1,1,0.8,1.047970648357403,1.0000003858632698,Optimization terminated successfully
2012-07-06,5,1,634.1,83.203125,1,1,0.8,1.0475637048748248,0.9999979613130372,Optimization terminated successfully
2012-07-06,5,2,634.1,83.203125,1,1,0.8,1.0475281830923298,0.9999810126234113,Optimization terminated successfully
2012-07-06,5,3,634.1,83.203125,1,1,0.8,1.0480653434726934,0.999923337140987,Optimization terminated successfully
2012-07-06,5,4,634.1,83.203125,1,1,0.8,1.047628840402021,0.9999350042583277,Optimization terminated successfully
2012-07-06,5,5,634.1,83.203125,1,1,0.8,1.0475395267006955,0.9999744711539027,Optimization terminated successfully
2012-07-06,5,6,634.1,83.203125,1,1,0.8,1.0475091186729635,0.9999837913519477,Optimization terminated successfully
2012-07-06,5,7,634.1,83.203125,1,1,0.8,1.0475669333838675,0.9999447900148837,Optimization terminated successfully
2012-07-06,5,8,634.1,83.203125,1,1,0.8,1.0473610069824346,0.999965602619063,Optimization terminated successfully
2012-07-06,5,9,634.1,83.203125,1,1,0.8,1.0474229006728948,0.9999228597472457,Optimization terminated successfully
2012-07-07,6,0,634.1,83.203125,1,1,0.8,1.0476094550165496,0.9999203162331186,Optimization terminated successfully
2012-07-07,6,1,634.1,83.203125,1,1,0.8,1.0477905544073522,0.9999744693773898,Optimization terminated successfully
2012-07-07,6,2,634.1,83.203125,1,1,0.8,1.0478143926002306,0.9999748212086291,Optimization terminated successfully
2012-07-07,6,3,634.1,83.203125,1,1,0.8,1.047956995193424,0.9999565072422755,Optimization terminated successfully
2012-07-07,6,4,634.1,83.203125,1,1,0.8,1.0479083684160677,0.9999957421684773,Optimization terminated successfully
2012-07-07,6,5,634.1,83.203125,1,1,0.8,1.048139655182057,0.9999570536462672,Optimization terminated successfully
2012-07-07,6,6,634.1,83.203125,1,1,0.8,1.0478576531018786,0.9999888592756475,Optimization terminated successfully
2012-07-07,6,7,634.1,83.203125,1,1,0.8,1.0477998608043018,0.9999250168315272,Optimization terminated successfully
2012-07-07,6,8,634.1,83.203125,1,1,0.8,1.0478512706431036,0.9999036223306775,Optimization terminated successfully
2012-07-07,6,9,634.1,83.203125,1,1,0.8,1.0474250712658688,0.9999982697765536,Optimization terminated successfully
2012-07-08,7,0,634.1,83.203125,1,1,0.8,1.0489857821886988,0.9999144780969005,Optimization terminated successfully
2012-07-08,7,1,634.1,83.203125,1,1,0.8,1.0483150081874053,0.999946193154283,Optimization terminated successfully
2012-07-08,7,2,634.1,83.203125,1,1,0.8,1.047611697532939,0.9999411867605285,Optimization terminated successfully
2012-07-08,7,3,634.1,83.203125,1,1,0.8,1.048195607505962,0.9999804303612491,Optimization terminated successfully
2012-07-08,7,4,634.1,83.203125,1,1,0.8,1.0476707252320092,0.9999598300068147,Optimization terminated successfully
2012-07-08,7,5,634.1,83.203125,1,1,0.8,1.0477847854700546,0.9999477744670032,Optimization terminated successfully
2012-07-08,7,6,634.1,83.203125,1,1,0.8,1.0478564332912301,0.9999964552755781,Optimization terminated successfully
2012-07-08,7,7,634.1,83.203125,1,1,0.8,1.048005853445566,0.9999730135386724,Optimization terminated successfully
2012-07-08,7,8,634.1,83.203125,1,1,0.8,1.047705176906087,0.9999193543759575,Optimization terminated successfully
2012-07-08,7,9,634.1,83.203125,1,1,0.8,1.0478142506370403,0.9999998773387675,Optimization terminated successfully
2012-07-09,8,0,634.1,83.203125,1,1,0.8,1.0478135348131556,0.9999963314001489,Optimization terminated successfully
2012-07-09,8,1,634.1,83.203125,1,1,0.8,1.047745176148625,0.99994894330817,Optimization terminated successfully
2012-07-09,8,2,634.1,83.203125,1,1,0.8,1.0480808310855645,0.9999663507989482,Optimization terminated successfully
2012-07-09,8,3,634.1,83.203125,1,1,0.8,1.0476044469187837,0.9999942596051317,Optimization terminated successfully
2012-07-09,8,4,634.1,83.203125,1,1,0.8,1.0477762584686598,0.9998930146910633,Optimization terminated successfully
2012-07-09,8,5,634.1,83.203125,1,1,0.8,1.0483290997675485,0.9999059436318649,Optimization terminated successfully
2012-07-09,8,6,634.1,83.203125,1,1,0.8,1.0482231585798134,0.9999705457818359,Optimization terminated successfully
2012-07-09,8,7,634.1,83.203125,1,1,0.8,1.0476664848049404,0.9999423140027378,Optimization terminated successfully
2012-07-09,8,8,634.1,83.203125,1,1,0.8,1.047943219454474,0.9999921878477048,Optimization terminated successfully
2012-07-09,8,9,634.1,83.203125,1,1,0.8,1.0486010734374276,0.9999632569069962,Optimization terminated successfully
2012-07-10,9,0,634.1,83.203125,1,1,0.8,1.0476306983644608,0.9999571441891476,Optimization terminated successfully
2012-07-10,9,1,634.1,83.203125,1,1,0.8,1.0478024686282976,0.9999973163330023,Optimization terminated successfully
2012-07-10,9,2,634.1,83.203125,1,1,0.8,1.0481147472049974,0.9999981014689986,Optimization terminated successfully
2012-07-10,9,3,634.1,83.203125,1,1,0.8,1.0478621696059314,0.9999663757349262,Optimization terminated successfully
2012-07-10,9,4,634.1,83.203125,1,1,0.8,1.047332100016468,0.9999407616757219,Optimization terminated successfully
2012-07-10,9,5,634.1,83.203125,1,1,0.8,1.0480685976909119,0.9999024274322571,Optimization terminated successfully
2012-07-10,9,6,634.1,83.203125,1,1,0.8,1.0478342734161636,0.999964917189789,Optimization terminated successfully
2012-07-10,9,7,634.1,83.203125,1,1,0.8,1.0478276421979547,0.9999672360731605,Optimization terminated successfully
2012-07-10,9,8,634.1,83.203125,1,1,0.8,1.0476950754138874,0.9999393016490485,Optimization terminated successfully
2012-07-10,9,9,634.1,83.203125,1,1,0.8,1.0476439997898053,0.999985298735332,Optimization terminated successfully
2012-07-11,10,0,634.1,83.203125,1,1,0.8,1.0487567245690566,0.999951819183352,Optimization terminated successfully
2012-07-11,10,1,634.1,83.203125,1,1,0.8,1.0477334679667576,1.000000604293059,Optimization terminated successfully
2012-07-11,10,2,634.1,83.203125,1,1,0.8,1.0489378912812009,0.9999563033008939,Optimization terminated successfully
2012-07-11,10,3,634.1,83.203125,1,1,0.8,1.048011939365846,0.9999512461510163,Optimization terminated successfully
2012-07-11,10,4,634.1,83.203125,1,1,0.8,1.0476934529389217,0.9999590015289551,Optimization terminated successfully
2012-07-11,10,5,634.1,83.203125,1,1,0.8,1.0494013976048517,0.9998892463543888,Optimization terminated successfully
2012-07-11,10,6,634.1,83.203125,1,1,0.8,1.0483054408708652,0.9999835021163617,Optimization terminated successfully
2012-07-11,10,7,634.1,83.203125,1,1,0.8,1.0479837263071468,0.9999451935302013,Optimization terminated successfully
2012-07-11,10,8,634.1,83.203125,1,1,0.8,1.048440241830031,0.9999605743353348,Optimization terminated successfully
2012-07-11,10,9,634.1,83.203125,1,1,0.8,1.0481726979055157,0.9999447177532265,Optimization terminated successfully
2012-07-12,11,0,634.1,83.203125,1,1,0.8,1.0478903903687344,0.9999844649662956,Optimization terminated successfully
2012-07-12,11,1,634.1,83.203125,1,1,0.8,1.047745837176422,0.9999796588396517,Optimization terminated successfully
2012-07-12,11,2,634.1,83.203125,1,1,0.8,1.0475048787665264,0.9999964756654945,Optimization terminated successfully
2012-07-12,11,3,634.1,83.203125,1,1,0.8,1.0477563068542888,0.9999972147396629,Optimization terminated successfully
2012-07-12,11,4,634.1,83.203125,1,1,0.8,1.0474877783660697,0.999994937701703,Optimization terminated successfully
2012-07-12,11,5,634.1,83.203125,1,1,0.8,1.0477855615772507,0.9999890755962203,Optimization terminated successfully
2012-07-12,11,6,634.1,83.203125,1,1,0.8,1.0475309335046428,0.9998244018977182,Optimization terminated successfully
2012-07-12,11,7,634.1,83.203125,1,1,0.8,1.047787070917577,0.9999704072869388,Optimization terminated successfully
2012-07-12,11,8,634.1,83.203125,1,1,0.8,1.0477074673918607,0.9999203820632981,Optimization terminated successfully
2012-07-12,11,9,634.1,83.203125,1,1,0.8,1.04779208719289,0.9999544680599942,Optimization terminated successfully
2012-07-13,12,0,634.1,83.203125,1,1,0.8,1.0480743116331979,0.9999146817347863,Optimization terminated successfully
2012-07-13,12,1,634.1,83.203125,1,1,0.8,1.0477996990828304,0.9998591579239092,Optimization terminated successfully
2012-07-13,12,2,634.1,83.203125,1,1,0.8,1.0475607623581824,0.9999877544291349,Optimization terminated successfully
2012-07-13,12,3,634.1,83.203125,1,1,0.8,1.0478573057232148,0.9999533643251554,Optimization terminated successfully
2012-07-13,12,4,634.1,83.203125,1,1,0.8,1.0478554872289296,0.9999942133841946,Optimization terminated successfully
2012-07-13,12,5,634.1,83.203125,1,1,0.8,1.0482883929492561,0.9999725250163622,Optimization terminated successfully
2012-07-13,12,6,634.1,83.203125,1,1,0.8,1.047566407601656,0.9999883868041274,Optimization terminated successfully
2012-07-13,12,7,634.1,83.203125,1,1,0.8,1.0478632837854207,0.9999946054744605,Optimization terminated successfully
2012-07-13,12,8,634.1,83.203125,1,1,0.8,1.047700660412669,0.9999612169417963,Optimization terminated successfully
2012-07-13,12,9,634.1,83.203125,1,1,0.8,1.0479727173076694,0.9999808775805268,Optimization terminated successfully
2012-07-14,13,0,634.1,83.203125,1,1,0.8,1.048646374495384,0.999971954225099,Optimization terminated successfully
2012-07-14,13,1,634.1,83.203125,1,1,0.8,1.0483005848217246,0.9999969347086752,Optimization terminated successfully
2012-07-14,13,2,634.1,83.203125,1,1,0.8,1.0484324111332617,0.9999399614612976,Optimization terminated successfully
2012-07-14,13,3,634.1,83.203125,1,1,0.8,1.048110874440637,0.9999708476429525,Optimization terminated successfully
2012-07-14,13,4,634.1,83.203125,1,1,0.8,1.0478084652588668,0.9999444182938511,Optimization terminated successfully
2012-07-14,13,5,634.1,83.203125,1,1,0.8,1.048693133905661,0.9999459381604672,Optimization terminated successfully
2012-07-14,13,6,634.1,83.203125,1,1,0.8,1.0473421268299987,0.9999996537634935,Optimization terminated successfully
2012-07-14,13,7,634.1,83.203125,1,1,0.8,1.0483551472975783,0.9999709693562947,Optimization terminated successfully
2012-07-14,13,8,634.1,83.203125,1,1,0.8,1.0485388045891917,0.9999917287482739,Optimization terminated successfully
2012-07-14,13,9,634.1,83.203125,1,1,0.8,1.0481140162010016,0.999966111971218,Optimization terminated successfully
2012-07-15,14,0,634.1,83.203125,1,1,0.8,1.048787144445156,0.9999933924322265,Optimization terminated successfully
2012-07-15,14,1,634.1,83.203125,1,1,0.8,1.0481496944003588,0.999942196756694,Optimization terminated successfully
2012-07-15,14,2,634.1,83.203125,1,1,0.8,1.0490233377276479,0.9999148209928357,Optimization terminated successfully
2012-07-15,14,3,634.1,83.203125,1,1,0.8,1.048519706953238,0.9999804299378264,Optimization terminated successfully
2012-07-15,14,4,634.1,83.203125,1,1,0.8,1.0475616493394115,0.9999390418330034,Optimization terminated successfully
2012-07-15,14,5,634.1,83.203125,1,1,0.8,1.049525861007487,0.9999993630080224,Optimization terminated successfully
2012-07-15,14,6,634.1,83.203125,1,1,0.8,1.047974046767975,0.9999972432179639,Optimization terminated successfully
2012-07-15,14,7,634.1,83.203125,1,1,0.8,1.0480368064254943,0.9999403145453996,Optimization terminated successfully
2012-07-15,14,8,634.1,83.203125,1,1,0.8,1.0484432353157294,0.9999788712185089,Optimization terminated successfully
2012-07-15,14,9,634.1,83.203125,1,1,0.8,1.0482410778286648,0.9999916864745112,Optimization terminated successfully
2012-07-16,15,0,634.1,83.203125,1,1,0.8,1.0486376537050321,0.9998681939328907,Optimization terminated successfully
2012-07-16,15,1,634.1,83.203125,1,1,0.8,1.0482886091165244,0.9999529514763393,Optimization terminated successfully
2012-07-16,15,2,634.1,83.203125,1,1,0.8,1.0490383119405648,0.9999436720507068,Optimization terminated successfully
2012-07-16,15,3,634.1,83.203125,1,1,0.8,1.0487834537476244,0.9999403061649862,Optimization terminated successfully
2012-07-16,15,4,634.1,83.203125,1,1,0.8,1.0481395366092212,0.9998908251957849,Optimization terminated successfully
2012-07-16,15,5,634.1,83.203125,1,1,0.8,1.0487880656295203,0.999923596223783,Optimization terminated successfully
2012-07-16,15,6,634.1,83.203125,1,1,0.8,1.0475651857647654,0.9997781023517516,Optimization terminated successfully
2012-07-16,15,7,634.1,83.203125,1,1,0.8,1.048645677094378,0.9998272067624456,Optimization terminated successfully
2012-07-16,15,8,634.1,83.203125,1,1,0.8,1.0488991579720197,0.9999466106549532,Optimization terminated successfully
2012-07-16,15,9,634.1,83.203125,1,1,0.8,1.0480224365146555,0.9999905262851326,Optimization terminated successfully
2012-07-17,16,0,634.1,83.203125,1,1,0.8,1.0488723574185068,0.9998929665824569,Optimization terminated successfully
2012-07-17,16,1,634.1,83.203125,1,1,0.8,1.0491537081265665,0.9999712684234856,Optimization terminated successfully
2012-07-17,16,2,634.1,83.203125,1,1,0.8,1.0489012813585845,0.9998948768089501,Optimization terminated successfully
2012-07-17,16,3,634.1,83.203125,1,1,0.8,1.0491032772520597,0.9999360369753536,Optimization terminated successfully
2012-07-17,16,4,634.1,83.203125,1,1,0.8,1.0487334507524535,0.99997625947798,Optimization terminated successfully
2012-07-17,16,5,634.1,83.203125,0,0,,1.0480405610729173,0.7557225910212472,fixed service power exceeds an audited export limit
2012-07-17,16,6,634.1,83.203125,1,1,0.8,1.0485664451016168,0.9999228280060236,Optimization terminated successfully
2012-07-17,16,7,634.1,83.203125,1,1,0.8,1.048172623206006,0.9999914291082165,Optimization terminated successfully
2012-07-17,16,8,634.1,83.203125,1,1,0.8,1.0489338215123922,0.9999822649665879,Optimization terminated successfully
2012-07-17,16,9,634.1,83.203125,1,1,0.8,1.0487575973529455,0.9999483392037368,Optimization terminated successfully
2012-07-18,17,0,634.1,83.203125,1,1,0.8,1.0487402863157969,0.9999779304330625,Optimization terminated successfully
2012-07-18,17,1,634.1,83.203125,1,1,0.8,1.048866684401551,0.9999239658566571,Optimization terminated successfully
2012-07-18,17,2,634.1,83.203125,1,1,0.8,1.0485621914202625,0.9999597291600856,Optimization terminated successfully
2012-07-18,17,3,634.1,83.203125,1,1,0.8,1.0487140396569181,0.9999949790752758,Optimization terminated successfully
2012-07-18,17,4,634.1,83.203125,1,1,0.8,1.048556750125414,0.999974137624272,Optimization terminated successfully
2012-07-18,17,5,634.1,83.203125,1,1,0.8,1.049310209708612,0.9999989401346102,Optimization terminated successfully
2012-07-18,17,6,634.1,83.203125,1,1,0.8,1.0479385107291617,0.9999772622036789,Optimization terminated successfully
2012-07-18,17,7,634.1,83.203125,1,1,0.8,1.0476084190858022,0.9999943003501071,Optimization terminated successfully
2012-07-18,17,8,634.1,83.203125,1,1,0.8,1.0489895019458415,0.9999929334089858,Optimization terminated successfully
2012-07-18,17,9,634.1,83.203125,1,1,0.8,1.0473786926962056,0.9999660167032898,Optimization terminated successfully
2012-07-19,18,0,634.1,83.203125,1,1,0.8,1.0475445705709956,0.9999680701384934,Optimization terminated successfully
2012-07-19,18,1,634.1,83.203125,1,1,0.8,1.047533602456888,0.9999765141833169,Optimization terminated successfully
2012-07-19,18,2,634.1,83.203125,1,1,0.8,1.047584749849289,0.9999502377162869,Optimization terminated successfully
2012-07-19,18,3,634.1,83.203125,1,1,0.8,1.0473727993737967,0.9999930165013583,Optimization terminated successfully
2012-07-19,18,4,634.1,83.203125,1,1,0.8,1.0473598969354871,0.9998959530465003,Optimization terminated successfully
2012-07-19,18,5,634.1,83.203125,1,1,0.8,1.0479070166435442,0.9999560457232529,Optimization terminated successfully
2012-07-19,18,6,634.1,83.203125,1,1,0.8,1.0472057258464156,0.9999913264714799,Optimization terminated successfully
2012-07-19,18,7,634.1,83.203125,1,1,0.8,1.047142411362394,0.9999962116070847,Optimization terminated successfully
2012-07-19,18,8,634.1,83.203125,1,1,0.8,1.047463788789774,0.999955655122419,Optimization terminated successfully
2012-07-19,18,9,634.1,83.203125,1,1,0.8,1.047390765055208,0.9999891069665288,Optimization terminated successfully
2012-07-20,19,0,634.1,83.203125,1,1,0.8,1.0482177218447248,0.9999239849555607,Optimization terminated successfully
2012-07-20,19,1,634.1,83.203125,1,1,0.8,1.0481317059420514,0.9999718172374095,Optimization terminated successfully
2012-07-20,19,2,634.1,83.203125,1,1,0.8,1.048982793572938,0.9998772843664046,Optimization terminated successfully
2012-07-20,19,3,634.1,83.203125,1,1,0.8,1.0478771372216513,0.999966221366609,Optimization terminated successfully
2012-07-20,19,4,634.1,83.203125,1,1,0.8,1.0475558795340967,0.99999248679319,Optimization terminated successfully
2012-07-20,19,5,634.1,83.203125,1,1,0.8,1.0491018576798194,0.9999669448182882,Optimization terminated successfully
2012-07-20,19,6,634.1,83.203125,1,1,0.8,1.0478981167705494,0.9999558634341875,Optimization terminated successfully
2012-07-20,19,7,634.1,83.203125,1,1,0.8,1.0483558241352322,0.9999819492291215,Optimization terminated successfully
2012-07-20,19,8,634.1,83.203125,1,1,0.8,1.048680959123946,0.9998785868400262,Optimization terminated successfully
2012-07-20,19,9,634.1,83.203125,1,1,0.8,1.0478273969423788,0.9998991506367776,Optimization terminated successfully
2012-07-21,20,0,634.1,83.203125,1,1,0.8,1.0478129449970195,0.9999679363650554,Optimization terminated successfully
2012-07-21,20,1,634.1,83.203125,1,1,0.8,1.047887595827633,0.9999750479077224,Optimization terminated successfully
2012-07-21,20,2,634.1,83.203125,1,1,0.8,1.0477020381871078,0.9999850501906047,Optimization terminated successfully
2012-07-21,20,3,634.1,83.203125,1,1,0.8,1.0482619335472805,0.9999979270598327,Optimization terminated successfully
2012-07-21,20,4,634.1,83.203125,1,1,0.8,1.0476424937738953,0.9999791789608861,Optimization terminated successfully
2012-07-21,20,5,634.1,83.203125,1,1,0.8,1.0480170263788877,0.9999922753956023,Optimization terminated successfully
2012-07-21,20,6,634.1,83.203125,1,1,0.8,1.0473422324343615,0.9999758715802196,Optimization terminated successfully
2012-07-21,20,7,634.1,83.203125,1,1,0.8,1.0479418401348233,0.9999384852915568,Optimization terminated successfully
2012-07-21,20,8,634.1,83.203125,1,1,0.8,1.0481400050124348,0.9999765187081366,Optimization terminated successfully
2012-07-21,20,9,634.1,83.203125,1,1,0.8,1.0476025578770982,0.9999891336069098,Optimization terminated successfully
2012-07-22,21,0,634.1,83.203125,1,1,0.8,1.0477255903170573,0.99991786350192,Optimization terminated successfully
2012-07-22,21,1,634.1,83.203125,1,1,0.8,1.0480231769218862,0.999975913210416,Optimization terminated successfully
2012-07-22,21,2,634.1,83.203125,1,1,0.8,1.0478049528846876,0.9999552431707923,Optimization terminated successfully
2012-07-22,21,3,634.1,83.203125,1,1,0.8,1.0481964528371364,0.9999426832285443,Optimization terminated successfully
2012-07-22,21,4,634.1,83.203125,1,1,0.8,1.0479304538840626,0.9999183268990615,Optimization terminated successfully
2012-07-22,21,5,634.1,83.203125,1,1,0.8,1.047839388014221,0.9999847052021312,Optimization terminated successfully
2012-07-22,21,6,634.1,83.203125,1,1,0.8,1.047397695387999,0.9999928300892261,Optimization terminated successfully
2012-07-22,21,7,634.1,83.203125,1,1,0.8,1.0476521685380802,0.999891342670311,Optimization terminated successfully
2012-07-22,21,8,634.1,83.203125,1,1,0.8,1.04805179422267,0.9999745377698237,Optimization terminated successfully
2012-07-22,21,9,634.1,83.203125,1,1,0.8,1.0477013592227398,0.9999529500805018,Optimization terminated successfully
2012-07-23,22,0,634.1,83.203125,1,1,0.8,1.0474412906306856,0.9999741257950473,Optimization terminated successfully
2012-07-23,22,1,634.1,83.203125,1,1,0.8,1.0476786075659774,0.9999724020954018,Optimization terminated successfully
2012-07-23,22,2,634.1,83.203125,1,1,0.8,1.047811249108568,0.9999703624879157,Optimization terminated successfully
2012-07-23,22,3,634.1,83.203125,1,1,0.8,1.0477350525773188,0.9999443535279883,Optimization terminated successfully
2012-07-23,22,4,634.1,83.203125,1,1,0.8,1.047395055242026,0.9999865567150903,Optimization terminated successfully
2012-07-23,22,5,634.1,83.203125,1,1,0.8,1.0480319436059564,0.999950965101193,Optimization terminated successfully
2012-07-23,22,6,634.1,83.203125,1,1,0.8,1.0472281529321175,0.9999931502996766,Optimization terminated successfully
2012-07-23,22,7,634.1,83.203125,1,1,0.8,1.047575102390164,0.9999747631672216,Optimization terminated successfully
2012-07-23,22,8,634.1,83.203125,1,1,0.8,1.047503950018287,0.9999750760435454,Optimization terminated successfully
2012-07-23,22,9,634.1,83.203125,1,1,0.8,1.0476902366215626,0.9999653420861732,Optimization terminated successfully
2012-07-24,23,0,634.1,83.203125,1,1,0.8,1.047733114428201,0.9999838451563611,Optimization terminated successfully
2012-07-24,23,1,634.1,83.203125,1,1,0.8,1.0477035578694196,0.9999580406503225,Optimization terminated successfully
2012-07-24,23,2,634.1,83.203125,1,1,0.8,1.0477417574706716,0.9999970169650451,Optimization terminated successfully
2012-07-24,23,3,634.1,83.203125,1,1,0.8,1.0478054659794813,0.9998840341473906,Optimization terminated successfully
2012-07-24,23,4,634.1,83.203125,1,1,0.8,1.0473899371063975,0.9999595021303979,Optimization terminated successfully
2012-07-24,23,5,634.1,83.203125,1,1,0.8,1.0479044643894295,0.9999248958243071,Optimization terminated successfully
2012-07-24,23,6,634.1,83.203125,1,1,0.8,1.0475077625329046,0.9999000670962761,Optimization terminated successfully
2012-07-24,23,7,634.1,83.203125,1,1,0.8,1.0476884083449907,0.9999933072662418,Optimization terminated successfully
2012-07-24,23,8,634.1,83.203125,1,1,0.8,1.0474052120422628,0.9999868749869459,Optimization terminated successfully
2012-07-24,23,9,634.1,83.203125,1,1,0.8,1.0474306123783603,0.9999814211540541,Optimization terminated successfully
2012-07-25,24,0,634.1,83.203125,1,1,0.8,1.0487555281739147,0.9999962167402504,Optimization terminated successfully
2012-07-25,24,1,634.1,83.203125,1,1,0.8,1.0483761083510768,0.9999956231642443,Optimization terminated successfully
2012-07-25,24,2,634.1,83.203125,1,1,0.8,1.0497189086076069,0.9999533883490299,Optimization terminated successfully
2012-07-25,24,3,634.1,83.203125,1,1,0.8,1.0496678475344525,0.9999352700053676,Optimization terminated successfully
2012-07-25,24,4,634.1,83.203125,1,1,0.8,1.0483560311979105,0.9999950615794942,Optimization terminated successfully
2012-07-25,24,5,634.1,83.203125,1,1,0.8,1.0495619898659843,0.9999844027920165,Optimization terminated successfully
2012-07-25,24,6,634.1,83.203125,1,1,0.8,1.0487183587690467,0.999958952968129,Optimization terminated successfully
2012-07-25,24,7,634.1,83.203125,1,1,0.8,1.0487391040791596,0.9999981827400637,Optimization terminated successfully
2012-07-25,24,8,634.1,83.203125,1,1,0.8,1.0496653063560808,0.9999940687329675,Optimization terminated successfully
2012-07-25,24,9,634.1,83.203125,1,1,0.8,1.0488548666387505,0.9999958411373598,Optimization terminated successfully
2012-07-26,25,0,634.1,83.203125,1,1,0.8,1.047153764918404,0.9999918107915935,Optimization terminated successfully
2012-07-26,25,1,634.1,83.203125,1,1,0.8,1.0475947979201488,0.99992767589051,Optimization terminated successfully
2012-07-26,25,2,634.1,83.203125,1,1,0.8,1.0478386918783162,0.9999401580676214,Optimization terminated successfully
2012-07-26,25,3,634.1,83.203125,1,1,0.8,1.047955127484344,0.9999730776032345,Optimization terminated successfully
2012-07-26,25,4,634.1,83.203125,1,1,0.8,1.0475803239213797,0.9999743128593089,Optimization terminated successfully
2012-07-26,25,5,634.1,83.203125,1,1,0.8,1.0477124577296384,0.9999638495084524,Optimization terminated successfully
2012-07-26,25,6,634.1,83.203125,1,1,0.8,1.0474382208609105,0.9999637353467274,Optimization terminated successfully
2012-07-26,25,7,634.1,83.203125,1,1,0.8,1.047170432280019,0.9999604460546572,Optimization terminated successfully
2012-07-26,25,8,634.1,83.203125,1,1,0.8,1.047788029544927,0.9999562453573133,Optimization terminated successfully
2012-07-26,25,9,634.1,83.203125,1,1,0.8,1.0475343396523018,0.9999601393149563,Optimization terminated successfully
2012-07-27,26,0,634.1,83.203125,1,1,0.8,1.048555668597491,0.9999682563181266,Optimization terminated successfully
2012-07-27,26,1,634.1,83.203125,1,1,0.8,1.0485531102889312,0.9999446715466012,Optimization terminated successfully
2012-07-27,26,2,634.1,83.203125,1,1,0.8,1.0496604079199603,0.9999007215649874,Optimization terminated successfully
2012-07-27,26,3,634.1,83.203125,1,1,0.8,1.0489352355846413,0.999957365485966,Optimization terminated successfully
2012-07-27,26,4,634.1,83.203125,1,1,0.8,1.048435772829948,0.9999498227321528,Optimization terminated successfully
2012-07-27,26,5,634.1,83.203125,1,1,0.8,1.0483700633988475,0.9998911314343093,Optimization terminated successfully
2012-07-27,26,6,634.1,83.203125,1,1,0.8,1.04748145573181,0.9998933154537886,Optimization terminated successfully
2012-07-27,26,7,634.1,83.203125,1,1,0.8,1.0486118601343113,0.9998342499058224,Optimization terminated successfully
2012-07-27,26,8,634.1,83.203125,1,1,0.8,1.0492521136150648,0.999898596553343,Optimization terminated successfully
2012-07-27,26,9,634.1,83.203125,1,1,0.8,1.0487087155289918,0.9999560332782061,Optimization terminated successfully
2012-07-28,27,0,634.1,83.203125,1,1,0.8,1.0475164254490412,0.9999250288375013,Optimization terminated successfully
2012-07-28,27,1,634.1,83.203125,1,1,0.8,1.0476745993367862,0.9999689199994063,Optimization terminated successfully
2012-07-28,27,2,634.1,83.203125,1,1,0.8,1.0485165259345608,0.9999718031425792,Optimization terminated successfully
2012-07-28,27,3,634.1,83.203125,1,1,0.8,1.0484489634843255,0.9999135906750084,Optimization terminated successfully
2012-07-28,27,4,634.1,83.203125,1,1,0.8,1.0477601566670915,0.9999974290306823,Optimization terminated successfully
2012-07-28,27,5,634.1,83.203125,1,1,0.8,1.0486761825813633,0.9999477079352902,Optimization terminated successfully
2012-07-28,27,6,634.1,83.203125,1,1,0.8,1.047219832140825,0.999965258165668,Optimization terminated successfully
2012-07-28,27,7,634.1,83.203125,1,1,0.8,1.0486430990401727,0.9999831360056827,Optimization terminated successfully
2012-07-28,27,8,634.1,83.203125,1,1,0.8,1.0482494294670364,0.9999913063051048,Optimization terminated successfully
2012-07-28,27,9,634.1,83.203125,1,1,0.8,1.0474588726040184,0.9999871817620982,Optimization terminated successfully
2012-07-29,28,0,634.1,83.203125,1,1,0.8,1.0478614597403095,0.9999877117587959,Optimization terminated successfully
2012-07-29,28,1,634.1,83.203125,1,1,0.8,1.0474557367138582,0.9999938891375451,Optimization terminated successfully
2012-07-29,28,2,634.1,83.203125,1,1,0.8,1.0477653103884124,0.9999756585166747,Optimization terminated successfully
2012-07-29,28,3,634.1,83.203125,1,1,0.8,1.047840480101825,0.999931719903051,Optimization terminated successfully
2012-07-29,28,4,634.1,83.203125,1,1,0.8,1.047325661088333,0.9999454618938332,Optimization terminated successfully
2012-07-29,28,5,634.1,83.203125,1,1,0.8,1.0478087479980345,0.9999986911104978,Optimization terminated successfully
2012-07-29,28,6,634.1,83.203125,1,1,0.8,1.0470217372207873,0.9999511269451844,Optimization terminated successfully
2012-07-29,28,7,634.1,83.203125,1,1,0.8,1.04802073953758,0.9999955310665722,Optimization terminated successfully
2012-07-29,28,8,634.1,83.203125,1,1,0.8,1.04788983699625,0.9999224096596852,Optimization terminated successfully
2012-07-29,28,9,634.1,83.203125,1,1,0.8,1.0480941208181982,0.9999532659742242,Optimization terminated successfully
2012-07-30,29,0,634.1,83.203125,1,1,0.8,1.0491194403036812,0.9999931621705421,Optimization terminated successfully
2012-07-30,29,1,634.1,83.203125,1,1,0.8,1.048347194182084,0.9999644115483676,Optimization terminated successfully
2012-07-30,29,2,634.1,83.203125,1,1,0.8,1.047483211714657,0.9999289591581354,Optimization terminated successfully
2012-07-30,29,3,634.1,83.203125,1,1,0.8,1.048103108261974,0.9999697530023443,Optimization terminated successfully
2012-07-30,29,4,634.1,83.203125,1,1,0.8,1.04757994135722,0.9999964888540879,Optimization terminated successfully
2012-07-30,29,5,634.1,83.203125,1,1,0.8,1.0493608443362068,0.99996602456308,Optimization terminated successfully
2012-07-30,29,6,634.1,83.203125,1,1,0.8,1.0480962084608427,0.9998901276732313,Optimization terminated successfully
2012-07-30,29,7,634.1,83.203125,1,1,0.8,1.048584587351923,0.999985721390872,Optimization terminated successfully
2012-07-30,29,8,634.1,83.203125,1,1,0.8,1.0493499352860247,0.9999614922894776,Optimization terminated successfully
2012-07-30,29,9,634.1,83.203125,1,1,0.8,1.0473298567642175,0.9999476756346654,Optimization terminated successfully
2012-07-31,30,0,634.1,83.203125,1,1,0.8,1.0473687386062416,0.9999319642807333,Optimization terminated successfully
2012-07-31,30,1,634.1,83.203125,1,1,0.8,1.0473009715223927,0.9999341907139937,Optimization terminated successfully
2012-07-31,30,2,634.1,83.203125,1,1,0.8,1.0476976202207997,0.9999902819952207,Optimization terminated successfully
2012-07-31,30,3,634.1,83.203125,1,1,0.8,1.0473217248011757,0.9999984935289876,Optimization terminated successfully
2012-07-31,30,4,634.1,83.203125,1,1,0.8,1.0473600605066118,0.9999761947313105,Optimization terminated successfully
2012-07-31,30,5,634.1,83.203125,1,1,0.8,1.0478558128427389,0.9999723742777262,Optimization terminated successfully
2012-07-31,30,6,634.1,83.203125,1,1,0.8,1.0468838478110103,0.9999316560005894,Optimization terminated successfully
2012-07-31,30,7,634.1,83.203125,1,1,0.8,1.0472907685730426,0.9999730784561105,Optimization terminated successfully
2012-07-31,30,8,634.1,83.203125,1,1,0.8,1.0474325164711589,0.9999659688762255,Optimization terminated successfully
2012-07-31,30,9,634.1,83.203125,1,1,0.8,1.0472397413726693,0.999962356620502,Optimization terminated successfully
2012-08-01,31,0,634.1,83.203125,1,1,0.8,1.0483834934445986,0.999938782261647,Optimization terminated successfully
2012-08-01,31,1,634.1,83.203125,1,1,0.8,1.0483401986963903,0.9999592939440975,Optimization terminated successfully
2012-08-01,31,2,634.1,83.203125,1,1,0.8,1.048672579860944,0.9999853574257597,Optimization terminated successfully
2012-08-01,31,3,634.1,83.203125,1,1,0.8,1.0478404065789306,0.9999423326127876,Optimization terminated successfully
2012-08-01,31,4,634.1,83.203125,1,1,0.8,1.0477790857509044,0.999952887090672,Optimization terminated successfully
2012-08-01,31,5,634.1,83.203125,1,1,0.8,1.048917614018006,0.9999504983178128,Optimization terminated successfully
2012-08-01,31,6,634.1,83.203125,1,1,0.8,1.047347930676778,0.999936215058197,Optimization terminated successfully
2012-08-01,31,7,634.1,83.203125,1,1,0.8,1.0483004639512015,0.9999995611882209,Optimization terminated successfully
2012-08-01,31,8,634.1,83.203125,1,1,0.8,1.0487959332523953,0.9999384311769929,Optimization terminated successfully
2012-08-01,31,9,634.1,83.203125,1,1,0.8,1.048944198224437,0.9999612701500437,Optimization terminated successfully
2012-08-02,32,0,634.1,83.203125,1,1,0.8,1.0480087762428174,0.9999639429614314,Optimization terminated successfully
2012-08-02,32,1,634.1,83.203125,1,1,0.8,1.0483069626895287,0.9999523680963983,Optimization terminated successfully
2012-08-02,32,2,634.1,83.203125,1,1,0.8,1.0492657428884153,0.9999953446466487,Optimization terminated successfully
2012-08-02,32,3,634.1,83.203125,1,1,0.8,1.0490918355735106,0.9999925080236113,Optimization terminated successfully
2012-08-02,32,4,634.1,83.203125,1,1,0.8,1.048379864805523,0.9999636177205611,Optimization terminated successfully
2012-08-02,32,5,634.1,83.203125,1,1,0.8,1.0493289035300581,0.9999708656589487,Optimization terminated successfully
2012-08-02,32,6,634.1,83.203125,1,1,0.8,1.0482310170905438,0.9998161141943009,Optimization terminated successfully
2012-08-02,32,7,634.1,83.203125,1,1,0.8,1.0479930074734065,0.9999530402170438,Optimization terminated successfully
2012-08-02,32,8,634.1,83.203125,1,1,0.8,1.0486363233986944,0.9999957161301618,Optimization terminated successfully
2012-08-02,32,9,634.1,83.203125,1,1,0.8,1.0477523017672457,0.9999888947453841,Optimization terminated successfully
2012-08-03,33,0,634.1,83.203125,1,1,0.8,1.0483311047789525,0.9999709502629945,Optimization terminated successfully
2012-08-03,33,1,634.1,83.203125,1,1,0.8,1.0492676685280486,0.9999901134283362,Optimization terminated successfully
2012-08-03,33,2,634.1,83.203125,1,1,0.8,1.049128438442957,0.9999339430045585,Optimization terminated successfully
2012-08-03,33,3,634.1,83.203125,1,1,0.8,1.0488547659913743,0.9998875209118718,Optimization terminated successfully
2012-08-03,33,4,634.1,83.203125,1,1,0.8,1.0477681367560405,0.999902930184611,Optimization terminated successfully
2012-08-03,33,5,634.1,83.203125,1,1,0.8,1.0491324987441055,0.9999821179083197,Optimization terminated successfully
2012-08-03,33,6,634.1,83.203125,1,1,0.8,1.0483635574338515,0.9999882412075591,Optimization terminated successfully
2012-08-03,33,7,634.1,83.203125,1,1,0.8,1.047891498550902,0.9999732804833431,Optimization terminated successfully
2012-08-03,33,8,634.1,83.203125,1,1,0.8,1.04897768285287,0.9999829367463264,Optimization terminated successfully
2012-08-03,33,9,634.1,83.203125,1,1,0.8,1.048503520129064,0.9999745785135455,Optimization terminated successfully
2012-08-04,34,0,634.1,83.203125,1,1,0.8,1.0482764866714016,0.9999807095881438,Optimization terminated successfully
2012-08-04,34,1,634.1,83.203125,1,1,0.8,1.0484497450570003,0.9999895720736552,Optimization terminated successfully
2012-08-04,34,2,634.1,83.203125,1,1,0.8,1.0487851903451615,0.9999940475712289,Optimization terminated successfully
2012-08-04,34,3,634.1,83.203125,1,1,0.8,1.0488220551748249,0.9998984462477485,Optimization terminated successfully
2012-08-04,34,4,634.1,83.203125,1,1,0.8,1.0482048214434332,0.9999765451727354,Optimization terminated successfully
2012-08-04,34,5,634.1,83.203125,1,1,0.8,1.0490090027874006,0.9999453689513802,Optimization terminated successfully
2012-08-04,34,6,634.1,83.203125,1,1,0.8,1.0483171763876469,0.9999583908897074,Optimization terminated successfully
2012-08-04,34,7,634.1,83.203125,1,1,0.8,1.048787300102424,0.9998122664374067,Optimization terminated successfully
2012-08-04,34,8,634.1,83.203125,1,1,0.8,1.0491563853035415,0.9998832094797743,Optimization terminated successfully
2012-08-04,34,9,634.1,83.203125,1,1,0.8,1.0478264593360078,0.9999934541046013,Optimization terminated successfully
2012-08-05,35,0,634.1,83.203125,1,1,0.8,1.0485402496040928,0.999791129184176,Optimization terminated successfully
2012-08-05,35,1,634.1,83.203125,1,1,0.8,1.0487893398953188,0.9999667111164352,Optimization terminated successfully
2012-08-05,35,2,634.1,83.203125,1,1,0.8,1.048836883896862,0.9999638197194216,Optimization terminated successfully
2012-08-05,35,3,634.1,83.203125,1,1,0.8,1.0487469414498154,0.9999974360282237,Optimization terminated successfully
2012-08-05,35,4,634.1,83.203125,1,1,0.8,1.047786832718098,0.9999457752548844,Optimization terminated successfully
2012-08-05,35,5,634.1,83.203125,1,1,0.8,1.0490802405868096,0.9999550781205016,Optimization terminated successfully
2012-08-05,35,6,634.1,83.203125,1,1,0.8,1.0478457056960073,0.9999827802496751,Optimization terminated successfully
2012-08-05,35,7,634.1,83.203125,1,1,0.8,1.0482455291326318,0.9999908187727087,Optimization terminated successfully
2012-08-05,35,8,634.1,83.203125,1,1,0.8,1.0483348029395028,0.9998654678804494,Optimization terminated successfully
2012-08-05,35,9,634.1,83.203125,1,1,0.8,1.048662766337314,0.9999453312286875,Optimization terminated successfully
2012-08-06,36,0,634.1,83.203125,1,1,0.8,1.0491119884591897,0.9999859098217795,Optimization terminated successfully
2012-08-06,36,1,634.1,83.203125,1,1,0.8,1.0491263141658282,0.9999694149564533,Optimization terminated successfully
2012-08-06,36,2,634.1,83.203125,1,1,0.8,1.0497882079335492,0.9999188754939363,Optimization terminated successfully
2012-08-06,36,3,634.1,83.203125,1,1,0.8,1.049193479048305,0.9999996072830464,Optimization terminated successfully
2012-08-06,36,4,634.1,83.203125,1,1,0.8,1.0482806590292526,0.9999834787733617,Optimization terminated successfully
2012-08-06,36,5,634.1,83.203125,0,0,,1.0481336175140326,0.7671042650747882,fixed service power exceeds an audited export limit
2012-08-06,36,6,634.1,83.203125,1,1,0.8,1.0481736450679842,0.9999109451922391,Optimization terminated successfully
2012-08-06,36,7,634.1,83.203125,1,1,0.8,1.048118831887958,0.999951203014626,Optimization terminated successfully
2012-08-06,36,8,634.1,83.203125,1,1,0.8,1.0496824804637848,0.9998206860277334,Optimization terminated successfully
2012-08-06,36,9,634.1,83.203125,1,1,0.8,1.0489995600774236,0.999994445760257,Optimization terminated successfully
2012-08-07,37,0,634.1,83.203125,1,1,0.8,1.0485778576424467,0.9999907801048399,Optimization terminated successfully
2012-08-07,37,1,634.1,83.203125,1,1,0.8,1.0493948933802155,0.9998951443302968,Optimization terminated successfully
2012-08-07,37,2,634.1,83.203125,1,1,0.8,1.0498761064023066,0.9999980551890674,Optimization terminated successfully
2012-08-07,37,3,634.1,83.203125,1,1,0.8,1.0488827721156577,0.9999853360529722,Optimization terminated successfully
2012-08-07,37,4,634.1,83.203125,1,1,0.8,1.048842810817042,0.9999122400316115,Optimization terminated successfully
2012-08-07,37,5,634.1,83.203125,1,1,0.8,1.049888241831152,0.9999817319887516,Optimization terminated successfully
2012-08-07,37,6,634.1,83.203125,1,1,0.8,1.0487290494530825,0.9999996130726851,Optimization terminated successfully
2012-08-07,37,7,634.1,83.203125,1,1,0.8,1.0488115516105778,0.999995508583649,Optimization terminated successfully
2012-08-07,37,8,634.1,83.203125,1,1,0.8,1.0498658412197122,0.9999431267365986,Optimization terminated successfully
2012-08-07,37,9,634.1,83.203125,1,1,0.8,1.0489573569568962,0.9999752117678343,Optimization terminated successfully
2012-08-08,38,0,634.1,83.203125,1,1,0.8,1.0488584457921242,0.9999818370914485,Optimization terminated successfully
2012-08-08,38,1,634.1,83.203125,1,1,0.8,1.0490270851763452,0.999951616816405,Optimization terminated successfully
2012-08-08,38,2,634.1,83.203125,1,1,0.8,1.049280110600328,0.9998549001854045,Optimization terminated successfully
2012-08-08,38,3,634.1,83.203125,1,1,0.8,1.0489159182590004,1.0000005730461103,Optimization terminated successfully
2012-08-08,38,4,634.1,83.203125,1,1,0.8,1.0495044743048931,0.9999227317121281,Optimization terminated successfully
2012-08-08,38,5,634.1,83.203125,1,1,0.8,1.0494056783965473,0.9999892578840127,Optimization terminated successfully
2012-08-08,38,6,634.1,83.203125,1,1,0.8,1.0489552714229375,0.9999870602691019,Optimization terminated successfully
2012-08-08,38,7,634.1,83.203125,1,1,0.8,1.0490348826323341,0.9999935937257365,Optimization terminated successfully
2012-08-08,38,8,634.1,83.203125,1,1,0.8,1.049635674430071,0.9999882488101813,Optimization terminated successfully
2012-08-08,38,9,634.1,83.203125,1,1,0.8,1.0492583894885208,0.9999962840470507,Optimization terminated successfully
2012-08-09,39,0,634.1,83.203125,1,1,0.8,1.049154465086987,0.9999103767783429,Optimization terminated successfully
2012-08-09,39,1,634.1,83.203125,1,1,0.8,1.048038823342035,0.9999647877398852,Optimization terminated successfully
2012-08-09,39,2,634.1,83.203125,1,1,0.8,1.0491637521916766,0.9999917282814569,Optimization terminated successfully
2012-08-09,39,3,634.1,83.203125,1,1,0.8,1.0484168842830188,0.9999934975853273,Optimization terminated successfully
2012-08-09,39,4,634.1,83.203125,1,1,0.8,1.0483204572301328,0.9999959368564322,Optimization terminated successfully
2012-08-09,39,5,634.1,83.203125,1,1,0.8,1.0490012043461365,0.9999984726978594,Optimization terminated successfully
2012-08-09,39,6,634.1,83.203125,1,1,0.8,1.047515140023926,0.9999429457406137,Optimization terminated successfully
2012-08-09,39,7,634.1,83.203125,1,1,0.8,1.0476959843986469,0.9999172308576529,Optimization terminated successfully
2012-08-09,39,8,634.1,83.203125,1,1,0.8,1.0483322471449084,0.9999817903406809,Optimization terminated successfully
2012-08-09,39,9,634.1,83.203125,1,1,0.8,1.0488087136936894,0.9999864975987539,Optimization terminated successfully
2012-08-10,40,1,634.1,83.203125,1,1,0.8,1.0475014239214802,0.9999720850758647,Optimization terminated successfully
2012-08-10,40,2,634.1,83.203125,1,1,0.8,1.0477741281063342,0.9999571307384031,Optimization terminated successfully
2012-08-10,40,3,634.1,83.203125,1,1,0.8,1.0475409770364343,0.999964685992858,Optimization terminated successfully
2012-08-10,40,4,634.1,83.203125,1,1,0.8,1.0475157619855004,0.9998619275488292,Optimization terminated successfully
2012-08-10,40,5,634.1,83.203125,1,1,0.8,1.0479492390270215,0.999985627694002,Optimization terminated successfully
2012-08-10,40,6,634.1,83.203125,1,1,0.8,1.046672568764237,0.9999769072375271,Optimization terminated successfully
2012-08-10,40,7,634.1,83.203125,1,1,0.8,1.0474129287604053,0.9999928897050271,Optimization terminated successfully
2012-08-10,40,8,634.1,83.203125,1,1,0.8,1.0472920273429642,0.9999947303303238,Optimization terminated successfully
2012-08-10,40,9,634.1,83.203125,1,1,0.8,1.0476494182346752,0.9999193039152023,Optimization terminated successfully
2012-08-11,41,0,634.1,83.203125,1,1,0.8,1.0477782653026604,0.9999561172098129,Optimization terminated successfully
2012-08-11,41,1,634.1,83.203125,1,1,0.8,1.047832545811004,0.9999752193040442,Optimization terminated successfully
2012-08-11,41,2,634.1,83.203125,1,1,0.8,1.0475623819634643,0.9999749903213844,Optimization terminated successfully
2012-08-11,41,3,634.1,83.203125,1,1,0.8,1.0479037251018726,0.9999919983461613,Optimization terminated successfully
2012-08-11,41,4,634.1,83.203125,1,1,0.8,1.0475849979353948,0.9999128738862226,Optimization terminated successfully
2012-08-11,41,5,634.1,83.203125,1,1,0.8,1.047955284801181,0.9999685066122519,Optimization terminated successfully
2012-08-11,41,6,634.1,83.203125,1,1,0.8,1.0472347481392221,0.9999368961682841,Optimization terminated successfully
2012-08-11,41,7,634.1,83.203125,1,1,0.8,1.0475831092282786,0.9999983624323859,Optimization terminated successfully
2012-08-11,41,8,634.1,83.203125,1,1,0.8,1.0479019570862456,0.999948942001646,Optimization terminated successfully
2012-08-11,41,9,634.1,83.203125,1,1,0.8,1.047901474107557,0.9999465072956983,Optimization terminated successfully
2012-08-12,42,0,634.1,83.203125,1,1,0.8,1.0477061534710685,0.999967738547732,Optimization terminated successfully
2012-08-12,42,1,634.1,83.203125,1,1,0.8,1.0478710144461023,0.9999610150154692,Optimization terminated successfully
2012-08-12,42,2,634.1,83.203125,1,1,0.8,1.0475959622518702,0.9999907035410879,Optimization terminated successfully
2012-08-12,42,3,634.1,83.203125,1,1,0.8,1.047805004356567,0.9999934826718552,Optimization terminated successfully
2012-08-12,42,4,634.1,83.203125,1,1,0.8,1.0476760520788881,0.9999967158198494,Optimization terminated successfully
2012-08-12,42,5,634.1,83.203125,1,1,0.8,1.0477115388686318,0.9999891358325877,Optimization terminated successfully
2012-08-12,42,6,634.1,83.203125,1,1,0.8,1.0472403505953711,0.9999132071873921,Optimization terminated successfully
2012-08-12,42,7,634.1,83.203125,1,1,0.8,1.0479309298418693,0.9999876792714062,Optimization terminated successfully
2012-08-12,42,8,634.1,83.203125,1,1,0.8,1.0476019478419225,0.9999723161766924,Optimization terminated successfully
2012-08-12,42,9,634.1,83.203125,1,1,0.8,1.0477003697593348,0.9999480438222983,Optimization terminated successfully
2012-08-13,43,0,634.1,83.203125,1,1,0.8,1.0477267880553502,0.9999996909383204,Optimization terminated successfully
2012-08-13,43,1,634.1,83.203125,1,1,0.8,1.0485383874879237,0.9998680846492009,Optimization terminated successfully
2012-08-13,43,2,634.1,83.203125,1,1,0.8,1.0487342740702628,0.9999999435908955,Optimization terminated successfully
2012-08-13,43,3,634.1,83.203125,1,1,0.8,1.049403923903877,0.999989020160366,Optimization terminated successfully
2012-08-13,43,4,634.1,83.203125,1,1,0.8,1.0484000053310603,0.9999431796186126,Optimization terminated successfully
2012-08-13,43,5,634.1,83.203125,1,1,0.8,1.0497328603307186,0.999992660923226,Optimization terminated successfully
2012-08-13,43,6,634.1,83.203125,1,1,0.8,1.0478528903641067,0.9999840126340986,Optimization terminated successfully
2012-08-13,43,7,634.1,83.203125,1,1,0.8,1.0482095776300622,0.9999343292414218,Optimization terminated successfully
2012-08-13,43,8,634.1,83.203125,1,1,0.8,1.048698324289029,0.9999781912918112,Optimization terminated successfully
2012-08-13,43,9,634.1,83.203125,1,1,0.8,1.0488281183576242,0.9999257778371059,Optimization terminated successfully
2012-08-14,44,0,634.1,83.203125,1,1,0.8,1.047918687330349,0.9999923676523086,Optimization terminated successfully
2012-08-14,44,1,634.1,83.203125,1,1,0.8,1.0490412835001661,0.9999846405620385,Optimization terminated successfully
2012-08-14,44,2,634.1,83.203125,1,1,0.8,1.0479114268958636,0.9999203133407067,Optimization terminated successfully
2012-08-14,44,3,634.1,83.203125,1,1,0.8,1.0492759296345295,0.9999129018228348,Optimization terminated successfully
2012-08-14,44,4,634.1,83.203125,1,1,0.8,1.0487685824415762,0.9999989795725018,Optimization terminated successfully
2012-08-14,44,5,634.1,83.203125,1,1,0.8,1.049272276488833,0.999954692298219,Optimization terminated successfully
2012-08-14,44,6,634.1,83.203125,1,1,0.8,1.048899506399169,0.9999430722951473,Optimization terminated successfully
2012-08-14,44,7,634.1,83.203125,1,1,0.8,1.0484564865640715,0.9999133383435032,Optimization terminated successfully
2012-08-14,44,8,634.1,83.203125,1,1,0.8,1.049097097949231,0.999894616086821,Optimization terminated successfully
2012-08-14,44,9,634.1,83.203125,1,1,0.8,1.0482947554741686,0.9999948136817247,Optimization terminated successfully
2012-08-15,45,0,634.1,83.203125,1,1,0.8,1.0477185524487138,0.9999400188501678,Optimization terminated successfully
2012-08-15,45,1,634.1,83.203125,1,1,0.8,1.0475957378601892,0.9999573928854139,Optimization terminated successfully
2012-08-15,45,2,634.1,83.203125,1,1,0.8,1.0477836513511947,0.9999559128853561,Optimization terminated successfully
2012-08-15,45,3,634.1,83.203125,1,1,0.8,1.0479688841483061,0.9999574764094586,Optimization terminated successfully
2012-08-15,45,4,634.1,83.203125,1,1,0.8,1.0476492535086845,0.9999430208747356,Optimization terminated successfully
2012-08-15,45,5,634.1,83.203125,1,1,0.8,1.0479043575993339,0.9999467941413016,Optimization terminated successfully
2012-08-15,45,6,634.1,83.203125,1,1,0.8,1.047551591922549,0.9999520174624391,Optimization terminated successfully
2012-08-15,45,7,634.1,83.203125,1,1,0.8,1.0471675479591915,0.9998632830070769,Optimization terminated successfully
2012-08-15,45,8,634.1,83.203125,1,1,0.8,1.0475439806919478,0.9999458415171488,Optimization terminated successfully
2012-08-15,45,9,634.1,83.203125,1,1,0.8,1.0474468889910638,0.9999890168063262,Optimization terminated successfully
2012-08-16,46,0,634.1,83.203125,1,1,0.8,1.0495577766690154,0.9999042631354899,Optimization terminated successfully
2012-08-16,46,1,634.1,83.203125,1,1,0.8,1.0489092244501579,0.9999647884936897,Optimization terminated successfully
2012-08-16,46,2,634.1,83.203125,0,0,,1.0483455467096587,0.7752018934926884,fixed service power exceeds an audited export limit
2012-08-16,46,3,634.1,83.203125,0,0,,1.0486838974595043,0.7511557901515852,fixed service power exceeds an audited export limit
2012-08-16,46,4,634.1,83.203125,1,1,0.8,1.0491382082288325,0.999934766945525,Optimization terminated successfully
2012-08-16,46,5,634.1,83.203125,1,1,0.8,1.0499198593908274,0.9999445046048222,Optimization terminated successfully
2012-08-16,46,6,634.1,83.203125,1,1,0.8,1.0494148425731142,0.9999663658976786,Optimization terminated successfully
2012-08-16,46,7,634.1,83.203125,1,1,0.8,1.0494645100563167,0.9999755393421706,Optimization terminated successfully
2012-08-16,46,8,634.1,83.203125,1,1,0.8,1.0495482772831712,0.9999743331216652,Optimization terminated successfully
2012-08-16,46,9,634.1,83.203125,1,1,0.8,1.0493372668003402,0.9999965997184527,Optimization terminated successfully
2012-08-17,47,0,634.1,83.203125,1,1,0.8,1.0488313148445687,0.9999882340527618,Optimization terminated successfully
2012-08-17,47,1,634.1,83.203125,1,1,0.8,1.0490138863339227,0.9999756886559699,Optimization terminated successfully
2012-08-17,47,2,634.1,83.203125,1,1,0.8,1.0498396095075255,0.999987357230564,Optimization terminated successfully
2012-08-17,47,3,634.1,83.203125,1,1,0.8,1.0488691692560248,0.9999114666719608,Optimization terminated successfully
2012-08-17,47,4,634.1,83.203125,1,1,0.8,1.0488707949178289,0.9998210435072186,Optimization terminated successfully
2012-08-17,47,5,634.1,83.203125,1,1,0.8,1.0488658450094466,0.9999922115494534,Optimization terminated successfully
2012-08-17,47,6,634.1,83.203125,1,1,0.8,1.0487431634317486,0.9999717721954652,Optimization terminated successfully
2012-08-17,47,7,634.1,83.203125,1,1,0.8,1.049347929826368,0.9999770789482596,Optimization terminated successfully
2012-08-17,47,8,634.1,83.203125,1,1,0.8,1.0490374108938691,0.9998230597941713,Optimization terminated successfully
2012-08-17,47,9,634.1,83.203125,1,1,0.8,1.048218302408329,0.999995835010738,Optimization terminated successfully
2012-08-18,48,0,634.1,83.203125,1,1,0.8,1.0486740121874065,0.9999684027126126,Optimization terminated successfully
2012-08-18,48,1,634.1,83.203125,1,1,0.8,1.0478562185266664,0.9999375678297594,Optimization terminated successfully
2012-08-18,48,2,634.1,83.203125,1,1,0.8,1.0482389774895886,0.9999994850054955,Optimization terminated successfully
2012-08-18,48,3,634.1,83.203125,1,1,0.8,1.0479792770409497,0.9999421359479,Optimization terminated successfully
2012-08-18,48,4,634.1,83.203125,1,1,0.8,1.0477128602444512,0.9999804953533743,Optimization terminated successfully
2012-08-18,48,5,634.1,83.203125,1,1,0.8,1.0488073255535788,0.99998584032967,Optimization terminated successfully
2012-08-18,48,6,634.1,83.203125,1,1,0.8,1.0481068679264025,0.9999931362293358,Optimization terminated successfully
2012-08-18,48,7,634.1,83.203125,1,1,0.8,1.0485982047425184,0.9999431367815389,Optimization terminated successfully
2012-08-18,48,8,634.1,83.203125,1,1,0.8,1.0479454334761023,1.0000002158895092,Optimization terminated successfully
2012-08-18,48,9,634.1,83.203125,1,1,0.8,1.0486327678529122,0.999924243547805,Optimization terminated successfully
2012-08-19,49,0,634.1,83.203125,1,1,0.8,1.0478839532629756,0.9999546375584758,Optimization terminated successfully
2012-08-19,49,1,634.1,83.203125,1,1,0.8,1.0485705330585735,0.999915327334327,Optimization terminated successfully
2012-08-19,49,2,634.1,83.203125,1,1,0.8,1.0484528200463001,0.9999605306453937,Optimization terminated successfully
2012-08-19,49,3,634.1,83.203125,1,1,0.8,1.0489620528774397,0.9999558407769266,Optimization terminated successfully
2012-08-19,49,4,634.1,83.203125,1,1,0.8,1.0486103450617899,0.9999987236222924,Optimization terminated successfully
2012-08-19,49,5,634.1,83.203125,1,1,0.8,1.0485109801482801,0.999993663449963,Optimization terminated successfully
2012-08-19,49,6,634.1,83.203125,1,1,0.8,1.0490375961627028,0.9999625666048795,Optimization terminated successfully
2012-08-19,49,7,634.1,83.203125,1,1,0.8,1.0484308454006224,0.9999877665098651,Optimization terminated successfully
2012-08-19,49,8,634.1,83.203125,1,1,0.8,1.0490872032191094,0.9999821396744009,Optimization terminated successfully
2012-08-19,49,9,634.1,83.203125,1,1,0.8,1.048292349572324,0.9998581187699169,Optimization terminated successfully
2012-08-20,50,0,634.1,83.203125,1,1,0.8,1.0483492751107122,0.9999952249941287,Optimization terminated successfully
2012-08-20,50,1,634.1,83.203125,1,1,0.8,1.0487962043978991,0.9999145826913464,Optimization terminated successfully
2012-08-20,50,2,634.1,83.203125,1,1,0.8,1.049534381520843,0.9999505696196427,Optimization terminated successfully
2012-08-20,50,3,634.1,83.203125,1,1,0.8,1.049795642737462,0.9999970814623921,Optimization terminated successfully
2012-08-20,50,4,634.1,83.203125,1,1,0.8,1.0490605668393866,0.999985304667965,Optimization terminated successfully
2012-08-20,50,5,634.1,83.203125,1,1,0.8,1.0494643381825093,0.9999510012550615,Optimization terminated successfully
2012-08-20,50,6,634.1,83.203125,1,1,0.8,1.048899445559654,0.9999240215343915,Optimization terminated successfully
2012-08-20,50,7,634.1,83.203125,1,1,0.8,1.0487045282443699,0.9999994614388646,Optimization terminated successfully
2012-08-20,50,8,634.1,83.203125,1,1,0.8,1.0499630780016926,0.999970490664776,Optimization terminated successfully
2012-08-20,50,9,634.1,83.203125,1,1,0.8,1.0491873034212842,0.9998858432817872,Optimization terminated successfully
2012-08-21,51,0,634.1,83.203125,1,1,0.8,1.0490543896755617,0.999985920750965,Optimization terminated successfully
2012-08-21,51,1,634.1,83.203125,1,1,0.8,1.049690881086274,0.9999963335872666,Optimization terminated successfully
2012-08-21,51,2,634.1,83.203125,1,1,0.8,1.049460544808557,0.9998994806301169,Optimization terminated successfully
2012-08-21,51,3,634.1,83.203125,1,1,0.8,1.049949518775231,0.999935675908599,Optimization terminated successfully
2012-08-21,51,4,634.1,83.203125,1,1,0.8,1.049165287912301,0.9999146884938865,Optimization terminated successfully
2012-08-21,51,5,634.1,83.203125,0,0,,1.0481424365340355,0.7501422499801936,fixed service power exceeds an audited export limit
2012-08-21,51,6,634.1,83.203125,1,1,0.8,1.0489140599579767,0.9999976672366723,Optimization terminated successfully
2012-08-21,51,7,634.1,83.203125,1,1,0.8,1.049255323947111,0.9999449770685473,Optimization terminated successfully
2012-08-21,51,8,634.1,83.203125,1,1,0.8,1.049926970026978,0.999900274380698,Optimization terminated successfully
2012-08-21,51,9,634.1,83.203125,1,1,0.8,1.0490626156976877,0.9999941408225738,Optimization terminated successfully
2012-08-22,52,0,634.1,83.203125,1,1,0.8,1.048805018225274,0.9999464431615721,Optimization terminated successfully
2012-08-22,52,1,634.1,83.203125,1,1,0.8,1.0491212085018444,0.9999662260368686,Optimization terminated successfully
2012-08-22,52,2,634.1,83.203125,1,1,0.8,1.0495957805274143,0.9999688486396371,Optimization terminated successfully
2012-08-22,52,3,634.1,83.203125,1,1,0.8,1.049729859153423,0.9999627514641884,Optimization terminated successfully
2012-08-22,52,4,634.1,83.203125,1,1,0.8,1.0488984870045255,0.9999820835004365,Optimization terminated successfully
2012-08-22,52,5,634.1,83.203125,1,1,0.8,1.0499660345501431,0.9998422415274788,Optimization terminated successfully
2012-08-22,52,6,634.1,83.203125,1,1,0.8,1.0489259239629103,0.9998904777212027,Optimization terminated successfully
2012-08-22,52,7,634.1,83.203125,1,1,0.8,1.0485583006436954,0.9999857321480605,Optimization terminated successfully
2012-08-22,52,8,634.1,83.203125,1,1,0.8,1.049899203028544,0.9999299055671728,Optimization terminated successfully
2012-08-22,52,9,634.1,83.203125,1,1,0.8,1.0487552063485919,1.0000002196153222,Optimization terminated successfully
2012-08-23,53,0,634.1,83.203125,1,1,0.8,1.0488203666210576,0.9999796829549431,Optimization terminated successfully
2012-08-23,53,1,634.1,83.203125,1,1,0.8,1.049644303238713,0.9999656114848816,Optimization terminated successfully
2012-08-23,53,2,634.1,83.203125,1,1,0.8,1.0496685844934113,0.9999626743853176,Optimization terminated successfully
2012-08-23,53,3,634.1,83.203125,1,1,0.8,1.0497089432577367,0.9999512729184722,Optimization terminated successfully
2012-08-23,53,4,634.1,83.203125,1,1,0.8,1.0496578626590762,0.9999972101707835,Optimization terminated successfully
2012-08-23,53,5,634.1,83.203125,1,1,0.8,1.0495278552606735,0.9999950408165964,Optimization terminated successfully
2012-08-23,53,6,634.1,83.203125,1,1,0.8,1.0489685757728984,0.9999769427231358,Optimization terminated successfully
2012-08-23,53,7,634.1,83.203125,1,1,0.8,1.049181297508613,0.9999388598127474,Optimization terminated successfully
2012-08-23,53,8,634.1,83.203125,1,1,0.8,1.0494410201070004,0.999989732855711,Optimization terminated successfully
2012-08-23,53,9,634.1,83.203125,1,1,0.8,1.0489933597754317,1.0000007645817943,Optimization terminated successfully
2012-08-24,54,0,634.1,83.203125,1,1,0.8,1.0492334586597196,0.9999832007591363,Optimization terminated successfully
2012-08-24,54,1,634.1,83.203125,1,1,0.8,1.0496546610592938,0.9998438319515897,Optimization terminated successfully
2012-08-24,54,2,634.1,83.203125,1,1,0.8,1.0495401298307945,0.9999759716198702,Optimization terminated successfully
2012-08-24,54,3,634.1,83.203125,0,0,,1.0487753515299767,0.6993814071643513,fixed service power exceeds an audited export limit
2012-08-24,54,4,634.1,83.203125,1,1,0.8,1.0494775386418456,0.9999742701083081,Optimization terminated successfully
2012-08-24,54,5,634.1,83.203125,0,0,,1.0484994772609977,0.7329200105004493,fixed service power exceeds an audited export limit
2012-08-24,54,6,634.1,83.203125,1,1,0.8,1.0492674999547766,1.0000002020507202,Optimization terminated successfully
2012-08-24,54,7,634.1,83.203125,0,0,,1.0481286907831855,0.7581071686198924,fixed service power exceeds an audited export limit
2012-08-24,54,8,634.1,83.203125,1,1,0.8,1.0493914526456927,0.9999558612742695,Optimization terminated successfully
2012-08-24,54,9,634.1,83.203125,1,1,0.8,1.0495286457716184,0.9999881704674768,Optimization terminated successfully
2012-08-25,55,0,634.1,83.203125,1,1,0.8,1.0492513590890085,0.9999466533394858,Optimization terminated successfully
2012-08-25,55,1,634.1,83.203125,1,1,0.8,1.0494309877051344,0.9998712658127165,Optimization terminated successfully
2012-08-25,55,2,634.1,83.203125,1,1,0.8,1.0496019431537922,0.9998368539358791,Optimization terminated successfully
2012-08-25,55,3,634.1,83.203125,1,1,0.8,1.0497334111910157,0.9999752289478085,Optimization terminated successfully
2012-08-25,55,4,634.1,83.203125,1,1,0.8,1.0485661092068375,0.9999663311645852,Optimization terminated successfully
2012-08-25,55,5,634.1,83.203125,1,1,0.8,1.0499494382112111,0.9999053501377368,Optimization terminated successfully
2012-08-25,55,6,634.1,83.203125,1,1,0.8,1.0486347036603316,0.9999566917555481,Optimization terminated successfully
2012-08-25,55,7,634.1,83.203125,1,1,0.8,1.049167951013224,0.9999620980416398,Optimization terminated successfully
2012-08-25,55,8,634.1,83.203125,1,1,0.8,1.0488001138622558,0.9999851432515434,Optimization terminated successfully
2012-08-25,55,9,634.1,83.203125,1,1,0.8,1.049011257246277,0.9999693834507212,Optimization terminated successfully
2012-08-26,56,0,634.1,83.203125,1,1,0.8,1.0487199610176707,0.9999919296042006,Optimization terminated successfully
2012-08-26,56,1,634.1,83.203125,1,1,0.8,1.0478504113392053,0.9999937980641126,Optimization terminated successfully
2012-08-26,56,2,634.1,83.203125,1,1,0.8,1.0480635852454459,0.9999252022463275,Optimization terminated successfully
2012-08-26,56,3,634.1,83.203125,1,1,0.8,1.0489668082252568,0.9999421102474051,Optimization terminated successfully
2012-08-26,56,4,634.1,83.203125,1,1,0.8,1.048468936067947,0.9999784218634677,Optimization terminated successfully
2012-08-26,56,5,634.1,83.203125,1,1,0.8,1.0491753349643076,0.9999918399801913,Optimization terminated successfully
2012-08-26,56,6,634.1,83.203125,1,1,0.8,1.048080539918991,0.9999539486469989,Optimization terminated successfully
2012-08-26,56,7,634.1,83.203125,1,1,0.8,1.0482661410918175,0.9999722731430291,Optimization terminated successfully
2012-08-26,56,8,634.1,83.203125,1,1,0.8,1.0482780898463544,0.999996463634832,Optimization terminated successfully
2012-08-26,56,9,634.1,83.203125,1,1,0.8,1.0478795721373706,0.9998010074970077,Optimization terminated successfully
2012-08-27,57,0,634.1,83.203125,1,1,0.8,1.0489978662952162,0.999949345911682,Optimization terminated successfully
2012-08-27,57,1,634.1,83.203125,1,1,0.8,1.0488152433454647,0.9999416912606279,Optimization terminated successfully
2012-08-27,57,2,634.1,83.203125,1,1,0.8,1.0491102394736864,0.9999758909328433,Optimization terminated successfully
2012-08-27,57,3,634.1,83.203125,1,1,0.8,1.049275560515746,0.9999934714668923,Optimization terminated successfully
2012-08-27,57,4,634.1,83.203125,1,1,0.8,1.04847179659078,0.9998971348528098,Optimization terminated successfully
2012-08-27,57,5,634.1,83.203125,1,1,0.8,1.0495244196634521,0.9999598899453823,Optimization terminated successfully
2012-08-27,57,6,634.1,83.203125,1,1,0.8,1.048736308656333,0.9999642721133674,Optimization terminated successfully
2012-08-27,57,7,634.1,83.203125,1,1,0.8,1.0483770075647616,0.9999613867424291,Optimization terminated successfully
2012-08-27,57,8,634.1,83.203125,1,1,0.8,1.0494157042663808,0.9999916517939207,Optimization terminated successfully
2012-08-27,57,9,634.1,83.203125,1,1,0.8,1.0490372015588842,0.9999594413814611,Optimization terminated successfully
2012-08-28,58,0,634.1,83.203125,1,1,0.8,1.0493041493156126,0.9999734654687041,Optimization terminated successfully
2012-08-28,58,1,634.1,83.203125,1,1,0.8,1.0493812454719789,0.999948645116189,Optimization terminated successfully
2012-08-28,58,2,634.1,83.203125,1,1,0.8,1.0499232846724722,0.9999981688089963,Optimization terminated successfully
2012-08-28,58,3,634.1,83.203125,1,1,0.8,1.0499343776410557,0.9999511438437801,Optimization terminated successfully
2012-08-28,58,4,634.1,83.203125,1,1,0.8,1.0491717890551986,0.9999865644751427,Optimization terminated successfully
2012-08-28,58,5,634.1,83.203125,1,1,0.8,1.0499366309559661,0.9999441415440918,Optimization terminated successfully
2012-08-28,58,6,634.1,83.203125,1,1,0.8,1.0490379402615744,0.9999983337603683,Optimization terminated successfully
2012-08-28,58,7,634.1,83.203125,1,1,0.8,1.049025901663256,0.9999885675566199,Optimization terminated successfully
2012-08-28,58,8,634.1,83.203125,1,1,0.8,1.0498278919805948,0.9999392499460086,Optimization terminated successfully
2012-08-28,58,9,634.1,83.203125,1,1,0.8,1.0490456746465997,0.9999719313288067,Optimization terminated successfully
2012-08-29,59,0,634.1,83.203125,1,1,0.8,1.048479889174315,0.9999014403999893,Optimization terminated successfully
2012-08-29,59,1,634.1,83.203125,1,1,0.8,1.0477695651076697,0.9999819509623493,Optimization terminated successfully
2012-08-29,59,2,634.1,83.203125,1,1,0.8,1.049156303332031,0.9999099993010587,Optimization terminated successfully
2012-08-29,59,3,634.1,83.203125,1,1,0.8,1.0499066441292468,0.9999925826011119,Optimization terminated successfully
2012-08-29,59,4,634.1,83.203125,1,1,0.8,1.0483574179102169,0.9999856007187128,Optimization terminated successfully
2012-08-29,59,5,634.1,83.203125,1,1,0.8,1.0490814478649502,0.9999707658589885,Optimization terminated successfully
2012-08-29,59,6,634.1,83.203125,1,1,0.8,1.0477308489656714,0.9998760195350745,Optimization terminated successfully
2012-08-29,59,7,634.1,83.203125,1,1,0.8,1.0493201097366038,0.9999809650678168,Optimization terminated successfully
2012-08-29,59,8,634.1,83.203125,1,1,0.8,1.0493540243386235,0.9999692466109914,Optimization terminated successfully
2012-08-29,59,9,634.1,83.203125,1,1,0.8,1.0485269080207928,0.9999961580729776,Optimization terminated successfully
2012-08-30,60,0,634.1,83.203125,1,1,0.8,1.0496518033432765,0.9999070073533513,Optimization terminated successfully
2012-08-30,60,1,634.1,83.203125,1,1,0.8,1.0494897485458896,0.9999072584877974,Optimization terminated successfully
2012-08-30,60,2,634.1,83.203125,0,0,,1.0480786439377212,0.7067934888302215,fixed service power exceeds an audited export limit
2012-08-30,60,3,634.1,83.203125,1,1,0.8,1.049926162479074,0.9999747129474916,Optimization terminated successfully
2012-08-30,60,4,634.1,83.203125,1,1,0.8,1.0497388340197247,0.9999796905550452,Optimization terminated successfully
2012-08-30,60,5,634.1,83.203125,0,0,,1.0480467369845992,0.7094687278817376,fixed service power exceeds an audited export limit
2012-08-30,60,6,634.1,83.203125,1,1,0.8,1.0491839981753561,0.999987105547949,Optimization terminated successfully
2012-08-30,60,7,634.1,83.203125,1,1,0.8,1.0494344267341782,0.999987515413149,Optimization terminated successfully
2012-08-30,60,8,634.1,83.203125,0,0,,1.0480479533906126,0.7108598203164838,fixed service power exceeds an audited export limit
2012-08-30,60,9,634.1,83.203125,1,1,0.8,1.0494364731955506,0.9999240128079694,Optimization terminated successfully
2012-08-31,61,0,634.1,83.203125,1,1,0.8,1.0493696763277103,0.9999710481451183,Optimization terminated successfully
2012-08-31,61,1,634.1,83.203125,1,1,0.8,1.0492182424701353,0.999995615353598,Optimization terminated successfully
2012-08-31,61,2,634.1,83.203125,1,1,0.8,1.049577424840441,0.9999166273572478,Optimization terminated successfully
2012-08-31,61,3,634.1,83.203125,1,1,0.8,1.0499000194893489,0.9999956738067847,Optimization terminated successfully
2012-08-31,61,4,634.1,83.203125,1,1,0.8,1.04907839257354,0.9999621010267948,Optimization terminated successfully
2012-08-31,61,5,634.1,83.203125,1,1,0.8,1.0499299062414185,0.9999276585906539,Optimization terminated successfully
2012-08-31,61,6,634.1,83.203125,1,1,0.8,1.0492776591781154,0.9999250006047614,Optimization terminated successfully
2012-08-31,61,7,634.1,83.203125,1,1,0.8,1.0496977192466526,0.9999647174761965,Optimization terminated successfully
2012-08-31,61,8,634.1,83.203125,1,1,0.8,1.0499384484840684,0.9999637406656612,Optimization terminated successfully
2012-08-31,61,9,634.1,83.203125,1,1,0.8,1.0491756639015044,0.9999646894571093,Optimization terminated successfully
2012-09-01,62,0,634.1,83.203125,1,1,0.8,1.0487649153754335,0.999935121497253,Optimization terminated successfully
2012-09-01,62,1,634.1,83.203125,1,1,0.8,1.0480775494444103,0.9999884143468505,Optimization terminated successfully
2012-09-01,62,2,634.1,83.203125,1,1,0.8,1.0497142134744435,0.9999694342168727,Optimization terminated successfully
2012-09-01,62,3,634.1,83.203125,1,1,0.8,1.0491639719944201,0.9999681961241851,Optimization terminated successfully
2012-09-01,62,4,634.1,83.203125,1,1,0.8,1.0485019090122696,0.9999422338795622,Optimization terminated successfully
2012-09-01,62,5,634.1,83.203125,0,0,,1.0483120240001484,0.7152901951904496,fixed service power exceeds an audited export limit
2012-09-01,62,6,634.1,83.203125,1,1,0.8,1.0491611207974525,0.999972058828883,Optimization terminated successfully
2012-09-01,62,7,634.1,83.203125,1,1,0.8,1.047801140230995,0.9999613335666364,Optimization terminated successfully
2012-09-01,62,8,634.1,83.203125,1,1,0.8,1.0487120610669909,0.9998417533458605,Optimization terminated successfully
2012-09-01,62,9,634.1,83.203125,1,1,0.8,1.0482943261182835,0.9999366572673611,Optimization terminated successfully
2012-09-02,63,0,634.1,83.203125,1,1,0.8,1.04871757984211,0.9998576589768345,Optimization terminated successfully
2012-09-02,63,1,634.1,83.203125,1,1,0.8,1.048884887178191,0.9999024093971607,Optimization terminated successfully
2012-09-02,63,2,634.1,83.203125,0,0,,1.0480636955560112,0.7686324278406036,fixed service power exceeds an audited export limit
2012-09-02,63,3,634.1,83.203125,1,1,0.8,1.0496228810410735,0.9999446055520417,Optimization terminated successfully
2012-09-02,63,4,634.1,83.203125,1,1,0.8,1.0490602565349376,0.9999423861712718,Optimization terminated successfully
2012-09-02,63,5,634.1,83.203125,1,1,0.8,1.0495844782938777,0.9999775407581717,Optimization terminated successfully
2012-09-02,63,6,634.1,83.203125,1,1,0.8,1.0490436090324176,0.9999915428424364,Optimization terminated successfully
2012-09-02,63,7,634.1,83.203125,1,1,0.8,1.0489452926509761,0.9999961066441746,Optimization terminated successfully
2012-09-02,63,8,634.1,83.203125,1,1,0.8,1.0489514346518147,0.9999529111660724,Optimization terminated successfully
2012-09-02,63,9,634.1,83.203125,1,1,0.8,1.0486356558647292,0.9999578318266492,Optimization terminated successfully
2012-09-03,64,0,634.1,83.203125,1,1,0.8,1.0494806055701311,0.9999892497939478,Optimization terminated successfully
2012-09-03,64,1,634.1,83.203125,1,1,0.8,1.0491022102732863,0.9998695837461221,Optimization terminated successfully
2012-09-03,64,2,634.1,83.203125,0,0,,1.0483094142301213,0.7105589381472527,fixed service power exceeds an audited export limit
2012-09-03,64,3,634.1,83.203125,0,0,,1.0485871804235911,0.744009164866289,fixed service power exceeds an audited export limit
2012-09-03,64,4,634.1,83.203125,1,1,0.8,1.0498615201746389,1.0000004114939873,Optimization terminated successfully
2012-09-03,64,5,634.1,83.203125,0,0,,1.0484044957469973,0.7187740107945055,fixed service power exceeds an audited export limit
2012-09-03,64,6,634.1,83.203125,1,1,0.8,1.0491111358723504,0.9999693064228542,Optimization terminated successfully
2012-09-03,64,7,634.1,83.203125,1,1,0.8,1.0491920018185596,0.9999271399645525,Optimization terminated successfully
2012-09-03,64,8,634.1,83.203125,1,1,0.8,1.0499995479784918,0.9999096922598065,Optimization terminated successfully
2012-09-03,64,9,634.1,83.203125,1,1,0.8,1.0491238482652219,0.9999242731174564,Optimization terminated successfully
2012-09-04,65,0,634.1,83.203125,1,1,0.8,1.0496958976812967,0.9999400258740865,Optimization terminated successfully
2012-09-04,65,1,634.1,83.203125,1,1,0.8,1.049527263224739,0.9999081257486577,Optimization terminated successfully
2012-09-04,65,2,634.1,83.203125,1,1,0.8,1.049639718437107,0.9999827911154408,Optimization terminated successfully
2012-09-04,65,3,634.1,83.203125,0,0,,1.0487652814504878,0.6945523935166799,fixed service power exceeds an audited export limit
2012-09-04,65,4,634.1,83.203125,1,1,0.8,1.0497648492444362,0.9999218270247007,Optimization terminated successfully
2012-09-04,65,5,634.1,83.203125,1,1,0.8,1.0497544255243259,0.9999750636503676,Optimization terminated successfully
2012-09-04,65,6,634.1,83.203125,1,1,0.8,1.0492104942034473,1.0000006942495523,Optimization terminated successfully
2012-09-04,65,7,634.1,83.203125,1,1,0.8,1.0497110609165476,0.9999841177509619,Optimization terminated successfully
2012-09-04,65,8,634.1,83.203125,0,0,,1.0481021749190051,0.7078589249097972,fixed service power exceeds an audited export limit
2012-09-04,65,9,634.1,83.203125,1,1,0.8,1.0495283201755572,0.999986754606448,Optimization terminated successfully
2012-09-05,66,0,634.1,83.203125,1,1,0.8,1.0498944723623842,0.999994400139675,Optimization terminated successfully
2012-09-05,66,1,634.1,83.203125,1,1,0.8,1.0498718918709735,0.9999205819388316,Optimization terminated successfully
2012-09-05,66,2,634.1,83.203125,1,1,0.8,1.049684297809108,0.9999415781898721,Optimization terminated successfully
2012-09-05,66,3,634.1,83.203125,0,0,,1.0488518865844663,0.6824178968374249,fixed service power exceeds an audited export limit
2012-09-05,66,4,634.1,83.203125,0,0,,1.048128749497026,0.7140588147726845,fixed service power exceeds an audited export limit
2012-09-05,66,5,634.1,83.203125,0,0,,1.0485298062690576,0.7039318600045145,fixed service power exceeds an audited export limit
2012-09-05,66,6,634.1,83.203125,1,1,0.8,1.0493043357927279,0.9999607112354888,Optimization terminated successfully
2012-09-05,66,7,634.1,83.203125,1,1,0.8,1.0495164327647775,0.9999922373379907,Optimization terminated successfully
2012-09-05,66,8,634.1,83.203125,0,0,,1.0484885295744555,0.6908581210679998,fixed service power exceeds an audited export limit
2012-09-05,66,9,634.1,83.203125,1,1,0.8,1.0495594534404018,0.9999874162412783,Optimization terminated successfully
2012-09-06,67,0,634.1,83.203125,1,1,0.8,1.0495555348328212,0.9999697855405955,Optimization terminated successfully
2012-09-06,67,1,634.1,83.203125,1,1,0.8,1.0496394733269043,0.9999074571580466,Optimization terminated successfully
2012-09-06,67,2,634.1,83.203125,0,0,,1.0485622645349513,0.69714554772418,fixed service power exceeds an audited export limit
2012-09-06,67,3,634.1,83.203125,0,0,,1.048843175188968,0.6700209684712458,fixed service power exceeds an audited export limit
2012-09-06,67,4,634.1,83.203125,1,1,0.8,1.0497695144521009,0.9999485499752865,Optimization terminated successfully
2012-09-06,67,5,634.1,83.203125,1,1,0.8,1.049982421767848,0.9999363517254888,Optimization terminated successfully
2012-09-06,67,6,634.1,83.203125,1,1,0.8,1.0490286238311148,0.999928771239849,Optimization terminated successfully
2012-09-06,67,7,634.1,83.203125,1,1,0.8,1.0495777948414666,0.9999778603248339,Optimization terminated successfully
2012-09-06,67,8,634.1,83.203125,1,1,0.8,1.0496198792650833,0.9999567896215995,Optimization terminated successfully
2012-09-06,67,9,634.1,83.203125,1,1,0.8,1.0492051673781668,0.9998802277659737,Optimization terminated successfully
2012-09-07,68,0,634.1,83.203125,1,1,0.8,1.0490345576421982,0.99996361066828,Optimization terminated successfully
2012-09-07,68,1,634.1,83.203125,1,1,0.8,1.0491864049758093,0.9998087832968598,Optimization terminated successfully
2012-09-07,68,2,634.1,83.203125,1,1,0.8,1.0483833733983146,0.9999879632667509,Optimization terminated successfully
2012-09-07,68,3,634.1,83.203125,1,1,0.8,1.0491189098507483,0.9999338216159005,Optimization terminated successfully
2012-09-07,68,4,634.1,83.203125,1,1,0.8,1.0487225231387234,0.9999578662781105,Optimization terminated successfully
2012-09-07,68,5,634.1,83.203125,1,1,0.8,1.0483634973729872,0.9999158975120584,Optimization terminated successfully
2012-09-07,68,6,634.1,83.203125,1,1,0.8,1.0488453814433125,0.9999866438600813,Optimization terminated successfully
2012-09-07,68,7,634.1,83.203125,1,1,0.8,1.0491846668957372,0.9999762744928783,Optimization terminated successfully
2012-09-07,68,8,634.1,83.203125,1,1,0.8,1.0484297400528277,0.9999415444990698,Optimization terminated successfully
2012-09-07,68,9,634.1,83.203125,1,1,0.8,1.0483524309601304,0.9999785069792189,Optimization terminated successfully
2012-09-08,69,0,634.1,83.203125,1,1,0.8,1.0493216917246793,0.999976298097669,Optimization terminated successfully
2012-09-08,69,1,634.1,83.203125,1,1,0.8,1.0491159557927905,0.9999156985917144,Optimization terminated successfully
2012-09-08,69,2,634.1,83.203125,0,0,,1.0481951352855838,0.6917258372488776,fixed service power exceeds an audited export limit
2012-09-08,69,3,634.1,83.203125,0,0,,1.0484040741617242,0.7097707186070217,fixed service power exceeds an audited export limit
2012-09-08,69,4,634.1,83.203125,1,1,0.8,1.0493000709334221,0.999954890647062,Optimization terminated successfully
2012-09-08,69,5,634.1,83.203125,1,1,0.8,1.049994605937707,0.9999732640195618,Optimization terminated successfully
2012-09-08,69,6,634.1,83.203125,1,1,0.8,1.049884565990757,0.9998866432055261,Optimization terminated successfully
2012-09-08,69,7,634.1,83.203125,1,1,0.8,1.049538615394989,0.9999907489652848,Optimization terminated successfully
2012-09-08,69,8,634.1,83.203125,1,1,0.8,1.0491263549970606,0.9999858316659813,Optimization terminated successfully
2012-09-08,69,9,634.1,83.203125,1,1,0.8,1.0492694248541512,0.9999825316106051,Optimization terminated successfully
2012-09-09,70,0,634.1,83.203125,1,1,0.8,1.0491665043937142,0.9998989262103509,Optimization terminated successfully
2012-09-09,70,1,634.1,83.203125,1,1,0.8,1.0486485102821108,0.9999811899374772,Optimization terminated successfully
2012-09-09,70,2,634.1,83.203125,1,1,0.8,1.0493470784532932,0.999863473746785,Optimization terminated successfully
2012-09-09,70,3,634.1,83.203125,1,1,0.8,1.0497899218514515,0.9999993552605576,Optimization terminated successfully
2012-09-09,70,4,634.1,83.203125,1,1,0.8,1.0491410777523402,0.9999941393297618,Optimization terminated successfully
2012-09-09,70,5,634.1,83.203125,0,0,,1.0482646941792952,0.7417474835292102,fixed service power exceeds an audited export limit
2012-09-09,70,6,634.1,83.203125,1,1,0.8,1.0490854768030546,0.9999490075875883,Optimization terminated successfully
2012-09-09,70,7,634.1,83.203125,1,1,0.8,1.0489283778181848,0.9999787301888167,Optimization terminated successfully
2012-09-09,70,8,634.1,83.203125,1,1,0.8,1.0492400971919813,0.9999859961902723,Optimization terminated successfully
2012-09-09,70,9,634.1,83.203125,1,1,0.8,1.049432276899213,0.9999900379336464,Optimization terminated successfully
2012-09-10,71,0,634.1,83.203125,1,1,0.8,1.0497355155729475,0.9999224163362584,Optimization terminated successfully
2012-09-10,71,1,634.1,83.203125,1,1,0.8,1.0497125555397409,0.9999944354351189,Optimization terminated successfully
2012-09-10,71,2,634.1,83.203125,1,1,0.8,1.0499924007134094,0.9999735280947032,Optimization terminated successfully
2012-09-10,71,3,634.1,83.203125,0,0,,1.0487620618419853,0.7017990766844905,fixed service power exceeds an audited export limit
2012-09-10,71,4,634.1,83.203125,0,0,,1.0483083979598966,0.7024966368724415,fixed service power exceeds an audited export limit
2012-09-10,71,5,634.1,83.203125,0,0,,1.048703307806888,0.7321794820438456,fixed service power exceeds an audited export limit
2012-09-10,71,6,634.1,83.203125,1,1,0.8,1.0496710448368705,0.9999788149412746,Optimization terminated successfully
2012-09-10,71,7,634.1,83.203125,0,0,,1.0483054270087018,0.6996005776625914,fixed service power exceeds an audited export limit
2012-09-10,71,8,634.1,83.203125,0,0,,1.0482608650154999,0.7080555054542114,fixed service power exceeds an audited export limit
2012-09-10,71,9,634.1,83.203125,1,1,0.8,1.0496334577879298,0.9999711270724142,Optimization terminated successfully
2012-09-11,72,0,634.1,83.203125,1,1,0.8,1.0492102942062846,0.9999616331662872,Optimization terminated successfully
2012-09-11,72,1,634.1,83.203125,1,1,0.8,1.049073943692103,0.9998924349680293,Optimization terminated successfully
2012-09-11,72,2,634.1,83.203125,1,1,0.8,1.0499147900036412,0.9998958775536748,Optimization terminated successfully
2012-09-11,72,3,634.1,83.203125,0,0,,1.0480376853829052,0.6719437658028653,fixed service power exceeds an audited export limit
2012-09-11,72,4,634.1,83.203125,1,1,0.8,1.0495076656057063,0.9999701398537563,Optimization terminated successfully
2012-09-11,72,5,634.1,83.203125,1,1,0.8,1.0494896634021185,0.9999375319967486,Optimization terminated successfully
2012-09-11,72,6,634.1,83.203125,1,1,0.8,1.0490873073208684,0.9999198528022248,Optimization terminated successfully
2012-09-11,72,7,634.1,83.203125,1,1,0.8,1.049759959940721,0.9999804869634895,Optimization terminated successfully
2012-09-11,72,8,634.1,83.203125,1,1,0.8,1.0494133461718298,0.9999789160616651,Optimization terminated successfully
2012-09-11,72,9,634.1,83.203125,1,1,0.8,1.048863438077069,0.9999734494111318,Optimization terminated successfully
2012-09-12,73,0,634.1,83.203125,1,1,0.8,1.049625826515214,0.9999804032935958,Optimization terminated successfully
2012-09-12,73,1,634.1,83.203125,1,1,0.8,1.0493057093797806,0.9999569436490244,Optimization terminated successfully
2012-09-12,73,2,634.1,83.203125,1,1,0.8,1.0497885820633217,0.9999130193103822,Optimization terminated successfully
2012-09-12,73,3,634.1,83.203125,0,0,,1.0482049621378635,0.6688593428741647,fixed service power exceeds an audited export limit
2012-09-12,73,4,634.1,83.203125,1,1,0.8,1.0496797475010227,0.9999453033855861,Optimization terminated successfully
2012-09-12,73,5,634.1,83.203125,0,0,,1.0482789753173893,0.7249941899534988,fixed service power exceeds an audited export limit
2012-09-12,73,6,634.1,83.203125,1,1,0.8,1.049472567168251,0.9999030424210027,Optimization terminated successfully
2012-09-12,73,7,634.1,83.203125,1,1,0.8,1.049910270708441,0.9999882362749363,Optimization terminated successfully
2012-09-12,73,8,634.1,83.203125,0,0,,1.0482639154657145,0.7155069113542755,fixed service power exceeds an audited export limit
2012-09-12,73,9,634.1,83.203125,1,1,0.8,1.0495038148732474,0.9999267299223901,Optimization terminated successfully
2012-09-13,74,0,634.1,83.203125,1,1,0.8,1.047411947718711,0.9999837719028714,Optimization terminated successfully
2012-09-13,74,1,634.1,83.203125,1,1,0.8,1.0476531510079914,0.9999957942278338,Optimization terminated successfully
2012-09-13,74,2,634.1,83.203125,1,1,0.8,1.0475975963276642,0.9999927513606489,Optimization terminated successfully
2012-09-13,74,3,634.1,83.203125,1,1,0.8,1.0478954249676846,0.9999455101850221,Optimization terminated successfully
2012-09-13,74,4,634.1,83.203125,1,1,0.8,1.0478632089008713,0.9999851160312143,Optimization terminated successfully
2012-09-13,74,5,634.1,83.203125,1,1,0.8,1.0475843158554259,0.9999714216505626,Optimization terminated successfully
2012-09-13,74,6,634.1,83.203125,1,1,0.8,1.0477923928561546,0.9998124573540945,Optimization terminated successfully
2012-09-13,74,7,634.1,83.203125,1,1,0.8,1.0477894727532502,0.9999876466523243,Optimization terminated successfully
2012-09-13,74,8,634.1,83.203125,1,1,0.8,1.0479828288090856,0.9999638716290324,Optimization terminated successfully
2012-09-13,74,9,634.1,83.203125,1,1,0.8,1.047520225392814,0.9999623509472778,Optimization terminated successfully
2012-09-14,75,0,634.1,83.203125,1,1,0.8,1.0497034545441533,0.999998087473456,Optimization terminated successfully
2012-09-14,75,1,634.1,83.203125,1,1,0.8,1.0492411906779386,0.9999693861547493,Optimization terminated successfully
2012-09-14,75,2,634.1,83.203125,1,1,0.8,1.0496242507193136,0.9999719450219127,Optimization terminated successfully
2012-09-14,75,3,634.1,83.203125,0,0,,1.0488755117477018,0.7069162393332585,fixed service power exceeds an audited export limit
2012-09-14,75,4,634.1,83.203125,0,0,,1.0481791546196602,0.7528620911235493,fixed service power exceeds an audited export limit
2012-09-14,75,5,634.1,83.203125,0,0,,1.0484198506363671,0.7240232969772303,fixed service power exceeds an audited export limit
2012-09-14,75,6,634.1,83.203125,1,1,0.8,1.0493849148982544,0.9999944204034041,Optimization terminated successfully
2012-09-14,75,7,634.1,83.203125,0,0,,1.0480927268831868,0.7268801338008211,fixed service power exceeds an audited export limit
2012-09-14,75,8,634.1,83.203125,1,1,0.8,1.0498456991344303,0.9999567365046174,Optimization terminated successfully
2012-09-14,75,9,634.1,83.203125,1,1,0.8,1.0494900839259962,0.9999939621414347,Optimization terminated successfully
2012-09-15,76,0,634.1,83.203125,1,1,0.8,1.0487955332153152,0.9999085237570048,Optimization terminated successfully
2012-09-15,76,1,634.1,83.203125,1,1,0.8,1.0485083759885228,0.9999448902847852,Optimization terminated successfully
2012-09-15,76,2,634.1,83.203125,1,1,0.8,1.0492517525577567,0.9999802185192996,Optimization terminated successfully
2012-09-15,76,3,634.1,83.203125,1,1,0.8,1.0495611505783689,0.9999711455737823,Optimization terminated successfully
2012-09-15,76,4,634.1,83.203125,1,1,0.8,1.0487597678308842,0.9999703183376989,Optimization terminated successfully
2012-09-15,76,5,634.1,83.203125,1,1,0.8,1.0495166117204622,0.9999258470877416,Optimization terminated successfully
2012-09-15,76,6,634.1,83.203125,1,1,0.8,1.048312592977958,0.999971529797386,Optimization terminated successfully
2012-09-15,76,7,634.1,83.203125,1,1,0.8,1.0483944822982827,0.9999047323163804,Optimization terminated successfully
2012-09-15,76,8,634.1,83.203125,1,1,0.8,1.0488527535936423,0.9999440270477484,Optimization terminated successfully
2012-09-15,76,9,634.1,83.203125,1,1,0.8,1.0490499955131898,0.9999780008587951,Optimization terminated successfully
2012-09-16,77,0,634.1,83.203125,1,1,0.8,1.0492978668603765,0.9999262724415128,Optimization terminated successfully
2012-09-16,77,1,634.1,83.203125,1,1,0.8,1.0493796279998766,0.9998871760386956,Optimization terminated successfully
2012-09-16,77,2,634.1,83.203125,1,1,0.8,1.0496916734718489,0.9999844021819717,Optimization terminated successfully
2012-09-16,77,3,634.1,83.203125,1,1,0.8,1.049019840951715,0.9999665791052922,Optimization terminated successfully
2012-09-16,77,4,634.1,83.203125,1,1,0.8,1.0494252262749972,0.999854363755905,Optimization terminated successfully
2012-09-16,77,5,634.1,83.203125,1,1,0.8,1.0499999272560205,0.9999867855632579,Optimization terminated successfully
2012-09-16,77,6,634.1,83.203125,1,1,0.8,1.0489549970467564,0.9999949659512966,Optimization terminated successfully
2012-09-16,77,7,634.1,83.203125,1,1,0.8,1.0493050125697492,0.9998570712545725,Optimization terminated successfully
2012-09-16,77,8,634.1,83.203125,0,0,,1.0480437251949792,0.6997087659373481,fixed service power exceeds an audited export limit
2012-09-16,77,9,634.1,83.203125,1,1,0.8,1.048902557321972,0.9999949675173878,Optimization terminated successfully
2012-09-17,78,0,634.1,83.203125,1,1,0.8,1.0483609154019586,0.9999838294306451,Optimization terminated successfully
2012-09-17,78,1,634.1,83.203125,1,1,0.8,1.0484054106033327,0.9999639065589782,Optimization terminated successfully
2012-09-17,78,2,634.1,83.203125,1,1,0.8,1.048769256887116,0.9999833290939457,Optimization terminated successfully
2012-09-17,78,3,634.1,83.203125,1,1,0.8,1.0493338618694013,0.9999763392060566,Optimization terminated successfully
2012-09-17,78,4,634.1,83.203125,1,1,0.8,1.0483127754997796,0.9999142307352132,Optimization terminated successfully
2012-09-17,78,5,634.1,83.203125,1,1,0.8,1.0493050320167348,0.9999358903035269,Optimization terminated successfully
2012-09-17,78,6,634.1,83.203125,1,1,0.8,1.0483528755626075,0.9999299506282848,Optimization terminated successfully
2012-09-17,78,7,634.1,83.203125,1,1,0.8,1.0486032573235855,0.9999761333566859,Optimization terminated successfully
2012-09-17,78,8,634.1,83.203125,1,1,0.8,1.0489580925808233,0.9999881221327315,Optimization terminated successfully
2012-09-17,78,9,634.1,83.203125,1,1,0.8,1.048246855272331,0.9999635844755425,Optimization terminated successfully
2012-09-18,79,0,634.1,83.203125,0,0,,1.0480696161826966,0.8472061648631388,fixed service power exceeds an audited export limit
2012-09-18,79,1,634.1,83.203125,1,1,0.8,1.0493628414263232,0.9999522885427156,Optimization terminated successfully
2012-09-18,79,2,634.1,83.203125,0,0,,1.0486616767644619,0.6925375669965801,fixed service power exceeds an audited export limit
2012-09-18,79,3,634.1,83.203125,0,0,,1.0484677420931012,0.7208295589765767,fixed service power exceeds an audited export limit
2012-09-18,79,4,634.1,83.203125,1,1,0.8,1.0498781229827776,0.9999875615682577,Optimization terminated successfully
2012-09-18,79,5,634.1,83.203125,0,0,,1.048170333052327,0.7378870179962722,fixed service power exceeds an audited export limit
2012-09-18,79,6,634.1,83.203125,1,1,0.8,1.0495355168525538,0.9999871696103504,Optimization terminated successfully
2012-09-18,79,7,634.1,83.203125,0,0,,1.0482887586016498,0.6996238901422916,fixed service power exceeds an audited export limit
2012-09-18,79,8,634.1,83.203125,0,0,,1.0484158327362907,0.7021106462687223,fixed service power exceeds an audited export limit
2012-09-18,79,9,634.1,83.203125,1,1,0.8,1.0494669334391018,0.9999810417964019,Optimization terminated successfully
2012-09-19,80,0,634.1,83.203125,1,1,0.8,1.049040343198409,0.9999182873194269,Optimization terminated successfully
2012-09-19,80,1,634.1,83.203125,1,1,0.8,1.048840931242643,0.9999275946649858,Optimization terminated successfully
2012-09-19,80,2,634.1,83.203125,1,1,0.8,1.0496388409485624,0.9999591321671812,Optimization terminated successfully
2012-09-19,80,3,634.1,83.203125,1,1,0.8,1.049753071854455,0.9999244241316916,Optimization terminated successfully
2012-09-19,80,4,634.1,83.203125,1,1,0.8,1.0491443360390578,0.9999827678026956,Optimization terminated successfully
2012-09-19,80,5,634.1,83.203125,1,1,0.8,1.0497505273046726,0.9999885275758167,Optimization terminated successfully
2012-09-19,80,6,634.1,83.203125,1,1,0.8,1.0486392721780495,0.9999833716205161,Optimization terminated successfully
2012-09-19,80,7,634.1,83.203125,1,1,0.8,1.0495740253166688,0.9999893218300356,Optimization terminated successfully
2012-09-19,80,8,634.1,83.203125,1,1,0.8,1.0498328134907313,0.9998242491594314,Optimization terminated successfully
2012-09-19,80,9,634.1,83.203125,1,1,0.8,1.049160405052656,0.9999859460897873,Optimization terminated successfully
2012-09-20,81,0,634.1,83.203125,0,0,,1.04815429679317,0.8164683486042654,fixed service power exceeds an audited export limit
2012-09-20,81,1,634.1,83.203125,1,1,0.8,1.0496641816380181,0.9999866582984799,Optimization terminated successfully
2012-09-20,81,2,634.1,83.203125,0,0,,1.0483775172077219,0.7036273627260116,fixed service power exceeds an audited export limit
2012-09-20,81,3,634.1,83.203125,0,0,,1.0485524714712335,0.6895900618174311,fixed service power exceeds an audited export limit
2012-09-20,81,4,634.1,83.203125,1,1,0.8,1.0496136393283086,0.9999246258596886,Optimization terminated successfully
2012-09-20,81,5,634.1,83.203125,0,0,,1.048611392597591,0.729440712277677,fixed service power exceeds an audited export limit
2012-09-20,81,6,634.1,83.203125,1,1,0.8,1.0491545435081617,0.9999896844958458,Optimization terminated successfully
2012-09-20,81,7,634.1,83.203125,1,1,0.8,1.049837712470712,0.9999701103014901,Optimization terminated successfully
2012-09-20,81,8,634.1,83.203125,0,0,,1.0483782663196273,0.6857930123591012,fixed service power exceeds an audited export limit
2012-09-20,81,9,634.1,83.203125,1,1,0.8,1.0494529254134548,0.9999247128265484,Optimization terminated successfully
2012-09-21,82,0,634.1,83.203125,1,1,0.8,1.0488671626537618,0.9999729662304961,Optimization terminated successfully
2012-09-21,82,1,634.1,83.203125,1,1,0.8,1.0487045963449992,0.9999977691628044,Optimization terminated successfully
2012-09-21,82,2,634.1,83.203125,1,1,0.8,1.0493972878400208,0.9999660223435168,Optimization terminated successfully
2012-09-21,82,3,634.1,83.203125,1,1,0.8,1.04985495407534,0.9999809923615192,Optimization terminated successfully
2012-09-21,82,4,634.1,83.203125,1,1,0.8,1.049197443082315,0.9999838490972631,Optimization terminated successfully
2012-09-21,82,5,634.1,83.203125,1,1,0.8,1.0495488315363029,0.9999965235692536,Optimization terminated successfully
2012-09-21,82,6,634.1,83.203125,1,1,0.8,1.048827988764873,0.9999485458461326,Optimization terminated successfully
2012-09-21,82,7,634.1,83.203125,1,1,0.8,1.0490744390314162,0.9999970555488154,Optimization terminated successfully
2012-09-21,82,8,634.1,83.203125,1,1,0.8,1.049226330313389,0.999961377888524,Optimization terminated successfully
2012-09-21,82,9,634.1,83.203125,1,1,0.8,1.0485647292525866,0.9999453964572113,Optimization terminated successfully
2012-09-22,83,0,634.1,83.203125,1,1,0.8,1.0488970332277237,0.9999914776218549,Optimization terminated successfully
2012-09-22,83,1,634.1,83.203125,1,1,0.8,1.0488690952723054,0.9999443556080163,Optimization terminated successfully
2012-09-22,83,2,634.1,83.203125,0,0,,1.0481683758955285,0.6686997494850989,fixed service power exceeds an audited export limit
2012-09-22,83,3,634.1,83.203125,0,0,,1.0482956924632367,0.6789416085718958,fixed service power exceeds an audited export limit
2012-09-22,83,4,634.1,83.203125,1,1,0.8,1.0490818309484389,0.9999524863276527,Optimization terminated successfully
2012-09-22,83,5,634.1,83.203125,0,0,,1.0481928114518029,0.7281303632590458,fixed service power exceeds an audited export limit
2012-09-22,83,6,634.1,83.203125,1,1,0.8,1.048992826759621,0.9999826595148834,Optimization terminated successfully
2012-09-22,83,7,634.1,83.203125,1,1,0.8,1.0487320888071947,0.9998927032394768,Optimization terminated successfully
2012-09-22,83,8,634.1,83.203125,1,1,0.8,1.0496686064483214,0.9999438630467168,Optimization terminated successfully
2012-09-22,83,9,634.1,83.203125,1,1,0.8,1.048887861167974,0.9999941538431519,Optimization terminated successfully
2012-09-23,84,0,634.1,83.203125,1,1,0.8,1.0492535339405022,0.9999994727646581,Optimization terminated successfully
2012-09-23,84,1,634.1,83.203125,1,1,0.8,1.0492312889824509,1.0000002750423964,Optimization terminated successfully
2012-09-23,84,2,634.1,83.203125,0,0,,1.04814508939223,0.6752689552327132,fixed service power exceeds an audited export limit
2012-09-23,84,3,634.1,83.203125,1,1,0.8,1.049965358441951,0.9998390668902626,Optimization terminated successfully
2012-09-23,84,4,634.1,83.203125,1,1,0.8,1.0491373946605627,0.999896001793927,Optimization terminated successfully
2012-09-23,84,5,634.1,83.203125,1,1,0.8,1.0491377442006065,0.9999846220562607,Optimization terminated successfully
2012-09-23,84,6,634.1,83.203125,1,1,0.8,1.0490133287246908,0.9999442589637484,Optimization terminated successfully
2012-09-23,84,7,634.1,83.203125,1,1,0.8,1.0497776898808069,0.9999582822389227,Optimization terminated successfully
2012-09-23,84,8,634.1,83.203125,1,1,0.8,1.0495384132944217,0.9998796464092438,Optimization terminated successfully
2012-09-23,84,9,634.1,83.203125,1,1,0.8,1.0492195177377444,0.9998930681832049,Optimization terminated successfully
2012-09-24,85,0,634.1,83.203125,1,1,0.8,1.0492664054045604,0.999995931851948,Optimization terminated successfully
2012-09-24,85,1,634.1,83.203125,1,1,0.8,1.0495422712126665,0.9999941928553338,Optimization terminated successfully
2012-09-24,85,2,634.1,83.203125,1,1,0.8,1.0495928773059273,0.9998688609181251,Optimization terminated successfully
2012-09-24,85,3,634.1,83.203125,0,0,,1.048805658538487,0.6682516136429864,fixed service power exceeds an audited export limit
2012-09-24,85,4,634.1,83.203125,1,1,0.8,1.0499000403192895,0.9999635810363479,Optimization terminated successfully
2012-09-24,85,5,634.1,83.203125,0,0,,1.0488410336642244,0.7272852803877865,fixed service power exceeds an audited export limit
2012-09-24,85,6,634.1,83.203125,1,1,0.8,1.0497701998159168,0.9999597493638741,Optimization terminated successfully
2012-09-24,85,7,634.1,83.203125,0,0,,1.0482040681373783,0.72511544162804,fixed service power exceeds an audited export limit
2012-09-24,85,8,634.1,83.203125,0,0,,1.04866881519015,0.6910738711641433,fixed service power exceeds an audited export limit
2012-09-24,85,9,634.1,83.203125,1,1,0.8,1.0496142750682005,0.9999568436110065,Optimization terminated successfully
2012-09-25,86,0,634.1,83.203125,1,1,0.8,1.0484843625092926,0.999923575265859,Optimization terminated successfully
2012-09-25,86,1,634.1,83.203125,1,1,0.8,1.0484483394237765,0.9999453589424391,Optimization terminated successfully
2012-09-25,86,2,634.1,83.203125,1,1,0.8,1.0483148452937787,0.9999398137959157,Optimization terminated successfully
2012-09-25,86,3,634.1,83.203125,1,1,0.8,1.0488469829429357,0.9997921918987396,Optimization terminated successfully
2012-09-25,86,4,634.1,83.203125,1,1,0.8,1.0483625479146854,0.9999936257889307,Optimization terminated successfully
2012-09-25,86,5,634.1,83.203125,1,1,0.8,1.0491155304694118,0.999855499832786,Optimization terminated successfully
2012-09-25,86,6,634.1,83.203125,1,1,0.8,1.0482937594998554,0.9999336889523028,Optimization terminated successfully
2012-09-25,86,7,634.1,83.203125,1,1,0.8,1.048619212788047,0.9999408618007967,Optimization terminated successfully
2012-09-25,86,8,634.1,83.203125,1,1,0.8,1.0484842233571088,0.9999875009451212,Optimization terminated successfully
2012-09-25,86,9,634.1,83.203125,1,1,0.8,1.0478026686139534,0.99987062102828,Optimization terminated successfully
2012-09-26,87,0,634.1,83.203125,1,1,0.8,1.0492117151062275,0.9999486589016101,Optimization terminated successfully
2012-09-26,87,1,634.1,83.203125,1,1,0.8,1.0495141294737171,0.9999799465293003,Optimization terminated successfully
2012-09-26,87,2,634.1,83.203125,0,0,,1.0483045113624634,0.6638478990415461,fixed service power exceeds an audited export limit
2012-09-26,87,3,634.1,83.203125,0,0,,1.0482917889370027,0.6714062232433905,fixed service power exceeds an audited export limit
2012-09-26,87,4,634.1,83.203125,1,1,0.8,1.049253949798176,0.9999966736708491,Optimization terminated successfully
2012-09-26,87,5,634.1,83.203125,1,1,0.8,1.0499903632402212,0.9998526148735688,Optimization terminated successfully
2012-09-26,87,6,634.1,83.203125,1,1,0.8,1.0495115095594834,0.9999542213555944,Optimization terminated successfully
2012-09-26,87,7,634.1,83.203125,0,0,,1.0480804357216622,0.6932207306562534,fixed service power exceeds an audited export limit
2012-09-26,87,8,634.1,83.203125,1,1,0.8,1.0491732118090862,0.999952902103831,Optimization terminated successfully
2012-09-26,87,9,634.1,83.203125,1,1,0.8,1.0492983120891703,0.9999309061566309,Optimization terminated successfully
2012-09-27,88,0,634.1,83.203125,1,1,0.8,1.049249301217086,0.9999614087839354,Optimization terminated successfully
2012-09-27,88,1,634.1,83.203125,1,1,0.8,1.0494425508449756,0.9999744326674668,Optimization terminated successfully
2012-09-27,88,2,634.1,83.203125,1,1,0.8,1.0497257273342602,0.9998997814068843,Optimization terminated successfully
2012-09-27,88,3,634.1,83.203125,1,1,0.8,1.0495500200473489,0.9999510408753166,Optimization terminated successfully
2012-09-27,88,4,634.1,83.203125,1,1,0.8,1.0494376708786128,0.9999230559833561,Optimization terminated successfully
2012-09-27,88,5,634.1,83.203125,1,1,0.8,1.0499291776796704,0.9999600043405389,Optimization terminated successfully
2012-09-27,88,6,634.1,83.203125,1,1,0.8,1.0492795828746642,0.9999192994816842,Optimization terminated successfully
2012-09-27,88,7,634.1,83.203125,1,1,0.8,1.0492723926816543,0.9999657802899852,Optimization terminated successfully
2012-09-27,88,8,634.1,83.203125,1,1,0.8,1.0497669835339203,0.9999928596209705,Optimization terminated successfully
2012-09-27,88,9,634.1,83.203125,1,1,0.8,1.0491629763155255,0.9999239245630966,Optimization terminated successfully
2012-09-28,89,0,634.1,83.203125,1,1,0.8,1.0491751260081295,0.9998854976836644,Optimization terminated successfully
2012-09-28,89,1,634.1,83.203125,1,1,0.8,1.0488763655824282,0.999963914577015,Optimization terminated successfully
2012-09-28,89,2,634.1,83.203125,1,1,0.8,1.0498796298792643,0.9997222718359025,Optimization terminated successfully
2012-09-28,89,3,634.1,83.203125,1,1,0.8,1.049905323562481,0.9999710100688104,Optimization terminated successfully
2012-09-28,89,4,634.1,83.203125,1,1,0.8,1.048678583986274,0.9999745781247203,Optimization terminated successfully
2012-09-28,89,5,634.1,83.203125,1,1,0.8,1.0496838659253676,0.999940381694066,Optimization terminated successfully
2012-09-28,89,6,634.1,83.203125,1,1,0.8,1.0491797767304134,0.9998943408597127,Optimization terminated successfully
2012-09-28,89,7,634.1,83.203125,1,1,0.8,1.0493052430497756,0.9999688034912279,Optimization terminated successfully
2012-09-28,89,8,634.1,83.203125,1,1,0.8,1.0490010807253083,0.9999342299436647,Optimization terminated successfully
2012-09-28,89,9,634.1,83.203125,1,1,0.8,1.048674198073642,0.9999422388076129,Optimization terminated successfully
2012-09-29,90,0,634.1,83.203125,1,1,0.8,1.0490427071918922,0.9998898321857123,Optimization terminated successfully
2012-09-29,90,1,634.1,83.203125,1,1,0.8,1.0486549418292939,0.999973152112448,Optimization terminated successfully
2012-09-29,90,2,634.1,83.203125,1,1,0.8,1.049576416058403,0.9999990111489953,Optimization terminated successfully
2012-09-29,90,3,634.1,83.203125,1,1,0.8,1.0490759855018945,0.9999527687606887,Optimization terminated successfully
2012-09-29,90,4,634.1,83.203125,1,1,0.8,1.0482261002464643,0.9999928961186861,Optimization terminated successfully
2012-09-29,90,5,634.1,83.203125,1,1,0.8,1.0496964277956473,0.9999910049462848,Optimization terminated successfully
2012-09-29,90,6,634.1,83.203125,1,1,0.8,1.0489730968108253,0.9999161714588553,Optimization terminated successfully
2012-09-29,90,7,634.1,83.203125,1,1,0.8,1.0493081226927023,0.9998841862357076,Optimization terminated successfully
2012-09-29,90,8,634.1,83.203125,1,1,0.8,1.0492725452902036,0.999908538118671,Optimization terminated successfully
2012-09-29,90,9,634.1,83.203125,1,1,0.8,1.0490880413515313,0.9999363378512215,Optimization terminated successfully
2012-09-30,91,0,634.1,83.203125,1,1,0.8,1.0498067500653367,0.9999745987109558,Optimization terminated successfully
2012-09-30,91,1,634.1,83.203125,1,1,0.8,1.0495333642208433,0.9999582449902992,Optimization terminated successfully
2012-09-30,91,2,634.1,83.203125,0,0,,1.0483076383231158,0.6452542784640565,fixed service power exceeds an audited export limit
2012-09-30,91,3,634.1,83.203125,0,0,,1.0480606069209675,0.7033388003096772,fixed service power exceeds an audited export limit
2012-09-30,91,4,634.1,83.203125,1,1,0.8,1.049515016607777,0.9999538101261221,Optimization terminated successfully
2012-09-30,91,5,634.1,83.203125,1,1,0.8,1.0495341413055608,0.9999960371117341,Optimization terminated successfully
2012-09-30,91,6,634.1,83.203125,1,1,0.8,1.0489958208535217,0.999921806970296,Optimization terminated successfully
2012-09-30,91,7,634.1,83.203125,0,0,,1.0481149320829948,0.691279541772748,fixed service power exceeds an audited export limit
2012-09-30,91,8,634.1,83.203125,1,1,0.8,1.0495035445804966,0.9999265331357157,Optimization terminated successfully
2012-09-30,91,9,634.1,83.203125,1,1,0.8,1.049280489122999,0.9999938606253682,Optimization terminated successfully
2012-10-01,92,0,634.1,83.203125,1,1,0.8,1.048761688911554,0.9999888789412367,Optimization terminated successfully
2012-10-01,92,1,634.1,83.203125,1,1,0.8,1.0486104886631384,0.9999181244873641,Optimization terminated successfully
2012-10-01,92,2,634.1,83.203125,1,1,0.8,1.0496594766730958,0.9999579174085887,Optimization terminated successfully
2012-10-01,92,3,634.1,83.203125,1,1,0.8,1.0493343894657206,0.9999306823682171,Optimization terminated successfully
2012-10-01,92,4,634.1,83.203125,1,1,0.8,1.0482692124179922,0.9999768542397417,Optimization terminated successfully
2012-10-01,92,5,634.1,83.203125,1,1,0.8,1.0491898302290512,0.9999813457864447,Optimization terminated successfully
2012-10-01,92,6,634.1,83.203125,1,1,0.8,1.0487191403537661,0.9999940508812857,Optimization terminated successfully
2012-10-01,92,7,634.1,83.203125,1,1,0.8,1.0486612707792995,0.9999933834655645,Optimization terminated successfully
2012-10-01,92,8,634.1,83.203125,1,1,0.8,1.049087448729147,0.9999739053102128,Optimization terminated successfully
2012-10-01,92,9,634.1,83.203125,1,1,0.8,1.0487540974815732,0.9999733004276514,Optimization terminated successfully
2012-10-02,93,0,634.1,83.203125,1,1,0.8,1.0497246786914165,0.999906177775581,Optimization terminated successfully
2012-10-02,93,1,634.1,83.203125,1,1,0.8,1.0493295369352273,0.999979118511707,Optimization terminated successfully
2012-10-02,93,2,634.1,83.203125,0,0,,1.0480868841745206,0.6859549055733186,fixed service power exceeds an audited export limit
2012-10-02,93,3,634.1,83.203125,1,1,0.8,1.049943398471125,0.999983620087337,Optimization terminated successfully
2012-10-02,93,4,634.1,83.203125,1,1,0.8,1.0497985806387784,0.9999865702236505,Optimization terminated successfully
2012-10-02,93,5,634.1,83.203125,0,0,,1.0485674460304515,0.716384359545192,fixed service power exceeds an audited export limit
2012-10-02,93,6,634.1,83.203125,1,1,0.8,1.0494115615432498,0.9999229916912196,Optimization terminated successfully
2012-10-02,93,7,634.1,83.203125,0,0,,1.0481512535368642,0.7002300285161014,fixed service power exceeds an audited export limit
2012-10-02,93,8,634.1,83.203125,0,0,,1.048581769372901,0.6789216786774033,fixed service power exceeds an audited export limit
2012-10-02,93,9,634.1,83.203125,1,1,0.8,1.04963498152574,0.9999849068140028,Optimization terminated successfully
2012-10-03,94,0,634.1,83.203125,1,1,0.8,1.0497007518807047,0.9999787757466605,Optimization terminated successfully
2012-10-03,94,1,634.1,83.203125,1,1,0.8,1.0493539076824365,0.9999625502943009,Optimization terminated successfully
2012-10-03,94,2,634.1,83.203125,0,0,,1.0484092987064182,0.6720775345376039,fixed service power exceeds an audited export limit
2012-10-03,94,3,634.1,83.203125,0,0,,1.048334871996985,0.6695649362482456,fixed service power exceeds an audited export limit
2012-10-03,94,4,634.1,83.203125,1,1,0.8,1.0492629479410667,0.9999699340447199,Optimization terminated successfully
2012-10-03,94,5,634.1,83.203125,0,0,,1.0486143149586236,0.7111803610309282,fixed service power exceeds an audited export limit
2012-10-03,94,6,634.1,83.203125,1,1,0.8,1.0496231260315638,0.9998921064248434,Optimization terminated successfully
2012-10-03,94,7,634.1,83.203125,1,1,0.8,1.0499173739562553,0.9999129338567493,Optimization terminated successfully
2012-10-03,94,8,634.1,83.203125,1,1,0.8,1.0499933428484156,0.9999145946578102,Optimization terminated successfully
2012-10-03,94,9,634.1,83.203125,1,1,0.8,1.0499424792102847,0.9999882491311921,Optimization terminated successfully
2012-10-04,95,0,634.1,83.203125,1,1,0.8,1.0496913390642615,0.9999753427557169,Optimization terminated successfully
2012-10-04,95,1,634.1,83.203125,1,1,0.8,1.0490517711578773,0.999995190239749,Optimization terminated successfully
2012-10-04,95,2,634.1,83.203125,0,0,,1.0481831328263935,0.6732964025132067,fixed service power exceeds an audited export limit
2012-10-04,95,3,634.1,83.203125,0,0,,1.0482056483967015,0.6516222504827209,fixed service power exceeds an audited export limit
2012-10-04,95,4,634.1,83.203125,1,1,0.8,1.0488480674903615,0.9999476466996354,Optimization terminated successfully
2012-10-04,95,5,634.1,83.203125,0,0,,1.048532186141185,0.705283555352564,fixed service power exceeds an audited export limit
2012-10-04,95,6,634.1,83.203125,1,1,0.8,1.0494918962235218,0.999874138636461,Optimization terminated successfully
2012-10-04,95,7,634.1,83.203125,1,1,0.8,1.0495980984427715,0.9999973696408426,Optimization terminated successfully
2012-10-04,95,8,634.1,83.203125,1,1,0.8,1.0498639915189054,0.9999278836473566,Optimization terminated successfully
2012-10-04,95,9,634.1,83.203125,1,1,0.8,1.0491501242708794,0.9999910974178938,Optimization terminated successfully
2012-10-05,96,0,634.1,83.203125,1,1,0.8,1.049053400462303,0.9999745043409287,Optimization terminated successfully
2012-10-05,96,1,634.1,83.203125,1,1,0.8,1.0491072240527999,0.9998840617795131,Optimization terminated successfully
2012-10-05,96,2,634.1,83.203125,1,1,0.8,1.0497100325846034,0.999879164823313,Optimization terminated successfully
2012-10-05,96,3,634.1,83.203125,1,1,0.8,1.0497590460086927,0.9999529649957803,Optimization terminated successfully
2012-10-05,96,4,634.1,83.203125,1,1,0.8,1.0492535785112647,0.999967969309559,Optimization terminated successfully
2012-10-05,96,5,634.1,83.203125,1,1,0.8,1.0494688857582923,0.999913535428976,Optimization terminated successfully
2012-10-05,96,6,634.1,83.203125,1,1,0.8,1.0491157742570205,0.9998971765143373,Optimization terminated successfully
2012-10-05,96,7,634.1,83.203125,1,1,0.8,1.0489692038207303,0.9999827396600098,Optimization terminated successfully
2012-10-05,96,8,634.1,83.203125,1,1,0.8,1.0483811431866255,0.9999915113563865,Optimization terminated successfully
2012-10-05,96,9,634.1,83.203125,1,1,0.8,1.0492117393403404,0.9999830809545335,Optimization terminated successfully
2012-10-06,97,0,634.1,83.203125,1,1,0.8,1.0478909263148533,0.9999009523800407,Optimization terminated successfully
2012-10-06,97,1,634.1,83.203125,1,1,0.8,1.0479695844155517,0.9999899867069002,Optimization terminated successfully
2012-10-06,97,2,634.1,83.203125,1,1,0.8,1.047883624047728,0.9999775830172162,Optimization terminated successfully
2012-10-06,97,3,634.1,83.203125,1,1,0.8,1.0481708206605305,0.9999538363322327,Optimization terminated successfully
2012-10-06,97,4,634.1,83.203125,1,1,0.8,1.0479636609752176,0.9999959256514478,Optimization terminated successfully
2012-10-06,97,5,634.1,83.203125,1,1,0.8,1.048316937149903,0.9999139512514976,Optimization terminated successfully
2012-10-06,97,6,634.1,83.203125,1,1,0.8,1.048138382252889,0.9999481225395641,Optimization terminated successfully
2012-10-06,97,7,634.1,83.203125,1,1,0.8,1.0478648168326699,0.9999986799934512,Optimization terminated successfully
2012-10-06,97,8,634.1,83.203125,1,1,0.8,1.048225383726455,0.9999413268231677,Optimization terminated successfully
2012-10-06,97,9,634.1,83.203125,1,1,0.8,1.0478567714127671,0.9999746172040402,Optimization terminated successfully
2012-10-07,98,0,634.1,83.203125,1,1,0.8,1.0497955111651356,0.9999795728243547,Optimization terminated successfully
2012-10-07,98,1,634.1,83.203125,1,1,0.8,1.0490504317176652,0.9999901450326341,Optimization terminated successfully
2012-10-07,98,2,634.1,83.203125,1,1,0.8,1.0495936247990874,0.9999503333455403,Optimization terminated successfully
2012-10-07,98,3,634.1,83.203125,0,0,,1.0483334133829068,0.6737919413490023,fixed service power exceeds an audited export limit
2012-10-07,98,4,634.1,83.203125,1,1,0.8,1.0490057479202,0.9999908644649398,Optimization terminated successfully
2012-10-07,98,5,634.1,83.203125,0,0,,1.0487741529885222,0.7397104661259274,fixed service power exceeds an audited export limit
2012-10-07,98,6,634.1,83.203125,1,1,0.8,1.0486873625463595,0.9999121400313634,Optimization terminated successfully
2012-10-07,98,7,634.1,83.203125,1,1,0.8,1.0499117410207308,0.9999746505371186,Optimization terminated successfully
2012-10-07,98,8,634.1,83.203125,1,1,0.8,1.0498415840012087,0.9999056146329937,Optimization terminated successfully
2012-10-07,98,9,634.1,83.203125,1,1,0.8,1.049320080404162,0.9999693065894167,Optimization terminated successfully
2012-10-08,99,0,634.1,83.203125,1,1,0.8,1.0488394589247094,0.9999995293451984,Optimization terminated successfully
2012-10-08,99,1,634.1,83.203125,1,1,0.8,1.0487482540415853,0.9999419748323894,Optimization terminated successfully
2012-10-08,99,2,634.1,83.203125,1,1,0.8,1.0488954946846094,0.9999763355660897,Optimization terminated successfully
2012-10-08,99,3,634.1,83.203125,1,1,0.8,1.0489617223524121,0.9998397087098074,Optimization terminated successfully
2012-10-08,99,4,634.1,83.203125,1,1,0.8,1.0484688067868129,0.9999850929261876,Optimization terminated successfully
2012-10-08,99,5,634.1,83.203125,1,1,0.8,1.0492798040120235,0.9999833230536489,Optimization terminated successfully
2012-10-08,99,6,634.1,83.203125,1,1,0.8,1.0485977686676424,0.9999853011184345,Optimization terminated successfully
2012-10-08,99,7,634.1,83.203125,1,1,0.8,1.0490139561714333,0.9999788574168513,Optimization terminated successfully
2012-10-08,99,8,634.1,83.203125,1,1,0.8,1.0492798763721252,0.9998706865288184,Optimization terminated successfully
2012-10-08,99,9,634.1,83.203125,1,1,0.8,1.048386556566157,0.9999610220160924,Optimization terminated successfully
2012-10-09,100,0,634.1,83.203125,1,1,0.8,1.0494679836455953,0.999947937189093,Optimization terminated successfully
2012-10-09,100,1,634.1,83.203125,1,1,0.8,1.0487920796444596,0.9999732093248671,Optimization terminated successfully
2012-10-09,100,2,634.1,83.203125,1,1,0.8,1.0496672358370256,0.9999122639162918,Optimization terminated successfully
2012-10-09,100,3,634.1,83.203125,0,0,,1.048072312862147,0.6762293348865414,fixed service power exceeds an audited export limit
2012-10-09,100,4,634.1,83.203125,1,1,0.8,1.0495897663233749,0.9999858590431081,Optimization terminated successfully
2012-10-09,100,5,634.1,83.203125,0,0,,1.0481280029670004,0.7172051514146716,fixed service power exceeds an audited export limit
2012-10-09,100,6,634.1,83.203125,1,1,0.8,1.048780369004566,0.9999922024483583,Optimization terminated successfully
2012-10-09,100,7,634.1,83.203125,1,1,0.8,1.0496449478173389,0.9999649315589048,Optimization terminated successfully
2012-10-09,100,8,634.1,83.203125,0,0,,1.0483848682905064,0.670473408910038,fixed service power exceeds an audited export limit
2012-10-09,100,9,634.1,83.203125,1,1,0.8,1.0494138600852332,0.9999923948232634,Optimization terminated successfully
2012-10-10,101,0,634.1,83.203125,1,1,0.8,1.0496768882146326,0.9999721694378837,Optimization terminated successfully
2012-10-10,101,1,634.1,83.203125,0,0,,1.0483678325068113,0.6699837632577803,fixed service power exceeds an audited export limit
2012-10-10,101,2,634.1,83.203125,0,0,,1.0481068979934247,0.6564889419585909,fixed service power exceeds an audited export limit
2012-10-10,101,3,634.1,83.203125,0,0,,1.0486439994340562,0.715002382357267,fixed service power exceeds an audited export limit
2012-10-10,101,4,634.1,83.203125,0,0,,1.0480865498921272,0.6976361956208004,fixed service power exceeds an audited export limit
2012-10-10,101,5,634.1,83.203125,0,0,,1.0484145954245678,0.6935176791719577,fixed service power exceeds an audited export limit
2012-10-10,101,6,634.1,83.203125,1,1,0.8,1.0498613978553393,0.9999650615959318,Optimization terminated successfully
2012-10-10,101,7,634.1,83.203125,0,0,,1.0483809148535195,0.7049092166089701,fixed service power exceeds an audited export limit
2012-10-10,101,8,634.1,83.203125,0,0,,1.0488126592109004,0.6795366949308356,fixed service power exceeds an audited export limit
2012-10-10,101,9,634.1,83.203125,0,0,,1.048106480354654,0.6792083818848118,fixed service power exceeds an audited export limit
2012-10-11,102,0,634.1,83.203125,1,1,0.8,1.0477418102787055,0.9999855901488234,Optimization terminated successfully
2012-10-11,102,1,634.1,83.203125,1,1,0.8,1.0477919632957864,0.9999586697343888,Optimization terminated successfully
2012-10-11,102,2,634.1,83.203125,1,1,0.8,1.0479459425324302,0.9999372398799244,Optimization terminated successfully
2012-10-11,102,3,634.1,83.203125,1,1,0.8,1.0481237807720705,0.999943752801876,Optimization terminated successfully
2012-10-11,102,4,634.1,83.203125,1,1,0.8,1.0481224402696854,0.9999798001262388,Optimization terminated successfully
2012-10-11,102,5,634.1,83.203125,1,1,0.8,1.0484316379785714,0.9998424956949967,Optimization terminated successfully
2012-10-11,102,6,634.1,83.203125,1,1,0.8,1.0479126793690292,0.9999882026394237,Optimization terminated successfully
2012-10-11,102,7,634.1,83.203125,1,1,0.8,1.0479577095718824,0.999906384857838,Optimization terminated successfully
2012-10-11,102,8,634.1,83.203125,1,1,0.8,1.048384849149504,0.9999638430800935,Optimization terminated successfully
2012-10-11,102,9,634.1,83.203125,1,1,0.8,1.0479365063860748,0.9999209066095025,Optimization terminated successfully
2013-01-01,103,0,634.1,83.203125,1,1,0.8,1.0480101462174047,0.9999876666387799,Optimization terminated successfully
2013-01-01,103,1,634.1,83.203125,1,1,0.8,1.0491770227196524,0.9998657034676504,Optimization terminated successfully
2013-01-01,103,2,634.1,83.203125,1,1,0.8,1.0492450106711277,0.9999305877534991,Optimization terminated successfully
2013-01-01,103,3,634.1,83.203125,1,1,0.8,1.0492672712185964,0.999947048219899,Optimization terminated successfully
2013-01-01,103,4,634.1,83.203125,1,1,0.8,1.047977159595461,0.9999854521522014,Optimization terminated successfully
2013-01-01,103,5,634.1,83.203125,1,1,0.8,1.0483071411254339,0.9999855667855286,Optimization terminated successfully
2013-01-01,103,6,634.1,83.203125,1,1,0.8,1.048114464665328,0.9999158560829676,Optimization terminated successfully
2013-01-01,103,7,634.1,83.203125,1,1,0.8,1.0476310271030709,0.9999746013268209,Optimization terminated successfully
2013-01-01,103,8,634.1,83.203125,1,1,0.8,1.0483879569301493,0.9999882979355239,Optimization terminated successfully
2013-01-01,103,9,634.1,83.203125,1,1,0.8,1.0479424498560779,0.999998952403999,Optimization terminated successfully
2013-01-02,104,0,634.1,83.203125,1,1,0.8,1.0479484100692313,0.9999754091594918,Optimization terminated successfully
2013-01-02,104,1,634.1,83.203125,1,1,0.8,1.048593295569718,0.9999479373850507,Optimization terminated successfully
2013-01-02,104,2,634.1,83.203125,1,1,0.8,1.048269254318428,0.9999889813137068,Optimization terminated successfully
2013-01-02,104,3,634.1,83.203125,1,1,0.8,1.0484186164443878,0.999957321157917,Optimization terminated successfully
2013-01-02,104,4,634.1,83.203125,1,1,0.8,1.0479302615687642,0.9999538118487582,Optimization terminated successfully
2013-01-02,104,5,634.1,83.203125,1,1,0.8,1.0486806641271673,0.9999885680166074,Optimization terminated successfully
2013-01-02,104,6,634.1,83.203125,1,1,0.8,1.0482423813144746,0.9999781587760492,Optimization terminated successfully
2013-01-02,104,7,634.1,83.203125,1,1,0.8,1.0485107936416709,0.9999874697730498,Optimization terminated successfully
2013-01-02,104,8,634.1,83.203125,1,1,0.8,1.0486953151259069,0.9999654248449817,Optimization terminated successfully
2013-01-02,104,9,634.1,83.203125,1,1,0.8,1.048039380288935,0.9999857167115642,Optimization terminated successfully
2013-01-03,105,0,634.1,83.203125,1,1,0.8,1.0486085739387971,0.9999927184099757,Optimization terminated successfully
2013-01-03,105,1,634.1,83.203125,1,1,0.8,1.0492937464837628,0.999846679031405,Optimization terminated successfully
2013-01-03,105,2,634.1,83.203125,1,1,0.8,1.0490783050108536,0.9999925725305213,Optimization terminated successfully
2013-01-03,105,3,634.1,83.203125,1,1,0.8,1.049294562869991,0.9999708219260615,Optimization terminated successfully
2013-01-03,105,4,634.1,83.203125,1,1,0.8,1.048210761639669,1.0000001725484782,Optimization terminated successfully
2013-01-03,105,5,634.1,83.203125,1,1,0.8,1.0493694888566525,0.9999761378176026,Optimization terminated successfully
2013-01-03,105,6,634.1,83.203125,1,1,0.8,1.0489332197451482,0.9999838779068416,Optimization terminated successfully
2013-01-03,105,7,634.1,83.203125,1,1,0.8,1.0487116883392342,0.9999879247680362,Optimization terminated successfully
2013-01-03,105,8,634.1,83.203125,1,1,0.8,1.0493290304552154,0.9999881718843157,Optimization terminated successfully
2013-01-03,105,9,634.1,83.203125,1,1,0.8,1.048819660237195,0.999855706489966,Optimization terminated successfully
2013-01-04,106,0,634.1,83.203125,1,1,0.8,1.0494571552295147,0.999904418390336,Optimization terminated successfully
2013-01-04,106,1,634.1,83.203125,1,1,0.8,1.0497849317404797,0.9999776491769805,Optimization terminated successfully
2013-01-04,106,2,634.1,83.203125,1,1,0.8,1.0497725806402758,0.9999334372442111,Optimization terminated successfully
2013-01-04,106,3,634.1,83.203125,0,0,,1.048242249766893,0.6580156016313193,fixed service power exceeds an audited export limit
2013-01-04,106,4,634.1,83.203125,1,1,0.8,1.0495973148885738,0.9998848443211055,Optimization terminated successfully
2013-01-04,106,5,634.1,83.203125,0,0,,1.0485308815635974,0.6859841150995227,fixed service power exceeds an audited export limit
2013-01-04,106,6,634.1,83.203125,1,1,0.8,1.0483446261105451,0.9999743746585004,Optimization terminated successfully
2013-01-04,106,7,634.1,83.203125,1,1,0.8,1.0478267549823943,0.9999815215021444,Optimization terminated successfully
2013-01-04,106,8,634.1,83.203125,1,1,0.8,1.049936187560572,0.9999890071615699,Optimization terminated successfully
2013-01-04,106,9,634.1,83.203125,1,1,0.8,1.0495658717506489,0.9999415701482451,Optimization terminated successfully
2013-01-05,107,0,634.1,83.203125,1,1,0.8,1.0477900627146013,0.9999346678579439,Optimization terminated successfully
2013-01-05,107,1,634.1,83.203125,1,1,0.8,1.0496162569295784,0.9999836946694535,Optimization terminated successfully
2013-01-05,107,2,634.1,83.203125,1,1,0.8,1.0498707030795265,0.9998799059521946,Optimization terminated successfully
2013-01-05,107,3,634.1,83.203125,1,1,0.8,1.0485926530416796,0.9999376707287626,Optimization terminated successfully
2013-01-05,107,4,634.1,83.203125,1,1,0.8,1.0481206039637345,0.9999770800234101,Optimization terminated successfully
2013-01-05,107,5,634.1,83.203125,1,1,0.8,1.0481570267597875,0.999858022415255,Optimization terminated successfully
2013-01-05,107,6,634.1,83.203125,1,1,0.8,1.0481700365677624,0.999824344559316,Optimization terminated successfully
2013-01-05,107,7,634.1,83.203125,1,1,0.8,1.0479565542437348,0.9999737650184786,Optimization terminated successfully
2013-01-05,107,8,634.1,83.203125,1,1,0.8,1.048882964780419,0.9999107557112252,Optimization terminated successfully
2013-01-05,107,9,634.1,83.203125,1,1,0.8,1.0484769199631612,0.9999089166980731,Optimization terminated successfully
2013-01-06,108,0,634.1,83.203125,1,1,0.8,1.0477907739475198,0.9999213067239988,Optimization terminated successfully
2013-01-06,108,1,634.1,83.203125,1,1,0.8,1.0487809061298767,0.9999874320868062,Optimization terminated successfully
2013-01-06,108,2,634.1,83.203125,1,1,0.8,1.0498272590972144,0.9999989371879693,Optimization terminated successfully
2013-01-06,108,3,634.1,83.203125,1,1,0.8,1.0494601050796863,0.9999501518302456,Optimization terminated successfully
2013-01-06,108,4,634.1,83.203125,1,1,0.8,1.047973235188987,0.9999976011896843,Optimization terminated successfully
2013-01-06,108,5,634.1,83.203125,1,1,0.8,1.0491021627557882,0.9999825464140714,Optimization terminated successfully
2013-01-06,108,6,634.1,83.203125,1,1,0.8,1.0480627924829171,0.9998980532720589,Optimization terminated successfully
2013-01-06,108,7,634.1,83.203125,1,1,0.8,1.0476320233577798,0.9999815138206287,Optimization terminated successfully
2013-01-06,108,8,634.1,83.203125,1,1,0.8,1.0485962965335527,0.999965697534461,Optimization terminated successfully
2013-01-06,108,9,634.1,83.203125,1,1,0.8,1.0479841802467809,0.9999917400924884,Optimization terminated successfully
2013-01-07,109,0,634.1,83.203125,1,1,0.8,1.0495942491242538,0.9999067930854245,Optimization terminated successfully
2013-01-07,109,1,634.1,83.203125,1,1,0.8,1.0488840249157554,0.9999067611901374,Optimization terminated successfully
2013-01-07,109,2,634.1,83.203125,0,0,,1.0481608834667544,0.6970172223009294,fixed service power exceeds an audited export limit
2013-01-07,109,3,634.1,83.203125,1,1,0.8,1.0492351163622942,0.9999538553572062,Optimization terminated successfully
2013-01-07,109,4,634.1,83.203125,1,1,0.8,1.047740351772939,0.9999013980321936,Optimization terminated successfully
2013-01-07,109,5,634.1,83.203125,1,1,0.8,1.0496900394095556,0.9999921027944583,Optimization terminated successfully
2013-01-07,109,6,634.1,83.203125,1,1,0.8,1.0487148254884908,0.9999345553171134,Optimization terminated successfully
2013-01-07,109,7,634.1,83.203125,1,1,0.8,1.0491047958509885,0.9999940662082765,Optimization terminated successfully
2013-01-07,109,8,634.1,83.203125,1,1,0.8,1.0491787633632106,0.9999724484278121,Optimization terminated successfully
2013-01-07,109,9,634.1,83.203125,1,1,0.8,1.0484330803228312,0.999859581243628,Optimization terminated successfully
2013-01-08,110,1,634.1,83.203125,1,1,0.8,1.0480468012169506,0.9999958378747811,Optimization terminated successfully
2013-01-08,110,2,634.1,83.203125,1,1,0.8,1.0482380760087815,0.9999632360029661,Optimization terminated successfully
2013-01-08,110,3,634.1,83.203125,1,1,0.8,1.0480437906859117,0.999980342454543,Optimization terminated successfully
2013-01-08,110,4,634.1,83.203125,1,1,0.8,1.0479759348672477,0.9999679013534497,Optimization terminated successfully
2013-01-08,110,5,634.1,83.203125,1,1,0.8,1.048211383812129,0.9999785748719305,Optimization terminated successfully
2013-01-08,110,6,634.1,83.203125,1,1,0.8,1.0480508760535527,0.999973139665579,Optimization terminated successfully
2013-01-08,110,7,634.1,83.203125,1,1,0.8,1.047635815920789,0.9999368717816903,Optimization terminated successfully
2013-01-08,110,8,634.1,83.203125,1,1,0.8,1.0480592120155896,0.999958908142575,Optimization terminated successfully
2013-01-08,110,9,634.1,83.203125,1,1,0.8,1.0481022702949934,1.0000001484042607,Optimization terminated successfully
2013-01-09,111,0,634.1,83.203125,1,1,0.8,1.0478509784811232,0.9999415670664522,Optimization terminated successfully
2013-01-09,111,1,634.1,83.203125,1,1,0.8,1.0480554114535563,0.999966758338653,Optimization terminated successfully
2013-01-09,111,2,634.1,83.203125,1,1,0.8,1.0489687596432973,0.9999785614905338,Optimization terminated successfully
2013-01-09,111,3,634.1,83.203125,1,1,0.8,1.0485257408679494,0.9998985936263265,Optimization terminated successfully
2013-01-09,111,4,634.1,83.203125,1,1,0.8,1.0476652886913282,0.9999900992585071,Optimization terminated successfully
2013-01-09,111,5,634.1,83.203125,1,1,0.8,1.0489051740661774,0.9999570900926706,Optimization terminated successfully
2013-01-09,111,6,634.1,83.203125,1,1,0.8,1.048318239122618,0.9999401657713229,Optimization terminated successfully
2013-01-09,111,7,634.1,83.203125,1,1,0.8,1.0479455669657445,0.9999287262131628,Optimization terminated successfully
2013-01-09,111,8,634.1,83.203125,1,1,0.8,1.0493021334494106,0.9999262305110607,Optimization terminated successfully
2013-01-09,111,9,634.1,83.203125,1,1,0.8,1.048671231013739,0.9999039050804857,Optimization terminated successfully
2013-01-10,112,0,634.1,83.203125,1,1,0.8,1.0479936345137528,0.9999660370861705,Optimization terminated successfully
2013-01-10,112,1,634.1,83.203125,1,1,0.8,1.0481621216422325,0.9998444150755827,Optimization terminated successfully
2013-01-10,112,2,634.1,83.203125,1,1,0.8,1.0478213972290888,0.9999553189932475,Optimization terminated successfully
2013-01-10,112,3,634.1,83.203125,1,1,0.8,1.0481158393166004,0.9999161264162718,Optimization terminated successfully
2013-01-10,112,4,634.1,83.203125,1,1,0.8,1.0480537778003194,0.999967323252801,Optimization terminated successfully
2013-01-10,112,5,634.1,83.203125,1,1,0.8,1.048179857936249,0.9999267621989494,Optimization terminated successfully
2013-01-10,112,6,634.1,83.203125,1,1,0.8,1.0481510703675085,0.9999467961706078,Optimization terminated successfully
2013-01-10,112,7,634.1,83.203125,1,1,0.8,1.0477177823753654,0.9999959751031765,Optimization terminated successfully
2013-01-10,112,8,634.1,83.203125,1,1,0.8,1.0481034617324796,0.9999256270363875,Optimization terminated successfully
2013-01-10,112,9,634.1,83.203125,1,1,0.8,1.0479729441052321,0.9996694535802649,Optimization terminated successfully
2013-01-11,113,0,634.1,83.203125,1,1,0.8,1.0481908964430027,0.9999774148059206,Optimization terminated successfully
2013-01-11,113,1,634.1,83.203125,1,1,0.8,1.0483013635172083,0.9999870145378239,Optimization terminated successfully
2013-01-11,113,2,634.1,83.203125,0,0,,1.0481163154288875,0.7204541325722761,fixed service power exceeds an audited export limit
2013-01-11,113,3,634.1,83.203125,1,1,0.8,1.0483101051870451,0.9999537525822864,Optimization terminated successfully
2013-01-11,113,4,634.1,83.203125,1,1,0.8,1.0480633797130143,0.9999412524588767,Optimization terminated successfully
2013-01-11,113,5,634.1,83.203125,1,1,0.8,1.0497687865703935,0.9999646866886914,Optimization terminated successfully
2013-01-11,113,6,634.1,83.203125,1,1,0.8,1.0480326618416491,0.9999715828665917,Optimization terminated successfully
2013-01-11,113,7,634.1,83.203125,1,1,0.8,1.0477890778696841,0.9999492452695518,Optimization terminated successfully
2013-01-11,113,8,634.1,83.203125,1,1,0.8,1.0491013692953761,0.9999647190530238,Optimization terminated successfully
2013-01-11,113,9,634.1,83.203125,1,1,0.8,1.0481013001487312,0.9999909641313265,Optimization terminated successfully
2013-01-12,114,0,634.1,83.203125,1,1,0.8,1.047687553203368,0.9999716653784653,Optimization terminated successfully
2013-01-12,114,1,634.1,83.203125,1,1,0.8,1.0480526089438027,0.9999964698366604,Optimization terminated successfully
2013-01-12,114,2,634.1,83.203125,1,1,0.8,1.0479361530095805,0.999899181093091,Optimization terminated successfully
2013-01-12,114,3,634.1,83.203125,1,1,0.8,1.0480726574681152,0.9999904320463398,Optimization terminated successfully
2013-01-12,114,4,634.1,83.203125,1,1,0.8,1.0476114348138212,0.999997600373583,Optimization terminated successfully
2013-01-12,114,5,634.1,83.203125,1,1,0.8,1.0480694712566136,0.9999649735251457,Optimization terminated successfully
2013-01-12,114,6,634.1,83.203125,1,1,0.8,1.0480519372692743,0.9999959833087265,Optimization terminated successfully
2013-01-12,114,7,634.1,83.203125,1,1,0.8,1.0477898602126725,0.999997011562742,Optimization terminated successfully
2013-01-12,114,8,634.1,83.203125,1,1,0.8,1.0481509009863361,0.9999777902760068,Optimization terminated successfully
2013-01-12,114,9,634.1,83.203125,1,1,0.8,1.047659149613102,0.9999647808590871,Optimization terminated successfully
2013-01-13,115,0,634.1,83.203125,1,1,0.8,1.0478033919859386,0.9999383462272283,Optimization terminated successfully
2013-01-13,115,1,634.1,83.203125,1,1,0.8,1.0482267852082217,0.9999413124819581,Optimization terminated successfully
2013-01-13,115,2,634.1,83.203125,1,1,0.8,1.0481550962522523,0.999994238296284,Optimization terminated successfully
2013-01-13,115,3,634.1,83.203125,1,1,0.8,1.048184409584047,0.99996630836496,Optimization terminated successfully
2013-01-13,115,4,634.1,83.203125,1,1,0.8,1.0479896782628115,0.99999446319988,Optimization terminated successfully
2013-01-13,115,5,634.1,83.203125,1,1,0.8,1.0482267252458657,0.9999763136301215,Optimization terminated successfully
2013-01-13,115,6,634.1,83.203125,1,1,0.8,1.0481556969959474,0.9999682500827437,Optimization terminated successfully
2013-01-13,115,7,634.1,83.203125,1,1,0.8,1.0480292992734166,0.9999621432500062,Optimization terminated successfully
2013-01-13,115,8,634.1,83.203125,1,1,0.8,1.048248187923027,0.9999370447348105,Optimization terminated successfully
2013-01-13,115,9,634.1,83.203125,1,1,0.8,1.047833907817532,0.9998913697999463,Optimization terminated successfully
2013-01-14,116,0,634.1,83.203125,0,0,,1.0480813119683916,0.8316471679498187,fixed service power exceeds an audited export limit
2013-01-14,116,1,634.1,83.203125,0,0,,1.0483018986786647,0.6468061397895739,fixed service power exceeds an audited export limit
2013-01-14,116,2,634.1,83.203125,0,0,,1.048375706918079,0.6463332614927221,fixed service power exceeds an audited export limit
2013-01-14,116,3,634.1,83.203125,0,0,,1.0485030480805935,0.6755737453092107,fixed service power exceeds an audited export limit
2013-01-14,116,4,634.1,83.203125,1,1,0.8,1.0495338260265545,0.9998848571443474,Optimization terminated successfully
2013-01-14,116,5,634.1,83.203125,0,0,,1.0481475162438998,0.6731757583606491,fixed service power exceeds an audited export limit
2013-01-14,116,6,634.1,83.203125,1,1,0.8,1.049109821779071,0.9999256986051043,Optimization terminated successfully
2013-01-14,116,7,634.1,83.203125,1,1,0.8,1.0495389703823061,0.9999884200295831,Optimization terminated successfully
2013-01-14,116,8,634.1,83.203125,0,0,,1.0484592072230507,0.6548490322498073,fixed service power exceeds an audited export limit
2013-01-14,116,9,634.1,83.203125,1,1,0.8,1.049495216790675,0.9999853822292845,Optimization terminated successfully
2013-01-15,117,0,634.1,83.203125,1,1,0.8,1.048690394860328,0.9999057855842874,Optimization terminated successfully
2013-01-15,117,1,634.1,83.203125,1,1,0.8,1.0496422121318356,0.9999851768921356,Optimization terminated successfully
2013-01-15,117,2,634.1,83.203125,1,1,0.8,1.0491485664247862,0.9999256168329334,Optimization terminated successfully
2013-01-15,117,3,634.1,83.203125,1,1,0.8,1.049441002200029,0.9999947186721905,Optimization terminated successfully
2013-01-15,117,4,634.1,83.203125,1,1,0.8,1.0488992209307277,0.9999919296110666,Optimization terminated successfully
2013-01-15,117,5,634.1,83.203125,1,1,0.8,1.0492822971666231,0.999972307256044,Optimization terminated successfully
2013-01-15,117,6,634.1,83.203125,1,1,0.8,1.0486742999646368,0.9999938219769979,Optimization terminated successfully
2013-01-15,117,7,634.1,83.203125,1,1,0.8,1.0493486598478814,0.999883386198244,Optimization terminated successfully
2013-01-15,117,8,634.1,83.203125,1,1,0.8,1.0495293791181561,0.9999117277928655,Optimization terminated successfully
2013-01-15,117,9,634.1,83.203125,1,1,0.8,1.0486182024579147,0.9999646714247614,Optimization terminated successfully
2013-01-16,118,0,634.1,83.203125,1,1,0.8,1.0487006445894669,0.9999845983464571,Optimization terminated successfully
2013-01-16,118,1,634.1,83.203125,0,0,,1.0482874200288537,0.6599002471621043,fixed service power exceeds an audited export limit
2013-01-16,118,2,634.1,83.203125,0,0,,1.0482034953973802,0.6480628419215101,fixed service power exceeds an audited export limit
2013-01-16,118,3,634.1,83.203125,1,1,0.8,1.049849827755136,0.9998908900356724,Optimization terminated successfully
2013-01-16,118,4,634.1,83.203125,1,1,0.8,1.0492445773897763,0.9999847954111938,Optimization terminated successfully
2013-01-16,118,5,634.1,83.203125,1,1,0.8,1.0495207468875798,0.9999771555364465,Optimization terminated successfully
2013-01-16,118,6,634.1,83.203125,1,1,0.8,1.0497322845351138,0.9999295037753655,Optimization terminated successfully
2013-01-16,118,7,634.1,83.203125,1,1,0.8,1.04948628102012,0.9999663021064915,Optimization terminated successfully
2013-01-16,118,8,634.1,83.203125,1,1,0.8,1.0497865543640792,0.9999444017973645,Optimization terminated successfully
2013-01-16,118,9,634.1,83.203125,1,1,0.8,1.0494552077030985,0.9999587467519667,Optimization terminated successfully
2013-01-17,119,0,634.1,83.203125,1,1,0.8,1.049195823060507,0.9999322849802943,Optimization terminated successfully
2013-01-17,119,1,634.1,83.203125,0,0,,1.0482747501223388,0.6968953959053499,fixed service power exceeds an audited export limit
2013-01-17,119,2,634.1,83.203125,1,1,0.8,1.0498045767271522,0.9999867439821805,Optimization terminated successfully
2013-01-17,119,3,634.1,83.203125,1,1,0.8,1.0492178780894215,0.9999539240399095,Optimization terminated successfully
2013-01-17,119,4,634.1,83.203125,1,1,0.8,1.0490768648199582,0.999912432288593,Optimization terminated successfully
2013-01-17,119,5,634.1,83.203125,1,1,0.8,1.0483528091929444,0.9999774308577991,Optimization terminated successfully
2013-01-17,119,6,634.1,83.203125,1,1,0.8,1.048159854562753,0.9999916117548969,Optimization terminated successfully
2013-01-17,119,7,634.1,83.203125,1,1,0.8,1.0492742640960797,0.9999544011426147,Optimization terminated successfully
2013-01-17,119,8,634.1,83.203125,1,1,0.8,1.047944113236815,0.9999429477014488,Optimization terminated successfully
2013-01-17,119,9,634.1,83.203125,1,1,0.8,1.0489219474238929,0.9999217816157162,Optimization terminated successfully
2013-01-18,120,0,634.1,83.203125,1,1,0.8,1.0474006347398033,0.9999173953008051,Optimization terminated successfully
2013-01-18,120,1,634.1,83.203125,1,1,0.8,1.0480816362238325,0.9999908869164884,Optimization terminated successfully
2013-01-18,120,2,634.1,83.203125,1,1,0.8,1.04846339859426,0.9999177527300668,Optimization terminated successfully
2013-01-18,120,3,634.1,83.203125,1,1,0.8,1.0482366094204338,0.9998625431314426,Optimization terminated successfully
2013-01-18,120,4,634.1,83.203125,1,1,0.8,1.0479502793136288,0.9999996407226686,Optimization terminated successfully
2013-01-18,120,5,634.1,83.203125,1,1,0.8,1.04785259741083,0.9999795711588697,Optimization terminated successfully
2013-01-18,120,6,634.1,83.203125,1,1,0.8,1.048018360135985,0.9999870549730704,Optimization terminated successfully
2013-01-18,120,7,634.1,83.203125,1,1,0.8,1.0478377602434257,0.999977466615995,Optimization terminated successfully
2013-01-18,120,8,634.1,83.203125,1,1,0.8,1.0480742250545008,0.9999766539575029,Optimization terminated successfully
2013-01-18,120,9,634.1,83.203125,1,1,0.8,1.0478890425502336,0.9999689541848577,Optimization terminated successfully
2013-01-19,121,0,634.1,83.203125,1,1,0.8,1.0477512171550087,0.9999976117506801,Optimization terminated successfully
2013-01-19,121,1,634.1,83.203125,1,1,0.8,1.0481792217627617,0.9999775562736806,Optimization terminated successfully
2013-01-19,121,2,634.1,83.203125,1,1,0.8,1.048075936372758,0.9999158534385487,Optimization terminated successfully
2013-01-19,121,3,634.1,83.203125,1,1,0.8,1.048233160471242,0.9999516294093715,Optimization terminated successfully
2013-01-19,121,4,634.1,83.203125,1,1,0.8,1.0479377569856951,0.9999833953017745,Optimization terminated successfully
2013-01-19,121,5,634.1,83.203125,1,1,0.8,1.048359852269129,0.9999403217210774,Optimization terminated successfully
2013-01-19,121,6,634.1,83.203125,1,1,0.8,1.048006546213383,0.9998953607613319,Optimization terminated successfully
2013-01-19,121,7,634.1,83.203125,1,1,0.8,1.047920700869295,0.9999477786520906,Optimization terminated successfully
2013-01-19,121,8,634.1,83.203125,1,1,0.8,1.048162722768885,0.9999534621513425,Optimization terminated successfully
2013-01-19,121,9,634.1,83.203125,1,1,0.8,1.0480577199222012,0.9999615699093094,Optimization terminated successfully
2013-01-20,122,0,634.1,83.203125,1,1,0.8,1.0478564938322037,0.9999271064118429,Optimization terminated successfully
2013-01-20,122,1,634.1,83.203125,1,1,0.8,1.0480609650853088,0.9999838575152454,Optimization terminated successfully
2013-01-20,122,2,634.1,83.203125,1,1,0.8,1.0481806531321252,0.9999643362033985,Optimization terminated successfully
2013-01-20,122,3,634.1,83.203125,1,1,0.8,1.0483464424710773,0.9999229358456634,Optimization terminated successfully
2013-01-20,122,4,634.1,83.203125,1,1,0.8,1.0481924657631805,0.9999646174077271,Optimization terminated successfully
2013-01-20,122,5,634.1,83.203125,1,1,0.8,1.0482719103447973,0.9999962677149401,Optimization terminated successfully
2013-01-20,122,6,634.1,83.203125,1,1,0.8,1.0481748963885391,0.9997299797731317,Optimization terminated successfully
2013-01-20,122,7,634.1,83.203125,1,1,0.8,1.0480191923154125,0.9999323408724233,Optimization terminated successfully
2013-01-20,122,8,634.1,83.203125,1,1,0.8,1.0483470582922125,0.9999977271509867,Optimization terminated successfully
2013-01-20,122,9,634.1,83.203125,1,1,0.8,1.0478674179949896,0.9999905055949078,Optimization terminated successfully
2013-01-21,123,0,634.1,83.203125,1,1,0.8,1.04873453994183,0.9999076717418992,Optimization terminated successfully
2013-01-21,123,1,634.1,83.203125,1,1,0.8,1.0489369499483028,0.9998493158949977,Optimization terminated successfully
2013-01-21,123,2,634.1,83.203125,1,1,0.8,1.048799816436664,0.9999732093880892,Optimization terminated successfully
2013-01-21,123,3,634.1,83.203125,1,1,0.8,1.0487480510554035,0.9999745148021861,Optimization terminated successfully
2013-01-21,123,4,634.1,83.203125,1,1,0.8,1.0481383847000567,0.9999762680376799,Optimization terminated successfully
2013-01-21,123,5,634.1,83.203125,1,1,0.8,1.0485254470800498,0.9999808971101563,Optimization terminated successfully
2013-01-21,123,6,634.1,83.203125,1,1,0.8,1.0480228362584203,0.9999686450854023,Optimization terminated successfully
2013-01-21,123,7,634.1,83.203125,1,1,0.8,1.048372239301417,0.999992439604168,Optimization terminated successfully
2013-01-21,123,8,634.1,83.203125,1,1,0.8,1.0487346016533399,0.999978343250816,Optimization terminated successfully
2013-01-21,123,9,634.1,83.203125,1,1,0.8,1.0479841508812937,0.9999766617267589,Optimization terminated successfully
2013-01-22,124,0,634.1,83.203125,1,1,0.8,1.0493725097672717,0.9999883117457102,Optimization terminated successfully
2013-01-22,124,1,634.1,83.203125,1,1,0.8,1.0489636074544126,0.9999932675096178,Optimization terminated successfully
2013-01-22,124,2,634.1,83.203125,0,0,,1.0482111421172307,0.6554793255415596,fixed service power exceeds an audited export limit
2013-01-22,124,3,634.1,83.203125,1,1,0.8,1.0487995120724374,0.9999250296744724,Optimization terminated successfully
2013-01-22,124,4,634.1,83.203125,1,1,0.8,1.0480040637012713,0.9998854987675813,Optimization terminated successfully
2013-01-22,124,5,634.1,83.203125,1,1,0.8,1.0496366433370206,0.999981401990933,Optimization terminated successfully
2013-01-22,124,6,634.1,83.203125,1,1,0.8,1.0492838567309692,0.9999956007276863,Optimization terminated successfully
2013-01-22,124,7,634.1,83.203125,1,1,0.8,1.0488149642644957,0.9999040394028342,Optimization terminated successfully
2013-01-22,124,8,634.1,83.203125,1,1,0.8,1.0485152361600591,0.9998664865751156,Optimization terminated successfully
2013-01-22,124,9,634.1,83.203125,1,1,0.8,1.049145119524667,0.999967868462462,Optimization terminated successfully
2013-01-23,125,0,634.1,83.203125,1,1,0.8,1.0478335054574064,0.9999864553376304,Optimization terminated successfully
2013-01-23,125,1,634.1,83.203125,1,1,0.8,1.0480345131477968,0.9999964348775057,Optimization terminated successfully
2013-01-23,125,2,634.1,83.203125,1,1,0.8,1.0480180043463387,0.9999745234303119,Optimization terminated successfully
2013-01-23,125,3,634.1,83.203125,1,1,0.8,1.04823800019163,0.9999706464102457,Optimization terminated successfully
2013-01-23,125,4,634.1,83.203125,1,1,0.8,1.0480137087853154,0.9999596496993404,Optimization terminated successfully
2013-01-23,125,5,634.1,83.203125,1,1,0.8,1.048719426809293,0.9998879108234271,Optimization terminated successfully
2013-01-23,125,6,634.1,83.203125,1,1,0.8,1.0481090867075342,0.9998817783896644,Optimization terminated successfully
2013-01-23,125,7,634.1,83.203125,1,1,0.8,1.0477755455484432,0.9999878674147877,Optimization terminated successfully
2013-01-23,125,8,634.1,83.203125,1,1,0.8,1.0480691361732781,0.9999118097340849,Optimization terminated successfully
2013-01-23,125,9,634.1,83.203125,1,1,0.8,1.047821879015005,0.9999502357171978,Optimization terminated successfully
2013-01-24,126,0,634.1,83.203125,1,1,0.8,1.049577514103899,0.9999735536959415,Optimization terminated successfully
2013-01-24,126,1,634.1,83.203125,1,1,0.8,1.0490313273619052,0.9999874817349698,Optimization terminated successfully
2013-01-24,126,2,634.1,83.203125,1,1,0.8,1.0495541104444555,0.9999565664796891,Optimization terminated successfully
2013-01-24,126,3,634.1,83.203125,1,1,0.8,1.0494973881223064,0.9999928023906509,Optimization terminated successfully
2013-01-24,126,4,634.1,83.203125,1,1,0.8,1.0489290649972576,0.9999690047158925,Optimization terminated successfully
2013-01-24,126,5,634.1,83.203125,1,1,0.8,1.049635815238678,0.9999801263715377,Optimization terminated successfully
2013-01-24,126,6,634.1,83.203125,1,1,0.8,1.0481630515923304,0.9999016236769442,Optimization terminated successfully
2013-01-24,126,7,634.1,83.203125,1,1,0.8,1.0486994956538254,0.999897029192496,Optimization terminated successfully
2013-01-24,126,8,634.1,83.203125,1,1,0.8,1.0494974096936456,0.9999198949930793,Optimization terminated successfully
2013-01-24,126,9,634.1,83.203125,1,1,0.8,1.049520693768286,0.9999218430574106,Optimization terminated successfully
2013-01-25,127,0,634.1,83.203125,1,1,0.8,1.0481632207857163,0.9999546263297369,Optimization terminated successfully
2013-01-25,127,1,634.1,83.203125,1,1,0.8,1.0484221389384107,0.9999607600862152,Optimization terminated successfully
2013-01-25,127,2,634.1,83.203125,0,0,,1.0483744615020278,0.6636538341454434,fixed service power exceeds an audited export limit
2013-01-25,127,3,634.1,83.203125,1,1,0.8,1.0495175282933715,0.9999695771948112,Optimization terminated successfully
2013-01-25,127,4,634.1,83.203125,1,1,0.8,1.0482024897703335,0.9999767112518593,Optimization terminated successfully
2013-01-25,127,5,634.1,83.203125,1,1,0.8,1.0490157842509302,0.9999617084247057,Optimization terminated successfully
2013-01-25,127,6,634.1,83.203125,1,1,0.8,1.0480725354856293,0.9999730847006321,Optimization terminated successfully
2013-01-25,127,7,634.1,83.203125,1,1,0.8,1.047809104402635,0.9999297939895122,Optimization terminated successfully
2013-01-25,127,8,634.1,83.203125,1,1,0.8,1.048867495932191,0.9999551091867114,Optimization terminated successfully
2013-01-25,127,9,634.1,83.203125,1,1,0.8,1.0479871730989454,0.9999444612900773,Optimization terminated successfully
2013-04-01,128,0,634.1,83.203125,1,1,0.8,1.0484159281447936,0.9999874417984393,Optimization terminated successfully
2013-04-01,128,1,634.1,83.203125,1,1,0.8,1.0483141048103428,0.9999198191593566,Optimization terminated successfully
2013-04-01,128,2,634.1,83.203125,1,1,0.8,1.048296297830964,0.9999946236550757,Optimization terminated successfully
2013-04-01,128,3,634.1,83.203125,1,1,0.8,1.0482905787188306,1.0000003040666112,Optimization terminated successfully
2013-04-01,128,4,634.1,83.203125,1,1,0.8,1.048371574141107,0.9999829133285302,Optimization terminated successfully
2013-04-01,128,5,634.1,83.203125,1,1,0.8,1.0486327561968039,0.9999418852415239,Optimization terminated successfully
2013-04-01,128,6,634.1,83.203125,1,1,0.8,1.0483083799790174,0.9999619491329385,Optimization terminated successfully
2013-04-01,128,7,634.1,83.203125,1,1,0.8,1.048039942936026,0.9999183826338758,Optimization terminated successfully
2013-04-01,128,8,634.1,83.203125,1,1,0.8,1.04820188896796,0.9997726943766925,Optimization terminated successfully
2013-04-01,128,9,634.1,83.203125,1,1,0.8,1.048078640196846,0.9999465650582624,Optimization terminated successfully
2013-04-02,129,0,634.1,83.203125,0,0,,1.0485207382313386,0.8067149688259332,fixed service power exceeds an audited export limit
2013-04-02,129,1,634.1,83.203125,1,1,0.8,1.0499205587371179,0.999986149371396,Optimization terminated successfully
2013-04-02,129,2,634.1,83.203125,1,1,0.8,1.04984134575701,0.9999629701371863,Optimization terminated successfully
2013-04-02,129,3,634.1,83.203125,0,0,,1.0485279523759194,0.6522256236869172,fixed service power exceeds an audited export limit
2013-04-02,129,4,634.1,83.203125,1,1,0.8,1.0498842076125399,0.9999636561475936,Optimization terminated successfully
2013-04-02,129,5,634.1,83.203125,1,1,0.8,1.0499370737062996,0.9999743946469226,Optimization terminated successfully
2013-04-02,129,6,634.1,83.203125,1,1,0.8,1.0493094882936553,0.9999406105933943,Optimization terminated successfully
2013-04-02,129,7,634.1,83.203125,1,1,0.8,1.0494692702964254,0.9999976278984544,Optimization terminated successfully
2013-04-02,129,8,634.1,83.203125,1,1,0.8,1.0495470175825576,0.999985824922088,Optimization terminated successfully
2013-04-02,129,9,634.1,83.203125,1,1,0.8,1.0494595791502523,0.9999384357518872,Optimization terminated successfully
2013-04-03,130,0,634.1,83.203125,1,1,0.8,1.047787389003639,0.9999377021892377,Optimization terminated successfully
2013-04-03,130,1,634.1,83.203125,1,1,0.8,1.0481987549629528,0.9999796577487399,Optimization terminated successfully
2013-04-03,130,2,634.1,83.203125,1,1,0.8,1.047970139178837,0.9999914535294345,Optimization terminated successfully
2013-04-03,130,3,634.1,83.203125,1,1,0.8,1.0481860834314596,0.9999928943321359,Optimization terminated successfully
2013-04-03,130,4,634.1,83.203125,1,1,0.8,1.0481100653801676,0.9999910812799181,Optimization terminated successfully
2013-04-03,130,5,634.1,83.203125,1,1,0.8,1.047976714455951,0.9998708047360325,Optimization terminated successfully
2013-04-03,130,6,634.1,83.203125,1,1,0.8,1.0479148363655155,0.999920111596055,Optimization terminated successfully
2013-04-03,130,7,634.1,83.203125,1,1,0.8,1.047917721226406,0.9999320669994042,Optimization terminated successfully
2013-04-03,130,8,634.1,83.203125,1,1,0.8,1.048138789052916,0.9999576184281309,Optimization terminated successfully
2013-04-03,130,9,634.1,83.203125,1,1,0.8,1.04799402986016,0.9998917554877105,Optimization terminated successfully
2013-04-04,131,0,634.1,83.203125,1,1,0.8,1.0478491954218434,0.9999474209645597,Optimization terminated successfully
2013-04-04,131,1,634.1,83.203125,1,1,0.8,1.0479728741629086,0.9999373987837948,Optimization terminated successfully
2013-04-04,131,2,634.1,83.203125,1,1,0.8,1.0481864342537197,0.9999951542770963,Optimization terminated successfully
2013-04-04,131,3,634.1,83.203125,1,1,0.8,1.048289790867861,0.9998821896821876,Optimization terminated successfully
2013-04-04,131,4,634.1,83.203125,1,1,0.8,1.0478844258415962,0.9999909812782293,Optimization terminated successfully
2013-04-04,131,5,634.1,83.203125,1,1,0.8,1.0480864451858265,0.9999306325027819,Optimization terminated successfully
2013-04-04,131,6,634.1,83.203125,1,1,0.8,1.0480173372318153,0.9998863638890726,Optimization terminated successfully
2013-04-04,131,7,634.1,83.203125,1,1,0.8,1.047828637538495,0.9999349799628986,Optimization terminated successfully
2013-04-04,131,8,634.1,83.203125,1,1,0.8,1.0481091054750398,0.9999461164907804,Optimization terminated successfully
2013-04-04,131,9,634.1,83.203125,1,1,0.8,1.0479257737371146,0.9999212626672433,Optimization terminated successfully
2013-04-05,132,0,634.1,83.203125,1,1,0.8,1.0487494595091675,0.9999394023619037,Optimization terminated successfully
2013-04-05,132,1,634.1,83.203125,1,1,0.8,1.0489429461781934,0.9999690217879685,Optimization terminated successfully
2013-04-05,132,2,634.1,83.203125,1,1,0.8,1.0488047717966997,0.999997461668471,Optimization terminated successfully
2013-04-05,132,3,634.1,83.203125,1,1,0.8,1.0487603646102297,0.9999971193740401,Optimization terminated successfully
2013-04-05,132,4,634.1,83.203125,1,1,0.8,1.0484971800473033,0.9999567994533625,Optimization terminated successfully
2013-04-05,132,5,634.1,83.203125,1,1,0.8,1.0485899388532125,0.9998875735379741,Optimization terminated successfully
2013-04-05,132,6,634.1,83.203125,1,1,0.8,1.0483126543648715,0.9998729389306061,Optimization terminated successfully
2013-04-05,132,7,634.1,83.203125,1,1,0.8,1.04837686628662,0.9999852936396952,Optimization terminated successfully
2013-04-05,132,8,634.1,83.203125,1,1,0.8,1.0487646289423018,0.9999941344980451,Optimization terminated successfully
2013-04-05,132,9,634.1,83.203125,1,1,0.8,1.0481073455125698,0.9999874290768409,Optimization terminated successfully
2013-04-06,133,0,634.1,83.203125,1,1,0.8,1.0481729673370037,0.9999737718539922,Optimization terminated successfully
2013-04-06,133,1,634.1,83.203125,1,1,0.8,1.0482074188994237,0.9999600161518625,Optimization terminated successfully
2013-04-06,133,2,634.1,83.203125,1,1,0.8,1.0480965626906673,0.9999501406043745,Optimization terminated successfully
2013-04-06,133,3,634.1,83.203125,1,1,0.8,1.0483030632165298,0.999990854003565,Optimization terminated successfully
2013-04-06,133,4,634.1,83.203125,1,1,0.8,1.048041958559777,0.9999609791648905,Optimization terminated successfully
2013-04-06,133,5,634.1,83.203125,1,1,0.8,1.0482610316346967,0.9999221741023266,Optimization terminated successfully
2013-04-06,133,6,634.1,83.203125,1,1,0.8,1.0480941296176312,0.9999657261015604,Optimization terminated successfully
2013-04-06,133,7,634.1,83.203125,1,1,0.8,1.0479944083408392,0.9999793093679992,Optimization terminated successfully
2013-04-06,133,8,634.1,83.203125,1,1,0.8,1.0482093635463325,0.9998125634895069,Optimization terminated successfully
2013-04-06,133,9,634.1,83.203125,1,1,0.8,1.0480959170322477,0.999956073277253,Optimization terminated successfully
2013-04-07,134,0,634.1,83.203125,1,1,0.8,1.048113374685643,0.9999589552427068,Optimization terminated successfully
2013-04-07,134,1,634.1,83.203125,1,1,0.8,1.0481468614937812,0.9999854402028939,Optimization terminated successfully
2013-04-07,134,2,634.1,83.203125,1,1,0.8,1.048559511469458,0.9999792245671366,Optimization terminated successfully
2013-04-07,134,3,634.1,83.203125,1,1,0.8,1.0490235177248466,0.9999583600435237,Optimization terminated successfully
2013-04-07,134,4,634.1,83.203125,1,1,0.8,1.0480514143116202,0.9999321118734548,Optimization terminated successfully
2013-04-07,134,5,634.1,83.203125,1,1,0.8,1.0487707843841079,0.9999130796878213,Optimization terminated successfully
2013-04-07,134,6,634.1,83.203125,1,1,0.8,1.048055446110372,0.9999933553693396,Optimization terminated successfully
2013-04-07,134,7,634.1,83.203125,1,1,0.8,1.048029500362844,0.9999052428570929,Optimization terminated successfully
2013-04-07,134,8,634.1,83.203125,1,1,0.8,1.048226807043114,0.9999614049529596,Optimization terminated successfully
2013-04-07,134,9,634.1,83.203125,1,1,0.8,1.0484510255173323,0.9999554911756512,Optimization terminated successfully
2013-04-08,135,0,634.1,83.203125,1,1,0.8,1.047858241375613,0.9999277950108882,Optimization terminated successfully
2013-04-08,135,1,634.1,83.203125,1,1,0.8,1.0486681524363062,0.9999192350973,Optimization terminated successfully
2013-04-08,135,2,634.1,83.203125,1,1,0.8,1.0481895747948535,0.9999753570623967,Optimization terminated successfully
2013-04-08,135,3,634.1,83.203125,1,1,0.8,1.048573651118342,0.9999221797171625,Optimization terminated successfully
2013-04-08,135,4,634.1,83.203125,1,1,0.8,1.0487902691365882,0.9999790371747156,Optimization terminated successfully
2013-04-08,135,5,634.1,83.203125,1,1,0.8,1.048527962436686,0.9999247643525357,Optimization terminated successfully
2013-04-08,135,6,634.1,83.203125,1,1,0.8,1.0484411459068494,0.9999204949677772,Optimization terminated successfully
2013-04-08,135,7,634.1,83.203125,1,1,0.8,1.048315152712756,0.9998684127768536,Optimization terminated successfully
2013-04-08,135,8,634.1,83.203125,1,1,0.8,1.0489016062861896,0.9999900537765999,Optimization terminated successfully
2013-04-08,135,9,634.1,83.203125,1,1,0.8,1.047952879913236,0.9999977318293496,Optimization terminated successfully
2013-04-09,136,0,634.1,83.203125,1,1,0.8,1.0479922496694392,0.9999351041585233,Optimization terminated successfully
2013-04-09,136,1,634.1,83.203125,1,1,0.8,1.0481769574384041,0.9999549073663931,Optimization terminated successfully
2013-04-09,136,2,634.1,83.203125,1,1,0.8,1.0477496772954362,0.9998578706796296,Optimization terminated successfully
2013-04-09,136,3,634.1,83.203125,1,1,0.8,1.0482925415378688,0.9999844256700253,Optimization terminated successfully
2013-04-09,136,4,634.1,83.203125,1,1,0.8,1.0480475952339663,0.999954027704608,Optimization terminated successfully
2013-04-09,136,5,634.1,83.203125,1,1,0.8,1.047734305832563,0.9999514016385201,Optimization terminated successfully
2013-04-09,136,6,634.1,83.203125,1,1,0.8,1.0478445712551065,0.9999985045529228,Optimization terminated successfully
2013-04-09,136,7,634.1,83.203125,1,1,0.8,1.0477121971020165,0.9998455580767268,Optimization terminated successfully
2013-04-09,136,8,634.1,83.203125,1,1,0.8,1.048155540609414,0.9999866679707881,Optimization terminated successfully
2013-04-09,136,9,634.1,83.203125,1,1,0.8,1.0483440324919724,0.9999901295727283,Optimization terminated successfully
2013-04-10,137,0,634.1,83.203125,1,1,0.8,1.0488389931315225,0.9999616279795137,Optimization terminated successfully
2013-04-10,137,1,634.1,83.203125,1,1,0.8,1.0493542739401085,0.9999927346677286,Optimization terminated successfully
2013-04-10,137,2,634.1,83.203125,1,1,0.8,1.0496759537963982,0.99996565561633,Optimization terminated successfully
2013-04-10,137,3,634.1,83.203125,1,1,0.8,1.0495918335825807,1.0000008466667363,Optimization terminated successfully
2013-04-10,137,4,634.1,83.203125,1,1,0.8,1.0494050517233022,0.9999745339207561,Optimization terminated successfully
2013-04-10,137,5,634.1,83.203125,1,1,0.8,1.0496321488303872,0.9999732365315707,Optimization terminated successfully
2013-04-10,137,6,634.1,83.203125,1,1,0.8,1.0490998192275964,0.9999993301105871,Optimization terminated successfully
2013-04-10,137,7,634.1,83.203125,1,1,0.8,1.0488876979860848,0.9998775734576316,Optimization terminated successfully
2013-04-10,137,8,634.1,83.203125,1,1,0.8,1.0494761748131105,0.9999663527176278,Optimization terminated successfully
2013-04-10,137,9,634.1,83.203125,1,1,0.8,1.048760186725906,0.9999896450402511,Optimization terminated successfully
2013-04-11,138,0,634.1,83.203125,1,1,0.8,1.049597601833673,0.999950471147849,Optimization terminated successfully
2013-04-11,138,1,634.1,83.203125,1,1,0.8,1.0496711727779806,0.9999023141468668,Optimization terminated successfully
2013-04-11,138,2,634.1,83.203125,1,1,0.8,1.0498096823042582,0.9999965189000527,Optimization terminated successfully
2013-04-11,138,3,634.1,83.203125,1,1,0.8,1.0498957487762395,0.9999451584684661,Optimization terminated successfully
2013-04-11,138,4,634.1,83.203125,1,1,0.8,1.049748048560896,0.9999705542614257,Optimization terminated successfully
2013-04-11,138,5,634.1,83.203125,0,0,,1.0482114263266091,0.6953027910602022,fixed service power exceeds an audited export limit
2013-04-11,138,6,634.1,83.203125,1,1,0.8,1.0489239350922883,0.9999064141647396,Optimization terminated successfully
2013-04-11,138,7,634.1,83.203125,1,1,0.8,1.0492548206433316,0.9998851619991276,Optimization terminated successfully
2013-04-11,138,8,634.1,83.203125,1,1,0.8,1.0498064582801028,0.9999243517613189,Optimization terminated successfully
2013-04-11,138,9,634.1,83.203125,1,1,0.8,1.0491816648895322,0.9999965886125268,Optimization terminated successfully
2013-04-12,139,0,634.1,83.203125,1,1,0.8,1.0481943849432522,0.9999098664468605,Optimization terminated successfully
2013-04-12,139,1,634.1,83.203125,1,1,0.8,1.0489601811899347,0.9999905727785193,Optimization terminated successfully
2013-04-12,139,2,634.1,83.203125,1,1,0.8,1.0492533804081046,0.9999483836707171,Optimization terminated successfully
2013-04-12,139,3,634.1,83.203125,1,1,0.8,1.0495227646616163,0.9999715707120355,Optimization terminated successfully
2013-04-12,139,4,634.1,83.203125,1,1,0.8,1.0494753300216586,0.9999686919918067,Optimization terminated successfully
2013-04-12,139,5,634.1,83.203125,1,1,0.8,1.0493094454773118,0.9999856665296918,Optimization terminated successfully
2013-04-12,139,6,634.1,83.203125,1,1,0.8,1.0483433438546037,0.9999444455260036,Optimization terminated successfully
2013-04-12,139,7,634.1,83.203125,1,1,0.8,1.0491958847202554,0.9998707849258126,Optimization terminated successfully
2013-04-12,139,8,634.1,83.203125,1,1,0.8,1.0494287474844302,0.9999735536703677,Optimization terminated successfully
2013-04-12,139,9,634.1,83.203125,1,1,0.8,1.0488579590293865,0.9999773204468767,Optimization terminated successfully
2013-04-13,140,0,634.1,83.203125,1,1,0.8,1.048978332888905,0.9999654135047122,Optimization terminated successfully
2013-04-13,140,1,634.1,83.203125,1,1,0.8,1.0489376202821465,0.9999904591042428,Optimization terminated successfully
2013-04-13,140,2,634.1,83.203125,1,1,0.8,1.0491100792902708,0.999973903819642,Optimization terminated successfully
2013-04-13,140,3,634.1,83.203125,1,1,0.8,1.0491988326890915,0.9999853855832948,Optimization terminated successfully
2013-04-13,140,4,634.1,83.203125,1,1,0.8,1.0485767621148978,0.9999255124336275,Optimization terminated successfully
2013-04-13,140,5,634.1,83.203125,1,1,0.8,1.0495308198799582,0.9999995926838956,Optimization terminated successfully
2013-04-13,140,6,634.1,83.203125,1,1,0.8,1.0487709783378847,0.9999804845971777,Optimization terminated successfully
2013-04-13,140,7,634.1,83.203125,1,1,0.8,1.047935803483984,0.9999409875883721,Optimization terminated successfully
2013-04-13,140,8,634.1,83.203125,1,1,0.8,1.049096654145089,0.9999568478637164,Optimization terminated successfully
2013-04-13,140,9,634.1,83.203125,1,1,0.8,1.048628413809053,0.9999554996671717,Optimization terminated successfully
2013-04-14,141,0,634.1,83.203125,1,1,0.8,1.048548014859073,0.9999544636656925,Optimization terminated successfully
2013-04-14,141,1,634.1,83.203125,1,1,0.8,1.0491357525344212,0.9999371981757496,Optimization terminated successfully
2013-04-14,141,2,634.1,83.203125,1,1,0.8,1.048489577051199,0.9998733997899403,Optimization terminated successfully
2013-04-14,141,3,634.1,83.203125,1,1,0.8,1.049752522400385,0.9999861339719691,Optimization terminated successfully
2013-04-14,141,4,634.1,83.203125,1,1,0.8,1.0488333990730856,0.9999976204053759,Optimization terminated successfully
2013-04-14,141,5,634.1,83.203125,1,1,0.8,1.0493593004502098,0.9999445471910355,Optimization terminated successfully
2013-04-14,141,6,634.1,83.203125,1,1,0.8,1.0484529313438709,0.9999060250625832,Optimization terminated successfully
2013-04-14,141,7,634.1,83.203125,1,1,0.8,1.0479136769227868,0.9999766031681204,Optimization terminated successfully
2013-04-14,141,8,634.1,83.203125,1,1,0.8,1.0488657967632613,0.9999145981376057,Optimization terminated successfully
2013-04-14,141,9,634.1,83.203125,1,1,0.8,1.0484909444724062,0.999951926534157,Optimization terminated successfully
2013-04-15,142,0,634.1,83.203125,1,1,0.8,1.0487354774493383,0.9999953915667648,Optimization terminated successfully
2013-04-15,142,1,634.1,83.203125,1,1,0.8,1.0487102344289927,1.0000005508802783,Optimization terminated successfully
2013-04-15,142,2,634.1,83.203125,1,1,0.8,1.0486992673856461,0.9999957536157696,Optimization terminated successfully
2013-04-15,142,3,634.1,83.203125,1,1,0.8,1.0493065738809688,1.0000001364616704,Optimization terminated successfully
2013-04-15,142,4,634.1,83.203125,1,1,0.8,1.0486712191567715,0.9999978783048321,Optimization terminated successfully
2013-04-15,142,5,634.1,83.203125,1,1,0.8,1.0490709302849264,0.9999565958498398,Optimization terminated successfully
2013-04-15,142,6,634.1,83.203125,1,1,0.8,1.0480467491339216,0.9999891602495301,Optimization terminated successfully
2013-04-15,142,7,634.1,83.203125,1,1,0.8,1.0479346382021573,0.9999688673002108,Optimization terminated successfully
2013-04-15,142,8,634.1,83.203125,1,1,0.8,1.0490321815764287,0.999956212905809,Optimization terminated successfully
2013-04-15,142,9,634.1,83.203125,1,1,0.8,1.0482900762798757,0.9999902942999911,Optimization terminated successfully
2013-04-16,143,0,634.1,83.203125,1,1,0.8,1.0478841376210852,0.9999732107309971,Optimization terminated successfully
2013-04-16,143,1,634.1,83.203125,1,1,0.8,1.048249246172319,0.9999813703452249,Optimization terminated successfully
2013-04-16,143,2,634.1,83.203125,1,1,0.8,1.0484048801209243,0.999988552787278,Optimization terminated successfully
2013-04-16,143,3,634.1,83.203125,1,1,0.8,1.04828404984525,0.9999797416479106,Optimization terminated successfully
2013-04-16,143,4,634.1,83.203125,1,1,0.8,1.048209497798254,0.9999250720870274,Optimization terminated successfully
2013-04-16,143,5,634.1,83.203125,1,1,0.8,1.0481331336822615,0.9999032773519636,Optimization terminated successfully
2013-04-16,143,6,634.1,83.203125,1,1,0.8,1.0480997909784944,0.9999719905506161,Optimization terminated successfully
2013-04-16,143,7,634.1,83.203125,1,1,0.8,1.0478432381698364,0.9999756750615119,Optimization terminated successfully
2013-04-16,143,8,634.1,83.203125,1,1,0.8,1.0480820477702772,0.9998702306850809,Optimization terminated successfully
2013-04-16,143,9,634.1,83.203125,1,1,0.8,1.048357756376667,0.9999945643493152,Optimization terminated successfully
2013-04-17,144,0,634.1,83.203125,1,1,0.8,1.0484010068120684,0.9999743239635897,Optimization terminated successfully
2013-04-17,144,1,634.1,83.203125,1,1,0.8,1.0491282520959753,0.9999310978093338,Optimization terminated successfully
2013-04-17,144,2,634.1,83.203125,1,1,0.8,1.0484890618915264,0.9999999090704189,Optimization terminated successfully
2013-04-17,144,3,634.1,83.203125,1,1,0.8,1.0492501099544453,0.9999578043729248,Optimization terminated successfully
2013-04-17,144,4,634.1,83.203125,1,1,0.8,1.0491777020840323,0.9999618382176084,Optimization terminated successfully
2013-04-17,144,5,634.1,83.203125,1,1,0.8,1.0489201364641012,0.9999351577592843,Optimization terminated successfully
2013-04-17,144,6,634.1,83.203125,1,1,0.8,1.0487230837379204,0.9999664410924397,Optimization terminated successfully
2013-04-17,144,7,634.1,83.203125,1,1,0.8,1.0489078746740934,0.9999948296880604,Optimization terminated successfully
2013-04-17,144,8,634.1,83.203125,1,1,0.8,1.0483203133648564,0.9999288439409513,Optimization terminated successfully
2013-04-17,144,9,634.1,83.203125,1,1,0.8,1.0490561760227808,0.9999641201544917,Optimization terminated successfully
2013-04-18,145,0,634.1,83.203125,1,1,0.8,1.0486020015979125,0.9999997268812018,Optimization terminated successfully
2013-04-18,145,1,634.1,83.203125,1,1,0.8,1.0482945626766302,0.9999793746416065,Optimization terminated successfully
2013-04-18,145,2,634.1,83.203125,1,1,0.8,1.0487721195266761,0.9999997672430623,Optimization terminated successfully
2013-04-18,145,3,634.1,83.203125,1,1,0.8,1.0485276037586817,0.999947122883369,Optimization terminated successfully
2013-04-18,145,4,634.1,83.203125,1,1,0.8,1.0486281966151816,0.9999204349825344,Optimization terminated successfully
2013-04-18,145,5,634.1,83.203125,1,1,0.8,1.0483361548109968,0.9999850459138506,Optimization terminated successfully
2013-04-18,145,6,634.1,83.203125,1,1,0.8,1.047720813109721,0.9999346803513106,Optimization terminated successfully
2013-04-18,145,7,634.1,83.203125,1,1,0.8,1.0478203171596863,0.9999516363285127,Optimization terminated successfully
2013-04-18,145,8,634.1,83.203125,1,1,0.8,1.048695225899159,0.999979407800169,Optimization terminated successfully
2013-04-18,145,9,634.1,83.203125,1,1,0.8,1.0482911237177701,0.9999856049908027,Optimization terminated successfully
2013-04-19,146,0,634.1,83.203125,1,1,0.8,1.0486155696943955,0.9999729113679855,Optimization terminated successfully
2013-04-19,146,1,634.1,83.203125,1,1,0.8,1.0486874780596012,0.9999827064862238,Optimization terminated successfully
2013-04-19,146,2,634.1,83.203125,1,1,0.8,1.0482289623981094,0.9998789619295914,Optimization terminated successfully
2013-04-19,146,3,634.1,83.203125,1,1,0.8,1.0482548955272633,0.9998136329046977,Optimization terminated successfully
2013-04-19,146,4,634.1,83.203125,1,1,0.8,1.0485413541359514,0.999986907564389,Optimization terminated successfully
2013-04-19,146,5,634.1,83.203125,1,1,0.8,1.048518480515949,0.9999318360237792,Optimization terminated successfully
2013-04-19,146,6,634.1,83.203125,1,1,0.8,1.048305538192503,0.9999730653071277,Optimization terminated successfully
2013-04-19,146,7,634.1,83.203125,1,1,0.8,1.0480473210208476,0.9999999040448823,Optimization terminated successfully
2013-04-19,146,8,634.1,83.203125,1,1,0.8,1.0480131223075186,0.9998733863427143,Optimization terminated successfully
2013-04-19,146,9,634.1,83.203125,1,1,0.8,1.0484893418991468,0.9999525432828734,Optimization terminated successfully
2013-04-20,147,0,634.1,83.203125,1,1,0.8,1.0482263211803495,0.999966235945803,Optimization terminated successfully
2013-04-20,147,1,634.1,83.203125,1,1,0.8,1.0480189742419,0.9998666242172894,Optimization terminated successfully
2013-04-20,147,2,634.1,83.203125,1,1,0.8,1.0479194414193818,0.9999411375327927,Optimization terminated successfully
2013-04-20,147,3,634.1,83.203125,1,1,0.8,1.0483058243256744,0.9999433005753653,Optimization terminated successfully
2013-04-20,147,4,634.1,83.203125,1,1,0.8,1.0481453404247236,0.9998738269159625,Optimization terminated successfully
2013-04-20,147,5,634.1,83.203125,1,1,0.8,1.048325573602706,0.9999129493696489,Optimization terminated successfully
2013-04-20,147,6,634.1,83.203125,1,1,0.8,1.0480342782554577,1.000000214829303,Optimization terminated successfully
2013-04-20,147,7,634.1,83.203125,1,1,0.8,1.0477606612757402,0.9999883586547808,Optimization terminated successfully
2013-04-20,147,8,634.1,83.203125,1,1,0.8,1.0482341606024794,0.9999637184303029,Optimization terminated successfully
2013-04-20,147,9,634.1,83.203125,1,1,0.8,1.048042430089923,0.9999930280217334,Optimization terminated successfully
2013-04-21,148,0,634.1,83.203125,1,1,0.8,1.0481124558006572,0.9999976057806728,Optimization terminated successfully
2013-04-21,148,1,634.1,83.203125,1,1,0.8,1.0488328210849822,0.9999882012756736,Optimization terminated successfully
2013-04-21,148,2,634.1,83.203125,1,1,0.8,1.0482128610071455,0.9999951153650868,Optimization terminated successfully
2013-04-21,148,3,634.1,83.203125,1,1,0.8,1.0484307227193015,0.9999585341997104,Optimization terminated successfully
2013-04-21,148,4,634.1,83.203125,1,1,0.8,1.0484378262280791,0.9999632308902143,Optimization terminated successfully
2013-04-21,148,5,634.1,83.203125,1,1,0.8,1.0487697025739164,0.9999710054142256,Optimization terminated successfully
2013-04-21,148,6,634.1,83.203125,1,1,0.8,1.0482496388540041,0.9999906983443236,Optimization terminated successfully
2013-04-21,148,7,634.1,83.203125,1,1,0.8,1.0481418046190876,0.9999738442748386,Optimization terminated successfully
2013-04-21,148,8,634.1,83.203125,1,1,0.8,1.0488643626206746,0.9998873453886655,Optimization terminated successfully
2013-04-21,148,9,634.1,83.203125,1,1,0.8,1.0480689319083645,0.9999035470857185,Optimization terminated successfully
2013-04-22,149,0,634.1,83.203125,1,1,0.8,1.04876074116446,0.9999819723153031,Optimization terminated successfully
2013-04-22,149,1,634.1,83.203125,1,1,0.8,1.0493808927488706,0.9999967014205865,Optimization terminated successfully
2013-04-22,149,2,634.1,83.203125,1,1,0.8,1.048902722688269,0.9999344713079202,Optimization terminated successfully
2013-04-22,149,3,634.1,83.203125,1,1,0.8,1.049346773172542,0.9997959721314384,Optimization terminated successfully
2013-04-22,149,4,634.1,83.203125,1,1,0.8,1.0496780810815138,0.9999986075465664,Optimization terminated successfully
2013-04-22,149,5,634.1,83.203125,1,1,0.8,1.0495714334092696,0.9999956586258658,Optimization terminated successfully
2013-04-22,149,6,634.1,83.203125,1,1,0.8,1.0488948227951504,0.9999549569659343,Optimization terminated successfully
2013-04-22,149,7,634.1,83.203125,1,1,0.8,1.048824004461556,0.9999262383236311,Optimization terminated successfully
2013-04-22,149,8,634.1,83.203125,1,1,0.8,1.048969697394092,0.9999383612775103,Optimization terminated successfully
2013-04-22,149,9,634.1,83.203125,1,1,0.8,1.0486907847936109,0.999958573849544,Optimization terminated successfully
2013-04-23,150,0,634.1,83.203125,1,1,0.8,1.0494438929272847,0.9999650405990885,Optimization terminated successfully
2013-04-23,150,1,634.1,83.203125,1,1,0.8,1.0490240882359547,0.9999824701349614,Optimization terminated successfully
2013-04-23,150,2,634.1,83.203125,1,1,0.8,1.0496304231592986,0.9998791545158963,Optimization terminated successfully
2013-04-23,150,3,634.1,83.203125,1,1,0.8,1.0499311383847432,0.9998763836864918,Optimization terminated successfully
2013-04-23,150,4,634.1,83.203125,1,1,0.8,1.0492993613439274,0.9999751180283193,Optimization terminated successfully
2013-04-23,150,5,634.1,83.203125,1,1,0.8,1.049886055196594,0.9999891349622162,Optimization terminated successfully
2013-04-23,150,6,634.1,83.203125,1,1,0.8,1.0488356832259407,0.9999638815268374,Optimization terminated successfully
2013-04-23,150,7,634.1,83.203125,1,1,0.8,1.0488871582743888,0.9999937577649999,Optimization terminated successfully
2013-04-23,150,8,634.1,83.203125,1,1,0.8,1.0484313866329047,0.9999321528004329,Optimization terminated successfully
2013-04-23,150,9,634.1,83.203125,1,1,0.8,1.0489958338134449,0.9999972040793378,Optimization terminated successfully
2013-04-24,151,0,634.1,83.203125,1,1,0.8,1.0493013383440986,0.9999240801832521,Optimization terminated successfully
2013-04-24,151,1,634.1,83.203125,1,1,0.8,1.0491458226129284,0.9998980753195874,Optimization terminated successfully
2013-04-24,151,2,634.1,83.203125,1,1,0.8,1.0496645639429671,0.9999312955825892,Optimization terminated successfully
2013-04-24,151,3,634.1,83.203125,1,1,0.8,1.0499358693443486,0.9999852501371346,Optimization terminated successfully
2013-04-24,151,4,634.1,83.203125,1,1,0.8,1.049623313975456,0.9999741143093344,Optimization terminated successfully
2013-04-24,151,5,634.1,83.203125,1,1,0.8,1.0497341933388102,0.9999962980851964,Optimization terminated successfully
2013-04-24,151,6,634.1,83.203125,1,1,0.8,1.049264865444822,0.9999458822310675,Optimization terminated successfully
2013-04-24,151,7,634.1,83.203125,1,1,0.8,1.047899910354574,0.9999010290048125,Optimization terminated successfully
2013-04-24,151,8,634.1,83.203125,1,1,0.8,1.0493108596105234,0.9999979771110201,Optimization terminated successfully
2013-04-24,151,9,634.1,83.203125,1,1,0.8,1.0486882847337295,0.9999052734580443,Optimization terminated successfully
2013-04-25,152,0,634.1,83.203125,1,1,0.8,1.049120412296782,0.9998903671645715,Optimization terminated successfully
2013-04-25,152,1,634.1,83.203125,1,1,0.8,1.048805104781306,0.9999621852221129,Optimization terminated successfully
2013-04-25,152,2,634.1,83.203125,1,1,0.8,1.048640290419826,0.999965800014358,Optimization terminated successfully
2013-04-25,152,3,634.1,83.203125,1,1,0.8,1.048686877943412,0.9999525013739251,Optimization terminated successfully
2013-04-25,152,4,634.1,83.203125,1,1,0.8,1.0486992492438774,0.9999151686179978,Optimization terminated successfully
2013-04-25,152,5,634.1,83.203125,1,1,0.8,1.0492116427422886,0.9998079625016759,Optimization terminated successfully
2013-04-25,152,6,634.1,83.203125,1,1,0.8,1.0487630383120288,0.9999542161897568,Optimization terminated successfully
2013-04-25,152,7,634.1,83.203125,1,1,0.8,1.0482117431074383,0.999981759816515,Optimization terminated successfully
2013-04-25,152,8,634.1,83.203125,1,1,0.8,1.048397309445285,0.9999262936388298,Optimization terminated successfully
2013-04-25,152,9,634.1,83.203125,1,1,0.8,1.0492833780201947,0.9999125557383293,Optimization terminated successfully
2013-04-26,153,0,634.1,83.203125,1,1,0.8,1.049506218257007,0.9999810587186512,Optimization terminated successfully
2013-04-26,153,1,634.1,83.203125,1,1,0.8,1.0491901367356546,0.9999708330841738,Optimization terminated successfully
2013-04-26,153,2,634.1,83.203125,1,1,0.8,1.0496238042295603,0.9999563577197501,Optimization terminated successfully
2013-04-26,153,3,634.1,83.203125,1,1,0.8,1.0496190004158623,0.9999627449764283,Optimization terminated successfully
2013-04-26,153,4,634.1,83.203125,1,1,0.8,1.0493620246587492,0.9999912756051196,Optimization terminated successfully
2013-04-26,153,5,634.1,83.203125,0,0,,1.0480947398045863,0.7072652963763276,fixed service power exceeds an audited export limit
2013-04-26,153,6,634.1,83.203125,1,1,0.8,1.0492656315894036,0.9999526391225104,Optimization terminated successfully
2013-04-26,153,7,634.1,83.203125,1,1,0.8,1.0487934420686194,0.9999224838580834,Optimization terminated successfully
2013-04-26,153,8,634.1,83.203125,1,1,0.8,1.0492064327360002,0.9999358462282772,Optimization terminated successfully
2013-04-26,153,9,634.1,83.203125,1,1,0.8,1.0490359483346734,0.9998298473750539,Optimization terminated successfully
2013-04-27,154,0,634.1,83.203125,1,1,0.8,1.0489995753184178,0.9999579499821576,Optimization terminated successfully
2013-04-27,154,1,634.1,83.203125,1,1,0.8,1.0488308226582352,0.9998109375364097,Optimization terminated successfully
2013-04-27,154,2,634.1,83.203125,1,1,0.8,1.0487998712900848,0.9999819483801913,Optimization terminated successfully
2013-04-27,154,3,634.1,83.203125,1,1,0.8,1.0489583373029348,0.9999490728549253,Optimization terminated successfully
2013-04-27,154,4,634.1,83.203125,1,1,0.8,1.0489522336031745,0.9998891223659971,Optimization terminated successfully
2013-04-27,154,5,634.1,83.203125,0,0,,1.0481606375370727,0.7250258655020413,fixed service power exceeds an audited export limit
2013-04-27,154,6,634.1,83.203125,1,1,0.8,1.0487365434661922,0.9999968081618348,Optimization terminated successfully
2013-04-27,154,7,634.1,83.203125,1,1,0.8,1.0479586243419723,0.9999861509642102,Optimization terminated successfully
2013-04-27,154,8,634.1,83.203125,1,1,0.8,1.0490591145554538,0.9999816522714224,Optimization terminated successfully
2013-04-27,154,9,634.1,83.203125,1,1,0.8,1.0494667868763439,0.9999420340190488,Optimization terminated successfully
2013-04-28,155,0,634.1,83.203125,1,1,0.8,1.0487730270998652,0.9999041874833897,Optimization terminated successfully
2013-04-28,155,1,634.1,83.203125,1,1,0.8,1.0484312467963859,0.9999701154313908,Optimization terminated successfully
2013-04-28,155,2,634.1,83.203125,1,1,0.8,1.048494790214723,0.9999792343839815,Optimization terminated successfully
2013-04-28,155,3,634.1,83.203125,1,1,0.8,1.0493757950613942,0.9999976956381078,Optimization terminated successfully
2013-04-28,155,4,634.1,83.203125,1,1,0.8,1.0489957436889052,0.9999974944791936,Optimization terminated successfully
2013-04-28,155,5,634.1,83.203125,1,1,0.8,1.0495360370613842,0.9998757424822609,Optimization terminated successfully
2013-04-28,155,6,634.1,83.203125,1,1,0.8,1.0489222289003757,0.999994250024113,Optimization terminated successfully
2013-04-28,155,7,634.1,83.203125,1,1,0.8,1.0482939756567913,0.9999901498696472,Optimization terminated successfully
2013-04-28,155,8,634.1,83.203125,1,1,0.8,1.0484575107541265,0.9999374285366155,Optimization terminated successfully
2013-04-28,155,9,634.1,83.203125,1,1,0.8,1.0484305532179268,0.9999401003105335,Optimization terminated successfully
2013-04-29,156,0,634.1,83.203125,1,1,0.8,1.0491071700088914,0.9999872376052529,Optimization terminated successfully
2013-04-29,156,1,634.1,83.203125,1,1,0.8,1.0487464135986901,0.9999335487199903,Optimization terminated successfully
2013-04-29,156,2,634.1,83.203125,1,1,0.8,1.0487644997821024,0.9999683509739371,Optimization terminated successfully
2013-04-29,156,3,634.1,83.203125,1,1,0.8,1.0497626614743152,0.9999281700278687,Optimization terminated successfully
2013-04-29,156,4,634.1,83.203125,1,1,0.8,1.0493900057369925,0.999988235456659,Optimization terminated successfully
2013-04-29,156,5,634.1,83.203125,1,1,0.8,1.0497770312891057,0.9999804815304447,Optimization terminated successfully
2013-04-29,156,6,634.1,83.203125,1,1,0.8,1.0487556537577258,0.9999840994113584,Optimization terminated successfully
2013-04-29,156,7,634.1,83.203125,1,1,0.8,1.0487735692161126,0.9999885969657359,Optimization terminated successfully
2013-04-29,156,8,634.1,83.203125,1,1,0.8,1.0491001984664858,0.9999880223465341,Optimization terminated successfully
2013-04-29,156,9,634.1,83.203125,1,1,0.8,1.0488146790617352,0.9999847826787366,Optimization terminated successfully
2013-04-30,157,0,634.1,83.203125,1,1,0.8,1.0486158539298607,0.9999585490315518,Optimization terminated successfully
2013-04-30,157,1,634.1,83.203125,1,1,0.8,1.048189185375128,0.9999284872968149,Optimization terminated successfully
2013-04-30,157,2,634.1,83.203125,1,1,0.8,1.0483163250177967,0.9999883064240075,Optimization terminated successfully
2013-04-30,157,3,634.1,83.203125,1,1,0.8,1.0487986912793956,0.999981506566708,Optimization terminated successfully
2013-04-30,157,4,634.1,83.203125,1,1,0.8,1.049017010162317,0.999980076640396,Optimization terminated successfully
2013-04-30,157,5,634.1,83.203125,1,1,0.8,1.048630346530777,0.9999588688149043,Optimization terminated successfully
2013-04-30,157,6,634.1,83.203125,1,1,0.8,1.0480105089196168,1.0000006691257337,Optimization terminated successfully
2013-04-30,157,7,634.1,83.203125,1,1,0.8,1.0487836143921487,0.999974158646549,Optimization terminated successfully
2013-04-30,157,8,634.1,83.203125,1,1,0.8,1.0489111295496576,0.9998694004063428,Optimization terminated successfully
2013-04-30,157,9,634.1,83.203125,1,1,0.8,1.0477291890822424,0.9999928065613638,Optimization terminated successfully
2013-05-01,158,0,634.1,83.203125,1,1,0.8,1.0489793616708154,0.9999550843809314,Optimization terminated successfully
2013-05-01,158,1,634.1,83.203125,1,1,0.8,1.049349870483646,0.9999446770948524,Optimization terminated successfully
2013-05-01,158,2,634.1,83.203125,1,1,0.8,1.0492010004632986,0.9999664495721808,Optimization terminated successfully
2013-05-01,158,3,634.1,83.203125,1,1,0.8,1.0491934911819345,0.9999769367175002,Optimization terminated successfully
2013-05-01,158,4,634.1,83.203125,1,1,0.8,1.0498782682429366,0.9999889177856137,Optimization terminated successfully
2013-05-01,158,5,634.1,83.203125,1,1,0.8,1.049487712083174,0.9999887702338638,Optimization terminated successfully
2013-05-01,158,6,634.1,83.203125,1,1,0.8,1.0492041684565518,0.9998825965340775,Optimization terminated successfully
2013-05-01,158,7,634.1,83.203125,1,1,0.8,1.0489743540940277,0.999850227220302,Optimization terminated successfully
2013-05-01,158,8,634.1,83.203125,1,1,0.8,1.049162982318754,0.9999870863870294,Optimization terminated successfully
2013-05-01,158,9,634.1,83.203125,1,1,0.8,1.048803381837225,0.9999903622243216,Optimization terminated successfully
2013-05-02,159,0,634.1,83.203125,1,1,0.8,1.0494030331849822,0.999955194915099,Optimization terminated successfully
2013-05-02,159,1,634.1,83.203125,1,1,0.8,1.0488853355330736,0.9999963500529064,Optimization terminated successfully
2013-05-02,159,2,634.1,83.203125,1,1,0.8,1.0494366416629224,0.9999837093089928,Optimization terminated successfully
2013-05-02,159,3,634.1,83.203125,1,1,0.8,1.0498254604662507,0.999940715900972,Optimization terminated successfully
2013-05-02,159,4,634.1,83.203125,1,1,0.8,1.0497167339117681,0.9999997123520992,Optimization terminated successfully
2013-05-02,159,5,634.1,83.203125,1,1,0.8,1.0493865613916984,0.9999931794041025,Optimization terminated successfully
2013-05-02,159,6,634.1,83.203125,1,1,0.8,1.0491737456422985,0.999984254995369,Optimization terminated successfully
2013-05-02,159,7,634.1,83.203125,1,1,0.8,1.0491258562041519,0.9999905777014554,Optimization terminated successfully
2013-05-02,159,8,634.1,83.203125,1,1,0.8,1.0490367201915383,0.9999412205656464,Optimization terminated successfully
2013-05-02,159,9,634.1,83.203125,1,1,0.8,1.0486814103730038,0.9999578995353311,Optimization terminated successfully
2013-05-03,160,0,634.1,83.203125,1,1,0.8,1.049236382673059,0.9999696969093077,Optimization terminated successfully
2013-05-03,160,1,634.1,83.203125,1,1,0.8,1.049008299966979,0.9999732038435973,Optimization terminated successfully
2013-05-03,160,2,634.1,83.203125,1,1,0.8,1.0491882977536386,0.9999971607526587,Optimization terminated successfully
2013-05-03,160,3,634.1,83.203125,1,1,0.8,1.049061402641719,0.9999856351388564,Optimization terminated successfully
2013-05-03,160,4,634.1,83.203125,1,1,0.8,1.0494738553317688,0.9999398995363805,Optimization terminated successfully
2013-05-03,160,5,634.1,83.203125,1,1,0.8,1.0499949184853492,0.9999480279862697,Optimization terminated successfully
2013-05-03,160,6,634.1,83.203125,1,1,0.8,1.0491036448524536,0.9999355929134489,Optimization terminated successfully
2013-05-03,160,7,634.1,83.203125,1,1,0.8,1.0491065743081542,0.9999736081822009,Optimization terminated successfully
2013-05-03,160,8,634.1,83.203125,1,1,0.8,1.0488257538555914,0.9999771044161043,Optimization terminated successfully
2013-05-03,160,9,634.1,83.203125,1,1,0.8,1.0490913993342454,0.9999398161075247,Optimization terminated successfully
2013-05-04,161,0,634.1,83.203125,1,1,0.8,1.0481749341439213,0.9998643596804047,Optimization terminated successfully
2013-05-04,161,1,634.1,83.203125,1,1,0.8,1.048167245421398,0.999966097859996,Optimization terminated successfully
2013-05-04,161,2,634.1,83.203125,1,1,0.8,1.0491906836434353,0.9998312268119739,Optimization terminated successfully
2013-05-04,161,3,634.1,83.203125,1,1,0.8,1.0483217109015002,0.9999317249692574,Optimization terminated successfully
2013-05-04,161,4,634.1,83.203125,1,1,0.8,1.0491692744176773,0.9999342752100872,Optimization terminated successfully
2013-05-04,161,5,634.1,83.203125,1,1,0.8,1.0492064047964742,0.9998993748585391,Optimization terminated successfully
2013-05-04,161,6,634.1,83.203125,1,1,0.8,1.0482879910742944,0.999977776993041,Optimization terminated successfully
2013-05-04,161,7,634.1,83.203125,1,1,0.8,1.0486545549519417,0.9999664904488643,Optimization terminated successfully
2013-05-04,161,8,634.1,83.203125,1,1,0.8,1.0483900454579853,0.9999661653932926,Optimization terminated successfully
2013-05-04,161,9,634.1,83.203125,1,1,0.8,1.0481754591938066,0.9999470716638227,Optimization terminated successfully
2013-05-05,162,0,634.1,83.203125,1,1,0.8,1.048138519733103,0.9999971670576463,Optimization terminated successfully
2013-05-05,162,1,634.1,83.203125,1,1,0.8,1.048520394430927,1.0000000586624256,Optimization terminated successfully
2013-05-05,162,2,634.1,83.203125,1,1,0.8,1.048743984086717,0.9999841918300789,Optimization terminated successfully
2013-05-05,162,3,634.1,83.203125,1,1,0.8,1.0488290078282236,0.9999227821154842,Optimization terminated successfully
2013-05-05,162,4,634.1,83.203125,1,1,0.8,1.048773487444378,0.9999571938149698,Optimization terminated successfully
2013-05-05,162,5,634.1,83.203125,1,1,0.8,1.0489575394232558,0.9999984832713037,Optimization terminated successfully
2013-05-05,162,6,634.1,83.203125,1,1,0.8,1.0480013458132844,0.9999878915370367,Optimization terminated successfully
2013-05-05,162,7,634.1,83.203125,1,1,0.8,1.0489470951654885,0.9999796843827032,Optimization terminated successfully
2013-05-05,162,8,634.1,83.203125,1,1,0.8,1.049110884109477,0.9999718636394084,Optimization terminated successfully
2013-05-05,162,9,634.1,83.203125,1,1,0.8,1.0479032606063647,0.9999710476333658,Optimization terminated successfully
2013-05-06,163,0,634.1,83.203125,1,1,0.8,1.0486202773296274,0.9999941414538339,Optimization terminated successfully
2013-05-06,163,1,634.1,83.203125,1,1,0.8,1.048906890465222,0.9999871900772291,Optimization terminated successfully
2013-05-06,163,2,634.1,83.203125,1,1,0.8,1.0485246731306588,0.9999966841956109,Optimization terminated successfully
2013-05-06,163,3,634.1,83.203125,1,1,0.8,1.0494033871004746,0.9998834296397751,Optimization terminated successfully
2013-05-06,163,4,634.1,83.203125,1,1,0.8,1.0495600011198583,1.000000610013614,Optimization terminated successfully
2013-05-06,163,5,634.1,83.203125,1,1,0.8,1.0492668510676022,0.9999911508464185,Optimization terminated successfully
2013-05-06,163,6,634.1,83.203125,1,1,0.8,1.0479028750843202,0.9999962758460145,Optimization terminated successfully
2013-05-06,163,7,634.1,83.203125,1,1,0.8,1.0485945851418856,0.9999988502433838,Optimization terminated successfully
2013-05-06,163,8,634.1,83.203125,1,1,0.8,1.0490209989018564,0.9999666288133744,Optimization terminated successfully
2013-05-06,163,9,634.1,83.203125,1,1,0.8,1.048404202029256,0.9999903642665916,Optimization terminated successfully
2013-05-07,164,0,634.1,83.203125,1,1,0.8,1.047850488205222,0.999919542517608,Optimization terminated successfully
2013-05-07,164,1,634.1,83.203125,1,1,0.8,1.0483240516158159,0.9999902618388855,Optimization terminated successfully
2013-05-07,164,2,634.1,83.203125,1,1,0.8,1.047804888205889,0.9999484011662282,Optimization terminated successfully
2013-05-07,164,3,634.1,83.203125,1,1,0.8,1.0480944193189392,0.9999719708983843,Optimization terminated successfully
2013-05-07,164,4,634.1,83.203125,1,1,0.8,1.0479417948630811,0.9999962259432623,Optimization terminated successfully
2013-05-07,164,5,634.1,83.203125,1,1,0.8,1.0482711187088773,0.9999795294645122,Optimization terminated successfully
2013-05-07,164,6,634.1,83.203125,1,1,0.8,1.047687970730558,0.9999952280062832,Optimization terminated successfully
2013-05-07,164,7,634.1,83.203125,1,1,0.8,1.0478563223483464,0.9999963192816939,Optimization terminated successfully
2013-05-07,164,8,634.1,83.203125,1,1,0.8,1.0480111649354615,0.9999395288985565,Optimization terminated successfully
2013-05-07,164,9,634.1,83.203125,1,1,0.8,1.048080513751675,0.9999774170857747,Optimization terminated successfully
2013-05-08,165,0,634.1,83.203125,1,1,0.8,1.0482523568650408,0.9999548709641993,Optimization terminated successfully
2013-05-08,165,1,634.1,83.203125,1,1,0.8,1.0486770942300108,0.9999372001843764,Optimization terminated successfully
2013-05-08,165,2,634.1,83.203125,1,1,0.8,1.0480871407491077,0.9999837062683049,Optimization terminated successfully
2013-05-08,165,3,634.1,83.203125,1,1,0.8,1.0483170603088325,0.9999666595412194,Optimization terminated successfully
2013-05-08,165,4,634.1,83.203125,1,1,0.8,1.0484569441370835,0.9999698210662187,Optimization terminated successfully
2013-05-08,165,5,634.1,83.203125,1,1,0.8,1.0485675834484436,0.9998643445821455,Optimization terminated successfully
2013-05-08,165,6,634.1,83.203125,1,1,0.8,1.0480793969490811,0.9999987491638843,Optimization terminated successfully
2013-05-08,165,7,634.1,83.203125,1,1,0.8,1.047788127194064,0.999953618700773,Optimization terminated successfully
2013-05-08,165,8,634.1,83.203125,1,1,0.8,1.0483887758691024,0.9997514698573964,Optimization terminated successfully
2013-05-08,165,9,634.1,83.203125,1,1,0.8,1.0484860320367626,0.9999892638359342,Optimization terminated successfully
2013-05-09,166,0,634.1,83.203125,1,1,0.8,1.0489893444179383,0.9999739306073865,Optimization terminated successfully
2013-05-09,166,1,634.1,83.203125,1,1,0.8,1.049218080918286,0.9999471200549217,Optimization terminated successfully
2013-05-09,166,2,634.1,83.203125,1,1,0.8,1.0495305221047877,0.9999608685260752,Optimization terminated successfully
2013-05-09,166,3,634.1,83.203125,1,1,0.8,1.049395435130805,0.9999299292484783,Optimization terminated successfully
2013-05-09,166,4,634.1,83.203125,1,1,0.8,1.0493433918561497,0.9999800403676914,Optimization terminated successfully
2013-05-09,166,5,634.1,83.203125,1,1,0.8,1.0494730949791766,0.9999869496620237,Optimization terminated successfully
2013-05-09,166,6,634.1,83.203125,1,1,0.8,1.0489032982793027,0.9999677152029188,Optimization terminated successfully
2013-05-09,166,7,634.1,83.203125,1,1,0.8,1.0489173922862818,0.9999530032692653,Optimization terminated successfully
2013-05-09,166,8,634.1,83.203125,1,1,0.8,1.0494004013799572,0.9999952056831318,Optimization terminated successfully
2013-05-09,166,9,634.1,83.203125,1,1,0.8,1.048946419491049,0.9999889337656941,Optimization terminated successfully
2013-05-10,167,0,634.1,83.203125,1,1,0.8,1.0491434853053854,0.9999371988030843,Optimization terminated successfully
2013-05-10,167,1,634.1,83.203125,1,1,0.8,1.0493213289306476,0.9999848066926246,Optimization terminated successfully
2013-05-10,167,2,634.1,83.203125,1,1,0.8,1.0488412117229644,0.9999870173018224,Optimization terminated successfully
2013-05-10,167,3,634.1,83.203125,1,1,0.8,1.049566896510053,0.9998728131992151,Optimization terminated successfully
2013-05-10,167,4,634.1,83.203125,1,1,0.8,1.049074807445781,0.9999400769056426,Optimization terminated successfully
2013-05-10,167,5,634.1,83.203125,1,1,0.8,1.0495602176252639,0.9999013492069927,Optimization terminated successfully
2013-05-10,167,6,634.1,83.203125,1,1,0.8,1.0488952652024326,0.9999338505820613,Optimization terminated successfully
2013-05-10,167,7,634.1,83.203125,1,1,0.8,1.049316133506855,0.9999796872276256,Optimization terminated successfully
2013-05-10,167,8,634.1,83.203125,1,1,0.8,1.0489973669534187,0.9999927656246503,Optimization terminated successfully
2013-05-10,167,9,634.1,83.203125,1,1,0.8,1.0483047397950254,0.999919177951296,Optimization terminated successfully
2013-05-11,168,0,634.1,83.203125,1,1,0.8,1.047838592209934,0.9999252298790405,Optimization terminated successfully
2013-05-11,168,1,634.1,83.203125,1,1,0.8,1.0479533201685736,0.9999677817972564,Optimization terminated successfully
2013-05-11,168,2,634.1,83.203125,1,1,0.8,1.0481732203788554,0.9998683132772476,Optimization terminated successfully
2013-05-11,168,3,634.1,83.203125,1,1,0.8,1.0481919514855753,0.9999283743863837,Optimization terminated successfully
2013-05-11,168,4,634.1,83.203125,1,1,0.8,1.0482075029059192,0.9999731012381995,Optimization terminated successfully
2013-05-11,168,5,634.1,83.203125,1,1,0.8,1.048261126124171,0.9999173483159919,Optimization terminated successfully
2013-05-11,168,6,634.1,83.203125,1,1,0.8,1.047964197200309,0.9999162248392274,Optimization terminated successfully
2013-05-11,168,7,634.1,83.203125,1,1,0.8,1.0477930024603848,0.9999918224029992,Optimization terminated successfully
2013-05-11,168,8,634.1,83.203125,1,1,0.8,1.0480741240116436,0.9999952490104717,Optimization terminated successfully
2013-05-11,168,9,634.1,83.203125,1,1,0.8,1.0479272598166676,0.9998831114088601,Optimization terminated successfully
2013-05-12,169,0,634.1,83.203125,1,1,0.8,1.048292321269274,0.9999922320204739,Optimization terminated successfully
2013-05-12,169,1,634.1,83.203125,1,1,0.8,1.0485828741184722,0.9999825077260215,Optimization terminated successfully
2013-05-12,169,2,634.1,83.203125,1,1,0.8,1.0491901823474032,0.9999194615680458,Optimization terminated successfully
2013-05-12,169,3,634.1,83.203125,1,1,0.8,1.0484673540519769,0.9999953974435821,Optimization terminated successfully
2013-05-12,169,4,634.1,83.203125,1,1,0.8,1.0481981527318758,0.9999333393122887,Optimization terminated successfully
2013-05-12,169,5,634.1,83.203125,1,1,0.8,1.0488281451056645,0.9999474104373133,Optimization terminated successfully
2013-05-12,169,6,634.1,83.203125,1,1,0.8,1.0481810387977928,0.9999675905948763,Optimization terminated successfully
2013-05-12,169,7,634.1,83.203125,1,1,0.8,1.0477865288393122,0.9999917320544399,Optimization terminated successfully
2013-05-12,169,8,634.1,83.203125,1,1,0.8,1.0490546775243892,0.9997761852069929,Optimization terminated successfully
2013-05-12,169,9,634.1,83.203125,1,1,0.8,1.0485835230413565,0.9999555095010887,Optimization terminated successfully
2013-05-13,170,0,634.1,83.203125,1,1,0.8,1.0479154523455312,0.999981011286019,Optimization terminated successfully
2013-05-13,170,1,634.1,83.203125,1,1,0.8,1.0478443520310583,0.9999167958134406,Optimization terminated successfully
2013-05-13,170,2,634.1,83.203125,1,1,0.8,1.04785089301567,0.9999333018260317,Optimization terminated successfully
2013-05-13,170,3,634.1,83.203125,1,1,0.8,1.0480947019155729,0.9999676532794621,Optimization terminated successfully
2013-05-13,170,4,634.1,83.203125,1,1,0.8,1.0482986726025674,0.9999153595149862,Optimization terminated successfully
2013-05-13,170,5,634.1,83.203125,1,1,0.8,1.0481664867121105,0.9999826119841624,Optimization terminated successfully
2013-05-13,170,6,634.1,83.203125,1,1,0.8,1.0478740976717937,0.9999144070376526,Optimization terminated successfully
2013-05-13,170,7,634.1,83.203125,1,1,0.8,1.0478911728011275,0.9999936651418508,Optimization terminated successfully
2013-05-13,170,8,634.1,83.203125,1,1,0.8,1.0480066631711265,0.9998679312636104,Optimization terminated successfully
2013-05-13,170,9,634.1,83.203125,1,1,0.8,1.047976246756732,0.9999412453360836,Optimization terminated successfully
2013-05-14,171,0,634.1,83.203125,1,1,0.8,1.048564423571674,0.9999778494010843,Optimization terminated successfully
2013-05-14,171,1,634.1,83.203125,1,1,0.8,1.048194909826535,0.9999915389587234,Optimization terminated successfully
2013-05-14,171,2,634.1,83.203125,1,1,0.8,1.0486336854426441,0.9999287834504476,Optimization terminated successfully
2013-05-14,171,3,634.1,83.203125,1,1,0.8,1.048856311985475,0.9999777330596529,Optimization terminated successfully
2013-05-14,171,4,634.1,83.203125,1,1,0.8,1.0489778343642455,0.9999359672284507,Optimization terminated successfully
2013-05-14,171,5,634.1,83.203125,1,1,0.8,1.049503046623362,0.9999465506902719,Optimization terminated successfully
2013-05-14,171,6,634.1,83.203125,1,1,0.8,1.0481952420016967,0.9999597640300821,Optimization terminated successfully
2013-05-14,171,7,634.1,83.203125,1,1,0.8,1.0477233679678657,0.9998891931270911,Optimization terminated successfully
2013-05-14,171,8,634.1,83.203125,1,1,0.8,1.048808147049621,0.9999264511706623,Optimization terminated successfully
2013-05-14,171,9,634.1,83.203125,1,1,0.8,1.0482930328770568,0.9999266433906032,Optimization terminated successfully
2013-05-15,172,0,634.1,83.203125,1,1,0.8,1.048750683008985,0.9999780689196932,Optimization terminated successfully
2013-05-15,172,1,634.1,83.203125,1,1,0.8,1.0492329983343327,0.9999033025428399,Optimization terminated successfully
2013-05-15,172,2,634.1,83.203125,1,1,0.8,1.0489491791369503,0.999901337299991,Optimization terminated successfully
2013-05-15,172,3,634.1,83.203125,1,1,0.8,1.0493507088090974,0.9999571199163624,Optimization terminated successfully
2013-05-15,172,4,634.1,83.203125,1,1,0.8,1.0490922622638152,0.9999978157438505,Optimization terminated successfully
2013-05-15,172,5,634.1,83.203125,1,1,0.8,1.049355171864762,0.9999840441854786,Optimization terminated successfully
2013-05-15,172,6,634.1,83.203125,1,1,0.8,1.0492921535622137,0.9999181185652204,Optimization terminated successfully
2013-05-15,172,7,634.1,83.203125,1,1,0.8,1.0480982913739407,0.9999957739901035,Optimization terminated successfully
2013-05-15,172,8,634.1,83.203125,1,1,0.8,1.0489338019897965,0.9999903809301693,Optimization terminated successfully
2013-05-15,172,9,634.1,83.203125,1,1,0.8,1.0485677582103732,0.9999575328988622,Optimization terminated successfully
2013-05-16,173,0,634.1,83.203125,1,1,0.8,1.0487527631845943,0.9999111475886341,Optimization terminated successfully
2013-05-16,173,1,634.1,83.203125,1,1,0.8,1.0479024369664767,0.9999829732293497,Optimization terminated successfully
2013-05-16,173,2,634.1,83.203125,1,1,0.8,1.0478558065148236,0.9999186901672247,Optimization terminated successfully
2013-05-16,173,3,634.1,83.203125,1,1,0.8,1.048336851060976,0.9999625143472354,Optimization terminated successfully
2013-05-16,173,4,634.1,83.203125,1,1,0.8,1.0481224409216465,0.9999310697459173,Optimization terminated successfully
2013-05-16,173,5,634.1,83.203125,1,1,0.8,1.0479438930926437,0.9999379977910492,Optimization terminated successfully
2013-05-16,173,6,634.1,83.203125,1,1,0.8,1.0480695810833247,0.9999258629090007,Optimization terminated successfully
2013-05-16,173,7,634.1,83.203125,1,1,0.8,1.0475701760267901,0.9999860298052663,Optimization terminated successfully
2013-05-16,173,8,634.1,83.203125,1,1,0.8,1.048345505666115,0.9999492857974908,Optimization terminated successfully
2013-05-16,173,9,634.1,83.203125,1,1,0.8,1.0480597043480573,0.99983676754879,Optimization terminated successfully
2013-05-17,174,0,634.1,83.203125,1,1,0.8,1.0491149104195572,0.9999812051551997,Optimization terminated successfully
2013-05-17,174,1,634.1,83.203125,1,1,0.8,1.0488039526283788,0.9999535105663018,Optimization terminated successfully
2013-05-17,174,2,634.1,83.203125,1,1,0.8,1.0489946634628373,0.9999597724375439,Optimization terminated successfully
2013-05-17,174,3,634.1,83.203125,1,1,0.8,1.049209495828041,0.9999317157708125,Optimization terminated successfully
2013-05-17,174,4,634.1,83.203125,1,1,0.8,1.0493343838868898,0.9999925281289723,Optimization terminated successfully
2013-05-17,174,5,634.1,83.203125,1,1,0.8,1.049442192855813,0.9999348785498665,Optimization terminated successfully
2013-05-17,174,6,634.1,83.203125,1,1,0.8,1.0488842600879733,0.9999815825015547,Optimization terminated successfully
2013-05-17,174,7,634.1,83.203125,1,1,0.8,1.0488704199529435,0.9998930731722453,Optimization terminated successfully
2013-05-17,174,8,634.1,83.203125,1,1,0.8,1.0489491990161526,0.9999488465324223,Optimization terminated successfully
2013-05-17,174,9,634.1,83.203125,1,1,0.8,1.048483835171273,0.9999671439912713,Optimization terminated successfully
2013-05-18,175,0,634.1,83.203125,1,1,0.8,1.048765025585385,0.9998719343113123,Optimization terminated successfully
2013-05-18,175,1,634.1,83.203125,1,1,0.8,1.0486372433013647,0.9998885848282612,Optimization terminated successfully
2013-05-18,175,2,634.1,83.203125,1,1,0.8,1.048448995715857,0.9999668281388987,Optimization terminated successfully
2013-05-18,175,3,634.1,83.203125,1,1,0.8,1.048832436227604,0.9999374032648924,Optimization terminated successfully
2013-05-18,175,4,634.1,83.203125,1,1,0.8,1.0484247848718067,0.9999353407166217,Optimization terminated successfully
2013-05-18,175,5,634.1,83.203125,1,1,0.8,1.0496023959324543,0.999882133689327,Optimization terminated successfully
2013-05-18,175,6,634.1,83.203125,1,1,0.8,1.0489952568263492,0.999923947365012,Optimization terminated successfully
2013-05-18,175,7,634.1,83.203125,1,1,0.8,1.047977795691209,0.9999791036270287,Optimization terminated successfully
2013-05-18,175,8,634.1,83.203125,1,1,0.8,1.0484881184320267,0.9999783475434382,Optimization terminated successfully
2013-05-18,175,9,634.1,83.203125,1,1,0.8,1.0486438824854782,0.9999505668032793,Optimization terminated successfully
2013-05-19,176,0,634.1,83.203125,1,1,0.8,1.0486415852569684,0.9999348131285029,Optimization terminated successfully
2013-05-19,176,1,634.1,83.203125,1,1,0.8,1.0483767153093253,0.999999533215996,Optimization terminated successfully
2013-05-19,176,2,634.1,83.203125,1,1,0.8,1.0487050562198053,0.9998324359130414,Optimization terminated successfully
2013-05-19,176,3,634.1,83.203125,1,1,0.8,1.0488873615546244,0.9999093119225573,Optimization terminated successfully
2013-05-19,176,4,634.1,83.203125,1,1,0.8,1.048968376337453,0.9999503566164178,Optimization terminated successfully
2013-05-19,176,5,634.1,83.203125,1,1,0.8,1.0489659776630267,0.9998613676665306,Optimization terminated successfully
2013-05-19,176,6,634.1,83.203125,1,1,0.8,1.0484360442566436,0.9999348388575835,Optimization terminated successfully
2013-05-19,176,7,634.1,83.203125,1,1,0.8,1.0479210813349926,0.99989245873925,Optimization terminated successfully
2013-05-19,176,8,634.1,83.203125,1,1,0.8,1.0485661681711063,0.9999309618592288,Optimization terminated successfully
2013-05-19,176,9,634.1,83.203125,1,1,0.8,1.0480919561632613,0.9999442651608257,Optimization terminated successfully
2013-05-20,177,0,634.1,83.203125,1,1,0.8,1.049240777044664,0.9999159687095226,Optimization terminated successfully
2013-05-20,177,1,634.1,83.203125,1,1,0.8,1.0489904375841215,0.9999457975714996,Optimization terminated successfully
2013-05-20,177,2,634.1,83.203125,1,1,0.8,1.0491616659325127,0.9999912617398746,Optimization terminated successfully
2013-05-20,177,3,634.1,83.203125,1,1,0.8,1.049229060551042,0.9999389865647919,Optimization terminated successfully
2013-05-20,177,4,634.1,83.203125,1,1,0.8,1.048853647704238,0.9999971042324165,Optimization terminated successfully
2013-05-20,177,5,634.1,83.203125,1,1,0.8,1.0494225114050553,0.9999741655401659,Optimization terminated successfully
2013-05-20,177,6,634.1,83.203125,1,1,0.8,1.0489505585850039,0.9999912797227449,Optimization terminated successfully
2013-05-20,177,7,634.1,83.203125,1,1,0.8,1.0480235377107783,1.000000474082832,Optimization terminated successfully
2013-05-20,177,8,634.1,83.203125,1,1,0.8,1.0492840644466996,0.9998508158306448,Optimization terminated successfully
2013-05-20,177,9,634.1,83.203125,1,1,0.8,1.048585261668217,0.9998436609664503,Optimization terminated successfully
2013-05-21,178,0,634.1,83.203125,1,1,0.8,1.0492873240230483,0.9998490807075592,Optimization terminated successfully
2013-05-21,178,1,634.1,83.203125,1,1,0.8,1.0489983258079991,0.9999451335643305,Optimization terminated successfully
2013-05-21,178,2,634.1,83.203125,1,1,0.8,1.0488115742183568,0.9999888801042113,Optimization terminated successfully
2013-05-21,178,3,634.1,83.203125,1,1,0.8,1.0489466728734107,0.9999520672520745,Optimization terminated successfully
2013-05-21,178,4,634.1,83.203125,1,1,0.8,1.0491366032742195,0.9999209152048747,Optimization terminated successfully
2013-05-21,178,5,634.1,83.203125,1,1,0.8,1.0490989365860297,0.9999287069303663,Optimization terminated successfully
2013-05-21,178,6,634.1,83.203125,1,1,0.8,1.0481921551107416,0.9999880944218547,Optimization terminated successfully
2013-05-21,178,7,634.1,83.203125,1,1,0.8,1.0481285739983177,0.9998868120805454,Optimization terminated successfully
2013-05-21,178,8,634.1,83.203125,1,1,0.8,1.0488860365639878,0.99992823414754,Optimization terminated successfully
2013-05-21,178,9,634.1,83.203125,1,1,0.8,1.0483221062719112,0.9999443040362804,Optimization terminated successfully
2013-05-22,179,0,634.1,83.203125,1,1,0.8,1.047724170651767,0.9999958998959675,Optimization terminated successfully
2013-05-22,179,1,634.1,83.203125,1,1,0.8,1.0475089031392628,0.9999750506442181,Optimization terminated successfully
2013-05-22,179,2,634.1,83.203125,1,1,0.8,1.0473823071723716,0.9999702119317782,Optimization terminated successfully
2013-05-22,179,3,634.1,83.203125,1,1,0.8,1.0475152805704881,0.999995604289099,Optimization terminated successfully
2013-05-22,179,4,634.1,83.203125,1,1,0.8,1.0477711625867245,0.9999337436264263,Optimization terminated successfully
2013-05-22,179,5,634.1,83.203125,1,1,0.8,1.0479789120230782,0.9999890757117499,Optimization terminated successfully
2013-05-22,179,6,634.1,83.203125,1,1,0.8,1.0477120685545194,0.9999654579054126,Optimization terminated successfully
2013-05-22,179,7,634.1,83.203125,1,1,0.8,1.0477010884907074,0.9999285100302218,Optimization terminated successfully
2013-05-22,179,8,634.1,83.203125,1,1,0.8,1.0479537374356205,0.9999632171509297,Optimization terminated successfully
2013-05-22,179,9,634.1,83.203125,1,1,0.8,1.0472696652277422,0.9999976767547254,Optimization terminated successfully
2013-05-23,180,0,634.1,83.203125,1,1,0.8,1.0476882882393965,0.9999567261371827,Optimization terminated successfully
2013-05-23,180,1,634.1,83.203125,1,1,0.8,1.0477072194361277,0.9999742678706072,Optimization terminated successfully
2013-05-23,180,2,634.1,83.203125,1,1,0.8,1.0476210945858278,0.9999231613348303,Optimization terminated successfully
2013-05-23,180,3,634.1,83.203125,1,1,0.8,1.0477606014867904,0.9999318300811003,Optimization terminated successfully
2013-05-23,180,4,634.1,83.203125,1,1,0.8,1.0479661084847254,0.9999552301431028,Optimization terminated successfully
2013-05-23,180,5,634.1,83.203125,1,1,0.8,1.0478854683317373,0.9999253455471151,Optimization terminated successfully
2013-05-23,180,6,634.1,83.203125,1,1,0.8,1.047537659567922,0.9999810360823369,Optimization terminated successfully
2013-05-23,180,7,634.1,83.203125,1,1,0.8,1.047804838722517,0.9999893141286089,Optimization terminated successfully
2013-05-23,180,8,634.1,83.203125,1,1,0.8,1.0480587053488697,0.9999346447228128,Optimization terminated successfully
2013-05-23,180,9,634.1,83.203125,1,1,0.8,1.0476033621143335,0.9999183521595747,Optimization terminated successfully
2013-05-24,181,0,634.1,83.203125,1,1,0.8,1.0478851825882407,0.9999631978184634,Optimization terminated successfully
2013-05-24,181,1,634.1,83.203125,1,1,0.8,1.0479487636525755,0.9999227759972521,Optimization terminated successfully
2013-05-24,181,2,634.1,83.203125,1,1,0.8,1.047619693917274,0.9999318519439928,Optimization terminated successfully
2013-05-24,181,3,634.1,83.203125,1,1,0.8,1.0476801624221737,0.999978290552963,Optimization terminated successfully
2013-05-24,181,4,634.1,83.203125,1,1,0.8,1.0480867065588757,0.999997345685415,Optimization terminated successfully
2013-05-24,181,5,634.1,83.203125,1,1,0.8,1.0476883868319686,0.9999640861151067,Optimization terminated successfully
2013-05-24,181,6,634.1,83.203125,1,1,0.8,1.0477652230653651,0.9999596169265121,Optimization terminated successfully
2013-05-24,181,7,634.1,83.203125,1,1,0.8,1.0476997013244085,0.999966363564272,Optimization terminated successfully
2013-05-24,181,8,634.1,83.203125,1,1,0.8,1.0479478327782727,0.9999851773740225,Optimization terminated successfully
2013-05-24,181,9,634.1,83.203125,1,1,0.8,1.0473560770283303,0.9999442603580562,Optimization terminated successfully
2013-05-25,182,0,634.1,83.203125,1,1,0.8,1.0488608329808895,0.9999957791872532,Optimization terminated successfully
2013-05-25,182,1,634.1,83.203125,1,1,0.8,1.0478841070076568,0.9999587328250801,Optimization terminated successfully
2013-05-25,182,2,634.1,83.203125,1,1,0.8,1.0484536547806391,0.9999766339870574,Optimization terminated successfully
2013-05-25,182,3,634.1,83.203125,1,1,0.8,1.0478747777445188,0.9999408251174388,Optimization terminated successfully
2013-05-25,182,4,634.1,83.203125,1,1,0.8,1.0478417322074085,0.9999199148131617,Optimization terminated successfully
2013-05-25,182,5,634.1,83.203125,1,1,0.8,1.0484262798356747,0.9999245817661573,Optimization terminated successfully
2013-05-25,182,6,634.1,83.203125,1,1,0.8,1.0480575144682591,0.9999280628615395,Optimization terminated successfully
2013-05-25,182,7,634.1,83.203125,1,1,0.8,1.0478211835555227,0.9999942459348025,Optimization terminated successfully
2013-05-25,182,8,634.1,83.203125,1,1,0.8,1.0479988687654798,0.9999164872517293,Optimization terminated successfully
2013-05-25,182,9,634.1,83.203125,1,1,0.8,1.0481105357091616,0.999907515235509,Optimization terminated successfully
2013-05-26,183,0,634.1,83.203125,1,1,0.8,1.0483657063954548,0.9999901683636409,Optimization terminated successfully
2013-05-26,183,1,634.1,83.203125,1,1,0.8,1.048048499859661,1.0000002969343678,Optimization terminated successfully
2013-05-26,183,2,634.1,83.203125,1,1,0.8,1.0481237192986672,0.9999340278204806,Optimization terminated successfully
2013-05-26,183,3,634.1,83.203125,1,1,0.8,1.0480572813524927,0.9999648822329276,Optimization terminated successfully
2013-05-26,183,4,634.1,83.203125,1,1,0.8,1.0481595358058278,0.9999934413435331,Optimization terminated successfully
2013-05-26,183,5,634.1,83.203125,1,1,0.8,1.0490564555476767,0.9999448116146639,Optimization terminated successfully
2013-05-26,183,6,634.1,83.203125,1,1,0.8,1.048355629050084,0.9999825766407029,Optimization terminated successfully
2013-05-26,183,7,634.1,83.203125,1,1,0.8,1.0480468938032932,0.9998303101520316,Optimization terminated successfully
2013-05-26,183,8,634.1,83.203125,1,1,0.8,1.0478965566633696,0.9999599609736716,Optimization terminated successfully
2013-05-26,183,9,634.1,83.203125,1,1,0.8,1.0480931981736716,1.0000005951309185,Optimization terminated successfully
2013-05-27,184,0,634.1,83.203125,1,1,0.8,1.0472412055147085,0.9999988666409056,Optimization terminated successfully
2013-05-27,184,1,634.1,83.203125,1,1,0.8,1.048047389073946,0.9999986297266805,Optimization terminated successfully
2013-05-27,184,2,634.1,83.203125,1,1,0.8,1.0477227442575106,0.9999933712536418,Optimization terminated successfully
2013-05-27,184,3,634.1,83.203125,1,1,0.8,1.0477568296529638,0.9999615834229126,Optimization terminated successfully
2013-05-27,184,4,634.1,83.203125,1,1,0.8,1.0481554788179985,0.9999978943516742,Optimization terminated successfully
2013-05-27,184,5,634.1,83.203125,1,1,0.8,1.0478432240577191,1.0000006608803302,Optimization terminated successfully
2013-05-27,184,6,634.1,83.203125,1,1,0.8,1.047873938741429,0.9999867892184412,Optimization terminated successfully
2013-05-27,184,7,634.1,83.203125,1,1,0.8,1.047850442680637,0.9999383240030263,Optimization terminated successfully
2013-05-27,184,8,634.1,83.203125,1,1,0.8,1.047838739633457,0.9998119539218846,Optimization terminated successfully
2013-05-27,184,9,634.1,83.203125,1,1,0.8,1.0473592003987402,0.9999845392025879,Optimization terminated successfully
2013-05-28,185,0,634.1,83.203125,1,1,0.8,1.0475893274574712,0.999941344071331,Optimization terminated successfully
2013-05-28,185,1,634.1,83.203125,1,1,0.8,1.048047986887152,0.999922411584953,Optimization terminated successfully
2013-05-28,185,2,634.1,83.203125,1,1,0.8,1.0477606097859509,0.9998854820495564,Optimization terminated successfully
2013-05-28,185,3,634.1,83.203125,1,1,0.8,1.0477571472190628,0.9999335282775336,Optimization terminated successfully
2013-05-28,185,4,634.1,83.203125,1,1,0.8,1.0478169583251244,0.999970392057183,Optimization terminated successfully
2013-05-28,185,5,634.1,83.203125,1,1,0.8,1.0484609021689668,0.9999189206846718,Optimization terminated successfully
2013-05-28,185,6,634.1,83.203125,1,1,0.8,1.047929740344685,0.9999878152743799,Optimization terminated successfully
2013-05-28,185,7,634.1,83.203125,1,1,0.8,1.0479271306000555,0.9999580382286029,Optimization terminated successfully
2013-05-28,185,8,634.1,83.203125,1,1,0.8,1.047844598802566,0.9999556149609757,Optimization terminated successfully
2013-05-28,185,9,634.1,83.203125,1,1,0.8,1.047826348572396,0.9999148612170978,Optimization terminated successfully
2013-05-29,186,0,634.1,83.203125,1,1,0.8,1.0489746801377786,0.9999680461604485,Optimization terminated successfully
2013-05-29,186,1,634.1,83.203125,1,1,0.8,1.0487570266105852,0.9999633412310868,Optimization terminated successfully
2013-05-29,186,2,634.1,83.203125,1,1,0.8,1.0485260398472798,0.999994126747227,Optimization terminated successfully
2013-05-29,186,3,634.1,83.203125,1,1,0.8,1.0489722146573317,0.9999699869976528,Optimization terminated successfully
2013-05-29,186,4,634.1,83.203125,1,1,0.8,1.048938639617098,0.9999672556209254,Optimization terminated successfully
2013-05-29,186,5,634.1,83.203125,1,1,0.8,1.0487683896087194,0.9998986355444939,Optimization terminated successfully
2013-05-29,186,6,634.1,83.203125,1,1,0.8,1.0484269697937219,0.9999987335192497,Optimization terminated successfully
2013-05-29,186,7,634.1,83.203125,1,1,0.8,1.0478720337958483,0.9999846490466682,Optimization terminated successfully
2013-05-29,186,8,634.1,83.203125,1,1,0.8,1.0486239300647864,0.9999466069757761,Optimization terminated successfully
2013-05-29,186,9,634.1,83.203125,1,1,0.8,1.0482616744974582,0.9999892578290501,Optimization terminated successfully
2013-05-30,187,0,634.1,83.203125,1,1,0.8,1.0490092057814453,0.9999870529916682,Optimization terminated successfully
2013-05-30,187,1,634.1,83.203125,1,1,0.8,1.0486194689663384,1.0000006898497635,Optimization terminated successfully
2013-05-30,187,2,634.1,83.203125,1,1,0.8,1.0489121021999541,0.9999892899468403,Optimization terminated successfully
2013-05-30,187,3,634.1,83.203125,1,1,0.8,1.0486391699663609,0.999982431924713,Optimization terminated successfully
2013-05-30,187,4,634.1,83.203125,1,1,0.8,1.0490433044426093,0.9998989948839795,Optimization terminated successfully
2013-05-30,187,5,634.1,83.203125,1,1,0.8,1.0492036898177097,0.9999109942754407,Optimization terminated successfully
2013-05-30,187,6,634.1,83.203125,1,1,0.8,1.04857632238333,0.9999696414240338,Optimization terminated successfully
2013-05-30,187,7,634.1,83.203125,1,1,0.8,1.0481274960118685,0.9999299686299804,Optimization terminated successfully
2013-05-30,187,8,634.1,83.203125,1,1,0.8,1.0487126456685547,0.9999629374284877,Optimization terminated successfully
2013-05-30,187,9,634.1,83.203125,1,1,0.8,1.0484945231289573,0.9999984057951724,Optimization terminated successfully
2013-05-31,188,0,634.1,83.203125,1,1,0.8,1.0487208502407117,0.9999520822077324,Optimization terminated successfully
2013-05-31,188,1,634.1,83.203125,1,1,0.8,1.048773803034005,1.000000298860115,Optimization terminated successfully
2013-05-31,188,2,634.1,83.203125,1,1,0.8,1.0490736697310026,0.9999632293789473,Optimization terminated successfully
2013-05-31,188,3,634.1,83.203125,1,1,0.8,1.0492330807807193,0.9999269485860782,Optimization terminated successfully
2013-05-31,188,4,634.1,83.203125,1,1,0.8,1.0490691799117509,0.9999695905131692,Optimization terminated successfully
2013-05-31,188,5,634.1,83.203125,1,1,0.8,1.049002108839367,0.9999867939471395,Optimization terminated successfully
2013-05-31,188,6,634.1,83.203125,1,1,0.8,1.0484703273024472,0.9999385827307453,Optimization terminated successfully
2013-05-31,188,7,634.1,83.203125,1,1,0.8,1.0482864506761544,0.9999747339267948,Optimization terminated successfully
2013-05-31,188,8,634.1,83.203125,1,1,0.8,1.0488193285196648,0.9999549697969478,Optimization terminated successfully
2013-05-31,188,9,634.1,83.203125,1,1,0.8,1.0489055768286157,0.9998704802992153,Optimization terminated successfully
2013-06-01,189,0,634.1,83.203125,1,1,0.8,1.0477383552131139,0.9999718244265057,Optimization terminated successfully
2013-06-01,189,1,634.1,83.203125,1,1,0.8,1.0479838804196464,0.9999499691405002,Optimization terminated successfully
2013-06-01,189,2,634.1,83.203125,1,1,0.8,1.0479108532825552,0.999970567072504,Optimization terminated successfully
2013-06-01,189,3,634.1,83.203125,1,1,0.8,1.0482839934790833,0.9999790054095153,Optimization terminated successfully
2013-06-01,189,4,634.1,83.203125,1,1,0.8,1.0479011444041875,0.9999472519228787,Optimization terminated successfully
2013-06-01,189,5,634.1,83.203125,1,1,0.8,1.0481853557150693,0.9999959425367212,Optimization terminated successfully
2013-06-01,189,6,634.1,83.203125,1,1,0.8,1.0482031285605855,1.0000006327830302,Optimization terminated successfully
2013-06-01,189,7,634.1,83.203125,1,1,0.8,1.047781187912132,0.9999761287568895,Optimization terminated successfully
2013-06-01,189,8,634.1,83.203125,1,1,0.8,1.048081389187361,0.9999035178114964,Optimization terminated successfully
2013-06-01,189,9,634.1,83.203125,1,1,0.8,1.0478908624278174,0.9999032354508847,Optimization terminated successfully
2013-06-02,190,0,634.1,83.203125,1,1,0.8,1.0481898422182172,0.9999813027639092,Optimization terminated successfully
2013-06-02,190,1,634.1,83.203125,1,1,0.8,1.0480944571824524,0.9999329299903069,Optimization terminated successfully
2013-06-02,190,2,634.1,83.203125,1,1,0.8,1.0479946268488347,0.9999901910796222,Optimization terminated successfully
2013-06-02,190,3,634.1,83.203125,1,1,0.8,1.048230800945448,0.9999874761250028,Optimization terminated successfully
2013-06-02,190,4,634.1,83.203125,1,1,0.8,1.0480361850426436,0.9999915903913784,Optimization terminated successfully
2013-06-02,190,5,634.1,83.203125,1,1,0.8,1.0483315869154317,0.9999097121473415,Optimization terminated successfully
2013-06-02,190,6,634.1,83.203125,1,1,0.8,1.0477862651064929,0.9999775008708924,Optimization terminated successfully
2013-06-02,190,7,634.1,83.203125,1,1,0.8,1.0477578940031733,0.9999579345665467,Optimization terminated successfully
2013-06-02,190,8,634.1,83.203125,1,1,0.8,1.0482037757891423,0.9999473614758518,Optimization terminated successfully
2013-06-02,190,9,634.1,83.203125,1,1,0.8,1.04770571410196,0.999948544748377,Optimization terminated successfully
2013-06-03,191,0,634.1,83.203125,1,1,0.8,1.0490546124551265,0.9999195016671967,Optimization terminated successfully
2013-06-03,191,1,634.1,83.203125,1,1,0.8,1.0483185262624635,0.9999478107065923,Optimization terminated successfully
2013-06-03,191,2,634.1,83.203125,1,1,0.8,1.0489081496460475,0.999923391125925,Optimization terminated successfully
2013-06-03,191,3,634.1,83.203125,1,1,0.8,1.047876097270011,0.9999946592728508,Optimization terminated successfully
2013-06-03,191,4,634.1,83.203125,1,1,0.8,1.048299428032324,0.999984642741559,Optimization terminated successfully
2013-06-03,191,5,634.1,83.203125,1,1,0.8,1.0483447270125799,0.9999941717028874,Optimization terminated successfully
2013-06-03,191,6,634.1,83.203125,1,1,0.8,1.0483087108543563,0.9999403876096448,Optimization terminated successfully
2013-06-03,191,7,634.1,83.203125,1,1,0.8,1.0475110794966958,0.9999687282885876,Optimization terminated successfully
2013-06-03,191,8,634.1,83.203125,1,1,0.8,1.048090005846724,0.9999974021928775,Optimization terminated successfully
2013-06-03,191,9,634.1,83.203125,1,1,0.8,1.047908650821976,0.9999696078753628,Optimization terminated successfully
2013-06-04,192,0,634.1,83.203125,1,1,0.8,1.049193325529516,0.9999376955740322,Optimization terminated successfully
2013-06-04,192,1,634.1,83.203125,1,1,0.8,1.0491785439654908,0.9999832116218195,Optimization terminated successfully
2013-06-04,192,2,634.1,83.203125,1,1,0.8,1.0491724580736994,0.9999346573339858,Optimization terminated successfully
2013-06-04,192,3,634.1,83.203125,1,1,0.8,1.0487131365239657,0.9999892398697963,Optimization terminated successfully
2013-06-04,192,4,634.1,83.203125,1,1,0.8,1.047760461399536,0.9999162837710222,Optimization terminated successfully
2013-06-04,192,5,634.1,83.203125,1,1,0.8,1.049158496063134,0.9998703829917276,Optimization terminated successfully
2013-06-04,192,6,634.1,83.203125,1,1,0.8,1.0488018432245263,0.9999822490831125,Optimization terminated successfully
2013-06-04,192,7,634.1,83.203125,1,1,0.8,1.0477340316228283,0.9999882049661671,Optimization terminated successfully
2013-06-04,192,8,634.1,83.203125,1,1,0.8,1.0486949747268055,0.9999859934202863,Optimization terminated successfully
2013-06-04,192,9,634.1,83.203125,1,1,0.8,1.0486124634382303,0.9999578004533722,Optimization terminated successfully
2013-06-05,193,0,634.1,83.203125,1,1,0.8,1.048181562627446,0.9999940886911675,Optimization terminated successfully
2013-06-05,193,1,634.1,83.203125,1,1,0.8,1.0482499830079153,0.9999156200056446,Optimization terminated successfully
2013-06-05,193,2,634.1,83.203125,1,1,0.8,1.0483545107386072,0.9999716789476558,Optimization terminated successfully
2013-06-05,193,3,634.1,83.203125,1,1,0.8,1.0477938759217584,0.9999970238094407,Optimization terminated successfully
2013-06-05,193,4,634.1,83.203125,1,1,0.8,1.0483045534816184,0.9999527208753998,Optimization terminated successfully
2013-06-05,193,5,634.1,83.203125,1,1,0.8,1.0480355822609642,0.9999861840776177,Optimization terminated successfully
2013-06-05,193,6,634.1,83.203125,1,1,0.8,1.0481280950425365,0.999964316334098,Optimization terminated successfully
2013-06-05,193,7,634.1,83.203125,1,1,0.8,1.047641420428139,0.9999773451993793,Optimization terminated successfully
2013-06-05,193,8,634.1,83.203125,1,1,0.8,1.0479044255871397,0.9999010737438743,Optimization terminated successfully
2013-06-05,193,9,634.1,83.203125,1,1,0.8,1.0476079959809736,0.9999109063694199,Optimization terminated successfully
2013-06-06,194,0,634.1,83.203125,1,1,0.8,1.0479799375960088,0.9999290483779024,Optimization terminated successfully
2013-06-06,194,1,634.1,83.203125,1,1,0.8,1.0479215764513805,0.9999917337985816,Optimization terminated successfully
2013-06-06,194,2,634.1,83.203125,1,1,0.8,1.047791307883532,0.9999762177578495,Optimization terminated successfully
2013-06-06,194,3,634.1,83.203125,1,1,0.8,1.0476945743710784,0.9999082722042272,Optimization terminated successfully
2013-06-06,194,4,634.1,83.203125,1,1,0.8,1.0478451734463283,0.999983257905702,Optimization terminated successfully
2013-06-06,194,5,634.1,83.203125,1,1,0.8,1.0479142520217408,0.9998763802311077,Optimization terminated successfully
2013-06-06,194,6,634.1,83.203125,1,1,0.8,1.0476070483504512,0.9999412734617497,Optimization terminated successfully
2013-06-06,194,7,634.1,83.203125,1,1,0.8,1.0472907776135656,0.9999192733447413,Optimization terminated successfully
2013-06-06,194,8,634.1,83.203125,1,1,0.8,1.0477631058815227,0.9998858318025287,Optimization terminated successfully
2013-06-06,194,9,634.1,83.203125,1,1,0.8,1.0474458085238916,0.9999400176399827,Optimization terminated successfully
2013-06-07,195,0,634.1,83.203125,1,1,0.8,1.0478574791963167,0.9999850228551027,Optimization terminated successfully
2013-06-07,195,1,634.1,83.203125,1,1,0.8,1.0478316848093312,0.9999954329193482,Optimization terminated successfully
2013-06-07,195,2,634.1,83.203125,1,1,0.8,1.047814891582621,0.9998998072396116,Optimization terminated successfully
2013-06-07,195,3,634.1,83.203125,1,1,0.8,1.0478679185053548,0.9999990062437163,Optimization terminated successfully
2013-06-07,195,4,634.1,83.203125,1,1,0.8,1.0480762385398392,0.9999934884834553,Optimization terminated successfully
2013-06-07,195,5,634.1,83.203125,1,1,0.8,1.0478108552097183,0.9999417063464815,Optimization terminated successfully
2013-06-07,195,6,634.1,83.203125,1,1,0.8,1.047794037416294,0.9999385969298744,Optimization terminated successfully
2013-06-07,195,7,634.1,83.203125,1,1,0.8,1.0475186989790557,0.9998545904351455,Optimization terminated successfully
2013-06-07,195,8,634.1,83.203125,1,1,0.8,1.0478686992601074,0.9999581738112021,Optimization terminated successfully
2013-06-07,195,9,634.1,83.203125,1,1,0.8,1.047769796214199,0.9999815579362118,Optimization terminated successfully
2013-06-08,196,0,634.1,83.203125,1,1,0.8,1.0481192794022782,0.9999862147010519,Optimization terminated successfully
2013-06-08,196,1,634.1,83.203125,1,1,0.8,1.0481214095331723,0.9999962413517022,Optimization terminated successfully
2013-06-08,196,2,634.1,83.203125,1,1,0.8,1.0479602674826805,0.9999834082997692,Optimization terminated successfully
2013-06-08,196,3,634.1,83.203125,1,1,0.8,1.048081178298512,0.9999596697214359,Optimization terminated successfully
2013-06-08,196,4,634.1,83.203125,1,1,0.8,1.04792393853047,0.9999920512486895,Optimization terminated successfully
2013-06-08,196,5,634.1,83.203125,1,1,0.8,1.04826645694455,0.9999735592191309,Optimization terminated successfully
2013-06-08,196,6,634.1,83.203125,1,1,0.8,1.0479658130186214,0.9999732946237078,Optimization terminated successfully
2013-06-08,196,7,634.1,83.203125,1,1,0.8,1.0477625128582102,0.9999854327157993,Optimization terminated successfully
2013-06-08,196,8,634.1,83.203125,1,1,0.8,1.0479497607732953,0.9999730297897509,Optimization terminated successfully
2013-06-08,196,9,634.1,83.203125,1,1,0.8,1.048058150297266,0.9998400922869274,Optimization terminated successfully
2013-06-09,197,0,634.1,83.203125,1,1,0.8,1.0476997051197936,0.9999734538612896,Optimization terminated successfully
2013-06-09,197,1,634.1,83.203125,1,1,0.8,1.0481271552960254,0.9999867113802358,Optimization terminated successfully
2013-06-09,197,2,634.1,83.203125,1,1,0.8,1.0479554132100974,0.9999573833524027,Optimization terminated successfully
2013-06-09,197,3,634.1,83.203125,1,1,0.8,1.0482200488708084,0.9999843416511642,Optimization terminated successfully
2013-06-09,197,4,634.1,83.203125,1,1,0.8,1.047555113208723,0.9999543727193067,Optimization terminated successfully
2013-06-09,197,5,634.1,83.203125,1,1,0.8,1.0479714783632998,0.9998900278370583,Optimization terminated successfully
2013-06-09,197,6,634.1,83.203125,1,1,0.8,1.0476562665066498,0.999974843355814,Optimization terminated successfully
2013-06-09,197,7,634.1,83.203125,1,1,0.8,1.047955546432245,0.9999824177074641,Optimization terminated successfully
2013-06-09,197,8,634.1,83.203125,1,1,0.8,1.0480524021342053,0.9998345628829662,Optimization terminated successfully
2013-06-09,197,9,634.1,83.203125,1,1,0.8,1.047936507232936,0.9999954790586549,Optimization terminated successfully
2013-06-10,198,0,634.1,83.203125,1,1,0.8,1.0479702163111577,0.9999831314794673,Optimization terminated successfully
2013-06-10,198,1,634.1,83.203125,1,1,0.8,1.0479140860182083,0.9999723681818058,Optimization terminated successfully
2013-06-10,198,2,634.1,83.203125,1,1,0.8,1.0481649203421461,0.9999354638137418,Optimization terminated successfully
2013-06-10,198,3,634.1,83.203125,1,1,0.8,1.048016390501799,0.9999848989938092,Optimization terminated successfully
2013-06-10,198,4,634.1,83.203125,1,1,0.8,1.047572805505005,0.9999615519546826,Optimization terminated successfully
2013-06-10,198,5,634.1,83.203125,1,1,0.8,1.0481461742016238,0.9998730561543141,Optimization terminated successfully
2013-06-10,198,6,634.1,83.203125,1,1,0.8,1.0481228439029309,0.9999512713270017,Optimization terminated successfully
2013-06-10,198,7,634.1,83.203125,1,1,0.8,1.0477007265535434,0.9999178366093554,Optimization terminated successfully
2013-06-10,198,8,634.1,83.203125,1,1,0.8,1.0478564180063157,0.9999157790361497,Optimization terminated successfully
2013-06-10,198,9,634.1,83.203125,1,1,0.8,1.0478746672261101,0.9999926892734731,Optimization terminated successfully
2013-06-11,199,0,634.1,83.203125,1,1,0.8,1.0488089351164416,0.9999858797034148,Optimization terminated successfully
2013-06-11,199,1,634.1,83.203125,1,1,0.8,1.0488311655489604,0.9999743261025104,Optimization terminated successfully
2013-06-11,199,2,634.1,83.203125,1,1,0.8,1.0490418936711294,0.9999396525238956,Optimization terminated successfully
2013-06-11,199,3,634.1,83.203125,1,1,0.8,1.048841965839606,0.9998814087197211,Optimization terminated successfully
2013-06-11,199,4,634.1,83.203125,1,1,0.8,1.048463819094833,0.9999765628251117,Optimization terminated successfully
2013-06-11,199,5,634.1,83.203125,1,1,0.8,1.0492711899956086,0.999937710834753,Optimization terminated successfully
2013-06-11,199,6,634.1,83.203125,1,1,0.8,1.0483569342600134,0.9998533462804307,Optimization terminated successfully
2013-06-11,199,7,634.1,83.203125,1,1,0.8,1.0483625083358528,0.9999675633918564,Optimization terminated successfully
2013-06-11,199,8,634.1,83.203125,1,1,0.8,1.0487609054448293,0.9998829864447937,Optimization terminated successfully
2013-06-11,199,9,634.1,83.203125,1,1,0.8,1.0483229870644177,0.9999923086785856,Optimization terminated successfully
2013-06-12,200,0,634.1,83.203125,1,1,0.8,1.0474908762156068,0.9999998750201652,Optimization terminated successfully
2013-06-12,200,1,634.1,83.203125,1,1,0.8,1.0474518268813915,0.9999862649398534,Optimization terminated successfully
2013-06-12,200,2,634.1,83.203125,1,1,0.8,1.0478918674918531,0.9999694383545408,Optimization terminated successfully
2013-06-12,200,3,634.1,83.203125,1,1,0.8,1.0475969496439055,0.9998663475673677,Optimization terminated successfully
2013-06-12,200,4,634.1,83.203125,1,1,0.8,1.0481968502126788,0.9998317716233044,Optimization terminated successfully
2013-06-12,200,5,634.1,83.203125,1,1,0.8,1.0479489530838402,0.9999636891658487,Optimization terminated successfully
2013-06-12,200,6,634.1,83.203125,1,1,0.8,1.0475412531428883,0.9999912049103592,Optimization terminated successfully
2013-06-12,200,7,634.1,83.203125,1,1,0.8,1.0477483868192223,0.9999435709664457,Optimization terminated successfully
2013-06-12,200,8,634.1,83.203125,1,1,0.8,1.047787680307304,0.9999453442483472,Optimization terminated successfully
2013-06-12,200,9,634.1,83.203125,1,1,0.8,1.0473113500799098,0.999923462864674,Optimization terminated successfully
2013-06-13,201,0,634.1,83.203125,1,1,0.8,1.0486619449268244,0.999999145195005,Optimization terminated successfully
2013-06-13,201,1,634.1,83.203125,1,1,0.8,1.0487391887621729,0.9999993472571199,Optimization terminated successfully
2013-06-13,201,2,634.1,83.203125,1,1,0.8,1.0481929656604192,0.9999200109876065,Optimization terminated successfully
2013-06-13,201,3,634.1,83.203125,1,1,0.8,1.04840681953421,0.9999978185263939,Optimization terminated successfully
2013-06-13,201,4,634.1,83.203125,1,1,0.8,1.0483688946895817,0.999955180738323,Optimization terminated successfully
2013-06-13,201,5,634.1,83.203125,1,1,0.8,1.048628534743218,0.9998994093319123,Optimization terminated successfully
2013-06-13,201,6,634.1,83.203125,1,1,0.8,1.0482258131919524,0.9999581449729946,Optimization terminated successfully
2013-06-13,201,7,634.1,83.203125,1,1,0.8,1.0486028480708898,0.9998640926622294,Optimization terminated successfully
2013-06-13,201,8,634.1,83.203125,1,1,0.8,1.0486965727010167,0.9999374077566688,Optimization terminated successfully
2013-06-13,201,9,634.1,83.203125,1,1,0.8,1.0484634021520876,0.9999269260777927,Optimization terminated successfully
2013-06-14,202,0,634.1,83.203125,1,1,0.8,1.0490960379235093,0.9998655124115297,Optimization terminated successfully
2013-06-14,202,1,634.1,83.203125,1,1,0.8,1.0484314161790254,0.9999755842316105,Optimization terminated successfully
2013-06-14,202,2,634.1,83.203125,1,1,0.8,1.0483261463506117,0.9999833755195302,Optimization terminated successfully
2013-06-14,202,3,634.1,83.203125,1,1,0.8,1.048647780276055,1.0000005891765729,Optimization terminated successfully
2013-06-14,202,4,634.1,83.203125,1,1,0.8,1.0482018051961755,0.9999932272977621,Optimization terminated successfully
2013-06-14,202,5,634.1,83.203125,1,1,0.8,1.0482920115132595,0.9999094681636298,Optimization terminated successfully
2013-06-14,202,6,634.1,83.203125,1,1,0.8,1.0483270017040653,0.9998103919905769,Optimization terminated successfully
2013-06-14,202,7,634.1,83.203125,1,1,0.8,1.0476542541810605,0.9999741477028875,Optimization terminated successfully
2013-06-14,202,8,634.1,83.203125,1,1,0.8,1.0485819755870194,0.9999499126143887,Optimization terminated successfully
2013-06-14,202,9,634.1,83.203125,1,1,0.8,1.0479705233037502,0.9999996587719534,Optimization terminated successfully
2013-06-15,203,0,634.1,83.203125,1,1,0.8,1.0479412448225762,0.9999945339126375,Optimization terminated successfully
2013-06-15,203,1,634.1,83.203125,1,1,0.8,1.047784078544103,0.9999911366563473,Optimization terminated successfully
2013-06-15,203,2,634.1,83.203125,1,1,0.8,1.0477992644896337,0.9999566464705172,Optimization terminated successfully
2013-06-15,203,3,634.1,83.203125,1,1,0.8,1.0480430665385805,0.9999609748276692,Optimization terminated successfully
2013-06-15,203,4,634.1,83.203125,1,1,0.8,1.0479994244266353,0.9999796830248507,Optimization terminated successfully
2013-06-15,203,5,634.1,83.203125,1,1,0.8,1.0480984149447978,0.9999805464817979,Optimization terminated successfully
2013-06-15,203,6,634.1,83.203125,1,1,0.8,1.0480651189221502,0.999971307494962,Optimization terminated successfully
2013-06-15,203,7,634.1,83.203125,1,1,0.8,1.0481128646480202,0.9999295205518882,Optimization terminated successfully
2013-06-15,203,8,634.1,83.203125,1,1,0.8,1.048122721164694,0.9999869294252041,Optimization terminated successfully
2013-06-15,203,9,634.1,83.203125,1,1,0.8,1.0475403777876893,0.9999587228864287,Optimization terminated successfully
2013-06-16,204,0,634.1,83.203125,1,1,0.8,1.0482508341752226,0.9999176242884736,Optimization terminated successfully
2013-06-16,204,1,634.1,83.203125,1,1,0.8,1.0477529675434585,0.9999740023003579,Optimization terminated successfully
2013-06-16,204,2,634.1,83.203125,1,1,0.8,1.0480401891158544,0.9999752873229565,Optimization terminated successfully
2013-06-16,204,3,634.1,83.203125,1,1,0.8,1.048074755728588,0.9999970366243672,Optimization terminated successfully
2013-06-16,204,4,634.1,83.203125,1,1,0.8,1.048161753367074,0.9999930120201131,Optimization terminated successfully
2013-06-16,204,5,634.1,83.203125,1,1,0.8,1.0485492877765878,0.9999761283811691,Optimization terminated successfully
2013-06-16,204,6,634.1,83.203125,1,1,0.8,1.0480861452454668,0.9999870459261913,Optimization terminated successfully
2013-06-16,204,7,634.1,83.203125,1,1,0.8,1.047994888482982,0.9999785400170418,Optimization terminated successfully
2013-06-16,204,8,634.1,83.203125,1,1,0.8,1.0478029183002109,0.9999789291891172,Optimization terminated successfully
2013-06-16,204,9,634.1,83.203125,1,1,0.8,1.0477343469904548,0.9999610290335065,Optimization terminated successfully
2013-06-17,205,0,634.1,83.203125,1,1,0.8,1.0479742155024314,0.9999998743063139,Optimization terminated successfully
2013-06-17,205,1,634.1,83.203125,1,1,0.8,1.0475219945062013,0.999989351313949,Optimization terminated successfully
2013-06-17,205,2,634.1,83.203125,1,1,0.8,1.0479079698331564,0.9999952961134209,Optimization terminated successfully
2013-06-17,205,3,634.1,83.203125,1,1,0.8,1.0478215627043246,0.9999260497943888,Optimization terminated successfully
2013-06-17,205,4,634.1,83.203125,1,1,0.8,1.0476207684477221,0.9998852807687958,Optimization terminated successfully
2013-06-17,205,5,634.1,83.203125,1,1,0.8,1.0479386489087728,0.9999179282637907,Optimization terminated successfully
2013-06-17,205,6,634.1,83.203125,1,1,0.8,1.0475217706732698,0.9999646460884254,Optimization terminated successfully
2013-06-17,205,7,634.1,83.203125,1,1,0.8,1.047395286757674,0.9999934755040425,Optimization terminated successfully
2013-06-17,205,8,634.1,83.203125,1,1,0.8,1.048103944039332,0.9999846759668733,Optimization terminated successfully
2013-06-17,205,9,634.1,83.203125,1,1,0.8,1.0472989537679553,0.9999263416032292,Optimization terminated successfully
2013-06-18,206,0,634.1,83.203125,1,1,0.8,1.0487234973281627,0.9999913636948912,Optimization terminated successfully
2013-06-18,206,1,634.1,83.203125,1,1,0.8,1.0488893120883016,0.9999179911953108,Optimization terminated successfully
2013-06-18,206,2,634.1,83.203125,1,1,0.8,1.048831733090787,0.9999615564819058,Optimization terminated successfully
2013-06-18,206,3,634.1,83.203125,1,1,0.8,1.048454051251376,0.9998848174872308,Optimization terminated successfully
2013-06-18,206,4,634.1,83.203125,1,1,0.8,1.0486900372181078,0.9999935520640064,Optimization terminated successfully
2013-06-18,206,5,634.1,83.203125,1,1,0.8,1.0495849899742553,0.9999926122508801,Optimization terminated successfully
2013-06-18,206,6,634.1,83.203125,1,1,0.8,1.0485386821939457,0.9999791081964674,Optimization terminated successfully
2013-06-18,206,7,634.1,83.203125,1,1,0.8,1.047949153821394,0.9999741018538039,Optimization terminated successfully
2013-06-18,206,8,634.1,83.203125,1,1,0.8,1.0487474659539953,1.000000115032089,Optimization terminated successfully
2013-06-18,206,9,634.1,83.203125,1,1,0.8,1.0478749826561107,0.9999800964645194,Optimization terminated successfully
2013-06-19,207,0,634.1,83.203125,1,1,0.8,1.047390581860584,0.9999865959246137,Optimization terminated successfully
2013-06-19,207,1,634.1,83.203125,1,1,0.8,1.047345109770056,0.9999496828585082,Optimization terminated successfully
2013-06-19,207,2,634.1,83.203125,1,1,0.8,1.0475769016163616,0.9999700626749755,Optimization terminated successfully
2013-06-19,207,3,634.1,83.203125,1,1,0.8,1.047625192163186,0.9999537313096087,Optimization terminated successfully
2013-06-19,207,4,634.1,83.203125,1,1,0.8,1.0477047057559727,0.9999903766087275,Optimization terminated successfully
2013-06-19,207,5,634.1,83.203125,1,1,0.8,1.0478396338263865,0.9999493207755589,Optimization terminated successfully
2013-06-19,207,6,634.1,83.203125,1,1,0.8,1.047597867892872,0.9999686890546355,Optimization terminated successfully
2013-06-19,207,7,634.1,83.203125,1,1,0.8,1.0474294190110605,0.9998485858279617,Optimization terminated successfully
2013-06-19,207,8,634.1,83.203125,1,1,0.8,1.0474641177185837,0.9999967184009013,Optimization terminated successfully
2013-06-19,207,9,634.1,83.203125,1,1,0.8,1.0476480581103327,0.9999840225120179,Optimization terminated successfully
2013-06-20,208,0,634.1,83.203125,1,1,0.8,1.0475671191537546,0.9999913047340909,Optimization terminated successfully
2013-06-20,208,1,634.1,83.203125,1,1,0.8,1.0474291984655706,0.999868459339428,Optimization terminated successfully
2013-06-20,208,2,634.1,83.203125,1,1,0.8,1.0477627491254473,0.9999543154333287,Optimization terminated successfully
2013-06-20,208,3,634.1,83.203125,1,1,0.8,1.04793911824175,0.9998456190029419,Optimization terminated successfully
2013-06-20,208,4,634.1,83.203125,1,1,0.8,1.0475839577657748,0.9999943002257962,Optimization terminated successfully
2013-06-20,208,5,634.1,83.203125,1,1,0.8,1.0476750407067446,0.9999550973948326,Optimization terminated successfully
2013-06-20,208,6,634.1,83.203125,1,1,0.8,1.047385251633043,0.9999890707801343,Optimization terminated successfully
2013-06-20,208,7,634.1,83.203125,1,1,0.8,1.04718142630579,0.9999966050467421,Optimization terminated successfully
2013-06-20,208,8,634.1,83.203125,1,1,0.8,1.0476038339116307,0.999967879352473,Optimization terminated successfully
2013-06-20,208,9,634.1,83.203125,1,1,0.8,1.0476049782573704,0.9999691979599937,Optimization terminated successfully
2013-06-21,209,0,634.1,83.203125,1,1,0.8,1.0476129310732052,0.9999984512140332,Optimization terminated successfully
2013-06-21,209,1,634.1,83.203125,1,1,0.8,1.0476543229001465,0.9999969357523983,Optimization terminated successfully
2013-06-21,209,2,634.1,83.203125,1,1,0.8,1.047567818685402,0.9997761027421104,Optimization terminated successfully
2013-06-21,209,3,634.1,83.203125,1,1,0.8,1.0476412372265798,0.9999995195865715,Optimization terminated successfully
2013-06-21,209,4,634.1,83.203125,1,1,0.8,1.0477019738249402,0.9999890043332901,Optimization terminated successfully
2013-06-21,209,5,634.1,83.203125,1,1,0.8,1.0475163009102493,0.999925401956547,Optimization terminated successfully
2013-06-21,209,6,634.1,83.203125,1,1,0.8,1.047580583843989,0.9999954453366179,Optimization terminated successfully
2013-06-21,209,7,634.1,83.203125,1,1,0.8,1.0477570510253007,0.9999357238066242,Optimization terminated successfully
2013-06-21,209,8,634.1,83.203125,1,1,0.8,1.0472659806073896,0.9998919020943837,Optimization terminated successfully
2013-06-21,209,9,634.1,83.203125,1,1,0.8,1.0473326569788262,0.9999710502064291,Optimization terminated successfully
2013-06-22,210,0,634.1,83.203125,1,1,0.8,1.0479365907871825,0.9999096854564395,Optimization terminated successfully
2013-06-22,210,1,634.1,83.203125,1,1,0.8,1.0480173434841515,0.9999740813433712,Optimization terminated successfully
2013-06-22,210,2,634.1,83.203125,1,1,0.8,1.0477095053654406,0.9999135674297911,Optimization terminated successfully
2013-06-22,210,3,634.1,83.203125,1,1,0.8,1.0478726663631917,0.9999833133593201,Optimization terminated successfully
2013-06-22,210,4,634.1,83.203125,1,1,0.8,1.047838599137363,0.9998592667210691,Optimization terminated successfully
2013-06-22,210,5,634.1,83.203125,1,1,0.8,1.0475383976910122,0.9999467749270381,Optimization terminated successfully
2013-06-22,210,6,634.1,83.203125,1,1,0.8,1.0477855259726632,0.9999915169518365,Optimization terminated successfully
2013-06-22,210,7,634.1,83.203125,1,1,0.8,1.0476435921863843,0.9999938272115262,Optimization terminated successfully
2013-06-22,210,8,634.1,83.203125,1,1,0.8,1.0475804022640733,0.9999271650023268,Optimization terminated successfully
2013-06-22,210,9,634.1,83.203125,1,1,0.8,1.0474066476456143,0.9999650408919325,Optimization terminated successfully
2013-06-23,211,0,634.1,83.203125,1,1,0.8,1.0477219805873603,0.999993804852305,Optimization terminated successfully
2013-06-23,211,1,634.1,83.203125,1,1,0.8,1.047666958973607,0.9999448454032389,Optimization terminated successfully
2013-06-23,211,2,634.1,83.203125,1,1,0.8,1.0476702875487753,0.9999647429232239,Optimization terminated successfully
2013-06-23,211,3,634.1,83.203125,1,1,0.8,1.0479934372344615,0.9999893913158734,Optimization terminated successfully
2013-06-23,211,4,634.1,83.203125,1,1,0.8,1.0476319556449654,0.9999409057872399,Optimization terminated successfully
2013-06-23,211,5,634.1,83.203125,1,1,0.8,1.0482257595708662,0.9999714677635317,Optimization terminated successfully
2013-06-23,211,6,634.1,83.203125,1,1,0.8,1.0479592990147195,0.9999232711576465,Optimization terminated successfully
2013-06-23,211,7,634.1,83.203125,1,1,0.8,1.0479881145847638,0.9999250088972661,Optimization terminated successfully
2013-06-23,211,8,634.1,83.203125,1,1,0.8,1.0479127048133952,0.9999450634796003,Optimization terminated successfully
2013-06-23,211,9,634.1,83.203125,1,1,0.8,1.0479358300914756,0.9999917667456838,Optimization terminated successfully
2013-06-24,212,0,634.1,83.203125,1,1,0.8,1.047886862505274,0.9999811143509704,Optimization terminated successfully
2013-06-24,212,1,634.1,83.203125,1,1,0.8,1.0475346065561404,0.9999603390458771,Optimization terminated successfully
2013-06-24,212,2,634.1,83.203125,1,1,0.8,1.0474283459765177,0.9999697261353927,Optimization terminated successfully
2013-06-24,212,3,634.1,83.203125,1,1,0.8,1.0474061723893346,0.9999859910514025,Optimization terminated successfully
2013-06-24,212,4,634.1,83.203125,1,1,0.8,1.0475334554060272,0.9999962779979013,Optimization terminated successfully
2013-06-24,212,5,634.1,83.203125,1,1,0.8,1.047200983486289,0.9999932914425934,Optimization terminated successfully
2013-06-24,212,6,634.1,83.203125,1,1,0.8,1.0475807960858499,0.9999796073280159,Optimization terminated successfully
2013-06-24,212,7,634.1,83.203125,1,1,0.8,1.047575464834622,0.9999618515943463,Optimization terminated successfully
2013-06-24,212,8,634.1,83.203125,1,1,0.8,1.0477360782973635,0.9998363551386046,Optimization terminated successfully
2013-06-24,212,9,634.1,83.203125,1,1,0.8,1.0472111858794617,0.9999744037939179,Optimization terminated successfully
2013-06-25,213,0,634.1,83.203125,1,1,0.8,1.0476968661510564,0.9999828298799095,Optimization terminated successfully
2013-06-25,213,1,634.1,83.203125,1,1,0.8,1.0472518352485642,0.9999496385883843,Optimization terminated successfully
2013-06-25,213,2,634.1,83.203125,1,1,0.8,1.0476257231709314,0.9999941182680512,Optimization terminated successfully
2013-06-25,213,3,634.1,83.203125,1,1,0.8,1.0474755166805165,0.9999995932663721,Optimization terminated successfully
2013-06-25,213,4,634.1,83.203125,1,1,0.8,1.047386708522217,0.9999925896359516,Optimization terminated successfully
2013-06-25,213,5,634.1,83.203125,1,1,0.8,1.0473215181838507,0.999990958398362,Optimization terminated successfully
2013-06-25,213,6,634.1,83.203125,1,1,0.8,1.047392064994418,0.9999766748694653,Optimization terminated successfully
2013-06-25,213,7,634.1,83.203125,1,1,0.8,1.0474098438419424,0.9999625828779345,Optimization terminated successfully
2013-06-25,213,8,634.1,83.203125,1,1,0.8,1.0472974459219853,0.9999778278790596,Optimization terminated successfully
2013-06-25,213,9,634.1,83.203125,1,1,0.8,1.0479820733631062,0.9999472332059567,Optimization terminated successfully
2013-06-26,214,0,634.1,83.203125,1,1,0.8,1.0475096586945198,0.9999363685198395,Optimization terminated successfully
2013-06-26,214,1,634.1,83.203125,1,1,0.8,1.0474530096986,0.9999753406361366,Optimization terminated successfully
2013-06-26,214,2,634.1,83.203125,1,1,0.8,1.0473839215426803,0.9999620665866025,Optimization terminated successfully
2013-06-26,214,3,634.1,83.203125,1,1,0.8,1.0477303665176918,0.9999636694552888,Optimization terminated successfully
2013-06-26,214,4,634.1,83.203125,1,1,0.8,1.0478170447818358,0.9999702957643908,Optimization terminated successfully
2013-06-26,214,5,634.1,83.203125,1,1,0.8,1.0476610565921083,0.9999592366000192,Optimization terminated successfully
2013-06-26,214,6,634.1,83.203125,1,1,0.8,1.0474917352273878,0.9999591524525546,Optimization terminated successfully
2013-06-26,214,7,634.1,83.203125,1,1,0.8,1.047234130113459,0.9998620073454519,Optimization terminated successfully
2013-06-26,214,8,634.1,83.203125,1,1,0.8,1.0477408747871026,0.9999717697338723,Optimization terminated successfully
2013-06-26,214,9,634.1,83.203125,1,1,0.8,1.0478786477749737,0.9999118780844624,Optimization terminated successfully
2013-06-27,215,0,634.1,83.203125,1,1,0.8,1.0475215235370587,0.9999434621202682,Optimization terminated successfully
2013-06-27,215,1,634.1,83.203125,1,1,0.8,1.047763454683853,0.9999818069079424,Optimization terminated successfully
2013-06-27,215,2,634.1,83.203125,1,1,0.8,1.0478250194121,0.999971645043788,Optimization terminated successfully
2013-06-27,215,3,634.1,83.203125,1,1,0.8,1.0476841109361417,0.9999167896979986,Optimization terminated successfully
2013-06-27,215,4,634.1,83.203125,1,1,0.8,1.04774536668624,0.9999456177649141,Optimization terminated successfully
2013-06-27,215,5,634.1,83.203125,1,1,0.8,1.0474075294635865,0.9999924137480399,Optimization terminated successfully
2013-06-27,215,6,634.1,83.203125,1,1,0.8,1.0479481749642654,0.9999963493559357,Optimization terminated successfully
2013-06-27,215,7,634.1,83.203125,1,1,0.8,1.0474915772058975,0.9999831362619068,Optimization terminated successfully
2013-06-27,215,8,634.1,83.203125,1,1,0.8,1.0475783626625164,0.9999230151506059,Optimization terminated successfully
2013-06-27,215,9,634.1,83.203125,1,1,0.8,1.0475167995185086,0.9999288401047706,Optimization terminated successfully
2013-06-28,216,0,634.1,83.203125,1,1,0.8,1.0478278041748632,0.9999301187554943,Optimization terminated successfully
2013-06-28,216,1,634.1,83.203125,1,1,0.8,1.0478267749609713,0.999999605012016,Optimization terminated successfully
2013-06-28,216,2,634.1,83.203125,1,1,0.8,1.0473952235702253,0.9999959779957742,Optimization terminated successfully
2013-06-28,216,3,634.1,83.203125,1,1,0.8,1.047665906109826,0.9999603635209808,Optimization terminated successfully
2013-06-28,216,4,634.1,83.203125,1,1,0.8,1.047920365148178,0.9999622387544234,Optimization terminated successfully
2013-06-28,216,5,634.1,83.203125,1,1,0.8,1.0474747430487097,0.9999168960412531,Optimization terminated successfully
2013-06-28,216,6,634.1,83.203125,1,1,0.8,1.047867843377416,0.9999790993408404,Optimization terminated successfully
2013-06-28,216,7,634.1,83.203125,1,1,0.8,1.0477133045709055,0.9999911144064313,Optimization terminated successfully
2013-06-28,216,8,634.1,83.203125,1,1,0.8,1.0473896688429787,0.999958472791006,Optimization terminated successfully
2013-06-28,216,9,634.1,83.203125,1,1,0.8,1.0474985764083837,0.999932443749414,Optimization terminated successfully
2013-06-29,217,0,634.1,83.203125,1,1,0.8,1.0477450816789402,0.9999818383373997,Optimization terminated successfully
2013-06-29,217,1,634.1,83.203125,1,1,0.8,1.048058338065949,0.999990896394208,Optimization terminated successfully
2013-06-29,217,2,634.1,83.203125,1,1,0.8,1.0477453435144193,0.999958033884112,Optimization terminated successfully
2013-06-29,217,3,634.1,83.203125,1,1,0.8,1.0480441318104299,0.9999741807178895,Optimization terminated successfully
2013-06-29,217,4,634.1,83.203125,1,1,0.8,1.0479780983434277,0.9999463794176932,Optimization terminated successfully
2013-06-29,217,5,634.1,83.203125,1,1,0.8,1.0478089111639604,0.9999788524960174,Optimization terminated successfully
2013-06-29,217,6,634.1,83.203125,1,1,0.8,1.0479612433969814,0.999892356240356,Optimization terminated successfully
2013-06-29,217,7,634.1,83.203125,1,1,0.8,1.047740903765206,0.9999866365172366,Optimization terminated successfully
2013-06-29,217,8,634.1,83.203125,1,1,0.8,1.0477701903469216,0.9999794357756729,Optimization terminated successfully
2013-06-29,217,9,634.1,83.203125,1,1,0.8,1.0478213800462026,0.9999943137914284,Optimization terminated successfully
2013-06-30,218,0,634.1,83.203125,1,1,0.8,1.0480922879394565,0.9999963090754098,Optimization terminated successfully
2013-06-30,218,1,634.1,83.203125,1,1,0.8,1.047804034862512,0.9999993474602746,Optimization terminated successfully
2013-06-30,218,2,634.1,83.203125,1,1,0.8,1.0481729451358048,0.999909734103092,Optimization terminated successfully
2013-06-30,218,3,634.1,83.203125,1,1,0.8,1.047837596367654,0.999956345949937,Optimization terminated successfully
2013-06-30,218,4,634.1,83.203125,1,1,0.8,1.0482215152551881,0.999893192844682,Optimization terminated successfully
2013-06-30,218,5,634.1,83.203125,1,1,0.8,1.0480019138878103,0.9999220913580511,Optimization terminated successfully
2013-06-30,218,6,634.1,83.203125,1,1,0.8,1.0478784446391145,0.9998883718755543,Optimization terminated successfully
2013-06-30,218,7,634.1,83.203125,1,1,0.8,1.047518216248461,0.9999426452242464,Optimization terminated successfully
2013-06-30,218,8,634.1,83.203125,1,1,0.8,1.0481050322598857,0.9999856742664865,Optimization terminated successfully
2013-06-30,218,9,634.1,83.203125,1,1,0.8,1.0478552019344938,0.99994400554025,Optimization terminated successfully
