date,day_index,group,site,threshold_kw,planner_feasible,replay_feasible,terminal_soc,max_vmax,max_loading,message
2012-07-01,0,0,611.3,89.296875,1,1,0.8,1.0499996681046895,0.9999839703860318,Optimization terminated successfully
2012-07-01,0,1,611.3,89.296875,1,1,0.8,1.0500009862969897,0.9999336936570987,Optimization terminated successfully
2012-07-01,0,2,611.3,89.296875,1,1,0.8,1.05000089920709,0.9999366933382848,Optimization terminated successfully
2012-07-01,0,3,611.3,89.296875,1,1,0.8,1.0500001236950958,0.9999333164784219,Optimization terminated successfully
2012-07-01,0,4,611.3,89.296875,1,1,0.8,1.0500007381457597,0.9949221919601986,Optimization terminated successfully
2012-07-01,0,5,611.3,89.296875,1,1,0.8,1.0499997619785995,0.9999285869951234,Optimization terminated successfully
2012-07-01,0,6,611.3,89.296875,1,1,0.8,1.0500009477635968,0.9999604192105109,Optimization terminated successfully
2012-07-01,0,7,611.3,89.296875,1,1,0.8,1.0500008147319706,0.9999734440909421,Optimization terminated successfully
2012-07-01,0,8,611.3,89.296875,1,1,0.8,1.0499998045723653,0.9999670003868525,Optimization terminated successfully
2012-07-01,0,9,611.3,89.296875,1,1,0.8,1.0499995661968937,0.9999705945679739,Optimization terminated successfully
2012-07-02,1,0,611.3,89.296875,1,1,0.8,1.050000560252605,0.9999909175288085,Optimization terminated successfully
2012-07-02,1,1,611.3,89.296875,1,1,0.8,1.0499997853436485,0.9999925836738836,Optimization terminated successfully
2012-07-02,1,2,611.3,89.296875,1,1,0.8,1.0500006217154807,0.9754595588293067,Optimization terminated successfully
2012-07-02,1,3,611.3,89.296875,1,1,0.8,1.0499991649496836,0.9999403475520219,Optimization terminated successfully
2012-07-02,1,4,611.3,89.296875,1,1,0.8,1.0500007458022376,0.9899081060657218,Optimization terminated successfully
2012-07-02,1,5,611.3,89.296875,1,1,0.8,1.050000584552886,0.9999291045958364,Optimization terminated successfully
2012-07-02,1,6,611.3,89.296875,1,1,0.8,1.0500005787272606,0.999981209025088,Optimization terminated successfully
2012-07-02,1,7,611.3,89.296875,1,1,0.8,1.0499996978542498,0.9999732324519122,Optimization terminated successfully
2012-07-02,1,8,611.3,89.296875,1,1,0.8,1.0499998929091425,0.9999190871739642,Optimization terminated successfully
2012-07-02,1,9,611.3,89.296875,1,1,0.8,1.0499997062517266,0.9999664262647522,Optimization terminated successfully
2012-07-03,2,0,611.3,89.296875,1,1,0.8,1.0499993807439614,0.9999662043090309,Optimization terminated successfully
2012-07-03,2,1,611.3,89.296875,1,1,0.8,1.0499997784640123,0.999915384397856,Optimization terminated successfully
2012-07-03,2,2,611.3,89.296875,1,1,0.8,1.0499994327956736,0.9904245227750057,Optimization terminated successfully
2012-07-03,2,3,611.3,89.296875,1,1,0.8,1.0499993881826248,0.9999941818383992,Optimization terminated successfully
2012-07-03,2,4,611.3,89.296875,1,1,0.8,1.0500006746789816,1.0000004707554686,Optimization terminated successfully
2012-07-03,2,5,611.3,89.296875,1,1,0.8,1.0500008293626844,0.9999858503829384,Optimization terminated successfully
2012-07-03,2,6,611.3,89.296875,1,1,0.8,1.04999884233036,0.999978187756759,Optimization terminated successfully
2012-07-03,2,7,611.3,89.296875,1,1,0.8,1.0500001407625048,0.9999591381594949,Optimization terminated successfully
2012-07-03,2,8,611.3,89.296875,1,1,0.8,1.0499994527821752,0.9999465758433902,Optimization terminated successfully
2012-07-03,2,9,611.3,89.296875,1,1,0.8,1.0500003068471253,0.9999663144419161,Optimization terminated successfully
2012-07-04,3,0,611.3,89.296875,1,1,0.8,1.0499985680260189,0.9999631094179752,Optimization terminated successfully
2012-07-04,3,1,611.3,89.296875,1,1,0.8,1.0499988760920387,0.9999906708816014,Optimization terminated successfully
2012-07-04,3,2,611.3,89.296875,1,1,0.8,1.049999630997678,0.9999821577458111,Optimization terminated successfully
2012-07-04,3,3,611.3,89.296875,1,1,0.8,1.049999818711576,0.9999518364761849,Optimization terminated successfully
2012-07-04,3,4,611.3,89.296875,1,1,0.8,1.0499985476977391,0.9999721223342418,Optimization terminated successfully
2012-07-04,3,5,611.3,89.296875,1,1,0.8,1.0500005303929507,0.999916787705561,Optimization terminated successfully
2012-07-04,3,6,611.3,89.296875,1,1,0.8,1.0499984783958412,0.9999701521199741,Optimization terminated successfully
2012-07-04,3,7,611.3,89.296875,1,1,0.8,1.050000680647622,0.9999996373848324,Optimization terminated successfully
2012-07-04,3,8,611.3,89.296875,1,1,0.8,1.0499992446372068,0.9999597861290452,Optimization terminated successfully
2012-07-04,3,9,611.3,89.296875,1,1,0.8,1.049999024476601,0.9999891047021713,Optimization terminated successfully
2012-07-05,4,0,611.3,89.296875,1,1,0.8,1.050000777198991,0.9999857460453111,Optimization terminated successfully
2012-07-05,4,1,611.3,89.296875,1,1,0.8,1.0500009413986657,0.9689664923321323,Optimization terminated successfully
2012-07-05,4,2,611.3,89.296875,1,1,0.8,1.0499999393524175,0.9999863108278154,Optimization terminated successfully
2012-07-05,4,3,611.3,89.296875,1,1,0.8,1.0499988813549357,0.9999927490090775,Optimization terminated successfully
2012-07-05,4,4,611.3,89.296875,1,1,0.8,1.0499998775247823,0.9999656727038392,Optimization terminated successfully
2012-07-05,4,5,611.3,89.296875,1,1,0.8,1.0500004279395547,1.0000009016589326,Optimization terminated successfully
2012-07-05,4,6,611.3,89.296875,1,1,0.8,1.0500007517157843,0.9999366288535447,Optimization terminated successfully
2012-07-05,4,7,611.3,89.296875,1,1,0.8,1.0499995470598862,0.9999729673344744,Optimization terminated successfully
2012-07-05,4,8,611.3,89.296875,1,1,0.8,1.0499985260750697,0.9999940994262686,Optimization terminated successfully
2012-07-05,4,9,611.3,89.296875,1,1,0.8,1.0498337783343494,0.9999531541386711,Optimization terminated successfully
2012-07-06,5,0,611.3,89.296875,1,1,0.8,1.0500005263893464,0.9999878824905243,Optimization terminated successfully
2012-07-06,5,1,611.3,89.296875,1,1,0.8,1.0500006422487578,0.9648615300409652,Optimization terminated successfully
2012-07-06,5,2,611.3,89.296875,1,1,0.8,1.050000956273825,0.9999911542697891,Optimization terminated successfully
2012-07-06,5,3,611.3,89.296875,1,1,0.8,1.0499991996331237,0.9999972367312404,Optimization terminated successfully
2012-07-06,5,4,611.3,89.296875,1,1,0.8,1.0499999375072124,0.9857582070025301,Optimization terminated successfully
2012-07-06,5,5,611.3,89.296875,1,1,0.8,1.0500002543198341,0.9999889638362366,Optimization terminated successfully
2012-07-06,5,6,611.3,89.296875,1,1,0.8,1.0499992459827254,0.999973924960406,Optimization terminated successfully
2012-07-06,5,7,611.3,89.296875,1,1,0.8,1.049999768309533,0.9999833023029002,Optimization terminated successfully
2012-07-06,5,8,611.3,89.296875,1,1,0.8,1.0499998105608646,0.9999901036254202,Optimization terminated successfully
2012-07-06,5,9,611.3,89.296875,1,1,0.8,1.0499988552663377,0.9999662167348424,Optimization terminated successfully
2012-07-07,6,0,611.3,89.296875,1,1,0.8,1.0500005547370312,0.9999736120600734,Optimization terminated successfully
2012-07-07,6,1,611.3,89.296875,1,1,0.8,1.0500007886156393,0.9992055266688048,Optimization terminated successfully
2012-07-07,6,2,611.3,89.296875,1,1,0.8,1.0500006546148477,0.9726313574698381,Optimization terminated successfully
2012-07-07,6,3,611.3,89.296875,1,1,0.8,1.0500000981676438,0.9999689166072716,Optimization terminated successfully
2012-07-07,6,4,611.3,89.296875,1,1,0.8,1.0500005225722915,0.9999356044948768,Optimization terminated successfully
2012-07-07,6,5,611.3,89.296875,1,1,0.8,1.0500000741988873,0.999996006299019,Optimization terminated successfully
2012-07-07,6,6,611.3,89.296875,1,1,0.8,1.0499985267074654,0.999992425478238,Optimization terminated successfully
2012-07-07,6,7,611.3,89.296875,1,1,0.8,1.0500009069932845,0.9999396365753622,Optimization terminated successfully
2012-07-07,6,8,611.3,89.296875,1,1,0.8,1.0500004855123766,0.9984779847397824,Optimization terminated successfully
2012-07-07,6,9,611.3,89.296875,1,1,0.8,1.0499994265051886,0.9999667667181048,Optimization terminated successfully
2012-07-08,7,0,611.3,89.296875,1,1,0.8,1.0500008313798332,0.9999383379391272,Optimization terminated successfully
2012-07-08,7,1,611.3,89.296875,1,1,0.8,1.049998971827718,0.9999437211916412,Optimization terminated successfully
2012-07-08,7,2,611.3,89.296875,1,1,0.8,1.050000143016365,0.999964246229211,Optimization terminated successfully
2012-07-08,7,3,611.3,89.296875,1,1,0.8,1.0500000532884153,0.9999958064107343,Optimization terminated successfully
2012-07-08,7,4,611.3,89.296875,1,1,0.8,1.0500000666166263,0.9852425088409715,Optimization terminated successfully
2012-07-08,7,5,611.3,89.296875,1,1,0.8,1.0500004937824532,0.9711674438644973,Optimization terminated successfully
2012-07-08,7,6,611.3,89.296875,1,1,0.8,1.049998569405498,0.9999228362103839,Optimization terminated successfully
2012-07-08,7,7,611.3,89.296875,1,1,0.8,1.0500008234105376,0.9999954246216578,Optimization terminated successfully
2012-07-08,7,8,611.3,89.296875,1,1,0.8,1.0500005116170115,0.9999615366926652,Optimization terminated successfully
2012-07-08,7,9,611.3,89.296875,1,1,0.8,1.0499997822720313,0.9999171796752523,Optimization terminated successfully
2012-07-09,8,0,611.3,89.296875,1,1,0.8,1.0500002912070143,0.9999336709277347,Optimization terminated successfully
2012-07-09,8,1,611.3,89.296875,1,1,0.8,1.0500006772494161,0.9524603346436636,Optimization terminated successfully
2012-07-09,8,2,611.3,89.296875,1,1,0.8,1.0499991195058296,0.9646513311272684,Optimization terminated successfully
2012-07-09,8,3,611.3,89.296875,1,1,0.8,1.0500000748317764,0.9999650637909936,Optimization terminated successfully
2012-07-09,8,4,611.3,89.296875,1,1,0.8,1.049998968250353,0.9696734505822212,Optimization terminated successfully
2012-07-09,8,5,611.3,89.296875,1,1,0.8,1.050000771845123,0.9999798957963496,Optimization terminated successfully
2012-07-09,8,6,611.3,89.296875,1,1,0.8,1.0499998537895703,0.9999760829539962,Optimization terminated successfully
2012-07-09,8,7,611.3,89.296875,1,1,0.8,1.0499999470911976,0.999965323682669,Optimization terminated successfully
2012-07-09,8,8,611.3,89.296875,1,1,0.8,1.0499994001490895,0.9999943922425145,Optimization terminated successfully
2012-07-09,8,9,611.3,89.296875,1,1,0.8,1.050000714485219,0.9999654776209072,Optimization terminated successfully
2012-07-10,9,0,611.3,89.296875,1,1,0.8,1.0500001254596292,0.999997105589185,Optimization terminated successfully
2012-07-10,9,1,611.3,89.296875,1,1,0.8,1.0500007977102426,0.9248794473673854,Optimization terminated successfully
2012-07-10,9,2,611.3,89.296875,1,1,0.8,1.0499996374091414,0.9718506160640383,Optimization terminated successfully
2012-07-10,9,3,611.3,89.296875,1,1,0.8,1.0500009663000063,0.9674244399905727,Optimization terminated successfully
2012-07-10,9,4,611.3,89.296875,1,1,0.8,1.0499987661245715,0.9999524969209316,Optimization terminated successfully
2012-07-10,9,5,611.3,89.296875,1,1,0.8,1.0500001023354277,0.9999517342618505,Optimization terminated successfully
2012-07-10,9,6,611.3,89.296875,1,1,0.8,1.0499992994419314,0.9999833806572925,Optimization terminated successfully
2012-07-10,9,7,611.3,89.296875,1,1,0.8,1.050000848860971,0.9862372009897394,Optimization terminated successfully
2012-07-10,9,8,611.3,89.296875,1,1,0.8,1.0500007704605046,0.9999503698933317,Optimization terminated successfully
2012-07-10,9,9,611.3,89.296875,1,1,0.8,1.0500004879481035,0.9999209049585847,Optimization terminated successfully
2012-07-11,10,0,611.3,89.296875,1,1,0.8,1.0499997447338216,0.9999973184820043,Optimization terminated successfully
2012-07-11,10,1,611.3,89.296875,1,1,0.8,1.0500002822331131,0.9680297158542256,Optimization terminated successfully
2012-07-11,10,2,611.3,89.296875,1,1,0.8,1.0500002194073939,0.999948981728403,Optimization terminated successfully
2012-07-11,10,3,611.3,89.296875,1,1,0.8,1.050000988743522,0.9999609292993392,Optimization terminated successfully
2012-07-11,10,4,611.3,89.296875,1,1,0.8,1.0500009129985977,0.9999712263384357,Optimization terminated successfully
2012-07-11,10,5,611.3,89.296875,1,1,0.8,1.050000242647183,0.9255880859293115,Optimization terminated successfully
2012-07-11,10,6,611.3,89.296875,1,1,0.8,1.0499993127839213,0.99997524977034,Optimization terminated successfully
2012-07-11,10,7,611.3,89.296875,1,1,0.8,1.0500005379479573,0.9999600669022812,Optimization terminated successfully
2012-07-11,10,8,611.3,89.296875,1,1,0.8,1.0500006240258313,0.9999907765122045,Optimization terminated successfully
2012-07-11,10,9,611.3,89.296875,1,1,0.8,1.0500005841228826,0.9999885396880999,Optimization terminated successfully
2012-07-12,11,0,611.3,89.296875,1,1,0.8,1.049999509916292,0.9999692026355826,Optimization terminated successfully
2012-07-12,11,1,611.3,89.296875,1,1,0.8,1.0500001222164095,0.9092854783600542,Optimization terminated successfully
2012-07-12,11,2,611.3,89.296875,1,1,0.8,1.050000941829507,0.9999440793175077,Optimization terminated successfully
2012-07-12,11,3,611.3,89.296875,1,1,0.8,1.0500003058309693,0.945446358633411,Optimization terminated successfully
2012-07-12,11,4,611.3,89.296875,1,1,0.8,1.0500008722088372,0.9999353705657128,Optimization terminated successfully
2012-07-12,11,5,611.3,89.296875,1,1,0.8,1.050000682951809,0.9890622255303715,Optimization terminated successfully
2012-07-12,11,6,611.3,89.296875,1,1,0.8,1.0500008987217184,0.9999469097851441,Optimization terminated successfully
2012-07-12,11,7,611.3,89.296875,1,1,0.8,1.0500007370815243,0.9999354192065114,Optimization terminated successfully
2012-07-12,11,8,611.3,89.296875,1,1,0.8,1.0500006327972116,0.9999831002560124,Optimization terminated successfully
2012-07-12,11,9,611.3,89.296875,1,1,0.8,1.0500006682816092,0.9999287290623539,Optimization terminated successfully
2012-07-13,12,0,611.3,89.296875,1,1,0.8,1.0499999132106328,0.9999278548253564,Optimization terminated successfully
2012-07-13,12,1,611.3,89.296875,1,1,0.8,1.0500009497522862,0.9595058060672744,Optimization terminated successfully
2012-07-13,12,2,611.3,89.296875,1,1,0.8,1.049998730835328,0.9999239598782269,Optimization terminated successfully
2012-07-13,12,3,611.3,89.296875,1,1,0.8,1.0499991905698451,0.9424914807288421,Optimization terminated successfully
2012-07-13,12,4,611.3,89.296875,1,1,0.8,1.049999772795393,0.9726529735071042,Optimization terminated successfully
2012-07-13,12,5,611.3,89.296875,1,1,0.8,1.0500008970974415,0.9708367431478462,Optimization terminated successfully
2012-07-13,12,6,611.3,89.296875,1,1,0.8,1.0499988072000848,0.9999459454503449,Optimization terminated successfully
2012-07-13,12,7,611.3,89.296875,1,1,0.8,1.0499995897623313,0.9999606932483647,Optimization terminated successfully
2012-07-13,12,8,611.3,89.296875,1,1,0.8,1.0500007930220245,0.9999325075860911,Optimization terminated successfully
2012-07-13,12,9,611.3,89.296875,1,1,0.8,1.049999502075661,0.9999648159679266,Optimization terminated successfully
2012-07-14,13,0,611.3,89.296875,1,1,0.8,1.0499993229615416,0.9999906698989817,Optimization terminated successfully
2012-07-14,13,1,611.3,89.296875,1,1,0.8,1.0500001763982576,0.9356225513268613,Optimization terminated successfully
2012-07-14,13,2,611.3,89.296875,1,1,0.8,1.049999008618847,0.9968384930093286,Optimization terminated successfully
2012-07-14,13,3,611.3,89.296875,1,1,0.8,1.0500003954197712,0.9999197907389359,Optimization terminated successfully
2012-07-14,13,4,611.3,89.296875,1,1,0.8,1.0500007892951526,0.967092212926478,Optimization terminated successfully
2012-07-14,13,5,611.3,89.296875,1,1,0.8,1.049999630501454,0.9513661781545032,Optimization terminated successfully
2012-07-14,13,6,611.3,89.296875,1,1,0.8,1.0499998305552052,0.9999912162934004,Optimization terminated successfully
2012-07-14,13,7,611.3,89.296875,1,1,0.8,1.0499992594795746,0.9999503632135008,Optimization terminated successfully
2012-07-14,13,8,611.3,89.296875,1,1,0.8,1.0500005464478257,0.9999462915880956,Optimization terminated successfully
2012-07-14,13,9,611.3,89.296875,1,1,0.8,1.0499988417694028,0.9999888199734935,Optimization terminated successfully
2012-07-15,14,0,611.3,89.296875,1,1,0.8,1.0499999253210255,0.99994282692339,Optimization terminated successfully
2012-07-15,14,1,611.3,89.296875,1,1,0.8,1.049999864920269,0.9999315145796284,Optimization terminated successfully
2012-07-15,14,2,611.3,89.296875,1,1,0.8,1.050000562321564,0.9627976660247914,Optimization terminated successfully
2012-07-15,14,3,611.3,89.296875,1,1,0.8,1.0499996925590076,0.9815447013950238,Optimization terminated successfully
2012-07-15,14,4,611.3,89.296875,1,1,0.8,1.0499987462516958,0.9999213120467474,Optimization terminated successfully
2012-07-15,14,5,611.3,89.296875,1,1,0.8,1.0499988426324898,1.0000006786511018,Optimization terminated successfully
2012-07-15,14,6,611.3,89.296875,1,1,0.8,1.0499986004306037,0.9999743137460015,Optimization terminated successfully
2012-07-15,14,7,611.3,89.296875,1,1,0.8,1.0499992832538338,0.9999418818122119,Optimization terminated successfully
2012-07-15,14,8,611.3,89.296875,1,1,0.8,1.050000934899925,0.9999501975208182,Optimization terminated successfully
2012-07-15,14,9,611.3,89.296875,1,1,0.8,1.0499986259503336,0.9999457263303079,Optimization terminated successfully
2012-07-16,15,0,611.3,89.296875,1,1,0.8,1.0500006702746603,0.999990798529349,Optimization terminated successfully
2012-07-16,15,1,611.3,89.296875,1,1,0.8,1.0500006674529831,0.959670267507463,Optimization terminated successfully
2012-07-16,15,2,611.3,89.296875,1,1,0.8,1.0499997260332345,0.9865925746775384,Optimization terminated successfully
2012-07-16,15,3,611.3,89.296875,1,1,0.8,1.050000875673029,0.9616000361153287,Optimization terminated successfully
2012-07-16,15,4,611.3,89.296875,1,1,0.8,1.0499992367729427,0.9999914113370507,Optimization terminated successfully
2012-07-16,15,5,611.3,89.296875,1,1,0.8,1.0500000171056396,0.9781904344110192,Optimization terminated successfully
2012-07-16,15,6,611.3,89.296875,1,1,0.8,1.05000002931769,0.9999514987371461,Optimization terminated successfully
2012-07-16,15,7,611.3,89.296875,1,1,0.8,1.0499995049197042,0.9999777053650463,Optimization terminated successfully
2012-07-16,15,8,611.3,89.296875,1,1,0.8,1.050000948238309,0.9811528567032084,Optimization terminated successfully
2012-07-16,15,9,611.3,89.296875,1,1,0.8,1.0499999337460724,0.9999793623226434,Optimization terminated successfully
2012-07-17,16,0,611.3,89.296875,1,1,0.8,1.0500003556003406,0.9999243462015308,Optimization terminated successfully
2012-07-17,16,1,611.3,89.296875,1,1,0.8,1.0500009701743542,0.9925254038878027,Optimization terminated successfully
2012-07-17,16,2,611.3,89.296875,1,1,0.8,1.0499984826707336,0.9999917031759105,Optimization terminated successfully
2012-07-17,16,3,611.3,89.296875,1,1,0.8,1.0500008582251545,0.9828463253047507,Optimization terminated successfully
2012-07-17,16,4,611.3,89.296875,1,1,0.8,1.0488487937737159,0.9999873238077975,Optimization terminated successfully
2012-07-17,16,5,611.3,89.296875,0,0,,1.0480405610729173,0.7557225910212472,fixed service power exceeds an audited export limit
2012-07-17,16,6,611.3,89.296875,1,1,0.8,1.0500002190053292,0.9999274206616734,Optimization terminated successfully
2012-07-17,16,7,611.3,89.296875,1,1,0.8,1.050000984605753,0.9999355287296633,Optimization terminated successfully
2012-07-17,16,8,611.3,89.296875,1,1,0.8,1.049620626285852,0.999997203062741,Optimization terminated successfully
2012-07-17,16,9,611.3,89.296875,1,1,0.8,1.0499996486394807,0.999996887269281,Optimization terminated successfully
2012-07-18,17,0,611.3,89.296875,1,1,0.8,1.0500003217253038,0.9999908005416516,Optimization terminated successfully
2012-07-18,17,1,611.3,89.296875,1,1,0.8,1.0499999118127472,0.9531927233557397,Optimization terminated successfully
2012-07-18,17,2,611.3,89.296875,1,1,0.8,1.0500004440206379,0.9639832789915883,Optimization terminated successfully
2012-07-18,17,3,611.3,89.296875,1,1,0.8,1.0500005391714062,0.9982572647263309,Optimization terminated successfully
2012-07-18,17,4,611.3,89.296875,1,1,0.8,1.0500006387651457,0.9999409440490724,Optimization terminated successfully
2012-07-18,17,5,611.3,89.296875,1,1,0.8,1.04999935555254,0.9604603925528711,Optimization terminated successfully
2012-07-18,17,6,611.3,89.296875,1,1,0.8,1.0499992207624564,0.9999581456073416,Optimization terminated successfully
2012-07-18,17,7,611.3,89.296875,1,1,0.8,1.0480694468070384,0.9999874344798867,Optimization terminated successfully
2012-07-18,17,8,611.3,89.296875,1,1,0.8,1.0499990367287482,0.9999550398269044,Optimization terminated successfully
2012-07-18,17,9,611.3,89.296875,1,1,0.8,1.0499999129346216,0.9999933087018106,Optimization terminated successfully
2012-07-19,18,0,611.3,89.296875,1,1,0.8,1.0500002261205643,0.9999607389707371,Optimization terminated successfully
2012-07-19,18,1,611.3,89.296875,1,1,0.8,1.050000411800119,0.9884323947540996,Optimization terminated successfully
2012-07-19,18,2,611.3,89.296875,1,1,0.8,1.0499997225077875,0.9999875364870185,Optimization terminated successfully
2012-07-19,18,3,611.3,89.296875,1,1,0.8,1.0499998655406024,0.9888238033358705,Optimization terminated successfully
2012-07-19,18,4,611.3,89.296875,1,1,0.8,1.049998646439901,0.9999603992452515,Optimization terminated successfully
2012-07-19,18,5,611.3,89.296875,1,1,0.8,1.0500008604816136,0.9419405891948364,Optimization terminated successfully
2012-07-19,18,6,611.3,89.296875,1,1,0.8,1.0499997583924012,0.9951217598313307,Optimization terminated successfully
2012-07-19,18,7,611.3,89.296875,1,1,0.8,1.0500001779162333,0.9999999659216827,Optimization terminated successfully
2012-07-19,18,8,611.3,89.296875,1,1,0.8,1.0494330676108974,0.9999806186631962,Optimization terminated successfully
2012-07-19,18,9,611.3,89.296875,1,1,0.8,1.0499996012511006,0.999965274941458,Optimization terminated successfully
2012-07-20,19,0,611.3,89.296875,1,1,0.8,1.0499988395987097,0.9999865708089145,Optimization terminated successfully
2012-07-20,19,1,611.3,89.296875,1,1,0.8,1.0500009401409491,0.9689659687619218,Optimization terminated successfully
2012-07-20,19,2,611.3,89.296875,1,1,0.8,1.0500000151510873,0.9509829383949442,Optimization terminated successfully
2012-07-20,19,3,611.3,89.296875,1,1,0.8,1.049999966918411,0.9692049497584375,Optimization terminated successfully
2012-07-20,19,4,611.3,89.296875,1,1,0.8,1.0500004137686716,0.9738638873947372,Optimization terminated successfully
2012-07-20,19,5,611.3,89.296875,1,1,0.8,1.0499991338594872,0.9787029745364572,Optimization terminated successfully
2012-07-20,19,6,611.3,89.296875,1,1,0.8,1.0500002240796744,0.9999644974696114,Optimization terminated successfully
2012-07-20,19,7,611.3,89.296875,1,1,0.8,1.0499992214751093,0.9999323846899618,Optimization terminated successfully
2012-07-20,19,8,611.3,89.296875,1,1,0.8,1.0500001198493818,0.9999201455197378,Optimization terminated successfully
2012-07-20,19,9,611.3,89.296875,1,1,0.8,1.0500007608260977,0.9999967992894548,Optimization terminated successfully
2012-07-21,20,0,611.3,89.296875,1,1,0.8,1.0500007936446971,0.999985892918867,Optimization terminated successfully
2012-07-21,20,1,611.3,89.296875,1,1,0.8,1.0500004900819397,0.9874810724104758,Optimization terminated successfully
2012-07-21,20,2,611.3,89.296875,1,1,0.8,1.05000075353969,0.9553162702432872,Optimization terminated successfully
2012-07-21,20,3,611.3,89.296875,1,1,0.8,1.0500006951789025,0.9996739547200001,Optimization terminated successfully
2012-07-21,20,4,611.3,89.296875,1,1,0.8,1.050000368901722,0.9723206294066397,Optimization terminated successfully
2012-07-21,20,5,611.3,89.296875,1,1,0.8,1.0499999965974385,0.9999654127624403,Optimization terminated successfully
2012-07-21,20,6,611.3,89.296875,1,1,0.8,1.0499994707110856,0.9999508983163311,Optimization terminated successfully
2012-07-21,20,7,611.3,89.296875,1,1,0.8,1.049999897261652,0.9999809177244637,Optimization terminated successfully
2012-07-21,20,8,611.3,89.296875,1,1,0.8,1.0500009552297198,0.9943681280391534,Optimization terminated successfully
2012-07-21,20,9,611.3,89.296875,1,1,0.8,1.049999760641343,0.9999794113209025,Optimization terminated successfully
2012-07-22,21,0,611.3,89.296875,1,1,0.8,1.049999192190431,0.9999808471790534,Optimization terminated successfully
2012-07-22,21,1,611.3,89.296875,1,1,0.8,1.049999464869689,0.9595931369357671,Optimization terminated successfully
2012-07-22,21,2,611.3,89.296875,1,1,0.8,1.0500007900292176,0.9768094824226183,Optimization terminated successfully
2012-07-22,21,3,611.3,89.296875,1,1,0.8,1.0500004322231151,0.8951076843066333,Optimization terminated successfully
2012-07-22,21,4,611.3,89.296875,1,1,0.8,1.0500009058942548,0.999975906217339,Optimization terminated successfully
2012-07-22,21,5,611.3,89.296875,1,1,0.8,1.0500001633956229,0.9999619774849391,Optimization terminated successfully
2012-07-22,21,6,611.3,89.296875,1,1,0.8,1.0500004525256856,0.9999427749692889,Optimization terminated successfully
2012-07-22,21,7,611.3,89.296875,1,1,0.8,1.0499985591883814,0.9999695942173082,Optimization terminated successfully
2012-07-22,21,8,611.3,89.296875,1,1,0.8,1.0500003072366257,0.9999492164391722,Optimization terminated successfully
2012-07-22,21,9,611.3,89.296875,1,1,0.8,1.0499993749994394,0.9999996822940134,Optimization terminated successfully
2012-07-23,22,0,611.3,89.296875,1,1,0.8,1.049326231785889,0.9999960602507911,Optimization terminated successfully
2012-07-23,22,1,611.3,89.296875,1,1,0.8,1.0500006475893708,0.9662427807995272,Optimization terminated successfully
2012-07-23,22,2,611.3,89.296875,1,1,0.8,1.0499997687602882,0.964457286947061,Optimization terminated successfully
2012-07-23,22,3,611.3,89.296875,1,1,0.8,1.0500008494386546,0.9630825670316903,Optimization terminated successfully
2012-07-23,22,4,611.3,89.296875,1,1,0.8,1.0499984619433098,0.9999733954811515,Optimization terminated successfully
2012-07-23,22,5,611.3,89.296875,1,1,0.8,1.0500009304465245,0.9999956431659595,Optimization terminated successfully
2012-07-23,22,6,611.3,89.296875,1,1,0.8,1.0499997105440995,0.9999359118485667,Optimization terminated successfully
2012-07-23,22,7,611.3,89.296875,1,1,0.8,1.0500004816643465,0.9999982325868214,Optimization terminated successfully
2012-07-23,22,8,611.3,89.296875,1,1,0.8,1.050000033006237,0.9999992768163308,Optimization terminated successfully
2012-07-23,22,9,611.3,89.296875,1,1,0.8,1.0500009521321712,0.9999250313675317,Optimization terminated successfully
2012-07-24,23,0,611.3,89.296875,1,1,0.8,1.049998647176809,0.9999588865067824,Optimization terminated successfully
2012-07-24,23,1,611.3,89.296875,1,1,0.8,1.0500005458510038,0.9723874991694426,Optimization terminated successfully
2012-07-24,23,2,611.3,89.296875,1,1,0.8,1.050000505091103,0.9999398720419909,Optimization terminated successfully
2012-07-24,23,3,611.3,89.296875,1,1,0.8,1.0500008938467749,0.9999918972968832,Optimization terminated successfully
2012-07-24,23,4,611.3,89.296875,1,1,0.8,1.0499996261298965,0.9999713305403719,Optimization terminated successfully
2012-07-24,23,5,611.3,89.296875,1,1,0.8,1.0500006747719055,0.9534190578525393,Optimization terminated successfully
2012-07-24,23,6,611.3,89.296875,1,1,0.8,1.049998992042082,0.9999930031965865,Optimization terminated successfully
2012-07-24,23,7,611.3,89.296875,1,1,0.8,1.0499998267037105,0.9999630097437135,Optimization terminated successfully
2012-07-24,23,8,611.3,89.296875,1,1,0.8,1.0499998614751875,0.9999500736707607,Optimization terminated successfully
2012-07-24,23,9,611.3,89.296875,1,1,0.8,1.0500008729627242,0.9999654903313864,Optimization terminated successfully
2012-07-25,24,0,611.3,89.296875,1,1,0.8,1.0500004179849796,0.9999979091053595,Optimization terminated successfully
2012-07-25,24,1,611.3,89.296875,1,1,0.8,1.050000325854952,0.9999379392201316,Optimization terminated successfully
2012-07-25,24,2,611.3,89.296875,1,1,0.8,1.0499999840675207,0.9280847856848191,Optimization terminated successfully
2012-07-25,24,3,611.3,89.296875,1,1,0.8,1.0500003628378534,0.9776720900072344,Optimization terminated successfully
2012-07-25,24,4,611.3,89.296875,1,1,0.8,1.0500000562146212,0.9995628514096526,Optimization terminated successfully
2012-07-25,24,5,611.3,89.296875,1,1,0.8,1.050000127431222,0.9643041777365271,Optimization terminated successfully
2012-07-25,24,6,611.3,89.296875,1,1,0.8,1.0499993804355652,0.9999678380096002,Optimization terminated successfully
2012-07-25,24,7,611.3,89.296875,1,1,0.8,1.050000374546706,0.9999234467998593,Optimization terminated successfully
2012-07-25,24,8,611.3,89.296875,1,1,0.8,1.0499989256342195,0.9926359163755779,Optimization terminated successfully
2012-07-25,24,9,611.3,89.296875,1,1,0.8,1.0500005079173522,0.9999709215310516,Optimization terminated successfully
2012-07-26,25,0,611.3,89.296875,1,1,0.8,1.0496590437439837,0.9999710700392523,Optimization terminated successfully
2012-07-26,25,1,611.3,89.296875,1,1,0.8,1.0500008271008268,0.9362464803844978,Optimization terminated successfully
2012-07-26,25,2,611.3,89.296875,1,1,0.8,1.050000431779514,0.9999708649342302,Optimization terminated successfully
2012-07-26,25,3,611.3,89.296875,1,1,0.8,1.0500008338456235,0.9999213914631896,Optimization terminated successfully
2012-07-26,25,4,611.3,89.296875,1,1,0.8,1.0499999475200614,0.9999790671048645,Optimization terminated successfully
2012-07-26,25,5,611.3,89.296875,1,1,0.8,1.050000578576046,0.9567789596250962,Optimization terminated successfully
2012-07-26,25,6,611.3,89.296875,1,1,0.8,1.050000427586913,0.9999538572208665,Optimization terminated successfully
2012-07-26,25,7,611.3,89.296875,1,1,0.8,1.0499986353270991,0.9999400963765983,Optimization terminated successfully
2012-07-26,25,8,611.3,89.296875,1,1,0.8,1.0500005099147152,0.9999313277798865,Optimization terminated successfully
2012-07-26,25,9,611.3,89.296875,1,1,0.8,1.0499986334060494,0.9999897259455023,Optimization terminated successfully
2012-07-27,26,0,611.3,89.296875,1,1,0.8,1.0499998364463565,0.9999608711990468,Optimization terminated successfully
2012-07-27,26,1,611.3,89.296875,1,1,0.8,1.049999918630481,0.9806217168061115,Optimization terminated successfully
2012-07-27,26,2,611.3,89.296875,1,1,0.8,1.0499999404778855,0.9993408121845438,Optimization terminated successfully
2012-07-27,26,3,611.3,89.296875,1,1,0.8,1.049998838198214,0.9999922770917619,Optimization terminated successfully
2012-07-27,26,4,611.3,89.296875,1,1,0.8,1.0499998718114525,0.9716347047074947,Optimization terminated successfully
2012-07-27,26,5,611.3,89.296875,1,1,0.8,1.050000546907125,0.9999725487959009,Optimization terminated successfully
2012-07-27,26,6,611.3,89.296875,1,1,0.8,1.050000737929023,0.9999574644445051,Optimization terminated successfully
2012-07-27,26,7,611.3,89.296875,1,1,0.8,1.04999914791128,0.9999990590383976,Optimization terminated successfully
2012-07-27,26,8,611.3,89.296875,1,1,0.8,1.0500006755655658,0.999955708678124,Optimization terminated successfully
2012-07-27,26,9,611.3,89.296875,1,1,0.8,1.0500004720065554,0.9999993026983716,Optimization terminated successfully
2012-07-28,27,0,611.3,89.296875,1,1,0.8,1.0499987532988526,0.9999785893893929,Optimization terminated successfully
2012-07-28,27,1,611.3,89.296875,1,1,0.8,1.0499996919941386,0.9999461694700222,Optimization terminated successfully
2012-07-28,27,2,611.3,89.296875,1,1,0.8,1.0500001407830517,0.9207808631405123,Optimization terminated successfully
2012-07-28,27,3,611.3,89.296875,1,1,0.8,1.0500009116973166,0.9999191003435661,Optimization terminated successfully
2012-07-28,27,4,611.3,89.296875,1,1,0.8,1.0500001437686926,0.9999426505019875,Optimization terminated successfully
2012-07-28,27,5,611.3,89.296875,1,1,0.8,1.0500003450242559,0.973344215265879,Optimization terminated successfully
2012-07-28,27,6,611.3,89.296875,1,1,0.8,1.0500004744814257,0.9999521495713338,Optimization terminated successfully
2012-07-28,27,7,611.3,89.296875,1,1,0.8,1.0499991645542088,0.9999642383054227,Optimization terminated successfully
2012-07-28,27,8,611.3,89.296875,1,1,0.8,1.0500008025620733,0.9999929562878692,Optimization terminated successfully
2012-07-28,27,9,611.3,89.296875,1,1,0.8,1.049998845809039,1.0000008472958315,Optimization terminated successfully
2012-07-29,28,0,611.3,89.296875,1,1,0.8,1.050000926421021,0.9999795741166807,Optimization terminated successfully
2012-07-29,28,1,611.3,89.296875,1,1,0.8,1.0500004182835538,0.9558812219309991,Optimization terminated successfully
2012-07-29,28,2,611.3,89.296875,1,1,0.8,1.050000367132681,0.991647929481969,Optimization terminated successfully
2012-07-29,28,3,611.3,89.296875,1,1,0.8,1.0500007421367803,0.9698270210407717,Optimization terminated successfully
2012-07-29,28,4,611.3,89.296875,1,1,0.8,1.0499995414006558,0.9894241726969908,Optimization terminated successfully
2012-07-29,28,5,611.3,89.296875,1,1,0.8,1.0500008495416195,0.9965457495492039,Optimization terminated successfully
2012-07-29,28,6,611.3,89.296875,1,1,0.8,1.0499999900492616,0.9999943329956824,Optimization terminated successfully
2012-07-29,28,7,611.3,89.296875,1,1,0.8,1.049999087890799,0.9999515041211912,Optimization terminated successfully
2012-07-29,28,8,611.3,89.296875,1,1,0.8,1.0499995485378608,0.9926359720067799,Optimization terminated successfully
2012-07-29,28,9,611.3,89.296875,1,1,0.8,1.0500000874738404,0.9999481422882023,Optimization terminated successfully
2012-07-30,29,0,611.3,89.296875,1,1,0.8,1.0488284506066163,0.9999958477884197,Optimization terminated successfully
2012-07-30,29,1,611.3,89.296875,1,1,0.8,1.049999654903147,0.9673052637374414,Optimization terminated successfully
2012-07-30,29,2,611.3,89.296875,1,1,0.8,1.0500009514053743,0.9999412693033767,Optimization terminated successfully
2012-07-30,29,3,611.3,89.296875,1,1,0.8,1.0500009380276403,0.9999848240815764,Optimization terminated successfully
2012-07-30,29,4,611.3,89.296875,1,1,0.8,1.0500009196036395,0.970166381942027,Optimization terminated successfully
2012-07-30,29,5,611.3,89.296875,1,1,0.8,1.0500003567392067,0.9931715497634069,Optimization terminated successfully
2012-07-30,29,6,611.3,89.296875,1,1,0.8,1.0499997646393555,0.9999176342908223,Optimization terminated successfully
2012-07-30,29,7,611.3,89.296875,1,1,0.8,1.0499998744632542,0.9999873302235947,Optimization terminated successfully
2012-07-30,29,8,611.3,89.296875,1,1,0.8,1.0499999168115943,0.9999244655702756,Optimization terminated successfully
2012-07-30,29,9,611.3,89.296875,1,1,0.8,1.0500002858732356,0.999990342793937,Optimization terminated successfully
2012-07-31,30,0,611.3,89.296875,1,1,0.8,1.0500006992022803,0.9999916007660071,Optimization terminated successfully
2012-07-31,30,1,611.3,89.296875,1,1,0.8,1.0496700303523228,0.9999990267372038,Optimization terminated successfully
2012-07-31,30,2,611.3,89.296875,1,1,0.8,1.050000786047648,0.9999998626656457,Optimization terminated successfully
2012-07-31,30,3,611.3,89.296875,1,1,0.8,1.050000323114011,0.9984881350601088,Optimization terminated successfully
2012-07-31,30,4,611.3,89.296875,1,1,0.8,1.0499996560709617,0.9999740275781599,Optimization terminated successfully
2012-07-31,30,5,611.3,89.296875,1,1,0.8,1.0499994149831784,0.99994969617607,Optimization terminated successfully
2012-07-31,30,6,611.3,89.296875,1,1,0.8,1.0499987340339063,0.9999632864553835,Optimization terminated successfully
2012-07-31,30,7,611.3,89.296875,1,1,0.8,1.0500001644627441,0.9999596413450736,Optimization terminated successfully
2012-07-31,30,8,611.3,89.296875,1,1,0.8,1.049999846617014,0.9999975906555985,Optimization terminated successfully
2012-07-31,30,9,611.3,89.296875,1,1,0.8,1.0496843230797919,0.9999833033050284,Optimization terminated successfully
2012-08-01,31,0,611.3,89.296875,1,1,0.8,1.0499985128170843,0.9999758977105268,Optimization terminated successfully
2012-08-01,31,1,611.3,89.296875,1,1,0.8,1.0499999523843027,0.9751728459467794,Optimization terminated successfully
2012-08-01,31,2,611.3,89.296875,1,1,0.8,1.049999561573402,0.9677227526344798,Optimization terminated successfully
2012-08-01,31,3,611.3,89.296875,1,1,0.8,1.0499987962228732,0.9999671976403071,Optimization terminated successfully
2012-08-01,31,4,611.3,89.296875,1,1,0.8,1.0499991674698435,0.9999485254920955,Optimization terminated successfully
2012-08-01,31,5,611.3,89.296875,1,1,0.8,1.0500002600941636,0.9820363091729892,Optimization terminated successfully
2012-08-01,31,6,611.3,89.296875,1,1,0.8,1.0497460476565528,0.9999473091918932,Optimization terminated successfully
2012-08-01,31,7,611.3,89.296875,1,1,0.8,1.0480379911278062,0.9999764295755458,Optimization terminated successfully
2012-08-01,31,8,611.3,89.296875,1,1,0.8,1.0500008383412445,0.9999862244535305,Optimization terminated successfully
2012-08-01,31,9,611.3,89.296875,1,1,0.8,1.0499984715469475,0.9999676617113891,Optimization terminated successfully
2012-08-02,32,0,611.3,89.296875,1,1,0.8,1.049998563664517,0.9999571150575045,Optimization terminated successfully
2012-08-02,32,1,611.3,89.296875,1,1,0.8,1.050000321906808,0.9647170364592635,Optimization terminated successfully
2012-08-02,32,2,611.3,89.296875,1,1,0.8,1.0500001207322192,0.9999592383228859,Optimization terminated successfully
2012-08-02,32,3,611.3,89.296875,1,1,0.8,1.0500007414077626,0.9999579710851944,Optimization terminated successfully
2012-08-02,32,4,611.3,89.296875,1,1,0.8,1.0497069020944627,0.9999802777102228,Optimization terminated successfully
2012-08-02,32,5,611.3,89.296875,1,1,0.8,1.0499986982894312,0.9726827016452004,Optimization terminated successfully
2012-08-02,32,6,611.3,89.296875,1,1,0.8,1.0499998887193873,0.9999303963570483,Optimization terminated successfully
2012-08-02,32,7,611.3,89.296875,1,1,0.8,1.0500003791659276,0.9999680645689243,Optimization terminated successfully
2012-08-02,32,8,611.3,89.296875,1,1,0.8,1.0499993859907857,0.9999950412604544,Optimization terminated successfully
2012-08-02,32,9,611.3,89.296875,1,1,0.8,1.0500007663885949,0.9999836179990822,Optimization terminated successfully
2012-08-03,33,0,611.3,89.296875,1,1,0.8,1.049999071747418,0.9999827291845957,Optimization terminated successfully
2012-08-03,33,1,611.3,89.296875,1,1,0.8,1.0499990347452728,0.9999542701089945,Optimization terminated successfully
2012-08-03,33,2,611.3,89.296875,1,1,0.8,1.0499989574761048,0.99997719415177,Optimization terminated successfully
2012-08-03,33,3,611.3,89.296875,1,1,0.8,1.0500004435837516,0.984565763412969,Optimization terminated successfully
2012-08-03,33,4,611.3,89.296875,1,1,0.8,1.0500004962279608,0.9556767571143762,Optimization terminated successfully
2012-08-03,33,5,611.3,89.296875,1,1,0.8,1.050000735153037,0.9999413255174315,Optimization terminated successfully
2012-08-03,33,6,611.3,89.296875,1,1,0.8,1.0499990922772933,0.9999572669029426,Optimization terminated successfully
2012-08-03,33,7,611.3,89.296875,1,1,0.8,1.0499996222876156,1.0000008533177318,Optimization terminated successfully
2012-08-03,33,8,611.3,89.296875,1,1,0.8,1.0499995778779798,0.9999506221955256,Optimization terminated successfully
2012-08-03,33,9,611.3,89.296875,1,1,0.8,1.0499995134197602,0.999985620740731,Optimization terminated successfully
2012-08-04,34,0,611.3,89.296875,1,1,0.8,1.0499999970379374,1.000000286370915,Optimization terminated successfully
2012-08-04,34,1,611.3,89.296875,1,1,0.8,1.0500000741086841,0.9999541272891084,Optimization terminated successfully
2012-08-04,34,2,611.3,89.296875,1,1,0.8,1.050000908141807,0.9999852462852669,Optimization terminated successfully
2012-08-04,34,3,611.3,89.296875,1,1,0.8,1.0499987921432794,0.999959127768703,Optimization terminated successfully
2012-08-04,34,4,611.3,89.296875,1,1,0.8,1.0500004028384977,0.9191070517703281,Optimization terminated successfully
2012-08-04,34,5,611.3,89.296875,1,1,0.8,1.049999251476625,0.8829044644510308,Optimization terminated successfully
2012-08-04,34,6,611.3,89.296875,1,1,0.8,1.049999185832257,0.9999885863931347,Optimization terminated successfully
2012-08-04,34,7,611.3,89.296875,1,1,0.8,1.0499994066972267,0.9999947435640368,Optimization terminated successfully
2012-08-04,34,8,611.3,89.296875,1,1,0.8,1.0500004525710886,0.9969502654005887,Optimization terminated successfully
2012-08-04,34,9,611.3,89.296875,1,1,0.8,1.0500009729495292,0.9999647198270644,Optimization terminated successfully
2012-08-05,35,0,611.3,89.296875,1,1,0.8,1.0500005992272987,1.000000292488283,Optimization terminated successfully
2012-08-05,35,1,611.3,89.296875,1,1,0.8,1.0499996513248422,0.9443088393762329,Optimization terminated successfully
2012-08-05,35,2,611.3,89.296875,1,1,0.8,1.0500009548813962,0.9803750028220845,Optimization terminated successfully
2012-08-05,35,3,611.3,89.296875,1,1,0.8,1.05000061001074,0.9459794918940878,Optimization terminated successfully
2012-08-05,35,4,611.3,89.296875,1,1,0.8,1.0500007115369334,0.9439462203765743,Optimization terminated successfully
2012-08-05,35,5,611.3,89.296875,1,1,0.8,1.0500009204767184,0.9275449896195646,Optimization terminated successfully
2012-08-05,35,6,611.3,89.296875,1,1,0.8,1.0499992033427805,0.9999519013545115,Optimization terminated successfully
2012-08-05,35,7,611.3,89.296875,1,1,0.8,1.0499988269891956,0.9999631105376199,Optimization terminated successfully
2012-08-05,35,8,611.3,89.296875,1,1,0.8,1.0499992325489047,0.999983373463596,Optimization terminated successfully
2012-08-05,35,9,611.3,89.296875,1,1,0.8,1.0500001329164057,0.9999608349910157,Optimization terminated successfully
2012-08-06,36,0,611.3,89.296875,1,1,0.8,1.0491016038445904,0.9999997350212161,Optimization terminated successfully
2012-08-06,36,1,611.3,89.296875,1,1,0.8,1.0499989747254193,0.9029655489819696,Optimization terminated successfully
2012-08-06,36,2,611.3,89.296875,1,1,0.8,1.0500009848890692,0.98127017121958,Optimization terminated successfully
2012-08-06,36,3,611.3,89.296875,1,1,0.8,1.0500009945001245,0.9669662352820296,Optimization terminated successfully
2012-08-06,36,4,611.3,89.296875,1,1,0.8,1.0500008421141496,0.9861969940870589,Optimization terminated successfully
2012-08-06,36,5,611.3,89.296875,0,0,,1.0481336175140326,0.7671042650747882,fixed service power exceeds an audited export limit
2012-08-06,36,6,611.3,89.296875,1,1,0.8,1.0499987159764737,0.9999878045648929,Optimization terminated successfully
2012-08-06,36,7,611.3,89.296875,1,1,0.8,1.0499988435105547,0.9999628611079723,Optimization terminated successfully
2012-08-06,36,8,611.3,89.296875,1,1,0.8,1.0499994483865616,1.0000006364037664,Optimization terminated successfully
2012-08-06,36,9,611.3,89.296875,1,1,0.8,1.0499996892584211,0.9999699189454903,Optimization terminated successfully
2012-08-07,37,0,611.3,89.296875,1,1,0.8,1.0478593689658842,0.9999895447214818,Optimization terminated successfully
2012-08-07,37,1,611.3,89.296875,1,1,0.8,1.0499990470626188,0.9999304516340644,Optimization terminated successfully
2012-08-07,37,2,611.3,89.296875,0,0,,1.0479100076921626,0.8403011223014544,fixed service power exceeds an audited export limit
2012-08-07,37,3,611.3,89.296875,1,1,0.8,1.0500007611379967,0.9999889597391592,Optimization terminated successfully
2012-08-07,37,4,611.3,89.296875,1,1,0.8,1.0500006209973405,0.9999637733358844,Optimization terminated successfully
2012-08-07,37,5,611.3,89.296875,1,1,0.8,1.0500009160955746,0.903766726025595,Optimization terminated successfully
2012-08-07,37,6,611.3,89.296875,1,1,0.8,1.0495019689033744,0.9999986012927755,Optimization terminated successfully
2012-08-07,37,7,611.3,89.296875,1,1,0.8,1.050000771095838,0.9999872402037069,Optimization terminated successfully
2012-08-07,37,8,611.3,89.296875,1,1,0.8,1.0499998110181425,0.9897404091433079,Optimization terminated successfully
2012-08-07,37,9,611.3,89.296875,1,1,0.8,1.0499994547106855,0.9999361670767425,Optimization terminated successfully
2012-08-08,38,0,611.3,89.296875,1,1,0.8,1.0484038472016874,0.999980669916427,Optimization terminated successfully
2012-08-08,38,1,611.3,89.296875,1,1,0.8,1.0500007028450427,0.9972533757761876,Optimization terminated successfully
2012-08-08,38,2,611.3,89.296875,1,1,0.8,1.0499995977259444,0.9521550734141893,Optimization terminated successfully
2012-08-08,38,3,611.3,89.296875,1,1,0.8,1.050000584344167,0.9999641151249977,Optimization terminated successfully
2012-08-08,38,4,611.3,89.296875,1,1,0.8,1.049694286911267,0.9999260252669687,Optimization terminated successfully
2012-08-08,38,5,611.3,89.296875,1,1,0.8,1.0499990841434097,0.9167435492979223,Optimization terminated successfully
2012-08-08,38,6,611.3,89.296875,1,1,0.8,1.0486151636390741,0.9999867853397497,Optimization terminated successfully
2012-08-08,38,7,611.3,89.296875,1,1,0.8,1.0500007034831655,0.9999803197579255,Optimization terminated successfully
2012-08-08,38,8,611.3,89.296875,1,1,0.8,1.04999975219904,0.9999592586648676,Optimization terminated successfully
2012-08-08,38,9,611.3,89.296875,1,1,0.8,1.050000947859781,0.9999814470945114,Optimization terminated successfully
2012-08-09,39,0,611.3,89.296875,1,1,0.8,1.0499993550664857,0.9999476653579233,Optimization terminated successfully
2012-08-09,39,1,611.3,89.296875,1,1,0.8,1.0500009416649687,0.9999443101079464,Optimization terminated successfully
2012-08-09,39,2,611.3,89.296875,1,1,0.8,1.0499994009486469,0.9999984996600262,Optimization terminated successfully
2012-08-09,39,3,611.3,89.296875,1,1,0.8,1.0500005895270466,0.9999414914813457,Optimization terminated successfully
2012-08-09,39,4,611.3,89.296875,1,1,0.8,1.0500002872446548,0.9999306283395676,Optimization terminated successfully
2012-08-09,39,5,611.3,89.296875,1,1,0.8,1.05000065827287,0.9062522556323984,Optimization terminated successfully
2012-08-09,39,6,611.3,89.296875,1,1,0.8,1.0499996037925483,0.9999675158227684,Optimization terminated successfully
2012-08-09,39,7,611.3,89.296875,1,1,0.8,1.0499987860125841,0.9999328064193576,Optimization terminated successfully
2012-08-09,39,8,611.3,89.296875,1,1,0.8,1.049998715610983,0.9999291377879297,Optimization terminated successfully
2012-08-09,39,9,611.3,89.296875,1,1,0.8,1.0499989529810374,0.9999755380492558,Optimization terminated successfully
2012-08-10,40,1,611.3,89.296875,1,1,0.8,1.0499999231113932,0.9999192500501779,Optimization terminated successfully
2012-08-10,40,2,611.3,89.296875,1,1,0.8,1.0500001495547924,0.9999739814124601,Optimization terminated successfully
2012-08-10,40,3,611.3,89.296875,1,1,0.8,1.0500005597444149,0.9999641228868802,Optimization terminated successfully
2012-08-10,40,4,611.3,89.296875,1,1,0.8,1.049999881411542,0.999948918863697,Optimization terminated successfully
2012-08-10,40,5,611.3,89.296875,1,1,0.8,1.050000569432982,0.9999351583532929,Optimization terminated successfully
2012-08-10,40,6,611.3,89.296875,1,1,0.8,1.0499990842407911,0.9999825471638001,Optimization terminated successfully
2012-08-10,40,7,611.3,89.296875,1,1,0.8,1.0500002280315606,0.9999815684475466,Optimization terminated successfully
2012-08-10,40,8,611.3,89.296875,1,1,0.8,1.049999272397004,0.9999256932521793,Optimization terminated successfully
2012-08-10,40,9,611.3,89.296875,1,1,0.8,1.0500000354111543,0.9999345524685848,Optimization terminated successfully
2012-08-11,41,0,611.3,89.296875,1,1,0.8,1.0500003335095278,0.999990315968368,Optimization terminated successfully
2012-08-11,41,1,611.3,89.296875,1,1,0.8,1.0499994988487638,0.9999274424295236,Optimization terminated successfully
2012-08-11,41,2,611.3,89.296875,1,1,0.8,1.050000936720954,0.9776731573365174,Optimization terminated successfully
2012-08-11,41,3,611.3,89.296875,1,1,0.8,1.0499992797983693,0.9999325009395876,Optimization terminated successfully
2012-08-11,41,4,611.3,89.296875,1,1,0.8,1.0499994917664053,0.9999209507446725,Optimization terminated successfully
2012-08-11,41,5,611.3,89.296875,1,1,0.8,1.0500004371417624,0.9598736313278109,Optimization terminated successfully
2012-08-11,41,6,611.3,89.296875,1,1,0.8,1.0500007152302544,0.9999768852780975,Optimization terminated successfully
2012-08-11,41,7,611.3,89.296875,1,1,0.8,1.0499994195003812,0.999999751610725,Optimization terminated successfully
2012-08-11,41,8,611.3,89.296875,1,1,0.8,1.0500009469230895,0.9999587517280457,Optimization terminated successfully
2012-08-11,41,9,611.3,89.296875,1,1,0.8,1.0500004906620715,0.9999719645891606,Optimization terminated successfully
2012-08-12,42,0,611.3,89.296875,1,1,0.8,1.0499989317335385,0.9999925000637281,Optimization terminated successfully
2012-08-12,42,1,611.3,89.296875,1,1,0.8,1.0500004751096714,0.9692366547228234,Optimization terminated successfully
2012-08-12,42,2,611.3,89.296875,1,1,0.8,1.0499993280646005,0.9981238977334393,Optimization terminated successfully
2012-08-12,42,3,611.3,89.296875,1,1,0.8,1.0499989693765228,0.9664981311449005,Optimization terminated successfully
2012-08-12,42,4,611.3,89.296875,1,1,0.8,1.0500004953042128,0.9254462528663977,Optimization terminated successfully
2012-08-12,42,5,611.3,89.296875,1,1,0.8,1.049999597873018,0.9999244803775382,Optimization terminated successfully
2012-08-12,42,6,611.3,89.296875,1,1,0.8,1.0500008953940048,0.9999718850903966,Optimization terminated successfully
2012-08-12,42,7,611.3,89.296875,1,1,0.8,1.0500000440093962,0.9999971044753222,Optimization terminated successfully
2012-08-12,42,8,611.3,89.296875,1,1,0.8,1.0499996385058488,0.9999439101388625,Optimization terminated successfully
2012-08-12,42,9,611.3,89.296875,1,1,0.8,1.0500008767349625,0.9999910961924722,Optimization terminated successfully
2012-08-13,43,0,611.3,89.296875,1,1,0.8,1.04782033305461,0.9999934644313647,Optimization terminated successfully
2012-08-13,43,1,611.3,89.296875,1,1,0.8,1.0500002575530947,0.9999635689100671,Optimization terminated successfully
2012-08-13,43,2,611.3,89.296875,1,1,0.8,1.0500008163006709,0.984872763763139,Optimization terminated successfully
2012-08-13,43,3,611.3,89.296875,1,1,0.8,1.0500006503435255,0.9999814286819131,Optimization terminated successfully
2012-08-13,43,4,611.3,89.296875,1,1,0.8,1.050000801053186,0.9503362481599303,Optimization terminated successfully
2012-08-13,43,5,611.3,89.296875,0,0,,1.0477636176749496,0.7581429947277658,fixed service power exceeds an audited export limit
2012-08-13,43,6,611.3,89.296875,1,1,0.8,1.0499996317368108,0.9999810611199236,Optimization terminated successfully
2012-08-13,43,7,611.3,89.296875,1,1,0.8,1.049999504385073,0.9999872230893224,Optimization terminated successfully
2012-08-13,43,8,611.3,89.296875,1,1,0.8,1.0500008990418124,0.9999315921753026,Optimization terminated successfully
2012-08-13,43,9,611.3,89.296875,1,1,0.8,1.0499992253505332,0.9999449362914993,Optimization terminated successfully
2012-08-14,44,0,611.3,89.296875,1,1,0.8,1.0480677622298908,0.9999811891099458,Optimization terminated successfully
2012-08-14,44,1,611.3,89.296875,1,1,0.8,1.050000320469598,0.9852231464050437,Optimization terminated successfully
2012-08-14,44,2,611.3,89.296875,1,1,0.8,1.050000995196146,0.9910958994287785,Optimization terminated successfully
2012-08-14,44,3,611.3,89.296875,1,1,0.8,1.0499990564903148,0.9999346174926547,Optimization terminated successfully
2012-08-14,44,4,611.3,89.296875,1,1,0.8,1.0495530383393474,0.9999923940688378,Optimization terminated successfully
2012-08-14,44,5,611.3,89.296875,1,1,0.8,1.0500009427866202,0.9432224449611324,Optimization terminated successfully
2012-08-14,44,6,611.3,89.296875,1,1,0.8,1.0498090615889397,0.999987081271773,Optimization terminated successfully
2012-08-14,44,7,611.3,89.296875,1,1,0.8,1.0499992019900777,0.9999984288150665,Optimization terminated successfully
2012-08-14,44,8,611.3,89.296875,1,1,0.8,1.050000023718379,0.9999565030788428,Optimization terminated successfully
2012-08-14,44,9,611.3,89.296875,1,1,0.8,1.0500008645198213,0.9999543074635555,Optimization terminated successfully
2012-08-15,45,0,611.3,89.296875,1,1,0.8,1.0475905913601404,0.9999673404384329,Optimization terminated successfully
2012-08-15,45,1,611.3,89.296875,1,1,0.8,1.0500007795836308,0.9999489686458907,Optimization terminated successfully
2012-08-15,45,2,611.3,89.296875,1,1,0.8,1.0500004862454477,0.9999822777375811,Optimization terminated successfully
2012-08-15,45,3,611.3,89.296875,1,1,0.8,1.0500003293638192,0.9635526353162929,Optimization terminated successfully
2012-08-15,45,4,611.3,89.296875,1,1,0.8,1.0499990191702089,0.9999499685227835,Optimization terminated successfully
2012-08-15,45,5,611.3,89.296875,1,1,0.8,1.0500005177804566,0.9181178069979046,Optimization terminated successfully
2012-08-15,45,6,611.3,89.296875,1,1,0.8,1.0499994848399303,0.9999182072016527,Optimization terminated successfully
2012-08-15,45,7,611.3,89.296875,1,1,0.8,1.049999656173394,0.9999552031179904,Optimization terminated successfully
2012-08-15,45,8,611.3,89.296875,1,1,0.8,1.049999569893247,0.9999556804199797,Optimization terminated successfully
2012-08-15,45,9,611.3,89.296875,1,1,0.8,1.0499989544916417,0.999928310561091,Optimization terminated successfully
2012-08-16,46,0,611.3,89.296875,1,1,0.8,1.0493334060664943,0.9999759605404874,Optimization terminated successfully
2012-08-16,46,1,611.3,89.296875,1,1,0.8,1.0500001527729292,0.9995367447218989,Optimization terminated successfully
2012-08-16,46,2,611.3,89.296875,0,0,,1.0483455467096587,0.7752018934926884,fixed service power exceeds an audited export limit
2012-08-16,46,3,611.3,89.296875,0,0,,1.0486838974595043,0.7511557901515852,fixed service power exceeds an audited export limit
2012-08-16,46,4,611.3,89.296875,1,1,0.8,1.050000461385913,0.9974631340112968,Optimization terminated successfully
2012-08-16,46,5,611.3,89.296875,1,1,0.8,1.0500004579444955,0.9182867266697227,Optimization terminated successfully
2012-08-16,46,6,611.3,89.296875,1,1,0.8,1.0500000983426512,0.9999707895111754,Optimization terminated successfully
2012-08-16,46,7,611.3,89.296875,1,1,0.8,1.0499987670809798,0.9999612202224916,Optimization terminated successfully
2012-08-16,46,8,611.3,89.296875,1,1,0.8,1.0500004039116346,0.9743551806028896,Optimization terminated successfully
2012-08-16,46,9,611.3,89.296875,1,1,0.8,1.0500006517480716,0.9999182017387779,Optimization terminated successfully
2012-08-17,47,0,611.3,89.296875,1,1,0.8,1.049998882894499,0.9999818959435749,Optimization terminated successfully
2012-08-17,47,1,611.3,89.296875,1,1,0.8,1.0499999807839364,0.9999961802169386,Optimization terminated successfully
2012-08-17,47,2,611.3,89.296875,1,1,0.8,1.0499991229399421,0.9862358343158749,Optimization terminated successfully
2012-08-17,47,3,611.3,89.296875,1,1,0.8,1.0500009005100084,0.9633009347169935,Optimization terminated successfully
2012-08-17,47,4,611.3,89.296875,1,1,0.8,1.049433196553946,0.9999303393416936,Optimization terminated successfully
2012-08-17,47,5,611.3,89.296875,1,1,0.8,1.0500003936860416,0.9484359084253312,Optimization terminated successfully
2012-08-17,47,6,611.3,89.296875,1,1,0.8,1.0500004770591542,0.9999609652819461,Optimization terminated successfully
2012-08-17,47,7,611.3,89.296875,1,1,0.8,1.0500009925523004,0.9999738169081744,Optimization terminated successfully
2012-08-17,47,8,611.3,89.296875,1,1,0.8,1.0500004058052759,0.9999943928214396,Optimization terminated successfully
2012-08-17,47,9,611.3,89.296875,1,1,0.8,1.0500006522209575,0.9999267264613766,Optimization terminated successfully
2012-08-18,48,0,611.3,89.296875,1,1,0.8,1.0499985624997128,0.9999447600310873,Optimization terminated successfully
2012-08-18,48,1,611.3,89.296875,1,1,0.8,1.0499991288933699,0.9999647094218794,Optimization terminated successfully
2012-08-18,48,2,611.3,89.296875,1,1,0.8,1.0500009299902942,0.9564461449396892,Optimization terminated successfully
2012-08-18,48,3,611.3,89.296875,1,1,0.8,1.0499990008628426,0.9999288532092088,Optimization terminated successfully
2012-08-18,48,4,611.3,89.296875,1,1,0.8,1.0500007890183312,0.9999296960906608,Optimization terminated successfully
2012-08-18,48,5,611.3,89.296875,1,1,0.8,1.0500008483828076,0.9234413977845936,Optimization terminated successfully
2012-08-18,48,6,611.3,89.296875,1,1,0.8,1.050000416761444,0.9999950419727357,Optimization terminated successfully
2012-08-18,48,7,611.3,89.296875,1,1,0.8,1.0500007747049511,0.9999981697726484,Optimization terminated successfully
2012-08-18,48,8,611.3,89.296875,1,1,0.8,1.0499991238290944,0.9650241303140326,Optimization terminated successfully
2012-08-18,48,9,611.3,89.296875,1,1,0.8,1.0499996632196849,0.9999484036183407,Optimization terminated successfully
2012-08-19,49,0,611.3,89.296875,1,1,0.8,1.0499997972659003,0.9999906190998468,Optimization terminated successfully
2012-08-19,49,1,611.3,89.296875,1,1,0.8,1.050000087321484,0.9786658717195816,Optimization terminated successfully
2012-08-19,49,2,611.3,89.296875,1,1,0.8,1.0500009873763112,0.9999431690807105,Optimization terminated successfully
2012-08-19,49,3,611.3,89.296875,1,1,0.8,1.0500004144850081,0.9169611345773626,Optimization terminated successfully
2012-08-19,49,4,611.3,89.296875,1,1,0.8,1.0500003477262772,0.956789009196274,Optimization terminated successfully
2012-08-19,49,5,611.3,89.296875,1,1,0.8,1.0500004195857253,0.8846055245740044,Optimization terminated successfully
2012-08-19,49,6,611.3,89.296875,1,1,0.8,1.0499989690438667,0.9999351838316024,Optimization terminated successfully
2012-08-19,49,7,611.3,89.296875,1,1,0.8,1.0499995144074525,0.9999716460484366,Optimization terminated successfully
2012-08-19,49,8,611.3,89.296875,1,1,0.8,1.0500007835836802,0.9999682228650646,Optimization terminated successfully
2012-08-19,49,9,611.3,89.296875,1,1,0.8,1.0499986732697613,0.9999906821439889,Optimization terminated successfully
2012-08-20,50,0,611.3,89.296875,1,1,0.8,1.0486091125046122,0.999981530842922,Optimization terminated successfully
2012-08-20,50,1,611.3,89.296875,1,1,0.8,1.0500000051617353,0.995786688277533,Optimization terminated successfully
2012-08-20,50,2,611.3,89.296875,1,1,0.8,1.0500008199217783,0.999958806682044,Optimization terminated successfully
2012-08-20,50,3,611.3,89.296875,1,1,0.8,1.0500006514647102,0.9626358212315609,Optimization terminated successfully
2012-08-20,50,4,611.3,89.296875,1,1,0.8,1.0499985220090118,0.9999477143827221,Optimization terminated successfully
2012-08-20,50,5,611.3,89.296875,1,1,0.8,1.0500008349496102,0.9429377389630242,Optimization terminated successfully
2012-08-20,50,6,611.3,89.296875,1,1,0.8,1.0500002184556747,0.9999760131330154,Optimization terminated successfully
2012-08-20,50,7,611.3,89.296875,1,1,0.8,1.0499995241087376,0.9999789484923634,Optimization terminated successfully
2012-08-20,50,8,611.3,89.296875,0,0,,1.047999192023056,0.7946376051879648,fixed service power exceeds an audited export limit
2012-08-20,50,9,611.3,89.296875,1,1,0.8,1.0499999834188323,0.9999771844541938,Optimization terminated successfully
2012-08-21,51,0,611.3,89.296875,1,1,0.8,1.0499985023513507,0.9999616904446222,Optimization terminated successfully
2012-08-21,51,1,611.3,89.296875,1,1,0.8,1.050000763848446,0.9377059867498013,Optimization terminated successfully
2012-08-21,51,2,611.3,89.296875,1,1,0.8,1.0500009725085122,0.9764529985474918,Optimization terminated successfully
2012-08-21,51,3,611.3,89.296875,0,0,,1.0479854109689304,0.7498635441188714,fixed service power exceeds an audited export limit
2012-08-21,51,4,611.3,89.296875,1,1,0.8,1.050000320638336,0.9999739933877106,Optimization terminated successfully
2012-08-21,51,5,611.3,89.296875,0,0,,1.0481424365340355,0.7501422499801936,fixed service power exceeds an audited export limit
2012-08-21,51,6,611.3,89.296875,1,1,0.8,1.0500002959247599,0.9999580128719407,Optimization terminated successfully
2012-08-21,51,7,611.3,89.296875,1,1,0.8,1.049999914453149,0.9909818998675572,Optimization terminated successfully
2012-08-21,51,8,611.3,89.296875,1,1,0.8,1.0499994711634695,0.9673011272415564,Optimization terminated successfully
2012-08-21,51,9,611.3,89.296875,1,1,0.8,1.049998685825288,0.9999912986540599,Optimization terminated successfully
2012-08-22,52,0,611.3,89.296875,1,1,0.8,1.049999097155922,0.9999659331532392,Optimization terminated successfully
2012-08-22,52,1,611.3,89.296875,1,1,0.8,1.0500008836918597,0.9241233800791983,Optimization terminated successfully
2012-08-22,52,2,611.3,89.296875,1,1,0.8,1.0500005500536143,0.921935119004373,Optimization terminated successfully
2012-08-22,52,3,611.3,89.296875,1,1,0.8,1.0499998900006975,0.9696849790298533,Optimization terminated successfully
2012-08-22,52,4,611.3,89.296875,1,1,0.8,1.0499988077518638,0.9999361613457073,Optimization terminated successfully
2012-08-22,52,5,611.3,89.296875,1,1,0.8,1.049999383036099,0.9546306249297553,Optimization terminated successfully
2012-08-22,52,6,611.3,89.296875,1,1,0.8,1.0499992228145323,0.9999590598280464,Optimization terminated successfully
2012-08-22,52,7,611.3,89.296875,1,1,0.8,1.0499984836145164,0.9999841954393165,Optimization terminated successfully
2012-08-22,52,8,611.3,89.296875,1,1,0.8,1.0500005420733367,0.9490963949531033,Optimization terminated successfully
2012-08-22,52,9,611.3,89.296875,1,1,0.8,1.0500001216059174,0.9999887183310813,Optimization terminated successfully
2012-08-23,53,0,611.3,89.296875,1,1,0.8,1.049999196720993,0.9999509419618859,Optimization terminated successfully
2012-08-23,53,1,611.3,89.296875,1,1,0.8,1.050000442699045,0.934489109707175,Optimization terminated successfully
2012-08-23,53,2,611.3,89.296875,1,1,0.8,1.0500002826975334,0.9552843427100379,Optimization terminated successfully
2012-08-23,53,3,611.3,89.296875,1,1,0.8,1.0500005255056166,0.8676266247380245,Optimization terminated successfully
2012-08-23,53,4,611.3,89.296875,1,1,0.8,1.0499994636629975,0.9999747288652584,Optimization terminated successfully
2012-08-23,53,5,611.3,89.296875,1,1,0.8,1.0500009818033058,0.9239178312979436,Optimization terminated successfully
2012-08-23,53,6,611.3,89.296875,1,1,0.8,1.050000513997149,0.9999990233655996,Optimization terminated successfully
2012-08-23,53,7,611.3,89.296875,1,1,0.8,1.0499993510299497,0.9999433269277673,Optimization terminated successfully
2012-08-23,53,8,611.3,89.296875,1,1,0.8,1.0499998881580699,0.9614628754444849,Optimization terminated successfully
2012-08-23,53,9,611.3,89.296875,1,1,0.8,1.05000037745627,0.9999499049885654,Optimization terminated successfully
2012-08-24,54,0,611.3,89.296875,1,1,0.8,1.0500003411357102,0.9999772065340804,Optimization terminated successfully
2012-08-24,54,1,611.3,89.296875,1,1,0.8,1.0500000094016524,0.9386764309245171,Optimization terminated successfully
2012-08-24,54,2,611.3,89.296875,1,1,0.8,1.050000977421704,0.9343064998341396,Optimization terminated successfully
2012-08-24,54,3,611.3,89.296875,0,0,,1.0487753515299767,0.6993814071643513,fixed service power exceeds an audited export limit
2012-08-24,54,4,611.3,89.296875,1,1,0.8,1.0500002013246892,0.9368175721907613,Optimization terminated successfully
2012-08-24,54,5,611.3,89.296875,0,0,,1.0484994772609977,0.7329200105004517,fixed service power exceeds an audited export limit
2012-08-24,54,6,611.3,89.296875,1,1,0.8,1.0500005022876708,0.9999270766145546,Optimization terminated successfully
2012-08-24,54,7,611.3,89.296875,0,0,,1.0481286907831855,0.7581071686198924,fixed service power exceeds an audited export limit
2012-08-24,54,8,611.3,89.296875,1,1,0.8,1.0500004875188753,0.9444808523430095,Optimization terminated successfully
2012-08-24,54,9,611.3,89.296875,1,1,0.8,1.0500006321825586,0.9999647799932678,Optimization terminated successfully
2012-08-25,55,0,611.3,89.296875,1,1,0.8,1.050000420800375,0.999976844882052,Optimization terminated successfully
2012-08-25,55,1,611.3,89.296875,1,1,0.8,1.0500002032587674,0.9939421652694074,Optimization terminated successfully
2012-08-25,55,2,611.3,89.296875,1,1,0.8,1.0500001345790808,0.9609671011417898,Optimization terminated successfully
2012-08-25,55,3,611.3,89.296875,1,1,0.8,1.050000275850043,0.9499480588419861,Optimization terminated successfully
2012-08-25,55,4,611.3,89.296875,1,1,0.8,1.0500008493675588,0.9644262106681846,Optimization terminated successfully
2012-08-25,55,5,611.3,89.296875,1,1,0.8,1.049999608543152,0.8952649051895958,Optimization terminated successfully
2012-08-25,55,6,611.3,89.296875,1,1,0.8,1.0500003911503362,0.9999916899943153,Optimization terminated successfully
2012-08-25,55,7,611.3,89.296875,1,1,0.8,1.0499996364757471,0.9999856661610711,Optimization terminated successfully
2012-08-25,55,8,611.3,89.296875,1,1,0.8,1.0500001736062463,0.971625147883637,Optimization terminated successfully
2012-08-25,55,9,611.3,89.296875,1,1,0.8,1.0500001495522082,0.9999535995002136,Optimization terminated successfully
2012-08-26,56,0,611.3,89.296875,1,1,0.8,1.0500008785459116,0.9999428682822904,Optimization terminated successfully
2012-08-26,56,1,611.3,89.296875,1,1,0.8,1.0500002215366915,0.9654408654461142,Optimization terminated successfully
2012-08-26,56,2,611.3,89.296875,1,1,0.8,1.0500004240208236,0.9735485823968233,Optimization terminated successfully
2012-08-26,56,3,611.3,89.296875,1,1,0.8,1.0500003587800457,0.8941376635377485,Optimization terminated successfully
2012-08-26,56,4,611.3,89.296875,1,1,0.8,1.0499992544588728,0.9884241269836536,Optimization terminated successfully
2012-08-26,56,5,611.3,89.296875,1,1,0.8,1.0500003087168195,0.9211485731116426,Optimization terminated successfully
2012-08-26,56,6,611.3,89.296875,1,1,0.8,1.0499986915455362,0.9999930603903213,Optimization terminated successfully
2012-08-26,56,7,611.3,89.296875,1,1,0.8,1.0500005249254711,0.9999692365181392,Optimization terminated successfully
2012-08-26,56,8,611.3,89.296875,1,1,0.8,1.0500006941863644,0.9742854768659402,Optimization terminated successfully
2012-08-26,56,9,611.3,89.296875,1,1,0.8,1.0500001878135337,0.9999871544763164,Optimization terminated successfully
2012-08-27,57,0,611.3,89.296875,1,1,0.8,1.0499987250661365,0.9999957000342534,Optimization terminated successfully
2012-08-27,57,1,611.3,89.296875,1,1,0.8,1.0500005462505517,0.9999364785008887,Optimization terminated successfully
2012-08-27,57,2,611.3,89.296875,1,1,0.8,1.0500002651327252,0.9584478517481314,Optimization terminated successfully
2012-08-27,57,3,611.3,89.296875,1,1,0.8,1.0500009348921062,0.8801891817687942,Optimization terminated successfully
2012-08-27,57,4,611.3,89.296875,1,1,0.8,1.0500004349932235,0.9379782839427618,Optimization terminated successfully
2012-08-27,57,5,611.3,89.296875,1,1,0.8,1.0500001782546142,0.9160059647786085,Optimization terminated successfully
2012-08-27,57,6,611.3,89.296875,1,1,0.8,1.049999197943317,0.9999488901172501,Optimization terminated successfully
2012-08-27,57,7,611.3,89.296875,1,1,0.8,1.050000444586119,0.9999450392606541,Optimization terminated successfully
2012-08-27,57,8,611.3,89.296875,1,1,0.8,1.0499998705365716,0.9899066295458836,Optimization terminated successfully
2012-08-27,57,9,611.3,89.296875,1,1,0.8,1.0499991050789201,0.9999434806440078,Optimization terminated successfully
2012-08-28,58,0,611.3,89.296875,1,1,0.8,1.0499989748309453,1.000000506770794,Optimization terminated successfully
2012-08-28,58,1,611.3,89.296875,1,1,0.8,1.0500009637599088,0.9655086488479622,Optimization terminated successfully
2012-08-28,58,2,611.3,89.296875,0,0,,1.0480581132983326,0.7320985132079544,fixed service power exceeds an audited export limit
2012-08-28,58,3,611.3,89.296875,0,0,,1.0484590918593268,0.728665810316246,fixed service power exceeds an audited export limit
2012-08-28,58,4,611.3,89.296875,1,1,0.8,1.0500007024737938,0.9501655061668126,Optimization terminated successfully
2012-08-28,58,5,611.3,89.296875,0,0,,1.0482474570316747,0.7164789691195551,fixed service power exceeds an audited export limit
2012-08-28,58,6,611.3,89.296875,1,1,0.8,1.0499994911946149,0.9999553892740994,Optimization terminated successfully
2012-08-28,58,7,611.3,89.296875,1,1,0.8,1.0499999974130627,0.9999982205613995,Optimization terminated successfully
2012-08-28,58,8,611.3,89.296875,0,0,,1.0481352493727216,0.7668619884290832,fixed service power exceeds an audited export limit
2012-08-28,58,9,611.3,89.296875,1,1,0.8,1.04999901590573,0.9999668050028555,Optimization terminated successfully
2012-08-29,59,0,611.3,89.296875,1,1,0.8,1.0500003320344315,0.9999648898318689,Optimization terminated successfully
2012-08-29,59,1,611.3,89.296875,1,1,0.8,1.0499998624957494,0.9999496362322753,Optimization terminated successfully
2012-08-29,59,2,611.3,89.296875,1,1,0.8,1.0500004091900577,0.8753472868334926,Optimization terminated successfully
2012-08-29,59,3,611.3,89.296875,0,0,,1.0479397097251426,0.7256596313068231,fixed service power exceeds an audited export limit
2012-08-29,59,4,611.3,89.296875,1,1,0.8,1.050000877918941,0.9999270013297401,Optimization terminated successfully
2012-08-29,59,5,611.3,89.296875,1,1,0.8,1.0500005747424115,0.9114054072774533,Optimization terminated successfully
2012-08-29,59,6,611.3,89.296875,1,1,0.8,1.0500005402700177,0.9999535611056551,Optimization terminated successfully
2012-08-29,59,7,611.3,89.296875,1,1,0.8,1.0500004514653214,0.9921660894060014,Optimization terminated successfully
2012-08-29,59,8,611.3,89.296875,1,1,0.8,1.0500005160634773,0.9506006573679501,Optimization terminated successfully
2012-08-29,59,9,611.3,89.296875,1,1,0.8,1.0499999423229223,0.9999524807852441,Optimization terminated successfully
2012-08-30,60,0,611.3,89.296875,1,1,0.8,1.0499999436413419,0.9999871033156364,Optimization terminated successfully
2012-08-30,60,1,611.3,89.296875,1,1,0.8,1.050000751169615,0.9700197235840862,Optimization terminated successfully
2012-08-30,60,2,611.3,89.296875,0,0,,1.0480786439377212,0.7067934888302215,fixed service power exceeds an audited export limit
2012-08-30,60,3,611.3,89.296875,1,1,0.8,1.0499992553178736,0.9644794572012875,Optimization terminated successfully
2012-08-30,60,4,611.3,89.296875,1,1,0.8,1.0499994486056106,0.9999193839045317,Optimization terminated successfully
2012-08-30,60,5,611.3,89.296875,0,0,,1.0480467369845992,0.7094687278817376,fixed service power exceeds an audited export limit
2012-08-30,60,6,611.3,89.296875,1,1,0.8,1.0500008715852747,0.9999328038962857,Optimization terminated successfully
2012-08-30,60,7,611.3,89.296875,1,1,0.8,1.0499988863795184,0.9999553088290025,Optimization terminated successfully
2012-08-30,60,8,611.3,89.296875,1,1,0.8,1.050000587242564,0.956592099386106,Optimization terminated successfully
2012-08-30,60,9,611.3,89.296875,1,1,0.8,1.0500002653874225,0.9999665152276402,Optimization terminated successfully
2012-08-31,61,0,611.3,89.296875,1,1,0.8,1.0500009013097735,0.999987423698471,Optimization terminated successfully
2012-08-31,61,1,611.3,89.296875,1,1,0.8,1.050000360097532,0.9999378239857564,Optimization terminated successfully
2012-08-31,61,2,611.3,89.296875,1,1,0.8,1.0499995020801673,0.9772855176518855,Optimization terminated successfully
2012-08-31,61,3,611.3,89.296875,1,1,0.8,1.0499998165119921,0.8619346135170758,Optimization terminated successfully
2012-08-31,61,4,611.3,89.296875,1,1,0.8,1.0499999818375443,0.9444686003527408,Optimization terminated successfully
2012-08-31,61,5,611.3,89.296875,1,1,0.8,1.0500006506188704,0.9568105697368083,Optimization terminated successfully
2012-08-31,61,6,611.3,89.296875,1,1,0.8,1.0500008324706671,0.9999663988874563,Optimization terminated successfully
2012-08-31,61,7,611.3,89.296875,1,1,0.8,1.0500003141281882,0.999939213926091,Optimization terminated successfully
2012-08-31,61,8,611.3,89.296875,1,1,0.8,1.0500007604257877,0.967125670613749,Optimization terminated successfully
2012-08-31,61,9,611.3,89.296875,1,1,0.8,1.0500004475609266,0.9999644289702103,Optimization terminated successfully
2012-09-01,62,0,611.3,89.296875,1,1,0.8,1.049999617354175,0.9999760658768286,Optimization terminated successfully
2012-09-01,62,1,611.3,89.296875,1,1,0.8,1.0500009118489848,0.9999953611367504,Optimization terminated successfully
2012-09-01,62,2,611.3,89.296875,1,1,0.8,1.0499994320825674,0.983628364794709,Optimization terminated successfully
2012-09-01,62,3,611.3,89.296875,1,1,0.8,1.0499993696423253,0.9944612847073472,Optimization terminated successfully
2012-09-01,62,4,611.3,89.296875,1,1,0.8,1.050000347758144,0.9669849294633488,Optimization terminated successfully
2012-09-01,62,5,611.3,89.296875,0,0,,1.0483120240001484,0.7152901951904496,fixed service power exceeds an audited export limit
2012-09-01,62,6,611.3,89.296875,1,1,0.8,1.0499992038530572,0.9999563801111806,Optimization terminated successfully
2012-09-01,62,7,611.3,89.296875,1,1,0.8,1.050000720956453,0.9999213082993929,Optimization terminated successfully
2012-09-01,62,8,611.3,89.296875,1,1,0.8,1.0500009783811666,0.9655203720421113,Optimization terminated successfully
2012-09-01,62,9,611.3,89.296875,1,1,0.8,1.0499995210620046,0.9999500000759696,Optimization terminated successfully
2012-09-02,63,0,611.3,89.296875,1,1,0.8,1.0499987925254222,0.9999742915554569,Optimization terminated successfully
2012-09-02,63,1,611.3,89.296875,1,1,0.8,1.0500004983784617,0.9559387929715473,Optimization terminated successfully
2012-09-02,63,2,611.3,89.296875,0,0,,1.0480636955560112,0.7686324278406036,fixed service power exceeds an audited export limit
2012-09-02,63,3,611.3,89.296875,1,1,0.8,1.0500008092322342,0.8629186178201352,Optimization terminated successfully
2012-09-02,63,4,611.3,89.296875,1,1,0.8,1.0499999063699959,0.8942147921372151,Optimization terminated successfully
2012-09-02,63,5,611.3,89.296875,1,1,0.8,1.0500009157623496,0.9338112156220455,Optimization terminated successfully
2012-09-02,63,6,611.3,89.296875,1,1,0.8,1.0500001583706522,0.9834006593902896,Optimization terminated successfully
2012-09-02,63,7,611.3,89.296875,1,1,0.8,1.0500007064895678,0.9999632259726995,Optimization terminated successfully
2012-09-02,63,8,611.3,89.296875,1,1,0.8,1.0500005809242086,0.9105258736020302,Optimization terminated successfully
2012-09-02,63,9,611.3,89.296875,1,1,0.8,1.0499993252372528,0.9999455264373512,Optimization terminated successfully
2012-09-03,64,0,611.3,89.296875,1,1,0.8,1.0494097072847517,0.9999751190452709,Optimization terminated successfully
2012-09-03,64,1,611.3,89.296875,1,1,0.8,1.0500009346329657,0.9629792497146716,Optimization terminated successfully
2012-09-03,64,2,611.3,89.296875,0,0,,1.0483094142301213,0.7105589381472527,fixed service power exceeds an audited export limit
2012-09-03,64,3,611.3,89.296875,0,0,,1.0485871804235911,0.744009164866289,fixed service power exceeds an audited export limit
2012-09-03,64,4,611.3,89.296875,1,1,0.8,1.0500008013197566,0.9664917401883599,Optimization terminated successfully
2012-09-03,64,5,611.3,89.296875,0,0,,1.0484044957469973,0.7187739931865197,fixed service power exceeds an audited export limit
2012-09-03,64,6,611.3,89.296875,1,1,0.8,1.049999315608006,0.9999992733803815,Optimization terminated successfully
2012-09-03,64,7,611.3,89.296875,1,1,0.8,1.0499991852294224,0.999929947984985,Optimization terminated successfully
2012-09-03,64,8,611.3,89.296875,1,1,0.8,1.05000067441169,0.9772631267432688,Optimization terminated successfully
2012-09-03,64,9,611.3,89.296875,1,1,0.8,1.0500003604707082,0.9999422914323296,Optimization terminated successfully
2012-09-04,65,0,611.3,89.296875,1,1,0.8,1.0499987512190718,0.9999730964697168,Optimization terminated successfully
2012-09-04,65,1,611.3,89.296875,1,1,0.8,1.0499990436068047,0.9400120215950813,Optimization terminated successfully
2012-09-04,65,2,611.3,89.296875,1,1,0.8,1.0500005208709233,0.9454933192863265,Optimization terminated successfully
2012-09-04,65,3,611.3,89.296875,0,0,,1.0487652814504878,0.6945523935166799,fixed service power exceeds an audited export limit
2012-09-04,65,4,611.3,89.296875,0,0,,1.04779764398164,0.70827709227531,fixed service power exceeds an audited export limit
2012-09-04,65,5,611.3,89.296875,1,1,0.8,1.049999813917391,0.8903471238572378,Optimization terminated successfully
2012-09-04,65,6,611.3,89.296875,1,1,0.8,1.0500008476406826,0.9818905499235696,Optimization terminated successfully
2012-09-04,65,7,611.3,89.296875,1,1,0.8,1.04999908470761,0.9866913226894694,Optimization terminated successfully
2012-09-04,65,8,611.3,89.296875,0,0,,1.0481021749190051,0.7078589249097972,fixed service power exceeds an audited export limit
2012-09-04,65,9,611.3,89.296875,1,1,0.8,1.0500009588791406,0.9761941853635172,Optimization terminated successfully
2012-09-05,66,0,611.3,89.296875,1,1,0.8,1.0500002098945282,0.9999463326448397,Optimization terminated successfully
2012-09-05,66,1,611.3,89.296875,0,0,,1.0479056670695934,0.6995797225958108,fixed service power exceeds an audited export limit
2012-09-05,66,2,611.3,89.296875,1,1,0.8,1.0500005322866495,0.8912194184357822,Optimization terminated successfully
2012-09-05,66,3,611.3,89.296875,0,0,,1.0488518865844663,0.6824178968374249,fixed service power exceeds an audited export limit
2012-09-05,66,4,611.3,89.296875,0,0,,1.048128749497026,0.7140588147726845,fixed service power exceeds an audited export limit
2012-09-05,66,5,611.3,89.296875,0,0,,1.0485298062690576,0.7039318600045145,fixed service power exceeds an audited export limit
2012-09-05,66,6,611.3,89.296875,1,1,0.8,1.0499998268925899,0.9838721800519277,Optimization terminated successfully
2012-09-05,66,7,611.3,89.296875,1,1,0.8,1.0500009757842763,0.9783362709045365,Optimization terminated successfully
2012-09-05,66,8,611.3,89.296875,0,0,,1.0484885295744555,0.6908581210679998,fixed service power exceeds an audited export limit
2012-09-05,66,9,611.3,89.296875,1,1,0.8,1.0500001294952237,0.9999969725058458,Optimization terminated successfully
2012-09-06,67,0,611.3,89.296875,1,1,0.8,1.0499996456326406,0.9999584854705597,Optimization terminated successfully
2012-09-06,67,1,611.3,89.296875,1,1,0.8,1.0500008174607343,0.9092757403642527,Optimization terminated successfully
2012-09-06,67,2,611.3,89.296875,0,0,,1.0485622645349513,0.69714554772418,fixed service power exceeds an audited export limit
2012-09-06,67,3,611.3,89.296875,0,0,,1.048843175188968,0.6700209684712458,fixed service power exceeds an audited export limit
2012-09-06,67,4,611.3,89.296875,1,1,0.8,1.0500003289579871,0.8752719445178154,Optimization terminated successfully
2012-09-06,67,5,611.3,89.296875,1,1,0.8,1.0500007087962602,0.8842595082882219,Optimization terminated successfully
2012-09-06,67,6,611.3,89.296875,1,1,0.8,1.0499991461488873,0.9999762344942507,Optimization terminated successfully
2012-09-06,67,7,611.3,89.296875,1,1,0.8,1.0500004504231848,0.999925953574087,Optimization terminated successfully
2012-09-06,67,8,611.3,89.296875,1,1,0.8,1.0500005451507395,0.9007125688903024,Optimization terminated successfully
2012-09-06,67,9,611.3,89.296875,1,1,0.8,1.0500007493930776,0.9903826349095517,Optimization terminated successfully
2012-09-07,68,0,611.3,89.296875,1,1,0.8,1.0499996125072,0.9999923747624121,Optimization terminated successfully
2012-09-07,68,1,611.3,89.296875,1,1,0.8,1.0500002429604491,0.929049490288387,Optimization terminated successfully
2012-09-07,68,2,611.3,89.296875,1,1,0.8,1.0500005071767085,0.9375108123460868,Optimization terminated successfully
2012-09-07,68,3,611.3,89.296875,1,1,0.8,1.0500005019738006,0.8869013573727674,Optimization terminated successfully
2012-09-07,68,4,611.3,89.296875,1,1,0.8,1.0500008556364262,0.9295072020928281,Optimization terminated successfully
2012-09-07,68,5,611.3,89.296875,1,1,0.8,1.0500002162117785,0.962705394064267,Optimization terminated successfully
2012-09-07,68,6,611.3,89.296875,1,1,0.8,1.0500008832667567,0.9934090262468739,Optimization terminated successfully
2012-09-07,68,7,611.3,89.296875,1,1,0.8,1.0500009414882974,0.9941971635399011,Optimization terminated successfully
2012-09-07,68,8,611.3,89.296875,1,1,0.8,1.0500003014487722,0.8951013657635193,Optimization terminated successfully
2012-09-07,68,9,611.3,89.296875,1,1,0.8,1.050000010940528,0.9999575515386077,Optimization terminated successfully
2012-09-08,69,0,611.3,89.296875,1,1,0.8,1.0499988690903717,0.9999805455729033,Optimization terminated successfully
2012-09-08,69,1,611.3,89.296875,1,1,0.8,1.0500005297459418,0.955755512519557,Optimization terminated successfully
2012-09-08,69,2,611.3,89.296875,0,0,,1.0481951352855838,0.6917258372488776,fixed service power exceeds an audited export limit
2012-09-08,69,3,611.3,89.296875,0,0,,1.0484040741617242,0.7097707186070217,fixed service power exceeds an audited export limit
2012-09-08,69,4,611.3,89.296875,1,1,0.8,1.0500003080175504,0.9295702744718867,Optimization terminated successfully
2012-09-08,69,5,611.3,89.296875,1,1,0.8,1.0500007690122029,0.989596391017042,Optimization terminated successfully
2012-09-08,69,6,611.3,89.296875,1,1,0.8,1.0500003379802034,0.9194348104736908,Optimization terminated successfully
2012-09-08,69,7,611.3,89.296875,1,1,0.8,1.0500008859987233,0.9999947450997557,Optimization terminated successfully
2012-09-08,69,8,611.3,89.296875,1,1,0.8,1.0499997073139196,0.8939491447160894,Optimization terminated successfully
2012-09-08,69,9,611.3,89.296875,1,1,0.8,1.0499994497013083,0.9999958121346704,Optimization terminated successfully
2012-09-09,70,0,611.3,89.296875,1,1,0.8,1.0500001725550925,0.9999949638865057,Optimization terminated successfully
2012-09-09,70,1,611.3,89.296875,1,1,0.8,1.0500003921881749,0.9325504594339398,Optimization terminated successfully
2012-09-09,70,2,611.3,89.296875,1,1,0.8,1.0500000126734796,0.9594705689268863,Optimization terminated successfully
2012-09-09,70,3,611.3,89.296875,1,1,0.8,1.0499990316134644,0.8701992041179349,Optimization terminated successfully
2012-09-09,70,4,611.3,89.296875,1,1,0.8,1.0500008826417595,0.8836332950496225,Optimization terminated successfully
2012-09-09,70,5,611.3,89.296875,0,0,,1.0482646941792952,0.7417474713353879,fixed service power exceeds an audited export limit
2012-09-09,70,6,611.3,89.296875,1,1,0.8,1.0500009715990728,0.9373387596386198,Optimization terminated successfully
2012-09-09,70,7,611.3,89.296875,1,1,0.8,1.049998566816647,0.9999776278776814,Optimization terminated successfully
2012-09-09,70,8,611.3,89.296875,1,1,0.8,1.0500003689442412,0.9688005783692312,Optimization terminated successfully
2012-09-09,70,9,611.3,89.296875,1,1,0.8,1.0499990399564094,0.9999973762877454,Optimization terminated successfully
2012-09-10,71,0,611.3,89.296875,1,1,0.8,1.050000687776309,0.999987589845767,Optimization terminated successfully
2012-09-10,71,1,611.3,89.296875,1,1,0.8,1.049999960838685,0.9085689207506702,Optimization terminated successfully
2012-09-10,71,2,611.3,89.296875,1,1,0.8,1.0500001680303879,0.9901852467327124,Optimization terminated successfully
2012-09-10,71,3,611.3,89.296875,0,0,,1.0487620618419853,0.7017990766844905,fixed service power exceeds an audited export limit
2012-09-10,71,4,611.3,89.296875,0,0,,1.0483083979598966,0.7024966368724415,fixed service power exceeds an audited export limit
2012-09-10,71,5,611.3,89.296875,0,0,,1.048703307806888,0.7321794820438456,fixed service power exceeds an audited export limit
2012-09-10,71,6,611.3,89.296875,1,1,0.8,1.0499989636871216,0.9505667356201428,Optimization terminated successfully
2012-09-10,71,7,611.3,89.296875,1,1,0.8,1.0499999916706375,0.9663191181955938,Optimization terminated successfully
2012-09-10,71,8,611.3,89.296875,0,0,,1.0482608650154999,0.7080554986922695,fixed service power exceeds an audited export limit
2012-09-10,71,9,611.3,89.296875,1,1,0.8,1.0500009646936803,0.9999152478669555,Optimization terminated successfully
2012-09-11,72,0,611.3,89.296875,1,1,0.8,1.0499999088663485,0.999996330826595,Optimization terminated successfully
2012-09-11,72,1,611.3,89.296875,1,1,0.8,1.050000759653224,0.9449816552681628,Optimization terminated successfully
2012-09-11,72,2,611.3,89.296875,0,0,,1.0479502437698807,0.7009578191459699,fixed service power exceeds an audited export limit
2012-09-11,72,3,611.3,89.296875,0,0,,1.0480376853829052,0.6719437658028653,fixed service power exceeds an audited export limit
2012-09-11,72,4,611.3,89.296875,1,1,0.8,1.0499998844552743,0.9420057024871196,Optimization terminated successfully
2012-09-11,72,5,611.3,89.296875,1,1,0.8,1.0499997608348022,0.9254399015137813,Optimization terminated successfully
2012-09-11,72,6,611.3,89.296875,1,1,0.8,1.0500008713248186,0.9963515334331654,Optimization terminated successfully
2012-09-11,72,7,611.3,89.296875,1,1,0.8,1.0500002526939902,0.9999961017412674,Optimization terminated successfully
2012-09-11,72,8,611.3,89.296875,1,1,0.8,1.0500002823549157,0.9836819624778456,Optimization terminated successfully
2012-09-11,72,9,611.3,89.296875,1,1,0.8,1.0500004847670041,0.9999919040726339,Optimization terminated successfully
2012-09-12,73,0,611.3,89.296875,1,1,0.8,1.0499999579859796,0.9999998545480071,Optimization terminated successfully
2012-09-12,73,1,611.3,89.296875,1,1,0.8,1.0499995339904176,0.9315627758057454,Optimization terminated successfully
2012-09-12,73,2,611.3,89.296875,1,1,0.8,1.0500003021917643,0.8523233200333296,Optimization terminated successfully
2012-09-12,73,3,611.3,89.296875,0,0,,1.0482049621378635,0.6688593428741647,fixed service power exceeds an audited export limit
2012-09-12,73,4,611.3,89.296875,1,1,0.8,1.0499997532293799,0.950165520254832,Optimization terminated successfully
2012-09-12,73,5,611.3,89.296875,0,0,,1.0482789753173893,0.7249941899535278,fixed service power exceeds an audited export limit
2012-09-12,73,6,611.3,89.296875,1,1,0.8,1.0500009730739235,0.9664923491226435,Optimization terminated successfully
2012-09-12,73,7,611.3,89.296875,1,1,0.8,1.050000520567605,0.9654303366386795,Optimization terminated successfully
2012-09-12,73,8,611.3,89.296875,0,0,,1.0482639154657145,0.7155069113542755,fixed service power exceeds an audited export limit
2012-09-12,73,9,611.3,89.296875,1,1,0.8,1.050000053820561,0.9999759927761914,Optimization terminated successfully
2012-09-13,74,0,611.3,89.296875,1,1,0.8,1.0500002852877555,0.9999912745592365,Optimization terminated successfully
2012-09-13,74,1,611.3,89.296875,1,1,0.8,1.0500008353126629,0.9893718101949582,Optimization terminated successfully
2012-09-13,74,2,611.3,89.296875,1,1,0.8,1.0500006942474727,0.9900884410814649,Optimization terminated successfully
2012-09-13,74,3,611.3,89.296875,1,1,0.8,1.0499998108227553,0.9832302565827689,Optimization terminated successfully
2012-09-13,74,4,611.3,89.296875,1,1,0.8,1.0500004919345656,0.9376376170331411,Optimization terminated successfully
2012-09-13,74,5,611.3,89.296875,1,1,0.8,1.050000579883848,0.9232310314555024,Optimization terminated successfully
2012-09-13,74,6,611.3,89.296875,1,1,0.8,1.0499999856046862,0.9513272780602269,Optimization terminated successfully
2012-09-13,74,7,611.3,89.296875,1,1,0.8,1.0499995954593415,0.9999820258156409,Optimization terminated successfully
2012-09-13,74,8,611.3,89.296875,1,1,0.8,1.0500006495828984,0.9595854397709844,Optimization terminated successfully
2012-09-13,74,9,611.3,89.296875,1,1,0.8,1.0499984900817085,0.9999972363443004,Optimization terminated successfully
2012-09-14,75,0,611.3,89.296875,1,1,0.8,1.0500003044960484,0.999974277354019,Optimization terminated successfully
2012-09-14,75,1,611.3,89.296875,1,1,0.8,1.0500007347113418,0.9776691524409935,Optimization terminated successfully
2012-09-14,75,2,611.3,89.296875,1,1,0.8,1.0500006132530528,0.9853258316233141,Optimization terminated successfully
2012-09-14,75,3,611.3,89.296875,0,0,,1.0488755117477018,0.7069162393332585,fixed service power exceeds an audited export limit
2012-09-14,75,4,611.3,89.296875,0,0,,1.0481791546196602,0.7528620911235493,fixed service power exceeds an audited export limit
2012-09-14,75,5,611.3,89.296875,0,0,,1.0484198506363671,0.7240232969772303,fixed service power exceeds an audited export limit
2012-09-14,75,6,611.3,89.296875,1,1,0.8,1.049999588600702,0.9999189860622731,Optimization terminated successfully
2012-09-14,75,7,611.3,89.296875,1,1,0.8,1.0500004705540484,0.9999534838887234,Optimization terminated successfully
2012-09-14,75,8,611.3,89.296875,1,1,0.8,1.0500006492784988,0.9999904852971081,Optimization terminated successfully
2012-09-14,75,9,611.3,89.296875,1,1,0.8,1.0499994111711453,0.9999518552135847,Optimization terminated successfully
2012-09-15,76,0,611.3,89.296875,1,1,0.8,1.049999166293126,0.9999804685579708,Optimization terminated successfully
2012-09-15,76,1,611.3,89.296875,1,1,0.8,1.0500007652352858,0.9281861775764666,Optimization terminated successfully
2012-09-15,76,2,611.3,89.296875,1,1,0.8,1.0500001197874895,0.9601484246888508,Optimization terminated successfully
2012-09-15,76,3,611.3,89.296875,1,1,0.8,1.0500005416684965,0.9368459547071641,Optimization terminated successfully
2012-09-15,76,4,611.3,89.296875,1,1,0.8,1.0500009259670917,0.9283148067657484,Optimization terminated successfully
2012-09-15,76,5,611.3,89.296875,1,1,0.8,1.0500006340345311,0.9294479465759612,Optimization terminated successfully
2012-09-15,76,6,611.3,89.296875,1,1,0.8,1.0500000339813547,0.9999691353773289,Optimization terminated successfully
2012-09-15,76,7,611.3,89.296875,1,1,0.8,1.0499987392674874,0.9999716402305439,Optimization terminated successfully
2012-09-15,76,8,611.3,89.296875,1,1,0.8,1.0500004192756527,0.9520954381767762,Optimization terminated successfully
2012-09-15,76,9,611.3,89.296875,1,1,0.8,1.0500006498749106,0.9999189968986316,Optimization terminated successfully
2012-09-16,77,0,611.3,89.296875,1,1,0.8,1.0499989844650692,0.9999764289110961,Optimization terminated successfully
2012-09-16,77,1,611.3,89.296875,1,1,0.8,1.0500003816087262,0.9375233114628216,Optimization terminated successfully
2012-09-16,77,2,611.3,89.296875,1,1,0.8,1.0500008120397717,0.9999387368129093,Optimization terminated successfully
2012-09-16,77,3,611.3,89.296875,1,1,0.8,1.0500001630671156,0.8567616845607025,Optimization terminated successfully
2012-09-16,77,4,611.3,89.296875,1,1,0.8,1.049999307786483,0.9932861196657093,Optimization terminated successfully
2012-09-16,77,5,611.3,89.296875,1,1,0.8,1.0500003911859153,0.9292373965955899,Optimization terminated successfully
2012-09-16,77,6,611.3,89.296875,1,1,0.8,1.0499993355095563,0.9741797238241391,Optimization terminated successfully
2012-09-16,77,7,611.3,89.296875,1,1,0.8,1.0500001748030943,0.9999775203995425,Optimization terminated successfully
2012-09-16,77,8,611.3,89.296875,0,0,,1.0480437251949792,0.699708747103006,fixed service power exceeds an audited export limit
2012-09-16,77,9,611.3,89.296875,1,1,0.8,1.0499989813476025,0.9999230551074122,Optimization terminated successfully
2012-09-17,78,0,611.3,89.296875,1,1,0.8,1.0499987268959945,0.9999950662243049,Optimization terminated successfully
2012-09-17,78,1,611.3,89.296875,1,1,0.8,1.0500007630526453,0.9557554868801423,Optimization terminated successfully
2012-09-17,78,2,611.3,89.296875,1,1,0.8,1.0500003519233425,0.9737104729908999,Optimization terminated successfully
2012-09-17,78,3,611.3,89.296875,1,1,0.8,1.0500009760684865,0.9318368339963382,Optimization terminated successfully
2012-09-17,78,4,611.3,89.296875,1,1,0.8,1.04999869346194,0.9842855626992791,Optimization terminated successfully
2012-09-17,78,5,611.3,89.296875,1,1,0.8,1.0500008913756578,0.9690760961247022,Optimization terminated successfully
2012-09-17,78,6,611.3,89.296875,1,1,0.8,1.0499987248191542,0.9999147366731818,Optimization terminated successfully
2012-09-17,78,7,611.3,89.296875,1,1,0.8,1.050000995033109,0.9946217446606666,Optimization terminated successfully
2012-09-17,78,8,611.3,89.296875,1,1,0.8,1.0499998480590143,0.9985280789361459,Optimization terminated successfully
2012-09-17,78,9,611.3,89.296875,1,1,0.8,1.0500009355860844,0.9766216401454264,Optimization terminated successfully
2012-09-18,79,0,611.3,89.296875,0,0,,1.0480696161826966,0.8472061648631388,fixed service power exceeds an audited export limit
2012-09-18,79,1,611.3,89.296875,1,1,0.8,1.050000227248266,0.8993503870299469,Optimization terminated successfully
2012-09-18,79,2,611.3,89.296875,0,0,,1.0486616767644619,0.6925375669965801,fixed service power exceeds an audited export limit
2012-09-18,79,3,611.3,89.296875,0,0,,1.0484677420931012,0.7208295589765767,fixed service power exceeds an audited export limit
2012-09-18,79,4,611.3,89.296875,0,0,,1.0479121809500156,0.7194481089370822,fixed service power exceeds an audited export limit
2012-09-18,79,5,611.3,89.296875,0,0,,1.048170333052327,0.7378870179962821,fixed service power exceeds an audited export limit
2012-09-18,79,6,611.3,89.296875,1,1,0.8,1.049999340008535,0.9999564670052752,Optimization terminated successfully
2012-09-18,79,7,611.3,89.296875,0,0,,1.0482887586016498,0.6996238901422916,fixed service power exceeds an audited export limit
2012-09-18,79,8,611.3,89.296875,0,0,,1.0484158327362907,0.7021106462687223,fixed service power exceeds an audited export limit
2012-09-18,79,9,611.3,89.296875,1,1,0.8,1.049999038031702,0.999970610680454,Optimization terminated successfully
2012-09-19,80,0,611.3,89.296875,1,1,0.8,1.0500009854243528,0.9999618816152495,Optimization terminated successfully
2012-09-19,80,1,611.3,89.296875,1,1,0.8,1.050000404942371,0.9165029378940859,Optimization terminated successfully
2012-09-19,80,2,611.3,89.296875,1,1,0.8,1.0499996122529487,0.8957629378920838,Optimization terminated successfully
2012-09-19,80,3,611.3,89.296875,1,1,0.8,1.050000764518455,0.8823968879008792,Optimization terminated successfully
2012-09-19,80,4,611.3,89.296875,1,1,0.8,1.0500006674393652,0.929347711638363,Optimization terminated successfully
2012-09-19,80,5,611.3,89.296875,1,1,0.8,1.0500002942818512,0.9476075498519283,Optimization terminated successfully
2012-09-19,80,6,611.3,89.296875,1,1,0.8,1.0499989895897432,0.9999424685011269,Optimization terminated successfully
2012-09-19,80,7,611.3,89.296875,1,1,0.8,1.0499985390533555,0.9999928027841188,Optimization terminated successfully
2012-09-19,80,8,611.3,89.296875,1,1,0.8,1.0500003884204008,0.961929066516408,Optimization terminated successfully
2012-09-19,80,9,611.3,89.296875,1,1,0.8,1.0500002943511626,0.9999292034663335,Optimization terminated successfully
2012-09-20,81,0,611.3,89.296875,1,1,0.8,1.0500001115114441,0.9999794566133248,Optimization terminated successfully
2012-09-20,81,1,611.3,89.296875,1,1,0.8,1.0500009936125396,0.9731712703595228,Optimization terminated successfully
2012-09-20,81,2,611.3,89.296875,0,0,,1.0483775172077219,0.7036273627260116,fixed service power exceeds an audited export limit
2012-09-20,81,3,611.3,89.296875,0,0,,1.0485524714712335,0.6895900618174311,fixed service power exceeds an audited export limit
2012-09-20,81,4,611.3,89.296875,1,1,0.8,1.0500005190718955,0.9870482028423392,Optimization terminated successfully
2012-09-20,81,5,611.3,89.296875,0,0,,1.048611392597591,0.7294406946361189,fixed service power exceeds an audited export limit
2012-09-20,81,6,611.3,89.296875,1,1,0.8,1.0499989058273795,0.9999890098529797,Optimization terminated successfully
2012-09-20,81,7,611.3,89.296875,1,1,0.8,1.0500008998022807,0.9746137935901256,Optimization terminated successfully
2012-09-20,81,8,611.3,89.296875,0,0,,1.0483782663196273,0.6857929935703001,fixed service power exceeds an audited export limit
2012-09-20,81,9,611.3,89.296875,1,1,0.8,1.0500003388538464,0.9999347278994505,Optimization terminated successfully
2012-09-21,82,0,611.3,89.296875,1,1,0.8,1.0499993735933544,0.9999852110886064,Optimization terminated successfully
2012-09-21,82,1,611.3,89.296875,1,1,0.8,1.04999989713888,0.900199269005279,Optimization terminated successfully
2012-09-21,82,2,611.3,89.296875,1,1,0.8,1.049999268132305,0.9155149116792191,Optimization terminated successfully
2012-09-21,82,3,611.3,89.296875,0,0,,1.047888673841675,0.6824533961972123,fixed service power exceeds an audited export limit
2012-09-21,82,4,611.3,89.296875,1,1,0.8,1.0500008992629526,0.9346669546231506,Optimization terminated successfully
2012-09-21,82,5,611.3,89.296875,1,1,0.8,1.0499998644822746,0.9467898573058682,Optimization terminated successfully
2012-09-21,82,6,611.3,89.296875,1,1,0.8,1.0500005182733405,0.9833535878569849,Optimization terminated successfully
2012-09-21,82,7,611.3,89.296875,1,1,0.8,1.0500007353135996,0.9847402538104011,Optimization terminated successfully
2012-09-21,82,8,611.3,89.296875,1,1,0.8,1.050000646664273,0.9709428088846594,Optimization terminated successfully
2012-09-21,82,9,611.3,89.296875,1,1,0.8,1.0500007097100819,0.999952459425003,Optimization terminated successfully
2012-09-22,83,0,611.3,89.296875,1,1,0.8,1.049999860433408,0.9999816060948602,Optimization terminated successfully
2012-09-22,83,1,611.3,89.296875,1,1,0.8,1.05000003445149,0.9069360110176572,Optimization terminated successfully
2012-09-22,83,2,611.3,89.296875,0,0,,1.0481683758955285,0.6686997494850989,fixed service power exceeds an audited export limit
2012-09-22,83,3,611.3,89.296875,0,0,,1.0482956924632367,0.6789416085718958,fixed service power exceeds an audited export limit
2012-09-22,83,4,611.3,89.296875,1,1,0.8,1.050000979124937,0.9991220330023803,Optimization terminated successfully
2012-09-22,83,5,611.3,89.296875,0,0,,1.0481928114518029,0.7281303451726743,fixed service power exceeds an audited export limit
2012-09-22,83,6,611.3,89.296875,1,1,0.8,1.0500004621846175,0.9350327382699842,Optimization terminated successfully
2012-09-22,83,7,611.3,89.296875,1,1,0.8,1.0500001036329278,0.999962447026996,Optimization terminated successfully
2012-09-22,83,8,611.3,89.296875,1,1,0.8,1.050000101391553,0.9806752009921795,Optimization terminated successfully
2012-09-22,83,9,611.3,89.296875,1,1,0.8,1.04999904561782,0.9999786023895588,Optimization terminated successfully
2012-09-23,84,0,611.3,89.296875,1,1,0.8,1.0500005627685063,0.9999371797160577,Optimization terminated successfully
2012-09-23,84,1,611.3,89.296875,1,1,0.8,1.0500004878953166,0.9144844932198081,Optimization terminated successfully
2012-09-23,84,2,611.3,89.296875,0,0,,1.04814508939223,0.6752689552327132,fixed service power exceeds an audited export limit
2012-09-23,84,3,611.3,89.296875,1,1,0.8,1.0500002250745653,0.8150044047446889,Optimization terminated successfully
2012-09-23,84,4,611.3,89.296875,1,1,0.8,1.0500005089637874,0.9123405982545397,Optimization terminated successfully
2012-09-23,84,5,611.3,89.296875,1,1,0.8,1.0499993325072237,0.9479893989668302,Optimization terminated successfully
2012-09-23,84,6,611.3,89.296875,1,1,0.8,1.0499996587194982,0.9176703144026142,Optimization terminated successfully
2012-09-23,84,7,611.3,89.296875,1,1,0.8,1.0500006929180108,0.9701101066421058,Optimization terminated successfully
2012-09-23,84,8,611.3,89.296875,1,1,0.8,1.0500006676197782,0.9112297720634889,Optimization terminated successfully
2012-09-23,84,9,611.3,89.296875,1,1,0.8,1.0500009316710515,0.9999368079419443,Optimization terminated successfully
2012-09-24,85,0,611.3,89.296875,1,1,0.8,1.0500008546413444,0.9999879322074712,Optimization terminated successfully
2012-09-24,85,1,611.3,89.296875,1,1,0.8,1.0499994979553193,0.9411554161786991,Optimization terminated successfully
2012-09-24,85,2,611.3,89.296875,1,1,0.8,1.0500002044848413,0.973375864030658,Optimization terminated successfully
2012-09-24,85,3,611.3,89.296875,0,0,,1.048805658538487,0.6682516136429864,fixed service power exceeds an audited export limit
2012-09-24,85,4,611.3,89.296875,1,1,0.8,1.0500002163825874,0.9245647833747285,Optimization terminated successfully
2012-09-24,85,5,611.3,89.296875,0,0,,1.0488410336642244,0.7272852644539592,fixed service power exceeds an audited export limit
2012-09-24,85,6,611.3,89.296875,1,1,0.8,1.050000618439744,0.9716110278576321,Optimization terminated successfully
2012-09-24,85,7,611.3,89.296875,1,1,0.8,1.0500009537193664,0.9879272773384141,Optimization terminated successfully
2012-09-24,85,8,611.3,89.296875,0,0,,1.04866881519015,0.6910738711641433,fixed service power exceeds an audited export limit
2012-09-24,85,9,611.3,89.296875,1,1,0.8,1.049999241892264,0.9999733367541491,Optimization terminated successfully
2012-09-25,86,0,611.3,89.296875,1,1,0.8,1.0499997775342005,0.9999390622008222,Optimization terminated successfully
2012-09-25,86,1,611.3,89.296875,1,1,0.8,1.0499999033068743,0.9119130139352287,Optimization terminated successfully
2012-09-25,86,2,611.3,89.296875,1,1,0.8,1.0500008326027397,0.9103924881681443,Optimization terminated successfully
2012-09-25,86,3,611.3,89.296875,1,1,0.8,1.0500008647969923,0.8161132688688233,Optimization terminated successfully
2012-09-25,86,4,611.3,89.296875,1,1,0.8,1.050000316714543,0.967274156376201,Optimization terminated successfully
2012-09-25,86,5,611.3,89.296875,1,1,0.8,1.049999557725931,0.9276694679148576,Optimization terminated successfully
2012-09-25,86,6,611.3,89.296875,1,1,0.8,1.0499998380163433,0.9768541119239855,Optimization terminated successfully
2012-09-25,86,7,611.3,89.296875,1,1,0.8,1.0499999247095526,0.9999735146913277,Optimization terminated successfully
2012-09-25,86,8,611.3,89.296875,1,1,0.8,1.0500007790671777,0.9989873766359403,Optimization terminated successfully
2012-09-25,86,9,611.3,89.296875,1,1,0.8,1.0500009271756678,0.999968330669722,Optimization terminated successfully
2012-09-26,87,0,611.3,89.296875,1,1,0.8,1.0499992743918216,0.9999877802293858,Optimization terminated successfully
2012-09-26,87,1,611.3,89.296875,1,1,0.8,1.0500007308059622,0.9214412097058576,Optimization terminated successfully
2012-09-26,87,2,611.3,89.296875,0,0,,1.0483045113624634,0.6638478990415461,fixed service power exceeds an audited export limit
2012-09-26,87,3,611.3,89.296875,0,0,,1.0482917889370027,0.6714062232433905,fixed service power exceeds an audited export limit
2012-09-26,87,4,611.3,89.296875,1,1,0.8,1.0500000271320242,0.9308577286357442,Optimization terminated successfully
2012-09-26,87,5,611.3,89.296875,1,1,0.8,1.0500008390381999,0.9373485557497723,Optimization terminated successfully
2012-09-26,87,6,611.3,89.296875,1,1,0.8,1.0500003823561823,0.9322107407393004,Optimization terminated successfully
2012-09-26,87,7,611.3,89.296875,1,1,0.8,1.0500001204168585,0.9750098914982445,Optimization terminated successfully
2012-09-26,87,8,611.3,89.296875,1,1,0.8,1.0500005522202032,0.9748422972799463,Optimization terminated successfully
2012-09-26,87,9,611.3,89.296875,1,1,0.8,1.0500001820408342,0.9999570282930879,Optimization terminated successfully
2012-09-27,88,0,611.3,89.296875,1,1,0.8,1.050000437577295,0.9999897104605708,Optimization terminated successfully
2012-09-27,88,1,611.3,89.296875,1,1,0.8,1.0500008029557522,0.930017847078718,Optimization terminated successfully
2012-09-27,88,2,611.3,89.296875,1,1,0.8,1.050000253513711,0.8777425613876707,Optimization terminated successfully
2012-09-27,88,3,611.3,89.296875,1,1,0.8,1.0500005925386409,0.8486719916500165,Optimization terminated successfully
2012-09-27,88,4,611.3,89.296875,1,1,0.8,1.0500000317512481,0.9444579796468117,Optimization terminated successfully
2012-09-27,88,5,611.3,89.296875,1,1,0.8,1.0500005527294374,0.9524726296384272,Optimization terminated successfully
2012-09-27,88,6,611.3,89.296875,1,1,0.8,1.0500006557909825,0.9144919576617626,Optimization terminated successfully
2012-09-27,88,7,611.3,89.296875,1,1,0.8,1.049998740305003,0.9999826202664126,Optimization terminated successfully
2012-09-27,88,8,611.3,89.296875,1,1,0.8,1.0499994080210646,0.9751936357234838,Optimization terminated successfully
2012-09-27,88,9,611.3,89.296875,1,1,0.8,1.0499995683767975,0.9999808044914572,Optimization terminated successfully
2012-09-28,89,0,611.3,89.296875,1,1,0.8,1.050000974041129,0.9999872561083214,Optimization terminated successfully
2012-09-28,89,1,611.3,89.296875,1,1,0.8,1.050000934414417,0.8975391204913294,Optimization terminated successfully
2012-09-28,89,2,611.3,89.296875,1,1,0.8,1.0499993831746621,0.9018990417465201,Optimization terminated successfully
2012-09-28,89,3,611.3,89.296875,1,1,0.8,1.050000663393428,0.8445238709153859,Optimization terminated successfully
2012-09-28,89,4,611.3,89.296875,1,1,0.8,1.050000368740468,0.9577073010174637,Optimization terminated successfully
2012-09-28,89,5,611.3,89.296875,1,1,0.8,1.0500002837574984,0.9389712768233341,Optimization terminated successfully
2012-09-28,89,6,611.3,89.296875,1,1,0.8,1.050000793089587,0.9378978321484355,Optimization terminated successfully
2012-09-28,89,7,611.3,89.296875,1,1,0.8,1.0500000187942464,0.9999450398091966,Optimization terminated successfully
2012-09-28,89,8,611.3,89.296875,1,1,0.8,1.0500006592484419,0.8949576583425543,Optimization terminated successfully
2012-09-28,89,9,611.3,89.296875,1,1,0.8,1.050000027417883,0.9999245759368418,Optimization terminated successfully
2012-09-29,90,0,611.3,89.296875,1,1,0.8,1.0500001845599605,0.9999520206249342,Optimization terminated successfully
2012-09-29,90,1,611.3,89.296875,1,1,0.8,1.0500006278629506,0.9227337504607028,Optimization terminated successfully
2012-09-29,90,2,611.3,89.296875,1,1,0.8,1.0500006461303435,0.921314905817568,Optimization terminated successfully
2012-09-29,90,3,611.3,89.296875,1,1,0.8,1.0500002687535404,0.8443982871044188,Optimization terminated successfully
2012-09-29,90,4,611.3,89.296875,1,1,0.8,1.0500002226792164,0.9534552021099765,Optimization terminated successfully
2012-09-29,90,5,611.3,89.296875,1,1,0.8,1.0500005905213752,0.9310472756314845,Optimization terminated successfully
2012-09-29,90,6,611.3,89.296875,1,1,0.8,1.050000399087398,0.8973741973355479,Optimization terminated successfully
2012-09-29,90,7,611.3,89.296875,1,1,0.8,1.0500002717825696,0.9373514565326668,Optimization terminated successfully
2012-09-29,90,8,611.3,89.296875,1,1,0.8,1.0500007303884211,0.9349787602619288,Optimization terminated successfully
2012-09-29,90,9,611.3,89.296875,1,1,0.8,1.0500006074726191,0.9999570673441569,Optimization terminated successfully
2012-09-30,91,0,611.3,89.296875,1,1,0.8,1.0500007736036316,0.9999842984696844,Optimization terminated successfully
2012-09-30,91,1,611.3,89.296875,1,1,0.8,1.0500001532911487,0.9376482168632055,Optimization terminated successfully
2012-09-30,91,2,611.3,89.296875,0,0,,1.0483076383231158,0.6452542784640565,fixed service power exceeds an audited export limit
2012-09-30,91,3,611.3,89.296875,1,1,0.8,1.049999616850073,0.8579878459520011,Optimization terminated successfully
2012-09-30,91,4,611.3,89.296875,1,1,0.8,1.0500005354529598,0.9033281000907994,Optimization terminated successfully
2012-09-30,91,5,611.3,89.296875,1,1,0.8,1.050000152584248,0.9196243620294902,Optimization terminated successfully
2012-09-30,91,6,611.3,89.296875,1,1,0.8,1.0500003106403717,0.9158094752272605,Optimization terminated successfully
2012-09-30,91,7,611.3,89.296875,1,1,0.8,1.05000006856136,0.9999470117793158,Optimization terminated successfully
2012-09-30,91,8,611.3,89.296875,1,1,0.8,1.0500007678299932,0.9222703862781053,Optimization terminated successfully
2012-09-30,91,9,611.3,89.296875,1,1,0.8,1.05000009387377,0.9999350983763062,Optimization terminated successfully
2012-10-01,92,0,611.3,89.296875,1,1,0.8,1.0499989689564468,0.9999867759914121,Optimization terminated successfully
2012-10-01,92,1,611.3,89.296875,1,1,0.8,1.0500008965536403,0.9140258852695379,Optimization terminated successfully
2012-10-01,92,2,611.3,89.296875,1,1,0.8,1.050000825014935,0.9300546771382179,Optimization terminated successfully
2012-10-01,92,3,611.3,89.296875,1,1,0.8,1.049999770809691,0.8520102516892072,Optimization terminated successfully
2012-10-01,92,4,611.3,89.296875,1,1,0.8,1.0499998210010633,0.9330596996779797,Optimization terminated successfully
2012-10-01,92,5,611.3,89.296875,1,1,0.8,1.0500008366800349,0.9221313268409385,Optimization terminated successfully
2012-10-01,92,6,611.3,89.296875,1,1,0.8,1.049999984778781,0.8720206598767765,Optimization terminated successfully
2012-10-01,92,7,611.3,89.296875,1,1,0.8,1.0500001479528867,0.9882180259399229,Optimization terminated successfully
2012-10-01,92,8,611.3,89.296875,1,1,0.8,1.0500000973872372,0.8805075125429308,Optimization terminated successfully
2012-10-01,92,9,611.3,89.296875,1,1,0.8,1.0499999926486838,0.9999969703498823,Optimization terminated successfully
2012-10-02,93,0,611.3,89.296875,1,1,0.8,1.0500006970377047,0.9999677152687435,Optimization terminated successfully
2012-10-02,93,1,611.3,89.296875,1,1,0.8,1.050000637801478,0.9422796485389355,Optimization terminated successfully
2012-10-02,93,2,611.3,89.296875,1,1,0.8,1.050000865584458,0.9181414779792395,Optimization terminated successfully
2012-10-02,93,3,611.3,89.296875,1,1,0.8,1.0500006144692735,0.8588668487497776,Optimization terminated successfully
2012-10-02,93,4,611.3,89.296875,1,1,0.8,1.0500007581777895,0.9528247626381442,Optimization terminated successfully
2012-10-02,93,5,611.3,89.296875,0,0,,1.0485674460304515,0.7163843420321807,fixed service power exceeds an audited export limit
2012-10-02,93,6,611.3,89.296875,1,1,0.8,1.050000544829722,0.9999472013386794,Optimization terminated successfully
2012-10-02,93,7,611.3,89.296875,1,1,0.8,1.0499995958626736,0.9999907973613188,Optimization terminated successfully
2012-10-02,93,8,611.3,89.296875,0,0,,1.048581769372901,0.6789216786774033,fixed service power exceeds an audited export limit
2012-10-02,93,9,611.3,89.296875,1,1,0.8,1.050000773346097,0.9999216270517421,Optimization terminated successfully
2012-10-03,94,0,611.3,89.296875,1,1,0.8,1.0499984978212025,0.9999707242634348,Optimization terminated successfully
2012-10-03,94,1,611.3,89.296875,1,1,0.8,1.0500004650315913,0.9210866825258128,Optimization terminated successfully
2012-10-03,94,2,611.3,89.296875,0,0,,1.0484092987064182,0.6720775345376039,fixed service power exceeds an audited export limit
2012-10-03,94,3,611.3,89.296875,0,0,,1.048334871996985,0.6695649362482456,fixed service power exceeds an audited export limit
2012-10-03,94,4,611.3,89.296875,1,1,0.8,1.049999017779276,0.9999290611459287,Optimization terminated successfully
2012-10-03,94,5,611.3,89.296875,0,0,,1.0486143149586236,0.7111803422046278,fixed service power exceeds an audited export limit
2012-10-03,94,6,611.3,89.296875,1,1,0.8,1.0500001566613224,0.9375722783112684,Optimization terminated successfully
2012-10-03,94,7,611.3,89.296875,1,1,0.8,1.0500002455813096,0.9593464775141808,Optimization terminated successfully
2012-10-03,94,8,611.3,89.296875,1,1,0.8,1.0500008614896523,0.8984059442693583,Optimization terminated successfully
2012-10-03,94,9,611.3,89.296875,1,1,0.8,1.0500006081268407,0.9999173648569385,Optimization terminated successfully
2012-10-04,95,0,611.3,89.296875,1,1,0.8,1.0500001259814846,0.9999926189369426,Optimization terminated successfully
2012-10-04,95,1,611.3,89.296875,1,1,0.8,1.0499998585220556,0.9043301838073292,Optimization terminated successfully
2012-10-04,95,2,611.3,89.296875,0,0,,1.0481831328263935,0.6732964025132067,fixed service power exceeds an audited export limit
2012-10-04,95,3,611.3,89.296875,0,0,,1.0482056483967015,0.6516222504827209,fixed service power exceeds an audited export limit
2012-10-04,95,4,611.3,89.296875,1,1,0.8,1.0500008324625616,0.9654751464354209,Optimization terminated successfully
2012-10-04,95,5,611.3,89.296875,0,0,,1.048532186141185,0.7052835370251584,fixed service power exceeds an audited export limit
2012-10-04,95,6,611.3,89.296875,1,1,0.8,1.0500006463681668,0.924716593147394,Optimization terminated successfully
2012-10-04,95,7,611.3,89.296875,1,1,0.8,1.0500007461679763,0.9721087075254305,Optimization terminated successfully
2012-10-04,95,8,611.3,89.296875,1,1,0.8,1.0500006498778987,0.9044329644727925,Optimization terminated successfully
2012-10-04,95,9,611.3,89.296875,1,1,0.8,1.0500001699478343,0.9999588158506354,Optimization terminated successfully
2012-10-05,96,0,611.3,89.296875,1,1,0.8,1.0499993566574597,0.9999759472850903,Optimization terminated successfully
2012-10-05,96,1,611.3,89.296875,1,1,0.8,1.0500009243530484,0.9869095914834948,Optimization terminated successfully
2012-10-05,96,2,611.3,89.296875,1,1,0.8,1.0500001189351462,0.8699061771696885,Optimization terminated successfully
2012-10-05,96,3,611.3,89.296875,1,1,0.8,1.0500005399959005,0.8672730300319266,Optimization terminated successfully
2012-10-05,96,4,611.3,89.296875,1,1,0.8,1.0500005398160837,0.9793145563943382,Optimization terminated successfully
2012-10-05,96,5,611.3,89.296875,1,1,0.8,1.0500009348773711,0.9663064284946928,Optimization terminated successfully
2012-10-05,96,6,611.3,89.296875,1,1,0.8,1.0500000280016974,0.9210072856835738,Optimization terminated successfully
2012-10-05,96,7,611.3,89.296875,1,1,0.8,1.0500003123336097,0.929689971730419,Optimization terminated successfully
2012-10-05,96,8,611.3,89.296875,1,1,0.8,1.0500005960250463,0.9192784512740285,Optimization terminated successfully
2012-10-05,96,9,611.3,89.296875,1,1,0.8,1.0500008556863927,0.999925153268631,Optimization terminated successfully
2012-10-06,97,0,611.3,89.296875,1,1,0.8,1.0500000486896337,0.9999359291457464,Optimization terminated successfully
2012-10-06,97,1,611.3,89.296875,1,1,0.8,1.0500006403386293,0.944318550494395,Optimization terminated successfully
2012-10-06,97,2,611.3,89.296875,1,1,0.8,1.0500007696226499,0.9149703901722305,Optimization terminated successfully
2012-10-06,97,3,611.3,89.296875,1,1,0.8,1.0499992295613518,0.858524666543024,Optimization terminated successfully
2012-10-06,97,4,611.3,89.296875,1,1,0.8,1.0500005703691377,0.9590876721905821,Optimization terminated successfully
2012-10-06,97,5,611.3,89.296875,1,1,0.8,1.0499997477650322,0.9685023556431226,Optimization terminated successfully
2012-10-06,97,6,611.3,89.296875,1,1,0.8,1.0500002306578426,0.8863770535428384,Optimization terminated successfully
2012-10-06,97,7,611.3,89.296875,1,1,0.8,1.049999465195553,0.9999369126527289,Optimization terminated successfully
2012-10-06,97,8,611.3,89.296875,1,1,0.8,1.0499997597212136,0.9446455789170071,Optimization terminated successfully
2012-10-06,97,9,611.3,89.296875,1,1,0.8,1.0499992583144298,0.9999361391344134,Optimization terminated successfully
2012-10-07,98,0,611.3,89.296875,1,1,0.8,1.050000379925444,0.9515276393379625,Optimization terminated successfully
2012-10-07,98,1,611.3,89.296875,1,1,0.8,1.0499995581695838,0.9731712314738296,Optimization terminated successfully
2012-10-07,98,2,611.3,89.296875,1,1,0.8,1.0500006006637752,0.8957696250319337,Optimization terminated successfully
2012-10-07,98,3,611.3,89.296875,1,1,0.8,1.050000640015177,0.9040067178347564,Optimization terminated successfully
2012-10-07,98,4,611.3,89.296875,1,1,0.8,1.0499998334578515,0.896613744262116,Optimization terminated successfully
2012-10-07,98,5,611.3,89.296875,0,0,,1.0487741529885222,0.739710454015778,fixed service power exceeds an audited export limit
2012-10-07,98,6,611.3,89.296875,1,1,0.8,1.0500007905329847,0.8784619386643304,Optimization terminated successfully
2012-10-07,98,7,611.3,89.296875,1,1,0.8,1.05000084789576,0.921511300468852,Optimization terminated successfully
2012-10-07,98,8,611.3,89.296875,1,1,0.8,1.050000636385028,0.8254810170779175,Optimization terminated successfully
2012-10-07,98,9,611.3,89.296875,1,1,0.8,1.0500005284918321,0.9999815026027024,Optimization terminated successfully
2012-10-08,99,0,611.3,89.296875,1,1,0.8,1.0500005486665145,0.9236568364973782,Optimization terminated successfully
2012-10-08,99,1,611.3,89.296875,1,1,0.8,1.0500005651138702,0.9404826048625303,Optimization terminated successfully
2012-10-08,99,2,611.3,89.296875,1,1,0.8,1.0500009327856352,0.8666164382316781,Optimization terminated successfully
2012-10-08,99,3,611.3,89.296875,1,1,0.8,1.0500004919273553,0.8432455384895852,Optimization terminated successfully
2012-10-08,99,4,611.3,89.296875,1,1,0.8,1.0500003191991527,0.8749457779765357,Optimization terminated successfully
2012-10-08,99,5,611.3,89.296875,1,1,0.8,1.0500007038634145,0.9526736251533049,Optimization terminated successfully
2012-10-08,99,6,611.3,89.296875,1,1,0.8,1.0500000032540862,0.8952991978486385,Optimization terminated successfully
2012-10-08,99,7,611.3,89.296875,1,1,0.8,1.0499998918809328,0.9010039970336127,Optimization terminated successfully
2012-10-08,99,8,611.3,89.296875,1,1,0.8,1.0500005766769689,0.8495973482334659,Optimization terminated successfully
2012-10-08,99,9,611.3,89.296875,1,1,0.8,1.0500006544374454,0.9599283184592521,Optimization terminated successfully
2012-10-09,100,0,611.3,89.296875,1,1,0.8,1.050000890776532,0.9881942572118355,Optimization terminated successfully
2012-10-09,100,1,611.3,89.296875,1,1,0.8,1.0500004941916086,0.9986323174124477,Optimization terminated successfully
2012-10-09,100,2,611.3,89.296875,1,1,0.8,1.0500007663119202,0.8875445018028181,Optimization terminated successfully
2012-10-09,100,3,611.3,89.296875,0,0,,1.048072312862147,0.6762293348865414,fixed service power exceeds an audited export limit
2012-10-09,100,4,611.3,89.296875,1,1,0.8,1.0500007976039072,0.9415153935818933,Optimization terminated successfully
2012-10-09,100,5,611.3,89.296875,0,0,,1.0481280029670004,0.7172051514146716,fixed service power exceeds an audited export limit
2012-10-09,100,6,611.3,89.296875,1,1,0.8,1.050000960017828,0.8993950836238536,Optimization terminated successfully
2012-10-09,100,7,611.3,89.296875,1,1,0.8,1.0500009532928445,0.9040945372342891,Optimization terminated successfully
2012-10-09,100,8,611.3,89.296875,0,0,,1.0483848682905064,0.670473408910038,fixed service power exceeds an audited export limit
2012-10-09,100,9,611.3,89.296875,1,1,0.8,1.0500006167834137,0.958919466508139,Optimization terminated successfully
2012-10-10,101,0,611.3,89.296875,1,1,0.8,1.0500006686651513,0.8891006568722376,Optimization terminated successfully
2012-10-10,101,1,611.3,89.296875,0,0,,1.0483678325068113,0.6699837455088636,fixed service power exceeds an audited export limit
2012-10-10,101,2,611.3,89.296875,1,1,0.8,1.050000343545241,0.8624305915668637,Optimization terminated successfully
2012-10-10,101,3,611.3,89.296875,0,0,,1.0486439994340562,0.715002382357267,fixed service power exceeds an audited export limit
2012-10-10,101,4,611.3,89.296875,1,1,0.8,1.0500002437934315,0.9286990463695362,Optimization terminated successfully
2012-10-10,101,5,611.3,89.296875,0,0,,1.0484145954245678,0.6935176791719577,fixed service power exceeds an audited export limit
2012-10-10,101,6,611.3,89.296875,1,1,0.8,1.0500002608111612,0.9135091768094676,Optimization terminated successfully
2012-10-10,101,7,611.3,89.296875,0,0,,1.0483809148535195,0.7049092166089701,fixed service power exceeds an audited export limit
2012-10-10,101,8,611.3,89.296875,0,0,,1.0488126592109004,0.6795366949308356,fixed service power exceeds an audited export limit
2012-10-10,101,9,611.3,89.296875,1,1,0.8,1.0499996602685575,0.9168954964935311,Optimization terminated successfully
2012-10-11,102,0,611.3,89.296875,1,1,0.8,1.0500008324260648,0.9437023417183341,Optimization terminated successfully
2012-10-11,102,1,611.3,89.296875,1,1,0.8,1.0499999398077609,0.984699479330963,Optimization terminated successfully
2012-10-11,102,2,611.3,89.296875,1,1,0.8,1.0499996382795558,0.9998529405643728,Optimization terminated successfully
2012-10-11,102,3,611.3,89.296875,1,1,0.8,1.0500004413705322,0.904502317708136,Optimization terminated successfully
2012-10-11,102,4,611.3,89.296875,1,1,0.8,1.0499988517824121,0.9276036642178448,Optimization terminated successfully
2012-10-11,102,5,611.3,89.296875,1,1,0.8,1.050000870156782,0.9523235696458917,Optimization terminated successfully
2012-10-11,102,6,611.3,89.296875,1,1,0.8,1.0500007346635505,0.9179742401810584,Optimization terminated successfully
2012-10-11,102,7,611.3,89.296875,1,1,0.8,1.0499999036696792,0.999919081494659,Optimization terminated successfully
2012-10-11,102,8,611.3,89.296875,1,1,0.8,1.05000099010139,0.8757606136327294,Optimization terminated successfully
2012-10-11,102,9,611.3,89.296875,1,1,0.8,1.0500007257970876,0.9338184708892094,Optimization terminated successfully
2013-01-01,103,0,611.3,89.296875,1,1,0.8,1.0500005436077209,0.9999840517808819,Optimization terminated successfully
2013-01-01,103,1,611.3,89.296875,1,1,0.8,1.0500008580991276,0.9468099791511677,Optimization terminated successfully
2013-01-01,103,2,611.3,89.296875,1,1,0.8,1.0500009109901098,0.9212403605599963,Optimization terminated successfully
2013-01-01,103,3,611.3,89.296875,1,1,0.8,1.0500007558445272,0.8885781785761488,Optimization terminated successfully
2013-01-01,103,4,611.3,89.296875,1,1,0.8,1.050000684133943,0.9619221244945143,Optimization terminated successfully
2013-01-01,103,5,611.3,89.296875,1,1,0.8,1.0500008388351973,0.9219099132320713,Optimization terminated successfully
2013-01-01,103,6,611.3,89.296875,1,1,0.8,1.0500008053749406,0.9205806062815667,Optimization terminated successfully
2013-01-01,103,7,611.3,89.296875,1,1,0.8,1.0499996236565468,0.9999265306021858,Optimization terminated successfully
2013-01-01,103,8,611.3,89.296875,1,1,0.8,1.0500006241075042,0.8270717064508594,Optimization terminated successfully
2013-01-01,103,9,611.3,89.296875,1,1,0.8,1.0500003876556467,0.966777026886728,Optimization terminated successfully
2013-01-02,104,0,611.3,89.296875,1,1,0.8,1.050000793913551,0.9404486227135304,Optimization terminated successfully
2013-01-02,104,1,611.3,89.296875,1,1,0.8,1.0500008501902418,0.8831008793003693,Optimization terminated successfully
2013-01-02,104,2,611.3,89.296875,1,1,0.8,1.0500000436988832,0.8718535540214848,Optimization terminated successfully
2013-01-02,104,3,611.3,89.296875,1,1,0.8,1.0499993229063582,0.8502391663770588,Optimization terminated successfully
2013-01-02,104,4,611.3,89.296875,1,1,0.8,1.0500005716885108,0.8896662587025957,Optimization terminated successfully
2013-01-02,104,5,611.3,89.296875,1,1,0.8,1.050000823385073,0.9109411017406795,Optimization terminated successfully
2013-01-02,104,6,611.3,89.296875,1,1,0.8,1.0500007015656747,0.9008143240520604,Optimization terminated successfully
2013-01-02,104,7,611.3,89.296875,1,1,0.8,1.0500006954498635,0.9249480998655225,Optimization terminated successfully
2013-01-02,104,8,611.3,89.296875,1,1,0.8,1.0500008472838025,0.8250658691058534,Optimization terminated successfully
2013-01-02,104,9,611.3,89.296875,1,1,0.8,1.0500008089615442,0.9122318675598942,Optimization terminated successfully
2013-01-03,105,0,611.3,89.296875,1,1,0.8,1.0500002960679569,0.9818866766547307,Optimization terminated successfully
2013-01-03,105,1,611.3,89.296875,1,1,0.8,1.0500005341683087,0.8633711006171498,Optimization terminated successfully
2013-01-03,105,2,611.3,89.296875,1,1,0.8,1.0500001089519997,0.8700962848912197,Optimization terminated successfully
2013-01-03,105,3,611.3,89.296875,1,1,0.8,1.050000819189138,0.9155133931980312,Optimization terminated successfully
2013-01-03,105,4,611.3,89.296875,1,1,0.8,1.0500009107313348,0.9446498254580412,Optimization terminated successfully
2013-01-03,105,5,611.3,89.296875,1,1,0.8,1.0499993080889947,0.9023447140592854,Optimization terminated successfully
2013-01-03,105,6,611.3,89.296875,1,1,0.8,1.050000017927173,0.8439153300902877,Optimization terminated successfully
2013-01-03,105,7,611.3,89.296875,1,1,0.8,1.050000809628513,0.9450980732840959,Optimization terminated successfully
2013-01-03,105,8,611.3,89.296875,1,1,0.8,1.050000814845357,0.794534637187353,Optimization terminated successfully
2013-01-03,105,9,611.3,89.296875,1,1,0.8,1.0500005169856228,0.9246076286512934,Optimization terminated successfully
2013-01-04,106,0,611.3,89.296875,1,1,0.8,1.0500003394130246,0.9736273981977726,Optimization terminated successfully
2013-01-04,106,1,611.3,89.296875,1,1,0.8,1.050000065826059,0.8970723721440216,Optimization terminated successfully
2013-01-04,106,2,611.3,89.296875,1,1,0.8,1.0500007728305978,0.9745096458921684,Optimization terminated successfully
2013-01-04,106,3,611.3,89.296875,1,1,0.8,1.050000668733066,0.8530026967669053,Optimization terminated successfully
2013-01-04,106,4,611.3,89.296875,1,1,0.8,1.050000825322888,0.9341455783669401,Optimization terminated successfully
2013-01-04,106,5,611.3,89.296875,0,0,,1.0485308815635974,0.6859841150995227,fixed service power exceeds an audited export limit
2013-01-04,106,6,611.3,89.296875,1,1,0.8,1.0500006617811213,0.8841349775579804,Optimization terminated successfully
2013-01-04,106,7,611.3,89.296875,1,1,0.8,1.0500005973901632,0.9999447798907717,Optimization terminated successfully
2013-01-04,106,8,611.3,89.296875,1,1,0.8,1.0500004213342764,0.8388978451973049,Optimization terminated successfully
2013-01-04,106,9,611.3,89.296875,1,1,0.8,1.0500007751906129,0.9733295463113071,Optimization terminated successfully
2013-01-05,107,0,611.3,89.296875,1,1,0.8,1.0500006557816273,0.9209578402081132,Optimization terminated successfully
2013-01-05,107,1,611.3,89.296875,1,1,0.8,1.0500000015608113,0.9999867960378619,Optimization terminated successfully
2013-01-05,107,2,611.3,89.296875,1,1,0.8,1.050000931838925,0.9008240039167016,Optimization terminated successfully
2013-01-05,107,3,611.3,89.296875,1,1,0.8,1.0500008785851929,0.876349104711285,Optimization terminated successfully
2013-01-05,107,4,611.3,89.296875,1,1,0.8,1.050000548962179,0.9444686123775362,Optimization terminated successfully
2013-01-05,107,5,611.3,89.296875,1,1,0.8,1.0500001482251569,0.9502734092528959,Optimization terminated successfully
2013-01-05,107,6,611.3,89.296875,1,1,0.8,1.0499998191700746,0.999956676457285,Optimization terminated successfully
2013-01-05,107,7,611.3,89.296875,1,1,0.8,1.050000719518072,0.9723361845388269,Optimization terminated successfully
2013-01-05,107,8,611.3,89.296875,1,1,0.8,1.0499997951835973,0.9128575655656981,Optimization terminated successfully
2013-01-05,107,9,611.3,89.296875,1,1,0.8,1.0500009963942056,0.9464509863013417,Optimization terminated successfully
2013-01-06,108,0,611.3,89.296875,1,1,0.8,1.0499993465138444,0.9999923371163334,Optimization terminated successfully
2013-01-06,108,1,611.3,89.296875,1,1,0.8,1.05000098620504,0.9490999734025684,Optimization terminated successfully
2013-01-06,108,2,611.3,89.296875,1,1,0.8,1.0500008207186693,0.9262126148830412,Optimization terminated successfully
2013-01-06,108,3,611.3,89.296875,1,1,0.8,1.0500001961242973,0.8943115613541461,Optimization terminated successfully
2013-01-06,108,4,611.3,89.296875,1,1,0.8,1.0500004219295096,0.9400123680959784,Optimization terminated successfully
2013-01-06,108,5,611.3,89.296875,1,1,0.8,1.0499997676955455,0.9188247490421549,Optimization terminated successfully
2013-01-06,108,6,611.3,89.296875,1,1,0.8,1.0500006213582498,0.9113565140555226,Optimization terminated successfully
2013-01-06,108,7,611.3,89.296875,1,1,0.8,1.0500006178823564,0.9457688517842868,Optimization terminated successfully
2013-01-06,108,8,611.3,89.296875,1,1,0.8,1.049999905122781,0.8168255826042207,Optimization terminated successfully
2013-01-06,108,9,611.3,89.296875,1,1,0.8,1.0500001884637336,0.9741342654412601,Optimization terminated successfully
2013-01-07,109,0,611.3,89.296875,1,1,0.8,1.0500009711611118,0.9911918716408438,Optimization terminated successfully
2013-01-07,109,1,611.3,89.296875,1,1,0.8,1.0500006319292616,0.9662907634626435,Optimization terminated successfully
2013-01-07,109,2,611.3,89.296875,0,0,,1.0481608834667544,0.6970172223009294,fixed service power exceeds an audited export limit
2013-01-07,109,3,611.3,89.296875,1,1,0.8,1.049999080113641,0.8564200644847719,Optimization terminated successfully
2013-01-07,109,4,611.3,89.296875,1,1,0.8,1.0500003242818312,0.9867680036025296,Optimization terminated successfully
2013-01-07,109,5,611.3,89.296875,1,1,0.8,1.0499998903364554,0.9409751333450168,Optimization terminated successfully
2013-01-07,109,6,611.3,89.296875,1,1,0.8,1.0500000423938978,0.9189681390518483,Optimization terminated successfully
2013-01-07,109,7,611.3,89.296875,1,1,0.8,1.0500008949107649,0.9381770098320882,Optimization terminated successfully
2013-01-07,109,8,611.3,89.296875,1,1,0.8,1.0499991473439643,0.8386391787842775,Optimization terminated successfully
2013-01-07,109,9,611.3,89.296875,1,1,0.8,1.0500004976209214,0.9093898373918524,Optimization terminated successfully
2013-01-08,110,1,611.3,89.296875,1,1,0.8,1.050000695225102,0.9999862063199284,Optimization terminated successfully
2013-01-08,110,2,611.3,89.296875,1,1,0.8,1.0499993067541031,0.999988411967466,Optimization terminated successfully
2013-01-08,110,3,611.3,89.296875,1,1,0.8,1.0500005839536668,0.9999467900737019,Optimization terminated successfully
2013-01-08,110,4,611.3,89.296875,1,1,0.8,1.0500002669476372,0.9999944460217648,Optimization terminated successfully
2013-01-08,110,5,611.3,89.296875,1,1,0.8,1.050000064993636,0.9999894174455487,Optimization terminated successfully
2013-01-08,110,6,611.3,89.296875,1,1,0.8,1.0499995120929408,0.9999963059486241,Optimization terminated successfully
2013-01-08,110,7,611.3,89.296875,1,1,0.8,1.0499991287338568,0.9999641753666662,Optimization terminated successfully
2013-01-08,110,8,611.3,89.296875,1,1,0.8,1.0500002112219546,0.999937869397633,Optimization terminated successfully
2013-01-08,110,9,611.3,89.296875,1,1,0.8,1.050000281323973,0.9999912462222799,Optimization terminated successfully
2013-01-09,111,0,611.3,89.296875,1,1,0.8,1.050000735710356,0.9607736054802081,Optimization terminated successfully
2013-01-09,111,1,611.3,89.296875,1,1,0.8,1.0500008894057227,0.9237299516900752,Optimization terminated successfully
2013-01-09,111,2,611.3,89.296875,1,1,0.8,1.0500006659678236,0.87073124492752,Optimization terminated successfully
2013-01-09,111,3,611.3,89.296875,1,1,0.8,1.0500009363172014,0.8581929464750554,Optimization terminated successfully
2013-01-09,111,4,611.3,89.296875,1,1,0.8,1.050000236046254,0.9511057700051988,Optimization terminated successfully
2013-01-09,111,5,611.3,89.296875,1,1,0.8,1.049999627351831,0.8587059123666656,Optimization terminated successfully
2013-01-09,111,6,611.3,89.296875,1,1,0.8,1.0500006800529973,0.8633600258663706,Optimization terminated successfully
2013-01-09,111,7,611.3,89.296875,1,1,0.8,1.050000823832556,0.9981532641761605,Optimization terminated successfully
2013-01-09,111,8,611.3,89.296875,1,1,0.8,1.0500008990836929,0.8426603149990456,Optimization terminated successfully
2013-01-09,111,9,611.3,89.296875,1,1,0.8,1.0499996062797325,0.8887022051330372,Optimization terminated successfully
2013-01-10,112,0,611.3,89.296875,1,1,0.8,1.0499998594174371,0.932215611574042,Optimization terminated successfully
2013-01-10,112,1,611.3,89.296875,1,1,0.8,1.0499999238979627,0.9034709901873305,Optimization terminated successfully
2013-01-10,112,2,611.3,89.296875,1,1,0.8,1.050000556777597,0.8911347528627614,Optimization terminated successfully
2013-01-10,112,3,611.3,89.296875,1,1,0.8,1.0500007275558136,0.8719004013984214,Optimization terminated successfully
2013-01-10,112,4,611.3,89.296875,1,1,0.8,1.0500008969288204,0.9199242777594832,Optimization terminated successfully
2013-01-10,112,5,611.3,89.296875,1,1,0.8,1.0500009561539363,0.9194796986751861,Optimization terminated successfully
2013-01-10,112,6,611.3,89.296875,1,1,0.8,1.0500008705778054,0.9039638285851018,Optimization terminated successfully
2013-01-10,112,7,611.3,89.296875,1,1,0.8,1.0500004960272618,0.9999156601331479,Optimization terminated successfully
2013-01-10,112,8,611.3,89.296875,1,1,0.8,1.0500005764660356,0.8306730048962896,Optimization terminated successfully
2013-01-10,112,9,611.3,89.296875,1,1,0.8,1.0499996392605555,0.9145335838335032,Optimization terminated successfully
2013-01-11,113,0,611.3,89.296875,1,1,0.8,1.0499992870410522,0.9999772805166742,Optimization terminated successfully
2013-01-11,113,1,611.3,89.296875,1,1,0.8,1.0499998344236452,0.9999704776191684,Optimization terminated successfully
2013-01-11,113,2,611.3,89.296875,1,1,0.8,1.050000152522898,0.9999472843955293,Optimization terminated successfully
2013-01-11,113,3,611.3,89.296875,1,1,0.8,1.0500008364192015,0.9999226615652443,Optimization terminated successfully
2013-01-11,113,4,611.3,89.296875,1,1,0.8,1.0499988490203707,0.9999999419753864,Optimization terminated successfully
2013-01-11,113,5,611.3,89.296875,1,1,0.8,1.050000806717278,0.9999448682053305,Optimization terminated successfully
2013-01-11,113,6,611.3,89.296875,1,1,0.8,1.0500005921993054,0.9999933051245498,Optimization terminated successfully
2013-01-11,113,7,611.3,89.296875,1,1,0.8,1.0500009562325752,0.9973787828785983,Optimization terminated successfully
2013-01-11,113,8,611.3,89.296875,1,1,0.8,1.0500000611434832,0.969502473362709,Optimization terminated successfully
2013-01-11,113,9,611.3,89.296875,1,1,0.8,1.0500006052097373,0.9999205923736586,Optimization terminated successfully
2013-01-12,114,0,611.3,89.296875,1,1,0.8,1.0500007528134725,0.9999423733306376,Optimization terminated successfully
2013-01-12,114,1,611.3,89.296875,1,1,0.8,1.0500005917012258,0.8552456480823477,Optimization terminated successfully
2013-01-12,114,2,611.3,89.296875,1,1,0.8,1.0499996597391466,0.8536370779087494,Optimization terminated successfully
2013-01-12,114,3,611.3,89.296875,1,1,0.8,1.0500006306972915,0.8990706225323275,Optimization terminated successfully
2013-01-12,114,4,611.3,89.296875,1,1,0.8,1.0499994878609993,0.9999779665754014,Optimization terminated successfully
2013-01-12,114,5,611.3,89.296875,1,1,0.8,1.050000096211198,0.9390027563490413,Optimization terminated successfully
2013-01-12,114,6,611.3,89.296875,1,1,0.8,1.0500008305599275,0.8959758726615712,Optimization terminated successfully
2013-01-12,114,7,611.3,89.296875,1,1,0.8,1.049999796720259,0.9736842346978155,Optimization terminated successfully
2013-01-12,114,8,611.3,89.296875,1,1,0.8,1.0500003838765166,0.8153207138486114,Optimization terminated successfully
2013-01-12,114,9,611.3,89.296875,1,1,0.8,1.049999633162231,0.9503082323467743,Optimization terminated successfully
2013-01-13,115,0,611.3,89.296875,1,1,0.8,1.0500007483391922,0.8963792563501407,Optimization terminated successfully
2013-01-13,115,1,611.3,89.296875,1,1,0.8,1.0500000853435723,0.8851544860054852,Optimization terminated successfully
2013-01-13,115,2,611.3,89.296875,1,1,0.8,1.0500002043247747,0.8775623979788384,Optimization terminated successfully
2013-01-13,115,3,611.3,89.296875,1,1,0.8,1.0499998753678381,0.8885890544340291,Optimization terminated successfully
2013-01-13,115,4,611.3,89.296875,1,1,0.8,1.0499997561075123,0.8909311642620614,Optimization terminated successfully
2013-01-13,115,5,611.3,89.296875,1,1,0.8,1.050000929941758,0.9057779641753289,Optimization terminated successfully
2013-01-13,115,6,611.3,89.296875,1,1,0.8,1.050000889079026,0.86470452367242,Optimization terminated successfully
2013-01-13,115,7,611.3,89.296875,1,1,0.8,1.05000032485612,0.9534302438046243,Optimization terminated successfully
2013-01-13,115,8,611.3,89.296875,1,1,0.8,1.0500003476850206,0.8060626940293865,Optimization terminated successfully
2013-01-13,115,9,611.3,89.296875,1,1,0.8,1.0500008769862539,0.9634427366191289,Optimization terminated successfully
2013-01-14,116,0,611.3,89.296875,1,1,0.8,1.0500006118580925,0.9268915850737705,Optimization terminated successfully
2013-01-14,116,1,611.3,89.296875,0,0,,1.0483018986786647,0.6468061397895739,fixed service power exceeds an audited export limit
2013-01-14,116,2,611.3,89.296875,0,0,,1.048375706918079,0.6463332614927221,fixed service power exceeds an audited export limit
2013-01-14,116,3,611.3,89.296875,0,0,,1.0485030480805935,0.6755737453092107,fixed service power exceeds an audited export limit
2013-01-14,116,4,611.3,89.296875,1,1,0.8,1.0500005883289516,0.9807093967079661,Optimization terminated successfully
2013-01-14,116,5,611.3,89.296875,1,1,0.8,1.0500008341727158,0.9052620688265233,Optimization terminated successfully
2013-01-14,116,6,611.3,89.296875,1,1,0.8,1.0499999622476641,0.9123593925179714,Optimization terminated successfully
2013-01-14,116,7,611.3,89.296875,1,1,0.8,1.0500004770406353,0.9078992994645099,Optimization terminated successfully
2013-01-14,116,8,611.3,89.296875,0,0,,1.0484592072230507,0.6548490322498073,fixed service power exceeds an audited export limit
2013-01-14,116,9,611.3,89.296875,1,1,0.8,1.0499989046721623,0.8946357416981789,Optimization terminated successfully
2013-01-15,117,0,611.3,89.296875,1,1,0.8,1.0500004789848467,0.920632346835444,Optimization terminated successfully
2013-01-15,117,1,611.3,89.296875,1,1,0.8,1.0500005135536752,0.8979107982002558,Optimization terminated successfully
2013-01-15,117,2,611.3,89.296875,1,1,0.8,1.0500009268566197,0.8620502942415902,Optimization terminated successfully
2013-01-15,117,3,611.3,89.296875,1,1,0.8,1.0500004960169034,0.8674552523568312,Optimization terminated successfully
2013-01-15,117,4,611.3,89.296875,1,1,0.8,1.0500001313699736,0.9000390708464265,Optimization terminated successfully
2013-01-15,117,5,611.3,89.296875,1,1,0.8,1.050000403132243,0.9049667671975287,Optimization terminated successfully
2013-01-15,117,6,611.3,89.296875,1,1,0.8,1.0500003998416065,0.8802786902984611,Optimization terminated successfully
2013-01-15,117,7,611.3,89.296875,1,1,0.8,1.0500002940342523,0.9337621607418337,Optimization terminated successfully
2013-01-15,117,8,611.3,89.296875,1,1,0.8,1.0500008927684665,0.8322762483337223,Optimization terminated successfully
2013-01-15,117,9,611.3,89.296875,1,1,0.8,1.049999474301511,0.9389983106483324,Optimization terminated successfully
2013-01-16,118,0,611.3,89.296875,1,1,0.8,1.0499997301595005,0.9999644825878125,Optimization terminated successfully
2013-01-16,118,1,611.3,89.296875,0,0,,1.0482874200288537,0.6599002471621043,fixed service power exceeds an audited export limit
2013-01-16,118,2,611.3,89.296875,0,0,,1.0482034953973802,0.6480628419215101,fixed service power exceeds an audited export limit
2013-01-16,118,3,611.3,89.296875,1,1,0.8,1.0500007697821714,0.956686492296884,Optimization terminated successfully
2013-01-16,118,4,611.3,89.296875,1,1,0.8,1.0499995446219281,0.9706593164960711,Optimization terminated successfully
2013-01-16,118,5,611.3,89.296875,1,1,0.8,1.050000706135714,0.9212443911933907,Optimization terminated successfully
2013-01-16,118,6,611.3,89.296875,1,1,0.8,1.0500008776848464,0.9348241225995741,Optimization terminated successfully
2013-01-16,118,7,611.3,89.296875,1,1,0.8,1.0500005230727751,0.9999920753349205,Optimization terminated successfully
2013-01-16,118,8,611.3,89.296875,1,1,0.8,1.0500009479240175,0.8121204612203049,Optimization terminated successfully
2013-01-16,118,9,611.3,89.296875,1,1,0.8,1.0500002684187486,0.9084382406519697,Optimization terminated successfully
2013-01-17,119,0,611.3,89.296875,1,1,0.8,1.0500009621149862,0.9808117328781202,Optimization terminated successfully
2013-01-17,119,1,611.3,89.296875,0,0,,1.0482747501223388,0.6968953959053499,fixed service power exceeds an audited export limit
2013-01-17,119,2,611.3,89.296875,1,1,0.8,1.0500009827324865,0.9072901366118764,Optimization terminated successfully
2013-01-17,119,3,611.3,89.296875,1,1,0.8,1.05000030338246,0.9264833710965448,Optimization terminated successfully
2013-01-17,119,4,611.3,89.296875,1,1,0.8,1.0500009666693875,0.9999995235635097,Optimization terminated successfully
2013-01-17,119,5,611.3,89.296875,1,1,0.8,1.0500002936967205,0.9788632194626379,Optimization terminated successfully
2013-01-17,119,6,611.3,89.296875,1,1,0.8,1.0499987593605051,0.9892761240125998,Optimization terminated successfully
2013-01-17,119,7,611.3,89.296875,1,1,0.8,1.0500008357152668,0.9781322541789238,Optimization terminated successfully
2013-01-17,119,8,611.3,89.296875,1,1,0.8,1.050000434941975,0.8868784796604637,Optimization terminated successfully
2013-01-17,119,9,611.3,89.296875,1,1,0.8,1.0499999590648015,0.9553101819422214,Optimization terminated successfully
2013-01-18,120,0,611.3,89.296875,1,1,0.8,1.050000235823582,0.9811679076216692,Optimization terminated successfully
2013-01-18,120,1,611.3,89.296875,1,1,0.8,1.0500006821535675,0.9999146445917563,Optimization terminated successfully
2013-01-18,120,2,611.3,89.296875,1,1,0.8,1.050000725415234,0.9999752550908495,Optimization terminated successfully
2013-01-18,120,3,611.3,89.296875,1,1,0.8,1.050000733821196,0.9080507686155285,Optimization terminated successfully
2013-01-18,120,4,611.3,89.296875,1,1,0.8,1.0499988842094283,0.9999488872469978,Optimization terminated successfully
2013-01-18,120,5,611.3,89.296875,1,1,0.8,1.0500007148489219,0.9845163939251579,Optimization terminated successfully
2013-01-18,120,6,611.3,89.296875,1,1,0.8,1.0500004494469533,0.9905602044887162,Optimization terminated successfully
2013-01-18,120,7,611.3,89.296875,1,1,0.8,1.04999999525663,0.9999952293668082,Optimization terminated successfully
2013-01-18,120,8,611.3,89.296875,1,1,0.8,1.0500002652788702,0.9020935953959116,Optimization terminated successfully
2013-01-18,120,9,611.3,89.296875,1,1,0.8,1.0500002290015977,0.9442187666810407,Optimization terminated successfully
2013-01-19,121,0,611.3,89.296875,1,1,0.8,1.0500005439919842,0.9371820915576979,Optimization terminated successfully
2013-01-19,121,1,611.3,89.296875,1,1,0.8,1.0500002065941123,0.923768676048483,Optimization terminated successfully
2013-01-19,121,2,611.3,89.296875,1,1,0.8,1.0500008162945578,0.8433853842050998,Optimization terminated successfully
2013-01-19,121,3,611.3,89.296875,1,1,0.8,1.0499998525786471,0.8491643401534804,Optimization terminated successfully
2013-01-19,121,4,611.3,89.296875,1,1,0.8,1.050000184382668,0.8895599550677935,Optimization terminated successfully
2013-01-19,121,5,611.3,89.296875,1,1,0.8,1.0500006943346423,0.9049251074603696,Optimization terminated successfully
2013-01-19,121,6,611.3,89.296875,1,1,0.8,1.0500006578219245,0.8596445612419871,Optimization terminated successfully
2013-01-19,121,7,611.3,89.296875,1,1,0.8,1.0499996270722707,0.9681595679081716,Optimization terminated successfully
2013-01-19,121,8,611.3,89.296875,1,1,0.8,1.0500009538513486,0.8104964649376748,Optimization terminated successfully
2013-01-19,121,9,611.3,89.296875,1,1,0.8,1.0499995159789626,0.9156907840860985,Optimization terminated successfully
2013-01-20,122,0,611.3,89.296875,1,1,0.8,1.0500007752111802,0.9260353512894223,Optimization terminated successfully
2013-01-20,122,1,611.3,89.296875,1,1,0.8,1.050000654346486,0.9426161923086177,Optimization terminated successfully
2013-01-20,122,2,611.3,89.296875,1,1,0.8,1.0500008745080316,0.8749666625210551,Optimization terminated successfully
2013-01-20,122,3,611.3,89.296875,1,1,0.8,1.0500007381827214,0.8431927560839347,Optimization terminated successfully
2013-01-20,122,4,611.3,89.296875,1,1,0.8,1.0500004990836946,0.9325596532544015,Optimization terminated successfully
2013-01-20,122,5,611.3,89.296875,1,1,0.8,1.0500009915745494,0.9135678643446229,Optimization terminated successfully
2013-01-20,122,6,611.3,89.296875,1,1,0.8,1.0499999277400653,0.8606170998644935,Optimization terminated successfully
2013-01-20,122,7,611.3,89.296875,1,1,0.8,1.0500005635803287,0.9999489346394529,Optimization terminated successfully
2013-01-20,122,8,611.3,89.296875,1,1,0.8,1.0500004079265282,0.8016983923133532,Optimization terminated successfully
2013-01-20,122,9,611.3,89.296875,1,1,0.8,1.0500001924883255,0.9999593973728642,Optimization terminated successfully
2013-01-21,123,0,611.3,89.296875,1,1,0.8,1.050000664515086,0.96343578334424,Optimization terminated successfully
2013-01-21,123,1,611.3,89.296875,1,1,0.8,1.0500008390702762,0.9133468573180074,Optimization terminated successfully
2013-01-21,123,2,611.3,89.296875,1,1,0.8,1.0500008617124306,0.8539639881510201,Optimization terminated successfully
2013-01-21,123,3,611.3,89.296875,1,1,0.8,1.0500001521446924,0.8794384158472538,Optimization terminated successfully
2013-01-21,123,4,611.3,89.296875,1,1,0.8,1.0500006747444046,0.9459404810151142,Optimization terminated successfully
2013-01-21,123,5,611.3,89.296875,1,1,0.8,1.0499998388030753,0.9011868421611895,Optimization terminated successfully
2013-01-21,123,6,611.3,89.296875,1,1,0.8,1.0500006236797517,0.8790860220687943,Optimization terminated successfully
2013-01-21,123,7,611.3,89.296875,1,1,0.8,1.0499996891871504,0.9964955504636616,Optimization terminated successfully
2013-01-21,123,8,611.3,89.296875,1,1,0.8,1.05000095792874,0.8102590837085168,Optimization terminated successfully
2013-01-21,123,9,611.3,89.296875,1,1,0.8,1.0500004995580645,0.9999204129375223,Optimization terminated successfully
2013-01-22,124,0,611.3,89.296875,1,1,0.8,1.049999942458149,0.9574843835052407,Optimization terminated successfully
2013-01-22,124,1,611.3,89.296875,1,1,0.8,1.0499998614401809,0.9987104335923906,Optimization terminated successfully
2013-01-22,124,2,611.3,89.296875,0,0,,1.0482111421172307,0.6554793255415596,fixed service power exceeds an audited export limit
2013-01-22,124,3,611.3,89.296875,1,1,0.8,1.0500009120365865,0.881348569736481,Optimization terminated successfully
2013-01-22,124,4,611.3,89.296875,1,1,0.8,1.0500008139989379,0.9999840475740467,Optimization terminated successfully
2013-01-22,124,5,611.3,89.296875,1,1,0.8,1.0499992305418868,0.9546306285232656,Optimization terminated successfully
2013-01-22,124,6,611.3,89.296875,1,1,0.8,1.0500007581689161,0.8886701986273363,Optimization terminated successfully
2013-01-22,124,7,611.3,89.296875,1,1,0.8,1.0500009920074702,0.9608246385027637,Optimization terminated successfully
2013-01-22,124,8,611.3,89.296875,1,1,0.8,1.0499997231611484,0.846628889478544,Optimization terminated successfully
2013-01-22,124,9,611.3,89.296875,1,1,0.8,1.0500006118755012,0.9909202834332312,Optimization terminated successfully
2013-01-23,125,0,611.3,89.296875,1,1,0.8,1.050000931526816,0.9307060674374695,Optimization terminated successfully
2013-01-23,125,1,611.3,89.296875,1,1,0.8,1.0500002046101398,0.9453864418562091,Optimization terminated successfully
2013-01-23,125,2,611.3,89.296875,1,1,0.8,1.0499997729514456,0.8782618495977641,Optimization terminated successfully
2013-01-23,125,3,611.3,89.296875,1,1,0.8,1.0500009424628687,0.9149943492397316,Optimization terminated successfully
2013-01-23,125,4,611.3,89.296875,1,1,0.8,1.0500009515663336,0.941622247532812,Optimization terminated successfully
2013-01-23,125,5,611.3,89.296875,1,1,0.8,1.0500008231837663,0.9121659997597695,Optimization terminated successfully
2013-01-23,125,6,611.3,89.296875,1,1,0.8,1.0499999947634289,0.909402525426961,Optimization terminated successfully
2013-01-23,125,7,611.3,89.296875,1,1,0.8,1.0499991609250294,0.9999565998227531,Optimization terminated successfully
2013-01-23,125,8,611.3,89.296875,1,1,0.8,1.0500009570939577,0.8301896297460413,Optimization terminated successfully
2013-01-23,125,9,611.3,89.296875,1,1,0.8,1.0500006749762554,0.976169992911215,Optimization terminated successfully
2013-01-24,126,0,611.3,89.296875,1,1,0.8,1.0500009237932728,0.9231033682330986,Optimization terminated successfully
2013-01-24,126,1,611.3,89.296875,1,1,0.8,1.0500008708395951,0.9146373789403688,Optimization terminated successfully
2013-01-24,126,2,611.3,89.296875,1,1,0.8,1.0500006505374269,0.9194768283625092,Optimization terminated successfully
2013-01-24,126,3,611.3,89.296875,1,1,0.8,1.0500008636355231,0.8458456502657371,Optimization terminated successfully
2013-01-24,126,4,611.3,89.296875,1,1,0.8,1.049999641935412,0.9143546118611929,Optimization terminated successfully
2013-01-24,126,5,611.3,89.296875,1,1,0.8,1.0500008490276018,0.9333240047913481,Optimization terminated successfully
2013-01-24,126,6,611.3,89.296875,1,1,0.8,1.0500008639578213,0.9095286532740684,Optimization terminated successfully
2013-01-24,126,7,611.3,89.296875,1,1,0.8,1.050000805145068,0.90633872095848,Optimization terminated successfully
2013-01-24,126,8,611.3,89.296875,1,1,0.8,1.0500002762583553,0.8322749612902333,Optimization terminated successfully
2013-01-24,126,9,611.3,89.296875,1,1,0.8,1.0500003004409488,0.9999403561614817,Optimization terminated successfully
2013-01-25,127,0,611.3,89.296875,1,1,0.8,1.0499987981455061,0.9999342081859602,Optimization terminated successfully
2013-01-25,127,1,611.3,89.296875,1,1,0.8,1.0500000405006382,0.9842054321437992,Optimization terminated successfully
2013-01-25,127,2,611.3,89.296875,0,0,,1.0483744615020278,0.6636538341454434,fixed service power exceeds an audited export limit
2013-01-25,127,3,611.3,89.296875,1,1,0.8,1.0500007138681553,0.8752868858927423,Optimization terminated successfully
2013-01-25,127,4,611.3,89.296875,1,1,0.8,1.0500009217495454,0.9999989158213393,Optimization terminated successfully
2013-01-25,127,5,611.3,89.296875,1,1,0.8,1.0499989998976629,1.000000834623328,Optimization terminated successfully
2013-01-25,127,6,611.3,89.296875,1,1,0.8,1.0499998741240177,0.9430357618427891,Optimization terminated successfully
2013-01-25,127,7,611.3,89.296875,1,1,0.8,1.0500007564533482,0.9999955460559792,Optimization terminated successfully
2013-01-25,127,8,611.3,89.296875,1,1,0.8,1.0500004101651967,0.8923273535707236,Optimization terminated successfully
2013-01-25,127,9,611.3,89.296875,1,1,0.8,1.050000471511723,0.9999206962632905,Optimization terminated successfully
2013-04-01,128,0,611.3,89.296875,1,1,0.8,1.0500006240061064,0.9701465692939173,Optimization terminated successfully
2013-04-01,128,1,611.3,89.296875,1,1,0.8,1.0499996842435773,0.8692632066043561,Optimization terminated successfully
2013-04-01,128,2,611.3,89.296875,1,1,0.8,1.0500009053390267,0.8479968613218157,Optimization terminated successfully
2013-04-01,128,3,611.3,89.296875,1,1,0.8,1.0500006828973567,0.8650472184776138,Optimization terminated successfully
2013-04-01,128,4,611.3,89.296875,1,1,0.8,1.0500009166511168,0.8476310551147357,Optimization terminated successfully
2013-04-01,128,5,611.3,89.296875,1,1,0.8,1.049999633221761,0.9309297671349189,Optimization terminated successfully
2013-04-01,128,6,611.3,89.296875,1,1,0.8,1.0500009294613177,0.8799911440895566,Optimization terminated successfully
2013-04-01,128,7,611.3,89.296875,1,1,0.8,1.0500004131013807,0.9364792542060024,Optimization terminated successfully
2013-04-01,128,8,611.3,89.296875,1,1,0.8,1.0499999117116177,0.8126307430265579,Optimization terminated successfully
2013-04-01,128,9,611.3,89.296875,1,1,0.8,1.0500000698995717,0.9999134030100084,Optimization terminated successfully
2013-04-02,129,0,611.3,89.296875,0,0,,1.0485207382313386,0.8067149688259332,fixed service power exceeds an audited export limit
2013-04-02,129,1,611.3,89.296875,1,1,0.8,1.0500002692971855,0.9133372032859635,Optimization terminated successfully
2013-04-02,129,2,611.3,89.296875,1,1,0.8,1.0500008118977429,0.9232608234073574,Optimization terminated successfully
2013-04-02,129,3,611.3,89.296875,0,0,,1.0485279523759194,0.6522256236869172,fixed service power exceeds an audited export limit
2013-04-02,129,4,611.3,89.296875,1,1,0.8,1.05000090019252,0.8607919062995875,Optimization terminated successfully
2013-04-02,129,5,611.3,89.296875,1,1,0.8,1.050000674895584,0.8893808728075527,Optimization terminated successfully
2013-04-02,129,6,611.3,89.296875,1,1,0.8,1.0500003479585018,0.8930381083698552,Optimization terminated successfully
2013-04-02,129,7,611.3,89.296875,1,1,0.8,1.0500009061684512,0.9036414735569618,Optimization terminated successfully
2013-04-02,129,8,611.3,89.296875,1,1,0.8,1.0500009018100727,0.8165135198098943,Optimization terminated successfully
2013-04-02,129,9,611.3,89.296875,1,1,0.8,1.0500003815446552,0.8958972697187094,Optimization terminated successfully
2013-04-03,130,0,611.3,89.296875,1,1,0.8,1.0500002193769447,0.8996791730443577,Optimization terminated successfully
2013-04-03,130,1,611.3,89.296875,1,1,0.8,1.0500004105749503,0.9143697159032622,Optimization terminated successfully
2013-04-03,130,2,611.3,89.296875,1,1,0.8,1.0500007866589385,0.895578274964941,Optimization terminated successfully
2013-04-03,130,3,611.3,89.296875,1,1,0.8,1.0500005155422902,0.878042899919693,Optimization terminated successfully
2013-04-03,130,4,611.3,89.296875,1,1,0.8,1.0500008437449841,0.8358298615923273,Optimization terminated successfully
2013-04-03,130,5,611.3,89.296875,1,1,0.8,1.0500005411569184,0.9076213209473606,Optimization terminated successfully
2013-04-03,130,6,611.3,89.296875,1,1,0.8,1.0500001384214104,0.925940998726971,Optimization terminated successfully
2013-04-03,130,7,611.3,89.296875,1,1,0.8,1.0500004210217617,0.9483080330150293,Optimization terminated successfully
2013-04-03,130,8,611.3,89.296875,1,1,0.8,1.0499997298806747,0.813764176634716,Optimization terminated successfully
2013-04-03,130,9,611.3,89.296875,1,1,0.8,1.0500001504748746,0.9596481994197065,Optimization terminated successfully
2013-04-04,131,0,611.3,89.296875,1,1,0.8,1.0500003895641885,0.9680051078939863,Optimization terminated successfully
2013-04-04,131,1,611.3,89.296875,1,1,0.8,1.0500004636268605,0.8884074082109243,Optimization terminated successfully
2013-04-04,131,2,611.3,89.296875,1,1,0.8,1.0500005249038118,0.8601696820913279,Optimization terminated successfully
2013-04-04,131,3,611.3,89.296875,1,1,0.8,1.0500007738291333,0.8544903990543505,Optimization terminated successfully
2013-04-04,131,4,611.3,89.296875,1,1,0.8,1.0500004421163622,0.8782813899618083,Optimization terminated successfully
2013-04-04,131,5,611.3,89.296875,1,1,0.8,1.0500001122184934,0.9163640856732169,Optimization terminated successfully
2013-04-04,131,6,611.3,89.296875,1,1,0.8,1.0500003367416788,0.8915904543789814,Optimization terminated successfully
2013-04-04,131,7,611.3,89.296875,1,1,0.8,1.0500009248838373,0.9609109673186057,Optimization terminated successfully
2013-04-04,131,8,611.3,89.296875,1,1,0.8,1.0500007134618066,0.8619383534353926,Optimization terminated successfully
2013-04-04,131,9,611.3,89.296875,1,1,0.8,1.049999150053472,0.9999738753612212,Optimization terminated successfully
2013-04-05,132,0,611.3,89.296875,1,1,0.8,1.0500007754204341,0.9444782722382772,Optimization terminated successfully
2013-04-05,132,1,611.3,89.296875,1,1,0.8,1.0500007989814466,0.902468998393605,Optimization terminated successfully
2013-04-05,132,2,611.3,89.296875,1,1,0.8,1.050000547315788,0.9154721290347545,Optimization terminated successfully
2013-04-05,132,3,611.3,89.296875,1,1,0.8,1.0499992052489082,0.8817462923714949,Optimization terminated successfully
2013-04-05,132,4,611.3,89.296875,1,1,0.8,1.0500006304241376,0.8926113381486571,Optimization terminated successfully
2013-04-05,132,5,611.3,89.296875,1,1,0.8,1.050000983592375,0.8775709350690358,Optimization terminated successfully
2013-04-05,132,6,611.3,89.296875,1,1,0.8,1.050000975381856,0.8946124197784049,Optimization terminated successfully
2013-04-05,132,7,611.3,89.296875,1,1,0.8,1.0500008930481743,0.9300477084269144,Optimization terminated successfully
2013-04-05,132,8,611.3,89.296875,1,1,0.8,1.050000654021273,0.8255194114146464,Optimization terminated successfully
2013-04-05,132,9,611.3,89.296875,1,1,0.8,1.0500007507181683,0.9579584414630203,Optimization terminated successfully
2013-04-06,133,0,611.3,89.296875,1,1,0.8,1.049999557552801,0.9879008806951574,Optimization terminated successfully
2013-04-06,133,1,611.3,89.296875,1,1,0.8,1.050000947401526,0.8395054484833416,Optimization terminated successfully
2013-04-06,133,2,611.3,89.296875,1,1,0.8,1.0500002680035871,0.889668592258497,Optimization terminated successfully
2013-04-06,133,3,611.3,89.296875,1,1,0.8,1.0499998426941384,0.880382763146238,Optimization terminated successfully
2013-04-06,133,4,611.3,89.296875,1,1,0.8,1.050000907565145,0.8224642120576405,Optimization terminated successfully
2013-04-06,133,5,611.3,89.296875,1,1,0.8,1.0499993098442448,0.9576508798993337,Optimization terminated successfully
2013-04-06,133,6,611.3,89.296875,1,1,0.8,1.050000925601909,0.8888569526395114,Optimization terminated successfully
2013-04-06,133,7,611.3,89.296875,1,1,0.8,1.0499999882403066,0.932221837223899,Optimization terminated successfully
2013-04-06,133,8,611.3,89.296875,1,1,0.8,1.0500005089139652,0.8713916129790624,Optimization terminated successfully
2013-04-06,133,9,611.3,89.296875,1,1,0.8,1.050000893390741,0.9818432871249645,Optimization terminated successfully
2013-04-07,134,0,611.3,89.296875,1,1,0.8,1.0499988052206932,0.9999996858766415,Optimization terminated successfully
2013-04-07,134,1,611.3,89.296875,1,1,0.8,1.0500006356557126,0.9599303847358973,Optimization terminated successfully
2013-04-07,134,2,611.3,89.296875,1,1,0.8,1.0500009435078757,0.9569088014607362,Optimization terminated successfully
2013-04-07,134,3,611.3,89.296875,1,1,0.8,1.050000974445226,0.8676157805509902,Optimization terminated successfully
2013-04-07,134,4,611.3,89.296875,1,1,0.8,1.0500006164443894,0.9306770340746275,Optimization terminated successfully
2013-04-07,134,5,611.3,89.296875,1,1,0.8,1.0500002244898392,0.9821755144069845,Optimization terminated successfully
2013-04-07,134,6,611.3,89.296875,1,1,0.8,1.0499995282636598,0.892433128522036,Optimization terminated successfully
2013-04-07,134,7,611.3,89.296875,1,1,0.8,1.0499987132045694,0.999975352302464,Optimization terminated successfully
2013-04-07,134,8,611.3,89.296875,1,1,0.8,1.0500009032092867,0.8635412112284552,Optimization terminated successfully
2013-04-07,134,9,611.3,89.296875,1,1,0.8,1.050000873993489,0.9999560748716135,Optimization terminated successfully
2013-04-08,135,0,611.3,89.296875,1,1,0.8,1.0500006895450438,0.9999514011342613,Optimization terminated successfully
2013-04-08,135,1,611.3,89.296875,1,1,0.8,1.0500009330296578,0.9034902428283664,Optimization terminated successfully
2013-04-08,135,2,611.3,89.296875,1,1,0.8,1.050000962797459,0.9754487314355288,Optimization terminated successfully
2013-04-08,135,3,611.3,89.296875,1,1,0.8,1.0500009178391279,0.8470871998032155,Optimization terminated successfully
2013-04-08,135,4,611.3,89.296875,1,1,0.8,1.05000054904658,0.9227589247845649,Optimization terminated successfully
2013-04-08,135,5,611.3,89.296875,1,1,0.8,1.0500002083768416,0.9651243355850706,Optimization terminated successfully
2013-04-08,135,6,611.3,89.296875,1,1,0.8,1.0500000435141161,0.9536529852082092,Optimization terminated successfully
2013-04-08,135,7,611.3,89.296875,1,1,0.8,1.0499997681940774,0.9999687556719082,Optimization terminated successfully
2013-04-08,135,8,611.3,89.296875,1,1,0.8,1.0499995674055973,0.8972627757765446,Optimization terminated successfully
2013-04-08,135,9,611.3,89.296875,1,1,0.8,1.050000905836753,0.978133947411079,Optimization terminated successfully
2013-04-09,136,0,611.3,89.296875,1,1,0.8,1.0500008315642906,0.9999605151320311,Optimization terminated successfully
2013-04-09,136,1,611.3,89.296875,1,1,0.8,1.050000211007306,0.913088956977804,Optimization terminated successfully
2013-04-09,136,2,611.3,89.296875,1,1,0.8,1.0500001354912631,0.9999969830008052,Optimization terminated successfully
2013-04-09,136,3,611.3,89.296875,1,1,0.8,1.0500003476573725,0.8702395289879794,Optimization terminated successfully
2013-04-09,136,4,611.3,89.296875,1,1,0.8,1.0500008387230892,0.9517678199610694,Optimization terminated successfully
2013-04-09,136,5,611.3,89.296875,1,1,0.8,1.0500004995115113,0.9870827234438049,Optimization terminated successfully
2013-04-09,136,6,611.3,89.296875,1,1,0.8,1.0500006143699157,0.9790128261675781,Optimization terminated successfully
2013-04-09,136,7,611.3,89.296875,1,1,0.8,1.05000031718371,0.9999447969012003,Optimization terminated successfully
2013-04-09,136,8,611.3,89.296875,1,1,0.8,1.0500008062486006,0.8852296475900691,Optimization terminated successfully
2013-04-09,136,9,611.3,89.296875,1,1,0.8,1.0500005367280631,0.9999761667065501,Optimization terminated successfully
2013-04-10,137,0,611.3,89.296875,1,1,0.8,1.0500009820414251,0.9999594905970862,Optimization terminated successfully
2013-04-10,137,1,611.3,89.296875,1,1,0.8,1.0500003558877093,0.886362244029494,Optimization terminated successfully
2013-04-10,137,2,611.3,89.296875,1,1,0.8,1.0500000834377448,0.914052369447974,Optimization terminated successfully
2013-04-10,137,3,611.3,89.296875,1,1,0.8,1.0499993977495332,0.8536190242282496,Optimization terminated successfully
2013-04-10,137,4,611.3,89.296875,1,1,0.8,1.0500008002543855,0.8567332235306158,Optimization terminated successfully
2013-04-10,137,5,611.3,89.296875,1,1,0.8,1.050000669505246,0.9999495821168396,Optimization terminated successfully
2013-04-10,137,6,611.3,89.296875,1,1,0.8,1.0500007356948327,0.9758383714843885,Optimization terminated successfully
2013-04-10,137,7,611.3,89.296875,1,1,0.8,1.050000534089269,0.9999874698472605,Optimization terminated successfully
2013-04-10,137,8,611.3,89.296875,1,1,0.8,1.0500003196452885,0.9052897954011899,Optimization terminated successfully
2013-04-10,137,9,611.3,89.296875,1,1,0.8,1.0500000107212408,0.999932870593637,Optimization terminated successfully
2013-04-11,138,0,611.3,89.296875,1,1,0.8,1.0500009827703143,0.9999236741768661,Optimization terminated successfully
2013-04-11,138,1,611.3,89.296875,1,1,0.8,1.0500007216000304,0.9297397187840485,Optimization terminated successfully
2013-04-11,138,2,611.3,89.296875,1,1,0.8,1.0500005102420376,0.9300542553389625,Optimization terminated successfully
2013-04-11,138,3,611.3,89.296875,1,1,0.8,1.0499997052655536,0.8571253487519097,Optimization terminated successfully
2013-04-11,138,4,611.3,89.296875,1,1,0.8,1.0499999456486317,0.8653792713530052,Optimization terminated successfully
2013-04-11,138,5,611.3,89.296875,0,0,,1.0482114263266091,0.6953027742848222,fixed service power exceeds an audited export limit
2013-04-11,138,6,611.3,89.296875,1,1,0.8,1.0500009341713261,0.939190977344281,Optimization terminated successfully
2013-04-11,138,7,611.3,89.296875,1,1,0.8,1.0499993181731995,0.9999837447922502,Optimization terminated successfully
2013-04-11,138,8,611.3,89.296875,1,1,0.8,1.04999975399583,0.8660234476384195,Optimization terminated successfully
2013-04-11,138,9,611.3,89.296875,1,1,0.8,1.0500005922275708,0.9479307817174878,Optimization terminated successfully
2013-04-12,139,0,611.3,89.296875,1,1,0.8,1.0499993451943606,0.9999864058439829,Optimization terminated successfully
2013-04-12,139,1,611.3,89.296875,1,1,0.8,1.0500009101651036,0.9554858589661781,Optimization terminated successfully
2013-04-12,139,2,611.3,89.296875,1,1,0.8,1.0499989853357516,0.9368680683874449,Optimization terminated successfully
2013-04-12,139,3,611.3,89.296875,1,1,0.8,1.050000687134622,0.8597538991846995,Optimization terminated successfully
2013-04-12,139,4,611.3,89.296875,1,1,0.8,1.0500007505427262,0.891006383486655,Optimization terminated successfully
2013-04-12,139,5,611.3,89.296875,1,1,0.8,1.0499999651091263,0.9227970107353964,Optimization terminated successfully
2013-04-12,139,6,611.3,89.296875,1,1,0.8,1.0500006864988751,0.9894243152071149,Optimization terminated successfully
2013-04-12,139,7,611.3,89.296875,1,1,0.8,1.0499996925141541,0.9999430886545633,Optimization terminated successfully
2013-04-12,139,8,611.3,89.296875,1,1,0.8,1.0500008894935495,0.8661659719872836,Optimization terminated successfully
2013-04-12,139,9,611.3,89.296875,1,1,0.8,1.050000555501686,0.9704422788974645,Optimization terminated successfully
2013-04-13,140,0,611.3,89.296875,1,1,0.8,1.0500009539846513,0.999925334888709,Optimization terminated successfully
2013-04-13,140,1,611.3,89.296875,1,1,0.8,1.0500005060767776,0.9211447583926623,Optimization terminated successfully
2013-04-13,140,2,611.3,89.296875,1,1,0.8,1.0500001573280975,0.9081216515264591,Optimization terminated successfully
2013-04-13,140,3,611.3,89.296875,1,1,0.8,1.0500009543201894,0.8414832227325398,Optimization terminated successfully
2013-04-13,140,4,611.3,89.296875,1,1,0.8,1.0500004356472077,0.9309001112420687,Optimization terminated successfully
2013-04-13,140,5,611.3,89.296875,1,1,0.8,1.050000831441891,0.9565982801309697,Optimization terminated successfully
2013-04-13,140,6,611.3,89.296875,1,1,0.8,1.0500002738899223,0.9347788220518257,Optimization terminated successfully
2013-04-13,140,7,611.3,89.296875,1,1,0.8,1.0499996582378917,0.9999339108230241,Optimization terminated successfully
2013-04-13,140,8,611.3,89.296875,1,1,0.8,1.049999358577751,0.9046552576715214,Optimization terminated successfully
2013-04-13,140,9,611.3,89.296875,1,1,0.8,1.0500009366086753,0.9855067577136134,Optimization terminated successfully
2013-04-14,141,0,611.3,89.296875,1,1,0.8,1.0500007697301441,0.9999865443581167,Optimization terminated successfully
2013-04-14,141,1,611.3,89.296875,1,1,0.8,1.0499999949121661,0.9544744433483124,Optimization terminated successfully
2013-04-14,141,2,611.3,89.296875,1,1,0.8,1.049999347863693,0.8702659212576462,Optimization terminated successfully
2013-04-14,141,3,611.3,89.296875,1,1,0.8,1.0500002103948474,0.8740653790890215,Optimization terminated successfully
2013-04-14,141,4,611.3,89.296875,1,1,0.8,1.0499991509120141,0.8885686172470638,Optimization terminated successfully
2013-04-14,141,5,611.3,89.296875,1,1,0.8,1.0500001420233687,0.9506343419294819,Optimization terminated successfully
2013-04-14,141,6,611.3,89.296875,1,1,0.8,1.0500005840642694,0.9756282199528696,Optimization terminated successfully
2013-04-14,141,7,611.3,89.296875,1,1,0.8,1.0499987476695725,0.9999550586329068,Optimization terminated successfully
2013-04-14,141,8,611.3,89.296875,1,1,0.8,1.0500000934099005,0.8628458190675995,Optimization terminated successfully
2013-04-14,141,9,611.3,89.296875,1,1,0.8,1.0500007898161792,0.9679813993050311,Optimization terminated successfully
2013-04-15,142,0,611.3,89.296875,1,1,0.8,1.0500008133352015,0.9999438592800648,Optimization terminated successfully
2013-04-15,142,1,611.3,89.296875,1,1,0.8,1.050000395325371,0.9413473553597619,Optimization terminated successfully
2013-04-15,142,2,611.3,89.296875,1,1,0.8,1.049998821309824,0.9125584868759243,Optimization terminated successfully
2013-04-15,142,3,611.3,89.296875,1,1,0.8,1.0500009545427051,0.8420801960394246,Optimization terminated successfully
2013-04-15,142,4,611.3,89.296875,1,1,0.8,1.050000951530897,0.9531554414704183,Optimization terminated successfully
2013-04-15,142,5,611.3,89.296875,1,1,0.8,1.0500006898898604,0.9260432578283192,Optimization terminated successfully
2013-04-15,142,6,611.3,89.296875,1,1,0.8,1.0500001232788734,0.9651257023078282,Optimization terminated successfully
2013-04-15,142,7,611.3,89.296875,1,1,0.8,1.0499990346953856,0.9999358312466191,Optimization terminated successfully
2013-04-15,142,8,611.3,89.296875,1,1,0.8,1.0500008449334521,0.8951111353335182,Optimization terminated successfully
2013-04-15,142,9,611.3,89.296875,1,1,0.8,1.0499994478940256,0.9999882851786751,Optimization terminated successfully
2013-04-16,143,0,611.3,89.296875,1,1,0.8,1.0500009312829057,0.99997987418952,Optimization terminated successfully
2013-04-16,143,1,611.3,89.296875,1,1,0.8,1.0500009786568498,0.8676427828102413,Optimization terminated successfully
2013-04-16,143,2,611.3,89.296875,1,1,0.8,1.0500001909436414,0.9909117456010176,Optimization terminated successfully
2013-04-16,143,3,611.3,89.296875,1,1,0.8,1.0500000491668833,0.8885459092574151,Optimization terminated successfully
2013-04-16,143,4,611.3,89.296875,1,1,0.8,1.0500003313347837,0.9892199596651479,Optimization terminated successfully
2013-04-16,143,5,611.3,89.296875,1,1,0.8,1.0500003020455906,0.9481066786809458,Optimization terminated successfully
2013-04-16,143,6,611.3,89.296875,1,1,0.8,1.050000257205788,0.9999741825564858,Optimization terminated successfully
2013-04-16,143,7,611.3,89.296875,1,1,0.8,1.0499993981170637,0.9999601759581435,Optimization terminated successfully
2013-04-16,143,8,611.3,89.296875,1,1,0.8,1.0500009652585243,0.9428136011086795,Optimization terminated successfully
2013-04-16,143,9,611.3,89.296875,1,1,0.8,1.049999576242586,0.9999721586900298,Optimization terminated successfully
2013-04-17,144,0,611.3,89.296875,1,1,0.8,1.0499990093623761,0.9999543791748461,Optimization terminated successfully
2013-04-17,144,1,611.3,89.296875,1,1,0.8,1.050000572015651,0.9361985813321642,Optimization terminated successfully
2013-04-17,144,2,611.3,89.296875,1,1,0.8,1.0500009153962222,0.8780499245726753,Optimization terminated successfully
2013-04-17,144,3,611.3,89.296875,1,1,0.8,1.0500003080271387,0.866791416606533,Optimization terminated successfully
2013-04-17,144,4,611.3,89.296875,1,1,0.8,1.0500002660687777,0.8998699158361251,Optimization terminated successfully
2013-04-17,144,5,611.3,89.296875,1,1,0.8,1.0500002260950454,0.9491153488704828,Optimization terminated successfully
2013-04-17,144,6,611.3,89.296875,1,1,0.8,1.049999258076383,0.9999343251946524,Optimization terminated successfully
2013-04-17,144,7,611.3,89.296875,1,1,0.8,1.050000153538431,0.974853125138931,Optimization terminated successfully
2013-04-17,144,8,611.3,89.296875,1,1,0.8,1.0500009600214086,0.9330350133213543,Optimization terminated successfully
2013-04-17,144,9,611.3,89.296875,1,1,0.8,1.0499995800141662,0.9999681924244205,Optimization terminated successfully
2013-04-18,145,0,611.3,89.296875,1,1,0.8,1.0500007619808533,0.9999350269255326,Optimization terminated successfully
2013-04-18,145,1,611.3,89.296875,1,1,0.8,1.0500000515570707,0.8660320147380274,Optimization terminated successfully
2013-04-18,145,2,611.3,89.296875,1,1,0.8,1.0500006109803932,0.9151412021962438,Optimization terminated successfully
2013-04-18,145,3,611.3,89.296875,1,1,0.8,1.05000072321661,0.8457180729429519,Optimization terminated successfully
2013-04-18,145,4,611.3,89.296875,1,1,0.8,1.0500007116206707,0.9110159485690652,Optimization terminated successfully
2013-04-18,145,5,611.3,89.296875,1,1,0.8,1.0500001587242898,0.9731312184641161,Optimization terminated successfully
2013-04-18,145,6,611.3,89.296875,1,1,0.8,1.050000118049868,0.9999500154642952,Optimization terminated successfully
2013-04-18,145,7,611.3,89.296875,1,1,0.8,1.050000968842009,0.999953400169498,Optimization terminated successfully
2013-04-18,145,8,611.3,89.296875,1,1,0.8,1.0500005118481017,0.9284038645956886,Optimization terminated successfully
2013-04-18,145,9,611.3,89.296875,1,1,0.8,1.050000202348611,0.945117311287257,Optimization terminated successfully
2013-04-19,146,0,611.3,89.296875,1,1,0.8,1.0500000569151302,0.9999842989131502,Optimization terminated successfully
2013-04-19,146,1,611.3,89.296875,1,1,0.8,1.0499999878196669,0.9298741749779649,Optimization terminated successfully
2013-04-19,146,2,611.3,89.296875,1,1,0.8,1.0500007862137604,0.9802449673178579,Optimization terminated successfully
2013-04-19,146,3,611.3,89.296875,1,1,0.8,1.0499991954245633,0.8810374753823977,Optimization terminated successfully
2013-04-19,146,4,611.3,89.296875,1,1,0.8,1.0499999070531432,0.8771029625225133,Optimization terminated successfully
2013-04-19,146,5,611.3,89.296875,1,1,0.8,1.0499996434301067,0.9999791677255088,Optimization terminated successfully
2013-04-19,146,6,611.3,89.296875,1,1,0.8,1.0500009073615109,0.999966986575987,Optimization terminated successfully
2013-04-19,146,7,611.3,89.296875,1,1,0.8,1.0499986007486841,0.9999797213997212,Optimization terminated successfully
2013-04-19,146,8,611.3,89.296875,1,1,0.8,1.0499993252837414,0.9150264193827828,Optimization terminated successfully
2013-04-19,146,9,611.3,89.296875,1,1,0.8,1.0499998512456448,0.9835280212167913,Optimization terminated successfully
2013-04-20,147,0,611.3,89.296875,1,1,0.8,1.0500005041997575,0.9999474734211308,Optimization terminated successfully
2013-04-20,147,1,611.3,89.296875,1,1,0.8,1.0500009512577992,0.9357089729300467,Optimization terminated successfully
2013-04-20,147,2,611.3,89.296875,1,1,0.8,1.0500005364289293,0.9664511015313896,Optimization terminated successfully
2013-04-20,147,3,611.3,89.296875,1,1,0.8,1.0500006137937887,0.9259737226842409,Optimization terminated successfully
2013-04-20,147,4,611.3,89.296875,1,1,0.8,1.0500008515355577,0.9338896816874543,Optimization terminated successfully
2013-04-20,147,5,611.3,89.296875,1,1,0.8,1.0499995342392456,0.9911274280387785,Optimization terminated successfully
2013-04-20,147,6,611.3,89.296875,1,1,0.8,1.0499996165366101,0.9887464832221124,Optimization terminated successfully
2013-04-20,147,7,611.3,89.296875,1,1,0.8,1.0499995847527746,0.9999494805024836,Optimization terminated successfully
2013-04-20,147,8,611.3,89.296875,1,1,0.8,1.0500007310810984,0.9612200864500625,Optimization terminated successfully
2013-04-20,147,9,611.3,89.296875,1,1,0.8,1.0500006538765136,0.9999829756650452,Optimization terminated successfully
2013-04-21,148,0,611.3,89.296875,1,1,0.8,1.0500006217609248,0.9999677440859578,Optimization terminated successfully
2013-04-21,148,1,611.3,89.296875,1,1,0.8,1.0500005102988652,0.9637609140598797,Optimization terminated successfully
2013-04-21,148,2,611.3,89.296875,1,1,0.8,1.0500008461336021,0.9362997847425822,Optimization terminated successfully
2013-04-21,148,3,611.3,89.296875,1,1,0.8,1.050000061975696,0.8526505151538732,Optimization terminated successfully
2013-04-21,148,4,611.3,89.296875,1,1,0.8,1.050000671307193,0.9026304195683765,Optimization terminated successfully
2013-04-21,148,5,611.3,89.296875,1,1,0.8,1.0500005831165051,0.9927764914185053,Optimization terminated successfully
2013-04-21,148,6,611.3,89.296875,1,1,0.8,1.0500009635631111,0.9949722272785055,Optimization terminated successfully
2013-04-21,148,7,611.3,89.296875,1,1,0.8,1.0499985880229517,0.9999943885877177,Optimization terminated successfully
2013-04-21,148,8,611.3,89.296875,1,1,0.8,1.0500009803372483,0.8901484794413945,Optimization terminated successfully
2013-04-21,148,9,611.3,89.296875,1,1,0.8,1.0499991109293976,0.999924818658117,Optimization terminated successfully
2013-04-22,149,0,611.3,89.296875,1,1,0.8,1.0500008594168355,0.9999851233874989,Optimization terminated successfully
2013-04-22,149,1,611.3,89.296875,1,1,0.8,1.0499991779855053,0.962516464770259,Optimization terminated successfully
2013-04-22,149,2,611.3,89.296875,1,1,0.8,1.0500009856328336,0.9857490882230752,Optimization terminated successfully
2013-04-22,149,3,611.3,89.296875,1,1,0.8,1.0499992589547387,0.8663423518994914,Optimization terminated successfully
2013-04-22,149,4,611.3,89.296875,1,1,0.8,1.0500008795009637,0.8842453487930202,Optimization terminated successfully
2013-04-22,149,5,611.3,89.296875,1,1,0.8,1.0499995794046624,0.9660288627595698,Optimization terminated successfully
2013-04-22,149,6,611.3,89.296875,1,1,0.8,1.049998618560107,0.9999325211743004,Optimization terminated successfully
2013-04-22,149,7,611.3,89.296875,1,1,0.8,1.049999525988016,0.999954474920377,Optimization terminated successfully
2013-04-22,149,8,611.3,89.296875,1,1,0.8,1.0500003291765425,0.8957347370450176,Optimization terminated successfully
2013-04-22,149,9,611.3,89.296875,1,1,0.8,1.0499993379916515,0.9981755812996842,Optimization terminated successfully
2013-04-23,150,0,611.3,89.296875,1,1,0.8,1.0500002402345956,0.9999684032068512,Optimization terminated successfully
2013-04-23,150,1,611.3,89.296875,1,1,0.8,1.05000073595178,0.9079576507220922,Optimization terminated successfully
2013-04-23,150,2,611.3,89.296875,1,1,0.8,1.0499994040112384,0.9337066630354649,Optimization terminated successfully
2013-04-23,150,3,611.3,89.296875,1,1,0.8,1.0500003204385175,0.8530135022380972,Optimization terminated successfully
2013-04-23,150,4,611.3,89.296875,1,1,0.8,1.0499993486809662,0.9757191001765659,Optimization terminated successfully
2013-04-23,150,5,611.3,89.296875,0,0,,1.0479202213266068,0.7111488322273425,fixed service power exceeds an audited export limit
2013-04-23,150,6,611.3,89.296875,1,1,0.8,1.049998885890328,0.9999748475145283,Optimization terminated successfully
2013-04-23,150,7,611.3,89.296875,1,1,0.8,1.050000960636899,0.9999494217928502,Optimization terminated successfully
2013-04-23,150,8,611.3,89.296875,1,1,0.8,1.050000251213449,0.9335086029749174,Optimization terminated successfully
2013-04-23,150,9,611.3,89.296875,1,1,0.8,1.050000575911262,0.999947349168582,Optimization terminated successfully
2013-04-24,151,0,611.3,89.296875,1,1,0.8,1.05000083884718,0.9999401473677932,Optimization terminated successfully
2013-04-24,151,1,611.3,89.296875,1,1,0.8,1.0499997441387556,0.926729412419282,Optimization terminated successfully
2013-04-24,151,2,611.3,89.296875,1,1,0.8,1.0500005056219832,0.8844448779310595,Optimization terminated successfully
2013-04-24,151,3,611.3,89.296875,1,1,0.8,1.0500002245383009,0.8816814296278185,Optimization terminated successfully
2013-04-24,151,4,611.3,89.296875,1,1,0.8,1.0500007135696154,0.9697365119388707,Optimization terminated successfully
2013-04-24,151,5,611.3,89.296875,1,1,0.8,1.0500009328311846,0.9669889510725518,Optimization terminated successfully
2013-04-24,151,6,611.3,89.296875,1,1,0.8,1.0500009010535687,0.9999770364466329,Optimization terminated successfully
2013-04-24,151,7,611.3,89.296875,1,1,0.8,1.0499990832272381,0.9999429704857239,Optimization terminated successfully
2013-04-24,151,8,611.3,89.296875,1,1,0.8,1.0500006007952338,0.9450142397655052,Optimization terminated successfully
2013-04-24,151,9,611.3,89.296875,1,1,0.8,1.0500003752616944,0.9999706530396527,Optimization terminated successfully
2013-04-25,152,0,611.3,89.296875,1,1,0.8,1.0500005230447609,0.9999341739508494,Optimization terminated successfully
2013-04-25,152,1,611.3,89.296875,1,1,0.8,1.0500003122353423,0.9394929105563764,Optimization terminated successfully
2013-04-25,152,2,611.3,89.296875,1,1,0.8,1.050000742618248,0.8646605227720005,Optimization terminated successfully
2013-04-25,152,3,611.3,89.296875,1,1,0.8,1.050000493023689,0.8510604221574369,Optimization terminated successfully
2013-04-25,152,4,611.3,89.296875,1,1,0.8,1.0500007213529692,0.8883789022699589,Optimization terminated successfully
2013-04-25,152,5,611.3,89.296875,1,1,0.8,1.0500005835114945,0.95109163738091,Optimization terminated successfully
2013-04-25,152,6,611.3,89.296875,1,1,0.8,1.0500007958001025,0.9944530190238235,Optimization terminated successfully
2013-04-25,152,7,611.3,89.296875,1,1,0.8,1.0500001334853932,0.9999662336853357,Optimization terminated successfully
2013-04-25,152,8,611.3,89.296875,1,1,0.8,1.0500005718371785,0.8997127093410378,Optimization terminated successfully
2013-04-25,152,9,611.3,89.296875,1,1,0.8,1.0500009351570894,0.9704302052049154,Optimization terminated successfully
2013-04-26,153,0,611.3,89.296875,1,1,0.8,1.0499995911977573,0.999974958271486,Optimization terminated successfully
2013-04-26,153,1,611.3,89.296875,1,1,0.8,1.0500009648807922,0.9331743012298862,Optimization terminated successfully
2013-04-26,153,2,611.3,89.296875,1,1,0.8,1.0500004322281948,0.9882160292685969,Optimization terminated successfully
2013-04-26,153,3,611.3,89.296875,1,1,0.8,1.0500005573062834,0.8725215001172448,Optimization terminated successfully
2013-04-26,153,4,611.3,89.296875,1,1,0.8,1.0500008271583534,0.9086212427893225,Optimization terminated successfully
2013-04-26,153,5,611.3,89.296875,0,0,,1.0480947398045863,0.7072652793959249,fixed service power exceeds an audited export limit
2013-04-26,153,6,611.3,89.296875,1,1,0.8,1.0500008474540214,1.0000000218294967,Optimization terminated successfully
2013-04-26,153,7,611.3,89.296875,1,1,0.8,1.0500006005521265,0.9999181710640227,Optimization terminated successfully
2013-04-26,153,8,611.3,89.296875,1,1,0.8,1.0500008536253391,0.9009904678734162,Optimization terminated successfully
2013-04-26,153,9,611.3,89.296875,1,1,0.8,1.050000966300774,0.9725485800317557,Optimization terminated successfully
2013-04-27,154,0,611.3,89.296875,1,1,0.8,1.0500000055419902,0.9999933388300275,Optimization terminated successfully
2013-04-27,154,1,611.3,89.296875,1,1,0.8,1.050000133946119,0.9044538413110081,Optimization terminated successfully
2013-04-27,154,2,611.3,89.296875,1,1,0.8,1.0500007893189864,0.9175010630004086,Optimization terminated successfully
2013-04-27,154,3,611.3,89.296875,1,1,0.8,1.0500007990056925,0.8596141840873496,Optimization terminated successfully
2013-04-27,154,4,611.3,89.296875,1,1,0.8,1.0500002469428087,0.9240760608201488,Optimization terminated successfully
2013-04-27,154,5,611.3,89.296875,0,0,,1.0481606375370727,0.7250258493900245,fixed service power exceeds an audited export limit
2013-04-27,154,6,611.3,89.296875,1,1,0.8,1.0500006283923247,0.9664974088982582,Optimization terminated successfully
2013-04-27,154,7,611.3,89.296875,1,1,0.8,1.0499998343764305,0.9999574790565834,Optimization terminated successfully
2013-04-27,154,8,611.3,89.296875,1,1,0.8,1.0500003431595943,0.922782323478573,Optimization terminated successfully
2013-04-27,154,9,611.3,89.296875,1,1,0.8,1.0500008679303512,0.9999461349326347,Optimization terminated successfully
2013-04-28,155,0,611.3,89.296875,1,1,0.8,1.0499992348130602,0.9999556034217925,Optimization terminated successfully
2013-04-28,155,1,611.3,89.296875,1,1,0.8,1.050000359331036,0.9231556183458494,Optimization terminated successfully
2013-04-28,155,2,611.3,89.296875,1,1,0.8,1.050000845227161,0.9600085429922077,Optimization terminated successfully
2013-04-28,155,3,611.3,89.296875,1,1,0.8,1.0500001729575141,0.8567833150471141,Optimization terminated successfully
2013-04-28,155,4,611.3,89.296875,1,1,0.8,1.0499997176614495,0.9786704957358053,Optimization terminated successfully
2013-04-28,155,5,611.3,89.296875,1,1,0.8,1.0500009175188567,0.9476911424919245,Optimization terminated successfully
2013-04-28,155,6,611.3,89.296875,1,1,0.8,1.0500004743790932,0.9701105041985306,Optimization terminated successfully
2013-04-28,155,7,611.3,89.296875,1,1,0.8,1.0500002809844788,0.9999978999293303,Optimization terminated successfully
2013-04-28,155,8,611.3,89.296875,1,1,0.8,1.050000627119046,0.8740010583796315,Optimization terminated successfully
2013-04-28,155,9,611.3,89.296875,1,1,0.8,1.0499993711107356,0.9591257352189687,Optimization terminated successfully
2013-04-29,156,0,611.3,89.296875,1,1,0.8,1.050000714088127,0.9999733014384928,Optimization terminated successfully
2013-04-29,156,1,611.3,89.296875,1,1,0.8,1.0499995661157553,0.9168377925897658,Optimization terminated successfully
2013-04-29,156,2,611.3,89.296875,1,1,0.8,1.0499998919856124,0.8957484411641172,Optimization terminated successfully
2013-04-29,156,3,611.3,89.296875,1,1,0.8,1.0500004527930804,0.8573489129897431,Optimization terminated successfully
2013-04-29,156,4,611.3,89.296875,1,1,0.8,1.0499994926403722,0.9026620483802762,Optimization terminated successfully
2013-04-29,156,5,611.3,89.296875,1,1,0.8,1.050000860161641,0.9520903618908697,Optimization terminated successfully
2013-04-29,156,6,611.3,89.296875,1,1,0.8,1.0500007795623967,0.9999875079138285,Optimization terminated successfully
2013-04-29,156,7,611.3,89.296875,1,1,0.8,1.0499996048999647,0.9999740028104083,Optimization terminated successfully
2013-04-29,156,8,611.3,89.296875,1,1,0.8,1.050000424637665,0.8718883809428024,Optimization terminated successfully
2013-04-29,156,9,611.3,89.296875,1,1,0.8,1.0500002871406582,0.9919109392557117,Optimization terminated successfully
2013-04-30,157,0,611.3,89.296875,1,1,0.8,1.0500001425613155,0.9999647243068976,Optimization terminated successfully
2013-04-30,157,1,611.3,89.296875,1,1,0.8,1.0499999317688518,0.9221019374745585,Optimization terminated successfully
2013-04-30,157,2,611.3,89.296875,1,1,0.8,1.0500007801117766,0.9633044739557108,Optimization terminated successfully
2013-04-30,157,3,611.3,89.296875,1,1,0.8,1.0499999380532279,0.876134371901287,Optimization terminated successfully
2013-04-30,157,4,611.3,89.296875,1,1,0.8,1.0499996795802207,0.9410145187030271,Optimization terminated successfully
2013-04-30,157,5,611.3,89.296875,1,1,0.8,1.0500003871100074,0.9489350817940361,Optimization terminated successfully
2013-04-30,157,6,611.3,89.296875,1,1,0.8,1.0499996843343022,0.9999154576918801,Optimization terminated successfully
2013-04-30,157,7,611.3,89.296875,1,1,0.8,1.0500007126682624,0.9999464618701177,Optimization terminated successfully
2013-04-30,157,8,611.3,89.296875,1,1,0.8,1.0500007136933172,0.9369726212154019,Optimization terminated successfully
2013-04-30,157,9,611.3,89.296875,1,1,0.8,1.0500007060385563,0.9999726753495737,Optimization terminated successfully
2013-05-01,158,0,611.3,89.296875,1,1,0.8,1.0500003954851334,0.9999866464159772,Optimization terminated successfully
2013-05-01,158,1,611.3,89.296875,1,1,0.8,1.0500008879574212,0.9010670816638513,Optimization terminated successfully
2013-05-01,158,2,611.3,89.296875,1,1,0.8,1.0500006442264262,0.9143513331986715,Optimization terminated successfully
2013-05-01,158,3,611.3,89.296875,1,1,0.8,1.049999895722051,0.9026476912387387,Optimization terminated successfully
2013-05-01,158,4,611.3,89.296875,0,0,,1.0479112278574918,0.6834651350579728,fixed service power exceeds an audited export limit
2013-05-01,158,5,611.3,89.296875,1,1,0.8,1.0499993144144624,0.9933116710726365,Optimization terminated successfully
2013-05-01,158,6,611.3,89.296875,1,1,0.8,1.0500005921506221,0.9904319901080448,Optimization terminated successfully
2013-05-01,158,7,611.3,89.296875,1,1,0.8,1.0499991620295521,0.999955912499301,Optimization terminated successfully
2013-05-01,158,8,611.3,89.296875,1,1,0.8,1.0500004313039586,0.9293895586644418,Optimization terminated successfully
2013-05-01,158,9,611.3,89.296875,1,1,0.8,1.0500003353089695,0.9999747463257708,Optimization terminated successfully
2013-05-02,159,0,611.3,89.296875,1,1,0.8,1.0500005934315453,0.9999751790126987,Optimization terminated successfully
2013-05-02,159,1,611.3,89.296875,1,1,0.8,1.0500009950448745,0.910842357766595,Optimization terminated successfully
2013-05-02,159,2,611.3,89.296875,1,1,0.8,1.0500007578143147,0.999966545902673,Optimization terminated successfully
2013-05-02,159,3,611.3,89.296875,1,1,0.8,1.0500004449510894,0.8710753238195665,Optimization terminated successfully
2013-05-02,159,4,611.3,89.296875,0,0,,1.047891652066826,0.678137016721347,fixed service power exceeds an audited export limit
2013-05-02,159,5,611.3,89.296875,1,1,0.8,1.0500001358181783,0.9634416674803974,Optimization terminated successfully
2013-05-02,159,6,611.3,89.296875,1,1,0.8,1.0499996269582423,0.9999995189143149,Optimization terminated successfully
2013-05-02,159,7,611.3,89.296875,1,1,0.8,1.0499988040277874,0.9999466736439832,Optimization terminated successfully
2013-05-02,159,8,611.3,89.296875,1,1,0.8,1.0500008459322827,0.9021246477143663,Optimization terminated successfully
2013-05-02,159,9,611.3,89.296875,1,1,0.8,1.0500006218362317,0.9738649660313703,Optimization terminated successfully
2013-05-03,160,0,611.3,89.296875,1,1,0.8,1.0500009871976435,0.9999646083112154,Optimization terminated successfully
2013-05-03,160,1,611.3,89.296875,1,1,0.8,1.0500009318411412,0.9673049577595735,Optimization terminated successfully
2013-05-03,160,2,611.3,89.296875,1,1,0.8,1.050000773419624,0.9485329713857362,Optimization terminated successfully
2013-05-03,160,3,611.3,89.296875,1,1,0.8,1.049999934996201,0.8892775685516955,Optimization terminated successfully
2013-05-03,160,4,611.3,89.296875,1,1,0.8,1.049999008785322,0.9291443243174689,Optimization terminated successfully
2013-05-03,160,5,611.3,89.296875,0,0,,1.0480300274978698,0.7383216203128791,fixed service power exceeds an audited export limit
2013-05-03,160,6,611.3,89.296875,1,1,0.8,1.0499989078336105,0.9999825919360914,Optimization terminated successfully
2013-05-03,160,7,611.3,89.296875,1,1,0.8,1.04999953411678,0.999938852762617,Optimization terminated successfully
2013-05-03,160,8,611.3,89.296875,1,1,0.8,1.0499995935804696,0.8828836659915045,Optimization terminated successfully
2013-05-03,160,9,611.3,89.296875,1,1,0.8,1.0500004293400165,0.9721833099676499,Optimization terminated successfully
2013-05-04,161,0,611.3,89.296875,1,1,0.8,1.0499986751971808,0.9999906013651609,Optimization terminated successfully
2013-05-04,161,1,611.3,89.296875,1,1,0.8,1.0500005767381078,0.9436744651664063,Optimization terminated successfully
2013-05-04,161,2,611.3,89.296875,1,1,0.8,1.0500009101992092,0.9252070678148817,Optimization terminated successfully
2013-05-04,161,3,611.3,89.296875,1,1,0.8,1.0500004839568953,0.9279126373759509,Optimization terminated successfully
2013-05-04,161,4,611.3,89.296875,1,1,0.8,1.0500001168163895,0.8934869914268135,Optimization terminated successfully
2013-05-04,161,5,611.3,89.296875,1,1,0.8,1.0500006620499005,0.9998056547627084,Optimization terminated successfully
2013-05-04,161,6,611.3,89.296875,1,1,0.8,1.0500003934890998,0.96009381813549,Optimization terminated successfully
2013-05-04,161,7,611.3,89.296875,1,1,0.8,1.0500007654335286,0.9999904939054516,Optimization terminated successfully
2013-05-04,161,8,611.3,89.296875,1,1,0.8,1.0500009477255947,0.9039620137171442,Optimization terminated successfully
2013-05-04,161,9,611.3,89.296875,1,1,0.8,1.0499990028532182,0.9999645703269224,Optimization terminated successfully
2013-05-05,162,0,611.3,89.296875,1,1,0.8,1.0499999776088462,0.9999790975154903,Optimization terminated successfully
2013-05-05,162,1,611.3,89.296875,1,1,0.8,1.0499995828089235,0.9594679062945213,Optimization terminated successfully
2013-05-05,162,2,611.3,89.296875,1,1,0.8,1.0500002384485738,0.926394514487571,Optimization terminated successfully
2013-05-05,162,3,611.3,89.296875,1,1,0.8,1.0499997707289155,0.8777859094622764,Optimization terminated successfully
2013-05-05,162,4,611.3,89.296875,1,1,0.8,1.0500007740089803,0.9110791812395731,Optimization terminated successfully
2013-05-05,162,5,611.3,89.296875,1,1,0.8,1.0499995373734752,0.9718188572089442,Optimization terminated successfully
2013-05-05,162,6,611.3,89.296875,1,1,0.8,1.0500003850006523,0.97381948617021,Optimization terminated successfully
2013-05-05,162,7,611.3,89.296875,1,1,0.8,1.0500006246710845,0.9963139182946945,Optimization terminated successfully
2013-05-05,162,8,611.3,89.296875,1,1,0.8,1.0500008129320533,0.913859516236872,Optimization terminated successfully
2013-05-05,162,9,611.3,89.296875,1,1,0.8,1.050000235038221,0.9720132880692405,Optimization terminated successfully
2013-05-06,163,0,611.3,89.296875,1,1,0.8,1.0499993623593746,0.999974420271036,Optimization terminated successfully
2013-05-06,163,1,611.3,89.296875,1,1,0.8,1.050000596493115,0.9549560146380158,Optimization terminated successfully
2013-05-06,163,2,611.3,89.296875,1,1,0.8,1.0500000313110265,0.9999250747659236,Optimization terminated successfully
2013-05-06,163,3,611.3,89.296875,1,1,0.8,1.0500007041627217,0.896421047222737,Optimization terminated successfully
2013-05-06,163,4,611.3,89.296875,1,1,0.8,1.0500003061525192,0.9049372396936242,Optimization terminated successfully
2013-05-06,163,5,611.3,89.296875,1,1,0.8,1.050000463498718,0.9733541496305576,Optimization terminated successfully
2013-05-06,163,6,611.3,89.296875,1,1,0.8,1.049999113351715,0.999984769276456,Optimization terminated successfully
2013-05-06,163,7,611.3,89.296875,1,1,0.8,1.0499999181020507,0.9999715390702604,Optimization terminated successfully
2013-05-06,163,8,611.3,89.296875,1,1,0.8,1.0499999318738586,0.9269059802934829,Optimization terminated successfully
2013-05-06,163,9,611.3,89.296875,1,1,0.8,1.0500006518856444,0.9999773232143305,Optimization terminated successfully
2013-05-07,164,0,611.3,89.296875,1,1,0.8,1.0500006940567015,0.9999785486278598,Optimization terminated successfully
2013-05-07,164,1,611.3,89.296875,1,1,0.8,1.0500003420745292,0.9829850449202643,Optimization terminated successfully
2013-05-07,164,2,611.3,89.296875,1,1,0.8,1.050000694395504,0.9861924060351758,Optimization terminated successfully
2013-05-07,164,3,611.3,89.296875,1,1,0.8,1.0500008266862695,0.9038664377656158,Optimization terminated successfully
2013-05-07,164,4,611.3,89.296875,1,1,0.8,1.0500000769764855,0.9090663899881954,Optimization terminated successfully
2013-05-07,164,5,611.3,89.296875,1,1,0.8,1.0499994469751104,0.9721601416281794,Optimization terminated successfully
2013-05-07,164,6,611.3,89.296875,1,1,0.8,1.0499989918716912,0.9999618152994768,Optimization terminated successfully
2013-05-07,164,7,611.3,89.296875,1,1,0.8,1.0499991825799446,0.9999973879446554,Optimization terminated successfully
2013-05-07,164,8,611.3,89.296875,1,1,0.8,1.0500003891967742,0.9874340224897904,Optimization terminated successfully
2013-05-07,164,9,611.3,89.296875,1,1,0.8,1.050000782823212,0.9999257953002895,Optimization terminated successfully
2013-05-08,165,0,611.3,89.296875,1,1,0.8,1.0500003870358399,0.9999953597930943,Optimization terminated successfully
2013-05-08,165,1,611.3,89.296875,1,1,0.8,1.0500008927539877,0.9456264442989988,Optimization terminated successfully
2013-05-08,165,2,611.3,89.296875,1,1,0.8,1.0500006081747146,0.9543056195404003,Optimization terminated successfully
2013-05-08,165,3,611.3,89.296875,1,1,0.8,1.0499998137243074,0.882969606375889,Optimization terminated successfully
2013-05-08,165,4,611.3,89.296875,1,1,0.8,1.0500005978067737,0.9394591115123184,Optimization terminated successfully
2013-05-08,165,5,611.3,89.296875,1,1,0.8,1.0500004387813147,0.9411237521156994,Optimization terminated successfully
2013-05-08,165,6,611.3,89.296875,1,1,0.8,1.0500005580090854,0.9999721558597645,Optimization terminated successfully
2013-05-08,165,7,611.3,89.296875,1,1,0.8,1.0500004556490052,0.9999986653267784,Optimization terminated successfully
2013-05-08,165,8,611.3,89.296875,1,1,0.8,1.0500007675768193,0.9085813215641342,Optimization terminated successfully
2013-05-08,165,9,611.3,89.296875,1,1,0.8,1.0500004247865569,0.9999274385229963,Optimization terminated successfully
2013-05-09,166,0,611.3,89.296875,1,1,0.8,1.0500006703835416,0.9999992112497719,Optimization terminated successfully
2013-05-09,166,1,611.3,89.296875,1,1,0.8,1.0500009508918222,0.940491783891739,Optimization terminated successfully
2013-05-09,166,2,611.3,89.296875,1,1,0.8,1.050000730844471,0.9264373821690215,Optimization terminated successfully
2013-05-09,166,3,611.3,89.296875,1,1,0.8,1.0500006023134865,0.93055583381691,Optimization terminated successfully
2013-05-09,166,4,611.3,89.296875,1,1,0.8,1.0500008987305498,0.9904136526378743,Optimization terminated successfully
2013-05-09,166,5,611.3,89.296875,1,1,0.8,1.050000617280707,0.9999333401582148,Optimization terminated successfully
2013-05-09,166,6,611.3,89.296875,1,1,0.8,1.0500002538379412,0.9870404511051867,Optimization terminated successfully
2013-05-09,166,7,611.3,89.296875,1,1,0.8,1.0499997307628344,0.999959745224289,Optimization terminated successfully
2013-05-09,166,8,611.3,89.296875,1,1,0.8,1.0500002600254221,0.94499443261398,Optimization terminated successfully
2013-05-09,166,9,611.3,89.296875,1,1,0.8,1.0500008035779784,0.9447659057707101,Optimization terminated successfully
2013-05-10,167,0,611.3,89.296875,1,1,0.8,1.0500007076661668,0.9999949194528103,Optimization terminated successfully
2013-05-10,167,1,611.3,89.296875,1,1,0.8,1.05000048558039,0.9571051399329407,Optimization terminated successfully
2013-05-10,167,2,611.3,89.296875,1,1,0.8,1.0499994366378012,0.9649637732389067,Optimization terminated successfully
2013-05-10,167,3,611.3,89.296875,1,1,0.8,1.0500005976416873,0.9955145613299794,Optimization terminated successfully
2013-05-10,167,4,611.3,89.296875,1,1,0.8,1.0500005597350663,0.8961587243734335,Optimization terminated successfully
2013-05-10,167,5,611.3,89.296875,1,1,0.8,1.0500002000220177,0.9920806479891232,Optimization terminated successfully
2013-05-10,167,6,611.3,89.296875,1,1,0.8,1.0499985558662932,0.9999193725413653,Optimization terminated successfully
2013-05-10,167,7,611.3,89.296875,1,1,0.8,1.0499992991511005,0.9999936164835056,Optimization terminated successfully
2013-05-10,167,8,611.3,89.296875,1,1,0.8,1.0500005209083638,0.8916357740219596,Optimization terminated successfully
2013-05-10,167,9,611.3,89.296875,1,1,0.8,1.0500000382772243,0.9999642841373355,Optimization terminated successfully
2013-05-11,168,0,611.3,89.296875,1,1,0.8,1.0499998252902585,0.9999970134153103,Optimization terminated successfully
2013-05-11,168,1,611.3,89.296875,1,1,0.8,1.0500008787741084,0.8990647243806478,Optimization terminated successfully
2013-05-11,168,2,611.3,89.296875,1,1,0.8,1.050000974822918,0.9999692224715174,Optimization terminated successfully
2013-05-11,168,3,611.3,89.296875,1,1,0.8,1.0500006133389248,0.8523087750071676,Optimization terminated successfully
2013-05-11,168,4,611.3,89.296875,1,1,0.8,1.0500008426750722,0.9438180826419454,Optimization terminated successfully
2013-05-11,168,5,611.3,89.296875,1,1,0.8,1.0499998572675229,0.9999270388775828,Optimization terminated successfully
2013-05-11,168,6,611.3,89.296875,1,1,0.8,1.0499999866910381,0.9999796820035128,Optimization terminated successfully
2013-05-11,168,7,611.3,89.296875,1,1,0.8,1.0499997836777053,0.9999479752935784,Optimization terminated successfully
2013-05-11,168,8,611.3,89.296875,1,1,0.8,1.0500007702802177,0.9321637521336413,Optimization terminated successfully
2013-05-11,168,9,611.3,89.296875,1,1,0.8,1.0499987818220167,1.0000001687344953,Optimization terminated successfully
2013-05-12,169,0,611.3,89.296875,1,1,0.8,1.049998838641112,0.9999867529315501,Optimization terminated successfully
2013-05-12,169,1,611.3,89.296875,1,1,0.8,1.0500008787301287,0.9335770906206377,Optimization terminated successfully
2013-05-12,169,2,611.3,89.296875,1,1,0.8,1.0500006027637372,0.9394627393697986,Optimization terminated successfully
2013-05-12,169,3,611.3,89.296875,1,1,0.8,1.0500003976220174,0.8426065020297622,Optimization terminated successfully
2013-05-12,169,4,611.3,89.296875,1,1,0.8,1.050000827152776,0.8910273901906727,Optimization terminated successfully
2013-05-12,169,5,611.3,89.296875,1,1,0.8,1.0499997755234298,0.9999933204597743,Optimization terminated successfully
2013-05-12,169,6,611.3,89.296875,1,1,0.8,1.0500007031183682,0.9970209748090825,Optimization terminated successfully
2013-05-12,169,7,611.3,89.296875,1,1,0.8,1.0499988411238963,0.9999378187071644,Optimization terminated successfully
2013-05-12,169,8,611.3,89.296875,1,1,0.8,1.049999456193661,0.9018662896129377,Optimization terminated successfully
2013-05-12,169,9,611.3,89.296875,1,1,0.8,1.049999858359454,0.9999530214651822,Optimization terminated successfully
2013-05-13,170,0,611.3,89.296875,1,1,0.8,1.0500001276373536,0.9999772882598181,Optimization terminated successfully
2013-05-13,170,1,611.3,89.296875,1,1,0.8,1.0500003601043066,0.9327140297352016,Optimization terminated successfully
2013-05-13,170,2,611.3,89.296875,1,1,0.8,1.0499990981125684,0.9980422948963943,Optimization terminated successfully
2013-05-13,170,3,611.3,89.296875,1,1,0.8,1.0500000731695882,0.9721529978428238,Optimization terminated successfully
2013-05-13,170,4,611.3,89.296875,1,1,0.8,1.0499994403152497,0.9942103347322638,Optimization terminated successfully
2013-05-13,170,5,611.3,89.296875,1,1,0.8,1.0500000462014625,0.9999570696441191,Optimization terminated successfully
2013-05-13,170,6,611.3,89.296875,1,1,0.8,1.0500001463900797,0.9999351337448782,Optimization terminated successfully
2013-05-13,170,7,611.3,89.296875,1,1,0.8,1.0499993088910817,0.999999379904051,Optimization terminated successfully
2013-05-13,170,8,611.3,89.296875,1,1,0.8,1.0499998088482445,0.9033080518626277,Optimization terminated successfully
2013-05-13,170,9,611.3,89.296875,1,1,0.8,1.0500001659570442,0.9999557739417385,Optimization terminated successfully
2013-05-14,171,0,611.3,89.296875,1,1,0.8,1.0500009339587706,0.9999667993816844,Optimization terminated successfully
2013-05-14,171,1,611.3,89.296875,1,1,0.8,1.049999414949778,0.9882573208037901,Optimization terminated successfully
2013-05-14,171,2,611.3,89.296875,1,1,0.8,1.0499992879642694,0.9864176281916499,Optimization terminated successfully
2013-05-14,171,3,611.3,89.296875,1,1,0.8,1.0499991764095111,0.9732130488561591,Optimization terminated successfully
2013-05-14,171,4,611.3,89.296875,1,1,0.8,1.0499999320884585,0.9387337128536405,Optimization terminated successfully
2013-05-14,171,5,611.3,89.296875,1,1,0.8,1.050000249367623,0.9999358405973456,Optimization terminated successfully
2013-05-14,171,6,611.3,89.296875,1,1,0.8,1.0499997518760675,0.9999892298266481,Optimization terminated successfully
2013-05-14,171,7,611.3,89.296875,1,1,0.8,1.0499998701548583,0.9999764580996606,Optimization terminated successfully
2013-05-14,171,8,611.3,89.296875,1,1,0.8,1.0500006686871548,0.9292154619523906,Optimization terminated successfully
2013-05-14,171,9,611.3,89.296875,1,1,0.8,1.0499999725050706,0.9999704954721558,Optimization terminated successfully
2013-05-15,172,0,611.3,89.296875,1,1,0.8,1.0499990219579347,0.9999863584159613,Optimization terminated successfully
2013-05-15,172,1,611.3,89.296875,1,1,0.8,1.0500005184790149,0.9815319543643624,Optimization terminated successfully
2013-05-15,172,2,611.3,89.296875,1,1,0.8,1.049998932105251,0.9899701950417504,Optimization terminated successfully
2013-05-15,172,3,611.3,89.296875,1,1,0.8,1.0500003150282085,0.957273938759115,Optimization terminated successfully
2013-05-15,172,4,611.3,89.296875,1,1,0.8,1.0500008550651305,0.9021749979007879,Optimization terminated successfully
2013-05-15,172,5,611.3,89.296875,1,1,0.8,1.050000439544016,0.9990332595493717,Optimization terminated successfully
2013-05-15,172,6,611.3,89.296875,1,1,0.8,1.0499999401717197,0.9999492893446754,Optimization terminated successfully
2013-05-15,172,7,611.3,89.296875,1,1,0.8,1.049999708890713,0.9999874737988265,Optimization terminated successfully
2013-05-15,172,8,611.3,89.296875,1,1,0.8,1.050000743252157,0.9075995098608312,Optimization terminated successfully
2013-05-15,172,9,611.3,89.296875,1,1,0.8,1.0500002036554603,0.9999832299007909,Optimization terminated successfully
2013-05-16,173,0,611.3,89.296875,1,1,0.8,1.0500005252757876,0.9999374751428328,Optimization terminated successfully
2013-05-16,173,1,611.3,89.296875,1,1,0.8,1.0500005311364624,0.9875589345566317,Optimization terminated successfully
2013-05-16,173,2,611.3,89.296875,1,1,0.8,1.04999944954908,0.9571457500228315,Optimization terminated successfully
2013-05-16,173,3,611.3,89.296875,1,1,0.8,1.0500006991700777,0.9368018715693086,Optimization terminated successfully
2013-05-16,173,4,611.3,89.296875,1,1,0.8,1.0499996921785073,0.9270618764187138,Optimization terminated successfully
2013-05-16,173,5,611.3,89.296875,1,1,0.8,1.0500000067966118,0.9999648650167248,Optimization terminated successfully
2013-05-16,173,6,611.3,89.296875,1,1,0.8,1.0500005043706524,0.9999637318083435,Optimization terminated successfully
2013-05-16,173,7,611.3,89.296875,1,1,0.8,1.0500001802519439,0.9999785889667774,Optimization terminated successfully
2013-05-16,173,8,611.3,89.296875,1,1,0.8,1.0500009571825244,0.9079365534464049,Optimization terminated successfully
2013-05-16,173,9,611.3,89.296875,1,1,0.8,1.049999354567136,0.9999689639915004,Optimization terminated successfully
2013-05-17,174,0,611.3,89.296875,1,1,0.8,1.0499985580184839,0.999971795976033,Optimization terminated successfully
2013-05-17,174,1,611.3,89.296875,1,1,0.8,1.0500005763800213,0.9999856659797612,Optimization terminated successfully
2013-05-17,174,2,611.3,89.296875,1,1,0.8,1.049999751378767,0.9999626617378818,Optimization terminated successfully
2013-05-17,174,3,611.3,89.296875,1,1,0.8,1.0500009840313889,0.9999435224270229,Optimization terminated successfully
2013-05-17,174,4,611.3,89.296875,1,1,0.8,1.0500001512790855,0.9604351525250783,Optimization terminated successfully
2013-05-17,174,5,611.3,89.296875,1,1,0.8,1.050000042261957,0.9999905070323243,Optimization terminated successfully
2013-05-17,174,6,611.3,89.296875,1,1,0.8,1.0499991318574793,0.999984016357089,Optimization terminated successfully
2013-05-17,174,7,611.3,89.296875,1,1,0.8,1.0499990302683186,0.9999829800451314,Optimization terminated successfully
2013-05-17,174,8,611.3,89.296875,1,1,0.8,1.0500003697481373,0.975660999146004,Optimization terminated successfully
2013-05-17,174,9,611.3,89.296875,1,1,0.8,1.049999530102269,0.9999669436265991,Optimization terminated successfully
2013-05-18,175,0,611.3,89.296875,1,1,0.8,1.050000552158726,0.999948934060765,Optimization terminated successfully
2013-05-18,175,1,611.3,89.296875,1,1,0.8,1.0500006812576108,0.984070158130525,Optimization terminated successfully
2013-05-18,175,2,611.3,89.296875,1,1,0.8,1.0500005315709418,0.9380259171539523,Optimization terminated successfully
2013-05-18,175,3,611.3,89.296875,1,1,0.8,1.0499993123708664,0.9579605599646309,Optimization terminated successfully
2013-05-18,175,4,611.3,89.296875,1,1,0.8,1.0500007051330598,0.981998448944598,Optimization terminated successfully
2013-05-18,175,5,611.3,89.296875,1,1,0.8,1.0499992234284758,0.9999782475992667,Optimization terminated successfully
2013-05-18,175,6,611.3,89.296875,1,1,0.8,1.0500006171079224,0.9979567153081548,Optimization terminated successfully
2013-05-18,175,7,611.3,89.296875,1,1,0.8,1.0500007937248608,0.9999383463462926,Optimization terminated successfully
2013-05-18,175,8,611.3,89.296875,1,1,0.8,1.049999403576372,0.8541321618000779,Optimization terminated successfully
2013-05-18,175,9,611.3,89.296875,1,1,0.8,1.0500006614135804,0.9999460531863668,Optimization terminated successfully
2013-05-19,176,0,611.3,89.296875,1,1,0.8,1.0499991331471699,0.9999926282636165,Optimization terminated successfully
2013-05-19,176,1,611.3,89.296875,1,1,0.8,1.0500006262206796,0.9792274567413025,Optimization terminated successfully
2013-05-19,176,2,611.3,89.296875,1,1,0.8,1.049999693850552,0.9586201162325644,Optimization terminated successfully
2013-05-19,176,3,611.3,89.296875,1,1,0.8,1.050000579477058,1.000000455381917,Optimization terminated successfully
2013-05-19,176,4,611.3,89.296875,1,1,0.8,1.050000780582173,0.879535328227925,Optimization terminated successfully
2013-05-19,176,5,611.3,89.296875,1,1,0.8,1.050000995488351,0.9999870670141253,Optimization terminated successfully
2013-05-19,176,6,611.3,89.296875,1,1,0.8,1.0500008575144046,0.9942833080879064,Optimization terminated successfully
2013-05-19,176,7,611.3,89.296875,1,1,0.8,1.0499988166640997,0.9999989378410359,Optimization terminated successfully
2013-05-19,176,8,611.3,89.296875,1,1,0.8,1.0500008943605392,0.8565226106739706,Optimization terminated successfully
2013-05-19,176,9,611.3,89.296875,1,1,0.8,1.0500005168607833,0.9999779315298568,Optimization terminated successfully
2013-05-20,177,0,611.3,89.296875,1,1,0.8,1.0499988828845084,0.9999926497955058,Optimization terminated successfully
2013-05-20,177,1,611.3,89.296875,1,1,0.8,1.050000111185421,0.9869777193149021,Optimization terminated successfully
2013-05-20,177,2,611.3,89.296875,1,1,0.8,1.0499998130802681,0.9999592218674205,Optimization terminated successfully
2013-05-20,177,3,611.3,89.296875,1,1,0.8,1.0500007433567078,0.9905905402037425,Optimization terminated successfully
2013-05-20,177,4,611.3,89.296875,1,1,0.8,1.0500008272520431,0.9606909969718523,Optimization terminated successfully
2013-05-20,177,5,611.3,89.296875,1,1,0.8,1.049999933161251,0.9999710100029122,Optimization terminated successfully
2013-05-20,177,6,611.3,89.296875,1,1,0.8,1.0499991508634623,0.9999462857349356,Optimization terminated successfully
2013-05-20,177,7,611.3,89.296875,1,1,0.8,1.0500000982126234,0.9999911052652412,Optimization terminated successfully
2013-05-20,177,8,611.3,89.296875,1,1,0.8,1.0500007293667752,0.9457793835996624,Optimization terminated successfully
2013-05-20,177,9,611.3,89.296875,1,1,0.8,1.0499995897376901,0.9999719812040324,Optimization terminated successfully
2013-05-21,178,0,611.3,89.296875,1,1,0.8,1.0500006564115925,0.9999918585360753,Optimization terminated successfully
2013-05-21,178,1,611.3,89.296875,1,1,0.8,1.0500006085358824,0.9421454254657828,Optimization terminated successfully
2013-05-21,178,2,611.3,89.296875,1,1,0.8,1.0500007041993817,0.9870187872364647,Optimization terminated successfully
2013-05-21,178,3,611.3,89.296875,1,1,0.8,1.0500009476095988,0.9970511249860574,Optimization terminated successfully
2013-05-21,178,4,611.3,89.296875,1,1,0.8,1.0500005061570583,0.9399598609130038,Optimization terminated successfully
2013-05-21,178,5,611.3,89.296875,1,1,0.8,1.0500002850692005,0.9999610862302462,Optimization terminated successfully
2013-05-21,178,6,611.3,89.296875,1,1,0.8,1.0500008180293763,0.9999865922411548,Optimization terminated successfully
2013-05-21,178,7,611.3,89.296875,1,1,0.8,1.0499987557093864,0.9999699852829994,Optimization terminated successfully
2013-05-21,178,8,611.3,89.296875,1,1,0.8,1.0500003360612344,0.9115670482808342,Optimization terminated successfully
2013-05-21,178,9,611.3,89.296875,1,1,0.8,1.049999470976734,0.9999880803584895,Optimization terminated successfully
2013-05-22,179,0,611.3,89.296875,1,1,0.8,1.0500008180163551,0.9999565970272063,Optimization terminated successfully
2013-05-22,179,1,611.3,89.296875,1,1,0.8,1.050000464653662,0.9454532037042999,Optimization terminated successfully
2013-05-22,179,2,611.3,89.296875,1,1,0.8,1.0499984921836338,0.9999287095990965,Optimization terminated successfully
2013-05-22,179,3,611.3,89.296875,1,1,0.8,1.0499995586871553,0.9999614951433712,Optimization terminated successfully
2013-05-22,179,4,611.3,89.296875,1,1,0.8,1.0500006080889328,0.9999241834916068,Optimization terminated successfully
2013-05-22,179,5,611.3,89.296875,1,1,0.8,1.049998930667198,0.9999648768805948,Optimization terminated successfully
2013-05-22,179,6,611.3,89.296875,1,1,0.8,1.0500003326241805,0.9999868563236692,Optimization terminated successfully
2013-05-22,179,7,611.3,89.296875,1,1,0.8,1.0500002360075096,0.9999993845500823,Optimization terminated successfully
2013-05-22,179,8,611.3,89.296875,1,1,0.8,1.050000707093669,0.9376307941902908,Optimization terminated successfully
2013-05-22,179,9,611.3,89.296875,1,1,0.8,1.0499991963293318,0.9999915725867323,Optimization terminated successfully
2013-05-23,180,0,611.3,89.296875,1,1,0.8,1.0500006435435814,0.9999584546226464,Optimization terminated successfully
2013-05-23,180,1,611.3,89.296875,1,1,0.8,1.0500007407741985,0.9944174459842943,Optimization terminated successfully
2013-05-23,180,2,611.3,89.296875,1,1,0.8,1.050000519386518,0.936332010895461,Optimization terminated successfully
2013-05-23,180,3,611.3,89.296875,1,1,0.8,1.050000934195745,0.9775303722509175,Optimization terminated successfully
2013-05-23,180,4,611.3,89.296875,1,1,0.8,1.0499998970397273,0.9999458855835163,Optimization terminated successfully
2013-05-23,180,5,611.3,89.296875,1,1,0.8,1.0499990739016067,0.9999156223400627,Optimization terminated successfully
2013-05-23,180,6,611.3,89.296875,1,1,0.8,1.0500006336643601,0.9999370184962725,Optimization terminated successfully
2013-05-23,180,7,611.3,89.296875,1,1,0.8,1.049999132337272,0.9999743253635338,Optimization terminated successfully
2013-05-23,180,8,611.3,89.296875,1,1,0.8,1.050000217327821,0.9117210078121927,Optimization terminated successfully
2013-05-23,180,9,611.3,89.296875,1,1,0.8,1.049999631994933,0.9999979538896661,Optimization terminated successfully
2013-05-24,181,0,611.3,89.296875,1,1,0.8,1.0499998270470503,0.9999814224023872,Optimization terminated successfully
2013-05-24,181,1,611.3,89.296875,1,1,0.8,1.050000155699423,0.9145038129791088,Optimization terminated successfully
2013-05-24,181,2,611.3,89.296875,1,1,0.8,1.0500005845546367,0.9620978676805172,Optimization terminated successfully
2013-05-24,181,3,611.3,89.296875,1,1,0.8,1.0500006507447432,0.9942521621956862,Optimization terminated successfully
2013-05-24,181,4,611.3,89.296875,1,1,0.8,1.0500003040148265,0.9386387757187171,Optimization terminated successfully
2013-05-24,181,5,611.3,89.296875,1,1,0.8,1.0499996946301504,0.9999788670691817,Optimization terminated successfully
2013-05-24,181,6,611.3,89.296875,1,1,0.8,1.0499986506708292,0.9999917520672298,Optimization terminated successfully
2013-05-24,181,7,611.3,89.296875,1,1,0.8,1.0499992919675238,0.9999445203626038,Optimization terminated successfully
2013-05-24,181,8,611.3,89.296875,1,1,0.8,1.0499992665761122,0.9999578448992145,Optimization terminated successfully
2013-05-24,181,9,611.3,89.296875,1,1,0.8,1.050000075454274,0.9999195588776475,Optimization terminated successfully
2013-05-25,182,0,611.3,89.296875,1,1,0.8,1.0500000473724291,1.0000008981039523,Optimization terminated successfully
2013-05-25,182,1,611.3,89.296875,1,1,0.8,1.0500007492500674,0.9373508425360235,Optimization terminated successfully
2013-05-25,182,2,611.3,89.296875,1,1,0.8,1.0499990090158178,0.9999613257849416,Optimization terminated successfully
2013-05-25,182,3,611.3,89.296875,1,1,0.8,1.0499995328565814,0.9808550225824066,Optimization terminated successfully
2013-05-25,182,4,611.3,89.296875,1,1,0.8,1.0500005893318027,0.8812098236577723,Optimization terminated successfully
2013-05-25,182,5,611.3,89.296875,1,1,0.8,1.0500006553520147,0.9949294708139409,Optimization terminated successfully
2013-05-25,182,6,611.3,89.296875,1,1,0.8,1.0500007544275827,0.9999858898811489,Optimization terminated successfully
2013-05-25,182,7,611.3,89.296875,1,1,0.8,1.0500008442849709,0.9999511327668141,Optimization terminated successfully
2013-05-25,182,8,611.3,89.296875,1,1,0.8,1.0499999771544968,0.9999358779538635,Optimization terminated successfully
2013-05-25,182,9,611.3,89.296875,1,1,0.8,1.0499994110118727,0.9999823554560376,Optimization terminated successfully
2013-05-26,183,0,611.3,89.296875,1,1,0.8,1.0500003111794278,0.9999944973604171,Optimization terminated successfully
2013-05-26,183,1,611.3,89.296875,1,1,0.8,1.0500000625067802,0.960673472023592,Optimization terminated successfully
2013-05-26,183,2,611.3,89.296875,1,1,0.8,1.050000087413344,0.9999659363534853,Optimization terminated successfully
2013-05-26,183,3,611.3,89.296875,1,1,0.8,1.0500000845731916,0.9999879361229678,Optimization terminated successfully
2013-05-26,183,4,611.3,89.296875,1,1,0.8,1.0499998366007333,0.9361891711223622,Optimization terminated successfully
2013-05-26,183,5,611.3,89.296875,1,1,0.8,1.0500004336571516,0.9999410084277016,Optimization terminated successfully
2013-05-26,183,6,611.3,89.296875,1,1,0.8,1.0500001641882974,0.9736711530989942,Optimization terminated successfully
2013-05-26,183,7,611.3,89.296875,1,1,0.8,1.0499999230073787,0.9999389379712382,Optimization terminated successfully
2013-05-26,183,8,611.3,89.296875,1,1,0.8,1.050000078298419,0.9859000151405638,Optimization terminated successfully
2013-05-26,183,9,611.3,89.296875,1,1,0.8,1.049999398838121,0.9999744488506892,Optimization terminated successfully
2013-05-27,184,0,611.3,89.296875,1,1,0.8,1.0494843896782697,0.9999673320161153,Optimization terminated successfully
2013-05-27,184,1,611.3,89.296875,1,1,0.8,1.0500007013062598,0.9907200892649692,Optimization terminated successfully
2013-05-27,184,2,611.3,89.296875,1,1,0.8,1.0499991848117824,0.9332031376634622,Optimization terminated successfully
2013-05-27,184,3,611.3,89.296875,1,1,0.8,1.0500004624201174,0.9941093539893461,Optimization terminated successfully
2013-05-27,184,4,611.3,89.296875,1,1,0.8,1.0500001109273454,0.9565131871640736,Optimization terminated successfully
2013-05-27,184,5,611.3,89.296875,1,1,0.8,1.0500009653375173,0.9999730013356433,Optimization terminated successfully
2013-05-27,184,6,611.3,89.296875,1,1,0.8,1.0500004049066283,0.9999702690485678,Optimization terminated successfully
2013-05-27,184,7,611.3,89.296875,1,1,0.8,1.0500004139282453,0.9999769654705523,Optimization terminated successfully
2013-05-27,184,8,611.3,89.296875,1,1,0.8,1.050000487983027,0.9804893755576597,Optimization terminated successfully
2013-05-27,184,9,611.3,89.296875,1,1,0.8,1.0499996421766917,0.9999827004100571,Optimization terminated successfully
2013-05-28,185,0,611.3,89.296875,1,1,0.8,1.0499996716628424,0.999956306481379,Optimization terminated successfully
2013-05-28,185,1,611.3,89.296875,1,1,0.8,1.0500009480320183,0.9298354304588854,Optimization terminated successfully
2013-05-28,185,2,611.3,89.296875,1,1,0.8,1.0499997598364839,0.9999287498400554,Optimization terminated successfully
2013-05-28,185,3,611.3,89.296875,1,1,0.8,1.0500003847592352,0.957470487418784,Optimization terminated successfully
2013-05-28,185,4,611.3,89.296875,1,1,0.8,1.0500007144833943,0.9266146720673383,Optimization terminated successfully
2013-05-28,185,5,611.3,89.296875,1,1,0.8,1.0499997757288189,0.9999981046574586,Optimization terminated successfully
2013-05-28,185,6,611.3,89.296875,1,1,0.8,1.0500001458767976,0.9999868776695834,Optimization terminated successfully
2013-05-28,185,7,611.3,89.296875,1,1,0.8,1.0500007309695023,0.9999442841353618,Optimization terminated successfully
2013-05-28,185,8,611.3,89.296875,1,1,0.8,1.0499988034114676,0.9999272386002462,Optimization terminated successfully
2013-05-28,185,9,611.3,89.296875,1,1,0.8,1.0499993457934371,0.9999987872588559,Optimization terminated successfully
2013-05-29,186,0,611.3,89.296875,1,1,0.8,1.049999470761313,0.9999172880680566,Optimization terminated successfully
2013-05-29,186,1,611.3,89.296875,1,1,0.8,1.050000599077118,0.9929720531361668,Optimization terminated successfully
2013-05-29,186,2,611.3,89.296875,1,1,0.8,1.0500006345148438,0.999940978901626,Optimization terminated successfully
2013-05-29,186,3,611.3,89.296875,1,1,0.8,1.0500009551114229,0.9999715312641222,Optimization terminated successfully
2013-05-29,186,4,611.3,89.296875,1,1,0.8,1.0500004390526814,0.9686872731531273,Optimization terminated successfully
2013-05-29,186,5,611.3,89.296875,1,1,0.8,1.0500005838619288,0.9999371702295344,Optimization terminated successfully
2013-05-29,186,6,611.3,89.296875,1,1,0.8,1.0500005565598745,0.9999381994522798,Optimization terminated successfully
2013-05-29,186,7,611.3,89.296875,1,1,0.8,1.049998735315769,0.9999695760911318,Optimization terminated successfully
2013-05-29,186,8,611.3,89.296875,1,1,0.8,1.049999570136605,0.9864475185343285,Optimization terminated successfully
2013-05-29,186,9,611.3,89.296875,1,1,0.8,1.0500005665466159,0.9999847208232211,Optimization terminated successfully
2013-05-30,187,0,611.3,89.296875,1,1,0.8,1.050000512265018,0.9999914113778751,Optimization terminated successfully
2013-05-30,187,1,611.3,89.296875,1,1,0.8,1.0500000353570271,0.953154568639548,Optimization terminated successfully
2013-05-30,187,2,611.3,89.296875,1,1,0.8,1.0500006039496645,0.9278603475301971,Optimization terminated successfully
2013-05-30,187,3,611.3,89.296875,1,1,0.8,1.050000412773513,0.9999740837856135,Optimization terminated successfully
2013-05-30,187,4,611.3,89.296875,1,1,0.8,1.0500005163779729,0.9423361608515894,Optimization terminated successfully
2013-05-30,187,5,611.3,89.296875,1,1,0.8,1.049998620193663,0.9999364835049087,Optimization terminated successfully
2013-05-30,187,6,611.3,89.296875,1,1,0.8,1.0500003911693851,0.9999846448852601,Optimization terminated successfully
2013-05-30,187,7,611.3,89.296875,1,1,0.8,1.0499998943600144,0.9999519574119751,Optimization terminated successfully
2013-05-30,187,8,611.3,89.296875,1,1,0.8,1.0500005844653737,0.9371371606227461,Optimization terminated successfully
2013-05-30,187,9,611.3,89.296875,1,1,0.8,1.04999952591408,0.9999258284867442,Optimization terminated successfully
2013-05-31,188,0,611.3,89.296875,1,1,0.8,1.0500006329615328,0.9999309737287291,Optimization terminated successfully
2013-05-31,188,1,611.3,89.296875,1,1,0.8,1.0500004621148915,0.9548404274352253,Optimization terminated successfully
2013-05-31,188,2,611.3,89.296875,1,1,0.8,1.0500001393929086,0.9501450259009229,Optimization terminated successfully
2013-05-31,188,3,611.3,89.296875,1,1,0.8,1.05000002724574,0.9999744596870799,Optimization terminated successfully
2013-05-31,188,4,611.3,89.296875,1,1,0.8,1.050000125752038,0.9378186049401749,Optimization terminated successfully
2013-05-31,188,5,611.3,89.296875,1,1,0.8,1.049999659026169,0.9999241416053617,Optimization terminated successfully
2013-05-31,188,6,611.3,89.296875,1,1,0.8,1.0500005952017946,0.9999462553282734,Optimization terminated successfully
2013-05-31,188,7,611.3,89.296875,1,1,0.8,1.0499993679972968,0.9999964241092725,Optimization terminated successfully
2013-05-31,188,8,611.3,89.296875,1,1,0.8,1.0500009912221309,0.9999857324787169,Optimization terminated successfully
2013-05-31,188,9,611.3,89.296875,1,1,0.8,1.0499987529810786,0.9999812211568372,Optimization terminated successfully
2013-06-01,189,0,611.3,89.296875,1,1,0.8,1.0500008292278216,0.9999794093690134,Optimization terminated successfully
2013-06-01,189,1,611.3,89.296875,1,1,0.8,1.05000066657129,0.9506694887354857,Optimization terminated successfully
2013-06-01,189,2,611.3,89.296875,1,1,0.8,1.0500007578586448,0.941801341791149,Optimization terminated successfully
2013-06-01,189,3,611.3,89.296875,1,1,0.8,1.0499999537969085,0.9999551088817755,Optimization terminated successfully
2013-06-01,189,4,611.3,89.296875,1,1,0.8,1.0500009650892677,0.9888973208910682,Optimization terminated successfully
2013-06-01,189,5,611.3,89.296875,1,1,0.8,1.049998849099204,0.9999484678362641,Optimization terminated successfully
2013-06-01,189,6,611.3,89.296875,1,1,0.8,1.0499992728427532,0.9937948461672121,Optimization terminated successfully
2013-06-01,189,7,611.3,89.296875,1,1,0.8,1.0500009198548788,0.9999767189410251,Optimization terminated successfully
2013-06-01,189,8,611.3,89.296875,1,1,0.8,1.0500008224148982,0.9724731656272713,Optimization terminated successfully
2013-06-01,189,9,611.3,89.296875,1,1,0.8,1.049999909666449,0.9999360231929753,Optimization terminated successfully
2013-06-02,190,0,611.3,89.296875,1,1,0.8,1.0500009425932442,0.9999438314358126,Optimization terminated successfully
2013-06-02,190,1,611.3,89.296875,1,1,0.8,1.0500005382769453,0.9851837422309322,Optimization terminated successfully
2013-06-02,190,2,611.3,89.296875,1,1,0.8,1.0499989653719308,0.9999978113047638,Optimization terminated successfully
2013-06-02,190,3,611.3,89.296875,1,1,0.8,1.0499987947054665,0.9999801782527704,Optimization terminated successfully
2013-06-02,190,4,611.3,89.296875,1,1,0.8,1.0499997638137766,0.8983793652339429,Optimization terminated successfully
2013-06-02,190,5,611.3,89.296875,1,1,0.8,1.0499985853574363,1.0000001987952662,Optimization terminated successfully
2013-06-02,190,6,611.3,89.296875,1,1,0.8,1.050000256090272,0.9662870811547206,Optimization terminated successfully
2013-06-02,190,7,611.3,89.296875,1,1,0.8,1.0499999371580653,0.9999842417689309,Optimization terminated successfully
2013-06-02,190,8,611.3,89.296875,1,1,0.8,1.050000771199322,0.9999604459643077,Optimization terminated successfully
2013-06-02,190,9,611.3,89.296875,1,1,0.8,1.0499987634951438,0.999986289255368,Optimization terminated successfully
2013-06-03,191,0,611.3,89.296875,1,1,0.8,1.049938437419777,0.9999883002913996,Optimization terminated successfully
2013-06-03,191,1,611.3,89.296875,1,1,0.8,1.0499991137406546,0.9999712386932683,Optimization terminated successfully
2013-06-03,191,2,611.3,89.296875,1,1,0.8,1.0499998622957873,0.9839311099870787,Optimization terminated successfully
2013-06-03,191,3,611.3,89.296875,1,1,0.8,1.0500009270059947,0.9744799324364414,Optimization terminated successfully
2013-06-03,191,4,611.3,89.296875,1,1,0.8,1.0499998573174867,0.9999868727830613,Optimization terminated successfully
2013-06-03,191,5,611.3,89.296875,1,1,0.8,1.0499992692061249,0.9999793627980347,Optimization terminated successfully
2013-06-03,191,6,611.3,89.296875,1,1,0.8,1.0500005633911333,0.999939029092843,Optimization terminated successfully
2013-06-03,191,7,611.3,89.296875,1,1,0.8,1.049998574827243,0.9999907400238318,Optimization terminated successfully
2013-06-03,191,8,611.3,89.296875,1,1,0.8,1.049998635881483,0.9999590791041978,Optimization terminated successfully
2013-06-03,191,9,611.3,89.296875,1,1,0.8,1.0499991657821486,0.9999699388558103,Optimization terminated successfully
2013-06-04,192,0,611.3,89.296875,1,1,0.8,1.0499998408815807,0.999989717197258,Optimization terminated successfully
2013-06-04,192,1,611.3,89.296875,1,1,0.8,1.0500003991665916,0.9549268157191781,Optimization terminated successfully
2013-06-04,192,2,611.3,89.296875,1,1,0.8,1.0500008703170975,0.9744771121943941,Optimization terminated successfully
2013-06-04,192,3,611.3,89.296875,1,1,0.8,1.0499996095968145,0.9999911850975529,Optimization terminated successfully
2013-06-04,192,4,611.3,89.296875,1,1,0.8,1.0500003757284881,0.9646294166735083,Optimization terminated successfully
2013-06-04,192,5,611.3,89.296875,1,1,0.8,1.0499998909520967,0.9999776552936774,Optimization terminated successfully
2013-06-04,192,6,611.3,89.296875,1,1,0.8,1.0500008220463726,0.9999614672199564,Optimization terminated successfully
2013-06-04,192,7,611.3,89.296875,1,1,0.8,1.0499992355142558,0.9999801707718587,Optimization terminated successfully
2013-06-04,192,8,611.3,89.296875,1,1,0.8,1.0500000661199895,0.9976358675053728,Optimization terminated successfully
2013-06-04,192,9,611.3,89.296875,1,1,0.8,1.050000425835237,0.9999525386908763,Optimization terminated successfully
2013-06-05,193,0,611.3,89.296875,1,1,0.8,1.050000820289764,0.9999906728442237,Optimization terminated successfully
2013-06-05,193,1,611.3,89.296875,1,1,0.8,1.050000873902021,0.9858622347198585,Optimization terminated successfully
2013-06-05,193,2,611.3,89.296875,1,1,0.8,1.0500007853648423,0.9684416607994522,Optimization terminated successfully
2013-06-05,193,3,611.3,89.296875,1,1,0.8,1.0500003641510456,0.98305499227031,Optimization terminated successfully
2013-06-05,193,4,611.3,89.296875,1,1,0.8,1.0500001088120763,0.9292093280256667,Optimization terminated successfully
2013-06-05,193,5,611.3,89.296875,1,1,0.8,1.0499998592601387,0.9999725778112811,Optimization terminated successfully
2013-06-05,193,6,611.3,89.296875,1,1,0.8,1.050000834918311,0.9999807343247953,Optimization terminated successfully
2013-06-05,193,7,611.3,89.296875,1,1,0.8,1.049998539170225,0.9999644472228624,Optimization terminated successfully
2013-06-05,193,8,611.3,89.296875,1,1,0.8,1.0499999215676155,0.9999583603925841,Optimization terminated successfully
2013-06-05,193,9,611.3,89.296875,1,1,0.8,1.0499996945048966,0.9999978362192578,Optimization terminated successfully
2013-06-06,194,0,611.3,89.296875,1,1,0.8,1.0500005098880258,0.9999930120018173,Optimization terminated successfully
2013-06-06,194,1,611.3,89.296875,1,1,0.8,1.0500000459904104,0.9816769641338715,Optimization terminated successfully
2013-06-06,194,2,611.3,89.296875,1,1,0.8,1.0500008572298916,0.9938044712606477,Optimization terminated successfully
2013-06-06,194,3,611.3,89.296875,1,1,0.8,1.0500002292852313,0.9791701900577608,Optimization terminated successfully
2013-06-06,194,4,611.3,89.296875,1,1,0.8,1.0500005144273123,0.9283800429118805,Optimization terminated successfully
2013-06-06,194,5,611.3,89.296875,1,1,0.8,1.0499998457327997,0.9999340556438887,Optimization terminated successfully
2013-06-06,194,6,611.3,89.296875,1,1,0.8,1.049999934015086,0.9999565986175516,Optimization terminated successfully
2013-06-06,194,7,611.3,89.296875,1,1,0.8,1.049999171155943,0.999985533401062,Optimization terminated successfully
2013-06-06,194,8,611.3,89.296875,1,1,0.8,1.050000576927251,0.9740038677269532,Optimization terminated successfully
2013-06-06,194,9,611.3,89.296875,1,1,0.8,1.049999034585923,0.9999759222925465,Optimization terminated successfully
2013-06-07,195,0,611.3,89.296875,1,1,0.8,1.0499999138313676,0.9999951913248932,Optimization terminated successfully
2013-06-07,195,1,611.3,89.296875,1,1,0.8,1.0500007404602014,0.908760206648709,Optimization terminated successfully
2013-06-07,195,2,611.3,89.296875,1,1,0.8,1.049998684422434,0.9999637362118898,Optimization terminated successfully
2013-06-07,195,3,611.3,89.296875,1,1,0.8,1.0500005667784311,0.9661265262438874,Optimization terminated successfully
2013-06-07,195,4,611.3,89.296875,1,1,0.8,1.050000728095833,0.9641157076714396,Optimization terminated successfully
2013-06-07,195,5,611.3,89.296875,1,1,0.8,1.0499999468761552,0.9999770423254476,Optimization terminated successfully
2013-06-07,195,6,611.3,89.296875,1,1,0.8,1.050000240089354,0.999961485784757,Optimization terminated successfully
2013-06-07,195,7,611.3,89.296875,1,1,0.8,1.0499994536807555,0.9999666835049469,Optimization terminated successfully
2013-06-07,195,8,611.3,89.296875,1,1,0.8,1.050000808908608,0.9999678668477325,Optimization terminated successfully
2013-06-07,195,9,611.3,89.296875,1,1,0.8,1.049999379656723,0.9999748542014418,Optimization terminated successfully
2013-06-08,196,0,611.3,89.296875,1,1,0.8,1.0499988215186828,0.9999469953450987,Optimization terminated successfully
2013-06-08,196,1,611.3,89.296875,1,1,0.8,1.0500003171209964,0.9576449717741876,Optimization terminated successfully
2013-06-08,196,2,611.3,89.296875,1,1,0.8,1.0499995738075159,0.9999957419621864,Optimization terminated successfully
2013-06-08,196,3,611.3,89.296875,1,1,0.8,1.049999891780543,0.8823146136001203,Optimization terminated successfully
2013-06-08,196,4,611.3,89.296875,1,1,0.8,1.049999369000729,0.967145477340597,Optimization terminated successfully
2013-06-08,196,5,611.3,89.296875,1,1,0.8,1.0500006725118773,0.9999836560236163,Optimization terminated successfully
2013-06-08,196,6,611.3,89.296875,1,1,0.8,1.050000589783721,0.9999921736298881,Optimization terminated successfully
2013-06-08,196,7,611.3,89.296875,1,1,0.8,1.0500009635159449,0.9999502194702093,Optimization terminated successfully
2013-06-08,196,8,611.3,89.296875,1,1,0.8,1.050000652639923,0.9999410490831272,Optimization terminated successfully
2013-06-08,196,9,611.3,89.296875,1,1,0.8,1.0499996687480888,0.9999739910546661,Optimization terminated successfully
2013-06-09,197,0,611.3,89.296875,1,1,0.8,1.0499993201220503,0.9999859306511982,Optimization terminated successfully
2013-06-09,197,1,611.3,89.296875,1,1,0.8,1.0500004074234561,0.978026890068917,Optimization terminated successfully
2013-06-09,197,2,611.3,89.296875,1,1,0.8,1.0500009499938352,0.93335266186182,Optimization terminated successfully
2013-06-09,197,3,611.3,89.296875,1,1,0.8,1.049999435611002,0.9999865895073207,Optimization terminated successfully
2013-06-09,197,4,611.3,89.296875,1,1,0.8,1.050000838524753,0.9776296894129062,Optimization terminated successfully
2013-06-09,197,5,611.3,89.296875,1,1,0.8,1.0500006329475655,0.9999169779680129,Optimization terminated successfully
2013-06-09,197,6,611.3,89.296875,1,1,0.8,1.0500007142959866,0.9999952203095707,Optimization terminated successfully
2013-06-09,197,7,611.3,89.296875,1,1,0.8,1.0499989018700693,0.9999991073453031,Optimization terminated successfully
2013-06-09,197,8,611.3,89.296875,1,1,0.8,1.050000336635869,0.9837811486546922,Optimization terminated successfully
2013-06-09,197,9,611.3,89.296875,1,1,0.8,1.0500000320463614,0.9999990386405913,Optimization terminated successfully
2013-06-10,198,0,611.3,89.296875,1,1,0.8,1.0499993870530206,0.9999709878883611,Optimization terminated successfully
2013-06-10,198,1,611.3,89.296875,1,1,0.8,1.0500008470624849,0.9607501819888007,Optimization terminated successfully
2013-06-10,198,2,611.3,89.296875,1,1,0.8,1.049998945687169,0.9999837832086921,Optimization terminated successfully
2013-06-10,198,3,611.3,89.296875,1,1,0.8,1.0500005017697538,0.9536479344177725,Optimization terminated successfully
2013-06-10,198,4,611.3,89.296875,1,1,0.8,1.0500005860234973,0.9888758900038113,Optimization terminated successfully
2013-06-10,198,5,611.3,89.296875,1,1,0.8,1.0500005254367575,0.9999565733914905,Optimization terminated successfully
2013-06-10,198,6,611.3,89.296875,1,1,0.8,1.0500002399311732,0.9632687199782947,Optimization terminated successfully
2013-06-10,198,7,611.3,89.296875,1,1,0.8,1.0500005381975306,0.9999735356604998,Optimization terminated successfully
2013-06-10,198,8,611.3,89.296875,1,1,0.8,1.0499997766017701,0.9757002334976316,Optimization terminated successfully
2013-06-10,198,9,611.3,89.296875,1,1,0.8,1.0499998564441668,0.999953987303348,Optimization terminated successfully
2013-06-11,199,0,611.3,89.296875,1,1,0.8,1.0499998348418957,0.9999647691868826,Optimization terminated successfully
2013-06-11,199,1,611.3,89.296875,1,1,0.8,1.0500003701206757,0.9909538120781037,Optimization terminated successfully
2013-06-11,199,2,611.3,89.296875,1,1,0.8,1.0499994670324075,0.992460627591675,Optimization terminated successfully
2013-06-11,199,3,611.3,89.296875,1,1,0.8,1.0500002525507326,0.928584441861137,Optimization terminated successfully
2013-06-11,199,4,611.3,89.296875,1,1,0.8,1.0499997072045535,0.9499845151853473,Optimization terminated successfully
2013-06-11,199,5,611.3,89.296875,1,1,0.8,1.0500003535127078,0.9999861460315264,Optimization terminated successfully
2013-06-11,199,6,611.3,89.296875,1,1,0.8,1.0500008713341158,0.9999392980067919,Optimization terminated successfully
2013-06-11,199,7,611.3,89.296875,1,1,0.8,1.0499992240013603,0.9999596647484098,Optimization terminated successfully
2013-06-11,199,8,611.3,89.296875,1,1,0.8,1.050000928455475,0.9879229223118194,Optimization terminated successfully
2013-06-11,199,9,611.3,89.296875,1,1,0.8,1.0499989751316743,0.9999367659300628,Optimization terminated successfully
2013-06-12,200,0,611.3,89.296875,1,1,0.8,1.05000007662884,0.9999867711825988,Optimization terminated successfully
2013-06-12,200,1,611.3,89.296875,1,1,0.8,1.0500003803107978,0.9870350889972194,Optimization terminated successfully
2013-06-12,200,2,611.3,89.296875,1,1,0.8,1.0500006092325487,0.9999956536361103,Optimization terminated successfully
2013-06-12,200,3,611.3,89.296875,1,1,0.8,1.0500003258456585,0.9999384678479614,Optimization terminated successfully
2013-06-12,200,4,611.3,89.296875,1,1,0.8,1.0500002557722314,0.9999982502193892,Optimization terminated successfully
2013-06-12,200,5,611.3,89.296875,1,1,0.8,1.0500004870609345,0.9999682321898286,Optimization terminated successfully
2013-06-12,200,6,611.3,89.296875,1,1,0.8,1.050000737646778,0.9999710573612047,Optimization terminated successfully
2013-06-12,200,7,611.3,89.296875,1,1,0.8,1.0500006156613675,0.9999797028518109,Optimization terminated successfully
2013-06-12,200,8,611.3,89.296875,1,1,0.8,1.0500007579670356,0.9999512817299906,Optimization terminated successfully
2013-06-12,200,9,611.3,89.296875,1,1,0.8,1.050000958291966,0.9999874454904968,Optimization terminated successfully
2013-06-13,201,0,611.3,89.296875,1,1,0.8,1.0497840577595516,0.9999958072140431,Optimization terminated successfully
2013-06-13,201,1,611.3,89.296875,1,1,0.8,1.0500004183543794,0.9999650012120945,Optimization terminated successfully
2013-06-13,201,2,611.3,89.296875,1,1,0.8,1.0499995884845907,0.9676586841005002,Optimization terminated successfully
2013-06-13,201,3,611.3,89.296875,1,1,0.8,1.0499998340941636,0.9999162108414953,Optimization terminated successfully
2013-06-13,201,4,611.3,89.296875,1,1,0.8,1.0499996600417458,0.9999749120379581,Optimization terminated successfully
2013-06-13,201,5,611.3,89.296875,1,1,0.8,1.049998985779041,0.9999744079482692,Optimization terminated successfully
2013-06-13,201,6,611.3,89.296875,1,1,0.8,1.050000998396751,1.0000005462950825,Optimization terminated successfully
2013-06-13,201,7,611.3,89.296875,1,1,0.8,1.0500001207039575,0.9999386068086419,Optimization terminated successfully
2013-06-13,201,8,611.3,89.296875,1,1,0.8,1.0499993380123396,0.9999844875630092,Optimization terminated successfully
2013-06-13,201,9,611.3,89.296875,1,1,0.8,1.0499987875730366,0.9999921522321727,Optimization terminated successfully
2013-06-14,202,0,611.3,89.296875,1,1,0.8,1.0499995474820913,0.9999779330225691,Optimization terminated successfully
2013-06-14,202,1,611.3,89.296875,1,1,0.8,1.0500001563962245,0.9611450533627466,Optimization terminated successfully
2013-06-14,202,2,611.3,89.296875,1,1,0.8,1.0500005639423222,0.9962645939766215,Optimization terminated successfully
2013-06-14,202,3,611.3,89.296875,1,1,0.8,1.050000931625939,0.9833609755552929,Optimization terminated successfully
2013-06-14,202,4,611.3,89.296875,1,1,0.8,1.0500003354255651,0.9969998629185828,Optimization terminated successfully
2013-06-14,202,5,611.3,89.296875,1,1,0.8,1.05000012083621,0.9999797427280009,Optimization terminated successfully
2013-06-14,202,6,611.3,89.296875,1,1,0.8,1.050000942700627,0.9935277961632552,Optimization terminated successfully
2013-06-14,202,7,611.3,89.296875,1,1,0.8,1.0499999249457308,0.9999602450431035,Optimization terminated successfully
2013-06-14,202,8,611.3,89.296875,1,1,0.8,1.0500002496526246,0.9703208796906924,Optimization terminated successfully
2013-06-14,202,9,611.3,89.296875,1,1,0.8,1.0499998367631076,0.9999777364766884,Optimization terminated successfully
2013-06-15,203,0,611.3,89.296875,1,1,0.8,1.049998741582319,0.9999864155830225,Optimization terminated successfully
2013-06-15,203,1,611.3,89.296875,1,1,0.8,1.0500004571635966,0.9929131138562372,Optimization terminated successfully
2013-06-15,203,2,611.3,89.296875,1,1,0.8,1.0499997647758537,0.9999762015214749,Optimization terminated successfully
2013-06-15,203,3,611.3,89.296875,1,1,0.8,1.050000034276174,0.9999232897518974,Optimization terminated successfully
2013-06-15,203,4,611.3,89.296875,1,1,0.8,1.050000457016421,0.9857898308202147,Optimization terminated successfully
2013-06-15,203,5,611.3,89.296875,1,1,0.8,1.0500000549838238,0.9999261050820211,Optimization terminated successfully
2013-06-15,203,6,611.3,89.296875,1,1,0.8,1.0499994156913688,0.9999606144299307,Optimization terminated successfully
2013-06-15,203,7,611.3,89.296875,1,1,0.8,1.0500006670087074,0.9999996208374516,Optimization terminated successfully
2013-06-15,203,8,611.3,89.296875,1,1,0.8,1.050000297650355,0.9991438234773622,Optimization terminated successfully
2013-06-15,203,9,611.3,89.296875,1,1,0.8,1.050000816753736,0.9999540423394047,Optimization terminated successfully
2013-06-16,204,0,611.3,89.296875,1,1,0.8,1.0499984974898091,0.999999691310416,Optimization terminated successfully
2013-06-16,204,1,611.3,89.296875,1,1,0.8,1.0500009155222751,0.9749499411572556,Optimization terminated successfully
2013-06-16,204,2,611.3,89.296875,1,1,0.8,1.049999351899155,0.999929688262965,Optimization terminated successfully
2013-06-16,204,3,611.3,89.296875,1,1,0.8,1.0499998151147043,0.9999284249480535,Optimization terminated successfully
2013-06-16,204,4,611.3,89.296875,1,1,0.8,1.0500002609646932,0.8907106349568759,Optimization terminated successfully
2013-06-16,204,5,611.3,89.296875,1,1,0.8,1.050000945937539,0.9999235848704892,Optimization terminated successfully
2013-06-16,204,6,611.3,89.296875,1,1,0.8,1.0500006969188607,0.9747061200318801,Optimization terminated successfully
2013-06-16,204,7,611.3,89.296875,1,1,0.8,1.0500004438422623,0.999932908063074,Optimization terminated successfully
2013-06-16,204,8,611.3,89.296875,1,1,0.8,1.050000494596383,0.978021626958961,Optimization terminated successfully
2013-06-16,204,9,611.3,89.296875,1,1,0.8,1.0499999888453593,0.9999611090466956,Optimization terminated successfully
2013-06-17,205,0,611.3,89.296875,1,1,0.8,1.0500000384195327,0.9999699689717843,Optimization terminated successfully
2013-06-17,205,1,611.3,89.296875,1,1,0.8,1.0499997100678515,0.9999638937885011,Optimization terminated successfully
2013-06-17,205,2,611.3,89.296875,1,1,0.8,1.0499993243379215,0.9999860833091906,Optimization terminated successfully
2013-06-17,205,3,611.3,89.296875,1,1,0.8,1.0500007471363277,0.9879169907890443,Optimization terminated successfully
2013-06-17,205,4,611.3,89.296875,1,1,0.8,1.0500008385545094,0.9885317824124036,Optimization terminated successfully
2013-06-17,205,5,611.3,89.296875,1,1,0.8,1.0499998022134895,0.999978666740794,Optimization terminated successfully
2013-06-17,205,6,611.3,89.296875,1,1,0.8,1.0499996479988989,1.0000002139651578,Optimization terminated successfully
2013-06-17,205,7,611.3,89.296875,1,1,0.8,1.0499998783540547,0.999988687250055,Optimization terminated successfully
2013-06-17,205,8,611.3,89.296875,1,1,0.8,1.0499991397979944,0.9999355805867752,Optimization terminated successfully
2013-06-17,205,9,611.3,89.296875,1,1,0.8,1.0500008678564927,0.9999840548971313,Optimization terminated successfully
2013-06-18,206,0,611.3,89.296875,1,1,0.8,1.050000302631366,0.9999548343420465,Optimization terminated successfully
2013-06-18,206,1,611.3,89.296875,1,1,0.8,1.0499998460004962,0.9999480383850883,Optimization terminated successfully
2013-06-18,206,2,611.3,89.296875,1,1,0.8,1.0499997213276764,0.9867822433815931,Optimization terminated successfully
2013-06-18,206,3,611.3,89.296875,1,1,0.8,1.050000511224116,0.9934522450396728,Optimization terminated successfully
2013-06-18,206,4,611.3,89.296875,1,1,0.8,1.0499994612382153,0.9788635523976423,Optimization terminated successfully
2013-06-18,206,5,611.3,89.296875,1,1,0.8,1.0500009132753378,0.9999398046515796,Optimization terminated successfully
2013-06-18,206,6,611.3,89.296875,1,1,0.8,1.0500001923698332,0.9999390689870629,Optimization terminated successfully
2013-06-18,206,7,611.3,89.296875,1,1,0.8,1.0499989833567618,0.999990150297624,Optimization terminated successfully
2013-06-18,206,8,611.3,89.296875,1,1,0.8,1.0500005861538124,0.999985265187281,Optimization terminated successfully
2013-06-18,206,9,611.3,89.296875,1,1,0.8,1.050000916534163,0.9999915179514942,Optimization terminated successfully
2013-06-19,207,0,611.3,89.296875,1,1,0.8,1.0495166440319075,0.9999998201070732,Optimization terminated successfully
2013-06-19,207,1,611.3,89.296875,1,1,0.8,1.0499990632140368,0.9999170831149642,Optimization terminated successfully
2013-06-19,207,2,611.3,89.296875,1,1,0.8,1.049999043255387,0.9999882658332298,Optimization terminated successfully
2013-06-19,207,3,611.3,89.296875,1,1,0.8,1.050000602346602,0.974661948990534,Optimization terminated successfully
2013-06-19,207,4,611.3,89.296875,1,1,0.8,1.0500001424649283,0.9999310719848117,Optimization terminated successfully
2013-06-19,207,5,611.3,89.296875,1,1,0.8,1.0500006318872281,0.9999927152967087,Optimization terminated successfully
2013-06-19,207,6,611.3,89.296875,1,1,0.8,1.0499989342660774,0.9999718100927292,Optimization terminated successfully
2013-06-19,207,7,611.3,89.296875,1,1,0.8,1.0499986480857122,0.9999842422486952,Optimization terminated successfully
2013-06-19,207,8,611.3,89.296875,1,1,0.8,1.0499986119140194,0.9999922737845276,Optimization terminated successfully
2013-06-19,207,9,611.3,89.296875,1,1,0.8,1.0499992716323585,0.9999335597445115,Optimization terminated successfully
2013-06-20,208,0,611.3,89.296875,1,1,0.8,1.048788451452459,0.9999992745137157,Optimization terminated successfully
2013-06-20,208,1,611.3,89.296875,1,1,0.8,1.0499998451040167,0.9999662076971062,Optimization terminated successfully
2013-06-20,208,2,611.3,89.296875,1,1,0.8,1.0499998901420422,0.9999634945276317,Optimization terminated successfully
2013-06-20,208,3,611.3,89.296875,1,1,0.8,1.0499989206139102,0.9999334159223046,Optimization terminated successfully
2013-06-20,208,4,611.3,89.296875,1,1,0.8,1.0500007088755614,0.9999946857869311,Optimization terminated successfully
2013-06-20,208,5,611.3,89.296875,1,1,0.8,1.0492064441049223,0.9999285216033296,Optimization terminated successfully
2013-06-20,208,6,611.3,89.296875,1,1,0.8,1.0499987283477454,0.9999221450534415,Optimization terminated successfully
2013-06-20,208,7,611.3,89.296875,1,1,0.8,1.0500002652561335,0.9999854773351109,Optimization terminated successfully
2013-06-20,208,8,611.3,89.296875,1,1,0.8,1.0500005428972248,0.9927422701535601,Optimization terminated successfully
2013-06-20,208,9,611.3,89.296875,1,1,0.8,1.049998479915877,1.0000000761866226,Optimization terminated successfully
2013-06-21,209,0,611.3,89.296875,1,1,0.8,1.0500004451992004,0.999919902458704,Optimization terminated successfully
2013-06-21,209,1,611.3,89.296875,1,1,0.8,1.0500002433221693,0.9999942162535139,Optimization terminated successfully
2013-06-21,209,2,611.3,89.296875,1,1,0.8,1.0499995481217017,0.9999700602970154,Optimization terminated successfully
2013-06-21,209,3,611.3,89.296875,1,1,0.8,1.050000178741078,0.9999429889054819,Optimization terminated successfully
2013-06-21,209,4,611.3,89.296875,1,1,0.8,1.0499996547724795,0.9999360378389887,Optimization terminated successfully
2013-06-21,209,5,611.3,89.296875,1,1,0.8,1.0500006472532524,0.99998039230478,Optimization terminated successfully
2013-06-21,209,6,611.3,89.296875,1,1,0.8,1.0500009600609497,0.9999386082361501,Optimization terminated successfully
2013-06-21,209,7,611.3,89.296875,1,1,0.8,1.0499997946519166,0.9999487832807533,Optimization terminated successfully
2013-06-21,209,8,611.3,89.296875,1,1,0.8,1.0499990901219969,0.9999930948630513,Optimization terminated successfully
2013-06-21,209,9,611.3,89.296875,1,1,0.8,1.0499985886486984,0.9999940937359517,Optimization terminated successfully
2013-06-22,210,0,611.3,89.296875,1,1,0.8,1.0499999352165652,0.9999693253779742,Optimization terminated successfully
2013-06-22,210,1,611.3,89.296875,1,1,0.8,1.0499994484066064,0.9999879950159541,Optimization terminated successfully
2013-06-22,210,2,611.3,89.296875,1,1,0.8,1.0499988588640352,0.9999636929774983,Optimization terminated successfully
2013-06-22,210,3,611.3,89.296875,1,1,0.8,1.0500001071951166,0.9999424207498226,Optimization terminated successfully
2013-06-22,210,4,611.3,89.296875,1,1,0.8,1.0500007411339973,0.9242248034309217,Optimization terminated successfully
2013-06-22,210,5,611.3,89.296875,1,1,0.8,1.0500008079247691,0.9999192848155114,Optimization terminated successfully
2013-06-22,210,6,611.3,89.296875,1,1,0.8,1.0500002242079434,0.9999849665106221,Optimization terminated successfully
2013-06-22,210,7,611.3,89.296875,1,1,0.8,1.0499992313171587,0.9999949081528544,Optimization terminated successfully
2013-06-22,210,8,611.3,89.296875,1,1,0.8,1.0499986820329903,0.9999911379679977,Optimization terminated successfully
2013-06-22,210,9,611.3,89.296875,1,1,0.8,1.04999935269025,0.9999894829162957,Optimization terminated successfully
2013-06-23,211,0,611.3,89.296875,1,1,0.8,1.0499989230176356,0.9999821326695013,Optimization terminated successfully
2013-06-23,211,1,611.3,89.296875,1,1,0.8,1.0500003307252332,0.999971258938459,Optimization terminated successfully
2013-06-23,211,2,611.3,89.296875,1,1,0.8,1.0500009718233905,0.9999744709795363,Optimization terminated successfully
2013-06-23,211,3,611.3,89.296875,1,1,0.8,1.049999041834066,1.000000020575337,Optimization terminated successfully
2013-06-23,211,4,611.3,89.296875,1,1,0.8,1.0500002584756043,0.9999596576220204,Optimization terminated successfully
2013-06-23,211,5,611.3,89.296875,1,1,0.8,1.0499999359749255,0.9999580656358421,Optimization terminated successfully
2013-06-23,211,6,611.3,89.296875,1,1,0.8,1.0500003372951383,0.9999490768307148,Optimization terminated successfully
2013-06-23,211,7,611.3,89.296875,1,1,0.8,1.0499985644882843,0.9999747463666492,Optimization terminated successfully
2013-06-23,211,8,611.3,89.296875,1,1,0.8,1.0499998686353649,0.9999742870880384,Optimization terminated successfully
2013-06-23,211,9,611.3,89.296875,1,1,0.8,1.050000261472082,0.9999619473360966,Optimization terminated successfully
2013-06-24,212,0,611.3,89.296875,1,1,0.8,1.0500008950662836,0.9999736893001373,Optimization terminated successfully
2013-06-24,212,1,611.3,89.296875,1,1,0.8,1.0500002686977918,0.9999640189242713,Optimization terminated successfully
2013-06-24,212,2,611.3,89.296875,1,1,0.8,1.0499997078905845,0.9999790469496478,Optimization terminated successfully
2013-06-24,212,3,611.3,89.296875,1,1,0.8,1.0499989882864018,0.9999873970344331,Optimization terminated successfully
2013-06-24,212,4,611.3,89.296875,1,1,0.8,1.0499656424169772,1.0000008307623078,Optimization terminated successfully
2013-06-24,212,5,611.3,89.296875,1,1,0.8,1.0499996462107877,0.9999937311416397,Optimization terminated successfully
2013-06-24,212,6,611.3,89.296875,1,1,0.8,1.0499995257889678,0.9999871488643107,Optimization terminated successfully
2013-06-24,212,7,611.3,89.296875,1,1,0.8,1.0500001718596632,0.9999331601269028,Optimization terminated successfully
2013-06-24,212,8,611.3,89.296875,1,1,0.8,1.0500005369037986,0.999957951136873,Optimization terminated successfully
2013-06-24,212,9,611.3,89.296875,1,1,0.8,1.049998833352099,0.9999749175453261,Optimization terminated successfully
2013-06-25,213,0,611.3,89.296875,1,1,0.8,1.0500009620897506,0.9999841389511537,Optimization terminated successfully
2013-06-25,213,1,611.3,89.296875,1,1,0.8,1.0499990095289837,0.9999996854214733,Optimization terminated successfully
2013-06-25,213,2,611.3,89.296875,1,1,0.8,1.049999604900962,0.989884275642552,Optimization terminated successfully
2013-06-25,213,3,611.3,89.296875,1,1,0.8,1.050000844604394,0.9999234792577087,Optimization terminated successfully
2013-06-25,213,4,611.3,89.296875,1,1,0.8,1.0499986068167109,0.9999464512711366,Optimization terminated successfully
2013-06-25,213,5,611.3,89.296875,1,1,0.8,1.0499996064046104,0.99995136045303,Optimization terminated successfully
2013-06-25,213,6,611.3,89.296875,1,1,0.8,1.049998509206475,0.9999736984934404,Optimization terminated successfully
2013-06-25,213,7,611.3,89.296875,1,1,0.8,1.0500004220696344,0.9999937611547018,Optimization terminated successfully
2013-06-25,213,8,611.3,89.296875,1,1,0.8,1.0499997613526526,0.9999965459199501,Optimization terminated successfully
2013-06-25,213,9,611.3,89.296875,1,1,0.8,1.049998699191279,0.9999836465315829,Optimization terminated successfully
2013-06-26,214,0,611.3,89.296875,1,1,0.8,1.0495477418572583,0.9999979811908969,Optimization terminated successfully
2013-06-26,214,1,611.3,89.296875,1,1,0.8,1.050000492686728,0.9999431711904743,Optimization terminated successfully
2013-06-26,214,2,611.3,89.296875,1,1,0.8,1.0500003936986018,0.9999562006909235,Optimization terminated successfully
2013-06-26,214,3,611.3,89.296875,1,1,0.8,1.0500003725333118,0.9999596482321067,Optimization terminated successfully
2013-06-26,214,4,611.3,89.296875,1,1,0.8,1.049999342424994,0.9999867384498755,Optimization terminated successfully
2013-06-26,214,5,611.3,89.296875,1,1,0.8,1.0499988576539392,0.9999574069300473,Optimization terminated successfully
2013-06-26,214,6,611.3,89.296875,1,1,0.8,1.0500002675300275,0.999930422235744,Optimization terminated successfully
2013-06-26,214,7,611.3,89.296875,1,1,0.8,1.0499986348877142,0.9999943481339386,Optimization terminated successfully
2013-06-26,214,8,611.3,89.296875,1,1,0.8,1.0500001190656798,0.9999172246644528,Optimization terminated successfully
2013-06-26,214,9,611.3,89.296875,1,1,0.8,1.0499995246126241,0.9999199522076445,Optimization terminated successfully
2013-06-27,215,0,611.3,89.296875,1,1,0.8,1.049999258328105,0.9999591123625532,Optimization terminated successfully
2013-06-27,215,1,611.3,89.296875,1,1,0.8,1.0499999766301402,0.9910793425605686,Optimization terminated successfully
2013-06-27,215,2,611.3,89.296875,1,1,0.8,1.0500004435254169,0.9999631239270308,Optimization terminated successfully
2013-06-27,215,3,611.3,89.296875,1,1,0.8,1.0500008211887544,0.999967703632492,Optimization terminated successfully
2013-06-27,215,4,611.3,89.296875,1,1,0.8,1.0500003646298188,0.9999723583515595,Optimization terminated successfully
2013-06-27,215,5,611.3,89.296875,1,1,0.8,1.049999359882683,0.9999527679437247,Optimization terminated successfully
2013-06-27,215,6,611.3,89.296875,1,1,0.8,1.0499999345197417,0.9999373986032875,Optimization terminated successfully
2013-06-27,215,7,611.3,89.296875,1,1,0.8,1.049999294648606,0.9999595225664091,Optimization terminated successfully
2013-06-27,215,8,611.3,89.296875,1,1,0.8,1.049999515530594,0.9999151158728768,Optimization terminated successfully
2013-06-27,215,9,611.3,89.296875,1,1,0.8,1.0499986349696626,0.9999746892765395,Optimization terminated successfully
2013-06-28,216,0,611.3,89.296875,1,1,0.8,1.0500007448781,0.9999857859506992,Optimization terminated successfully
2013-06-28,216,1,611.3,89.296875,1,1,0.8,1.0499994522706568,0.9999680052017709,Optimization terminated successfully
2013-06-28,216,2,611.3,89.296875,1,1,0.8,1.0499994918125894,0.9748551834209921,Optimization terminated successfully
2013-06-28,216,3,611.3,89.296875,1,1,0.8,1.0499989215548367,0.9999750320846107,Optimization terminated successfully
2013-06-28,216,4,611.3,89.296875,1,1,0.8,1.0500005391363356,0.9999574704699588,Optimization terminated successfully
2013-06-28,216,5,611.3,89.296875,1,1,0.8,1.0499999017520039,0.9999205943827443,Optimization terminated successfully
2013-06-28,216,6,611.3,89.296875,1,1,0.8,1.0500002967774733,0.9999841787171956,Optimization terminated successfully
2013-06-28,216,7,611.3,89.296875,1,1,0.8,1.0500007744779578,0.9999896519167412,Optimization terminated successfully
2013-06-28,216,8,611.3,89.296875,1,1,0.8,1.0500007683859331,0.9969403346712856,Optimization terminated successfully
2013-06-28,216,9,611.3,89.296875,1,1,0.8,1.0499995616097517,0.9999537070312415,Optimization terminated successfully
2013-06-29,217,0,611.3,89.296875,1,1,0.8,1.0499993502732194,0.999999106630067,Optimization terminated successfully
2013-06-29,217,1,611.3,89.296875,1,1,0.8,1.050000832587745,0.995359881199457,Optimization terminated successfully
2013-06-29,217,2,611.3,89.296875,1,1,0.8,1.050000227089875,0.9964915489997215,Optimization terminated successfully
2013-06-29,217,3,611.3,89.296875,1,1,0.8,1.050000480431688,0.9999948836406289,Optimization terminated successfully
2013-06-29,217,4,611.3,89.296875,1,1,0.8,1.0499990456993038,0.9999839942610373,Optimization terminated successfully
2013-06-29,217,5,611.3,89.296875,1,1,0.8,1.049999330176528,0.9999788918727879,Optimization terminated successfully
2013-06-29,217,6,611.3,89.296875,1,1,0.8,1.0500004418889906,0.9999875369165959,Optimization terminated successfully
2013-06-29,217,7,611.3,89.296875,1,1,0.8,1.050000297711052,0.9999972240796593,Optimization terminated successfully
2013-06-29,217,8,611.3,89.296875,1,1,0.8,1.050000625669799,0.9999890297120144,Optimization terminated successfully
2013-06-29,217,9,611.3,89.296875,1,1,0.8,1.0499986518603115,0.9999922516968308,Optimization terminated successfully
2013-06-30,218,0,611.3,89.296875,1,1,0.8,1.0499988150601733,0.999999334407662,Optimization terminated successfully
2013-06-30,218,1,611.3,89.296875,1,1,0.8,1.0500004419015059,0.9860564422255493,Optimization terminated successfully
2013-06-30,218,2,611.3,89.296875,1,1,0.8,1.0499992772582387,0.9999381849757423,Optimization terminated successfully
2013-06-30,218,3,611.3,89.296875,1,1,0.8,1.0499987247629723,0.9999265222669461,Optimization terminated successfully
2013-06-30,218,4,611.3,89.296875,1,1,0.8,1.0500001348283716,0.9999458460193154,Optimization terminated successfully
2013-06-30,218,5,611.3,89.296875,1,1,0.8,1.0500001393747644,0.9999381420333102,Optimization terminated successfully
2013-06-30,218,6,611.3,89.296875,1,1,0.8,1.0500007859007032,0.9999684602482817,Optimization terminated successfully
2013-06-30,218,7,611.3,89.296875,1,1,0.8,1.0499990264402197,0.999988003904412,Optimization terminated successfully
2013-06-30,218,8,611.3,89.296875,1,1,0.8,1.0500006162608433,0.9664837359617746,Optimization terminated successfully
2013-06-30,218,9,611.3,89.296875,1,1,0.8,1.0500008678246042,0.9999907943449413,Optimization terminated successfully
