date,group,site,baseline_feasible,service_kw__energy_only,service_kw__fixed_recovery,service_kw__myopic_recovery,service_kw__network_lp,replay_feasible__energy_only,replay_feasible__fixed_recovery,replay_feasible__myopic_recovery,replay_feasible__network_lp,service_kw_diff__network_lp_minus_fixed_recovery,replay_feasible_diff__network_lp_minus_fixed_recovery,service_kw_diff__network_lp_minus_myopic_recovery,replay_feasible_diff__network_lp_minus_myopic_recovery,service_kw_diff__network_lp_minus_energy_only,replay_feasible_diff__network_lp_minus_energy_only
2012-07-01,0,611.3,1,238.28125,154.53125,154.53125,154.53125,0.0,1.0,1.0,1.0,0.0,0.0,0.0,0.0,-83.75,1.0
2012-07-01,0,634.1,1,258.28125,174.375,164.25676271906244,174.375,0.0,1.0,1.0,1.0,0.0,0.0,10.118237280937564,0.0,-83.90625,1.0
2012-07-01,1,611.3,1,300.0,150.15625,150.15625,150.15625,0.0,1.0,1.0,1.0,0.0,0.0,0.0,0.0,-149.84375,1.0
2012-07-01,1,634.1,1,254.609375,172.34375,166.06352541437494,172.34375,0.0,1.0,1.0,1.0,0.0,0.0,6.280224585625064,0.0,-82.265625,1.0
2012-07-01,2,611.3,1,244.375,156.796875,156.796875,156.796875,0.0,1.0,1.0,1.0,0.0,0.0,0.0,0.0,-87.578125,1.0
2012-07-01,2,634.1,1,256.484375,177.890625,174.55090334406242,177.890625,0.0,1.0,1.0,1.0,0.0,0.0,3.3397216559375806,0.0,-78.59375,1.0
2012-07-01,3,611.3,1,289.296875,153.4375,153.4375,153.4375,0.0,1.0,1.0,1.0,0.0,0.0,0.0,0.0,-135.859375,1.0
2012-07-01,3,634.1,1,257.34375,173.90625,162.21203615656242,173.90625,0.0,1.0,1.0,1.0,0.0,0.0,11.69421384343758,0.0,-83.4375,1.0
2012-07-01,4,611.3,1,268.359375,156.484375,156.484375,156.484375,0.0,1.0,1.0,1.0,0.0,0.0,0.0,0.0,-111.875,1.0
2012-07-01,4,634.1,1,261.328125,177.03125,161.78898928156244,177.03125,0.0,1.0,1.0,1.0,0.0,0.0,15.242260718437564,0.0,-84.296875,1.0
2012-07-01,5,611.3,1,228.90625,141.09375,141.09375,141.09375,0.0,1.0,1.0,1.0,0.0,0.0,0.0,0.0,-87.8125,1.0
2012-07-01,5,634.1,1,253.671875,168.359375,168.359375,168.359375,0.0,1.0,1.0,1.0,0.0,0.0,0.0,0.0,-85.3125,1.0
2012-07-01,6,611.3,1,271.875,159.296875,159.296875,159.296875,0.0,1.0,1.0,1.0,0.0,0.0,0.0,0.0,-112.578125,1.0
2012-07-01,6,634.1,1,256.09375,184.921875,166.93605959406244,184.921875,0.0,1.0,1.0,1.0,0.0,0.0,17.985815405937558,0.0,-71.171875,1.0
2012-07-01,7,611.3,1,277.65625,157.8125,157.8125,157.8125,0.0,1.0,1.0,1.0,0.0,0.0,0.0,0.0,-119.84375,1.0
2012-07-01,7,634.1,1,257.578125,181.328125,156.07785646906245,181.328125,0.0,1.0,1.0,1.0,0.0,0.0,25.250268530937547,0.0,-76.25,1.0
2012-07-01,8,611.3,1,278.203125,158.671875,158.671875,158.671875,0.0,1.0,1.0,1.0,0.0,0.0,0.0,0.0,-119.53125,1.0
2012-07-01,8,634.1,1,259.921875,175.390625,160.86357424249994,175.390625,0.0,1.0,1.0,1.0,0.0,0.0,14.527050757500064,0.0,-84.53125,1.0
2012-07-01,9,611.3,1,271.484375,159.6875,159.6875,159.6875,0.0,1.0,1.0,1.0,0.0,0.0,0.0,0.0,-111.796875,1.0
2012-07-01,9,634.1,1,260.78125,187.578125,154.69414064874994,187.578125,0.0,1.0,1.0,1.0,0.0,0.0,32.883984351250064,0.0,-73.203125,1.0
2012-07-02,0,611.3,1,195.546875,124.53125,124.53125,124.53125,0.0,1.0,1.0,1.0,0.0,0.0,0.0,0.0,-71.015625,1.0
2012-07-02,0,634.1,1,258.203125,137.8125,137.8125,137.8125,0.0,1.0,1.0,1.0,0.0,0.0,0.0,0.0,-120.390625,1.0
2012-07-02,1,611.3,1,298.4375,144.375,144.375,144.375,0.0,1.0,1.0,1.0,0.0,0.0,0.0,0.0,-154.0625,1.0
2012-07-02,1,634.1,1,255.078125,160.390625,160.390625,160.390625,0.0,1.0,1.0,1.0,0.0,0.0,0.0,0.0,-94.6875,1.0
2012-07-02,2,611.3,1,246.484375,157.265625,157.265625,157.265625,0.0,1.0,1.0,1.0,0.0,0.0,0.0,0.0,-89.21875,1.0
2012-07-02,2,634.1,1,259.453125,174.6875,168.37265627374993,174.6875,0.0,1.0,1.0,1.0,0.0,0.0,6.314843726250075,0.0,-84.765625,1.0
2012-07-02,3,611.3,1,253.359375,158.984375,158.984375,158.984375,0.0,1.0,1.0,1.0,0.0,0.0,0.0,0.0,-94.375,1.0
2012-07-02,3,634.1,1,257.421875,173.515625,163.38422853937493,173.515625,0.0,1.0,1.0,1.0,0.0,0.0,10.13139646062507,0.0,-83.90625,1.0
2012-07-02,4,611.3,1,262.109375,156.015625,156.015625,156.015625,0.0,1.0,1.0,1.0,0.0,0.0,0.0,0.0,-106.09375,1.0
2012-07-02,4,634.1,1,257.96875,175.3125,163.28728029718744,175.3125,0.0,1.0,1.0,1.0,0.0,0.0,12.025219702812564,0.0,-82.65625,1.0
2012-07-02,5,611.3,1,262.265625,141.5625,141.5625,141.5625,0.0,1.0,1.0,1.0,0.0,0.0,0.0,0.0,-120.703125,1.0
2012-07-02,5,634.1,1,256.015625,148.75,148.75,148.75,0.0,1.0,1.0,1.0,0.0,0.0,0.0,0.0,-107.265625,1.0
2012-07-02,6,611.3,1,256.5625,159.21875,159.21875,159.21875,0.0,1.0,1.0,1.0,0.0,0.0,0.0,0.0,-97.34375,1.0
2012-07-02,6,634.1,1,255.703125,172.1875,163.50761721124994,172.1875,0.0,1.0,1.0,1.0,0.0,0.0,8.679882788750064,0.0,-83.515625,1.0
2012-07-02,7,611.3,1,270.546875,143.671875,143.671875,143.671875,0.0,1.0,1.0,1.0,0.0,0.0,0.0,0.0,-126.875,1.0
2012-07-02,7,634.1,1,260.078125,154.84375,154.84375,154.84375,0.0,1.0,1.0,1.0,0.0,0.0,0.0,0.0,-105.234375,1.0
2012-07-02,8,611.3,1,300.0,166.5625,166.5625,166.5625,0.0,1.0,1.0,1.0,0.0,0.0,0.0,0.0,-133.4375,1.0
2012-07-02,8,634.1,1,255.9375,174.375,167.12114260187494,174.375,0.0,1.0,1.0,1.0,0.0,0.0,7.253857398125064,0.0,-81.5625,1.0
2012-07-02,9,611.3,1,255.546875,158.59375,158.59375,158.59375,0.0,1.0,1.0,1.0,0.0,0.0,0.0,0.0,-96.953125,1.0
2012-07-02,9,634.1,1,256.953125,173.359375,166.26623537531242,173.359375,0.0,1.0,1.0,1.0,0.0,0.0,7.093139624687581,0.0,-83.59375,1.0
2012-07-03,0,611.3,1,238.515625,130.15625,130.15625,130.15625,0.0,1.0,1.0,1.0,0.0,0.0,0.0,0.0,-108.359375,1.0
2012-07-03,0,634.1,1,261.71875,137.34375,137.34375,137.34375,0.0,1.0,1.0,1.0,0.0,0.0,0.0,0.0,-124.375,1.0
2012-07-03,1,611.3,1,290.390625,159.21875,159.21875,159.21875,0.0,1.0,1.0,1.0,0.0,0.0,0.0,0.0,-131.171875,1.0
2012-07-03,1,634.1,1,254.140625,163.90625,163.90625,163.90625,0.0,1.0,1.0,1.0,0.0,0.0,0.0,0.0,-90.234375,1.0
2012-07-03,2,611.3,1,247.265625,110.625,110.625,110.625,0.0,1.0,1.0,1.0,0.0,0.0,0.0,0.0,-136.640625,1.0
2012-07-03,2,634.1,1,256.875,118.203125,118.203125,118.203125,0.0,1.0,1.0,1.0,0.0,0.0,0.0,0.0,-138.671875,1.0
2012-07-03,3,611.3,1,281.5625,141.796875,141.796875,141.796875,0.0,1.0,1.0,1.0,0.0,0.0,0.0,0.0,-139.765625,1.0
2012-07-03,3,634.1,1,259.6875,154.6875,154.6875,154.6875,0.0,1.0,1.0,1.0,0.0,0.0,0.0,0.0,-105.0,1.0
2012-07-03,4,611.3,1,289.296875,157.890625,157.890625,157.890625,0.0,1.0,1.0,1.0,0.0,0.0,0.0,0.0,-131.40625,1.0
2012-07-03,4,634.1,1,258.203125,177.734375,163.63100588312494,177.734375,0.0,1.0,1.0,1.0,0.0,0.0,14.103369116875058,0.0,-80.46875,1.0
2012-07-03,5,611.3,1,240.859375,151.328125,151.328125,151.328125,0.0,1.0,1.0,1.0,0.0,0.0,0.0,0.0,-89.53125,1.0
2012-07-03,5,634.1,1,257.890625,154.296875,154.296875,154.296875,0.0,1.0,1.0,1.0,0.0,0.0,0.0,0.0,-103.59375,1.0
2012-07-03,6,611.3,1,256.640625,149.53125,149.53125,149.53125,0.0,1.0,1.0,1.0,0.0,0.0,0.0,0.0,-107.109375,1.0
2012-07-03,6,634.1,1,255.78125,155.78125,155.78125,155.78125,0.0,1.0,1.0,1.0,0.0,0.0,0.0,0.0,-100.0,1.0
2012-07-03,7,611.3,1,300.0,160.3125,160.3125,160.3125,0.0,1.0,1.0,1.0,0.0,0.0,0.0,0.0,-139.6875,1.0
2012-07-03,7,634.1,1,258.90625,175.703125,162.72321779718743,175.703125,0.0,1.0,1.0,1.0,0.0,0.0,12.97990720281257,0.0,-83.203125,1.0
2012-07-03,8,611.3,1,277.578125,126.796875,126.796875,126.796875,0.0,1.0,1.0,1.0,0.0,0.0,0.0,0.0,-150.78125,1.0
2012-07-03,8,634.1,1,255.546875,130.625,130.625,130.625,0.0,1.0,1.0,1.0,0.0,0.0,0.0,0.0,-124.921875,1.0
2012-07-03,9,611.3,1,250.234375,135.703125,135.703125,135.703125,0.0,1.0,1.0,1.0,0.0,0.0,0.0,0.0,-114.53125,1.0
2012-07-03,9,634.1,1,254.21875,147.1875,147.1875,147.1875,0.0,1.0,1.0,1.0,0.0,0.0,0.0,0.0,-107.03125,1.0
2012-07-04,0,611.3,1,240.859375,154.6875,154.6875,154.6875,0.0,1.0,1.0,1.0,0.0,0.0,0.0,0.0,-86.171875,1.0
2012-07-04,0,634.1,1,258.984375,162.421875,162.421875,162.421875,0.0,1.0,1.0,1.0,0.0,0.0,0.0,0.0,-96.5625,1.0
2012-07-04,1,611.3,1,273.28125,157.109375,157.109375,157.109375,0.0,1.0,1.0,1.0,0.0,0.0,0.0,0.0,-116.171875,1.0
2012-07-04,1,634.1,1,260.46875,170.46875,161.39238283624994,170.46875,0.0,1.0,1.0,1.0,0.0,0.0,9.076367163750064,0.0,-90.0,1.0
2012-07-04,2,611.3,1,251.875,130.859375,130.859375,130.859375,0.0,1.0,1.0,1.0,0.0,0.0,0.0,0.0,-121.015625,1.0
2012-07-04,2,634.1,1,255.703125,136.71875,136.71875,136.71875,0.0,1.0,1.0,1.0,0.0,0.0,0.0,0.0,-118.984375,1.0
2012-07-04,3,611.3,1,244.609375,157.890625,157.890625,157.890625,0.0,1.0,1.0,1.0,0.0,0.0,0.0,0.0,-86.71875,1.0
2012-07-04,3,634.1,1,259.6875,181.484375,157.21479494562493,181.484375,0.0,1.0,1.0,1.0,0.0,0.0,24.26958005437507,0.0,-78.203125,1.0
2012-07-04,4,611.3,1,283.59375,157.65625,157.65625,157.65625,0.0,1.0,1.0,1.0,0.0,0.0,0.0,0.0,-125.9375,1.0
2012-07-04,4,634.1,1,258.046875,180.546875,162.52932131281244,180.546875,0.0,1.0,1.0,1.0,0.0,0.0,18.017553687187558,0.0,-77.5,1.0
2012-07-04,5,611.3,1,238.125,157.890625,157.890625,157.890625,0.0,1.0,1.0,1.0,0.0,0.0,0.0,0.0,-80.234375,1.0
2012-07-04,5,634.1,1,254.53125,174.21875,168.96315920343744,174.21875,0.0,1.0,1.0,1.0,0.0,0.0,5.255590796562558,0.0,-80.3125,1.0
2012-07-04,6,611.3,1,281.484375,161.015625,161.015625,161.015625,0.0,1.0,1.0,1.0,0.0,0.0,0.0,0.0,-120.46875,1.0
2012-07-04,6,634.1,1,256.5625,184.765625,159.64731447687493,184.765625,0.0,1.0,1.0,1.0,0.0,0.0,25.118310523125075,0.0,-71.796875,1.0
2012-07-04,7,611.3,1,290.078125,160.78125,160.78125,160.78125,0.0,1.0,1.0,1.0,0.0,0.0,0.0,0.0,-129.296875,1.0
2012-07-04,7,634.1,1,259.21875,191.09375,151.46840822687494,191.09375,0.0,1.0,1.0,1.0,0.0,0.0,39.62534177312506,0.0,-68.125,1.0
2012-07-04,8,611.3,1,269.84375,156.09375,156.09375,156.09375,0.0,1.0,1.0,1.0,0.0,0.0,0.0,0.0,-113.75,1.0
2012-07-04,8,634.1,1,256.09375,159.53125,159.53125,159.53125,0.0,1.0,1.0,1.0,0.0,0.0,0.0,0.0,-96.5625,1.0
2012-07-04,9,611.3,1,253.4375,147.34375,147.34375,147.34375,0.0,1.0,1.0,1.0,0.0,0.0,0.0,0.0,-106.09375,1.0
2012-07-04,9,634.1,1,261.640625,167.578125,160.00866701593742,167.578125,0.0,1.0,1.0,1.0,0.0,0.0,7.569457984062581,0.0,-94.0625,1.0
2012-07-05,0,611.3,1,214.296875,157.734375,157.734375,157.734375,0.0,1.0,1.0,1.0,0.0,0.0,0.0,0.0,-56.5625,1.0
2012-07-05,0,634.1,1,260.546875,174.84375,171.10483400812493,174.84375,0.0,1.0,1.0,1.0,0.0,0.0,3.738915991875075,0.0,-85.703125,1.0
2012-07-05,1,611.3,1,278.125,162.03125,162.03125,162.03125,0.0,1.0,1.0,1.0,0.0,0.0,0.0,0.0,-116.09375,1.0
2012-07-05,1,634.1,1,253.359375,177.65625,171.36042482843743,177.65625,0.0,1.0,1.0,1.0,0.0,0.0,6.295825171562569,0.0,-75.703125,1.0
2012-07-05,2,611.3,1,255.46875,146.171875,146.171875,146.171875,0.0,1.0,1.0,1.0,0.0,0.0,0.0,0.0,-109.296875,1.0
2012-07-05,2,634.1,1,254.921875,156.25,156.25,156.25,0.0,1.0,1.0,1.0,0.0,0.0,0.0,0.0,-98.671875,1.0
2012-07-05,3,611.3,1,233.28125,155.9375,155.9375,155.9375,0.0,1.0,1.0,1.0,0.0,0.0,0.0,0.0,-77.34375,1.0
2012-07-05,3,634.1,1,258.125,165.9375,162.74965822687494,165.9375,0.0,1.0,1.0,1.0,0.0,0.0,3.187841773125058,0.0,-92.1875,1.0
2012-07-05,4,611.3,1,243.828125,157.5,157.5,157.5,0.0,1.0,1.0,1.0,0.0,0.0,0.0,0.0,-86.328125,1.0
2012-07-05,4,634.1,1,258.515625,180.390625,159.35646975031244,180.390625,0.0,1.0,1.0,1.0,0.0,0.0,21.034155249687558,0.0,-78.125,1.0
2012-07-05,5,611.3,1,243.75,143.828125,143.828125,143.828125,0.0,1.0,1.0,1.0,0.0,0.0,0.0,0.0,-99.921875,1.0
2012-07-05,5,634.1,1,253.125,163.59375,163.59375,163.59375,0.0,1.0,1.0,1.0,0.0,0.0,0.0,0.0,-89.53125,1.0
2012-07-05,6,611.3,1,271.5625,151.328125,151.328125,151.328125,0.0,1.0,1.0,1.0,0.0,0.0,0.0,0.0,-120.234375,1.0
2012-07-05,6,634.1,1,256.484375,164.6875,163.18151857843742,164.6875,0.0,1.0,1.0,1.0,0.0,0.0,1.5059814215625806,0.0,-91.796875,1.0
2012-07-05,7,611.3,1,300.0,162.96875,162.96875,162.96875,0.0,1.0,1.0,1.0,0.0,0.0,0.0,0.0,-137.03125,1.0
2012-07-05,7,634.1,1,259.921875,184.6875,145.67795412531245,184.6875,0.0,1.0,1.0,1.0,0.0,0.0,39.00954587468755,0.0,-75.234375,1.0
2012-07-05,8,611.3,1,263.59375,158.4375,158.4375,158.4375,0.0,1.0,1.0,1.0,0.0,0.0,0.0,0.0,-105.15625,1.0
2012-07-05,8,634.1,1,257.34375,170.390625,170.390625,170.390625,0.0,1.0,1.0,1.0,0.0,0.0,0.0,0.0,-86.953125,1.0
2012-07-05,9,611.3,1,248.828125,159.53125,159.53125,159.53125,0.0,1.0,1.0,1.0,0.0,0.0,0.0,0.0,-89.296875,1.0
2012-07-05,9,634.1,1,258.125,179.375,157.30292971124993,179.375,0.0,1.0,1.0,1.0,0.0,0.0,22.07207028875007,0.0,-78.75,1.0
2012-07-06,0,611.3,1,283.75,157.1875,157.1875,157.1875,0.0,1.0,1.0,1.0,0.0,0.0,0.0,0.0,-126.5625,1.0
2012-07-06,0,634.1,1,261.25,179.140625,169.75637209406244,179.140625,0.0,1.0,1.0,1.0,0.0,0.0,9.384252905937558,0.0,-82.109375,1.0
2012-07-06,1,611.3,1,243.75,159.921875,159.921875,159.921875,0.0,1.0,1.0,1.0,0.0,0.0,0.0,0.0,-83.828125,1.0
2012-07-06,1,634.1,1,254.921875,172.03125,169.72993166437493,172.03125,0.0,1.0,1.0,1.0,0.0,0.0,2.3013183356250693,0.0,-82.890625,1.0
2012-07-06,2,611.3,1,249.6875,158.515625,158.515625,158.515625,0.0,1.0,1.0,1.0,0.0,0.0,0.0,0.0,-91.171875,1.0
2012-07-06,2,634.1,1,257.890625,172.265625,162.58220217218744,172.265625,0.0,1.0,1.0,1.0,0.0,0.0,9.683422827812564,0.0,-85.625,1.0
2012-07-06,3,611.3,1,251.875,158.515625,158.515625,158.515625,0.0,1.0,1.0,1.0,0.0,0.0,0.0,0.0,-93.359375,1.0
2012-07-06,3,634.1,1,258.046875,177.578125,158.97749025812493,177.578125,0.0,1.0,1.0,1.0,0.0,0.0,18.60063474187507,0.0,-80.46875,1.0
2012-07-06,4,611.3,1,298.59375,156.25,156.25,156.25,0.0,1.0,1.0,1.0,0.0,0.0,0.0,0.0,-142.34375,1.0
2012-07-06,4,634.1,1,257.265625,176.171875,158.14020998468743,176.171875,0.0,1.0,1.0,1.0,0.0,0.0,18.03166501531257,0.0,-81.09375,1.0
2012-07-06,5,611.3,1,229.375,153.046875,153.046875,153.046875,0.0,1.0,1.0,1.0,0.0,0.0,0.0,0.0,-76.328125,1.0
2012-07-06,5,634.1,1,255.3125,173.75,163.84252932062492,173.75,0.0,1.0,1.0,1.0,0.0,0.0,9.90747067937508,0.0,-81.5625,1.0
2012-07-06,6,611.3,1,277.5,160.15625,160.15625,160.15625,0.0,1.0,1.0,1.0,0.0,0.0,0.0,0.0,-117.34375,1.0
2012-07-06,6,634.1,1,255.390625,185.703125,164.02761232843744,185.703125,0.0,1.0,1.0,1.0,0.0,0.0,21.675512671562558,0.0,-69.6875,1.0
2012-07-06,7,611.3,1,282.65625,163.046875,163.046875,163.046875,0.0,1.0,1.0,1.0,0.0,0.0,0.0,0.0,-119.609375,1.0
2012-07-06,7,634.1,1,256.484375,198.359375,154.48261721124993,198.359375,0.0,1.0,1.0,1.0,0.0,0.0,43.87675778875007,0.0,-58.125,1.0
2012-07-06,8,611.3,1,291.5625,159.53125,159.53125,159.53125,0.0,1.0,1.0,1.0,0.0,0.0,0.0,0.0,-132.03125,1.0
2012-07-06,8,634.1,1,254.921875,187.03125,168.61062014093744,187.03125,0.0,1.0,1.0,1.0,0.0,0.0,18.420629859062558,0.0,-67.890625,1.0
2012-07-06,9,611.3,1,235.46875,145.859375,145.859375,145.859375,0.0,1.0,1.0,1.0,0.0,0.0,0.0,0.0,-89.609375,1.0
2012-07-06,9,634.1,1,255.46875,170.46875,164.25676271906244,170.46875,0.0,1.0,1.0,1.0,0.0,0.0,6.211987280937564,0.0,-85.0,1.0
2012-07-07,0,611.3,1,267.890625,153.515625,153.515625,153.515625,0.0,1.0,1.0,1.0,0.0,0.0,0.0,0.0,-114.375,1.0
2012-07-07,0,634.1,1,261.484375,173.984375,165.52590334406244,173.984375,0.0,1.0,1.0,1.0,0.0,0.0,8.458471655937558,0.0,-87.5,1.0
2012-07-07,1,611.3,1,300.0,159.0625,159.0625,159.0625,0.0,1.0,1.0,1.0,0.0,0.0,0.0,0.0,-140.9375,1.0
2012-07-07,1,634.1,1,258.359375,174.296875,168.46960451593742,174.296875,0.0,1.0,1.0,1.0,0.0,0.0,5.827270484062581,0.0,-84.0625,1.0
2012-07-07,2,611.3,1,262.578125,157.03125,157.03125,157.03125,0.0,1.0,1.0,1.0,0.0,0.0,0.0,0.0,-105.546875,1.0
2012-07-07,2,634.1,1,253.046875,178.828125,173.29057619562494,178.828125,0.0,1.0,1.0,1.0,0.0,0.0,5.537548804375064,0.0,-74.21875,1.0
2012-07-07,3,611.3,1,278.515625,156.09375,156.09375,156.09375,0.0,1.0,1.0,1.0,0.0,0.0,0.0,0.0,-122.421875,1.0
2012-07-07,3,634.1,1,257.34375,175.546875,166.07233889093743,175.546875,0.0,1.0,1.0,1.0,0.0,0.0,9.47453610906257,0.0,-81.796875,1.0
2012-07-07,4,611.3,1,260.546875,156.484375,156.484375,156.484375,0.0,1.0,1.0,1.0,0.0,0.0,0.0,0.0,-104.0625,1.0
2012-07-07,4,634.1,1,255.078125,176.796875,166.47775881281245,176.796875,0.0,1.0,1.0,1.0,0.0,0.0,10.319116187187547,0.0,-78.28125,1.0
2012-07-07,5,611.3,1,243.90625,142.109375,142.109375,142.109375,0.0,1.0,1.0,1.0,0.0,0.0,0.0,0.0,-101.796875,1.0
2012-07-07,5,634.1,1,255.46875,168.828125,168.79570314874994,168.828125,0.0,1.0,1.0,1.0,0.0,0.0,0.03242185125006358,0.0,-86.640625,1.0
2012-07-07,6,611.3,1,300.0,159.609375,159.609375,159.609375,0.0,1.0,1.0,1.0,0.0,0.0,0.0,0.0,-140.390625,1.0
2012-07-07,6,634.1,1,256.484375,186.328125,164.49472658624993,186.328125,0.0,1.0,1.0,1.0,0.0,0.0,21.833398413750075,0.0,-70.15625,1.0
2012-07-07,7,611.3,1,300.0,163.203125,163.203125,163.203125,0.0,1.0,1.0,1.0,0.0,0.0,0.0,0.0,-136.796875,1.0
2012-07-07,7,634.1,1,259.921875,195.165625,150.15520021906244,195.859375,0.0,1.0,1.0,1.0,0.6937499999999943,0.0,45.704174780937564,0.0,-64.0625,1.0
2012-07-07,8,611.3,1,300.0,158.984375,158.984375,158.984375,0.0,1.0,1.0,1.0,0.0,0.0,0.0,0.0,-141.015625,1.0
2012-07-07,8,634.1,1,255.234375,177.65625,171.43974611749994,177.65625,0.0,1.0,1.0,1.0,0.0,0.0,6.216503882500064,0.0,-77.578125,1.0
2012-07-07,9,611.3,1,272.34375,148.28125,148.28125,148.28125,0.0,1.0,1.0,1.0,0.0,0.0,0.0,0.0,-124.0625,1.0
2012-07-07,9,634.1,1,255.3125,171.5625,162.98762209406243,171.5625,0.0,1.0,1.0,1.0,0.0,0.0,8.57487790593757,0.0,-83.75,1.0
2012-07-08,0,611.3,1,278.75,106.5625,106.5625,106.5625,0.0,1.0,1.0,1.0,0.0,0.0,0.0,0.0,-172.1875,1.0
2012-07-08,0,634.1,1,260.9375,121.25,121.25,121.25,0.0,1.0,1.0,1.0,0.0,0.0,0.0,0.0,-139.6875,1.0
2012-07-08,1,611.3,1,300.0,120.234375,120.234375,120.234375,0.0,1.0,1.0,1.0,0.0,0.0,0.0,0.0,-179.765625,1.0
2012-07-08,1,634.1,1,257.34375,141.40625,141.40625,141.40625,0.0,1.0,1.0,1.0,0.0,0.0,0.0,0.0,-115.9375,1.0
2012-07-08,2,611.3,1,263.75,156.71875,156.71875,156.71875,0.0,1.0,1.0,1.0,0.0,0.0,0.0,0.0,-107.03125,1.0
2012-07-08,2,634.1,1,254.375,167.265625,167.265625,167.265625,0.0,1.0,1.0,1.0,0.0,0.0,0.0,0.0,-87.109375,1.0
2012-07-08,3,611.3,1,295.3125,139.765625,139.765625,139.765625,0.0,1.0,1.0,1.0,0.0,0.0,0.0,0.0,-155.546875,1.0
2012-07-08,3,634.1,1,258.671875,153.28125,153.28125,153.28125,0.0,1.0,1.0,1.0,0.0,0.0,0.0,0.0,-105.390625,1.0
2012-07-08,4,611.3,1,290.78125,146.015625,146.015625,146.015625,0.0,1.0,1.0,1.0,0.0,0.0,0.0,0.0,-144.765625,1.0
2012-07-08,4,634.1,1,258.125,170.546875,169.46552736749993,170.546875,0.0,1.0,1.0,1.0,0.0,0.0,1.0813476325000693,0.0,-87.578125,1.0
2012-07-08,5,611.3,1,249.6875,150.859375,150.859375,150.859375,0.0,1.0,1.0,1.0,0.0,0.0,0.0,0.0,-98.828125,1.0
2012-07-08,5,634.1,1,253.90625,159.765625,159.765625,159.765625,0.0,1.0,1.0,1.0,0.0,0.0,0.0,0.0,-94.140625,1.0
2012-07-08,6,611.3,1,300.0,148.671875,148.671875,148.671875,0.0,1.0,1.0,1.0,0.0,0.0,0.0,0.0,-151.328125,1.0
2012-07-08,6,634.1,1,256.953125,166.875,166.875,166.875,0.0,1.0,1.0,1.0,0.0,0.0,0.0,0.0,-90.078125,1.0
2012-07-08,7,611.3,1,300.0,159.53125,159.53125,159.53125,0.0,1.0,1.0,1.0,0.0,0.0,0.0,0.0,-140.46875,1.0
2012-07-08,7,634.1,1,258.359375,174.21875,168.62824709406243,174.21875,0.0,1.0,1.0,1.0,0.0,0.0,5.590502905937569,0.0,-84.140625,1.0
2012-07-08,8,611.3,1,271.640625,157.8125,157.8125,157.8125,0.0,1.0,1.0,1.0,0.0,0.0,0.0,0.0,-113.828125,1.0
2012-07-08,8,634.1,1,255.0,173.125,172.02143557062493,173.125,0.0,1.0,1.0,1.0,0.0,0.0,1.1035644293750693,0.0,-81.875,1.0
2012-07-08,9,611.3,1,269.0625,150.625,150.625,150.625,0.0,1.0,1.0,1.0,0.0,0.0,0.0,0.0,-118.4375,1.0
2012-07-08,9,634.1,1,257.734375,172.65625,162.95236818781245,172.65625,0.0,1.0,1.0,1.0,0.0,0.0,9.703881812187547,0.0,-85.078125,1.0
2012-07-09,0,611.3,1,279.296875,146.5625,146.5625,146.5625,0.0,1.0,1.0,1.0,0.0,0.0,0.0,0.0,-132.734375,1.0
2012-07-09,0,634.1,1,260.625,158.4375,158.4375,158.4375,0.0,1.0,1.0,1.0,0.0,0.0,0.0,0.0,-102.1875,1.0
2012-07-09,1,611.3,1,280.78125,145.703125,145.703125,145.703125,0.0,1.0,1.0,1.0,0.0,0.0,0.0,0.0,-135.078125,1.0
2012-07-09,1,634.1,1,253.359375,160.3125,160.3125,160.3125,0.0,1.0,1.0,1.0,0.0,0.0,0.0,0.0,-93.046875,1.0
2012-07-09,2,611.3,1,290.546875,149.21875,149.21875,149.21875,0.0,1.0,1.0,1.0,0.0,0.0,0.0,0.0,-141.328125,1.0
2012-07-09,2,634.1,1,260.46875,151.328125,151.328125,151.328125,0.0,1.0,1.0,1.0,0.0,0.0,0.0,0.0,-109.140625,1.0
2012-07-09,3,611.3,1,232.03125,153.59375,153.59375,153.59375,0.0,1.0,1.0,1.0,0.0,0.0,0.0,0.0,-78.4375,1.0
2012-07-09,3,634.1,1,254.921875,165.234375,165.234375,165.234375,0.0,1.0,1.0,1.0,0.0,0.0,0.0,0.0,-89.6875,1.0
2012-07-09,4,611.3,1,296.71875,146.953125,146.953125,146.953125,0.0,1.0,1.0,1.0,0.0,0.0,0.0,0.0,-149.765625,1.0
2012-07-09,4,634.1,1,252.96875,159.53125,159.53125,159.53125,0.0,1.0,1.0,1.0,0.0,0.0,0.0,0.0,-93.4375,1.0
2012-07-09,5,611.3,1,261.015625,134.0625,134.0625,134.0625,0.0,1.0,1.0,1.0,0.0,0.0,0.0,0.0,-126.953125,1.0
2012-07-09,5,634.1,1,251.796875,142.8125,142.8125,142.8125,0.0,1.0,1.0,1.0,0.0,0.0,0.0,0.0,-108.984375,1.0
2012-07-09,6,611.3,1,300.0,133.4375,133.4375,133.4375,0.0,1.0,1.0,1.0,0.0,0.0,0.0,0.0,-166.5625,1.0
2012-07-09,6,634.1,1,252.5,145.46875,145.46875,145.46875,0.0,1.0,1.0,1.0,0.0,0.0,0.0,0.0,-107.03125,1.0
2012-07-09,7,611.3,1,277.1875,158.125,158.125,158.125,0.0,1.0,1.0,1.0,0.0,0.0,0.0,0.0,-119.0625,1.0
2012-07-09,7,634.1,1,258.984375,170.859375,161.56865236749994,170.859375,0.0,1.0,1.0,1.0,0.0,0.0,9.290722632500064,0.0,-88.125,1.0
2012-07-09,8,611.3,1,279.6875,149.921875,149.921875,149.921875,0.0,1.0,1.0,1.0,0.0,0.0,0.0,0.0,-129.765625,1.0
2012-07-09,8,634.1,1,255.78125,155.15625,155.15625,155.15625,0.0,1.0,1.0,1.0,0.0,0.0,0.0,0.0,-100.625,1.0
2012-07-09,9,611.3,1,250.625,122.34375,122.34375,122.34375,0.0,1.0,1.0,1.0,0.0,0.0,0.0,0.0,-128.28125,1.0
2012-07-09,9,634.1,1,257.1875,133.671875,133.671875,133.671875,0.0,1.0,1.0,1.0,0.0,0.0,0.0,0.0,-123.515625,1.0
2012-07-10,0,611.3,1,258.359375,154.84375,154.84375,154.84375,0.0,1.0,1.0,1.0,0.0,0.0,0.0,0.0,-103.515625,1.0
2012-07-10,0,634.1,1,259.84375,169.453125,165.64047853937493,169.453125,0.0,1.0,1.0,1.0,0.0,0.0,3.812646460625075,0.0,-90.390625,1.0
2012-07-10,1,611.3,1,254.84375,157.421875,157.421875,157.421875,0.0,1.0,1.0,1.0,0.0,0.0,0.0,0.0,-97.421875,1.0
2012-07-10,1,634.1,1,252.65625,170.546875,170.546875,170.546875,0.0,1.0,1.0,1.0,0.0,0.0,0.0,0.0,-82.109375,1.0
2012-07-10,2,611.3,1,231.484375,133.59375,133.59375,133.59375,0.0,1.0,1.0,1.0,0.0,0.0,0.0,0.0,-97.890625,1.0
2012-07-10,2,634.1,1,253.59375,148.515625,148.515625,148.515625,0.0,1.0,1.0,1.0,0.0,0.0,0.0,0.0,-105.078125,1.0
2012-07-10,3,611.3,1,267.96875,156.875,156.875,156.875,0.0,1.0,1.0,1.0,0.0,0.0,0.0,0.0,-111.09375,1.0
2012-07-10,3,634.1,1,255.546875,172.03125,171.87160646906244,172.03125,0.0,1.0,1.0,1.0,0.0,0.0,0.1596435309375579,0.0,-83.515625,1.0
2012-07-10,4,611.3,1,263.359375,145.703125,145.703125,145.703125,0.0,1.0,1.0,1.0,0.0,0.0,0.0,0.0,-117.65625,1.0
2012-07-10,4,634.1,1,252.265625,170.390625,170.390625,170.390625,0.0,1.0,1.0,1.0,0.0,0.0,0.0,0.0,-81.875,1.0
2012-07-10,5,611.3,1,226.875,133.203125,133.203125,133.203125,0.0,1.0,1.0,1.0,0.0,0.0,0.0,0.0,-93.671875,1.0
2012-07-10,5,634.1,1,251.328125,149.765625,149.765625,149.765625,0.0,1.0,1.0,1.0,0.0,0.0,0.0,0.0,-101.5625,1.0
2012-07-10,6,611.3,1,284.375,160.3125,160.3125,160.3125,0.0,1.0,1.0,1.0,0.0,0.0,0.0,0.0,-124.0625,1.0
2012-07-10,6,634.1,1,252.1875,174.140625,174.140625,174.140625,0.0,1.0,1.0,1.0,0.0,0.0,0.0,0.0,-78.046875,1.0
2012-07-10,7,611.3,1,244.84375,158.59375,158.59375,158.59375,0.0,1.0,1.0,1.0,0.0,0.0,0.0,0.0,-86.25,1.0
2012-07-10,7,634.1,1,254.765625,169.921875,169.921875,169.921875,0.0,1.0,1.0,1.0,0.0,0.0,0.0,0.0,-84.84375,1.0
2012-07-10,8,611.3,1,248.4375,156.875,156.875,156.875,0.0,1.0,1.0,1.0,0.0,0.0,0.0,0.0,-91.5625,1.0
2012-07-10,8,634.1,1,251.875,168.203125,168.203125,168.203125,0.0,1.0,1.0,1.0,0.0,0.0,0.0,0.0,-83.671875,1.0
2012-07-10,9,611.3,1,232.96875,149.453125,149.453125,149.453125,0.0,1.0,1.0,1.0,0.0,0.0,0.0,0.0,-83.515625,1.0
2012-07-10,9,634.1,1,253.75,163.671875,163.671875,163.671875,0.0,1.0,1.0,1.0,0.0,0.0,0.0,0.0,-90.078125,1.0
2012-07-11,0,611.3,1,239.453125,112.578125,112.578125,112.578125,0.0,1.0,1.0,1.0,0.0,0.0,0.0,0.0,-126.875,1.0
2012-07-11,0,634.1,1,257.1875,128.28125,128.28125,128.28125,0.0,1.0,1.0,1.0,0.0,0.0,0.0,0.0,-128.90625,1.0
2012-07-11,1,611.3,1,276.015625,156.796875,156.796875,156.796875,0.0,1.0,1.0,1.0,0.0,0.0,0.0,0.0,-119.21875,1.0
2012-07-11,1,634.1,1,253.359375,169.6875,169.6875,169.6875,0.0,1.0,1.0,1.0,0.0,0.0,0.0,0.0,-83.671875,1.0
2012-07-11,2,611.3,1,218.671875,113.359375,113.359375,113.359375,0.0,1.0,1.0,1.0,0.0,0.0,0.0,0.0,-105.3125,1.0
2012-07-11,2,634.1,1,250.9375,123.28125,123.28125,123.28125,0.0,1.0,1.0,1.0,0.0,0.0,0.0,0.0,-127.65625,1.0
2012-07-11,3,611.3,1,232.1875,136.328125,136.328125,136.328125,0.0,1.0,1.0,1.0,0.0,0.0,0.0,0.0,-95.859375,1.0
2012-07-11,3,634.1,1,253.75,153.359375,153.359375,153.359375,0.0,1.0,1.0,1.0,0.0,0.0,0.0,0.0,-100.390625,1.0
2012-07-11,4,611.3,1,265.9375,137.03125,137.03125,137.03125,0.0,1.0,1.0,1.0,0.0,0.0,0.0,0.0,-128.90625,1.0
2012-07-11,4,634.1,1,253.671875,166.484375,166.484375,166.484375,0.0,1.0,1.0,1.0,0.0,0.0,0.0,0.0,-87.1875,1.0
2012-07-11,5,611.3,1,225.78125,94.765625,94.765625,94.765625,0.0,1.0,1.0,1.0,0.0,0.0,0.0,0.0,-131.015625,1.0
2012-07-11,5,634.1,1,253.671875,108.4375,108.4375,108.4375,0.0,1.0,1.0,1.0,0.0,0.0,0.0,0.0,-145.234375,1.0
2012-07-11,6,611.3,1,239.21875,130.390625,130.390625,130.390625,0.0,1.0,1.0,1.0,0.0,0.0,0.0,0.0,-108.828125,1.0
2012-07-11,6,634.1,1,253.046875,142.8125,142.8125,142.8125,0.0,1.0,1.0,1.0,0.0,0.0,0.0,0.0,-110.234375,1.0
2012-07-11,7,611.3,1,226.640625,132.65625,132.65625,132.65625,0.0,1.0,1.0,1.0,0.0,0.0,0.0,0.0,-93.984375,1.0
2012-07-11,7,634.1,1,252.890625,152.109375,152.109375,152.109375,0.0,1.0,1.0,1.0,0.0,0.0,0.0,0.0,-100.78125,1.0
2012-07-11,8,611.3,1,222.03125,128.28125,128.28125,128.28125,0.0,1.0,1.0,1.0,0.0,0.0,0.0,0.0,-93.75,1.0
2012-07-11,8,634.1,1,253.125,138.828125,138.828125,138.828125,0.0,1.0,1.0,1.0,0.0,0.0,0.0,0.0,-114.296875,1.0
2012-07-11,9,611.3,1,213.203125,129.0625,129.0625,129.0625,0.0,1.0,1.0,1.0,0.0,0.0,0.0,0.0,-84.140625,1.0
2012-07-11,9,634.1,1,253.75,146.5625,146.5625,146.5625,0.0,1.0,1.0,1.0,0.0,0.0,0.0,0.0,-107.1875,1.0
2012-07-12,0,611.3,1,220.625,158.203125,158.203125,158.203125,0.0,1.0,1.0,1.0,0.0,0.0,0.0,0.0,-62.421875,1.0
2012-07-12,0,634.1,1,256.015625,182.578125,172.03024904718745,182.578125,0.0,1.0,1.0,1.0,0.0,0.0,10.547875952812547,0.0,-73.4375,1.0
2012-07-12,1,611.3,1,229.375,156.09375,156.09375,156.09375,0.0,1.0,1.0,1.0,0.0,0.0,0.0,0.0,-73.28125,1.0
2012-07-12,1,634.1,1,251.40625,175.078125,175.078125,175.078125,0.0,1.0,1.0,1.0,0.0,0.0,0.0,0.0,-76.328125,1.0
2012-07-12,2,611.3,1,219.609375,157.890625,157.890625,157.890625,0.0,1.0,1.0,1.0,0.0,0.0,0.0,0.0,-61.71875,1.0
2012-07-12,2,634.1,1,252.8125,181.71875,177.70612795343743,181.71875,0.0,1.0,1.0,1.0,0.0,0.0,4.012622046562569,0.0,-71.09375,1.0
2012-07-12,3,611.3,1,213.75,158.046875,158.046875,158.046875,0.0,1.0,1.0,1.0,0.0,0.0,0.0,0.0,-55.703125,1.0
2012-07-12,3,634.1,1,253.359375,181.640625,174.86818850031244,181.640625,0.0,1.0,1.0,1.0,0.0,0.0,6.772436499687558,0.0,-71.71875,1.0
2012-07-12,4,611.3,1,223.828125,156.484375,156.484375,156.484375,0.0,1.0,1.0,1.0,0.0,0.0,0.0,0.0,-67.34375,1.0
2012-07-12,4,634.1,1,251.328125,177.03125,176.62207033624992,177.03125,0.0,1.0,1.0,1.0,0.0,0.0,0.40917966375008064,0.0,-74.296875,1.0
2012-07-12,5,611.3,1,220.15625,159.296875,159.296875,159.296875,0.0,1.0,1.0,1.0,0.0,0.0,0.0,0.0,-60.859375,1.0
2012-07-12,5,634.1,1,251.953125,184.609375,177.34477541437494,184.609375,0.0,1.0,1.0,1.0,0.0,0.0,7.264599585625064,0.0,-67.34375,1.0
2012-07-12,6,611.3,1,216.40625,158.984375,158.984375,158.984375,0.0,1.0,1.0,1.0,0.0,0.0,0.0,0.0,-57.421875,1.0
2012-07-12,6,634.1,1,254.453125,185.15625,178.66679689874994,185.15625,0.0,1.0,1.0,1.0,0.0,0.0,6.489453101250064,0.0,-69.296875,1.0
2012-07-12,7,611.3,1,226.40625,157.578125,157.578125,157.578125,0.0,1.0,1.0,1.0,0.0,0.0,0.0,0.0,-68.828125,1.0
2012-07-12,7,634.1,1,255.78125,180.546875,168.25808107843744,180.546875,0.0,1.0,1.0,1.0,0.0,0.0,12.288793921562558,0.0,-75.234375,1.0
2012-07-12,8,611.3,1,215.78125,157.5,157.5,157.5,0.0,1.0,1.0,1.0,0.0,0.0,0.0,0.0,-58.28125,1.0
2012-07-12,8,634.1,1,251.953125,180.234375,180.12102053156244,180.234375,0.0,1.0,1.0,1.0,0.0,0.0,0.11335446843756358,0.0,-71.71875,1.0
2012-07-12,9,611.3,1,228.4375,156.796875,156.796875,156.796875,0.0,1.0,1.0,1.0,0.0,0.0,0.0,0.0,-71.640625,1.0
2012-07-12,9,634.1,1,254.84375,178.046875,173.55498049249994,178.046875,0.0,1.0,1.0,1.0,0.0,0.0,4.491894507500064,0.0,-76.796875,1.0
2012-07-13,0,611.3,1,226.953125,157.109375,157.109375,157.109375,0.0,1.0,1.0,1.0,0.0,0.0,0.0,0.0,-69.84375,1.0
2012-07-13,0,634.1,1,257.265625,175.390625,175.390625,175.390625,0.0,1.0,1.0,1.0,0.0,0.0,0.0,0.0,-81.875,1.0
2012-07-13,1,611.3,1,245.15625,142.96875,142.96875,142.96875,0.0,1.0,1.0,1.0,0.0,0.0,0.0,0.0,-102.1875,1.0
2012-07-13,1,634.1,1,243.75,164.6875,164.6875,164.6875,0.0,1.0,1.0,1.0,0.0,0.0,0.0,0.0,-79.0625,1.0
2012-07-13,2,611.3,1,233.59375,161.015625,161.015625,161.015625,0.0,1.0,1.0,1.0,0.0,0.0,0.0,0.0,-72.578125,1.0
2012-07-13,2,634.1,1,254.375,173.125,173.125,173.125,0.0,1.0,1.0,1.0,0.0,0.0,0.0,0.0,-81.25,1.0
2012-07-13,3,611.3,1,239.765625,154.84375,154.84375,154.84375,0.0,1.0,1.0,1.0,0.0,0.0,0.0,0.0,-84.921875,1.0
2012-07-13,3,634.1,1,251.71875,174.53125,174.53125,174.53125,0.0,1.0,1.0,1.0,0.0,0.0,0.0,0.0,-77.1875,1.0
2012-07-13,4,611.3,1,208.984375,136.09375,136.09375,136.09375,0.0,1.0,1.0,1.0,0.0,0.0,0.0,0.0,-72.890625,1.0
2012-07-13,4,634.1,1,249.765625,166.09375,166.09375,166.09375,0.0,1.0,1.0,1.0,0.0,0.0,0.0,0.0,-83.671875,1.0
2012-07-13,5,611.3,1,202.96875,134.375,134.375,134.375,0.0,1.0,1.0,1.0,0.0,0.0,0.0,0.0,-68.59375,1.0
2012-07-13,5,634.1,1,253.75,143.75,143.75,143.75,0.0,1.0,1.0,1.0,0.0,0.0,0.0,0.0,-110.0,1.0
2012-07-13,6,611.3,1,256.328125,170.078125,170.078125,170.078125,0.0,1.0,1.0,1.0,0.0,0.0,0.0,0.0,-86.25,1.0
2012-07-13,6,634.1,1,253.75,180.9375,180.9375,180.9375,0.0,1.0,1.0,1.0,0.0,0.0,0.0,0.0,-72.8125,1.0
2012-07-13,7,611.3,1,229.921875,158.125,158.125,158.125,0.0,1.0,1.0,1.0,0.0,0.0,0.0,0.0,-71.796875,1.0
2012-07-13,7,634.1,1,253.671875,179.296875,171.31635744562493,179.296875,0.0,1.0,1.0,1.0,0.0,0.0,7.980517554375069,0.0,-74.375,1.0
2012-07-13,8,611.3,1,205.15625,157.34375,157.34375,157.34375,0.0,1.0,1.0,1.0,0.0,0.0,0.0,0.0,-47.8125,1.0
2012-07-13,8,634.1,1,253.4375,179.6875,179.6875,179.6875,0.0,1.0,1.0,1.0,0.0,0.0,0.0,0.0,-73.75,1.0
2012-07-13,9,611.3,1,202.5,129.0625,129.0625,129.0625,0.0,1.0,1.0,1.0,0.0,0.0,0.0,0.0,-73.4375,1.0
2012-07-13,9,634.1,1,254.0625,152.03125,152.03125,152.03125,0.0,1.0,1.0,1.0,0.0,0.0,0.0,0.0,-102.03125,1.0
2012-07-14,0,611.3,1,226.796875,118.828125,118.828125,118.828125,0.0,1.0,1.0,1.0,0.0,0.0,0.0,0.0,-107.96875,1.0
2012-07-14,0,634.1,1,260.234375,132.03125,132.03125,132.03125,0.0,1.0,1.0,1.0,0.0,0.0,0.0,0.0,-128.203125,1.0
2012-07-14,1,611.3,1,249.453125,132.96875,132.96875,132.96875,0.0,1.0,1.0,1.0,0.0,0.0,0.0,0.0,-116.484375,1.0
2012-07-14,1,634.1,1,251.328125,143.203125,143.203125,143.203125,0.0,1.0,1.0,1.0,0.0,0.0,0.0,0.0,-108.125,1.0
2012-07-14,2,611.3,1,237.265625,138.671875,138.671875,138.671875,0.0,1.0,1.0,1.0,0.0,0.0,0.0,0.0,-98.59375,1.0
2012-07-14,2,634.1,1,254.0625,140.15625,140.15625,140.15625,0.0,1.0,1.0,1.0,0.0,0.0,0.0,0.0,-113.90625,1.0
2012-07-14,3,611.3,1,261.875,160.390625,160.390625,160.390625,0.0,1.0,1.0,1.0,0.0,0.0,0.0,0.0,-101.484375,1.0
2012-07-14,3,634.1,1,256.25,172.5,172.5,172.5,0.0,1.0,1.0,1.0,0.0,0.0,0.0,0.0,-83.75,1.0
2012-07-14,4,611.3,1,278.28125,148.125,148.125,148.125,0.0,1.0,1.0,1.0,0.0,0.0,0.0,0.0,-130.15625,1.0
2012-07-14,4,634.1,1,244.453125,158.75,158.75,158.75,0.0,1.0,1.0,1.0,0.0,0.0,0.0,0.0,-85.703125,1.0
2012-07-14,5,611.3,1,219.53125,123.203125,123.203125,123.203125,0.0,1.0,1.0,1.0,0.0,0.0,0.0,0.0,-96.328125,1.0
2012-07-14,5,634.1,1,252.8125,131.171875,131.171875,131.171875,0.0,1.0,1.0,1.0,0.0,0.0,0.0,0.0,-121.640625,1.0
2012-07-14,6,611.3,1,284.765625,159.296875,159.296875,159.296875,0.0,1.0,1.0,1.0,0.0,0.0,0.0,0.0,-125.46875,1.0
2012-07-14,6,634.1,1,253.75,173.4375,173.4375,173.4375,0.0,1.0,1.0,1.0,0.0,0.0,0.0,0.0,-80.3125,1.0
2012-07-14,7,611.3,1,249.453125,133.4375,133.4375,133.4375,0.0,1.0,1.0,1.0,0.0,0.0,0.0,0.0,-116.015625,1.0
2012-07-14,7,634.1,1,255.390625,141.71875,141.71875,141.71875,0.0,1.0,1.0,1.0,0.0,0.0,0.0,0.0,-113.671875,1.0
2012-07-14,8,611.3,1,251.875,130.3125,130.3125,130.3125,0.0,1.0,1.0,1.0,0.0,0.0,0.0,0.0,-121.5625,1.0
2012-07-14,8,634.1,1,252.34375,136.25,136.25,136.25,0.0,1.0,1.0,1.0,0.0,0.0,0.0,0.0,-116.09375,1.0
2012-07-14,9,611.3,1,232.265625,134.53125,134.53125,134.53125,0.0,1.0,1.0,1.0,0.0,0.0,0.0,0.0,-97.734375,1.0
2012-07-14,9,634.1,1,254.140625,148.671875,148.671875,148.671875,0.0,1.0,1.0,1.0,0.0,0.0,0.0,0.0,-105.46875,1.0
2012-07-15,0,611.3,1,208.359375,118.90625,118.90625,118.90625,0.0,1.0,1.0,1.0,0.0,0.0,0.0,0.0,-89.453125,1.0
2012-07-15,0,634.1,1,258.90625,128.046875,128.046875,128.046875,0.0,1.0,1.0,1.0,0.0,0.0,0.0,0.0,-130.859375,1.0
2012-07-15,1,611.3,1,256.09375,139.6875,139.6875,139.6875,0.0,1.0,1.0,1.0,0.0,0.0,0.0,0.0,-116.40625,1.0
2012-07-15,1,634.1,1,257.578125,148.203125,148.203125,148.203125,0.0,1.0,1.0,1.0,0.0,0.0,0.0,0.0,-109.375,1.0
2012-07-15,2,611.3,1,240.46875,119.453125,119.453125,119.453125,0.0,1.0,1.0,1.0,0.0,0.0,0.0,0.0,-121.015625,1.0
2012-07-15,2,634.1,1,253.046875,121.5625,121.5625,121.5625,0.0,1.0,1.0,1.0,0.0,0.0,0.0,0.0,-131.484375,1.0
2012-07-15,3,611.3,1,246.484375,130.859375,130.859375,130.859375,0.0,1.0,1.0,1.0,0.0,0.0,0.0,0.0,-115.625,1.0
2012-07-15,3,634.1,1,257.578125,136.875,136.875,136.875,0.0,1.0,1.0,1.0,0.0,0.0,0.0,0.0,-120.703125,1.0
2012-07-15,4,611.3,1,300.0,148.515625,148.515625,148.515625,0.0,1.0,1.0,1.0,0.0,0.0,0.0,0.0,-151.484375,1.0
2012-07-15,4,634.1,1,258.828125,171.71875,163.90422365656244,171.71875,0.0,1.0,1.0,1.0,0.0,0.0,7.814526343437564,0.0,-87.109375,1.0
2012-07-15,5,611.3,1,245.0,101.015625,101.015625,101.015625,0.0,1.0,1.0,1.0,0.0,0.0,0.0,0.0,-143.984375,1.0
2012-07-15,5,634.1,1,252.578125,104.375,104.375,104.375,0.0,1.0,1.0,1.0,0.0,0.0,0.0,0.0,-148.203125,1.0
2012-07-15,6,611.3,1,281.796875,147.578125,147.578125,147.578125,0.0,1.0,1.0,1.0,0.0,0.0,0.0,0.0,-134.21875,1.0
2012-07-15,6,634.1,1,256.71875,153.984375,153.984375,153.984375,0.0,1.0,1.0,1.0,0.0,0.0,0.0,0.0,-102.734375,1.0
2012-07-15,7,611.3,1,249.21875,158.75,158.75,158.75,0.0,1.0,1.0,1.0,0.0,0.0,0.0,0.0,-90.46875,1.0
2012-07-15,7,634.1,1,257.421875,184.140625,161.12797853937494,184.140625,0.0,1.0,1.0,1.0,0.0,0.0,23.012646460625064,0.0,-73.28125,1.0
2012-07-15,8,611.3,1,263.828125,136.171875,136.171875,136.171875,0.0,1.0,1.0,1.0,0.0,0.0,0.0,0.0,-127.65625,1.0
2012-07-15,8,634.1,1,254.6875,139.53125,139.53125,139.53125,0.0,1.0,1.0,1.0,0.0,0.0,0.0,0.0,-115.15625,1.0
2012-07-15,9,611.3,1,281.25,135.78125,135.78125,135.78125,0.0,1.0,1.0,1.0,0.0,0.0,0.0,0.0,-145.46875,1.0
2012-07-15,9,634.1,1,256.484375,145.234375,145.234375,145.234375,0.0,1.0,1.0,1.0,0.0,0.0,0.0,0.0,-111.25,1.0
2012-07-16,0,611.3,1,210.15625,122.65625,122.65625,122.65625,0.0,1.0,1.0,1.0,0.0,0.0,0.0,0.0,-87.5,1.0
2012-07-16,0,634.1,1,256.875,132.65625,132.65625,132.65625,0.0,1.0,1.0,1.0,0.0,0.0,0.0,0.0,-124.21875,1.0
2012-07-16,1,611.3,1,300.0,138.984375,138.984375,138.984375,0.0,1.0,1.0,1.0,0.0,0.0,0.0,0.0,-161.015625,1.0
2012-07-16,1,634.1,1,255.703125,144.21875,144.21875,144.21875,0.0,1.0,1.0,1.0,0.0,0.0,0.0,0.0,-111.484375,1.0
2012-07-16,2,611.3,1,238.359375,119.0625,119.0625,119.0625,0.0,1.0,1.0,1.0,0.0,0.0,0.0,0.0,-119.296875,1.0
2012-07-16,2,634.1,1,257.265625,121.09375,121.09375,121.09375,0.0,1.0,1.0,1.0,0.0,0.0,0.0,0.0,-136.171875,1.0
2012-07-16,3,611.3,1,230.46875,124.6875,124.6875,124.6875,0.0,1.0,1.0,1.0,0.0,0.0,0.0,0.0,-105.78125,1.0
2012-07-16,3,634.1,1,257.65625,128.828125,128.828125,128.828125,0.0,1.0,1.0,1.0,0.0,0.0,0.0,0.0,-128.828125,1.0
2012-07-16,4,611.3,1,272.65625,136.25,136.25,136.25,0.0,1.0,1.0,1.0,0.0,0.0,0.0,0.0,-136.40625,1.0
2012-07-16,4,634.1,1,253.203125,148.125,148.125,148.125,0.0,1.0,1.0,1.0,0.0,0.0,0.0,0.0,-105.078125,1.0
2012-07-16,5,611.3,1,217.1875,124.375,124.375,124.375,0.0,1.0,1.0,1.0,0.0,0.0,0.0,0.0,-92.8125,1.0
2012-07-16,5,634.1,1,253.4375,128.828125,128.828125,128.828125,0.0,1.0,1.0,1.0,0.0,0.0,0.0,0.0,-124.609375,1.0
2012-07-16,6,611.3,1,299.375,155.78125,155.78125,155.78125,0.0,1.0,1.0,1.0,0.0,0.0,0.0,0.0,-143.59375,1.0
2012-07-16,6,634.1,1,253.28125,167.1875,167.1875,167.1875,0.0,1.0,1.0,1.0,0.0,0.0,0.0,0.0,-86.09375,1.0
2012-07-16,7,611.3,1,297.96875,127.890625,127.890625,127.890625,0.0,1.0,1.0,1.0,0.0,0.0,0.0,0.0,-170.078125,1.0
2012-07-16,7,634.1,1,258.671875,132.96875,132.96875,132.96875,0.0,1.0,1.0,1.0,0.0,0.0,0.0,0.0,-125.703125,1.0
2012-07-16,8,611.3,1,300.0,116.328125,116.328125,116.328125,0.0,1.0,1.0,1.0,0.0,0.0,0.0,0.0,-183.671875,1.0
2012-07-16,8,634.1,1,255.46875,124.84375,124.84375,124.84375,0.0,1.0,1.0,1.0,0.0,0.0,0.0,0.0,-130.625,1.0
2012-07-16,9,611.3,1,219.453125,143.28125,143.28125,143.28125,0.0,1.0,1.0,1.0,0.0,0.0,0.0,0.0,-76.171875,1.0
2012-07-16,9,634.1,1,254.921875,152.578125,152.578125,152.578125,0.0,1.0,1.0,1.0,0.0,0.0,0.0,0.0,-102.34375,1.0
2012-07-17,0,611.3,1,245.234375,115.3125,115.3125,115.3125,0.0,1.0,1.0,1.0,0.0,0.0,0.0,0.0,-129.921875,1.0
2012-07-17,0,634.1,1,257.265625,125.703125,125.703125,125.703125,0.0,1.0,1.0,1.0,0.0,0.0,0.0,0.0,-131.5625,1.0
2012-07-17,1,611.3,1,258.203125,105.546875,105.546875,105.546875,0.0,1.0,1.0,1.0,0.0,0.0,0.0,0.0,-152.65625,1.0
2012-07-17,1,634.1,1,254.21875,116.484375,116.484375,116.484375,0.0,1.0,1.0,1.0,0.0,0.0,0.0,0.0,-137.734375,1.0
2012-07-17,2,611.3,1,236.25,123.4375,123.4375,123.4375,0.0,1.0,1.0,1.0,0.0,0.0,0.0,0.0,-112.8125,1.0
2012-07-17,2,634.1,1,254.296875,125.390625,125.390625,125.390625,0.0,1.0,1.0,1.0,0.0,0.0,0.0,0.0,-128.90625,1.0
2012-07-17,3,611.3,1,268.90625,109.6875,109.6875,109.6875,0.0,1.0,1.0,1.0,0.0,0.0,0.0,0.0,-159.21875,1.0
2012-07-17,3,634.1,1,255.78125,118.28125,118.28125,118.28125,0.0,1.0,1.0,1.0,0.0,0.0,0.0,0.0,-137.5,1.0
2012-07-17,4,611.3,1,233.203125,117.34375,117.34375,117.34375,0.0,1.0,1.0,1.0,0.0,0.0,0.0,0.0,-115.859375,1.0
2012-07-17,4,634.1,1,253.203125,129.375,129.375,129.375,0.0,1.0,1.0,1.0,0.0,0.0,0.0,0.0,-123.828125,1.0
2012-07-17,5,611.3,1,239.84375,84.765625,84.765625,84.765625,0.0,1.0,1.0,1.0,0.0,0.0,0.0,0.0,-155.078125,1.0
2012-07-17,5,634.1,1,252.96875,82.96875,82.96875,82.96875,0.0,1.0,1.0,1.0,0.0,0.0,0.0,0.0,-170.0,1.0
2012-07-17,6,611.3,1,288.90625,125.390625,125.390625,125.390625,0.0,1.0,1.0,1.0,0.0,0.0,0.0,0.0,-163.515625,1.0
2012-07-17,6,634.1,1,253.75,134.921875,134.921875,134.921875,0.0,1.0,1.0,1.0,0.0,0.0,0.0,0.0,-118.828125,1.0
2012-07-17,7,611.3,1,295.390625,143.90625,143.90625,143.90625,0.0,1.0,1.0,1.0,0.0,0.0,0.0,0.0,-151.484375,1.0
2012-07-17,7,634.1,1,255.859375,148.046875,148.046875,148.046875,0.0,1.0,1.0,1.0,0.0,0.0,0.0,0.0,-107.8125,1.0
2012-07-17,8,611.3,1,289.84375,118.4375,118.4375,118.4375,0.0,1.0,1.0,1.0,0.0,0.0,0.0,0.0,-171.40625,1.0
2012-07-17,8,634.1,1,254.0625,123.90625,123.90625,123.90625,0.0,1.0,1.0,1.0,0.0,0.0,0.0,0.0,-130.15625,1.0
2012-07-17,9,611.3,1,222.8125,116.171875,116.171875,116.171875,0.0,1.0,1.0,1.0,0.0,0.0,0.0,0.0,-106.640625,1.0
2012-07-17,9,634.1,1,253.515625,128.59375,128.59375,128.59375,0.0,1.0,1.0,1.0,0.0,0.0,0.0,0.0,-124.921875,1.0
2012-07-18,0,611.3,1,246.40625,115.234375,115.234375,115.234375,0.0,1.0,1.0,1.0,0.0,0.0,0.0,0.0,-131.171875,1.0
2012-07-18,0,634.1,1,257.65625,128.984375,128.984375,128.984375,0.0,1.0,1.0,1.0,0.0,0.0,0.0,0.0,-128.671875,1.0
2012-07-18,1,611.3,1,222.65625,117.1875,117.1875,117.1875,0.0,1.0,1.0,1.0,0.0,0.0,0.0,0.0,-105.46875,1.0
2012-07-18,1,634.1,1,255.0,125.703125,125.703125,125.703125,0.0,1.0,1.0,1.0,0.0,0.0,0.0,0.0,-129.296875,1.0
2012-07-18,2,611.3,1,223.90625,129.921875,129.921875,129.921875,0.0,1.0,1.0,1.0,0.0,0.0,0.0,0.0,-93.984375,1.0
2012-07-18,2,634.1,1,256.09375,135.78125,135.78125,135.78125,0.0,1.0,1.0,1.0,0.0,0.0,0.0,0.0,-120.3125,1.0
2012-07-18,3,611.3,1,267.5,116.953125,116.953125,116.953125,0.0,1.0,1.0,1.0,0.0,0.0,0.0,0.0,-150.546875,1.0
2012-07-18,3,634.1,1,255.9375,129.921875,129.921875,129.921875,0.0,1.0,1.0,1.0,0.0,0.0,0.0,0.0,-126.015625,1.0
2012-07-18,4,611.3,1,217.578125,118.59375,118.59375,118.59375,0.0,1.0,1.0,1.0,0.0,0.0,0.0,0.0,-98.984375,1.0
2012-07-18,4,634.1,1,251.5625,134.453125,134.453125,134.453125,0.0,1.0,1.0,1.0,0.0,0.0,0.0,0.0,-117.109375,1.0
2012-07-18,5,611.3,1,209.84375,99.453125,99.453125,99.453125,0.0,1.0,1.0,1.0,0.0,0.0,0.0,0.0,-110.390625,1.0
2012-07-18,5,634.1,1,251.796875,111.484375,111.484375,111.484375,0.0,1.0,1.0,1.0,0.0,0.0,0.0,0.0,-140.3125,1.0
2012-07-18,6,611.3,1,254.6875,143.984375,143.984375,143.984375,0.0,1.0,1.0,1.0,0.0,0.0,0.0,0.0,-110.703125,1.0
2012-07-18,6,634.1,1,252.8125,154.609375,154.609375,154.609375,0.0,1.0,1.0,1.0,0.0,0.0,0.0,0.0,-98.203125,1.0
2012-07-18,7,611.3,1,237.5,159.375,159.375,159.375,0.0,1.0,1.0,1.0,0.0,0.0,0.0,0.0,-78.125,1.0
2012-07-18,7,634.1,1,256.484375,165.703125,165.703125,165.703125,0.0,1.0,1.0,1.0,0.0,0.0,0.0,0.0,-90.78125,1.0
2012-07-18,8,611.3,1,258.359375,114.453125,114.453125,114.453125,0.0,1.0,1.0,1.0,0.0,0.0,0.0,0.0,-143.90625,1.0
2012-07-18,8,634.1,1,255.703125,121.953125,121.953125,121.953125,0.0,1.0,1.0,1.0,0.0,0.0,0.0,0.0,-133.75,1.0
2012-07-18,9,611.3,1,209.765625,156.015625,156.015625,156.015625,0.0,1.0,1.0,1.0,0.0,0.0,0.0,0.0,-53.75,1.0
2012-07-18,9,634.1,1,254.21875,175.390625,171.88041994562494,175.390625,0.0,1.0,1.0,1.0,0.0,0.0,3.5102050543750636,0.0,-78.828125,1.0
2012-07-19,0,611.3,1,256.015625,160.078125,160.078125,160.078125,0.0,1.0,1.0,1.0,0.0,0.0,0.0,0.0,-95.9375,1.0
2012-07-19,0,634.1,1,260.3125,182.109375,162.40593264093744,182.109375,0.0,1.0,1.0,1.0,0.0,0.0,19.703442359062564,0.0,-78.203125,1.0
2012-07-19,1,611.3,1,240.9375,148.984375,148.984375,148.984375,0.0,1.0,1.0,1.0,0.0,0.0,0.0,0.0,-91.953125,1.0
2012-07-19,1,634.1,1,255.9375,171.71875,171.71875,171.71875,0.0,1.0,1.0,1.0,0.0,0.0,0.0,0.0,-84.21875,1.0
2012-07-19,2,611.3,1,238.671875,143.828125,143.828125,143.828125,0.0,1.0,1.0,1.0,0.0,0.0,0.0,0.0,-94.84375,1.0
2012-07-19,2,634.1,1,255.15625,164.84375,164.84375,164.84375,0.0,1.0,1.0,1.0,0.0,0.0,0.0,0.0,-90.3125,1.0
2012-07-19,3,611.3,1,262.421875,159.53125,159.53125,159.53125,0.0,1.0,1.0,1.0,0.0,0.0,0.0,0.0,-102.890625,1.0
2012-07-19,3,634.1,1,257.265625,180.859375,165.18217775812494,180.859375,0.0,1.0,1.0,1.0,0.0,0.0,15.677197241875064,0.0,-76.40625,1.0
2012-07-19,4,611.3,1,246.015625,157.34375,157.34375,157.34375,0.0,1.0,1.0,1.0,0.0,0.0,0.0,0.0,-88.671875,1.0
2012-07-19,4,634.1,1,256.875,179.921875,163.70151369562493,179.921875,0.0,1.0,1.0,1.0,0.0,0.0,16.220361304375075,0.0,-76.953125,1.0
2012-07-19,5,611.3,1,240.3125,153.28125,153.28125,153.28125,0.0,1.0,1.0,1.0,0.0,0.0,0.0,0.0,-87.03125,1.0
2012-07-19,5,634.1,1,252.96875,170.15625,170.15625,170.15625,0.0,1.0,1.0,1.0,0.0,0.0,0.0,0.0,-82.8125,1.0
2012-07-19,6,611.3,1,272.734375,169.6875,169.6875,169.6875,0.0,1.0,1.0,1.0,0.0,0.0,0.0,0.0,-103.046875,1.0
2012-07-19,6,634.1,1,254.453125,177.578125,176.26953127374992,177.578125,0.0,1.0,1.0,1.0,0.0,0.0,1.3085937262500806,0.0,-76.875,1.0
2012-07-19,7,611.3,1,259.921875,159.609375,159.609375,159.609375,0.0,1.0,1.0,1.0,0.0,0.0,0.0,0.0,-100.3125,1.0
2012-07-19,7,634.1,1,258.28125,186.875,155.17888185968744,186.875,0.0,1.0,1.0,1.0,0.0,0.0,31.696118140312564,0.0,-71.40625,1.0
2012-07-19,8,611.3,1,287.5,159.765625,159.765625,159.765625,0.0,1.0,1.0,1.0,0.0,0.0,0.0,0.0,-127.734375,1.0
2012-07-19,8,634.1,1,255.703125,175.078125,165.53471682062494,175.078125,0.0,1.0,1.0,1.0,0.0,0.0,9.543408179375064,0.0,-80.625,1.0
2012-07-19,9,611.3,1,248.75,156.328125,156.328125,156.328125,0.0,1.0,1.0,1.0,0.0,0.0,0.0,0.0,-92.421875,1.0
2012-07-19,9,634.1,1,254.765625,176.328125,166.95368654718743,176.328125,0.0,1.0,1.0,1.0,0.0,0.0,9.37443845281257,0.0,-78.4375,1.0
2012-07-20,0,611.3,1,256.171875,126.015625,126.015625,126.015625,0.0,1.0,1.0,1.0,0.0,0.0,0.0,0.0,-130.15625,1.0
2012-07-20,0,634.1,1,260.3125,144.765625,144.765625,144.765625,0.0,1.0,1.0,1.0,0.0,0.0,0.0,0.0,-115.546875,1.0
2012-07-20,1,611.3,1,261.875,142.34375,142.34375,142.34375,0.0,1.0,1.0,1.0,0.0,0.0,0.0,0.0,-119.53125,1.0
2012-07-20,1,634.1,1,255.78125,148.984375,148.984375,148.984375,0.0,1.0,1.0,1.0,0.0,0.0,0.0,0.0,-106.796875,1.0
2012-07-20,2,611.3,1,218.4375,115.859375,115.859375,115.859375,0.0,1.0,1.0,1.0,0.0,0.0,0.0,0.0,-102.578125,1.0
2012-07-20,2,634.1,1,256.328125,122.8125,122.8125,122.8125,0.0,1.0,1.0,1.0,0.0,0.0,0.0,0.0,-133.515625,1.0
2012-07-20,3,611.3,1,234.453125,154.140625,154.140625,154.140625,0.0,1.0,1.0,1.0,0.0,0.0,0.0,0.0,-80.3125,1.0
2012-07-20,3,634.1,1,258.90625,157.5,157.5,157.5,0.0,1.0,1.0,1.0,0.0,0.0,0.0,0.0,-101.40625,1.0
2012-07-20,4,611.3,1,287.03125,157.265625,157.265625,157.265625,0.0,1.0,1.0,1.0,0.0,0.0,0.0,0.0,-129.765625,1.0
2012-07-20,4,634.1,1,255.15625,179.140625,172.33872072687493,179.140625,0.0,1.0,1.0,1.0,0.0,0.0,6.801904273125075,0.0,-76.015625,1.0
2012-07-20,5,611.3,1,212.5,111.328125,111.328125,111.328125,0.0,1.0,1.0,1.0,0.0,0.0,0.0,0.0,-101.171875,1.0
2012-07-20,5,634.1,1,254.765625,118.515625,118.515625,118.515625,0.0,1.0,1.0,1.0,0.0,0.0,0.0,0.0,-136.25,1.0
2012-07-20,6,611.3,1,286.171875,141.40625,141.40625,141.40625,0.0,1.0,1.0,1.0,0.0,0.0,0.0,0.0,-144.765625,1.0
2012-07-20,6,634.1,1,255.390625,155.859375,155.859375,155.859375,0.0,1.0,1.0,1.0,0.0,0.0,0.0,0.0,-99.53125,1.0
2012-07-20,7,611.3,1,247.421875,136.25,136.25,136.25,0.0,1.0,1.0,1.0,0.0,0.0,0.0,0.0,-111.171875,1.0
2012-07-20,7,634.1,1,257.96875,142.03125,142.03125,142.03125,0.0,1.0,1.0,1.0,0.0,0.0,0.0,0.0,-115.9375,1.0
2012-07-20,8,611.3,1,274.609375,126.640625,126.640625,126.640625,0.0,1.0,1.0,1.0,0.0,0.0,0.0,0.0,-147.96875,1.0
2012-07-20,8,634.1,1,256.5625,132.03125,132.03125,132.03125,0.0,1.0,1.0,1.0,0.0,0.0,0.0,0.0,-124.53125,1.0
2012-07-20,9,611.3,1,245.9375,155.390625,155.390625,155.390625,0.0,1.0,1.0,1.0,0.0,0.0,0.0,0.0,-90.546875,1.0
2012-07-20,9,634.1,1,256.328125,159.453125,159.453125,159.453125,0.0,1.0,1.0,1.0,0.0,0.0,0.0,0.0,-96.875,1.0
2012-07-21,0,611.3,1,242.109375,156.5625,156.5625,156.5625,0.0,1.0,1.0,1.0,0.0,0.0,0.0,0.0,-85.546875,1.0
2012-07-21,0,634.1,1,261.796875,177.265625,164.12456057062494,177.265625,0.0,1.0,1.0,1.0,0.0,0.0,13.141064429375064,0.0,-84.53125,1.0
2012-07-21,1,611.3,1,290.15625,148.046875,148.046875,148.046875,0.0,1.0,1.0,1.0,0.0,0.0,0.0,0.0,-142.109375,1.0
2012-07-21,1,634.1,1,255.0,171.40625,167.15639650812494,171.40625,0.0,1.0,1.0,1.0,0.0,0.0,4.249853491875058,0.0,-83.59375,1.0
2012-07-21,2,611.3,1,241.484375,159.921875,159.921875,159.921875,0.0,1.0,1.0,1.0,0.0,0.0,0.0,0.0,-81.5625,1.0
2012-07-21,2,634.1,1,257.65625,180.078125,176.67495119562494,180.078125,0.0,1.0,1.0,1.0,0.0,0.0,3.403173804375058,0.0,-77.578125,1.0
2012-07-21,3,611.3,1,297.65625,139.609375,139.609375,139.609375,0.0,1.0,1.0,1.0,0.0,0.0,0.0,0.0,-158.046875,1.0
2012-07-21,3,634.1,1,255.9375,167.65625,161.18085939874993,167.65625,0.0,1.0,1.0,1.0,0.0,0.0,6.475390601250069,0.0,-88.28125,1.0
2012-07-21,4,611.3,1,263.359375,157.34375,157.34375,157.34375,0.0,1.0,1.0,1.0,0.0,0.0,0.0,0.0,-106.015625,1.0
2012-07-21,4,634.1,1,255.78125,179.921875,166.51301271906243,179.921875,0.0,1.0,1.0,1.0,0.0,0.0,13.40886228093757,0.0,-75.859375,1.0
2012-07-21,5,611.3,1,235.234375,157.421875,157.421875,157.421875,0.0,1.0,1.0,1.0,0.0,0.0,0.0,0.0,-77.8125,1.0
2012-07-21,5,634.1,1,253.515625,179.609375,167.16520998468744,179.609375,0.0,1.0,1.0,1.0,0.0,0.0,12.444165015312564,0.0,-73.90625,1.0
2012-07-21,6,611.3,1,240.078125,167.96875,167.96875,167.96875,0.0,1.0,1.0,1.0,0.0,0.0,0.0,0.0,-72.109375,1.0
2012-07-21,6,634.1,1,257.5,182.578125,166.79504396906242,182.578125,0.0,1.0,1.0,1.0,0.0,0.0,15.78308103093758,0.0,-74.921875,1.0
2012-07-21,7,611.3,1,280.46875,159.140625,159.140625,159.140625,0.0,1.0,1.0,1.0,0.0,0.0,0.0,0.0,-121.328125,1.0
2012-07-21,7,634.1,1,259.0625,185.46875,152.56127932062492,185.46875,0.0,1.0,1.0,1.0,0.0,0.0,32.90747067937508,0.0,-73.59375,1.0
2012-07-21,8,611.3,1,271.171875,157.34375,157.34375,157.34375,0.0,1.0,1.0,1.0,0.0,0.0,0.0,0.0,-113.828125,1.0
2012-07-21,8,634.1,1,258.125,179.6875,163.93066408624992,179.6875,0.0,1.0,1.0,1.0,0.0,0.0,15.75683591375008,0.0,-78.4375,1.0
2012-07-21,9,611.3,1,287.5,158.125,158.125,158.125,0.0,1.0,1.0,1.0,0.0,0.0,0.0,0.0,-129.375,1.0
2012-07-21,9,634.1,1,261.25,182.5,153.88330080499992,182.5,0.0,1.0,1.0,1.0,0.0,0.0,28.61669919500008,0.0,-78.75,1.0
2012-07-22,0,611.3,1,274.921875,158.671875,158.671875,158.671875,0.0,1.0,1.0,1.0,0.0,0.0,0.0,0.0,-116.25,1.0
2012-07-22,0,634.1,1,262.03125,178.24374999999998,161.11035158624992,184.0625,0.0,1.0,1.0,1.0,5.818750000000023,0.0,22.95214841375008,0.0,-77.96875,1.0
2012-07-22,1,611.3,1,275.9375,158.90625,158.90625,158.90625,0.0,1.0,1.0,1.0,0.0,0.0,0.0,0.0,-117.03125,1.0
2012-07-22,1,634.1,1,253.984375,177.578125,175.41462404718743,177.578125,0.0,1.0,1.0,1.0,0.0,0.0,2.1635009528125693,0.0,-76.40625,1.0
2012-07-22,2,611.3,1,270.078125,157.265625,157.265625,157.265625,0.0,1.0,1.0,1.0,0.0,0.0,0.0,0.0,-112.8125,1.0
2012-07-22,2,634.1,1,254.296875,179.53125,174.39226076593744,179.53125,0.0,1.0,1.0,1.0,0.0,0.0,5.138989234062564,0.0,-74.765625,1.0
2012-07-22,3,611.3,1,282.5,140.0,140.0,140.0,0.0,1.0,1.0,1.0,0.0,0.0,0.0,0.0,-142.5,1.0
2012-07-22,3,634.1,1,257.8125,167.8125,165.18217775812494,167.8125,0.0,1.0,1.0,1.0,0.0,0.0,2.6303222418750636,0.0,-90.0,1.0
2012-07-22,4,611.3,1,261.09375,156.484375,156.484375,156.484375,0.0,1.0,1.0,1.0,0.0,0.0,0.0,0.0,-104.609375,1.0
2012-07-22,4,634.1,1,254.453125,176.875,165.09404299249994,176.875,0.0,1.0,1.0,1.0,0.0,0.0,11.780957007500064,0.0,-77.578125,1.0
2012-07-22,5,611.3,1,265.46875,156.71875,156.71875,156.71875,0.0,1.0,1.0,1.0,0.0,0.0,0.0,0.0,-108.75,1.0
2012-07-22,5,634.1,1,258.125,177.34375,164.30964357843743,177.34375,0.0,1.0,1.0,1.0,0.0,0.0,13.03410642156257,0.0,-80.78125,1.0
2012-07-22,6,611.3,1,287.65625,157.109375,157.109375,157.109375,0.0,1.0,1.0,1.0,0.0,0.0,0.0,0.0,-130.546875,1.0
2012-07-22,6,634.1,1,255.15625,175.390625,162.10627443781243,175.390625,0.0,1.0,1.0,1.0,0.0,0.0,13.28435056218757,0.0,-79.765625,1.0
2012-07-22,7,611.3,1,296.796875,161.953125,161.953125,161.953125,0.0,1.0,1.0,1.0,0.0,0.0,0.0,0.0,-134.84375,1.0
2012-07-22,7,634.1,1,260.390625,191.78125,151.96196291437494,194.921875,0.0,1.0,1.0,1.0,3.140625,0.0,42.959912085625064,0.0,-65.46875,1.0
2012-07-22,8,611.3,1,290.9375,160.546875,160.546875,160.546875,0.0,1.0,1.0,1.0,0.0,0.0,0.0,0.0,-130.390625,1.0
2012-07-22,8,634.1,1,260.3125,190.390625,158.22834475031243,190.390625,0.0,1.0,1.0,1.0,0.0,0.0,32.16228024968757,0.0,-69.921875,1.0
2012-07-22,9,611.3,1,280.9375,159.140625,159.140625,159.140625,0.0,1.0,1.0,1.0,0.0,0.0,0.0,0.0,-121.796875,1.0
2012-07-22,9,634.1,1,257.1875,185.703125,164.41540529718742,185.703125,0.0,1.0,1.0,1.0,0.0,0.0,21.28771970281258,0.0,-71.484375,1.0
2012-07-23,0,611.3,1,230.078125,158.046875,158.046875,158.046875,0.0,1.0,1.0,1.0,0.0,0.0,0.0,0.0,-72.03125,1.0
2012-07-23,0,634.1,1,259.53125,171.484375,170.67297365656242,171.484375,0.0,1.0,1.0,1.0,0.0,0.0,0.8114013434375806,0.0,-88.046875,1.0
2012-07-23,1,611.3,1,233.359375,157.03125,157.03125,157.03125,0.0,1.0,1.0,1.0,0.0,0.0,0.0,0.0,-76.328125,1.0
2012-07-23,1,634.1,1,255.0,175.46875,175.46875,175.46875,0.0,1.0,1.0,1.0,0.0,0.0,0.0,0.0,-79.53125,1.0
2012-07-23,2,611.3,1,240.234375,136.328125,136.328125,136.328125,0.0,1.0,1.0,1.0,0.0,0.0,0.0,0.0,-103.90625,1.0
2012-07-23,2,634.1,1,254.921875,158.125,158.125,158.125,0.0,1.0,1.0,1.0,0.0,0.0,0.0,0.0,-96.796875,1.0
2012-07-23,3,611.3,1,226.953125,149.296875,149.296875,149.296875,0.0,1.0,1.0,1.0,0.0,0.0,0.0,0.0,-77.65625,1.0
2012-07-23,3,634.1,1,258.515625,167.34375,167.34375,167.34375,0.0,1.0,1.0,1.0,0.0,0.0,0.0,0.0,-91.171875,1.0
2012-07-23,4,611.3,1,245.625,155.9375,155.9375,155.9375,0.0,1.0,1.0,1.0,0.0,0.0,0.0,0.0,-89.6875,1.0
2012-07-23,4,634.1,1,256.953125,173.671875,167.08588869562493,173.671875,0.0,1.0,1.0,1.0,0.0,0.0,6.585986304375069,0.0,-83.28125,1.0
2012-07-23,5,611.3,1,219.921875,134.453125,134.453125,134.453125,0.0,1.0,1.0,1.0,0.0,0.0,0.0,0.0,-85.46875,1.0
2012-07-23,5,634.1,1,253.046875,150.9375,150.9375,150.9375,0.0,1.0,1.0,1.0,0.0,0.0,0.0,0.0,-102.109375,1.0
2012-07-23,6,611.3,1,254.140625,163.828125,163.828125,163.828125,0.0,1.0,1.0,1.0,0.0,0.0,0.0,0.0,-90.3125,1.0
2012-07-23,6,634.1,1,253.125,181.484375,174.31293947687493,181.484375,0.0,1.0,1.0,1.0,0.0,0.0,7.171435523125069,0.0,-71.640625,1.0
2012-07-23,7,611.3,1,240.625,159.921875,159.921875,159.921875,0.0,1.0,1.0,1.0,0.0,0.0,0.0,0.0,-80.703125,1.0
2012-07-23,7,634.1,1,259.375,188.359375,159.03037111749993,188.359375,0.0,1.0,1.0,1.0,0.0,0.0,29.329003882500075,0.0,-71.015625,1.0
2012-07-23,8,611.3,1,254.921875,160.234375,160.234375,160.234375,0.0,1.0,1.0,1.0,0.0,0.0,0.0,0.0,-94.6875,1.0
2012-07-23,8,634.1,1,255.78125,188.59375,170.18823244562492,188.59375,0.0,1.0,1.0,1.0,0.0,0.0,18.40551755437508,0.0,-67.1875,1.0
2012-07-23,9,611.3,1,227.265625,153.046875,153.046875,153.046875,0.0,1.0,1.0,1.0,0.0,0.0,0.0,0.0,-74.21875,1.0
2012-07-23,9,634.1,1,257.734375,173.75,166.84792482843744,173.75,0.0,1.0,1.0,1.0,0.0,0.0,6.902075171562558,0.0,-83.984375,1.0
2012-07-24,0,611.3,1,231.484375,157.03125,157.03125,157.03125,0.0,1.0,1.0,1.0,0.0,0.0,0.0,0.0,-74.453125,1.0
2012-07-24,0,634.1,1,261.40625,178.359375,165.18217775812494,178.359375,0.0,1.0,1.0,1.0,0.0,0.0,13.177197241875064,0.0,-83.046875,1.0
2012-07-24,1,611.3,1,242.734375,161.171875,161.171875,161.171875,0.0,1.0,1.0,1.0,0.0,0.0,0.0,0.0,-81.5625,1.0
2012-07-24,1,634.1,1,256.40625,182.34375,175.61733400812494,182.34375,0.0,1.0,1.0,1.0,0.0,0.0,6.726415991875058,0.0,-74.0625,1.0
2012-07-24,2,611.3,1,231.09375,138.359375,138.359375,138.359375,0.0,1.0,1.0,1.0,0.0,0.0,0.0,0.0,-92.734375,1.0
2012-07-24,2,634.1,1,252.5,163.984375,163.984375,163.984375,0.0,1.0,1.0,1.0,0.0,0.0,0.0,0.0,-88.515625,1.0
2012-07-24,3,611.3,1,226.171875,156.875,156.875,156.875,0.0,1.0,1.0,1.0,0.0,0.0,0.0,0.0,-69.296875,1.0
2012-07-24,3,634.1,1,258.4375,178.28125,167.94079592218742,178.28125,0.0,1.0,1.0,1.0,0.0,0.0,10.34045407781258,0.0,-80.15625,1.0
2012-07-24,4,611.3,1,242.734375,155.3125,155.3125,155.3125,0.0,1.0,1.0,1.0,0.0,0.0,0.0,0.0,-87.421875,1.0
2012-07-24,4,634.1,1,252.734375,174.765625,173.18481447687492,174.765625,0.0,1.0,1.0,1.0,0.0,0.0,1.5808105231250806,0.0,-77.96875,1.0
2012-07-24,5,611.3,1,196.09375,133.59375,133.59375,133.59375,0.0,1.0,1.0,1.0,0.0,0.0,0.0,0.0,-62.5,1.0
2012-07-24,5,634.1,1,253.671875,161.484375,161.484375,161.484375,0.0,1.0,1.0,1.0,0.0,0.0,0.0,0.0,-92.1875,1.0
2012-07-24,6,611.3,1,235.703125,162.5,162.5,162.5,0.0,1.0,1.0,1.0,0.0,0.0,0.0,0.0,-73.203125,1.0
2012-07-24,6,634.1,1,254.53125,177.5,168.72519533624993,177.5,0.0,1.0,1.0,1.0,0.0,0.0,8.774804663750075,0.0,-77.03125,1.0
2012-07-24,7,611.3,1,240.625,158.984375,158.984375,158.984375,0.0,1.0,1.0,1.0,0.0,0.0,0.0,0.0,-81.640625,1.0
2012-07-24,7,634.1,1,256.015625,182.578125,166.15166017999994,182.578125,0.0,1.0,1.0,1.0,0.0,0.0,16.426464820000064,0.0,-73.4375,1.0
2012-07-24,8,611.3,1,228.046875,158.984375,158.984375,158.984375,0.0,1.0,1.0,1.0,0.0,0.0,0.0,0.0,-69.0625,1.0
2012-07-24,8,634.1,1,256.953125,182.1875,169.16586916437493,182.1875,0.0,1.0,1.0,1.0,0.0,0.0,13.021630835625075,0.0,-74.765625,1.0
2012-07-24,9,611.3,1,217.890625,151.484375,151.484375,151.484375,0.0,1.0,1.0,1.0,0.0,0.0,0.0,0.0,-66.40625,1.0
2012-07-24,9,634.1,1,254.140625,173.046875,173.046875,173.046875,0.0,1.0,1.0,1.0,0.0,0.0,0.0,0.0,-81.09375,1.0
2012-07-25,0,611.3,1,228.984375,119.21875,119.21875,119.21875,0.0,1.0,1.0,1.0,0.0,0.0,0.0,0.0,-109.765625,1.0
2012-07-25,0,634.1,1,258.515625,128.984375,128.984375,128.984375,0.0,1.0,1.0,1.0,0.0,0.0,0.0,0.0,-129.53125,1.0
2012-07-25,1,611.3,1,242.34375,134.140625,134.140625,134.140625,0.0,1.0,1.0,1.0,0.0,0.0,0.0,0.0,-108.203125,1.0
2012-07-25,1,634.1,1,254.84375,141.71875,141.71875,141.71875,0.0,1.0,1.0,1.0,0.0,0.0,0.0,0.0,-113.125,1.0
2012-07-25,2,611.3,1,237.5,95.78125,95.78125,95.78125,0.0,1.0,1.0,1.0,0.0,0.0,0.0,0.0,-141.71875,1.0
2012-07-25,2,634.1,1,252.65625,95.703125,95.703125,95.703125,0.0,1.0,1.0,1.0,0.0,0.0,0.0,0.0,-156.953125,1.0
2012-07-25,3,611.3,1,227.65625,94.296875,94.296875,94.296875,0.0,1.0,1.0,1.0,0.0,0.0,0.0,0.0,-133.359375,1.0
2012-07-25,3,634.1,1,254.6875,98.046875,98.046875,98.046875,0.0,1.0,1.0,1.0,0.0,0.0,0.0,0.0,-156.640625,1.0
2012-07-25,4,611.3,1,212.265625,132.8125,132.8125,132.8125,0.0,1.0,1.0,1.0,0.0,0.0,0.0,0.0,-79.453125,1.0
2012-07-25,4,634.1,1,253.515625,141.640625,141.640625,141.640625,0.0,1.0,1.0,1.0,0.0,0.0,0.0,0.0,-111.875,1.0
2012-07-25,5,611.3,1,203.359375,101.953125,101.953125,101.953125,0.0,1.0,1.0,1.0,0.0,0.0,0.0,0.0,-101.40625,1.0
2012-07-25,5,634.1,1,253.90625,102.8125,102.8125,102.8125,0.0,1.0,1.0,1.0,0.0,0.0,0.0,0.0,-151.09375,1.0
2012-07-25,6,611.3,1,258.984375,121.40625,121.40625,121.40625,0.0,1.0,1.0,1.0,0.0,0.0,0.0,0.0,-137.578125,1.0
2012-07-25,6,634.1,1,254.296875,130.234375,130.234375,130.234375,0.0,1.0,1.0,1.0,0.0,0.0,0.0,0.0,-124.0625,1.0
2012-07-25,7,611.3,1,242.421875,124.765625,124.765625,124.765625,0.0,1.0,1.0,1.0,0.0,0.0,0.0,0.0,-117.65625,1.0
2012-07-25,7,634.1,1,256.5625,130.078125,130.078125,130.078125,0.0,1.0,1.0,1.0,0.0,0.0,0.0,0.0,-126.484375,1.0
2012-07-25,8,611.3,1,274.921875,96.71875,96.71875,96.71875,0.0,1.0,1.0,1.0,0.0,0.0,0.0,0.0,-178.203125,1.0
2012-07-25,8,634.1,1,254.921875,98.125,98.125,98.125,0.0,1.0,1.0,1.0,0.0,0.0,0.0,0.0,-156.796875,1.0
2012-07-25,9,611.3,1,231.953125,113.125,113.125,113.125,0.0,1.0,1.0,1.0,0.0,0.0,0.0,0.0,-118.828125,1.0
2012-07-25,9,634.1,1,254.375,125.625,125.625,125.625,0.0,1.0,1.0,1.0,0.0,0.0,0.0,0.0,-128.75,1.0
2012-07-26,0,611.3,1,231.5625,159.453125,159.453125,159.453125,0.0,1.0,1.0,1.0,0.0,0.0,0.0,0.0,-72.109375,1.0
2012-07-26,0,634.1,1,263.125,169.78281249999998,164.38896486749994,183.28125,0.0,1.0,1.0,1.0,13.498437500000023,0.0,18.892285132500064,0.0,-79.84375,1.0
2012-07-26,1,611.3,1,238.984375,160.703125,160.703125,160.703125,0.0,1.0,1.0,1.0,0.0,0.0,0.0,0.0,-78.28125,1.0
2012-07-26,1,634.1,1,258.125,177.109375,173.47565920343743,177.109375,0.0,1.0,1.0,1.0,0.0,0.0,3.6337157965625693,0.0,-81.015625,1.0
2012-07-26,2,611.3,1,212.421875,139.84375,139.84375,139.84375,0.0,1.0,1.0,1.0,0.0,0.0,0.0,0.0,-72.578125,1.0
2012-07-26,2,634.1,1,254.21875,164.296875,164.296875,164.296875,0.0,1.0,1.0,1.0,0.0,0.0,0.0,0.0,-89.921875,1.0
2012-07-26,3,611.3,1,214.921875,149.296875,149.296875,149.296875,0.0,1.0,1.0,1.0,0.0,0.0,0.0,0.0,-65.625,1.0
2012-07-26,3,634.1,1,255.0,168.90625,168.90625,168.90625,0.0,1.0,1.0,1.0,0.0,0.0,0.0,0.0,-86.09375,1.0
2012-07-26,4,611.3,1,236.015625,157.265625,157.265625,157.265625,0.0,1.0,1.0,1.0,0.0,0.0,0.0,0.0,-78.75,1.0
2012-07-26,4,634.1,1,250.9375,178.359375,178.359375,178.359375,0.0,1.0,1.0,1.0,0.0,0.0,0.0,0.0,-72.578125,1.0
2012-07-26,5,611.3,1,217.96875,132.734375,132.734375,132.734375,0.0,1.0,1.0,1.0,0.0,0.0,0.0,0.0,-85.234375,1.0
2012-07-26,5,634.1,1,250.9375,164.53125,164.53125,164.53125,0.0,1.0,1.0,1.0,0.0,0.0,0.0,0.0,-86.40625,1.0
2012-07-26,6,611.3,1,238.28125,147.65625,147.65625,147.65625,0.0,1.0,1.0,1.0,0.0,0.0,0.0,0.0,-90.625,1.0
2012-07-26,6,634.1,1,255.0,167.96875,167.96875,167.96875,0.0,1.0,1.0,1.0,0.0,0.0,0.0,0.0,-87.03125,1.0
2012-07-26,7,611.3,1,241.171875,158.59375,158.59375,158.59375,0.0,1.0,1.0,1.0,0.0,0.0,0.0,0.0,-82.578125,1.0
2012-07-26,7,634.1,1,252.34375,183.90625,173.63430178156244,183.90625,0.0,1.0,1.0,1.0,0.0,0.0,10.271948218437558,0.0,-68.4375,1.0
2012-07-26,8,611.3,1,230.0,157.8125,157.8125,157.8125,0.0,1.0,1.0,1.0,0.0,0.0,0.0,0.0,-72.1875,1.0
2012-07-26,8,634.1,1,255.234375,173.515625,173.515625,173.515625,0.0,1.0,1.0,1.0,0.0,0.0,0.0,0.0,-81.71875,1.0
2012-07-26,9,611.3,1,232.5,138.046875,138.046875,138.046875,0.0,1.0,1.0,1.0,0.0,0.0,0.0,0.0,-94.453125,1.0
2012-07-26,9,634.1,1,256.71875,166.953125,166.953125,166.953125,0.0,1.0,1.0,1.0,0.0,0.0,0.0,0.0,-89.765625,1.0
2012-07-27,0,611.3,1,254.296875,119.53125,119.53125,119.53125,0.0,1.0,1.0,1.0,0.0,0.0,0.0,0.0,-134.765625,1.0
2012-07-27,0,634.1,1,262.96875,134.609375,134.609375,134.609375,0.0,1.0,1.0,1.0,0.0,0.0,0.0,0.0,-128.359375,1.0
2012-07-27,1,611.3,1,224.84375,125.625,125.625,125.625,0.0,1.0,1.0,1.0,0.0,0.0,0.0,0.0,-99.21875,1.0
2012-07-27,1,634.1,1,253.203125,136.25,136.25,136.25,0.0,1.0,1.0,1.0,0.0,0.0,0.0,0.0,-116.953125,1.0
2012-07-27,2,611.3,1,220.546875,101.171875,101.171875,101.171875,0.0,1.0,1.0,1.0,0.0,0.0,0.0,0.0,-119.375,1.0
2012-07-27,2,634.1,1,254.84375,98.359375,98.359375,98.359375,0.0,1.0,1.0,1.0,0.0,0.0,0.0,0.0,-156.484375,1.0
2012-07-27,3,611.3,1,241.328125,123.359375,123.359375,123.359375,0.0,1.0,1.0,1.0,0.0,0.0,0.0,0.0,-117.96875,1.0
2012-07-27,3,634.1,1,255.46875,124.453125,124.453125,124.453125,0.0,1.0,1.0,1.0,0.0,0.0,0.0,0.0,-131.015625,1.0
2012-07-27,4,611.3,1,254.375,129.6875,129.6875,129.6875,0.0,1.0,1.0,1.0,0.0,0.0,0.0,0.0,-124.6875,1.0
2012-07-27,4,634.1,1,251.71875,139.296875,139.296875,139.296875,0.0,1.0,1.0,1.0,0.0,0.0,0.0,0.0,-112.421875,1.0
2012-07-27,5,611.3,1,215.0,146.5625,146.5625,146.5625,0.0,1.0,1.0,1.0,0.0,0.0,0.0,0.0,-68.4375,1.0
2012-07-27,5,634.1,1,254.21875,142.734375,142.734375,142.734375,0.0,1.0,1.0,1.0,0.0,0.0,0.0,0.0,-111.484375,1.0
2012-07-27,6,611.3,1,296.875,155.9375,155.9375,155.9375,0.0,1.0,1.0,1.0,0.0,0.0,0.0,0.0,-140.9375,1.0
2012-07-27,6,634.1,1,254.609375,169.140625,169.140625,169.140625,0.0,1.0,1.0,1.0,0.0,0.0,0.0,0.0,-85.46875,1.0
2012-07-27,7,611.3,1,256.09375,131.40625,131.40625,131.40625,0.0,1.0,1.0,1.0,0.0,0.0,0.0,0.0,-124.6875,1.0
2012-07-27,7,634.1,1,254.140625,134.296875,134.296875,134.296875,0.0,1.0,1.0,1.0,0.0,0.0,0.0,0.0,-119.84375,1.0
2012-07-27,8,611.3,1,245.3125,112.96875,112.96875,112.96875,0.0,1.0,1.0,1.0,0.0,0.0,0.0,0.0,-132.34375,1.0
2012-07-27,8,634.1,1,256.71875,114.53125,114.53125,114.53125,0.0,1.0,1.0,1.0,0.0,0.0,0.0,0.0,-142.1875,1.0
2012-07-27,9,611.3,1,229.53125,125.078125,125.078125,125.078125,0.0,1.0,1.0,1.0,0.0,0.0,0.0,0.0,-104.453125,1.0
2012-07-27,9,634.1,1,256.5625,130.9375,130.9375,130.9375,0.0,1.0,1.0,1.0,0.0,0.0,0.0,0.0,-125.625,1.0
2012-07-28,0,611.3,1,286.640625,161.328125,161.328125,161.328125,0.0,1.0,1.0,1.0,0.0,0.0,0.0,0.0,-125.3125,1.0
2012-07-28,0,634.1,1,262.96875,169.921875,168.70756838312494,169.921875,0.0,1.0,1.0,1.0,0.0,0.0,1.2143066168750636,0.0,-93.046875,1.0
2012-07-28,1,611.3,1,270.859375,156.015625,156.015625,156.015625,0.0,1.0,1.0,1.0,0.0,0.0,0.0,0.0,-114.84375,1.0
2012-07-28,1,634.1,1,252.8125,164.21875,164.21875,164.21875,0.0,1.0,1.0,1.0,0.0,0.0,0.0,0.0,-88.59375,1.0
2012-07-28,2,611.3,1,250.0,126.25,126.25,126.25,0.0,1.0,1.0,1.0,0.0,0.0,0.0,0.0,-123.75,1.0
2012-07-28,2,634.1,1,253.28125,136.40625,136.40625,136.40625,0.0,1.0,1.0,1.0,0.0,0.0,0.0,0.0,-116.875,1.0
2012-07-28,3,611.3,1,236.796875,139.453125,139.453125,139.453125,0.0,1.0,1.0,1.0,0.0,0.0,0.0,0.0,-97.34375,1.0
2012-07-28,3,634.1,1,256.25,139.765625,139.765625,139.765625,0.0,1.0,1.0,1.0,0.0,0.0,0.0,0.0,-116.484375,1.0
2012-07-28,4,611.3,1,296.015625,155.15625,155.15625,155.15625,0.0,1.0,1.0,1.0,0.0,0.0,0.0,0.0,-140.859375,1.0
2012-07-28,4,634.1,1,252.734375,160.9375,160.9375,160.9375,0.0,1.0,1.0,1.0,0.0,0.0,0.0,0.0,-91.796875,1.0
2012-07-28,5,611.3,1,220.78125,133.671875,133.671875,133.671875,0.0,1.0,1.0,1.0,0.0,0.0,0.0,0.0,-87.109375,1.0
2012-07-28,5,634.1,1,254.375,132.8125,132.8125,132.8125,0.0,1.0,1.0,1.0,0.0,0.0,0.0,0.0,-121.5625,1.0
2012-07-28,6,611.3,1,300.0,167.421875,167.421875,167.421875,0.0,1.0,1.0,1.0,0.0,0.0,0.0,0.0,-132.578125,1.0
2012-07-28,6,634.1,1,256.484375,174.765625,170.17060549249993,174.765625,0.0,1.0,1.0,1.0,0.0,0.0,4.595019507500069,0.0,-81.71875,1.0
2012-07-28,7,611.3,1,268.984375,130.390625,130.390625,130.390625,0.0,1.0,1.0,1.0,0.0,0.0,0.0,0.0,-138.59375,1.0
2012-07-28,7,634.1,1,254.21875,133.359375,133.359375,133.359375,0.0,1.0,1.0,1.0,0.0,0.0,0.0,0.0,-120.859375,1.0
2012-07-28,8,611.3,1,271.875,150.3125,150.3125,150.3125,0.0,1.0,1.0,1.0,0.0,0.0,0.0,0.0,-121.5625,1.0
2012-07-28,8,634.1,1,258.125,146.5625,146.5625,146.5625,0.0,1.0,1.0,1.0,0.0,0.0,0.0,0.0,-111.5625,1.0
2012-07-28,9,611.3,1,262.421875,156.40625,156.40625,156.40625,0.0,1.0,1.0,1.0,0.0,0.0,0.0,0.0,-106.015625,1.0
2012-07-28,9,634.1,1,253.28125,176.5625,169.76518557062494,176.5625,0.0,1.0,1.0,1.0,0.0,0.0,6.797314429375064,0.0,-76.71875,1.0
2012-07-29,0,611.3,1,246.484375,159.21875,159.21875,159.21875,0.0,1.0,1.0,1.0,0.0,0.0,0.0,0.0,-87.265625,1.0
2012-07-29,0,634.1,1,260.703125,174.140625,160.83713381281245,174.140625,0.0,1.0,1.0,1.0,0.0,0.0,13.303491187187547,0.0,-86.5625,1.0
2012-07-29,1,611.3,1,297.265625,158.203125,158.203125,158.203125,0.0,1.0,1.0,1.0,0.0,0.0,0.0,0.0,-139.0625,1.0
2012-07-29,1,634.1,1,256.09375,170.078125,170.078125,170.078125,0.0,1.0,1.0,1.0,0.0,0.0,0.0,0.0,-86.015625,1.0
2012-07-29,2,611.3,1,245.78125,158.4375,158.4375,158.4375,0.0,1.0,1.0,1.0,0.0,0.0,0.0,0.0,-87.34375,1.0
2012-07-29,2,634.1,1,255.859375,176.015625,169.80925295343744,176.015625,0.0,1.0,1.0,1.0,0.0,0.0,6.206372046562564,0.0,-79.84375,1.0
2012-07-29,3,611.3,1,277.8125,159.921875,159.921875,159.921875,0.0,1.0,1.0,1.0,0.0,0.0,0.0,0.0,-117.890625,1.0
2012-07-29,3,634.1,1,258.203125,174.765625,165.64047853937493,174.765625,0.0,1.0,1.0,1.0,0.0,0.0,9.125146460625075,0.0,-83.4375,1.0
2012-07-29,4,611.3,1,277.265625,158.046875,158.046875,158.046875,0.0,1.0,1.0,1.0,0.0,0.0,0.0,0.0,-119.21875,1.0
2012-07-29,4,634.1,1,252.421875,180.546875,170.46145021906244,180.546875,0.0,1.0,1.0,1.0,0.0,0.0,10.085424780937558,0.0,-71.875,1.0
2012-07-29,5,611.3,1,226.5625,147.890625,147.890625,147.890625,0.0,1.0,1.0,1.0,0.0,0.0,0.0,0.0,-78.671875,1.0
2012-07-29,5,634.1,1,252.734375,171.40625,171.40625,171.40625,0.0,1.0,1.0,1.0,0.0,0.0,0.0,0.0,-81.328125,1.0
2012-07-29,6,611.3,1,300.0,166.953125,166.953125,166.953125,0.0,1.0,1.0,1.0,0.0,0.0,0.0,0.0,-133.046875,1.0
2012-07-29,6,634.1,1,257.5,179.453125,161.29543459406244,179.453125,0.0,1.0,1.0,1.0,0.0,0.0,18.157690405937558,0.0,-78.046875,1.0
2012-07-29,7,611.3,1,271.953125,138.359375,138.359375,138.359375,0.0,1.0,1.0,1.0,0.0,0.0,0.0,0.0,-133.59375,1.0
2012-07-29,7,634.1,1,257.65625,151.71875,151.71875,151.71875,0.0,1.0,1.0,1.0,0.0,0.0,0.0,0.0,-105.9375,1.0
2012-07-29,8,611.3,1,300.0,147.65625,147.65625,147.65625,0.0,1.0,1.0,1.0,0.0,0.0,0.0,0.0,-152.34375,1.0
2012-07-29,8,634.1,1,256.953125,162.109375,162.109375,162.109375,0.0,1.0,1.0,1.0,0.0,0.0,0.0,0.0,-94.84375,1.0
2012-07-29,9,611.3,1,281.875,156.953125,156.953125,156.953125,0.0,1.0,1.0,1.0,0.0,0.0,0.0,0.0,-124.921875,1.0
2012-07-29,9,634.1,1,260.546875,178.4375,157.53208010187493,178.4375,0.0,1.0,1.0,1.0,0.0,0.0,20.905419898125075,0.0,-82.109375,1.0
2012-07-30,0,611.3,1,258.28125,108.359375,108.359375,108.359375,0.0,1.0,1.0,1.0,0.0,0.0,0.0,0.0,-149.921875,1.0
2012-07-30,0,634.1,1,261.09375,117.734375,117.734375,117.734375,0.0,1.0,1.0,1.0,0.0,0.0,0.0,0.0,-143.359375,1.0
2012-07-30,1,611.3,1,258.4375,135.234375,135.234375,135.234375,0.0,1.0,1.0,1.0,0.0,0.0,0.0,0.0,-123.203125,1.0
2012-07-30,1,634.1,1,256.484375,142.1875,142.1875,142.1875,0.0,1.0,1.0,1.0,0.0,0.0,0.0,0.0,-114.296875,1.0
2012-07-30,2,611.3,1,245.9375,157.734375,157.734375,157.734375,0.0,1.0,1.0,1.0,0.0,0.0,0.0,0.0,-88.203125,1.0
2012-07-30,2,634.1,1,256.953125,171.328125,171.328125,171.328125,0.0,1.0,1.0,1.0,0.0,0.0,0.0,0.0,-85.625,1.0
2012-07-30,3,611.3,1,237.109375,150.078125,150.078125,150.078125,0.0,1.0,1.0,1.0,0.0,0.0,0.0,0.0,-87.03125,1.0
2012-07-30,3,634.1,1,259.296875,150.625,150.625,150.625,0.0,1.0,1.0,1.0,0.0,0.0,0.0,0.0,-108.671875,1.0
2012-07-30,4,611.3,1,263.59375,157.65625,157.65625,157.65625,0.0,1.0,1.0,1.0,0.0,0.0,0.0,0.0,-105.9375,1.0
2012-07-30,4,634.1,1,253.75,180.9375,175.13259279718744,180.9375,0.0,1.0,1.0,1.0,0.0,0.0,5.804907202812558,0.0,-72.8125,1.0
2012-07-30,5,611.3,1,220.390625,106.875,106.875,106.875,0.0,1.0,1.0,1.0,0.0,0.0,0.0,0.0,-113.515625,1.0
2012-07-30,5,634.1,1,256.484375,110.859375,110.859375,110.859375,0.0,1.0,1.0,1.0,0.0,0.0,0.0,0.0,-145.625,1.0
2012-07-30,6,611.3,1,291.40625,143.90625,143.90625,143.90625,0.0,1.0,1.0,1.0,0.0,0.0,0.0,0.0,-147.5,1.0
2012-07-30,6,634.1,1,258.4375,150.15625,150.15625,150.15625,0.0,1.0,1.0,1.0,0.0,0.0,0.0,0.0,-108.28125,1.0
2012-07-30,7,611.3,1,267.1875,127.8125,127.8125,127.8125,0.0,1.0,1.0,1.0,0.0,0.0,0.0,0.0,-139.375,1.0
2012-07-30,7,634.1,1,258.4375,134.84375,134.84375,134.84375,0.0,1.0,1.0,1.0,0.0,0.0,0.0,0.0,-123.59375,1.0
2012-07-30,8,611.3,1,300.0,108.203125,108.203125,108.203125,0.0,1.0,1.0,1.0,0.0,0.0,0.0,0.0,-191.796875,1.0
2012-07-30,8,634.1,1,257.578125,111.328125,111.328125,111.328125,0.0,1.0,1.0,1.0,0.0,0.0,0.0,0.0,-146.25,1.0
2012-07-30,9,611.3,1,235.3125,156.25,156.25,156.25,0.0,1.0,1.0,1.0,0.0,0.0,0.0,0.0,-79.0625,1.0
2012-07-30,9,634.1,1,259.84375,176.09375,166.30148928156245,176.09375,0.0,1.0,1.0,1.0,0.0,0.0,9.792260718437547,0.0,-83.75,1.0
2012-07-31,0,611.3,1,221.5625,150.9375,150.9375,150.9375,0.0,1.0,1.0,1.0,0.0,0.0,0.0,0.0,-70.625,1.0
2012-07-31,0,634.1,1,259.6875,168.203125,164.36252443781245,168.203125,0.0,1.0,1.0,1.0,0.0,0.0,3.8406005621875465,0.0,-91.484375,1.0
2012-07-31,1,611.3,1,241.71875,157.5,157.5,157.5,0.0,1.0,1.0,1.0,0.0,0.0,0.0,0.0,-84.21875,1.0
2012-07-31,1,634.1,1,258.203125,171.25,165.85200197687493,171.25,0.0,1.0,1.0,1.0,0.0,0.0,5.397998023125069,0.0,-86.953125,1.0
2012-07-31,2,611.3,1,236.953125,157.34375,157.34375,157.34375,0.0,1.0,1.0,1.0,0.0,0.0,0.0,0.0,-79.609375,1.0
2012-07-31,2,634.1,1,259.921875,179.765625,163.64863283624993,179.765625,0.0,1.0,1.0,1.0,0.0,0.0,16.11699216375007,0.0,-80.15625,1.0
2012-07-31,3,611.3,1,248.671875,156.5625,156.5625,156.5625,0.0,1.0,1.0,1.0,0.0,0.0,0.0,0.0,-92.109375,1.0
2012-07-31,3,634.1,1,260.0,176.796875,158.96867678156244,176.796875,0.0,1.0,1.0,1.0,0.0,0.0,17.828198218437564,0.0,-83.203125,1.0
2012-07-31,4,611.3,1,256.25,156.5625,156.5625,156.5625,0.0,1.0,1.0,1.0,0.0,0.0,0.0,0.0,-99.6875,1.0
2012-07-31,4,634.1,1,253.4375,175.15625,172.96447756281242,175.15625,0.0,1.0,1.0,1.0,0.0,0.0,2.1917724371875806,0.0,-78.28125,1.0
2012-07-31,5,611.3,1,219.53125,135.0,135.0,135.0,0.0,1.0,1.0,1.0,0.0,0.0,0.0,0.0,-84.53125,1.0
2012-07-31,5,634.1,1,253.75,156.40625,156.40625,156.40625,0.0,1.0,1.0,1.0,0.0,0.0,0.0,0.0,-97.34375,1.0
2012-07-31,6,611.3,1,270.3125,173.046875,173.046875,173.046875,0.0,1.0,1.0,1.0,0.0,0.0,0.0,0.0,-97.265625,1.0
2012-07-31,6,634.1,1,260.546875,182.265625,161.85949709406242,182.265625,0.0,1.0,1.0,1.0,0.0,0.0,20.40612790593758,0.0,-78.28125,1.0
2012-07-31,7,611.3,1,283.046875,162.5,162.5,162.5,0.0,1.0,1.0,1.0,0.0,0.0,0.0,0.0,-120.546875,1.0
2012-07-31,7,634.1,1,255.46875,175.625,164.52998049249993,175.625,0.0,1.0,1.0,1.0,0.0,0.0,11.09501950750007,0.0,-79.84375,1.0
2012-07-31,8,611.3,1,273.203125,156.015625,156.015625,156.015625,0.0,1.0,1.0,1.0,0.0,0.0,0.0,0.0,-117.1875,1.0
2012-07-31,8,634.1,1,257.34375,170.46875,168.01130373468743,170.46875,0.0,1.0,1.0,1.0,0.0,0.0,2.4574462653125693,0.0,-86.875,1.0
2012-07-31,9,611.3,1,277.5,151.25,151.25,151.25,0.0,1.0,1.0,1.0,0.0,0.0,0.0,0.0,-126.25,1.0
2012-07-31,9,634.1,1,259.296875,172.96875,162.84660646906244,172.96875,0.0,1.0,1.0,1.0,0.0,0.0,10.122143530937564,0.0,-86.328125,1.0
2012-08-01,0,611.3,1,253.90625,132.65625,132.65625,132.65625,0.0,1.0,1.0,1.0,0.0,0.0,0.0,0.0,-121.25,1.0
2012-08-01,0,634.1,1,262.265625,140.859375,140.859375,140.859375,0.0,1.0,1.0,1.0,0.0,0.0,0.0,0.0,-121.40625,1.0
2012-08-01,1,611.3,1,265.546875,132.5,132.5,132.5,0.0,1.0,1.0,1.0,0.0,0.0,0.0,0.0,-133.046875,1.0
2012-08-01,1,634.1,1,257.421875,142.03125,142.03125,142.03125,0.0,1.0,1.0,1.0,0.0,0.0,0.0,0.0,-115.390625,1.0
2012-08-01,2,611.3,1,252.734375,128.671875,128.671875,128.671875,0.0,1.0,1.0,1.0,0.0,0.0,0.0,0.0,-124.0625,1.0
2012-08-01,2,634.1,1,256.40625,132.34375,132.34375,132.34375,0.0,1.0,1.0,1.0,0.0,0.0,0.0,0.0,-124.0625,1.0
2012-08-01,3,611.3,1,247.96875,157.578125,157.578125,157.578125,0.0,1.0,1.0,1.0,0.0,0.0,0.0,0.0,-90.390625,1.0
2012-08-01,3,634.1,1,260.46875,159.0625,156.92395021906242,159.0625,0.0,1.0,1.0,1.0,0.0,0.0,2.1385497809375806,0.0,-101.40625,1.0
2012-08-01,4,611.3,1,259.84375,139.6875,139.6875,139.6875,0.0,1.0,1.0,1.0,0.0,0.0,0.0,0.0,-120.15625,1.0
2012-08-01,4,634.1,1,254.53125,158.75,158.75,158.75,0.0,1.0,1.0,1.0,0.0,0.0,0.0,0.0,-95.78125,1.0
2012-08-01,5,611.3,1,211.40625,120.46875,120.46875,120.46875,0.0,1.0,1.0,1.0,0.0,0.0,0.0,0.0,-90.9375,1.0
2012-08-01,5,634.1,1,255.234375,124.609375,124.609375,124.609375,0.0,1.0,1.0,1.0,0.0,0.0,0.0,0.0,-130.625,1.0
2012-08-01,6,611.3,1,281.71875,157.890625,157.890625,157.890625,0.0,1.0,1.0,1.0,0.0,0.0,0.0,0.0,-123.828125,1.0
2012-08-01,6,634.1,1,259.296875,171.40625,157.47919924249993,171.40625,0.0,1.0,1.0,1.0,0.0,0.0,13.92705075750007,0.0,-87.890625,1.0
2012-08-01,7,611.3,1,279.765625,142.34375,142.34375,142.34375,0.0,1.0,1.0,1.0,0.0,0.0,0.0,0.0,-137.421875,1.0
2012-08-01,7,634.1,1,256.875,144.21875,144.21875,144.21875,0.0,1.0,1.0,1.0,0.0,0.0,0.0,0.0,-112.65625,1.0
2012-08-01,8,611.3,1,300.0,128.203125,128.203125,128.203125,0.0,1.0,1.0,1.0,0.0,0.0,0.0,0.0,-171.796875,1.0
2012-08-01,8,634.1,1,257.96875,128.828125,128.828125,128.828125,0.0,1.0,1.0,1.0,0.0,0.0,0.0,0.0,-129.140625,1.0
2012-08-01,9,611.3,1,235.546875,119.375,119.375,119.375,0.0,1.0,1.0,1.0,0.0,0.0,0.0,0.0,-116.171875,1.0
2012-08-01,9,634.1,1,260.46875,123.75,123.75,123.75,0.0,1.0,1.0,1.0,0.0,0.0,0.0,0.0,-136.71875,1.0
2012-08-02,0,611.3,1,269.53125,142.65625,142.65625,142.65625,0.0,1.0,1.0,1.0,0.0,0.0,0.0,0.0,-126.875,1.0
2012-08-02,0,634.1,1,262.1875,152.5,152.5,152.5,0.0,1.0,1.0,1.0,0.0,0.0,0.0,0.0,-109.6875,1.0
2012-08-02,1,611.3,1,251.015625,137.34375,137.34375,137.34375,0.0,1.0,1.0,1.0,0.0,0.0,0.0,0.0,-113.671875,1.0
2012-08-02,1,634.1,1,257.421875,144.21875,144.21875,144.21875,0.0,1.0,1.0,1.0,0.0,0.0,0.0,0.0,-113.203125,1.0
2012-08-02,2,611.3,1,251.484375,116.25,116.25,116.25,0.0,1.0,1.0,1.0,0.0,0.0,0.0,0.0,-135.234375,1.0
2012-08-02,2,634.1,1,255.78125,114.609375,114.609375,114.609375,0.0,1.0,1.0,1.0,0.0,0.0,0.0,0.0,-141.171875,1.0
2012-08-02,3,611.3,1,243.203125,117.96875,117.96875,117.96875,0.0,1.0,1.0,1.0,0.0,0.0,0.0,0.0,-125.234375,1.0
2012-08-02,3,634.1,1,256.25,119.53125,119.53125,119.53125,0.0,1.0,1.0,1.0,0.0,0.0,0.0,0.0,-136.71875,1.0
2012-08-02,4,611.3,1,251.25,133.203125,133.203125,133.203125,0.0,1.0,1.0,1.0,0.0,0.0,0.0,0.0,-118.046875,1.0
2012-08-02,4,634.1,1,256.171875,141.015625,141.015625,141.015625,0.0,1.0,1.0,1.0,0.0,0.0,0.0,0.0,-115.15625,1.0
2012-08-02,5,611.3,1,232.34375,108.828125,108.828125,108.828125,0.0,1.0,1.0,1.0,0.0,0.0,0.0,0.0,-123.515625,1.0
2012-08-02,5,634.1,1,251.796875,111.953125,111.953125,111.953125,0.0,1.0,1.0,1.0,0.0,0.0,0.0,0.0,-139.84375,1.0
2012-08-02,6,611.3,1,264.609375,139.140625,139.140625,139.140625,0.0,1.0,1.0,1.0,0.0,0.0,0.0,0.0,-125.46875,1.0
2012-08-02,6,634.1,1,258.671875,145.859375,145.859375,145.859375,0.0,1.0,1.0,1.0,0.0,0.0,0.0,0.0,-112.8125,1.0
2012-08-02,7,611.3,1,300.0,153.28125,153.28125,153.28125,0.0,1.0,1.0,1.0,0.0,0.0,0.0,0.0,-146.71875,1.0
2012-08-02,7,634.1,1,257.421875,154.53125,154.53125,154.53125,0.0,1.0,1.0,1.0,0.0,0.0,0.0,0.0,-102.890625,1.0
2012-08-02,8,611.3,1,300.0,134.453125,134.453125,134.453125,0.0,1.0,1.0,1.0,0.0,0.0,0.0,0.0,-165.546875,1.0
2012-08-02,8,634.1,1,258.203125,133.984375,133.984375,133.984375,0.0,1.0,1.0,1.0,0.0,0.0,0.0,0.0,-124.21875,1.0
2012-08-02,9,611.3,1,238.90625,156.71875,156.71875,156.71875,0.0,1.0,1.0,1.0,0.0,0.0,0.0,0.0,-82.1875,1.0
2012-08-02,9,634.1,1,257.109375,161.875,161.875,161.875,0.0,1.0,1.0,1.0,0.0,0.0,0.0,0.0,-95.234375,1.0
2012-08-03,0,611.3,1,246.5625,138.90625,138.90625,138.90625,0.0,1.0,1.0,1.0,0.0,0.0,0.0,0.0,-107.65625,1.0
2012-08-03,0,634.1,1,265.3125,143.046875,143.046875,143.046875,0.0,1.0,1.0,1.0,0.0,0.0,0.0,0.0,-122.265625,1.0
2012-08-03,1,611.3,1,246.640625,102.65625,102.65625,102.65625,0.0,1.0,1.0,1.0,0.0,0.0,0.0,0.0,-143.984375,1.0
2012-08-03,1,634.1,1,255.15625,112.96875,112.96875,112.96875,0.0,1.0,1.0,1.0,0.0,0.0,0.0,0.0,-142.1875,1.0
2012-08-03,2,611.3,1,247.890625,119.453125,119.453125,119.453125,0.0,1.0,1.0,1.0,0.0,0.0,0.0,0.0,-128.4375,1.0
2012-08-03,2,634.1,1,258.75,118.75,118.75,118.75,0.0,1.0,1.0,1.0,0.0,0.0,0.0,0.0,-140.0,1.0
2012-08-03,3,611.3,1,246.328125,123.75,123.75,123.75,0.0,1.0,1.0,1.0,0.0,0.0,0.0,0.0,-122.578125,1.0
2012-08-03,3,634.1,1,257.578125,126.71875,126.71875,126.71875,0.0,1.0,1.0,1.0,0.0,0.0,0.0,0.0,-130.859375,1.0
2012-08-03,4,611.3,1,259.609375,154.53125,154.53125,154.53125,0.0,1.0,1.0,1.0,0.0,0.0,0.0,0.0,-105.078125,1.0
2012-08-03,4,634.1,1,252.96875,160.625,160.625,160.625,0.0,1.0,1.0,1.0,0.0,0.0,0.0,0.0,-92.34375,1.0
2012-08-03,5,611.3,1,204.921875,115.703125,115.703125,115.703125,0.0,1.0,1.0,1.0,0.0,0.0,0.0,0.0,-89.21875,1.0
2012-08-03,5,634.1,1,253.203125,118.125,118.125,118.125,0.0,1.0,1.0,1.0,0.0,0.0,0.0,0.0,-135.078125,1.0
2012-08-03,6,611.3,1,270.078125,131.25,131.25,131.25,0.0,1.0,1.0,1.0,0.0,0.0,0.0,0.0,-138.828125,1.0
2012-08-03,6,634.1,1,259.296875,141.25,141.25,141.25,0.0,1.0,1.0,1.0,0.0,0.0,0.0,0.0,-118.046875,1.0
2012-08-03,7,611.3,1,264.21875,154.453125,154.453125,154.453125,0.0,1.0,1.0,1.0,0.0,0.0,0.0,0.0,-109.765625,1.0
2012-08-03,7,634.1,1,257.34375,157.5,157.5,157.5,0.0,1.0,1.0,1.0,0.0,0.0,0.0,0.0,-99.84375,1.0
2012-08-03,8,611.3,1,263.4375,119.765625,119.765625,119.765625,0.0,1.0,1.0,1.0,0.0,0.0,0.0,0.0,-143.671875,1.0
2012-08-03,8,634.1,1,258.671875,122.890625,122.890625,122.890625,0.0,1.0,1.0,1.0,0.0,0.0,0.0,0.0,-135.78125,1.0
2012-08-03,9,611.3,1,239.375,129.53125,129.53125,129.53125,0.0,1.0,1.0,1.0,0.0,0.0,0.0,0.0,-109.84375,1.0
2012-08-03,9,634.1,1,254.21875,137.1875,137.1875,137.1875,0.0,1.0,1.0,1.0,0.0,0.0,0.0,0.0,-117.03125,1.0
2012-08-04,0,611.3,1,268.515625,134.84375,134.84375,134.84375,0.0,1.0,1.0,1.0,0.0,0.0,0.0,0.0,-133.671875,1.0
2012-08-04,0,634.1,1,262.734375,145.15625,145.15625,145.15625,0.0,1.0,1.0,1.0,0.0,0.0,0.0,0.0,-117.578125,1.0
2012-08-04,1,611.3,1,265.859375,131.484375,131.484375,131.484375,0.0,1.0,1.0,1.0,0.0,0.0,0.0,0.0,-134.375,1.0
2012-08-04,1,634.1,1,253.75,138.90625,138.90625,138.90625,0.0,1.0,1.0,1.0,0.0,0.0,0.0,0.0,-114.84375,1.0
2012-08-04,2,611.3,1,259.53125,131.09375,131.09375,131.09375,0.0,1.0,1.0,1.0,0.0,0.0,0.0,0.0,-128.4375,1.0
2012-08-04,2,634.1,1,256.40625,129.453125,129.453125,129.453125,0.0,1.0,1.0,1.0,0.0,0.0,0.0,0.0,-126.953125,1.0
2012-08-04,3,611.3,1,285.859375,130.3125,130.3125,130.3125,0.0,1.0,1.0,1.0,0.0,0.0,0.0,0.0,-155.546875,1.0
2012-08-04,3,634.1,1,254.21875,128.359375,128.359375,128.359375,0.0,1.0,1.0,1.0,0.0,0.0,0.0,0.0,-125.859375,1.0
2012-08-04,4,611.3,1,276.953125,141.5625,141.5625,141.5625,0.0,1.0,1.0,1.0,0.0,0.0,0.0,0.0,-135.390625,1.0
2012-08-04,4,634.1,1,252.1875,146.875,146.875,146.875,0.0,1.0,1.0,1.0,0.0,0.0,0.0,0.0,-105.3125,1.0
2012-08-04,5,611.3,1,221.25,124.453125,124.453125,124.453125,0.0,1.0,1.0,1.0,0.0,0.0,0.0,0.0,-96.796875,1.0
2012-08-04,5,634.1,1,252.96875,122.5,122.5,122.5,0.0,1.0,1.0,1.0,0.0,0.0,0.0,0.0,-130.46875,1.0
2012-08-04,6,611.3,1,300.0,134.6875,134.6875,134.6875,0.0,1.0,1.0,1.0,0.0,0.0,0.0,0.0,-165.3125,1.0
2012-08-04,6,634.1,1,258.046875,142.96875,142.96875,142.96875,0.0,1.0,1.0,1.0,0.0,0.0,0.0,0.0,-115.078125,1.0
2012-08-04,7,611.3,1,255.546875,128.4375,128.4375,128.4375,0.0,1.0,1.0,1.0,0.0,0.0,0.0,0.0,-127.109375,1.0
2012-08-04,7,634.1,1,256.796875,129.140625,129.140625,129.140625,0.0,1.0,1.0,1.0,0.0,0.0,0.0,0.0,-127.65625,1.0
2012-08-04,8,611.3,1,298.203125,117.578125,117.578125,117.578125,0.0,1.0,1.0,1.0,0.0,0.0,0.0,0.0,-180.625,1.0
2012-08-04,8,634.1,1,256.484375,117.65625,117.65625,117.65625,0.0,1.0,1.0,1.0,0.0,0.0,0.0,0.0,-138.828125,1.0
2012-08-04,9,611.3,1,245.625,152.734375,152.734375,152.734375,0.0,1.0,1.0,1.0,0.0,0.0,0.0,0.0,-92.890625,1.0
2012-08-04,9,634.1,1,253.828125,158.75,158.75,158.75,0.0,1.0,1.0,1.0,0.0,0.0,0.0,0.0,-95.078125,1.0
2012-08-05,0,611.3,1,270.78125,136.484375,136.484375,136.484375,0.0,1.0,1.0,1.0,0.0,0.0,0.0,0.0,-134.296875,1.0
2012-08-05,0,634.1,1,260.46875,136.875,136.875,136.875,0.0,1.0,1.0,1.0,0.0,0.0,0.0,0.0,-123.59375,1.0
2012-08-05,1,611.3,1,276.875,119.921875,119.921875,119.921875,0.0,1.0,1.0,1.0,0.0,0.0,0.0,0.0,-156.953125,1.0
2012-08-05,1,634.1,1,254.0625,128.125,128.125,128.125,0.0,1.0,1.0,1.0,0.0,0.0,0.0,0.0,-125.9375,1.0
2012-08-05,2,611.3,1,264.765625,133.046875,133.046875,133.046875,0.0,1.0,1.0,1.0,0.0,0.0,0.0,0.0,-131.71875,1.0
2012-08-05,2,634.1,1,255.703125,128.203125,128.203125,128.203125,0.0,1.0,1.0,1.0,0.0,0.0,0.0,0.0,-127.5,1.0
2012-08-05,3,611.3,1,251.640625,128.203125,128.203125,128.203125,0.0,1.0,1.0,1.0,0.0,0.0,0.0,0.0,-123.4375,1.0
2012-08-05,3,634.1,1,251.25,130.234375,130.234375,130.234375,0.0,1.0,1.0,1.0,0.0,0.0,0.0,0.0,-121.015625,1.0
2012-08-05,4,611.3,1,276.796875,150.859375,150.859375,150.859375,0.0,1.0,1.0,1.0,0.0,0.0,0.0,0.0,-125.9375,1.0
2012-08-05,4,634.1,1,251.796875,167.1875,167.1875,167.1875,0.0,1.0,1.0,1.0,0.0,0.0,0.0,0.0,-84.609375,1.0
2012-08-05,5,611.3,1,216.953125,122.1875,122.1875,122.1875,0.0,1.0,1.0,1.0,0.0,0.0,0.0,0.0,-94.765625,1.0
2012-08-05,5,634.1,1,250.859375,120.3125,120.3125,120.3125,0.0,1.0,1.0,1.0,0.0,0.0,0.0,0.0,-130.546875,1.0
2012-08-05,6,611.3,1,300.0,155.546875,155.546875,155.546875,0.0,1.0,1.0,1.0,0.0,0.0,0.0,0.0,-144.453125,1.0
2012-08-05,6,634.1,1,254.375,158.515625,158.515625,158.515625,0.0,1.0,1.0,1.0,0.0,0.0,0.0,0.0,-95.859375,1.0
2012-08-05,7,611.3,1,293.90625,149.0625,149.0625,149.0625,0.0,1.0,1.0,1.0,0.0,0.0,0.0,0.0,-144.84375,1.0
2012-08-05,7,634.1,1,255.78125,146.5625,146.5625,146.5625,0.0,1.0,1.0,1.0,0.0,0.0,0.0,0.0,-109.21875,1.0
2012-08-05,8,611.3,1,277.65625,139.453125,139.453125,139.453125,0.0,1.0,1.0,1.0,0.0,0.0,0.0,0.0,-138.203125,1.0
2012-08-05,8,634.1,1,254.21875,143.984375,143.984375,143.984375,0.0,1.0,1.0,1.0,0.0,0.0,0.0,0.0,-110.234375,1.0
2012-08-05,9,611.3,1,245.9375,130.234375,130.234375,130.234375,0.0,1.0,1.0,1.0,0.0,0.0,0.0,0.0,-115.703125,1.0
2012-08-05,9,634.1,1,255.390625,132.8125,132.8125,132.8125,0.0,1.0,1.0,1.0,0.0,0.0,0.0,0.0,-122.578125,1.0
2012-08-06,0,611.3,1,268.75,116.328125,116.328125,116.328125,0.0,1.0,1.0,1.0,0.0,0.0,0.0,0.0,-152.421875,1.0
2012-08-06,0,634.1,1,262.109375,118.75,118.75,118.75,0.0,1.0,1.0,1.0,0.0,0.0,0.0,0.0,-143.359375,1.0
2012-08-06,1,611.3,1,252.5,113.671875,113.671875,113.671875,0.0,1.0,1.0,1.0,0.0,0.0,0.0,0.0,-138.828125,1.0
2012-08-06,1,634.1,1,254.375,118.203125,118.203125,118.203125,0.0,1.0,1.0,1.0,0.0,0.0,0.0,0.0,-136.171875,1.0
2012-08-06,2,611.3,1,229.21875,95.78125,95.78125,95.78125,0.0,1.0,1.0,1.0,0.0,0.0,0.0,0.0,-133.4375,1.0
2012-08-06,2,634.1,1,260.78125,92.65625,92.65625,92.65625,0.0,1.0,1.0,1.0,0.0,0.0,0.0,0.0,-168.125,1.0
2012-08-06,3,611.3,1,248.75,111.796875,111.796875,111.796875,0.0,1.0,1.0,1.0,0.0,0.0,0.0,0.0,-136.953125,1.0
2012-08-06,3,634.1,1,254.84375,116.71875,116.71875,116.71875,0.0,1.0,1.0,1.0,0.0,0.0,0.0,0.0,-138.125,1.0
2012-08-06,4,611.3,1,246.015625,138.046875,138.046875,138.046875,0.0,1.0,1.0,1.0,0.0,0.0,0.0,0.0,-107.96875,1.0
2012-08-06,4,634.1,1,251.640625,144.296875,144.296875,144.296875,0.0,1.0,1.0,1.0,0.0,0.0,0.0,0.0,-107.34375,1.0
2012-08-06,5,611.3,1,237.109375,85.546875,85.546875,85.546875,0.0,1.0,1.0,1.0,0.0,0.0,0.0,0.0,-151.5625,1.0
2012-08-06,5,634.1,1,253.75,78.984375,78.984375,78.984375,0.0,1.0,1.0,1.0,0.0,0.0,0.0,0.0,-174.765625,1.0
2012-08-06,6,611.3,1,300.0,144.453125,144.453125,144.453125,0.0,1.0,1.0,1.0,0.0,0.0,0.0,0.0,-155.546875,1.0
2012-08-06,6,634.1,1,259.6875,148.046875,148.046875,148.046875,0.0,1.0,1.0,1.0,0.0,0.0,0.0,0.0,-111.640625,1.0
2012-08-06,7,611.3,1,278.4375,147.265625,147.265625,147.265625,0.0,1.0,1.0,1.0,0.0,0.0,0.0,0.0,-131.171875,1.0
2012-08-06,7,634.1,1,255.390625,149.921875,149.921875,149.921875,0.0,1.0,1.0,1.0,0.0,0.0,0.0,0.0,-105.46875,1.0
2012-08-06,8,611.3,1,247.8125,94.609375,94.609375,94.609375,0.0,1.0,1.0,1.0,0.0,0.0,0.0,0.0,-153.203125,1.0
2012-08-06,8,634.1,1,253.59375,97.34375,97.34375,97.34375,0.0,1.0,1.0,1.0,0.0,0.0,0.0,0.0,-156.25,1.0
2012-08-06,9,611.3,1,235.15625,118.125,118.125,118.125,0.0,1.0,1.0,1.0,0.0,0.0,0.0,0.0,-117.03125,1.0
2012-08-06,9,634.1,1,256.484375,122.109375,122.109375,122.109375,0.0,1.0,1.0,1.0,0.0,0.0,0.0,0.0,-134.375,1.0
2012-08-07,0,611.3,1,277.421875,134.21875,134.21875,134.21875,0.0,1.0,1.0,1.0,0.0,0.0,0.0,0.0,-143.203125,1.0
2012-08-07,0,634.1,1,260.859375,135.546875,135.546875,135.546875,0.0,1.0,1.0,1.0,0.0,0.0,0.0,0.0,-125.3125,1.0
2012-08-07,1,611.3,1,292.1875,103.515625,103.515625,103.515625,0.0,1.0,1.0,1.0,0.0,0.0,0.0,0.0,-188.671875,1.0
2012-08-07,1,634.1,1,255.9375,109.609375,109.609375,109.609375,0.0,1.0,1.0,1.0,0.0,0.0,0.0,0.0,-146.328125,1.0
2012-08-07,2,611.3,1,223.203125,87.65625,87.65625,87.65625,0.0,1.0,1.0,1.0,0.0,0.0,0.0,0.0,-135.546875,1.0
2012-08-07,2,634.1,1,258.671875,88.75,88.75,88.75,0.0,1.0,1.0,1.0,0.0,0.0,0.0,0.0,-169.921875,1.0
2012-08-07,3,611.3,1,247.8125,128.75,128.75,128.75,0.0,1.0,1.0,1.0,0.0,0.0,0.0,0.0,-119.0625,1.0
2012-08-07,3,634.1,1,257.34375,126.484375,126.484375,126.484375,0.0,1.0,1.0,1.0,0.0,0.0,0.0,0.0,-130.859375,1.0
2012-08-07,4,611.3,1,254.296875,119.609375,119.609375,119.609375,0.0,1.0,1.0,1.0,0.0,0.0,0.0,0.0,-134.6875,1.0
2012-08-07,4,634.1,1,251.796875,126.640625,126.640625,126.640625,0.0,1.0,1.0,1.0,0.0,0.0,0.0,0.0,-125.15625,1.0
2012-08-07,5,611.3,1,248.515625,93.4375,93.4375,93.4375,0.0,1.0,1.0,1.0,0.0,0.0,0.0,0.0,-155.078125,1.0
2012-08-07,5,634.1,1,253.828125,88.203125,88.203125,88.203125,0.0,1.0,1.0,1.0,0.0,0.0,0.0,0.0,-165.625,1.0
2012-08-07,6,611.3,1,291.09375,123.90625,123.90625,123.90625,0.0,1.0,1.0,1.0,0.0,0.0,0.0,0.0,-167.1875,1.0
2012-08-07,6,634.1,1,256.328125,130.234375,130.234375,130.234375,0.0,1.0,1.0,1.0,0.0,0.0,0.0,0.0,-126.09375,1.0
2012-08-07,7,611.3,1,295.9375,125.46875,125.46875,125.46875,0.0,1.0,1.0,1.0,0.0,0.0,0.0,0.0,-170.46875,1.0
2012-08-07,7,634.1,1,258.28125,128.125,128.125,128.125,0.0,1.0,1.0,1.0,0.0,0.0,0.0,0.0,-130.15625,1.0
2012-08-07,8,611.3,1,300.0,90.703125,90.703125,90.703125,0.0,1.0,1.0,1.0,0.0,0.0,0.0,0.0,-209.296875,1.0
2012-08-07,8,634.1,1,256.71875,89.140625,89.140625,89.140625,0.0,1.0,1.0,1.0,0.0,0.0,0.0,0.0,-167.578125,1.0
2012-08-07,9,611.3,1,243.59375,114.765625,114.765625,114.765625,0.0,1.0,1.0,1.0,0.0,0.0,0.0,0.0,-128.828125,1.0
2012-08-07,9,634.1,1,253.203125,122.890625,122.890625,122.890625,0.0,1.0,1.0,1.0,0.0,0.0,0.0,0.0,-130.3125,1.0
2012-08-08,0,611.3,1,286.953125,118.984375,118.984375,118.984375,0.0,1.0,1.0,1.0,0.0,0.0,0.0,0.0,-167.96875,1.0
2012-08-08,0,634.1,1,261.40625,126.09375,126.09375,126.09375,0.0,1.0,1.0,1.0,0.0,0.0,0.0,0.0,-135.3125,1.0
2012-08-08,1,611.3,1,300.0,117.578125,117.578125,117.578125,0.0,1.0,1.0,1.0,0.0,0.0,0.0,0.0,-182.421875,1.0
2012-08-08,1,634.1,1,255.9375,121.25,121.25,121.25,0.0,1.0,1.0,1.0,0.0,0.0,0.0,0.0,-134.6875,1.0
2012-08-08,2,611.3,1,223.359375,118.125,118.125,118.125,0.0,1.0,1.0,1.0,0.0,0.0,0.0,0.0,-105.234375,1.0
2012-08-08,2,634.1,1,257.421875,114.375,114.375,114.375,0.0,1.0,1.0,1.0,0.0,0.0,0.0,0.0,-143.046875,1.0
2012-08-08,3,611.3,1,276.875,128.90625,128.90625,128.90625,0.0,1.0,1.0,1.0,0.0,0.0,0.0,0.0,-147.96875,1.0
2012-08-08,3,634.1,1,257.890625,125.546875,125.546875,125.546875,0.0,1.0,1.0,1.0,0.0,0.0,0.0,0.0,-132.34375,1.0
2012-08-08,4,611.3,1,261.796875,93.359375,93.359375,93.359375,0.0,1.0,1.0,1.0,0.0,0.0,0.0,0.0,-168.4375,1.0
2012-08-08,4,634.1,1,253.046875,105.3125,105.3125,105.3125,0.0,1.0,1.0,1.0,0.0,0.0,0.0,0.0,-147.734375,1.0
2012-08-08,5,611.3,1,234.296875,106.953125,106.953125,106.953125,0.0,1.0,1.0,1.0,0.0,0.0,0.0,0.0,-127.34375,1.0
2012-08-08,5,634.1,1,249.6875,109.609375,109.609375,109.609375,0.0,1.0,1.0,1.0,0.0,0.0,0.0,0.0,-140.078125,1.0
2012-08-08,6,611.3,1,292.96875,116.484375,116.484375,116.484375,0.0,1.0,1.0,1.0,0.0,0.0,0.0,0.0,-176.484375,1.0
2012-08-08,6,634.1,1,257.1875,123.125,123.125,123.125,0.0,1.0,1.0,1.0,0.0,0.0,0.0,0.0,-134.0625,1.0
2012-08-08,7,611.3,1,296.171875,121.171875,121.171875,121.171875,0.0,1.0,1.0,1.0,0.0,0.0,0.0,0.0,-175.0,1.0
2012-08-08,7,634.1,1,253.90625,121.40625,121.40625,121.40625,0.0,1.0,1.0,1.0,0.0,0.0,0.0,0.0,-132.5,1.0
2012-08-08,8,611.3,1,300.0,96.171875,96.171875,96.171875,0.0,1.0,1.0,1.0,0.0,0.0,0.0,0.0,-203.828125,1.0
2012-08-08,8,634.1,1,253.515625,99.453125,99.453125,99.453125,0.0,1.0,1.0,1.0,0.0,0.0,0.0,0.0,-154.0625,1.0
2012-08-08,9,611.3,1,239.53125,110.0,110.0,110.0,0.0,1.0,1.0,1.0,0.0,0.0,0.0,0.0,-129.53125,1.0
2012-08-08,9,634.1,1,256.796875,114.21875,114.21875,114.21875,0.0,1.0,1.0,1.0,0.0,0.0,0.0,0.0,-142.578125,1.0
2012-08-09,0,611.3,1,217.421875,101.015625,101.015625,101.015625,0.0,1.0,1.0,1.0,0.0,0.0,0.0,0.0,-116.40625,1.0
2012-08-09,0,634.1,1,263.515625,115.9375,115.9375,115.9375,0.0,1.0,1.0,1.0,0.0,0.0,0.0,0.0,-147.578125,1.0
2012-08-09,1,611.3,1,238.28125,139.6875,139.6875,139.6875,0.0,1.0,1.0,1.0,0.0,0.0,0.0,0.0,-98.59375,1.0
2012-08-09,1,634.1,1,255.3125,152.109375,152.109375,152.109375,0.0,1.0,1.0,1.0,0.0,0.0,0.0,0.0,-103.203125,1.0
2012-08-09,2,611.3,1,200.9375,112.578125,112.578125,112.578125,0.0,1.0,1.0,1.0,0.0,0.0,0.0,0.0,-88.359375,1.0
2012-08-09,2,634.1,1,257.734375,116.953125,116.953125,116.953125,0.0,1.0,1.0,1.0,0.0,0.0,0.0,0.0,-140.78125,1.0
2012-08-09,3,611.3,1,224.21875,131.796875,131.796875,131.796875,0.0,1.0,1.0,1.0,0.0,0.0,0.0,0.0,-92.421875,1.0
2012-08-09,3,634.1,1,253.90625,140.0,140.0,140.0,0.0,1.0,1.0,1.0,0.0,0.0,0.0,0.0,-113.90625,1.0
2012-08-09,4,611.3,1,217.03125,131.328125,131.328125,131.328125,0.0,1.0,1.0,1.0,0.0,0.0,0.0,0.0,-85.703125,1.0
2012-08-09,4,634.1,1,253.671875,142.5,142.5,142.5,0.0,1.0,1.0,1.0,0.0,0.0,0.0,0.0,-111.171875,1.0
2012-08-09,5,611.3,1,222.03125,118.984375,118.984375,118.984375,0.0,1.0,1.0,1.0,0.0,0.0,0.0,0.0,-103.046875,1.0
2012-08-09,5,634.1,1,251.40625,122.109375,122.109375,122.109375,0.0,1.0,1.0,1.0,0.0,0.0,0.0,0.0,-129.296875,1.0
2012-08-09,6,611.3,1,219.0625,160.3125,160.3125,160.3125,0.0,1.0,1.0,1.0,0.0,0.0,0.0,0.0,-58.75,1.0
2012-08-09,6,634.1,1,258.984375,171.40625,167.50012209406242,171.40625,0.0,1.0,1.0,1.0,0.0,0.0,3.9061279059375806,0.0,-87.578125,1.0
2012-08-09,7,611.3,1,226.875,160.234375,160.234375,160.234375,0.0,1.0,1.0,1.0,0.0,0.0,0.0,0.0,-66.640625,1.0
2012-08-09,7,634.1,1,256.5625,179.921875,167.26215822687493,179.921875,0.0,1.0,1.0,1.0,0.0,0.0,12.65971677312507,0.0,-76.640625,1.0
2012-08-09,8,611.3,1,216.328125,136.71875,136.71875,136.71875,0.0,1.0,1.0,1.0,0.0,0.0,0.0,0.0,-79.609375,1.0
2012-08-09,8,634.1,1,254.21875,142.734375,142.734375,142.734375,0.0,1.0,1.0,1.0,0.0,0.0,0.0,0.0,-111.484375,1.0
2012-08-09,9,611.3,1,211.328125,118.28125,118.28125,118.28125,0.0,1.0,1.0,1.0,0.0,0.0,0.0,0.0,-93.046875,1.0
2012-08-09,9,634.1,1,259.296875,127.421875,127.421875,127.421875,0.0,1.0,1.0,1.0,0.0,0.0,0.0,0.0,-131.875,1.0
2012-08-10,0,611.3,0,269.375,0.0,162.96875,162.96875,0.0,0.0,0.0,0.0,162.96875,0.0,0.0,0.0,-106.40625,0.0
2012-08-10,0,634.1,0,264.921875,0.0,136.15058596124993,194.6875,0.0,0.0,0.0,0.0,194.6875,0.0,58.53691403875007,0.0,-70.234375,0.0
2012-08-10,1,611.3,1,249.296875,165.625,165.625,165.625,0.0,1.0,1.0,1.0,0.0,0.0,0.0,0.0,-83.671875,1.0
2012-08-10,1,634.1,1,259.0625,184.765625,163.33134767999994,184.765625,0.0,1.0,1.0,1.0,0.0,0.0,21.434277320000064,0.0,-74.296875,1.0
2012-08-10,2,611.3,1,260.9375,159.921875,159.921875,159.921875,0.0,1.0,1.0,1.0,0.0,0.0,0.0,0.0,-101.015625,1.0
2012-08-10,2,634.1,1,258.90625,188.4375,157.16191408624994,188.4375,0.0,1.0,1.0,1.0,0.0,0.0,31.275585913750064,0.0,-70.46875,1.0
2012-08-10,3,611.3,1,265.234375,156.71875,156.71875,156.71875,0.0,1.0,1.0,1.0,0.0,0.0,0.0,0.0,-108.515625,1.0
2012-08-10,3,634.1,1,260.78125,177.578125,155.13481447687494,177.578125,0.0,1.0,1.0,1.0,0.0,0.0,22.443310523125064,0.0,-83.203125,1.0
2012-08-10,4,611.3,1,245.46875,158.203125,158.203125,158.203125,0.0,1.0,1.0,1.0,0.0,0.0,0.0,0.0,-87.265625,1.0
2012-08-10,4,634.1,1,254.84375,182.65625,166.29267580499993,182.65625,0.0,1.0,1.0,1.0,0.0,0.0,16.36357419500007,0.0,-72.1875,1.0
2012-08-10,5,611.3,1,260.078125,157.34375,157.34375,157.34375,0.0,1.0,1.0,1.0,0.0,0.0,0.0,0.0,-102.734375,1.0
2012-08-10,5,634.1,1,253.59375,179.6875,168.39028322687494,179.6875,0.0,1.0,1.0,1.0,0.0,0.0,11.297216773125058,0.0,-73.90625,1.0
2012-08-10,6,611.3,1,291.171875,168.828125,168.828125,168.828125,0.0,1.0,1.0,1.0,0.0,0.0,0.0,0.0,-122.34375,1.0
2012-08-10,6,634.1,1,256.40625,180.3125,157.43513185968743,180.3125,0.0,1.0,1.0,1.0,0.0,0.0,22.87736814031257,0.0,-76.09375,1.0
2012-08-10,7,611.3,1,274.53125,160.15625,160.15625,160.15625,0.0,1.0,1.0,1.0,0.0,0.0,0.0,0.0,-114.375,1.0
2012-08-10,7,634.1,1,255.390625,189.21875,162.25610353937492,189.21875,0.0,1.0,1.0,1.0,0.0,0.0,26.96264646062508,0.0,-66.171875,1.0
2012-08-10,8,611.3,1,300.0,163.671875,163.671875,163.671875,0.0,1.0,1.0,1.0,0.0,0.0,0.0,0.0,-136.328125,1.0
2012-08-10,8,634.1,1,259.921875,187.734375,158.43105471124994,187.734375,0.0,1.0,1.0,1.0,0.0,0.0,29.303320288750058,0.0,-72.1875,1.0
2012-08-10,9,611.3,1,270.625,153.984375,153.984375,153.984375,0.0,1.0,1.0,1.0,0.0,0.0,0.0,0.0,-116.640625,1.0
2012-08-10,9,634.1,1,259.84375,174.21875,153.01076662531244,174.21875,0.0,1.0,1.0,1.0,0.0,0.0,21.207983374687558,0.0,-85.625,1.0
2012-08-11,0,611.3,1,290.703125,164.0625,164.0625,164.0625,0.0,1.0,1.0,1.0,0.0,0.0,0.0,0.0,-126.640625,1.0
2012-08-11,0,634.1,1,266.328125,148.3484375,142.28476564874993,201.953125,0.0,1.0,1.0,1.0,53.60468750000001,0.0,59.668359351250075,0.0,-64.375,1.0
2012-08-11,1,611.3,1,294.0625,161.328125,161.328125,161.328125,0.0,1.0,1.0,1.0,0.0,0.0,0.0,0.0,-132.734375,1.0
2012-08-11,1,634.1,1,256.71875,177.265625,169.47434084406245,177.265625,0.0,1.0,1.0,1.0,0.0,0.0,7.7912841559375465,0.0,-79.453125,1.0
2012-08-11,2,611.3,1,282.5,160.390625,160.390625,160.390625,0.0,1.0,1.0,1.0,0.0,0.0,0.0,0.0,-122.109375,1.0
2012-08-11,2,634.1,1,259.140625,189.453125,154.29753420343744,189.453125,0.0,1.0,1.0,1.0,0.0,0.0,35.155590796562564,0.0,-69.6875,1.0
2012-08-11,3,611.3,1,300.0,158.59375,158.59375,158.59375,0.0,1.0,1.0,1.0,0.0,0.0,0.0,0.0,-141.40625,1.0
2012-08-11,3,634.1,1,258.4375,184.0625,161.51577150812494,184.0625,0.0,1.0,1.0,1.0,0.0,0.0,22.546728491875058,0.0,-74.375,1.0
2012-08-11,4,611.3,1,300.0,156.09375,156.09375,156.09375,0.0,1.0,1.0,1.0,0.0,0.0,0.0,0.0,-143.90625,1.0
2012-08-11,4,634.1,1,254.609375,175.3125,172.11838381281245,175.3125,0.0,1.0,1.0,1.0,0.0,0.0,3.1941161871875465,0.0,-79.296875,1.0
2012-08-11,5,611.3,1,281.875,154.140625,154.140625,154.140625,0.0,1.0,1.0,1.0,0.0,0.0,0.0,0.0,-127.734375,1.0
2012-08-11,5,634.1,1,254.921875,174.21875,171.80991213312493,174.21875,0.0,1.0,1.0,1.0,0.0,0.0,2.408837866875075,0.0,-80.703125,1.0
2012-08-11,6,611.3,1,271.09375,168.59375,168.59375,168.59375,0.0,1.0,1.0,1.0,0.0,0.0,0.0,0.0,-102.5,1.0
2012-08-11,6,634.1,1,253.59375,180.15625,174.06616213312492,180.15625,0.0,1.0,1.0,1.0,0.0,0.0,6.090087866875081,0.0,-73.4375,1.0
2012-08-11,7,611.3,1,300.0,160.859375,160.859375,160.859375,0.0,1.0,1.0,1.0,0.0,0.0,0.0,0.0,-139.140625,1.0
2012-08-11,7,634.1,1,258.359375,191.5625,148.53352053156243,191.5625,0.0,1.0,1.0,1.0,0.0,0.0,43.02897946843757,0.0,-66.796875,1.0
2012-08-11,8,611.3,1,300.0,158.671875,158.671875,158.671875,0.0,1.0,1.0,1.0,0.0,0.0,0.0,0.0,-141.328125,1.0
2012-08-11,8,634.1,1,258.671875,184.296875,161.41000978937493,184.296875,0.0,1.0,1.0,1.0,0.0,0.0,22.886865210625075,0.0,-74.375,1.0
2012-08-11,9,611.3,1,300.0,157.03125,157.03125,157.03125,0.0,1.0,1.0,1.0,0.0,0.0,0.0,0.0,-142.96875,1.0
2012-08-11,9,634.1,1,257.890625,178.4375,153.10771486749994,178.4375,0.0,1.0,1.0,1.0,0.0,0.0,25.329785132500064,0.0,-79.453125,1.0
2012-08-12,0,611.3,1,274.140625,159.53125,159.53125,159.53125,0.0,1.0,1.0,1.0,0.0,0.0,0.0,0.0,-114.609375,1.0
2012-08-12,0,634.1,1,261.5625,182.47421875,146.25083010187493,187.109375,0.0,1.0,1.0,1.0,4.635156249999994,0.0,40.858544898125075,0.0,-74.453125,1.0
2012-08-12,1,611.3,1,288.75,153.28125,153.28125,153.28125,0.0,1.0,1.0,1.0,0.0,0.0,0.0,0.0,-135.46875,1.0
2012-08-12,1,634.1,1,260.0,173.671875,166.96250002374993,173.671875,0.0,1.0,1.0,1.0,0.0,0.0,6.709374976250075,0.0,-86.328125,1.0
2012-08-12,2,611.3,1,300.0,160.078125,160.078125,160.078125,0.0,1.0,1.0,1.0,0.0,0.0,0.0,0.0,-139.921875,1.0
2012-08-12,2,634.1,1,263.125,169.50078125,153.75109865656242,188.359375,0.0,1.0,1.0,1.0,18.85859375000001,0.0,34.60827634343758,0.0,-74.765625,1.0
2012-08-12,3,611.3,1,271.328125,159.53125,159.53125,159.53125,0.0,1.0,1.0,1.0,0.0,0.0,0.0,0.0,-111.796875,1.0
2012-08-12,3,634.1,1,257.421875,186.953125,152.98432619562493,186.953125,0.0,1.0,1.0,1.0,0.0,0.0,33.96879880437507,0.0,-70.46875,1.0
2012-08-12,4,611.3,1,284.375,143.28125,143.28125,143.28125,0.0,1.0,1.0,1.0,0.0,0.0,0.0,0.0,-141.09375,1.0
2012-08-12,4,634.1,1,252.5,169.296875,169.296875,169.296875,0.0,1.0,1.0,1.0,0.0,0.0,0.0,0.0,-83.203125,1.0
2012-08-12,5,611.3,1,300.0,156.796875,156.796875,156.796875,0.0,1.0,1.0,1.0,0.0,0.0,0.0,0.0,-143.203125,1.0
2012-08-12,5,634.1,1,253.359375,177.890625,173.29938967218743,177.890625,0.0,1.0,1.0,1.0,0.0,0.0,4.591235327812569,0.0,-75.46875,1.0
2012-08-12,6,611.3,1,300.0,160.9375,160.9375,160.9375,0.0,1.0,1.0,1.0,0.0,0.0,0.0,0.0,-139.0625,1.0
2012-08-12,6,634.1,1,257.8125,176.71875,154.81752932062494,176.71875,0.0,1.0,1.0,1.0,0.0,0.0,21.901220679375058,0.0,-81.09375,1.0
2012-08-12,7,611.3,1,300.0,162.421875,162.421875,162.421875,0.0,1.0,1.0,1.0,0.0,0.0,0.0,0.0,-137.578125,1.0
2012-08-12,7,634.1,1,259.53125,196.5625,156.69479982843745,196.5625,0.0,1.0,1.0,1.0,0.0,0.0,39.86770017156255,0.0,-62.96875,1.0
2012-08-12,8,611.3,1,270.9375,158.90625,158.90625,158.90625,0.0,1.0,1.0,1.0,0.0,0.0,0.0,0.0,-112.03125,1.0
2012-08-12,8,634.1,1,253.671875,184.296875,167.26215822687493,184.296875,0.0,1.0,1.0,1.0,0.0,0.0,17.03471677312507,0.0,-69.375,1.0
2012-08-12,9,611.3,1,284.765625,159.6875,159.6875,159.6875,0.0,1.0,1.0,1.0,0.0,0.0,0.0,0.0,-125.078125,1.0
2012-08-12,9,634.1,1,257.8125,187.65625,161.45407717218745,187.65625,0.0,1.0,1.0,1.0,0.0,0.0,26.202172827812547,0.0,-70.15625,1.0
2012-08-13,0,611.3,1,257.109375,150.625,150.625,150.625,0.0,1.0,1.0,1.0,0.0,0.0,0.0,0.0,-106.484375,1.0
2012-08-13,0,634.1,1,261.71875,161.484375,161.484375,161.484375,0.0,1.0,1.0,1.0,0.0,0.0,0.0,0.0,-100.234375,1.0
2012-08-13,1,611.3,1,239.921875,128.359375,128.359375,128.359375,0.0,1.0,1.0,1.0,0.0,0.0,0.0,0.0,-111.5625,1.0
2012-08-13,1,634.1,1,252.96875,136.015625,136.015625,136.015625,0.0,1.0,1.0,1.0,0.0,0.0,0.0,0.0,-116.953125,1.0
2012-08-13,2,611.3,1,233.125,120.15625,120.15625,120.15625,0.0,1.0,1.0,1.0,0.0,0.0,0.0,0.0,-112.96875,1.0
2012-08-13,2,634.1,1,256.484375,129.6875,129.6875,129.6875,0.0,1.0,1.0,1.0,0.0,0.0,0.0,0.0,-126.796875,1.0
2012-08-13,3,611.3,1,221.015625,104.296875,104.296875,104.296875,0.0,1.0,1.0,1.0,0.0,0.0,0.0,0.0,-116.71875,1.0
2012-08-13,3,634.1,1,256.71875,109.375,109.375,109.375,0.0,1.0,1.0,1.0,0.0,0.0,0.0,0.0,-147.34375,1.0
2012-08-13,4,611.3,1,253.75,133.203125,133.203125,133.203125,0.0,1.0,1.0,1.0,0.0,0.0,0.0,0.0,-120.546875,1.0
2012-08-13,4,634.1,1,253.75,140.46875,140.46875,140.46875,0.0,1.0,1.0,1.0,0.0,0.0,0.0,0.0,-113.28125,1.0
2012-08-13,5,611.3,1,212.65625,87.8125,87.8125,87.8125,0.0,1.0,1.0,1.0,0.0,0.0,0.0,0.0,-124.84375,1.0
2012-08-13,5,634.1,1,253.125,95.078125,95.078125,95.078125,0.0,1.0,1.0,1.0,0.0,0.0,0.0,0.0,-158.046875,1.0
2012-08-13,6,611.3,1,277.578125,147.578125,147.578125,147.578125,0.0,1.0,1.0,1.0,0.0,0.0,0.0,0.0,-130.0,1.0
2012-08-13,6,634.1,1,256.09375,157.421875,157.421875,157.421875,0.0,1.0,1.0,1.0,0.0,0.0,0.0,0.0,-98.671875,1.0
2012-08-13,7,611.3,1,282.34375,139.0625,139.0625,139.0625,0.0,1.0,1.0,1.0,0.0,0.0,0.0,0.0,-143.28125,1.0
2012-08-13,7,634.1,1,254.765625,146.40625,146.40625,146.40625,0.0,1.0,1.0,1.0,0.0,0.0,0.0,0.0,-108.359375,1.0
2012-08-13,8,611.3,1,300.0,122.03125,122.03125,122.03125,0.0,1.0,1.0,1.0,0.0,0.0,0.0,0.0,-177.96875,1.0
2012-08-13,8,634.1,1,255.859375,130.859375,130.859375,130.859375,0.0,1.0,1.0,1.0,0.0,0.0,0.0,0.0,-125.0,1.0
2012-08-13,9,611.3,1,228.90625,121.015625,121.015625,121.015625,0.0,1.0,1.0,1.0,0.0,0.0,0.0,0.0,-107.890625,1.0
2012-08-13,9,634.1,1,255.0,127.1875,127.1875,127.1875,0.0,1.0,1.0,1.0,0.0,0.0,0.0,0.0,-127.8125,1.0
2012-08-14,0,611.3,1,239.375,150.546875,150.546875,150.546875,0.0,1.0,1.0,1.0,0.0,0.0,0.0,0.0,-88.828125,1.0
2012-08-14,0,634.1,1,263.203125,155.9375,155.9375,155.9375,0.0,1.0,1.0,1.0,0.0,0.0,0.0,0.0,-107.265625,1.0
2012-08-14,1,611.3,1,284.84375,108.984375,108.984375,108.984375,0.0,1.0,1.0,1.0,0.0,0.0,0.0,0.0,-175.859375,1.0
2012-08-14,1,634.1,1,257.109375,119.921875,119.921875,119.921875,0.0,1.0,1.0,1.0,0.0,0.0,0.0,0.0,-137.1875,1.0
2012-08-14,2,611.3,1,230.78125,157.34375,157.34375,157.34375,0.0,1.0,1.0,1.0,0.0,0.0,0.0,0.0,-73.4375,1.0
2012-08-14,2,634.1,1,259.375,156.953125,156.953125,156.953125,0.0,1.0,1.0,1.0,0.0,0.0,0.0,0.0,-102.421875,1.0
2012-08-14,3,611.3,1,266.40625,102.1875,102.1875,102.1875,0.0,1.0,1.0,1.0,0.0,0.0,0.0,0.0,-164.21875,1.0
2012-08-14,3,634.1,1,256.015625,112.734375,112.734375,112.734375,0.0,1.0,1.0,1.0,0.0,0.0,0.0,0.0,-143.28125,1.0
2012-08-14,4,611.3,1,270.703125,112.96875,112.96875,112.96875,0.0,1.0,1.0,1.0,0.0,0.0,0.0,0.0,-157.734375,1.0
2012-08-14,4,634.1,1,253.75,128.4375,128.4375,128.4375,0.0,1.0,1.0,1.0,0.0,0.0,0.0,0.0,-125.3125,1.0
2012-08-14,5,611.3,1,215.0,103.828125,103.828125,103.828125,0.0,1.0,1.0,1.0,0.0,0.0,0.0,0.0,-111.171875,1.0
2012-08-14,5,634.1,1,252.65625,112.96875,112.96875,112.96875,0.0,1.0,1.0,1.0,0.0,0.0,0.0,0.0,-139.6875,1.0
2012-08-14,6,611.3,1,285.15625,109.921875,109.921875,109.921875,0.0,1.0,1.0,1.0,0.0,0.0,0.0,0.0,-175.234375,1.0
2012-08-14,6,634.1,1,251.40625,123.984375,123.984375,123.984375,0.0,1.0,1.0,1.0,0.0,0.0,0.0,0.0,-127.421875,1.0
2012-08-14,7,611.3,1,272.5,131.09375,131.09375,131.09375,0.0,1.0,1.0,1.0,0.0,0.0,0.0,0.0,-141.40625,1.0
2012-08-14,7,634.1,1,255.625,139.21875,139.21875,139.21875,0.0,1.0,1.0,1.0,0.0,0.0,0.0,0.0,-116.40625,1.0
2012-08-14,8,611.3,1,288.671875,111.25,111.25,111.25,0.0,1.0,1.0,1.0,0.0,0.0,0.0,0.0,-177.421875,1.0
2012-08-14,8,634.1,1,253.203125,118.671875,118.671875,118.671875,0.0,1.0,1.0,1.0,0.0,0.0,0.0,0.0,-134.53125,1.0
2012-08-14,9,611.3,1,220.703125,134.921875,134.921875,134.921875,0.0,1.0,1.0,1.0,0.0,0.0,0.0,0.0,-85.78125,1.0
2012-08-14,9,634.1,1,251.796875,143.59375,143.59375,143.59375,0.0,1.0,1.0,1.0,0.0,0.0,0.0,0.0,-108.203125,1.0
2012-08-15,0,611.3,1,243.828125,148.59375,148.59375,148.59375,0.0,1.0,1.0,1.0,0.0,0.0,0.0,0.0,-95.234375,1.0
2012-08-15,0,634.1,1,259.921875,166.953125,166.953125,166.953125,0.0,1.0,1.0,1.0,0.0,0.0,0.0,0.0,-92.96875,1.0
2012-08-15,1,611.3,1,243.046875,144.84375,144.84375,144.84375,0.0,1.0,1.0,1.0,0.0,0.0,0.0,0.0,-98.203125,1.0
2012-08-15,1,634.1,1,252.5,164.921875,164.921875,164.921875,0.0,1.0,1.0,1.0,0.0,0.0,0.0,0.0,-87.578125,1.0
2012-08-15,2,611.3,1,211.25,144.453125,144.453125,144.453125,0.0,1.0,1.0,1.0,0.0,0.0,0.0,0.0,-66.796875,1.0
2012-08-15,2,634.1,1,255.234375,163.28125,163.28125,163.28125,0.0,1.0,1.0,1.0,0.0,0.0,0.0,0.0,-91.953125,1.0
2012-08-15,3,611.3,1,246.71875,126.953125,126.953125,126.953125,0.0,1.0,1.0,1.0,0.0,0.0,0.0,0.0,-119.765625,1.0
2012-08-15,3,634.1,1,253.984375,151.953125,151.953125,151.953125,0.0,1.0,1.0,1.0,0.0,0.0,0.0,0.0,-102.03125,1.0
2012-08-15,4,611.3,1,259.453125,148.671875,148.671875,148.671875,0.0,1.0,1.0,1.0,0.0,0.0,0.0,0.0,-110.78125,1.0
2012-08-15,4,634.1,1,253.28125,167.734375,167.734375,167.734375,0.0,1.0,1.0,1.0,0.0,0.0,0.0,0.0,-85.546875,1.0
2012-08-15,5,611.3,1,192.265625,130.703125,130.703125,130.703125,0.0,1.0,1.0,1.0,0.0,0.0,0.0,0.0,-61.5625,1.0
2012-08-15,5,634.1,1,252.65625,155.546875,155.546875,155.546875,0.0,1.0,1.0,1.0,0.0,0.0,0.0,0.0,-97.109375,1.0
2012-08-15,6,611.3,1,253.828125,140.9375,140.9375,140.9375,0.0,1.0,1.0,1.0,0.0,0.0,0.0,0.0,-112.890625,1.0
2012-08-15,6,634.1,1,253.828125,164.140625,164.140625,164.140625,0.0,1.0,1.0,1.0,0.0,0.0,0.0,0.0,-89.6875,1.0
2012-08-15,7,611.3,1,236.875,160.3125,160.3125,160.3125,0.0,1.0,1.0,1.0,0.0,0.0,0.0,0.0,-76.5625,1.0
2012-08-15,7,634.1,1,253.75,172.265625,172.265625,172.265625,0.0,1.0,1.0,1.0,0.0,0.0,0.0,0.0,-81.484375,1.0
2012-08-15,8,611.3,1,262.5,144.21875,144.21875,144.21875,0.0,1.0,1.0,1.0,0.0,0.0,0.0,0.0,-118.28125,1.0
2012-08-15,8,634.1,1,254.453125,165.390625,165.390625,165.390625,0.0,1.0,1.0,1.0,0.0,0.0,0.0,0.0,-89.0625,1.0
2012-08-15,9,611.3,1,223.828125,143.359375,143.359375,143.359375,0.0,1.0,1.0,1.0,0.0,0.0,0.0,0.0,-80.46875,1.0
2012-08-15,9,634.1,1,254.21875,167.109375,167.109375,167.109375,0.0,1.0,1.0,1.0,0.0,0.0,0.0,0.0,-87.109375,1.0
2012-08-16,0,611.3,1,232.03125,98.125,98.125,98.125,0.0,1.0,1.0,1.0,0.0,0.0,0.0,0.0,-133.90625,1.0
2012-08-16,0,634.1,1,262.265625,102.96875,102.96875,102.96875,0.0,1.0,1.0,1.0,0.0,0.0,0.0,0.0,-159.296875,1.0
2012-08-16,1,611.3,1,251.40625,115.234375,115.234375,115.234375,0.0,1.0,1.0,1.0,0.0,0.0,0.0,0.0,-136.171875,1.0
2012-08-16,1,634.1,1,250.46875,124.296875,124.296875,124.296875,0.0,1.0,1.0,1.0,0.0,0.0,0.0,0.0,-126.171875,1.0
2012-08-16,2,611.3,1,232.03125,80.9375,80.9375,80.9375,0.0,1.0,1.0,1.0,0.0,0.0,0.0,0.0,-151.09375,1.0
2012-08-16,2,634.1,1,254.296875,69.765625,69.765625,69.765625,0.0,1.0,1.0,1.0,0.0,0.0,0.0,0.0,-184.53125,1.0
2012-08-16,3,611.3,1,262.421875,69.296875,69.296875,69.296875,0.0,1.0,1.0,1.0,0.0,0.0,0.0,0.0,-193.125,1.0
2012-08-16,3,634.1,1,252.65625,58.59375,58.59375,58.59375,0.0,1.0,1.0,1.0,0.0,0.0,0.0,0.0,-194.0625,1.0
2012-08-16,4,611.3,1,237.03125,112.03125,112.03125,112.03125,0.0,1.0,1.0,1.0,0.0,0.0,0.0,0.0,-125.0,1.0
2012-08-16,4,634.1,1,251.328125,117.578125,117.578125,117.578125,0.0,1.0,1.0,1.0,0.0,0.0,0.0,0.0,-133.75,1.0
2012-08-16,5,611.3,1,241.09375,92.734375,92.734375,92.734375,0.0,1.0,1.0,1.0,0.0,0.0,0.0,0.0,-148.359375,1.0
2012-08-16,5,634.1,1,252.96875,86.796875,86.796875,86.796875,0.0,1.0,1.0,1.0,0.0,0.0,0.0,0.0,-166.171875,1.0
2012-08-16,6,611.3,1,249.453125,101.40625,101.40625,101.40625,0.0,1.0,1.0,1.0,0.0,0.0,0.0,0.0,-148.046875,1.0
2012-08-16,6,634.1,1,253.203125,108.828125,108.828125,108.828125,0.0,1.0,1.0,1.0,0.0,0.0,0.0,0.0,-144.375,1.0
2012-08-16,7,611.3,1,244.609375,106.015625,106.015625,106.015625,0.0,1.0,1.0,1.0,0.0,0.0,0.0,0.0,-138.59375,1.0
2012-08-16,7,634.1,1,252.890625,107.1875,107.1875,107.1875,0.0,1.0,1.0,1.0,0.0,0.0,0.0,0.0,-145.703125,1.0
2012-08-16,8,611.3,1,257.265625,102.65625,102.65625,102.65625,0.0,1.0,1.0,1.0,0.0,0.0,0.0,0.0,-154.609375,1.0
2012-08-16,8,634.1,1,255.078125,103.4375,103.4375,103.4375,0.0,1.0,1.0,1.0,0.0,0.0,0.0,0.0,-151.640625,1.0
2012-08-16,9,611.3,1,216.40625,102.734375,102.734375,102.734375,0.0,1.0,1.0,1.0,0.0,0.0,0.0,0.0,-113.671875,1.0
2012-08-16,9,634.1,1,254.53125,111.09375,111.09375,111.09375,0.0,1.0,1.0,1.0,0.0,0.0,0.0,0.0,-143.4375,1.0
2012-08-17,0,611.3,1,282.578125,125.078125,125.078125,125.078125,0.0,1.0,1.0,1.0,0.0,0.0,0.0,0.0,-157.5,1.0
2012-08-17,0,634.1,1,264.84375,127.5,127.5,127.5,0.0,1.0,1.0,1.0,0.0,0.0,0.0,0.0,-137.34375,1.0
2012-08-17,1,611.3,1,262.265625,118.59375,118.59375,118.59375,0.0,1.0,1.0,1.0,0.0,0.0,0.0,0.0,-143.671875,1.0
2012-08-17,1,634.1,1,251.953125,121.71875,121.71875,121.71875,0.0,1.0,1.0,1.0,0.0,0.0,0.0,0.0,-130.234375,1.0
2012-08-17,2,611.3,1,236.796875,92.734375,92.734375,92.734375,0.0,1.0,1.0,1.0,0.0,0.0,0.0,0.0,-144.0625,1.0
2012-08-17,2,634.1,1,252.578125,90.3125,90.3125,90.3125,0.0,1.0,1.0,1.0,0.0,0.0,0.0,0.0,-162.265625,1.0
2012-08-17,3,611.3,1,230.15625,126.71875,126.71875,126.71875,0.0,1.0,1.0,1.0,0.0,0.0,0.0,0.0,-103.4375,1.0
2012-08-17,3,634.1,1,254.921875,126.796875,126.796875,126.796875,0.0,1.0,1.0,1.0,0.0,0.0,0.0,0.0,-128.125,1.0
2012-08-17,4,611.3,1,279.84375,119.140625,119.140625,119.140625,0.0,1.0,1.0,1.0,0.0,0.0,0.0,0.0,-160.703125,1.0
2012-08-17,4,634.1,1,255.078125,125.78125,125.78125,125.78125,0.0,1.0,1.0,1.0,0.0,0.0,0.0,0.0,-129.296875,1.0
2012-08-17,5,611.3,1,242.890625,120.703125,120.703125,120.703125,0.0,1.0,1.0,1.0,0.0,0.0,0.0,0.0,-122.1875,1.0
2012-08-17,5,634.1,1,251.09375,126.09375,126.09375,126.09375,0.0,1.0,1.0,1.0,0.0,0.0,0.0,0.0,-125.0,1.0
2012-08-17,6,611.3,1,267.65625,124.0625,124.0625,124.0625,0.0,1.0,1.0,1.0,0.0,0.0,0.0,0.0,-143.59375,1.0
2012-08-17,6,634.1,1,255.46875,129.84375,129.84375,129.84375,0.0,1.0,1.0,1.0,0.0,0.0,0.0,0.0,-125.625,1.0
2012-08-17,7,611.3,1,232.1875,108.75,108.75,108.75,0.0,1.0,1.0,1.0,0.0,0.0,0.0,0.0,-123.4375,1.0
2012-08-17,7,634.1,1,255.078125,111.40625,111.40625,111.40625,0.0,1.0,1.0,1.0,0.0,0.0,0.0,0.0,-143.671875,1.0
2012-08-17,8,611.3,1,284.140625,120.546875,120.546875,120.546875,0.0,1.0,1.0,1.0,0.0,0.0,0.0,0.0,-163.59375,1.0
2012-08-17,8,634.1,1,251.953125,121.328125,121.328125,121.328125,0.0,1.0,1.0,1.0,0.0,0.0,0.0,0.0,-130.625,1.0
2012-08-17,9,611.3,1,227.65625,141.328125,141.328125,141.328125,0.0,1.0,1.0,1.0,0.0,0.0,0.0,0.0,-86.328125,1.0
2012-08-17,9,634.1,1,253.28125,147.5,147.5,147.5,0.0,1.0,1.0,1.0,0.0,0.0,0.0,0.0,-105.78125,1.0
2012-08-18,0,611.3,1,256.328125,128.90625,128.90625,128.90625,0.0,1.0,1.0,1.0,0.0,0.0,0.0,0.0,-127.421875,1.0
2012-08-18,0,634.1,1,262.1875,132.34375,132.34375,132.34375,0.0,1.0,1.0,1.0,0.0,0.0,0.0,0.0,-129.84375,1.0
2012-08-18,1,611.3,1,256.09375,157.65625,157.65625,157.65625,0.0,1.0,1.0,1.0,0.0,0.0,0.0,0.0,-98.4375,1.0
2012-08-18,1,634.1,1,256.40625,166.953125,166.953125,166.953125,0.0,1.0,1.0,1.0,0.0,0.0,0.0,0.0,-89.453125,1.0
2012-08-18,2,611.3,1,248.28125,142.734375,142.734375,142.734375,0.0,1.0,1.0,1.0,0.0,0.0,0.0,0.0,-105.546875,1.0
2012-08-18,2,634.1,1,255.9375,146.25,146.25,146.25,0.0,1.0,1.0,1.0,0.0,0.0,0.0,0.0,-109.6875,1.0
2012-08-18,3,611.3,1,259.765625,146.25,146.25,146.25,0.0,1.0,1.0,1.0,0.0,0.0,0.0,0.0,-113.515625,1.0
2012-08-18,3,634.1,1,254.765625,155.46875,155.46875,155.46875,0.0,1.0,1.0,1.0,0.0,0.0,0.0,0.0,-99.296875,1.0
2012-08-18,4,611.3,1,300.0,153.59375,153.59375,153.59375,0.0,1.0,1.0,1.0,0.0,0.0,0.0,0.0,-146.40625,1.0
2012-08-18,4,634.1,1,255.625,162.109375,162.109375,162.109375,0.0,1.0,1.0,1.0,0.0,0.0,0.0,0.0,-93.515625,1.0
2012-08-18,5,611.3,1,233.046875,122.03125,122.03125,122.03125,0.0,1.0,1.0,1.0,0.0,0.0,0.0,0.0,-111.015625,1.0
2012-08-18,5,634.1,1,245.703125,128.4375,128.4375,128.4375,0.0,1.0,1.0,1.0,0.0,0.0,0.0,0.0,-117.265625,1.0
2012-08-18,6,611.3,1,290.703125,136.640625,136.640625,136.640625,0.0,1.0,1.0,1.0,0.0,0.0,0.0,0.0,-154.0625,1.0
2012-08-18,6,634.1,1,258.046875,149.0625,149.0625,149.0625,0.0,1.0,1.0,1.0,0.0,0.0,0.0,0.0,-108.984375,1.0
2012-08-18,7,611.3,1,300.0,134.0625,134.0625,134.0625,0.0,1.0,1.0,1.0,0.0,0.0,0.0,0.0,-165.9375,1.0
2012-08-18,7,634.1,1,255.703125,135.46875,135.46875,135.46875,0.0,1.0,1.0,1.0,0.0,0.0,0.0,0.0,-120.234375,1.0
2012-08-18,8,611.3,1,277.8125,153.046875,153.046875,153.046875,0.0,1.0,1.0,1.0,0.0,0.0,0.0,0.0,-124.765625,1.0
2012-08-18,8,634.1,1,253.828125,156.328125,156.328125,156.328125,0.0,1.0,1.0,1.0,0.0,0.0,0.0,0.0,-97.5,1.0
2012-08-18,9,611.3,1,236.71875,132.65625,132.65625,132.65625,0.0,1.0,1.0,1.0,0.0,0.0,0.0,0.0,-104.0625,1.0
2012-08-18,9,634.1,1,255.78125,133.90625,133.90625,133.90625,0.0,1.0,1.0,1.0,0.0,0.0,0.0,0.0,-121.875,1.0
2012-08-19,0,611.3,1,260.9375,158.28125,158.28125,158.28125,0.0,1.0,1.0,1.0,0.0,0.0,0.0,0.0,-102.65625,1.0
2012-08-19,0,634.1,1,264.140625,160.7578125,164.66218264093743,168.515625,0.0,1.0,1.0,1.0,7.7578125,0.0,3.8534423590625693,0.0,-95.625,1.0
2012-08-19,1,611.3,1,230.0,131.71875,131.71875,131.71875,0.0,1.0,1.0,1.0,0.0,0.0,0.0,0.0,-98.28125,1.0
2012-08-19,1,634.1,1,253.75,135.78125,135.78125,135.78125,0.0,1.0,1.0,1.0,0.0,0.0,0.0,0.0,-117.96875,1.0
2012-08-19,2,611.3,1,282.34375,132.578125,132.578125,132.578125,0.0,1.0,1.0,1.0,0.0,0.0,0.0,0.0,-149.765625,1.0
2012-08-19,2,634.1,1,253.90625,138.90625,138.90625,138.90625,0.0,1.0,1.0,1.0,0.0,0.0,0.0,0.0,-115.0,1.0
2012-08-19,3,611.3,1,275.78125,123.359375,123.359375,123.359375,0.0,1.0,1.0,1.0,0.0,0.0,0.0,0.0,-152.421875,1.0
2012-08-19,3,634.1,1,255.078125,123.671875,123.671875,123.671875,0.0,1.0,1.0,1.0,0.0,0.0,0.0,0.0,-131.40625,1.0
2012-08-19,4,611.3,1,288.59375,126.640625,126.640625,126.640625,0.0,1.0,1.0,1.0,0.0,0.0,0.0,0.0,-161.953125,1.0
2012-08-19,4,634.1,1,253.203125,133.828125,133.828125,133.828125,0.0,1.0,1.0,1.0,0.0,0.0,0.0,0.0,-119.375,1.0
2012-08-19,5,611.3,1,221.171875,141.640625,141.640625,141.640625,0.0,1.0,1.0,1.0,0.0,0.0,0.0,0.0,-79.53125,1.0
2012-08-19,5,634.1,1,247.109375,138.28125,138.28125,138.28125,0.0,1.0,1.0,1.0,0.0,0.0,0.0,0.0,-108.828125,1.0
2012-08-19,6,611.3,1,279.453125,114.84375,114.84375,114.84375,0.0,1.0,1.0,1.0,0.0,0.0,0.0,0.0,-164.609375,1.0
2012-08-19,6,634.1,1,252.8125,120.703125,120.703125,120.703125,0.0,1.0,1.0,1.0,0.0,0.0,0.0,0.0,-132.109375,1.0
2012-08-19,7,611.3,1,230.390625,130.15625,130.15625,130.15625,0.0,1.0,1.0,1.0,0.0,0.0,0.0,0.0,-100.234375,1.0
2012-08-19,7,634.1,1,255.3125,139.296875,139.296875,139.296875,0.0,1.0,1.0,1.0,0.0,0.0,0.0,0.0,-116.015625,1.0
2012-08-19,8,611.3,1,262.265625,116.875,116.875,116.875,0.0,1.0,1.0,1.0,0.0,0.0,0.0,0.0,-145.390625,1.0
2012-08-19,8,634.1,1,252.890625,119.53125,119.53125,119.53125,0.0,1.0,1.0,1.0,0.0,0.0,0.0,0.0,-133.359375,1.0
2012-08-19,9,611.3,1,230.234375,139.84375,139.84375,139.84375,0.0,1.0,1.0,1.0,0.0,0.0,0.0,0.0,-90.390625,1.0
2012-08-19,9,634.1,1,252.421875,144.53125,144.53125,144.53125,0.0,1.0,1.0,1.0,0.0,0.0,0.0,0.0,-107.890625,1.0
2012-08-20,0,611.3,1,245.15625,135.0,135.0,135.0,0.0,1.0,1.0,1.0,0.0,0.0,0.0,0.0,-110.15625,1.0
2012-08-20,0,634.1,1,260.625,142.109375,142.109375,142.109375,0.0,1.0,1.0,1.0,0.0,0.0,0.0,0.0,-118.515625,1.0
2012-08-20,1,611.3,1,281.015625,129.375,129.375,129.375,0.0,1.0,1.0,1.0,0.0,0.0,0.0,0.0,-151.640625,1.0
2012-08-20,1,634.1,1,253.203125,128.984375,128.984375,128.984375,0.0,1.0,1.0,1.0,0.0,0.0,0.0,0.0,-124.21875,1.0
2012-08-20,2,611.3,1,232.578125,104.765625,104.765625,104.765625,0.0,1.0,1.0,1.0,0.0,0.0,0.0,0.0,-127.8125,1.0
2012-08-20,2,634.1,1,256.40625,104.0625,104.0625,104.0625,0.0,1.0,1.0,1.0,0.0,0.0,0.0,0.0,-152.34375,1.0
2012-08-20,3,611.3,1,226.484375,91.40625,91.40625,91.40625,0.0,1.0,1.0,1.0,0.0,0.0,0.0,0.0,-135.078125,1.0
2012-08-20,3,634.1,1,254.921875,92.265625,92.265625,92.265625,0.0,1.0,1.0,1.0,0.0,0.0,0.0,0.0,-162.65625,1.0
2012-08-20,4,611.3,1,271.640625,111.875,111.875,111.875,0.0,1.0,1.0,1.0,0.0,0.0,0.0,0.0,-159.765625,1.0
2012-08-20,4,634.1,1,252.890625,119.6875,119.6875,119.6875,0.0,1.0,1.0,1.0,0.0,0.0,0.0,0.0,-133.203125,1.0
2012-08-20,5,611.3,1,252.890625,108.515625,108.515625,108.515625,0.0,1.0,1.0,1.0,0.0,0.0,0.0,0.0,-144.375,1.0
2012-08-20,5,634.1,1,251.5625,107.1875,107.1875,107.1875,0.0,1.0,1.0,1.0,0.0,0.0,0.0,0.0,-144.375,1.0
2012-08-20,6,611.3,1,285.9375,113.90625,113.90625,113.90625,0.0,1.0,1.0,1.0,0.0,0.0,0.0,0.0,-172.03125,1.0
2012-08-20,6,634.1,1,252.421875,124.375,124.375,124.375,0.0,1.0,1.0,1.0,0.0,0.0,0.0,0.0,-128.046875,1.0
2012-08-20,7,611.3,1,250.78125,132.890625,132.890625,132.890625,0.0,1.0,1.0,1.0,0.0,0.0,0.0,0.0,-117.890625,1.0
2012-08-20,7,634.1,1,254.53125,132.03125,132.03125,132.03125,0.0,1.0,1.0,1.0,0.0,0.0,0.0,0.0,-122.5,1.0
2012-08-20,8,611.3,1,290.625,88.671875,88.671875,88.671875,0.0,1.0,1.0,1.0,0.0,0.0,0.0,0.0,-201.953125,1.0
2012-08-20,8,634.1,1,255.625,84.84375,84.84375,84.84375,0.0,1.0,1.0,1.0,0.0,0.0,0.0,0.0,-170.78125,1.0
2012-08-20,9,611.3,1,224.375,108.59375,108.59375,108.59375,0.0,1.0,1.0,1.0,0.0,0.0,0.0,0.0,-115.78125,1.0
2012-08-20,9,634.1,1,255.15625,115.859375,115.859375,115.859375,0.0,1.0,1.0,1.0,0.0,0.0,0.0,0.0,-139.296875,1.0
2012-08-21,0,611.3,1,240.78125,113.984375,113.984375,113.984375,0.0,1.0,1.0,1.0,0.0,0.0,0.0,0.0,-126.796875,1.0
2012-08-21,0,634.1,1,260.546875,120.546875,120.546875,120.546875,0.0,1.0,1.0,1.0,0.0,0.0,0.0,0.0,-140.0,1.0
2012-08-21,1,611.3,1,279.921875,94.84375,94.84375,94.84375,0.0,1.0,1.0,1.0,0.0,0.0,0.0,0.0,-185.078125,1.0
2012-08-21,1,634.1,1,254.453125,96.953125,96.953125,96.953125,0.0,1.0,1.0,1.0,0.0,0.0,0.0,0.0,-157.5,1.0
2012-08-21,2,611.3,1,212.109375,106.25,106.25,106.25,0.0,1.0,1.0,1.0,0.0,0.0,0.0,0.0,-105.859375,1.0
2012-08-21,2,634.1,1,254.609375,107.34375,107.34375,107.34375,0.0,1.0,1.0,1.0,0.0,0.0,0.0,0.0,-147.265625,1.0
2012-08-21,3,611.3,1,223.59375,88.984375,88.984375,88.984375,0.0,1.0,1.0,1.0,0.0,0.0,0.0,0.0,-134.609375,1.0
2012-08-21,3,634.1,1,252.65625,85.46875,85.46875,85.46875,0.0,1.0,1.0,1.0,0.0,0.0,0.0,0.0,-167.1875,1.0
2012-08-21,4,611.3,1,252.65625,112.1875,112.1875,112.1875,0.0,1.0,1.0,1.0,0.0,0.0,0.0,0.0,-140.46875,1.0
2012-08-21,4,634.1,1,251.015625,117.03125,117.03125,117.03125,0.0,1.0,1.0,1.0,0.0,0.0,0.0,0.0,-133.984375,1.0
2012-08-21,5,611.3,1,204.21875,85.0,85.0,85.0,0.0,1.0,1.0,1.0,0.0,0.0,0.0,0.0,-119.21875,1.0
2012-08-21,5,634.1,1,252.578125,78.59375,78.59375,78.59375,0.0,1.0,1.0,1.0,0.0,0.0,0.0,0.0,-173.984375,1.0
2012-08-21,6,611.3,1,238.828125,117.265625,117.265625,117.265625,0.0,1.0,1.0,1.0,0.0,0.0,0.0,0.0,-121.5625,1.0
2012-08-21,6,634.1,1,254.375,124.375,124.375,124.375,0.0,1.0,1.0,1.0,0.0,0.0,0.0,0.0,-130.0,1.0
2012-08-21,7,611.3,1,212.96875,113.984375,113.984375,113.984375,0.0,1.0,1.0,1.0,0.0,0.0,0.0,0.0,-98.984375,1.0
2012-08-21,7,634.1,1,252.8125,114.6875,114.6875,114.6875,0.0,1.0,1.0,1.0,0.0,0.0,0.0,0.0,-138.125,1.0
2012-08-21,8,611.3,1,277.890625,92.109375,92.109375,92.109375,0.0,1.0,1.0,1.0,0.0,0.0,0.0,0.0,-185.78125,1.0
2012-08-21,8,634.1,1,251.796875,86.484375,86.484375,86.484375,0.0,1.0,1.0,1.0,0.0,0.0,0.0,0.0,-165.3125,1.0
2012-08-21,9,611.3,1,220.625,115.546875,115.546875,115.546875,0.0,1.0,1.0,1.0,0.0,0.0,0.0,0.0,-105.078125,1.0
2012-08-21,9,634.1,1,254.609375,120.078125,120.078125,120.078125,0.0,1.0,1.0,1.0,0.0,0.0,0.0,0.0,-134.53125,1.0
2012-08-22,0,611.3,1,260.0,122.578125,122.578125,122.578125,0.0,1.0,1.0,1.0,0.0,0.0,0.0,0.0,-137.421875,1.0
2012-08-22,0,634.1,1,261.09375,128.4375,128.4375,128.4375,0.0,1.0,1.0,1.0,0.0,0.0,0.0,0.0,-132.65625,1.0
2012-08-22,1,611.3,1,252.34375,112.65625,112.65625,112.65625,0.0,1.0,1.0,1.0,0.0,0.0,0.0,0.0,-139.6875,1.0
2012-08-22,1,634.1,1,251.71875,118.4375,118.4375,118.4375,0.0,1.0,1.0,1.0,0.0,0.0,0.0,0.0,-133.28125,1.0
2012-08-22,2,611.3,1,240.390625,102.34375,102.34375,102.34375,0.0,1.0,1.0,1.0,0.0,0.0,0.0,0.0,-138.046875,1.0
2012-08-22,2,634.1,1,246.875,101.25,101.25,101.25,0.0,1.0,1.0,1.0,0.0,0.0,0.0,0.0,-145.625,1.0
2012-08-22,3,611.3,1,226.484375,89.84375,89.84375,89.84375,0.0,1.0,1.0,1.0,0.0,0.0,0.0,0.0,-136.640625,1.0
2012-08-22,3,634.1,1,235.859375,95.234375,95.234375,95.234375,0.0,1.0,1.0,1.0,0.0,0.0,0.0,0.0,-140.625,1.0
2012-08-22,4,611.3,1,268.59375,115.546875,115.546875,115.546875,0.0,1.0,1.0,1.0,0.0,0.0,0.0,0.0,-153.046875,1.0
2012-08-22,4,634.1,1,249.921875,124.609375,124.609375,124.609375,0.0,1.0,1.0,1.0,0.0,0.0,0.0,0.0,-125.3125,1.0
2012-08-22,5,611.3,1,203.59375,90.0,90.0,90.0,0.0,1.0,1.0,1.0,0.0,0.0,0.0,0.0,-113.59375,1.0
2012-08-22,5,634.1,1,245.234375,84.6875,84.6875,84.6875,0.0,1.0,1.0,1.0,0.0,0.0,0.0,0.0,-160.546875,1.0
2012-08-22,6,611.3,1,243.359375,118.984375,118.984375,118.984375,0.0,1.0,1.0,1.0,0.0,0.0,0.0,0.0,-124.375,1.0
2012-08-22,6,634.1,1,252.03125,124.21875,124.21875,124.21875,0.0,1.0,1.0,1.0,0.0,0.0,0.0,0.0,-127.8125,1.0
2012-08-22,7,611.3,1,219.53125,132.03125,132.03125,132.03125,0.0,1.0,1.0,1.0,0.0,0.0,0.0,0.0,-87.5,1.0
2012-08-22,7,634.1,1,250.703125,135.859375,135.859375,135.859375,0.0,1.0,1.0,1.0,0.0,0.0,0.0,0.0,-114.84375,1.0
2012-08-22,8,611.3,1,233.046875,91.25,91.25,91.25,0.0,1.0,1.0,1.0,0.0,0.0,0.0,0.0,-141.796875,1.0
2012-08-22,8,634.1,1,239.6875,87.65625,87.65625,87.65625,0.0,1.0,1.0,1.0,0.0,0.0,0.0,0.0,-152.03125,1.0
2012-08-22,9,611.3,1,223.671875,125.078125,125.078125,125.078125,0.0,1.0,1.0,1.0,0.0,0.0,0.0,0.0,-98.59375,1.0
2012-08-22,9,634.1,1,253.203125,129.609375,129.609375,129.609375,0.0,1.0,1.0,1.0,0.0,0.0,0.0,0.0,-123.59375,1.0
2012-08-23,0,611.3,1,228.359375,120.46875,120.46875,120.46875,0.0,1.0,1.0,1.0,0.0,0.0,0.0,0.0,-107.890625,1.0
2012-08-23,0,634.1,1,258.59375,127.34375,127.34375,127.34375,0.0,1.0,1.0,1.0,0.0,0.0,0.0,0.0,-131.25,1.0
2012-08-23,1,611.3,1,218.359375,93.359375,93.359375,93.359375,0.0,1.0,1.0,1.0,0.0,0.0,0.0,0.0,-125.0,1.0
2012-08-23,1,634.1,1,244.296875,99.0625,99.0625,99.0625,0.0,1.0,1.0,1.0,0.0,0.0,0.0,0.0,-145.234375,1.0
2012-08-23,2,611.3,1,190.859375,90.859375,90.859375,90.859375,0.0,1.0,1.0,1.0,0.0,0.0,0.0,0.0,-100.0,1.0
2012-08-23,2,634.1,1,221.09375,97.96875,97.96875,97.96875,0.0,1.0,1.0,1.0,0.0,0.0,0.0,0.0,-123.125,1.0
2012-08-23,3,611.3,1,220.859375,95.859375,95.859375,95.859375,0.0,1.0,1.0,1.0,0.0,0.0,0.0,0.0,-125.0,1.0
2012-08-23,3,634.1,1,228.671875,96.171875,96.171875,96.171875,0.0,1.0,1.0,1.0,0.0,0.0,0.0,0.0,-132.5,1.0
2012-08-23,4,611.3,1,225.625,89.921875,89.921875,89.921875,0.0,1.0,1.0,1.0,0.0,0.0,0.0,0.0,-135.703125,1.0
2012-08-23,4,634.1,1,251.25,98.4375,98.4375,98.4375,0.0,1.0,1.0,1.0,0.0,0.0,0.0,0.0,-152.8125,1.0
2012-08-23,5,611.3,1,198.515625,100.859375,100.859375,100.859375,0.0,1.0,1.0,1.0,0.0,0.0,0.0,0.0,-97.65625,1.0
2012-08-23,5,634.1,1,247.578125,104.296875,104.296875,104.296875,0.0,1.0,1.0,1.0,0.0,0.0,0.0,0.0,-143.28125,1.0
2012-08-23,6,611.3,1,239.21875,114.453125,114.453125,114.453125,0.0,1.0,1.0,1.0,0.0,0.0,0.0,0.0,-124.765625,1.0
2012-08-23,6,634.1,1,252.421875,122.578125,122.578125,122.578125,0.0,1.0,1.0,1.0,0.0,0.0,0.0,0.0,-129.84375,1.0
2012-08-23,7,611.3,1,201.09375,110.234375,110.234375,110.234375,0.0,1.0,1.0,1.0,0.0,0.0,0.0,0.0,-90.859375,1.0
2012-08-23,7,634.1,1,250.9375,116.484375,116.484375,116.484375,0.0,1.0,1.0,1.0,0.0,0.0,0.0,0.0,-134.453125,1.0
2012-08-23,8,611.3,1,232.578125,105.390625,105.390625,105.390625,0.0,1.0,1.0,1.0,0.0,0.0,0.0,0.0,-127.1875,1.0
2012-08-23,8,634.1,1,231.484375,108.203125,108.203125,108.203125,0.0,1.0,1.0,1.0,0.0,0.0,0.0,0.0,-123.28125,1.0
2012-08-23,9,611.3,1,218.203125,115.0,115.0,115.0,0.0,1.0,1.0,1.0,0.0,0.0,0.0,0.0,-103.203125,1.0
2012-08-23,9,634.1,1,252.96875,122.109375,122.109375,122.109375,0.0,1.0,1.0,1.0,0.0,0.0,0.0,0.0,-130.859375,1.0
2012-08-24,0,611.3,1,214.6875,110.0,110.0,110.0,0.0,1.0,1.0,1.0,0.0,0.0,0.0,0.0,-104.6875,1.0
2012-08-24,0,634.1,1,261.015625,114.6875,114.6875,114.6875,0.0,1.0,1.0,1.0,0.0,0.0,0.0,0.0,-146.328125,1.0
2012-08-24,1,611.3,1,256.40625,97.265625,97.265625,97.265625,0.0,1.0,1.0,1.0,0.0,0.0,0.0,0.0,-159.140625,1.0
2012-08-24,1,634.1,1,248.90625,98.59375,98.59375,98.59375,0.0,1.0,1.0,1.0,0.0,0.0,0.0,0.0,-150.3125,1.0
2012-08-24,2,611.3,1,198.28125,104.0625,104.0625,104.0625,0.0,1.0,1.0,1.0,0.0,0.0,0.0,0.0,-94.21875,1.0
2012-08-24,2,634.1,1,250.625,103.828125,103.828125,103.828125,0.0,1.0,1.0,1.0,0.0,0.0,0.0,0.0,-146.796875,1.0
2012-08-24,3,611.3,1,232.03125,68.75,68.75,68.75,0.0,1.0,1.0,1.0,0.0,0.0,0.0,0.0,-163.28125,1.0
2012-08-24,3,634.1,1,238.671875,51.328125,51.328125,51.328125,0.0,1.0,1.0,1.0,0.0,0.0,0.0,0.0,-187.34375,1.0
2012-08-24,4,611.3,1,250.78125,105.46875,105.46875,105.46875,0.0,1.0,1.0,1.0,0.0,0.0,0.0,0.0,-145.3125,1.0
2012-08-24,4,634.1,1,250.625,106.5625,106.5625,106.5625,0.0,1.0,1.0,1.0,0.0,0.0,0.0,0.0,-144.0625,1.0
2012-08-24,5,611.3,1,206.25,78.203125,78.203125,78.203125,0.0,1.0,1.0,1.0,0.0,0.0,0.0,0.0,-128.046875,1.0
2012-08-24,5,634.1,1,251.328125,63.203125,63.203125,63.203125,0.0,1.0,1.0,1.0,0.0,0.0,0.0,0.0,-188.125,1.0
2012-08-24,6,611.3,1,235.0,113.4375,113.4375,113.4375,0.0,1.0,1.0,1.0,0.0,0.0,0.0,0.0,-121.5625,1.0
2012-08-24,6,634.1,1,250.78125,114.140625,114.140625,114.140625,0.0,1.0,1.0,1.0,0.0,0.0,0.0,0.0,-136.640625,1.0
2012-08-24,7,611.3,1,209.53125,89.21875,89.21875,89.21875,0.0,1.0,1.0,1.0,0.0,0.0,0.0,0.0,-120.3125,1.0
2012-08-24,7,634.1,1,253.125,79.21875,79.21875,79.21875,0.0,1.0,1.0,1.0,0.0,0.0,0.0,0.0,-173.90625,1.0
2012-08-24,8,611.3,1,221.015625,109.765625,109.765625,109.765625,0.0,1.0,1.0,1.0,0.0,0.0,0.0,0.0,-111.25,1.0
2012-08-24,8,634.1,1,252.5,110.3125,110.3125,110.3125,0.0,1.0,1.0,1.0,0.0,0.0,0.0,0.0,-142.1875,1.0
2012-08-24,9,611.3,1,228.28125,103.828125,103.828125,103.828125,0.0,1.0,1.0,1.0,0.0,0.0,0.0,0.0,-124.453125,1.0
2012-08-24,9,634.1,1,251.953125,104.296875,104.296875,104.296875,0.0,1.0,1.0,1.0,0.0,0.0,0.0,0.0,-147.65625,1.0
2012-08-25,0,611.3,1,207.34375,114.53125,114.53125,114.53125,0.0,1.0,1.0,1.0,0.0,0.0,0.0,0.0,-92.8125,1.0
2012-08-25,0,634.1,1,260.234375,114.6875,114.6875,114.6875,0.0,1.0,1.0,1.0,0.0,0.0,0.0,0.0,-145.546875,1.0
2012-08-25,1,611.3,1,240.15625,103.90625,103.90625,103.90625,0.0,1.0,1.0,1.0,0.0,0.0,0.0,0.0,-136.25,1.0
2012-08-25,1,634.1,1,246.40625,108.59375,108.59375,108.59375,0.0,1.0,1.0,1.0,0.0,0.0,0.0,0.0,-137.8125,1.0
2012-08-25,2,611.3,1,208.125,101.953125,101.953125,101.953125,0.0,1.0,1.0,1.0,0.0,0.0,0.0,0.0,-106.171875,1.0
2012-08-25,2,634.1,1,251.328125,101.015625,101.015625,101.015625,0.0,1.0,1.0,1.0,0.0,0.0,0.0,0.0,-150.3125,1.0
2012-08-25,3,611.3,1,240.546875,102.265625,102.265625,102.265625,0.0,1.0,1.0,1.0,0.0,0.0,0.0,0.0,-138.28125,1.0
2012-08-25,3,634.1,1,250.859375,95.078125,95.078125,95.078125,0.0,1.0,1.0,1.0,0.0,0.0,0.0,0.0,-155.78125,1.0
2012-08-25,4,611.3,1,286.953125,133.75,133.75,133.75,0.0,1.0,1.0,1.0,0.0,0.0,0.0,0.0,-153.203125,1.0
2012-08-25,4,634.1,1,244.53125,135.859375,135.859375,135.859375,0.0,1.0,1.0,1.0,0.0,0.0,0.0,0.0,-108.671875,1.0
2012-08-25,5,611.3,1,199.21875,92.109375,92.109375,92.109375,0.0,1.0,1.0,1.0,0.0,0.0,0.0,0.0,-107.109375,1.0
2012-08-25,5,634.1,1,247.8125,85.46875,85.46875,85.46875,0.0,1.0,1.0,1.0,0.0,0.0,0.0,0.0,-162.34375,1.0
2012-08-25,6,611.3,1,274.453125,135.0,135.0,135.0,0.0,1.0,1.0,1.0,0.0,0.0,0.0,0.0,-139.453125,1.0
2012-08-25,6,634.1,1,252.421875,134.0625,134.0625,134.0625,0.0,1.0,1.0,1.0,0.0,0.0,0.0,0.0,-118.359375,1.0
2012-08-25,7,611.3,1,229.765625,110.390625,110.390625,110.390625,0.0,1.0,1.0,1.0,0.0,0.0,0.0,0.0,-119.375,1.0
2012-08-25,7,634.1,1,250.78125,116.5625,116.5625,116.5625,0.0,1.0,1.0,1.0,0.0,0.0,0.0,0.0,-134.21875,1.0
2012-08-25,8,611.3,1,235.9375,134.6875,134.6875,134.6875,0.0,1.0,1.0,1.0,0.0,0.0,0.0,0.0,-101.25,1.0
2012-08-25,8,634.1,1,245.234375,129.453125,129.453125,129.453125,0.0,1.0,1.0,1.0,0.0,0.0,0.0,0.0,-115.78125,1.0
2012-08-25,9,611.3,1,227.8125,123.515625,123.515625,123.515625,0.0,1.0,1.0,1.0,0.0,0.0,0.0,0.0,-104.296875,1.0
2012-08-25,9,634.1,1,256.171875,122.34375,122.34375,122.34375,0.0,1.0,1.0,1.0,0.0,0.0,0.0,0.0,-133.828125,1.0
2012-08-26,0,611.3,1,210.78125,123.75,123.75,123.75,0.0,1.0,1.0,1.0,0.0,0.0,0.0,0.0,-87.03125,1.0
2012-08-26,0,634.1,1,264.6875,130.46875,130.46875,130.46875,0.0,1.0,1.0,1.0,0.0,0.0,0.0,0.0,-134.21875,1.0
2012-08-26,1,611.3,1,268.046875,151.640625,151.640625,151.640625,0.0,1.0,1.0,1.0,0.0,0.0,0.0,0.0,-116.40625,1.0
2012-08-26,1,634.1,1,252.734375,169.765625,169.765625,169.765625,0.0,1.0,1.0,1.0,0.0,0.0,0.0,0.0,-82.96875,1.0
2012-08-26,2,611.3,1,270.3125,152.890625,152.890625,152.890625,0.0,1.0,1.0,1.0,0.0,0.0,0.0,0.0,-117.421875,1.0
2012-08-26,2,634.1,1,256.796875,152.109375,152.109375,152.109375,0.0,1.0,1.0,1.0,0.0,0.0,0.0,0.0,-104.6875,1.0
2012-08-26,3,611.3,1,242.578125,119.453125,119.453125,119.453125,0.0,1.0,1.0,1.0,0.0,0.0,0.0,0.0,-123.125,1.0
2012-08-26,3,634.1,1,252.03125,123.125,123.125,123.125,0.0,1.0,1.0,1.0,0.0,0.0,0.0,0.0,-128.90625,1.0
2012-08-26,4,611.3,1,253.4375,133.59375,133.59375,133.59375,0.0,1.0,1.0,1.0,0.0,0.0,0.0,0.0,-119.84375,1.0
2012-08-26,4,634.1,1,253.046875,138.59375,138.59375,138.59375,0.0,1.0,1.0,1.0,0.0,0.0,0.0,0.0,-114.453125,1.0
2012-08-26,5,611.3,1,220.625,114.84375,114.84375,114.84375,0.0,1.0,1.0,1.0,0.0,0.0,0.0,0.0,-105.78125,1.0
2012-08-26,5,634.1,1,253.28125,116.875,116.875,116.875,0.0,1.0,1.0,1.0,0.0,0.0,0.0,0.0,-136.40625,1.0
2012-08-26,6,611.3,1,290.46875,144.53125,144.53125,144.53125,0.0,1.0,1.0,1.0,0.0,0.0,0.0,0.0,-145.9375,1.0
2012-08-26,6,634.1,1,252.578125,150.703125,150.703125,150.703125,0.0,1.0,1.0,1.0,0.0,0.0,0.0,0.0,-101.875,1.0
2012-08-26,7,611.3,1,216.171875,140.078125,140.078125,140.078125,0.0,1.0,1.0,1.0,0.0,0.0,0.0,0.0,-76.09375,1.0
2012-08-26,7,634.1,1,253.75,145.078125,145.078125,145.078125,0.0,1.0,1.0,1.0,0.0,0.0,0.0,0.0,-108.671875,1.0
2012-08-26,8,611.3,1,248.125,145.859375,145.859375,145.859375,0.0,1.0,1.0,1.0,0.0,0.0,0.0,0.0,-102.265625,1.0
2012-08-26,8,634.1,1,256.09375,145.234375,145.234375,145.234375,0.0,1.0,1.0,1.0,0.0,0.0,0.0,0.0,-110.859375,1.0
2012-08-26,9,611.3,1,231.171875,135.15625,135.15625,135.15625,0.0,1.0,1.0,1.0,0.0,0.0,0.0,0.0,-96.015625,1.0
2012-08-26,9,634.1,1,255.78125,165.625,165.625,165.625,0.0,1.0,1.0,1.0,0.0,0.0,0.0,0.0,-90.15625,1.0
2012-08-27,0,611.3,1,250.703125,110.859375,110.859375,110.859375,0.0,1.0,1.0,1.0,0.0,0.0,0.0,0.0,-139.84375,1.0
2012-08-27,0,634.1,1,259.53125,121.328125,121.328125,121.328125,0.0,1.0,1.0,1.0,0.0,0.0,0.0,0.0,-138.203125,1.0
2012-08-27,1,611.3,1,281.71875,120.703125,120.703125,120.703125,0.0,1.0,1.0,1.0,0.0,0.0,0.0,0.0,-161.015625,1.0
2012-08-27,1,634.1,1,254.0625,127.5,127.5,127.5,0.0,1.0,1.0,1.0,0.0,0.0,0.0,0.0,-126.5625,1.0
2012-08-27,2,611.3,1,252.578125,111.25,111.25,111.25,0.0,1.0,1.0,1.0,0.0,0.0,0.0,0.0,-141.328125,1.0
2012-08-27,2,634.1,1,254.53125,118.28125,118.28125,118.28125,0.0,1.0,1.0,1.0,0.0,0.0,0.0,0.0,-136.25,1.0
2012-08-27,3,611.3,1,237.265625,102.265625,102.265625,102.265625,0.0,1.0,1.0,1.0,0.0,0.0,0.0,0.0,-135.0,1.0
2012-08-27,3,634.1,1,254.53125,112.734375,112.734375,112.734375,0.0,1.0,1.0,1.0,0.0,0.0,0.0,0.0,-141.796875,1.0
2012-08-27,4,611.3,1,271.328125,124.21875,124.21875,124.21875,0.0,1.0,1.0,1.0,0.0,0.0,0.0,0.0,-147.109375,1.0
2012-08-27,4,634.1,1,252.265625,137.5,137.5,137.5,0.0,1.0,1.0,1.0,0.0,0.0,0.0,0.0,-114.765625,1.0
2012-08-27,5,611.3,1,225.9375,96.09375,96.09375,96.09375,0.0,1.0,1.0,1.0,0.0,0.0,0.0,0.0,-129.84375,1.0
2012-08-27,5,634.1,1,250.859375,104.453125,104.453125,104.453125,0.0,1.0,1.0,1.0,0.0,0.0,0.0,0.0,-146.40625,1.0
2012-08-27,6,611.3,1,244.296875,117.8125,117.8125,117.8125,0.0,1.0,1.0,1.0,0.0,0.0,0.0,0.0,-126.484375,1.0
2012-08-27,6,634.1,1,256.5625,129.375,129.375,129.375,0.0,1.0,1.0,1.0,0.0,0.0,0.0,0.0,-127.1875,1.0
2012-08-27,7,611.3,1,247.109375,137.34375,137.34375,137.34375,0.0,1.0,1.0,1.0,0.0,0.0,0.0,0.0,-109.765625,1.0
2012-08-27,7,634.1,1,254.21875,141.5625,141.5625,141.5625,0.0,1.0,1.0,1.0,0.0,0.0,0.0,0.0,-112.65625,1.0
2012-08-27,8,611.3,1,261.5625,99.921875,99.921875,99.921875,0.0,1.0,1.0,1.0,0.0,0.0,0.0,0.0,-161.640625,1.0
2012-08-27,8,634.1,1,253.671875,108.59375,108.59375,108.59375,0.0,1.0,1.0,1.0,0.0,0.0,0.0,0.0,-145.078125,1.0
2012-08-27,9,611.3,1,240.78125,112.109375,112.109375,112.109375,0.0,1.0,1.0,1.0,0.0,0.0,0.0,0.0,-128.671875,1.0
2012-08-27,9,634.1,1,252.578125,120.390625,120.390625,120.390625,0.0,1.0,1.0,1.0,0.0,0.0,0.0,0.0,-132.1875,1.0
2012-08-28,0,611.3,1,246.796875,101.015625,101.015625,101.015625,0.0,1.0,1.0,1.0,0.0,0.0,0.0,0.0,-145.78125,1.0
2012-08-28,0,634.1,1,258.046875,111.796875,111.796875,111.796875,0.0,1.0,1.0,1.0,0.0,0.0,0.0,0.0,-146.25,1.0
2012-08-28,1,611.3,1,262.578125,98.4375,98.4375,98.4375,0.0,1.0,1.0,1.0,0.0,0.0,0.0,0.0,-164.140625,1.0
2012-08-28,1,634.1,1,252.34375,109.375,109.375,109.375,0.0,1.0,1.0,1.0,0.0,0.0,0.0,0.0,-142.96875,1.0
2012-08-28,2,611.3,1,204.53125,86.71875,86.71875,86.71875,0.0,1.0,1.0,1.0,0.0,0.0,0.0,0.0,-117.8125,1.0
2012-08-28,2,634.1,1,251.328125,86.640625,86.640625,86.640625,0.0,1.0,1.0,1.0,0.0,0.0,0.0,0.0,-164.6875,1.0
2012-08-28,3,611.3,1,237.265625,87.1875,87.1875,87.1875,0.0,1.0,1.0,1.0,0.0,0.0,0.0,0.0,-150.078125,1.0
2012-08-28,3,634.1,1,251.09375,86.09375,86.09375,86.09375,0.0,1.0,1.0,1.0,0.0,0.0,0.0,0.0,-165.0,1.0
2012-08-28,4,611.3,1,299.6875,108.90625,108.90625,108.90625,0.0,1.0,1.0,1.0,0.0,0.0,0.0,0.0,-190.78125,1.0
2012-08-28,4,634.1,1,252.1875,116.328125,116.328125,116.328125,0.0,1.0,1.0,1.0,0.0,0.0,0.0,0.0,-135.859375,1.0
2012-08-28,5,611.3,1,235.390625,87.265625,87.265625,87.265625,0.0,1.0,1.0,1.0,0.0,0.0,0.0,0.0,-148.125,1.0
2012-08-28,5,634.1,1,247.734375,86.015625,86.015625,86.015625,0.0,1.0,1.0,1.0,0.0,0.0,0.0,0.0,-161.71875,1.0
2012-08-28,6,611.3,1,236.640625,109.609375,109.609375,109.609375,0.0,1.0,1.0,1.0,0.0,0.0,0.0,0.0,-127.03125,1.0
2012-08-28,6,634.1,1,253.359375,120.078125,120.078125,120.078125,0.0,1.0,1.0,1.0,0.0,0.0,0.0,0.0,-133.28125,1.0
2012-08-28,7,611.3,1,240.15625,113.90625,113.90625,113.90625,0.0,1.0,1.0,1.0,0.0,0.0,0.0,0.0,-126.25,1.0
2012-08-28,7,634.1,1,252.578125,120.859375,120.859375,120.859375,0.0,1.0,1.0,1.0,0.0,0.0,0.0,0.0,-131.71875,1.0
2012-08-28,8,611.3,1,252.03125,88.4375,88.4375,88.4375,0.0,1.0,1.0,1.0,0.0,0.0,0.0,0.0,-163.59375,1.0
2012-08-28,8,634.1,1,253.75,90.859375,90.859375,90.859375,0.0,1.0,1.0,1.0,0.0,0.0,0.0,0.0,-162.890625,1.0
2012-08-28,9,611.3,1,235.390625,114.21875,114.21875,114.21875,0.0,1.0,1.0,1.0,0.0,0.0,0.0,0.0,-121.171875,1.0
2012-08-28,9,634.1,1,252.34375,120.546875,120.546875,120.546875,0.0,1.0,1.0,1.0,0.0,0.0,0.0,0.0,-131.796875,1.0
2012-08-29,0,611.3,1,223.4375,126.5625,126.5625,126.5625,0.0,1.0,1.0,1.0,0.0,0.0,0.0,0.0,-96.875,1.0
2012-08-29,0,634.1,1,261.171875,137.5,137.5,137.5,0.0,1.0,1.0,1.0,0.0,0.0,0.0,0.0,-123.671875,1.0
2012-08-29,1,611.3,1,239.53125,148.90625,148.90625,148.90625,0.0,1.0,1.0,1.0,0.0,0.0,0.0,0.0,-90.625,1.0
2012-08-29,1,634.1,1,251.015625,160.15625,160.15625,160.15625,0.0,1.0,1.0,1.0,0.0,0.0,0.0,0.0,-90.859375,1.0
2012-08-29,2,611.3,1,206.640625,100.9375,100.9375,100.9375,0.0,1.0,1.0,1.0,0.0,0.0,0.0,0.0,-105.703125,1.0
2012-08-29,2,634.1,1,246.640625,115.9375,115.9375,115.9375,0.0,1.0,1.0,1.0,0.0,0.0,0.0,0.0,-130.703125,1.0
2012-08-29,3,611.3,1,244.765625,81.640625,81.640625,81.640625,0.0,1.0,1.0,1.0,0.0,0.0,0.0,0.0,-163.125,1.0
2012-08-29,3,634.1,1,250.859375,87.34375,87.34375,87.34375,0.0,1.0,1.0,1.0,0.0,0.0,0.0,0.0,-163.515625,1.0
2012-08-29,4,611.3,1,257.734375,130.9375,130.9375,130.9375,0.0,1.0,1.0,1.0,0.0,0.0,0.0,0.0,-126.796875,1.0
2012-08-29,4,634.1,1,251.015625,141.40625,141.40625,141.40625,0.0,1.0,1.0,1.0,0.0,0.0,0.0,0.0,-109.609375,1.0
2012-08-29,5,611.3,1,225.859375,111.484375,111.484375,111.484375,0.0,1.0,1.0,1.0,0.0,0.0,0.0,0.0,-114.375,1.0
2012-08-29,5,634.1,1,239.53125,119.0625,119.0625,119.0625,0.0,1.0,1.0,1.0,0.0,0.0,0.0,0.0,-120.46875,1.0
2012-08-29,6,611.3,1,252.109375,150.078125,150.078125,150.078125,0.0,1.0,1.0,1.0,0.0,0.0,0.0,0.0,-102.03125,1.0
2012-08-29,6,634.1,1,248.828125,161.484375,161.484375,161.484375,0.0,1.0,1.0,1.0,0.0,0.0,0.0,0.0,-87.34375,1.0
2012-08-29,7,611.3,1,237.5,100.15625,100.15625,100.15625,0.0,1.0,1.0,1.0,0.0,0.0,0.0,0.0,-137.34375,1.0
2012-08-29,7,634.1,1,252.34375,111.25,111.25,111.25,0.0,1.0,1.0,1.0,0.0,0.0,0.0,0.0,-141.09375,1.0
2012-08-29,8,611.3,1,242.65625,96.484375,96.484375,96.484375,0.0,1.0,1.0,1.0,0.0,0.0,0.0,0.0,-146.171875,1.0
2012-08-29,8,634.1,1,250.15625,109.921875,109.921875,109.921875,0.0,1.0,1.0,1.0,0.0,0.0,0.0,0.0,-140.234375,1.0
2012-08-29,9,611.3,1,239.53125,125.78125,125.78125,125.78125,0.0,1.0,1.0,1.0,0.0,0.0,0.0,0.0,-113.75,1.0
2012-08-29,9,634.1,1,252.421875,136.09375,136.09375,136.09375,0.0,1.0,1.0,1.0,0.0,0.0,0.0,0.0,-116.328125,1.0
2012-08-30,0,611.3,1,259.21875,97.421875,97.421875,97.421875,0.0,1.0,1.0,1.0,0.0,0.0,0.0,0.0,-161.796875,1.0
2012-08-30,0,634.1,1,257.96875,98.75,98.75,98.75,0.0,1.0,1.0,1.0,0.0,0.0,0.0,0.0,-159.21875,1.0
2012-08-30,1,611.3,1,222.96875,98.359375,98.359375,98.359375,0.0,1.0,1.0,1.0,0.0,0.0,0.0,0.0,-124.609375,1.0
2012-08-30,1,634.1,1,250.625,106.015625,106.015625,106.015625,0.0,1.0,1.0,1.0,0.0,0.0,0.0,0.0,-144.609375,1.0
2012-08-30,2,611.3,1,220.703125,89.21875,89.21875,89.21875,0.0,1.0,1.0,1.0,0.0,0.0,0.0,0.0,-131.484375,1.0
2012-08-30,2,634.1,1,242.578125,81.40625,81.40625,81.40625,0.0,1.0,1.0,1.0,0.0,0.0,0.0,0.0,-161.171875,1.0
2012-08-30,3,611.3,1,233.671875,92.5,92.5,92.5,0.0,1.0,1.0,1.0,0.0,0.0,0.0,0.0,-141.171875,1.0
2012-08-30,3,634.1,1,233.515625,86.484375,86.484375,86.484375,0.0,1.0,1.0,1.0,0.0,0.0,0.0,0.0,-147.03125,1.0
2012-08-30,4,611.3,1,236.875,94.609375,94.609375,94.609375,0.0,1.0,1.0,1.0,0.0,0.0,0.0,0.0,-142.265625,1.0
2012-08-30,4,634.1,1,241.953125,94.84375,94.84375,94.84375,0.0,1.0,1.0,1.0,0.0,0.0,0.0,0.0,-147.109375,1.0
2012-08-30,5,611.3,1,196.875,89.140625,89.140625,89.140625,0.0,1.0,1.0,1.0,0.0,0.0,0.0,0.0,-107.734375,1.0
2012-08-30,5,634.1,1,244.0625,82.8125,82.8125,82.8125,0.0,1.0,1.0,1.0,0.0,0.0,0.0,0.0,-161.25,1.0
2012-08-30,6,611.3,1,238.4375,112.734375,112.734375,112.734375,0.0,1.0,1.0,1.0,0.0,0.0,0.0,0.0,-125.703125,1.0
2012-08-30,6,634.1,1,251.25,116.40625,116.40625,116.40625,0.0,1.0,1.0,1.0,0.0,0.0,0.0,0.0,-134.84375,1.0
2012-08-30,7,611.3,1,233.28125,108.203125,108.203125,108.203125,0.0,1.0,1.0,1.0,0.0,0.0,0.0,0.0,-125.078125,1.0
2012-08-30,7,634.1,1,250.9375,108.515625,108.515625,108.515625,0.0,1.0,1.0,1.0,0.0,0.0,0.0,0.0,-142.421875,1.0
2012-08-30,8,611.3,1,240.625,90.3125,90.3125,90.3125,0.0,1.0,1.0,1.0,0.0,0.0,0.0,0.0,-150.3125,1.0
2012-08-30,8,634.1,1,244.765625,82.734375,82.734375,82.734375,0.0,1.0,1.0,1.0,0.0,0.0,0.0,0.0,-162.03125,1.0
2012-08-30,9,611.3,1,219.21875,106.640625,106.640625,106.640625,0.0,1.0,1.0,1.0,0.0,0.0,0.0,0.0,-112.578125,1.0
2012-08-30,9,634.1,1,252.8125,108.4375,108.4375,108.4375,0.0,1.0,1.0,1.0,0.0,0.0,0.0,0.0,-144.375,1.0
2012-08-31,0,611.3,1,264.0625,101.25,101.25,101.25,0.0,1.0,1.0,1.0,0.0,0.0,0.0,0.0,-162.8125,1.0
2012-08-31,0,634.1,1,259.296875,110.0,110.0,110.0,0.0,1.0,1.0,1.0,0.0,0.0,0.0,0.0,-149.296875,1.0
2012-08-31,1,611.3,1,222.1875,110.859375,110.859375,110.859375,0.0,1.0,1.0,1.0,0.0,0.0,0.0,0.0,-111.328125,1.0
2012-08-31,1,634.1,1,251.484375,115.234375,115.234375,115.234375,0.0,1.0,1.0,1.0,0.0,0.0,0.0,0.0,-136.25,1.0
2012-08-31,2,611.3,1,236.40625,104.375,104.375,104.375,0.0,1.0,1.0,1.0,0.0,0.0,0.0,0.0,-132.03125,1.0
2012-08-31,2,634.1,1,251.5625,102.109375,102.109375,102.109375,0.0,1.0,1.0,1.0,0.0,0.0,0.0,0.0,-149.453125,1.0
2012-08-31,3,611.3,1,231.328125,94.765625,94.765625,94.765625,0.0,1.0,1.0,1.0,0.0,0.0,0.0,0.0,-136.5625,1.0
2012-08-31,3,634.1,1,252.265625,87.65625,87.65625,87.65625,0.0,1.0,1.0,1.0,0.0,0.0,0.0,0.0,-164.609375,1.0
2012-08-31,4,611.3,1,298.28125,113.359375,113.359375,113.359375,0.0,1.0,1.0,1.0,0.0,0.0,0.0,0.0,-184.921875,1.0
2012-08-31,4,634.1,1,247.109375,119.375,119.375,119.375,0.0,1.0,1.0,1.0,0.0,0.0,0.0,0.0,-127.734375,1.0
2012-08-31,5,611.3,1,197.265625,96.953125,96.953125,96.953125,0.0,1.0,1.0,1.0,0.0,0.0,0.0,0.0,-100.3125,1.0
2012-08-31,5,634.1,1,253.203125,86.328125,86.328125,86.328125,0.0,1.0,1.0,1.0,0.0,0.0,0.0,0.0,-166.875,1.0
2012-08-31,6,611.3,1,238.828125,109.453125,109.453125,109.453125,0.0,1.0,1.0,1.0,0.0,0.0,0.0,0.0,-129.375,1.0
2012-08-31,6,634.1,1,252.578125,113.4375,113.4375,113.4375,0.0,1.0,1.0,1.0,0.0,0.0,0.0,0.0,-139.140625,1.0
2012-08-31,7,611.3,1,244.765625,103.671875,103.671875,103.671875,0.0,1.0,1.0,1.0,0.0,0.0,0.0,0.0,-141.09375,1.0
2012-08-31,7,634.1,1,255.234375,96.71875,96.71875,96.71875,0.0,1.0,1.0,1.0,0.0,0.0,0.0,0.0,-158.515625,1.0
2012-08-31,8,611.3,1,254.453125,94.765625,94.765625,94.765625,0.0,1.0,1.0,1.0,0.0,0.0,0.0,0.0,-159.6875,1.0
2012-08-31,8,634.1,1,254.765625,85.9375,85.9375,85.9375,0.0,1.0,1.0,1.0,0.0,0.0,0.0,0.0,-168.828125,1.0
2012-08-31,9,611.3,1,240.859375,119.6875,119.6875,119.6875,0.0,1.0,1.0,1.0,0.0,0.0,0.0,0.0,-121.171875,1.0
2012-08-31,9,634.1,1,254.6875,117.5,117.5,117.5,0.0,1.0,1.0,1.0,0.0,0.0,0.0,0.0,-137.1875,1.0
2012-09-01,0,611.3,1,213.359375,129.921875,129.921875,129.921875,0.0,1.0,1.0,1.0,0.0,0.0,0.0,0.0,-83.4375,1.0
2012-09-01,0,634.1,1,260.3125,129.921875,129.921875,129.921875,0.0,1.0,1.0,1.0,0.0,0.0,0.0,0.0,-130.390625,1.0
2012-09-01,1,611.3,1,269.765625,156.484375,156.484375,156.484375,0.0,1.0,1.0,1.0,0.0,0.0,0.0,0.0,-113.28125,1.0
2012-09-01,1,634.1,1,252.34375,159.84375,159.84375,159.84375,0.0,1.0,1.0,1.0,0.0,0.0,0.0,0.0,-92.5,1.0
2012-09-01,2,611.3,1,230.15625,102.5,102.5,102.5,0.0,1.0,1.0,1.0,0.0,0.0,0.0,0.0,-127.65625,1.0
2012-09-01,2,634.1,1,252.421875,95.9375,95.9375,95.9375,0.0,1.0,1.0,1.0,0.0,0.0,0.0,0.0,-156.484375,1.0
2012-09-01,3,611.3,1,233.75,120.625,120.625,120.625,0.0,1.0,1.0,1.0,0.0,0.0,0.0,0.0,-113.125,1.0
2012-09-01,3,634.1,1,253.359375,117.8125,117.8125,117.8125,0.0,1.0,1.0,1.0,0.0,0.0,0.0,0.0,-135.546875,1.0
2012-09-01,4,611.3,1,290.234375,137.03125,137.03125,137.03125,0.0,1.0,1.0,1.0,0.0,0.0,0.0,0.0,-153.203125,1.0
2012-09-01,4,634.1,1,248.90625,138.046875,138.046875,138.046875,0.0,1.0,1.0,1.0,0.0,0.0,0.0,0.0,-110.859375,1.0
2012-09-01,5,611.3,1,205.3125,82.8125,82.8125,82.8125,0.0,1.0,1.0,1.0,0.0,0.0,0.0,0.0,-122.5,1.0
2012-09-01,5,634.1,1,247.109375,71.25,71.25,71.25,0.0,1.0,1.0,1.0,0.0,0.0,0.0,0.0,-175.859375,1.0
2012-09-01,6,611.3,1,300.0,113.125,113.125,113.125,0.0,1.0,1.0,1.0,0.0,0.0,0.0,0.0,-186.875,1.0
2012-09-01,6,634.1,1,257.65625,117.03125,117.03125,117.03125,0.0,1.0,1.0,1.0,0.0,0.0,0.0,0.0,-140.625,1.0
2012-09-01,7,611.3,1,299.375,162.734375,162.734375,162.734375,0.0,1.0,1.0,1.0,0.0,0.0,0.0,0.0,-136.640625,1.0
2012-09-01,7,634.1,1,253.515625,161.09375,161.09375,161.09375,0.0,1.0,1.0,1.0,0.0,0.0,0.0,0.0,-92.421875,1.0
2012-09-01,8,611.3,1,259.296875,133.90625,133.90625,133.90625,0.0,1.0,1.0,1.0,0.0,0.0,0.0,0.0,-125.390625,1.0
2012-09-01,8,634.1,1,256.5625,131.796875,131.796875,131.796875,0.0,1.0,1.0,1.0,0.0,0.0,0.0,0.0,-124.765625,1.0
2012-09-01,9,611.3,1,244.375,142.109375,142.109375,142.109375,0.0,1.0,1.0,1.0,0.0,0.0,0.0,0.0,-102.265625,1.0
2012-09-01,9,634.1,1,255.625,145.15625,145.15625,145.15625,0.0,1.0,1.0,1.0,0.0,0.0,0.0,0.0,-110.46875,1.0
2012-09-02,0,611.3,1,271.484375,129.609375,129.609375,129.609375,0.0,1.0,1.0,1.0,0.0,0.0,0.0,0.0,-141.875,1.0
2012-09-02,0,634.1,1,257.96875,131.171875,131.171875,131.171875,0.0,1.0,1.0,1.0,0.0,0.0,0.0,0.0,-126.796875,1.0
2012-09-02,1,611.3,1,249.375,115.546875,115.546875,115.546875,0.0,1.0,1.0,1.0,0.0,0.0,0.0,0.0,-133.828125,1.0
2012-09-02,1,634.1,1,254.296875,125.3125,125.3125,125.3125,0.0,1.0,1.0,1.0,0.0,0.0,0.0,0.0,-128.984375,1.0
2012-09-02,2,611.3,1,216.328125,88.4375,88.4375,88.4375,0.0,1.0,1.0,1.0,0.0,0.0,0.0,0.0,-127.890625,1.0
2012-09-02,2,634.1,1,253.90625,82.03125,82.03125,82.03125,0.0,1.0,1.0,1.0,0.0,0.0,0.0,0.0,-171.875,1.0
2012-09-02,3,611.3,1,257.34375,107.34375,107.34375,107.34375,0.0,1.0,1.0,1.0,0.0,0.0,0.0,0.0,-150.0,1.0
2012-09-02,3,634.1,1,250.78125,100.078125,100.078125,100.078125,0.0,1.0,1.0,1.0,0.0,0.0,0.0,0.0,-150.703125,1.0
2012-09-02,4,611.3,1,226.796875,120.15625,120.15625,120.15625,0.0,1.0,1.0,1.0,0.0,0.0,0.0,0.0,-106.640625,1.0
2012-09-02,4,634.1,1,246.953125,120.625,120.625,120.625,0.0,1.0,1.0,1.0,0.0,0.0,0.0,0.0,-126.328125,1.0
2012-09-02,5,611.3,1,204.453125,104.296875,104.296875,104.296875,0.0,1.0,1.0,1.0,0.0,0.0,0.0,0.0,-100.15625,1.0
2012-09-02,5,634.1,1,250.078125,101.796875,101.796875,101.796875,0.0,1.0,1.0,1.0,0.0,0.0,0.0,0.0,-148.28125,1.0
2012-09-02,6,611.3,1,239.453125,119.0625,119.0625,119.0625,0.0,1.0,1.0,1.0,0.0,0.0,0.0,0.0,-120.390625,1.0
2012-09-02,6,634.1,1,251.640625,121.25,121.25,121.25,0.0,1.0,1.0,1.0,0.0,0.0,0.0,0.0,-130.390625,1.0
2012-09-02,7,611.3,1,243.359375,128.671875,128.671875,128.671875,0.0,1.0,1.0,1.0,0.0,0.0,0.0,0.0,-114.6875,1.0
2012-09-02,7,634.1,1,253.203125,124.765625,124.765625,124.765625,0.0,1.0,1.0,1.0,0.0,0.0,0.0,0.0,-128.4375,1.0
2012-09-02,8,611.3,1,256.40625,125.859375,125.859375,125.859375,0.0,1.0,1.0,1.0,0.0,0.0,0.0,0.0,-130.546875,1.0
2012-09-02,8,634.1,1,252.65625,124.21875,124.21875,124.21875,0.0,1.0,1.0,1.0,0.0,0.0,0.0,0.0,-128.4375,1.0
2012-09-02,9,611.3,1,241.640625,138.046875,138.046875,138.046875,0.0,1.0,1.0,1.0,0.0,0.0,0.0,0.0,-103.59375,1.0
2012-09-02,9,634.1,1,253.828125,134.375,134.375,134.375,0.0,1.0,1.0,1.0,0.0,0.0,0.0,0.0,-119.453125,1.0
2012-09-03,0,611.3,1,279.21875,104.0625,104.0625,104.0625,0.0,1.0,1.0,1.0,0.0,0.0,0.0,0.0,-175.15625,1.0
2012-09-03,0,634.1,1,257.734375,106.484375,106.484375,106.484375,0.0,1.0,1.0,1.0,0.0,0.0,0.0,0.0,-151.25,1.0
2012-09-03,1,611.3,1,268.4375,110.0,110.0,110.0,0.0,1.0,1.0,1.0,0.0,0.0,0.0,0.0,-158.4375,1.0
2012-09-03,1,634.1,1,252.1875,118.671875,118.671875,118.671875,0.0,1.0,1.0,1.0,0.0,0.0,0.0,0.0,-133.515625,1.0
2012-09-03,2,611.3,1,220.3125,81.796875,81.796875,81.796875,0.0,1.0,1.0,1.0,0.0,0.0,0.0,0.0,-138.515625,1.0
2012-09-03,2,634.1,1,244.21875,71.328125,71.328125,71.328125,0.0,1.0,1.0,1.0,0.0,0.0,0.0,0.0,-172.890625,1.0
2012-09-03,3,611.3,1,243.125,72.421875,72.421875,72.421875,0.0,1.0,1.0,1.0,0.0,0.0,0.0,0.0,-170.703125,1.0
2012-09-03,3,634.1,1,252.109375,59.375,59.375,59.375,0.0,1.0,1.0,1.0,0.0,0.0,0.0,0.0,-192.734375,1.0
2012-09-03,4,611.3,1,267.34375,90.78125,90.78125,90.78125,0.0,1.0,1.0,1.0,0.0,0.0,0.0,0.0,-176.5625,1.0
2012-09-03,4,634.1,1,252.421875,89.375,89.375,89.375,0.0,1.0,1.0,1.0,0.0,0.0,0.0,0.0,-163.046875,1.0
2012-09-03,5,611.3,1,229.6875,78.359375,78.359375,78.359375,0.0,1.0,1.0,1.0,0.0,0.0,0.0,0.0,-151.328125,1.0
2012-09-03,5,634.1,1,248.984375,67.34375,67.34375,67.34375,0.0,1.0,1.0,1.0,0.0,0.0,0.0,0.0,-181.640625,1.0
2012-09-03,6,611.3,1,250.234375,113.203125,113.203125,113.203125,0.0,1.0,1.0,1.0,0.0,0.0,0.0,0.0,-137.03125,1.0
2012-09-03,6,634.1,1,251.640625,118.4375,118.4375,118.4375,0.0,1.0,1.0,1.0,0.0,0.0,0.0,0.0,-133.203125,1.0
2012-09-03,7,611.3,1,245.3125,118.984375,118.984375,118.984375,0.0,1.0,1.0,1.0,0.0,0.0,0.0,0.0,-126.328125,1.0
2012-09-03,7,634.1,1,251.796875,116.875,116.875,116.875,0.0,1.0,1.0,1.0,0.0,0.0,0.0,0.0,-134.921875,1.0
2012-09-03,8,611.3,1,266.328125,91.953125,91.953125,91.953125,0.0,1.0,1.0,1.0,0.0,0.0,0.0,0.0,-174.375,1.0
2012-09-03,8,634.1,1,251.09375,83.203125,83.203125,83.203125,0.0,1.0,1.0,1.0,0.0,0.0,0.0,0.0,-167.890625,1.0
2012-09-03,9,611.3,1,246.5625,119.140625,119.140625,119.140625,0.0,1.0,1.0,1.0,0.0,0.0,0.0,0.0,-127.421875,1.0
2012-09-03,9,634.1,1,251.5625,118.75,118.75,118.75,0.0,1.0,1.0,1.0,0.0,0.0,0.0,0.0,-132.8125,1.0
2012-09-04,0,611.3,1,233.828125,96.25,96.25,96.25,0.0,1.0,1.0,1.0,0.0,0.0,0.0,0.0,-137.578125,1.0
2012-09-04,0,634.1,1,260.390625,96.796875,96.796875,96.796875,0.0,1.0,1.0,1.0,0.0,0.0,0.0,0.0,-163.59375,1.0
2012-09-04,1,611.3,1,237.421875,96.40625,96.40625,96.40625,0.0,1.0,1.0,1.0,0.0,0.0,0.0,0.0,-141.015625,1.0
2012-09-04,1,634.1,1,250.703125,104.296875,104.296875,104.296875,0.0,1.0,1.0,1.0,0.0,0.0,0.0,0.0,-146.40625,1.0
2012-09-04,2,611.3,1,240.703125,98.59375,98.59375,98.59375,0.0,1.0,1.0,1.0,0.0,0.0,0.0,0.0,-142.109375,1.0
2012-09-04,2,634.1,1,251.5625,99.296875,99.296875,99.296875,0.0,1.0,1.0,1.0,0.0,0.0,0.0,0.0,-152.265625,1.0
2012-09-04,3,611.3,1,252.5,66.25,66.25,66.25,0.0,1.0,1.0,1.0,0.0,0.0,0.0,0.0,-186.25,1.0
2012-09-04,3,634.1,1,236.09375,51.71875,51.71875,51.71875,0.0,1.0,1.0,1.0,0.0,0.0,0.0,0.0,-184.375,1.0
2012-09-04,4,611.3,1,258.515625,89.140625,89.140625,89.140625,0.0,1.0,1.0,1.0,0.0,0.0,0.0,0.0,-169.375,1.0
2012-09-04,4,634.1,1,243.4375,93.671875,93.671875,93.671875,0.0,1.0,1.0,1.0,0.0,0.0,0.0,0.0,-149.765625,1.0
2012-09-04,5,611.3,1,216.875,95.234375,95.234375,95.234375,0.0,1.0,1.0,1.0,0.0,0.0,0.0,0.0,-121.640625,1.0
2012-09-04,5,634.1,1,242.34375,94.140625,94.140625,94.140625,0.0,1.0,1.0,1.0,0.0,0.0,0.0,0.0,-148.203125,1.0
2012-09-04,6,611.3,1,234.296875,110.078125,110.078125,110.078125,0.0,1.0,1.0,1.0,0.0,0.0,0.0,0.0,-124.21875,1.0
2012-09-04,6,634.1,1,253.4375,115.390625,115.390625,115.390625,0.0,1.0,1.0,1.0,0.0,0.0,0.0,0.0,-138.046875,1.0
2012-09-04,7,611.3,1,248.046875,98.90625,98.90625,98.90625,0.0,1.0,1.0,1.0,0.0,0.0,0.0,0.0,-149.140625,1.0
2012-09-04,7,634.1,1,253.359375,96.09375,96.09375,96.09375,0.0,1.0,1.0,1.0,0.0,0.0,0.0,0.0,-157.265625,1.0
2012-09-04,8,611.3,1,258.515625,88.828125,88.828125,88.828125,0.0,1.0,1.0,1.0,0.0,0.0,0.0,0.0,-169.6875,1.0
2012-09-04,8,634.1,1,238.75,80.390625,80.390625,80.390625,0.0,1.0,1.0,1.0,0.0,0.0,0.0,0.0,-158.359375,1.0
2012-09-04,9,611.3,1,240.625,103.4375,103.4375,103.4375,0.0,1.0,1.0,1.0,0.0,0.0,0.0,0.0,-137.1875,1.0
2012-09-04,9,634.1,1,252.265625,104.296875,104.296875,104.296875,0.0,1.0,1.0,1.0,0.0,0.0,0.0,0.0,-147.96875,1.0
2012-09-05,0,611.3,1,218.90625,92.109375,92.109375,92.109375,0.0,1.0,1.0,1.0,0.0,0.0,0.0,0.0,-126.796875,1.0
2012-09-05,0,634.1,1,259.453125,87.890625,87.890625,87.890625,0.0,1.0,1.0,1.0,0.0,0.0,0.0,0.0,-171.5625,1.0
2012-09-05,1,611.3,1,228.4375,87.5,87.5,87.5,0.0,1.0,1.0,1.0,0.0,0.0,0.0,0.0,-140.9375,1.0
2012-09-05,1,634.1,1,238.828125,88.90625,88.90625,88.90625,0.0,1.0,1.0,1.0,0.0,0.0,0.0,0.0,-149.921875,1.0
2012-09-05,2,611.3,1,198.828125,104.765625,104.765625,104.765625,0.0,1.0,1.0,1.0,0.0,0.0,0.0,0.0,-94.0625,1.0
2012-09-05,2,634.1,1,231.328125,97.265625,97.265625,97.265625,0.0,1.0,1.0,1.0,0.0,0.0,0.0,0.0,-134.0625,1.0
2012-09-05,3,611.3,1,203.984375,65.390625,65.390625,65.390625,0.0,1.0,1.0,1.0,0.0,0.0,0.0,0.0,-138.59375,1.0
2012-09-05,3,634.1,1,228.125,48.59375,48.59375,48.59375,0.0,1.0,1.0,1.0,0.0,0.0,0.0,0.0,-179.53125,1.0
2012-09-05,4,611.3,1,204.6875,82.1875,82.1875,82.1875,0.0,1.0,1.0,1.0,0.0,0.0,0.0,0.0,-122.5,1.0
2012-09-05,4,634.1,1,246.484375,79.140625,79.140625,79.140625,0.0,1.0,1.0,1.0,0.0,0.0,0.0,0.0,-167.34375,1.0
2012-09-05,5,611.3,1,222.5,79.453125,79.453125,79.453125,0.0,1.0,1.0,1.0,0.0,0.0,0.0,0.0,-143.046875,1.0
2012-09-05,5,634.1,1,241.09375,69.765625,69.765625,69.765625,0.0,1.0,1.0,1.0,0.0,0.0,0.0,0.0,-171.328125,1.0
2012-09-05,6,611.3,1,221.171875,110.078125,110.078125,110.078125,0.0,1.0,1.0,1.0,0.0,0.0,0.0,0.0,-111.09375,1.0
2012-09-05,6,634.1,1,247.734375,112.890625,112.890625,112.890625,0.0,1.0,1.0,1.0,0.0,0.0,0.0,0.0,-134.84375,1.0
2012-09-05,7,611.3,1,227.734375,109.6875,109.6875,109.6875,0.0,1.0,1.0,1.0,0.0,0.0,0.0,0.0,-118.046875,1.0
2012-09-05,7,634.1,1,246.25,104.84375,104.84375,104.84375,0.0,1.0,1.0,1.0,0.0,0.0,0.0,0.0,-141.40625,1.0
2012-09-05,8,611.3,1,222.734375,78.046875,78.046875,78.046875,0.0,1.0,1.0,1.0,0.0,0.0,0.0,0.0,-144.6875,1.0
2012-09-05,8,634.1,1,234.21875,67.5,67.5,67.5,0.0,1.0,1.0,1.0,0.0,0.0,0.0,0.0,-166.71875,1.0
2012-09-05,9,611.3,1,242.34375,103.515625,103.515625,103.515625,0.0,1.0,1.0,1.0,0.0,0.0,0.0,0.0,-138.828125,1.0
2012-09-05,9,634.1,1,250.9375,102.890625,102.890625,102.890625,0.0,1.0,1.0,1.0,0.0,0.0,0.0,0.0,-148.046875,1.0
2012-09-06,0,611.3,1,199.0625,105.3125,105.3125,105.3125,0.0,1.0,1.0,1.0,0.0,0.0,0.0,0.0,-93.75,1.0
2012-09-06,0,634.1,1,258.359375,103.046875,103.046875,103.046875,0.0,1.0,1.0,1.0,0.0,0.0,0.0,0.0,-155.3125,1.0
2012-09-06,1,611.3,1,208.4375,93.515625,93.515625,93.515625,0.0,1.0,1.0,1.0,0.0,0.0,0.0,0.0,-114.921875,1.0
2012-09-06,1,634.1,1,250.78125,99.296875,99.296875,99.296875,0.0,1.0,1.0,1.0,0.0,0.0,0.0,0.0,-151.484375,1.0
2012-09-06,2,611.3,1,183.28125,86.015625,86.015625,86.015625,0.0,1.0,1.0,1.0,0.0,0.0,0.0,0.0,-97.265625,1.0
2012-09-06,2,634.1,1,237.5,75.078125,75.078125,75.078125,0.0,1.0,1.0,1.0,0.0,0.0,0.0,0.0,-162.421875,1.0
2012-09-06,3,611.3,1,193.359375,84.84375,84.84375,84.84375,0.0,1.0,1.0,1.0,0.0,0.0,0.0,0.0,-108.515625,1.0
2012-09-06,3,634.1,1,223.125,72.578125,72.578125,72.578125,0.0,1.0,1.0,1.0,0.0,0.0,0.0,0.0,-150.546875,1.0
2012-09-06,4,611.3,1,223.359375,96.09375,96.09375,96.09375,0.0,1.0,1.0,1.0,0.0,0.0,0.0,0.0,-127.265625,1.0
2012-09-06,4,634.1,1,229.21875,93.4375,93.4375,93.4375,0.0,1.0,1.0,1.0,0.0,0.0,0.0,0.0,-135.78125,1.0
2012-09-06,5,611.3,1,214.53125,93.4375,93.4375,93.4375,0.0,1.0,1.0,1.0,0.0,0.0,0.0,0.0,-121.09375,1.0
2012-09-06,5,634.1,1,237.65625,83.984375,83.984375,83.984375,0.0,1.0,1.0,1.0,0.0,0.0,0.0,0.0,-153.671875,1.0
2012-09-06,6,611.3,1,197.5,120.15625,120.15625,120.15625,0.0,1.0,1.0,1.0,0.0,0.0,0.0,0.0,-77.34375,1.0
2012-09-06,6,634.1,1,243.359375,121.484375,121.484375,121.484375,0.0,1.0,1.0,1.0,0.0,0.0,0.0,0.0,-121.875,1.0
2012-09-06,7,611.3,1,198.359375,106.328125,106.328125,106.328125,0.0,1.0,1.0,1.0,0.0,0.0,0.0,0.0,-92.03125,1.0
2012-09-06,7,634.1,1,242.265625,102.109375,102.109375,102.109375,0.0,1.0,1.0,1.0,0.0,0.0,0.0,0.0,-140.15625,1.0
2012-09-06,8,611.3,1,191.484375,107.265625,107.265625,107.265625,0.0,1.0,1.0,1.0,0.0,0.0,0.0,0.0,-84.21875,1.0
2012-09-06,8,634.1,1,239.296875,100.234375,100.234375,100.234375,0.0,1.0,1.0,1.0,0.0,0.0,0.0,0.0,-139.0625,1.0
2012-09-06,9,611.3,1,204.296875,118.203125,118.203125,118.203125,0.0,1.0,1.0,1.0,0.0,0.0,0.0,0.0,-86.09375,1.0
2012-09-06,9,634.1,1,251.25,116.40625,116.40625,116.40625,0.0,1.0,1.0,1.0,0.0,0.0,0.0,0.0,-134.84375,1.0
2012-09-07,0,611.3,1,226.71875,112.65625,112.65625,112.65625,0.0,1.0,1.0,1.0,0.0,0.0,0.0,0.0,-114.0625,1.0
2012-09-07,0,634.1,1,259.609375,120.546875,120.546875,120.546875,0.0,1.0,1.0,1.0,0.0,0.0,0.0,0.0,-139.0625,1.0
2012-09-07,1,611.3,1,193.828125,99.296875,99.296875,99.296875,0.0,1.0,1.0,1.0,0.0,0.0,0.0,0.0,-94.53125,1.0
2012-09-07,1,634.1,1,243.59375,114.921875,114.921875,114.921875,0.0,1.0,1.0,1.0,0.0,0.0,0.0,0.0,-128.671875,1.0
2012-09-07,2,611.3,1,208.984375,132.421875,132.421875,132.421875,0.0,1.0,1.0,1.0,0.0,0.0,0.0,0.0,-76.5625,1.0
2012-09-07,2,634.1,1,236.328125,141.171875,141.171875,141.171875,0.0,1.0,1.0,1.0,0.0,0.0,0.0,0.0,-95.15625,1.0
2012-09-07,3,611.3,1,180.390625,111.40625,111.40625,111.40625,0.0,1.0,1.0,1.0,0.0,0.0,0.0,0.0,-68.984375,1.0
2012-09-07,3,634.1,1,226.25,118.046875,118.046875,118.046875,0.0,1.0,1.0,1.0,0.0,0.0,0.0,0.0,-108.203125,1.0
2012-09-07,4,611.3,1,244.53125,113.671875,113.671875,113.671875,0.0,1.0,1.0,1.0,0.0,0.0,0.0,0.0,-130.859375,1.0
2012-09-07,4,634.1,1,242.890625,129.296875,129.296875,129.296875,0.0,1.0,1.0,1.0,0.0,0.0,0.0,0.0,-113.59375,1.0
2012-09-07,5,611.3,1,221.71875,128.59375,128.59375,128.59375,0.0,1.0,1.0,1.0,0.0,0.0,0.0,0.0,-93.125,1.0
2012-09-07,5,634.1,1,240.703125,141.015625,141.015625,141.015625,0.0,1.0,1.0,1.0,0.0,0.0,0.0,0.0,-99.6875,1.0
2012-09-07,6,611.3,1,195.9375,114.921875,114.921875,114.921875,0.0,1.0,1.0,1.0,0.0,0.0,0.0,0.0,-81.015625,1.0
2012-09-07,6,634.1,1,236.71875,126.015625,126.015625,126.015625,0.0,1.0,1.0,1.0,0.0,0.0,0.0,0.0,-110.703125,1.0
2012-09-07,7,611.3,1,191.875,111.171875,111.171875,111.171875,0.0,1.0,1.0,1.0,0.0,0.0,0.0,0.0,-80.703125,1.0
2012-09-07,7,634.1,1,250.78125,116.171875,116.171875,116.171875,0.0,1.0,1.0,1.0,0.0,0.0,0.0,0.0,-134.609375,1.0
2012-09-07,8,611.3,1,212.421875,134.84375,134.84375,134.84375,0.0,1.0,1.0,1.0,0.0,0.0,0.0,0.0,-77.578125,1.0
2012-09-07,8,634.1,1,246.953125,139.765625,139.765625,139.765625,0.0,1.0,1.0,1.0,0.0,0.0,0.0,0.0,-107.1875,1.0
2012-09-07,9,611.3,1,210.078125,131.40625,131.40625,131.40625,0.0,1.0,1.0,1.0,0.0,0.0,0.0,0.0,-78.671875,1.0
2012-09-07,9,634.1,1,251.484375,141.5625,141.5625,141.5625,0.0,1.0,1.0,1.0,0.0,0.0,0.0,0.0,-109.921875,1.0
2012-09-08,0,611.3,1,205.234375,112.1875,112.1875,112.1875,0.0,1.0,1.0,1.0,0.0,0.0,0.0,0.0,-93.046875,1.0
2012-09-08,0,634.1,1,259.140625,112.5,112.5,112.5,0.0,1.0,1.0,1.0,0.0,0.0,0.0,0.0,-146.640625,1.0
2012-09-08,1,611.3,1,185.859375,112.65625,112.65625,112.65625,0.0,1.0,1.0,1.0,0.0,0.0,0.0,0.0,-73.203125,1.0
2012-09-08,1,634.1,1,244.140625,118.515625,118.515625,118.515625,0.0,1.0,1.0,1.0,0.0,0.0,0.0,0.0,-125.625,1.0
2012-09-08,2,611.3,1,216.875,89.0625,89.0625,89.0625,0.0,1.0,1.0,1.0,0.0,0.0,0.0,0.0,-127.8125,1.0
2012-09-08,2,634.1,1,234.6875,76.328125,76.328125,76.328125,0.0,1.0,1.0,1.0,0.0,0.0,0.0,0.0,-158.359375,1.0
2012-09-08,3,611.3,1,182.8125,79.6875,79.6875,79.6875,0.0,1.0,1.0,1.0,0.0,0.0,0.0,0.0,-103.125,1.0
2012-09-08,3,634.1,1,244.21875,67.265625,67.265625,67.265625,0.0,1.0,1.0,1.0,0.0,0.0,0.0,0.0,-176.953125,1.0
2012-09-08,4,611.3,1,217.5,108.515625,108.515625,108.515625,0.0,1.0,1.0,1.0,0.0,0.0,0.0,0.0,-108.984375,1.0
2012-09-08,4,634.1,1,222.65625,112.96875,112.96875,112.96875,0.0,1.0,1.0,1.0,0.0,0.0,0.0,0.0,-109.6875,1.0
2012-09-08,5,611.3,1,186.25,93.59375,93.59375,93.59375,0.0,1.0,1.0,1.0,0.0,0.0,0.0,0.0,-92.65625,1.0
2012-09-08,5,634.1,1,251.328125,83.4375,83.4375,83.4375,0.0,1.0,1.0,1.0,0.0,0.0,0.0,0.0,-167.890625,1.0
2012-09-08,6,611.3,1,222.421875,92.8125,92.8125,92.8125,0.0,1.0,1.0,1.0,0.0,0.0,0.0,0.0,-129.609375,1.0
2012-09-08,6,634.1,1,239.453125,88.359375,88.359375,88.359375,0.0,1.0,1.0,1.0,0.0,0.0,0.0,0.0,-151.09375,1.0
2012-09-08,7,611.3,1,195.78125,111.015625,111.015625,111.015625,0.0,1.0,1.0,1.0,0.0,0.0,0.0,0.0,-84.765625,1.0
2012-09-08,7,634.1,1,242.578125,103.828125,103.828125,103.828125,0.0,1.0,1.0,1.0,0.0,0.0,0.0,0.0,-138.75,1.0
2012-09-08,8,611.3,1,245.0,121.09375,121.09375,121.09375,0.0,1.0,1.0,1.0,0.0,0.0,0.0,0.0,-123.90625,1.0
2012-09-08,8,634.1,1,221.484375,118.90625,118.90625,118.90625,0.0,1.0,1.0,1.0,0.0,0.0,0.0,0.0,-102.578125,1.0
2012-09-08,9,611.3,1,210.234375,114.453125,114.453125,114.453125,0.0,1.0,1.0,1.0,0.0,0.0,0.0,0.0,-95.78125,1.0
2012-09-08,9,634.1,1,253.203125,114.21875,114.21875,114.21875,0.0,1.0,1.0,1.0,0.0,0.0,0.0,0.0,-138.984375,1.0
2012-09-09,0,611.3,1,198.75,117.421875,117.421875,117.421875,0.0,1.0,1.0,1.0,0.0,0.0,0.0,0.0,-81.328125,1.0
2012-09-09,0,634.1,1,259.609375,117.8125,117.8125,117.8125,0.0,1.0,1.0,1.0,0.0,0.0,0.0,0.0,-141.796875,1.0
2012-09-09,1,611.3,1,202.5,127.1875,127.1875,127.1875,0.0,1.0,1.0,1.0,0.0,0.0,0.0,0.0,-75.3125,1.0
2012-09-09,1,634.1,1,251.484375,133.515625,133.515625,133.515625,0.0,1.0,1.0,1.0,0.0,0.0,0.0,0.0,-117.96875,1.0
2012-09-09,2,611.3,1,202.421875,115.546875,115.546875,115.546875,0.0,1.0,1.0,1.0,0.0,0.0,0.0,0.0,-86.875,1.0
2012-09-09,2,634.1,1,233.828125,112.1875,112.1875,112.1875,0.0,1.0,1.0,1.0,0.0,0.0,0.0,0.0,-121.640625,1.0
2012-09-09,3,611.3,1,180.625,102.734375,102.734375,102.734375,0.0,1.0,1.0,1.0,0.0,0.0,0.0,0.0,-77.890625,1.0
2012-09-09,3,634.1,1,251.484375,92.578125,92.578125,92.578125,0.0,1.0,1.0,1.0,0.0,0.0,0.0,0.0,-158.90625,1.0
2012-09-09,4,611.3,1,188.046875,114.453125,114.453125,114.453125,0.0,1.0,1.0,1.0,0.0,0.0,0.0,0.0,-73.59375,1.0
2012-09-09,4,634.1,1,236.171875,117.734375,117.734375,117.734375,0.0,1.0,1.0,1.0,0.0,0.0,0.0,0.0,-118.4375,1.0
2012-09-09,5,611.3,1,194.765625,83.4375,83.4375,83.4375,0.0,1.0,1.0,1.0,0.0,0.0,0.0,0.0,-111.328125,1.0
2012-09-09,5,634.1,1,251.953125,73.28125,73.28125,73.28125,0.0,1.0,1.0,1.0,0.0,0.0,0.0,0.0,-178.671875,1.0
2012-09-09,6,611.3,1,205.0,119.53125,119.53125,119.53125,0.0,1.0,1.0,1.0,0.0,0.0,0.0,0.0,-85.46875,1.0
2012-09-09,6,634.1,1,230.859375,119.921875,119.921875,119.921875,0.0,1.0,1.0,1.0,0.0,0.0,0.0,0.0,-110.9375,1.0
2012-09-09,7,611.3,1,222.421875,132.1875,132.1875,132.1875,0.0,1.0,1.0,1.0,0.0,0.0,0.0,0.0,-90.234375,1.0
2012-09-09,7,634.1,1,251.171875,125.625,125.625,125.625,0.0,1.0,1.0,1.0,0.0,0.0,0.0,0.0,-125.546875,1.0
2012-09-09,8,611.3,1,202.96875,119.375,119.375,119.375,0.0,1.0,1.0,1.0,0.0,0.0,0.0,0.0,-83.59375,1.0
2012-09-09,8,634.1,1,251.09375,115.546875,115.546875,115.546875,0.0,1.0,1.0,1.0,0.0,0.0,0.0,0.0,-135.546875,1.0
2012-09-09,9,611.3,1,232.734375,106.40625,106.40625,106.40625,0.0,1.0,1.0,1.0,0.0,0.0,0.0,0.0,-126.328125,1.0
2012-09-09,9,634.1,1,253.984375,108.671875,108.671875,108.671875,0.0,1.0,1.0,1.0,0.0,0.0,0.0,0.0,-145.3125,1.0
2012-09-10,0,611.3,1,229.21875,97.65625,97.65625,97.65625,0.0,1.0,1.0,1.0,0.0,0.0,0.0,0.0,-131.5625,1.0
2012-09-10,0,634.1,1,256.71875,95.0,95.0,95.0,0.0,1.0,1.0,1.0,0.0,0.0,0.0,0.0,-161.71875,1.0
2012-09-10,1,611.3,1,217.8125,93.671875,93.671875,93.671875,0.0,1.0,1.0,1.0,0.0,0.0,0.0,0.0,-124.140625,1.0
2012-09-10,1,634.1,1,229.375,96.015625,96.015625,96.015625,0.0,1.0,1.0,1.0,0.0,0.0,0.0,0.0,-133.359375,1.0
2012-09-10,2,611.3,1,195.625,93.671875,93.671875,93.671875,0.0,1.0,1.0,1.0,0.0,0.0,0.0,0.0,-101.953125,1.0
2012-09-10,2,634.1,1,248.90625,83.515625,83.515625,83.515625,0.0,1.0,1.0,1.0,0.0,0.0,0.0,0.0,-165.390625,1.0
2012-09-10,3,611.3,1,247.109375,81.40625,81.40625,81.40625,0.0,1.0,1.0,1.0,0.0,0.0,0.0,0.0,-165.703125,1.0
2012-09-10,3,634.1,1,240.0,66.25,66.25,66.25,0.0,1.0,1.0,1.0,0.0,0.0,0.0,0.0,-173.75,1.0
2012-09-10,4,611.3,1,202.109375,81.09375,81.09375,81.09375,0.0,1.0,1.0,1.0,0.0,0.0,0.0,0.0,-121.015625,1.0
2012-09-10,4,634.1,1,240.3125,74.6875,74.6875,74.6875,0.0,1.0,1.0,1.0,0.0,0.0,0.0,0.0,-165.625,1.0
2012-09-10,5,611.3,1,196.015625,71.015625,71.015625,71.015625,0.0,1.0,1.0,1.0,0.0,0.0,0.0,0.0,-125.0,1.0
2012-09-10,5,634.1,1,251.328125,54.375,54.375,54.375,0.0,1.0,1.0,1.0,0.0,0.0,0.0,0.0,-196.953125,1.0
2012-09-10,6,611.3,1,246.71875,99.21875,99.21875,99.21875,0.0,1.0,1.0,1.0,0.0,0.0,0.0,0.0,-147.5,1.0
2012-09-10,6,634.1,1,226.484375,97.890625,97.890625,97.890625,0.0,1.0,1.0,1.0,0.0,0.0,0.0,0.0,-128.59375,1.0
2012-09-10,7,611.3,1,205.0,89.453125,89.453125,89.453125,0.0,1.0,1.0,1.0,0.0,0.0,0.0,0.0,-115.546875,1.0
2012-09-10,7,634.1,1,238.828125,78.515625,78.515625,78.515625,0.0,1.0,1.0,1.0,0.0,0.0,0.0,0.0,-160.3125,1.0
2012-09-10,8,611.3,1,219.84375,84.21875,84.21875,84.21875,0.0,1.0,1.0,1.0,0.0,0.0,0.0,0.0,-135.625,1.0
2012-09-10,8,634.1,1,243.28125,73.515625,73.515625,73.515625,0.0,1.0,1.0,1.0,0.0,0.0,0.0,0.0,-169.765625,1.0
2012-09-10,9,611.3,1,222.890625,101.796875,101.796875,101.796875,0.0,1.0,1.0,1.0,0.0,0.0,0.0,0.0,-121.09375,1.0
2012-09-10,9,634.1,1,251.640625,99.609375,99.609375,99.609375,0.0,1.0,1.0,1.0,0.0,0.0,0.0,0.0,-152.03125,1.0
2012-09-11,0,611.3,1,212.34375,109.375,109.375,109.375,0.0,1.0,1.0,1.0,0.0,0.0,0.0,0.0,-102.96875,1.0
2012-09-11,0,634.1,1,256.953125,115.3125,115.3125,115.3125,0.0,1.0,1.0,1.0,0.0,0.0,0.0,0.0,-141.640625,1.0
2012-09-11,1,611.3,1,192.578125,106.71875,106.71875,106.71875,0.0,1.0,1.0,1.0,0.0,0.0,0.0,0.0,-85.859375,1.0
2012-09-11,1,634.1,1,236.171875,118.828125,118.828125,118.828125,0.0,1.0,1.0,1.0,0.0,0.0,0.0,0.0,-117.34375,1.0
2012-09-11,2,611.3,1,208.046875,88.4375,88.4375,88.4375,0.0,1.0,1.0,1.0,0.0,0.0,0.0,0.0,-119.609375,1.0
2012-09-11,2,634.1,1,239.53125,87.03125,87.03125,87.03125,0.0,1.0,1.0,1.0,0.0,0.0,0.0,0.0,-152.5,1.0
2012-09-11,3,611.3,1,201.484375,86.640625,86.640625,86.640625,0.0,1.0,1.0,1.0,0.0,0.0,0.0,0.0,-114.84375,1.0
2012-09-11,3,634.1,1,224.140625,83.125,83.125,83.125,0.0,1.0,1.0,1.0,0.0,0.0,0.0,0.0,-141.015625,1.0
2012-09-11,4,611.3,1,230.78125,99.84375,99.84375,99.84375,0.0,1.0,1.0,1.0,0.0,0.0,0.0,0.0,-130.9375,1.0
2012-09-11,4,634.1,1,238.515625,105.234375,105.234375,105.234375,0.0,1.0,1.0,1.0,0.0,0.0,0.0,0.0,-133.28125,1.0
2012-09-11,5,611.3,1,205.703125,101.015625,101.015625,101.015625,0.0,1.0,1.0,1.0,0.0,0.0,0.0,0.0,-104.6875,1.0
2012-09-11,5,634.1,1,248.125,106.015625,106.015625,106.015625,0.0,1.0,1.0,1.0,0.0,0.0,0.0,0.0,-142.109375,1.0
2012-09-11,6,611.3,1,264.296875,113.4375,113.4375,113.4375,0.0,1.0,1.0,1.0,0.0,0.0,0.0,0.0,-150.859375,1.0
2012-09-11,6,634.1,1,231.484375,119.140625,119.140625,119.140625,0.0,1.0,1.0,1.0,0.0,0.0,0.0,0.0,-112.34375,1.0
2012-09-11,7,611.3,1,196.25,94.140625,94.140625,94.140625,0.0,1.0,1.0,1.0,0.0,0.0,0.0,0.0,-102.109375,1.0
2012-09-11,7,634.1,1,243.671875,93.90625,93.90625,93.90625,0.0,1.0,1.0,1.0,0.0,0.0,0.0,0.0,-149.765625,1.0
2012-09-11,8,611.3,1,235.0,105.9375,105.9375,105.9375,0.0,1.0,1.0,1.0,0.0,0.0,0.0,0.0,-129.0625,1.0
2012-09-11,8,634.1,1,236.484375,109.296875,109.296875,109.296875,0.0,1.0,1.0,1.0,0.0,0.0,0.0,0.0,-127.1875,1.0
2012-09-11,9,611.3,1,235.546875,125.3125,125.3125,125.3125,0.0,1.0,1.0,1.0,0.0,0.0,0.0,0.0,-110.234375,1.0
2012-09-11,9,634.1,1,252.1875,126.640625,126.640625,126.640625,0.0,1.0,1.0,1.0,0.0,0.0,0.0,0.0,-125.546875,1.0
2012-09-12,0,611.3,1,207.1875,102.109375,102.109375,102.109375,0.0,1.0,1.0,1.0,0.0,0.0,0.0,0.0,-105.078125,1.0
2012-09-12,0,634.1,1,260.0,99.921875,99.921875,99.921875,0.0,1.0,1.0,1.0,0.0,0.0,0.0,0.0,-160.078125,1.0
2012-09-12,1,611.3,1,213.28125,101.40625,101.40625,101.40625,0.0,1.0,1.0,1.0,0.0,0.0,0.0,0.0,-111.875,1.0
2012-09-12,1,634.1,1,239.21875,112.578125,112.578125,112.578125,0.0,1.0,1.0,1.0,0.0,0.0,0.0,0.0,-126.640625,1.0
2012-09-12,2,611.3,1,185.15625,94.765625,94.765625,94.765625,0.0,1.0,1.0,1.0,0.0,0.0,0.0,0.0,-90.390625,1.0
2012-09-12,2,634.1,1,220.0,92.65625,92.65625,92.65625,0.0,1.0,1.0,1.0,0.0,0.0,0.0,0.0,-127.34375,1.0
2012-09-12,3,611.3,1,210.3125,84.921875,84.921875,84.921875,0.0,1.0,1.0,1.0,0.0,0.0,0.0,0.0,-125.390625,1.0
2012-09-12,3,634.1,1,222.5,75.859375,75.859375,75.859375,0.0,1.0,1.0,1.0,0.0,0.0,0.0,0.0,-146.640625,1.0
2012-09-12,4,611.3,1,213.75,94.0625,94.0625,94.0625,0.0,1.0,1.0,1.0,0.0,0.0,0.0,0.0,-119.6875,1.0
2012-09-12,4,634.1,1,241.953125,97.5,97.5,97.5,0.0,1.0,1.0,1.0,0.0,0.0,0.0,0.0,-144.453125,1.0
2012-09-12,5,611.3,1,220.46875,82.265625,82.265625,82.265625,0.0,1.0,1.0,1.0,0.0,0.0,0.0,0.0,-138.203125,1.0
2012-09-12,5,634.1,1,250.859375,72.65625,72.65625,72.65625,0.0,1.0,1.0,1.0,0.0,0.0,0.0,0.0,-178.203125,1.0
2012-09-12,6,611.3,1,213.125,100.703125,100.703125,100.703125,0.0,1.0,1.0,1.0,0.0,0.0,0.0,0.0,-112.421875,1.0
2012-09-12,6,634.1,1,230.703125,106.796875,106.796875,106.796875,0.0,1.0,1.0,1.0,0.0,0.0,0.0,0.0,-123.90625,1.0
2012-09-12,7,611.3,1,185.15625,91.875,91.875,91.875,0.0,1.0,1.0,1.0,0.0,0.0,0.0,0.0,-93.28125,1.0
2012-09-12,7,634.1,1,245.390625,87.1875,87.1875,87.1875,0.0,1.0,1.0,1.0,0.0,0.0,0.0,0.0,-158.203125,1.0
2012-09-12,8,611.3,1,208.28125,80.15625,80.15625,80.15625,0.0,1.0,1.0,1.0,0.0,0.0,0.0,0.0,-128.125,1.0
2012-09-12,8,634.1,1,247.265625,73.28125,73.28125,73.28125,0.0,1.0,1.0,1.0,0.0,0.0,0.0,0.0,-173.984375,1.0
2012-09-12,9,611.3,1,209.296875,101.5625,101.5625,101.5625,0.0,1.0,1.0,1.0,0.0,0.0,0.0,0.0,-107.734375,1.0
2012-09-12,9,634.1,1,251.953125,105.390625,105.390625,105.390625,0.0,1.0,1.0,1.0,0.0,0.0,0.0,0.0,-146.5625,1.0
2012-09-13,0,611.3,1,209.375,158.359375,158.359375,158.359375,0.0,1.0,1.0,1.0,0.0,0.0,0.0,0.0,-51.015625,1.0
2012-09-13,0,634.1,1,262.34375,174.0625,174.0625,174.0625,0.0,1.0,1.0,1.0,0.0,0.0,0.0,0.0,-88.28125,1.0
2012-09-13,1,611.3,1,199.609375,148.828125,148.828125,148.828125,0.0,1.0,1.0,1.0,0.0,0.0,0.0,0.0,-50.78125,1.0
2012-09-13,1,634.1,1,248.75,171.796875,171.796875,171.796875,0.0,1.0,1.0,1.0,0.0,0.0,0.0,0.0,-76.953125,1.0
2012-09-13,2,611.3,1,185.78125,144.0625,144.0625,144.0625,0.0,1.0,1.0,1.0,0.0,0.0,0.0,0.0,-41.71875,1.0
2012-09-13,2,634.1,1,249.765625,166.953125,166.953125,166.953125,0.0,1.0,1.0,1.0,0.0,0.0,0.0,0.0,-82.8125,1.0
2012-09-13,3,611.3,1,199.0625,135.78125,135.78125,135.78125,0.0,1.0,1.0,1.0,0.0,0.0,0.0,0.0,-63.28125,1.0
2012-09-13,3,634.1,1,253.515625,163.75,163.75,163.75,0.0,1.0,1.0,1.0,0.0,0.0,0.0,0.0,-89.765625,1.0
2012-09-13,4,611.3,1,225.15625,141.875,141.875,141.875,0.0,1.0,1.0,1.0,0.0,0.0,0.0,0.0,-83.28125,1.0
2012-09-13,4,634.1,1,250.9375,168.671875,168.671875,168.671875,0.0,1.0,1.0,1.0,0.0,0.0,0.0,0.0,-82.265625,1.0
2012-09-13,5,611.3,1,212.03125,137.96875,137.96875,137.96875,0.0,1.0,1.0,1.0,0.0,0.0,0.0,0.0,-74.0625,1.0
2012-09-13,5,634.1,1,252.5,166.875,166.875,166.875,0.0,1.0,1.0,1.0,0.0,0.0,0.0,0.0,-85.625,1.0
2012-09-13,6,611.3,1,198.28125,136.71875,136.71875,136.71875,0.0,1.0,1.0,1.0,0.0,0.0,0.0,0.0,-61.5625,1.0
2012-09-13,6,634.1,1,245.078125,164.0625,164.0625,164.0625,0.0,1.0,1.0,1.0,0.0,0.0,0.0,0.0,-81.015625,1.0
2012-09-13,7,611.3,1,206.875,157.65625,157.65625,157.65625,0.0,1.0,1.0,1.0,0.0,0.0,0.0,0.0,-49.21875,1.0
2012-09-13,7,634.1,1,251.5625,180.46875,180.46875,180.46875,0.0,1.0,1.0,1.0,0.0,0.0,0.0,0.0,-71.09375,1.0
2012-09-13,8,611.3,1,242.421875,147.65625,147.65625,147.65625,0.0,1.0,1.0,1.0,0.0,0.0,0.0,0.0,-94.765625,1.0
2012-09-13,8,634.1,1,251.171875,169.453125,169.453125,169.453125,0.0,1.0,1.0,1.0,0.0,0.0,0.0,0.0,-81.71875,1.0
2012-09-13,9,611.3,1,191.484375,147.421875,147.421875,147.421875,0.0,1.0,1.0,1.0,0.0,0.0,0.0,0.0,-44.0625,1.0
2012-09-13,9,634.1,1,253.59375,171.25,171.25,171.25,0.0,1.0,1.0,1.0,0.0,0.0,0.0,0.0,-82.34375,1.0
2012-09-14,0,611.3,1,215.3125,95.703125,95.703125,95.703125,0.0,1.0,1.0,1.0,0.0,0.0,0.0,0.0,-119.609375,1.0
2012-09-14,0,634.1,1,261.015625,96.40625,96.40625,96.40625,0.0,1.0,1.0,1.0,0.0,0.0,0.0,0.0,-164.609375,1.0
2012-09-14,1,611.3,1,253.4375,104.84375,104.84375,104.84375,0.0,1.0,1.0,1.0,0.0,0.0,0.0,0.0,-148.59375,1.0
2012-09-14,1,634.1,1,247.65625,113.984375,113.984375,113.984375,0.0,1.0,1.0,1.0,0.0,0.0,0.0,0.0,-133.671875,1.0
2012-09-14,2,611.3,1,231.953125,106.40625,106.40625,106.40625,0.0,1.0,1.0,1.0,0.0,0.0,0.0,0.0,-125.546875,1.0
2012-09-14,2,634.1,1,234.296875,100.0,100.0,100.0,0.0,1.0,1.0,1.0,0.0,0.0,0.0,0.0,-134.296875,1.0
2012-09-14,3,611.3,1,232.265625,64.84375,64.84375,64.84375,0.0,1.0,1.0,1.0,0.0,0.0,0.0,0.0,-167.421875,1.0
2012-09-14,3,634.1,1,242.65625,47.03125,47.03125,47.03125,0.0,1.0,1.0,1.0,0.0,0.0,0.0,0.0,-195.625,1.0
2012-09-14,4,611.3,1,296.328125,82.578125,82.578125,82.578125,0.0,1.0,1.0,1.0,0.0,0.0,0.0,0.0,-213.75,1.0
2012-09-14,4,634.1,1,251.328125,76.953125,76.953125,76.953125,0.0,1.0,1.0,1.0,0.0,0.0,0.0,0.0,-174.375,1.0
2012-09-14,5,611.3,1,199.53125,80.78125,80.78125,80.78125,0.0,1.0,1.0,1.0,0.0,0.0,0.0,0.0,-118.75,1.0
2012-09-14,5,634.1,1,250.78125,72.109375,72.109375,72.109375,0.0,1.0,1.0,1.0,0.0,0.0,0.0,0.0,-178.671875,1.0
2012-09-14,6,611.3,1,190.46875,102.578125,102.578125,102.578125,0.0,1.0,1.0,1.0,0.0,0.0,0.0,0.0,-87.890625,1.0
2012-09-14,6,634.1,1,248.515625,110.703125,110.703125,110.703125,0.0,1.0,1.0,1.0,0.0,0.0,0.0,0.0,-137.8125,1.0
2012-09-14,7,611.3,1,206.015625,92.890625,92.890625,92.890625,0.0,1.0,1.0,1.0,0.0,0.0,0.0,0.0,-113.125,1.0
2012-09-14,7,634.1,1,250.9375,80.859375,80.859375,80.859375,0.0,1.0,1.0,1.0,0.0,0.0,0.0,0.0,-170.078125,1.0
2012-09-14,8,611.3,1,223.125,98.75,98.75,98.75,0.0,1.0,1.0,1.0,0.0,0.0,0.0,0.0,-124.375,1.0
2012-09-14,8,634.1,1,254.609375,90.078125,90.078125,90.078125,0.0,1.0,1.0,1.0,0.0,0.0,0.0,0.0,-164.53125,1.0
2012-09-14,9,611.3,1,226.5625,109.453125,109.453125,109.453125,0.0,1.0,1.0,1.0,0.0,0.0,0.0,0.0,-117.109375,1.0
2012-09-14,9,634.1,1,254.140625,106.015625,106.015625,106.015625,0.0,1.0,1.0,1.0,0.0,0.0,0.0,0.0,-148.125,1.0
2012-09-15,0,611.3,1,248.671875,117.5,117.5,117.5,0.0,1.0,1.0,1.0,0.0,0.0,0.0,0.0,-131.171875,1.0
2012-09-15,0,634.1,1,261.875,127.65625,127.65625,127.65625,0.0,1.0,1.0,1.0,0.0,0.0,0.0,0.0,-134.21875,1.0
2012-09-15,1,611.3,1,219.21875,132.265625,132.265625,132.265625,0.0,1.0,1.0,1.0,0.0,0.0,0.0,0.0,-86.953125,1.0
2012-09-15,1,634.1,1,251.40625,137.34375,137.34375,137.34375,0.0,1.0,1.0,1.0,0.0,0.0,0.0,0.0,-114.0625,1.0
2012-09-15,2,611.3,1,226.796875,103.203125,103.203125,103.203125,0.0,1.0,1.0,1.0,0.0,0.0,0.0,0.0,-123.59375,1.0
2012-09-15,2,634.1,1,246.484375,113.515625,113.515625,113.515625,0.0,1.0,1.0,1.0,0.0,0.0,0.0,0.0,-132.96875,1.0
2012-09-15,3,611.3,1,197.1875,97.578125,97.578125,97.578125,0.0,1.0,1.0,1.0,0.0,0.0,0.0,0.0,-99.609375,1.0
2012-09-15,3,634.1,1,253.671875,102.8125,102.8125,102.8125,0.0,1.0,1.0,1.0,0.0,0.0,0.0,0.0,-150.859375,1.0
2012-09-15,4,611.3,1,213.125,125.46875,125.46875,125.46875,0.0,1.0,1.0,1.0,0.0,0.0,0.0,0.0,-87.65625,1.0
2012-09-15,4,634.1,1,250.78125,129.53125,129.53125,129.53125,0.0,1.0,1.0,1.0,0.0,0.0,0.0,0.0,-121.25,1.0
2012-09-15,5,611.3,1,201.25,101.796875,101.796875,101.796875,0.0,1.0,1.0,1.0,0.0,0.0,0.0,0.0,-99.453125,1.0
2012-09-15,5,634.1,1,246.484375,104.84375,104.84375,104.84375,0.0,1.0,1.0,1.0,0.0,0.0,0.0,0.0,-141.640625,1.0
2012-09-15,6,611.3,1,231.71875,135.703125,135.703125,135.703125,0.0,1.0,1.0,1.0,0.0,0.0,0.0,0.0,-96.015625,1.0
2012-09-15,6,634.1,1,242.265625,143.203125,143.203125,143.203125,0.0,1.0,1.0,1.0,0.0,0.0,0.0,0.0,-99.0625,1.0
2012-09-15,7,611.3,1,200.46875,140.3125,140.3125,140.3125,0.0,1.0,1.0,1.0,0.0,0.0,0.0,0.0,-60.15625,1.0
2012-09-15,7,634.1,1,250.859375,141.40625,141.40625,141.40625,0.0,1.0,1.0,1.0,0.0,0.0,0.0,0.0,-109.453125,1.0
2012-09-15,8,611.3,1,230.3125,124.296875,124.296875,124.296875,0.0,1.0,1.0,1.0,0.0,0.0,0.0,0.0,-106.015625,1.0
2012-09-15,8,634.1,1,250.859375,126.796875,126.796875,126.796875,0.0,1.0,1.0,1.0,0.0,0.0,0.0,0.0,-124.0625,1.0
2012-09-15,9,611.3,1,227.96875,118.828125,118.828125,118.828125,0.0,1.0,1.0,1.0,0.0,0.0,0.0,0.0,-109.140625,1.0
2012-09-15,9,634.1,1,252.265625,120.78125,120.78125,120.78125,0.0,1.0,1.0,1.0,0.0,0.0,0.0,0.0,-131.484375,1.0
2012-09-16,0,611.3,1,232.578125,114.0625,114.0625,114.0625,0.0,1.0,1.0,1.0,0.0,0.0,0.0,0.0,-118.515625,1.0
2012-09-16,0,634.1,1,262.578125,113.4375,113.4375,113.4375,0.0,1.0,1.0,1.0,0.0,0.0,0.0,0.0,-149.140625,1.0
2012-09-16,1,611.3,1,222.96875,107.65625,107.65625,107.65625,0.0,1.0,1.0,1.0,0.0,0.0,0.0,0.0,-115.3125,1.0
2012-09-16,1,634.1,1,249.21875,110.46875,110.46875,110.46875,0.0,1.0,1.0,1.0,0.0,0.0,0.0,0.0,-138.75,1.0
2012-09-16,2,611.3,1,198.75,103.046875,103.046875,103.046875,0.0,1.0,1.0,1.0,0.0,0.0,0.0,0.0,-95.703125,1.0
2012-09-16,2,634.1,1,243.59375,96.953125,96.953125,96.953125,0.0,1.0,1.0,1.0,0.0,0.0,0.0,0.0,-146.640625,1.0
2012-09-16,3,611.3,1,201.71875,123.125,123.125,123.125,0.0,1.0,1.0,1.0,0.0,0.0,0.0,0.0,-78.59375,1.0
2012-09-16,3,634.1,1,256.40625,122.03125,122.03125,122.03125,0.0,1.0,1.0,1.0,0.0,0.0,0.0,0.0,-134.375,1.0
2012-09-16,4,611.3,1,262.34375,102.96875,102.96875,102.96875,0.0,1.0,1.0,1.0,0.0,0.0,0.0,0.0,-159.375,1.0
2012-09-16,4,634.1,1,234.21875,108.671875,108.671875,108.671875,0.0,1.0,1.0,1.0,0.0,0.0,0.0,0.0,-125.546875,1.0
2012-09-16,5,611.3,1,201.25,89.609375,89.609375,89.609375,0.0,1.0,1.0,1.0,0.0,0.0,0.0,0.0,-111.640625,1.0
2012-09-16,5,634.1,1,234.453125,83.203125,83.203125,83.203125,0.0,1.0,1.0,1.0,0.0,0.0,0.0,0.0,-151.25,1.0
2012-09-16,6,611.3,1,251.5625,119.375,119.375,119.375,0.0,1.0,1.0,1.0,0.0,0.0,0.0,0.0,-132.1875,1.0
2012-09-16,6,634.1,1,232.5,123.4375,123.4375,123.4375,0.0,1.0,1.0,1.0,0.0,0.0,0.0,0.0,-109.0625,1.0
2012-09-16,7,611.3,1,196.5625,115.390625,115.390625,115.390625,0.0,1.0,1.0,1.0,0.0,0.0,0.0,0.0,-81.171875,1.0
2012-09-16,7,634.1,1,250.703125,113.359375,113.359375,113.359375,0.0,1.0,1.0,1.0,0.0,0.0,0.0,0.0,-137.34375,1.0
2012-09-16,8,611.3,1,204.6875,87.734375,87.734375,87.734375,0.0,1.0,1.0,1.0,0.0,0.0,0.0,0.0,-116.953125,1.0
2012-09-16,8,634.1,1,238.90625,82.890625,82.890625,82.890625,0.0,1.0,1.0,1.0,0.0,0.0,0.0,0.0,-156.015625,1.0
2012-09-16,9,611.3,1,193.671875,121.71875,121.71875,121.71875,0.0,1.0,1.0,1.0,0.0,0.0,0.0,0.0,-71.953125,1.0
2012-09-16,9,634.1,1,250.46875,125.15625,125.15625,125.15625,0.0,1.0,1.0,1.0,0.0,0.0,0.0,0.0,-125.3125,1.0
2012-09-17,0,611.3,1,259.0625,132.421875,132.421875,132.421875,0.0,1.0,1.0,1.0,0.0,0.0,0.0,0.0,-126.640625,1.0
2012-09-17,0,634.1,1,257.5,141.484375,141.484375,141.484375,0.0,1.0,1.0,1.0,0.0,0.0,0.0,0.0,-116.015625,1.0
2012-09-17,1,611.3,1,237.65625,122.1875,122.1875,122.1875,0.0,1.0,1.0,1.0,0.0,0.0,0.0,0.0,-115.46875,1.0
2012-09-17,1,634.1,1,243.828125,139.140625,139.140625,139.140625,0.0,1.0,1.0,1.0,0.0,0.0,0.0,0.0,-104.6875,1.0
2012-09-17,2,611.3,1,196.09375,121.71875,121.71875,121.71875,0.0,1.0,1.0,1.0,0.0,0.0,0.0,0.0,-74.375,1.0
2012-09-17,2,634.1,1,243.203125,128.90625,128.90625,128.90625,0.0,1.0,1.0,1.0,0.0,0.0,0.0,0.0,-114.296875,1.0
2012-09-17,3,611.3,1,196.796875,98.90625,98.90625,98.90625,0.0,1.0,1.0,1.0,0.0,0.0,0.0,0.0,-97.890625,1.0
2012-09-17,3,634.1,1,236.796875,110.78125,110.78125,110.78125,0.0,1.0,1.0,1.0,0.0,0.0,0.0,0.0,-126.015625,1.0
2012-09-17,4,611.3,1,214.140625,131.328125,131.328125,131.328125,0.0,1.0,1.0,1.0,0.0,0.0,0.0,0.0,-82.8125,1.0
2012-09-17,4,634.1,1,240.234375,142.734375,142.734375,142.734375,0.0,1.0,1.0,1.0,0.0,0.0,0.0,0.0,-97.5,1.0
2012-09-17,5,611.3,1,219.765625,97.109375,97.109375,97.109375,0.0,1.0,1.0,1.0,0.0,0.0,0.0,0.0,-122.65625,1.0
2012-09-17,5,634.1,1,250.78125,111.40625,111.40625,111.40625,0.0,1.0,1.0,1.0,0.0,0.0,0.0,0.0,-139.375,1.0
2012-09-17,6,611.3,1,220.390625,127.109375,127.109375,127.109375,0.0,1.0,1.0,1.0,0.0,0.0,0.0,0.0,-93.28125,1.0
2012-09-17,6,634.1,1,252.734375,141.09375,141.09375,141.09375,0.0,1.0,1.0,1.0,0.0,0.0,0.0,0.0,-111.640625,1.0
2012-09-17,7,611.3,1,210.0,121.796875,121.796875,121.796875,0.0,1.0,1.0,1.0,0.0,0.0,0.0,0.0,-88.203125,1.0
2012-09-17,7,634.1,1,250.859375,133.515625,133.515625,133.515625,0.0,1.0,1.0,1.0,0.0,0.0,0.0,0.0,-117.34375,1.0
2012-09-17,8,611.3,1,218.4375,111.953125,111.953125,111.953125,0.0,1.0,1.0,1.0,0.0,0.0,0.0,0.0,-106.484375,1.0
2012-09-17,8,634.1,1,239.765625,122.578125,122.578125,122.578125,0.0,1.0,1.0,1.0,0.0,0.0,0.0,0.0,-117.1875,1.0
2012-09-17,9,611.3,1,225.390625,134.921875,134.921875,134.921875,0.0,1.0,1.0,1.0,0.0,0.0,0.0,0.0,-90.46875,1.0
2012-09-17,9,634.1,1,249.921875,144.921875,144.921875,144.921875,0.0,1.0,1.0,1.0,0.0,0.0,0.0,0.0,-105.0,1.0
2012-09-18,0,611.3,1,215.703125,86.796875,86.796875,86.796875,0.0,1.0,1.0,1.0,0.0,0.0,0.0,0.0,-128.90625,1.0
2012-09-18,0,634.1,1,259.140625,81.796875,81.796875,81.796875,0.0,1.0,1.0,1.0,0.0,0.0,0.0,0.0,-177.34375,1.0
2012-09-18,1,611.3,1,206.015625,106.71875,106.71875,106.71875,0.0,1.0,1.0,1.0,0.0,0.0,0.0,0.0,-99.296875,1.0
2012-09-18,1,634.1,1,250.859375,110.9375,110.9375,110.9375,0.0,1.0,1.0,1.0,0.0,0.0,0.0,0.0,-139.921875,1.0
2012-09-18,2,611.3,1,226.640625,77.65625,77.65625,77.65625,0.0,1.0,1.0,1.0,0.0,0.0,0.0,0.0,-148.984375,1.0
2012-09-18,2,634.1,1,235.078125,69.140625,69.140625,69.140625,0.0,1.0,1.0,1.0,0.0,0.0,0.0,0.0,-165.9375,1.0
2012-09-18,3,611.3,1,236.953125,78.984375,78.984375,78.984375,0.0,1.0,1.0,1.0,0.0,0.0,0.0,0.0,-157.96875,1.0
2012-09-18,3,634.1,1,250.078125,64.53125,64.53125,64.53125,0.0,1.0,1.0,1.0,0.0,0.0,0.0,0.0,-185.546875,1.0
2012-09-18,4,611.3,1,198.125,85.3125,85.3125,85.3125,0.0,1.0,1.0,1.0,0.0,0.0,0.0,0.0,-112.8125,1.0
2012-09-18,4,634.1,1,249.296875,88.59375,88.59375,88.59375,0.0,1.0,1.0,1.0,0.0,0.0,0.0,0.0,-160.703125,1.0
2012-09-18,5,611.3,1,198.984375,85.15625,85.15625,85.15625,0.0,1.0,1.0,1.0,0.0,0.0,0.0,0.0,-113.828125,1.0
2012-09-18,5,634.1,1,251.71875,77.421875,77.421875,77.421875,0.0,1.0,1.0,1.0,0.0,0.0,0.0,0.0,-174.296875,1.0
2012-09-18,6,611.3,1,201.328125,103.359375,103.359375,103.359375,0.0,1.0,1.0,1.0,0.0,0.0,0.0,0.0,-97.96875,1.0
2012-09-18,6,634.1,1,240.390625,103.984375,103.984375,103.984375,0.0,1.0,1.0,1.0,0.0,0.0,0.0,0.0,-136.40625,1.0
2012-09-18,7,611.3,1,209.765625,82.8125,82.8125,82.8125,0.0,1.0,1.0,1.0,0.0,0.0,0.0,0.0,-126.953125,1.0
2012-09-18,7,634.1,1,238.828125,72.265625,72.265625,72.265625,0.0,1.0,1.0,1.0,0.0,0.0,0.0,0.0,-166.5625,1.0
2012-09-18,8,611.3,1,195.546875,78.828125,78.828125,78.828125,0.0,1.0,1.0,1.0,0.0,0.0,0.0,0.0,-116.71875,1.0
2012-09-18,8,634.1,1,240.15625,66.796875,66.796875,66.796875,0.0,1.0,1.0,1.0,0.0,0.0,0.0,0.0,-173.359375,1.0
2012-09-18,9,611.3,1,233.046875,109.296875,109.296875,109.296875,0.0,1.0,1.0,1.0,0.0,0.0,0.0,0.0,-123.75,1.0
2012-09-18,9,634.1,1,250.3125,107.109375,107.109375,107.109375,0.0,1.0,1.0,1.0,0.0,0.0,0.0,0.0,-143.203125,1.0
2012-09-19,0,611.3,1,218.75,110.390625,110.390625,110.390625,0.0,1.0,1.0,1.0,0.0,0.0,0.0,0.0,-108.359375,1.0
2012-09-19,0,634.1,1,258.515625,120.3125,120.3125,120.3125,0.0,1.0,1.0,1.0,0.0,0.0,0.0,0.0,-138.203125,1.0
2012-09-19,1,611.3,1,212.5,114.921875,114.921875,114.921875,0.0,1.0,1.0,1.0,0.0,0.0,0.0,0.0,-97.578125,1.0
2012-09-19,1,634.1,1,238.4375,126.171875,126.171875,126.171875,0.0,1.0,1.0,1.0,0.0,0.0,0.0,0.0,-112.265625,1.0
2012-09-19,2,611.3,1,198.59375,97.65625,97.65625,97.65625,0.0,1.0,1.0,1.0,0.0,0.0,0.0,0.0,-100.9375,1.0
2012-09-19,2,634.1,1,249.53125,99.296875,99.296875,99.296875,0.0,1.0,1.0,1.0,0.0,0.0,0.0,0.0,-150.234375,1.0
2012-09-19,3,611.3,1,267.65625,95.9375,95.9375,95.9375,0.0,1.0,1.0,1.0,0.0,0.0,0.0,0.0,-171.71875,1.0
2012-09-19,3,634.1,1,223.671875,94.21875,94.21875,94.21875,0.0,1.0,1.0,1.0,0.0,0.0,0.0,0.0,-129.453125,1.0
2012-09-19,4,611.3,1,204.84375,108.046875,108.046875,108.046875,0.0,1.0,1.0,1.0,0.0,0.0,0.0,0.0,-96.796875,1.0
2012-09-19,4,634.1,1,241.015625,116.953125,116.953125,116.953125,0.0,1.0,1.0,1.0,0.0,0.0,0.0,0.0,-124.0625,1.0
2012-09-19,5,611.3,1,203.125,90.703125,90.703125,90.703125,0.0,1.0,1.0,1.0,0.0,0.0,0.0,0.0,-112.421875,1.0
2012-09-19,5,634.1,1,252.03125,94.296875,94.296875,94.296875,0.0,1.0,1.0,1.0,0.0,0.0,0.0,0.0,-157.734375,1.0
2012-09-19,6,611.3,1,204.53125,120.625,120.625,120.625,0.0,1.0,1.0,1.0,0.0,0.0,0.0,0.0,-83.90625,1.0
2012-09-19,6,634.1,1,243.59375,132.734375,132.734375,132.734375,0.0,1.0,1.0,1.0,0.0,0.0,0.0,0.0,-110.859375,1.0
2012-09-19,7,611.3,1,217.578125,104.6875,104.6875,104.6875,0.0,1.0,1.0,1.0,0.0,0.0,0.0,0.0,-112.890625,1.0
2012-09-19,7,634.1,1,243.59375,102.265625,102.265625,102.265625,0.0,1.0,1.0,1.0,0.0,0.0,0.0,0.0,-141.328125,1.0
2012-09-19,8,611.3,1,199.609375,92.890625,92.890625,92.890625,0.0,1.0,1.0,1.0,0.0,0.0,0.0,0.0,-106.71875,1.0
2012-09-19,8,634.1,1,241.09375,90.625,90.625,90.625,0.0,1.0,1.0,1.0,0.0,0.0,0.0,0.0,-150.46875,1.0
2012-09-19,9,611.3,1,199.21875,113.671875,113.671875,113.671875,0.0,1.0,1.0,1.0,0.0,0.0,0.0,0.0,-85.546875,1.0
2012-09-19,9,634.1,1,252.578125,117.109375,117.109375,117.109375,0.0,1.0,1.0,1.0,0.0,0.0,0.0,0.0,-135.46875,1.0
2012-09-20,0,611.3,1,203.90625,91.171875,91.171875,91.171875,0.0,1.0,1.0,1.0,0.0,0.0,0.0,0.0,-112.734375,1.0
2012-09-20,0,634.1,1,257.109375,82.890625,82.890625,82.890625,0.0,1.0,1.0,1.0,0.0,0.0,0.0,0.0,-174.21875,1.0
2012-09-20,1,611.3,1,212.96875,97.1875,97.1875,97.1875,0.0,1.0,1.0,1.0,0.0,0.0,0.0,0.0,-115.78125,1.0
2012-09-20,1,634.1,1,226.5625,98.203125,98.203125,98.203125,0.0,1.0,1.0,1.0,0.0,0.0,0.0,0.0,-128.359375,1.0
2012-09-20,2,611.3,1,190.859375,83.28125,83.28125,83.28125,0.0,1.0,1.0,1.0,0.0,0.0,0.0,0.0,-107.578125,1.0
2012-09-20,2,634.1,1,240.9375,71.796875,71.796875,71.796875,0.0,1.0,1.0,1.0,0.0,0.0,0.0,0.0,-169.140625,1.0
2012-09-20,3,611.3,1,253.75,73.75,73.75,73.75,0.0,1.0,1.0,1.0,0.0,0.0,0.0,0.0,-180.0,1.0
2012-09-20,3,634.1,1,233.515625,60.859375,60.859375,60.859375,0.0,1.0,1.0,1.0,0.0,0.0,0.0,0.0,-172.65625,1.0
2012-09-20,4,611.3,1,219.609375,100.546875,100.546875,100.546875,0.0,1.0,1.0,1.0,0.0,0.0,0.0,0.0,-119.0625,1.0
2012-09-20,4,634.1,1,230.78125,100.46875,100.46875,100.46875,0.0,1.0,1.0,1.0,0.0,0.0,0.0,0.0,-130.3125,1.0
2012-09-20,5,611.3,1,198.828125,80.078125,80.078125,80.078125,0.0,1.0,1.0,1.0,0.0,0.0,0.0,0.0,-118.75,1.0
2012-09-20,5,634.1,1,251.09375,67.578125,67.578125,67.578125,0.0,1.0,1.0,1.0,0.0,0.0,0.0,0.0,-183.515625,1.0
2012-09-20,6,611.3,1,194.0625,110.859375,110.859375,110.859375,0.0,1.0,1.0,1.0,0.0,0.0,0.0,0.0,-83.203125,1.0
2012-09-20,6,634.1,1,239.375,117.65625,117.65625,117.65625,0.0,1.0,1.0,1.0,0.0,0.0,0.0,0.0,-121.71875,1.0
2012-09-20,7,611.3,1,198.125,99.0625,99.0625,99.0625,0.0,1.0,1.0,1.0,0.0,0.0,0.0,0.0,-99.0625,1.0
2012-09-20,7,634.1,1,251.796875,90.46875,90.46875,90.46875,0.0,1.0,1.0,1.0,0.0,0.0,0.0,0.0,-161.328125,1.0
2012-09-20,8,611.3,1,209.375,79.140625,79.140625,79.140625,0.0,1.0,1.0,1.0,0.0,0.0,0.0,0.0,-130.234375,1.0
2012-09-20,8,634.1,1,231.484375,68.359375,68.359375,68.359375,0.0,1.0,1.0,1.0,0.0,0.0,0.0,0.0,-163.125,1.0
2012-09-20,9,611.3,1,187.109375,102.578125,102.578125,102.578125,0.0,1.0,1.0,1.0,0.0,0.0,0.0,0.0,-84.53125,1.0
2012-09-20,9,634.1,1,252.1875,107.65625,107.65625,107.65625,0.0,1.0,1.0,1.0,0.0,0.0,0.0,0.0,-144.53125,1.0
2012-09-21,0,611.3,1,239.765625,116.40625,116.40625,116.40625,0.0,1.0,1.0,1.0,0.0,0.0,0.0,0.0,-123.359375,1.0
2012-09-21,0,634.1,1,257.1875,125.78125,125.78125,125.78125,0.0,1.0,1.0,1.0,0.0,0.0,0.0,0.0,-131.40625,1.0
2012-09-21,1,611.3,1,203.59375,117.96875,117.96875,117.96875,0.0,1.0,1.0,1.0,0.0,0.0,0.0,0.0,-85.625,1.0
2012-09-21,1,634.1,1,238.828125,130.3125,130.3125,130.3125,0.0,1.0,1.0,1.0,0.0,0.0,0.0,0.0,-108.515625,1.0
2012-09-21,2,611.3,1,186.25,103.046875,103.046875,103.046875,0.0,1.0,1.0,1.0,0.0,0.0,0.0,0.0,-83.203125,1.0
2012-09-21,2,634.1,1,221.796875,109.453125,109.453125,109.453125,0.0,1.0,1.0,1.0,0.0,0.0,0.0,0.0,-112.34375,1.0
2012-09-21,3,611.3,1,192.1875,88.75,88.75,88.75,0.0,1.0,1.0,1.0,0.0,0.0,0.0,0.0,-103.4375,1.0
2012-09-21,3,634.1,1,229.765625,89.6875,89.6875,89.6875,0.0,1.0,1.0,1.0,0.0,0.0,0.0,0.0,-140.078125,1.0
2012-09-21,4,611.3,1,221.484375,103.90625,103.90625,103.90625,0.0,1.0,1.0,1.0,0.0,0.0,0.0,0.0,-117.578125,1.0
2012-09-21,4,634.1,1,248.4375,115.078125,115.078125,115.078125,0.0,1.0,1.0,1.0,0.0,0.0,0.0,0.0,-133.359375,1.0
2012-09-21,5,611.3,1,225.078125,99.296875,99.296875,99.296875,0.0,1.0,1.0,1.0,0.0,0.0,0.0,0.0,-125.78125,1.0
2012-09-21,5,634.1,1,244.765625,103.359375,103.359375,103.359375,0.0,1.0,1.0,1.0,0.0,0.0,0.0,0.0,-141.40625,1.0
2012-09-21,6,611.3,1,205.9375,117.5,117.5,117.5,0.0,1.0,1.0,1.0,0.0,0.0,0.0,0.0,-88.4375,1.0
2012-09-21,6,634.1,1,236.25,126.796875,126.796875,126.796875,0.0,1.0,1.0,1.0,0.0,0.0,0.0,0.0,-109.453125,1.0
2012-09-21,7,611.3,1,198.984375,117.421875,117.421875,117.421875,0.0,1.0,1.0,1.0,0.0,0.0,0.0,0.0,-81.5625,1.0
2012-09-21,7,634.1,1,240.625,119.921875,119.921875,119.921875,0.0,1.0,1.0,1.0,0.0,0.0,0.0,0.0,-120.703125,1.0
2012-09-21,8,611.3,1,199.765625,113.90625,113.90625,113.90625,0.0,1.0,1.0,1.0,0.0,0.0,0.0,0.0,-85.859375,1.0
2012-09-21,8,634.1,1,232.5,115.3125,115.3125,115.3125,0.0,1.0,1.0,1.0,0.0,0.0,0.0,0.0,-117.1875,1.0
2012-09-21,9,611.3,1,211.09375,134.765625,134.765625,134.765625,0.0,1.0,1.0,1.0,0.0,0.0,0.0,0.0,-76.328125,1.0
2012-09-21,9,634.1,1,252.34375,136.015625,136.015625,136.015625,0.0,1.0,1.0,1.0,0.0,0.0,0.0,0.0,-116.328125,1.0
2012-09-22,0,611.3,1,200.234375,126.25,126.25,126.25,0.0,1.0,1.0,1.0,0.0,0.0,0.0,0.0,-73.984375,1.0
2012-09-22,0,634.1,1,259.0625,125.78125,125.78125,125.78125,0.0,1.0,1.0,1.0,0.0,0.0,0.0,0.0,-133.28125,1.0
2012-09-22,1,611.3,1,191.640625,125.0,125.0,125.0,0.0,1.0,1.0,1.0,0.0,0.0,0.0,0.0,-66.640625,1.0
2012-09-22,1,634.1,1,243.984375,126.5625,126.5625,126.5625,0.0,1.0,1.0,1.0,0.0,0.0,0.0,0.0,-117.421875,1.0
2012-09-22,2,611.3,1,216.484375,88.90625,88.90625,88.90625,0.0,1.0,1.0,1.0,0.0,0.0,0.0,0.0,-127.578125,1.0
2012-09-22,2,634.1,1,222.421875,80.703125,80.703125,80.703125,0.0,1.0,1.0,1.0,0.0,0.0,0.0,0.0,-141.71875,1.0
2012-09-22,3,611.3,1,182.265625,85.703125,85.703125,85.703125,0.0,1.0,1.0,1.0,0.0,0.0,0.0,0.0,-96.5625,1.0
2012-09-22,3,634.1,1,227.890625,71.953125,71.953125,71.953125,0.0,1.0,1.0,1.0,0.0,0.0,0.0,0.0,-155.9375,1.0
2012-09-22,4,611.3,1,205.625,118.671875,118.671875,118.671875,0.0,1.0,1.0,1.0,0.0,0.0,0.0,0.0,-86.953125,1.0
2012-09-22,4,634.1,1,232.109375,119.84375,119.84375,119.84375,0.0,1.0,1.0,1.0,0.0,0.0,0.0,0.0,-112.265625,1.0
2012-09-22,5,611.3,1,194.84375,85.625,85.625,85.625,0.0,1.0,1.0,1.0,0.0,0.0,0.0,0.0,-109.21875,1.0
2012-09-22,5,634.1,1,251.015625,76.40625,76.40625,76.40625,0.0,1.0,1.0,1.0,0.0,0.0,0.0,0.0,-174.609375,1.0
2012-09-22,6,611.3,1,188.046875,114.921875,114.921875,114.921875,0.0,1.0,1.0,1.0,0.0,0.0,0.0,0.0,-73.125,1.0
2012-09-22,6,634.1,1,230.234375,121.953125,121.953125,121.953125,0.0,1.0,1.0,1.0,0.0,0.0,0.0,0.0,-108.28125,1.0
2012-09-22,7,611.3,1,195.78125,135.390625,135.390625,135.390625,0.0,1.0,1.0,1.0,0.0,0.0,0.0,0.0,-60.390625,1.0
2012-09-22,7,634.1,1,248.515625,131.40625,131.40625,131.40625,0.0,1.0,1.0,1.0,0.0,0.0,0.0,0.0,-117.109375,1.0
2012-09-22,8,611.3,1,217.265625,103.828125,103.828125,103.828125,0.0,1.0,1.0,1.0,0.0,0.0,0.0,0.0,-113.4375,1.0
2012-09-22,8,634.1,1,232.734375,97.96875,97.96875,97.96875,0.0,1.0,1.0,1.0,0.0,0.0,0.0,0.0,-134.765625,1.0
2012-09-22,9,611.3,1,241.015625,125.625,125.625,125.625,0.0,1.0,1.0,1.0,0.0,0.0,0.0,0.0,-115.390625,1.0
2012-09-22,9,634.1,1,252.8125,126.015625,126.015625,126.015625,0.0,1.0,1.0,1.0,0.0,0.0,0.0,0.0,-126.796875,1.0
2012-09-23,0,611.3,1,210.546875,119.140625,119.140625,119.140625,0.0,1.0,1.0,1.0,0.0,0.0,0.0,0.0,-91.40625,1.0
2012-09-23,0,634.1,1,258.671875,115.15625,115.15625,115.15625,0.0,1.0,1.0,1.0,0.0,0.0,0.0,0.0,-143.515625,1.0
2012-09-23,1,611.3,1,189.765625,110.78125,110.78125,110.78125,0.0,1.0,1.0,1.0,0.0,0.0,0.0,0.0,-78.984375,1.0
2012-09-23,1,634.1,1,235.46875,114.84375,114.84375,114.84375,0.0,1.0,1.0,1.0,0.0,0.0,0.0,0.0,-120.625,1.0
2012-09-23,2,611.3,1,188.4375,88.28125,88.28125,88.28125,0.0,1.0,1.0,1.0,0.0,0.0,0.0,0.0,-100.15625,1.0
2012-09-23,2,634.1,1,225.859375,78.515625,78.515625,78.515625,0.0,1.0,1.0,1.0,0.0,0.0,0.0,0.0,-147.34375,1.0
2012-09-23,3,611.3,1,192.34375,94.140625,94.140625,94.140625,0.0,1.0,1.0,1.0,0.0,0.0,0.0,0.0,-98.203125,1.0
2012-09-23,3,634.1,1,218.59375,84.765625,84.765625,84.765625,0.0,1.0,1.0,1.0,0.0,0.0,0.0,0.0,-133.828125,1.0
2012-09-23,4,611.3,1,208.90625,115.078125,115.078125,115.078125,0.0,1.0,1.0,1.0,0.0,0.0,0.0,0.0,-93.828125,1.0
2012-09-23,4,634.1,1,219.6875,117.96875,117.96875,117.96875,0.0,1.0,1.0,1.0,0.0,0.0,0.0,0.0,-101.71875,1.0
2012-09-23,5,611.3,1,196.015625,118.671875,118.671875,118.671875,0.0,1.0,1.0,1.0,0.0,0.0,0.0,0.0,-77.34375,1.0
2012-09-23,5,634.1,1,250.78125,118.515625,118.515625,118.515625,0.0,1.0,1.0,1.0,0.0,0.0,0.0,0.0,-132.265625,1.0
2012-09-23,6,611.3,1,206.484375,114.375,114.375,114.375,0.0,1.0,1.0,1.0,0.0,0.0,0.0,0.0,-92.109375,1.0
2012-09-23,6,634.1,1,225.46875,121.953125,121.953125,121.953125,0.0,1.0,1.0,1.0,0.0,0.0,0.0,0.0,-103.515625,1.0
2012-09-23,7,611.3,1,203.515625,99.921875,99.921875,99.921875,0.0,1.0,1.0,1.0,0.0,0.0,0.0,0.0,-103.59375,1.0
2012-09-23,7,634.1,1,244.921875,93.125,93.125,93.125,0.0,1.0,1.0,1.0,0.0,0.0,0.0,0.0,-151.796875,1.0
2012-09-23,8,611.3,1,213.90625,107.1875,107.1875,107.1875,0.0,1.0,1.0,1.0,0.0,0.0,0.0,0.0,-106.71875,1.0
2012-09-23,8,634.1,1,231.796875,103.828125,103.828125,103.828125,0.0,1.0,1.0,1.0,0.0,0.0,0.0,0.0,-127.96875,1.0
2012-09-23,9,611.3,1,211.40625,116.40625,116.40625,116.40625,0.0,1.0,1.0,1.0,0.0,0.0,0.0,0.0,-95.0,1.0
2012-09-23,9,634.1,1,251.5625,115.78125,115.78125,115.78125,0.0,1.0,1.0,1.0,0.0,0.0,0.0,0.0,-135.78125,1.0
2012-09-24,0,611.3,1,200.234375,107.96875,107.96875,107.96875,0.0,1.0,1.0,1.0,0.0,0.0,0.0,0.0,-92.265625,1.0
2012-09-24,0,634.1,1,260.234375,113.59375,113.59375,113.59375,0.0,1.0,1.0,1.0,0.0,0.0,0.0,0.0,-146.640625,1.0
2012-09-24,1,611.3,1,196.328125,104.453125,104.453125,104.453125,0.0,1.0,1.0,1.0,0.0,0.0,0.0,0.0,-91.875,1.0
2012-09-24,1,634.1,1,219.453125,103.671875,103.671875,103.671875,0.0,1.0,1.0,1.0,0.0,0.0,0.0,0.0,-115.78125,1.0
2012-09-24,2,611.3,1,192.421875,110.078125,110.078125,110.078125,0.0,1.0,1.0,1.0,0.0,0.0,0.0,0.0,-82.34375,1.0
2012-09-24,2,634.1,1,225.625,101.40625,101.40625,101.40625,0.0,1.0,1.0,1.0,0.0,0.0,0.0,0.0,-124.21875,1.0
2012-09-24,3,611.3,1,187.1875,70.234375,70.234375,70.234375,0.0,1.0,1.0,1.0,0.0,0.0,0.0,0.0,-116.953125,1.0
2012-09-24,3,634.1,1,222.1875,50.078125,50.078125,50.078125,0.0,1.0,1.0,1.0,0.0,0.0,0.0,0.0,-172.109375,1.0
2012-09-24,4,611.3,1,221.09375,92.96875,92.96875,92.96875,0.0,1.0,1.0,1.0,0.0,0.0,0.0,0.0,-128.125,1.0
2012-09-24,4,634.1,1,239.296875,87.65625,87.65625,87.65625,0.0,1.0,1.0,1.0,0.0,0.0,0.0,0.0,-151.640625,1.0
2012-09-24,5,611.3,1,198.515625,69.84375,69.84375,69.84375,0.0,1.0,1.0,1.0,0.0,0.0,0.0,0.0,-128.671875,1.0
2012-09-24,5,634.1,1,251.015625,50.859375,50.859375,50.859375,0.0,1.0,1.0,1.0,0.0,0.0,0.0,0.0,-200.15625,1.0
2012-09-24,6,611.3,1,196.484375,95.3125,95.3125,95.3125,0.0,1.0,1.0,1.0,0.0,0.0,0.0,0.0,-101.171875,1.0
2012-09-24,6,634.1,1,229.6875,93.4375,93.4375,93.4375,0.0,1.0,1.0,1.0,0.0,0.0,0.0,0.0,-136.25,1.0
2012-09-24,7,611.3,1,184.53125,94.140625,94.140625,94.140625,0.0,1.0,1.0,1.0,0.0,0.0,0.0,0.0,-90.390625,1.0
2012-09-24,7,634.1,1,250.859375,82.1875,82.1875,82.1875,0.0,1.0,1.0,1.0,0.0,0.0,0.0,0.0,-168.671875,1.0
2012-09-24,8,611.3,1,205.234375,79.296875,79.296875,79.296875,0.0,1.0,1.0,1.0,0.0,0.0,0.0,0.0,-125.9375,1.0
2012-09-24,8,634.1,1,234.296875,62.890625,62.890625,62.890625,0.0,1.0,1.0,1.0,0.0,0.0,0.0,0.0,-171.40625,1.0
2012-09-24,9,611.3,1,210.46875,106.328125,106.328125,106.328125,0.0,1.0,1.0,1.0,0.0,0.0,0.0,0.0,-104.140625,1.0
2012-09-24,9,634.1,1,252.1875,100.46875,100.46875,100.46875,0.0,1.0,1.0,1.0,0.0,0.0,0.0,0.0,-151.71875,1.0
2012-09-25,0,611.3,1,225.625,127.34375,127.34375,127.34375,0.0,1.0,1.0,1.0,0.0,0.0,0.0,0.0,-98.28125,1.0
2012-09-25,0,634.1,1,256.328125,137.421875,137.421875,137.421875,0.0,1.0,1.0,1.0,0.0,0.0,0.0,0.0,-118.90625,1.0
2012-09-25,1,611.3,1,259.921875,124.21875,124.21875,124.21875,0.0,1.0,1.0,1.0,0.0,0.0,0.0,0.0,-135.703125,1.0
2012-09-25,1,634.1,1,230.46875,138.125,138.125,138.125,0.0,1.0,1.0,1.0,0.0,0.0,0.0,0.0,-92.34375,1.0
2012-09-25,2,611.3,1,191.40625,131.40625,131.40625,131.40625,0.0,1.0,1.0,1.0,0.0,0.0,0.0,0.0,-60.0,1.0
2012-09-25,2,634.1,1,228.90625,143.046875,143.046875,143.046875,0.0,1.0,1.0,1.0,0.0,0.0,0.0,0.0,-85.859375,1.0
2012-09-25,3,611.3,1,190.234375,110.234375,110.234375,110.234375,0.0,1.0,1.0,1.0,0.0,0.0,0.0,0.0,-80.0,1.0
2012-09-25,3,634.1,1,235.3125,125.46875,125.46875,125.46875,0.0,1.0,1.0,1.0,0.0,0.0,0.0,0.0,-109.84375,1.0
2012-09-25,4,611.3,1,231.875,128.203125,128.203125,128.203125,0.0,1.0,1.0,1.0,0.0,0.0,0.0,0.0,-103.671875,1.0
2012-09-25,4,634.1,1,251.25,140.9375,140.9375,140.9375,0.0,1.0,1.0,1.0,0.0,0.0,0.0,0.0,-110.3125,1.0
2012-09-25,5,611.3,1,208.203125,103.671875,103.671875,103.671875,0.0,1.0,1.0,1.0,0.0,0.0,0.0,0.0,-104.53125,1.0
2012-09-25,5,634.1,1,253.59375,117.34375,117.34375,117.34375,0.0,1.0,1.0,1.0,0.0,0.0,0.0,0.0,-136.25,1.0
2012-09-25,6,611.3,1,203.90625,125.234375,125.234375,125.234375,0.0,1.0,1.0,1.0,0.0,0.0,0.0,0.0,-78.671875,1.0
2012-09-25,6,634.1,1,226.5625,142.578125,142.578125,142.578125,0.0,1.0,1.0,1.0,0.0,0.0,0.0,0.0,-83.984375,1.0
2012-09-25,7,611.3,1,191.71875,122.109375,122.109375,122.109375,0.0,1.0,1.0,1.0,0.0,0.0,0.0,0.0,-69.609375,1.0
2012-09-25,7,634.1,1,251.171875,133.359375,133.359375,133.359375,0.0,1.0,1.0,1.0,0.0,0.0,0.0,0.0,-117.8125,1.0
2012-09-25,8,611.3,1,197.34375,118.828125,118.828125,118.828125,0.0,1.0,1.0,1.0,0.0,0.0,0.0,0.0,-78.515625,1.0
2012-09-25,8,634.1,1,245.3125,136.5625,136.5625,136.5625,0.0,1.0,1.0,1.0,0.0,0.0,0.0,0.0,-108.75,1.0
2012-09-25,9,611.3,1,237.96875,138.671875,138.671875,138.671875,0.0,1.0,1.0,1.0,0.0,0.0,0.0,0.0,-99.296875,1.0
2012-09-25,9,634.1,1,251.09375,157.96875,157.96875,157.96875,0.0,1.0,1.0,1.0,0.0,0.0,0.0,0.0,-93.125,1.0
2012-09-26,0,611.3,1,203.4375,117.109375,117.109375,117.109375,0.0,1.0,1.0,1.0,0.0,0.0,0.0,0.0,-86.328125,1.0
2012-09-26,0,634.1,1,258.203125,116.09375,116.09375,116.09375,0.0,1.0,1.0,1.0,0.0,0.0,0.0,0.0,-142.109375,1.0
2012-09-26,1,611.3,1,192.96875,99.921875,99.921875,99.921875,0.0,1.0,1.0,1.0,0.0,0.0,0.0,0.0,-93.046875,1.0
2012-09-26,1,634.1,1,243.828125,104.921875,104.921875,104.921875,0.0,1.0,1.0,1.0,0.0,0.0,0.0,0.0,-138.90625,1.0
2012-09-26,2,611.3,1,192.8125,81.015625,81.015625,81.015625,0.0,1.0,1.0,1.0,0.0,0.0,0.0,0.0,-111.796875,1.0
2012-09-26,2,634.1,1,219.84375,71.5625,71.5625,71.5625,0.0,1.0,1.0,1.0,0.0,0.0,0.0,0.0,-148.28125,1.0
2012-09-26,3,611.3,1,239.921875,78.515625,78.515625,78.515625,0.0,1.0,1.0,1.0,0.0,0.0,0.0,0.0,-161.40625,1.0
2012-09-26,3,634.1,1,222.265625,72.109375,72.109375,72.109375,0.0,1.0,1.0,1.0,0.0,0.0,0.0,0.0,-150.15625,1.0
2012-09-26,4,611.3,1,200.546875,112.5,112.5,112.5,0.0,1.0,1.0,1.0,0.0,0.0,0.0,0.0,-88.046875,1.0
2012-09-26,4,634.1,1,241.5625,114.453125,114.453125,114.453125,0.0,1.0,1.0,1.0,0.0,0.0,0.0,0.0,-127.109375,1.0
2012-09-26,5,611.3,1,210.546875,89.53125,89.53125,89.53125,0.0,1.0,1.0,1.0,0.0,0.0,0.0,0.0,-121.015625,1.0
2012-09-26,5,634.1,1,250.546875,83.671875,83.671875,83.671875,0.0,1.0,1.0,1.0,0.0,0.0,0.0,0.0,-166.875,1.0
2012-09-26,6,611.3,1,214.921875,94.0625,94.0625,94.0625,0.0,1.0,1.0,1.0,0.0,0.0,0.0,0.0,-120.859375,1.0
2012-09-26,6,634.1,1,244.21875,105.0,105.0,105.0,0.0,1.0,1.0,1.0,0.0,0.0,0.0,0.0,-139.21875,1.0
2012-09-26,7,611.3,1,190.46875,90.3125,90.3125,90.3125,0.0,1.0,1.0,1.0,0.0,0.0,0.0,0.0,-100.15625,1.0
2012-09-26,7,634.1,1,235.46875,81.328125,81.328125,81.328125,0.0,1.0,1.0,1.0,0.0,0.0,0.0,0.0,-154.140625,1.0
2012-09-26,8,611.3,1,208.671875,117.8125,117.8125,117.8125,0.0,1.0,1.0,1.0,0.0,0.0,0.0,0.0,-90.859375,1.0
2012-09-26,8,634.1,1,227.34375,117.265625,117.265625,117.265625,0.0,1.0,1.0,1.0,0.0,0.0,0.0,0.0,-110.078125,1.0
2012-09-26,9,611.3,1,213.4375,110.546875,110.546875,110.546875,0.0,1.0,1.0,1.0,0.0,0.0,0.0,0.0,-102.890625,1.0
2012-09-26,9,634.1,1,252.1875,112.96875,112.96875,112.96875,0.0,1.0,1.0,1.0,0.0,0.0,0.0,0.0,-139.21875,1.0
2012-09-27,0,611.3,1,211.328125,112.96875,112.96875,112.96875,0.0,1.0,1.0,1.0,0.0,0.0,0.0,0.0,-98.359375,1.0
2012-09-27,0,634.1,1,256.328125,114.609375,114.609375,114.609375,0.0,1.0,1.0,1.0,0.0,0.0,0.0,0.0,-141.71875,1.0
2012-09-27,1,611.3,1,211.015625,101.015625,101.015625,101.015625,0.0,1.0,1.0,1.0,0.0,0.0,0.0,0.0,-110.0,1.0
2012-09-27,1,634.1,1,233.984375,107.96875,107.96875,107.96875,0.0,1.0,1.0,1.0,0.0,0.0,0.0,0.0,-126.015625,1.0
2012-09-27,2,611.3,1,203.75,89.296875,89.296875,89.296875,0.0,1.0,1.0,1.0,0.0,0.0,0.0,0.0,-114.453125,1.0
2012-09-27,2,634.1,1,211.796875,95.390625,95.390625,95.390625,0.0,1.0,1.0,1.0,0.0,0.0,0.0,0.0,-116.40625,1.0
2012-09-27,3,611.3,1,210.546875,97.578125,97.578125,97.578125,0.0,1.0,1.0,1.0,0.0,0.0,0.0,0.0,-112.96875,1.0
2012-09-27,3,634.1,1,216.328125,103.28125,103.28125,103.28125,0.0,1.0,1.0,1.0,0.0,0.0,0.0,0.0,-113.046875,1.0
2012-09-27,4,611.3,1,214.140625,105.3125,105.3125,105.3125,0.0,1.0,1.0,1.0,0.0,0.0,0.0,0.0,-108.828125,1.0
2012-09-27,4,634.1,1,234.21875,108.359375,108.359375,108.359375,0.0,1.0,1.0,1.0,0.0,0.0,0.0,0.0,-125.859375,1.0
2012-09-27,5,611.3,1,211.171875,91.40625,91.40625,91.40625,0.0,1.0,1.0,1.0,0.0,0.0,0.0,0.0,-119.765625,1.0
2012-09-27,5,634.1,1,251.40625,86.328125,86.328125,86.328125,0.0,1.0,1.0,1.0,0.0,0.0,0.0,0.0,-165.078125,1.0
2012-09-27,6,611.3,1,210.15625,109.84375,109.84375,109.84375,0.0,1.0,1.0,1.0,0.0,0.0,0.0,0.0,-100.3125,1.0
2012-09-27,6,634.1,1,216.25,113.4375,113.4375,113.4375,0.0,1.0,1.0,1.0,0.0,0.0,0.0,0.0,-102.8125,1.0
2012-09-27,7,611.3,1,187.65625,114.609375,114.609375,114.609375,0.0,1.0,1.0,1.0,0.0,0.0,0.0,0.0,-73.046875,1.0
2012-09-27,7,634.1,1,244.765625,114.140625,114.140625,114.140625,0.0,1.0,1.0,1.0,0.0,0.0,0.0,0.0,-130.625,1.0
2012-09-27,8,611.3,1,230.859375,97.890625,97.890625,97.890625,0.0,1.0,1.0,1.0,0.0,0.0,0.0,0.0,-132.96875,1.0
2012-09-27,8,634.1,1,231.328125,93.59375,93.59375,93.59375,0.0,1.0,1.0,1.0,0.0,0.0,0.0,0.0,-137.734375,1.0
2012-09-27,9,611.3,1,201.40625,118.671875,118.671875,118.671875,0.0,1.0,1.0,1.0,0.0,0.0,0.0,0.0,-82.734375,1.0
2012-09-27,9,634.1,1,251.796875,117.578125,117.578125,117.578125,0.0,1.0,1.0,1.0,0.0,0.0,0.0,0.0,-134.21875,1.0
2012-09-28,0,611.3,1,199.53125,116.796875,116.796875,116.796875,0.0,1.0,1.0,1.0,0.0,0.0,0.0,0.0,-82.734375,1.0
2012-09-28,0,634.1,1,256.640625,117.109375,117.109375,117.109375,0.0,1.0,1.0,1.0,0.0,0.0,0.0,0.0,-139.53125,1.0
2012-09-28,1,611.3,1,206.640625,119.6875,119.6875,119.6875,0.0,1.0,1.0,1.0,0.0,0.0,0.0,0.0,-86.953125,1.0
2012-09-28,1,634.1,1,224.0625,125.78125,125.78125,125.78125,0.0,1.0,1.0,1.0,0.0,0.0,0.0,0.0,-98.28125,1.0
2012-09-28,2,611.3,1,194.296875,90.703125,90.703125,90.703125,0.0,1.0,1.0,1.0,0.0,0.0,0.0,0.0,-103.59375,1.0
2012-09-28,2,634.1,1,217.265625,88.59375,88.59375,88.59375,0.0,1.0,1.0,1.0,0.0,0.0,0.0,0.0,-128.671875,1.0
2012-09-28,3,611.3,1,177.03125,92.5,92.5,92.5,0.0,1.0,1.0,1.0,0.0,0.0,0.0,0.0,-84.53125,1.0
2012-09-28,3,634.1,1,228.90625,87.421875,87.421875,87.421875,0.0,1.0,1.0,1.0,0.0,0.0,0.0,0.0,-141.484375,1.0
2012-09-28,4,611.3,1,236.5625,124.84375,124.84375,124.84375,0.0,1.0,1.0,1.0,0.0,0.0,0.0,0.0,-111.71875,1.0
2012-09-28,4,634.1,1,221.875,131.71875,131.71875,131.71875,0.0,1.0,1.0,1.0,0.0,0.0,0.0,0.0,-90.15625,1.0
2012-09-28,5,611.3,1,208.203125,96.71875,96.71875,96.71875,0.0,1.0,1.0,1.0,0.0,0.0,0.0,0.0,-111.484375,1.0
2012-09-28,5,634.1,1,251.40625,97.34375,97.34375,97.34375,0.0,1.0,1.0,1.0,0.0,0.0,0.0,0.0,-154.0625,1.0
2012-09-28,6,611.3,1,188.046875,111.25,111.25,111.25,0.0,1.0,1.0,1.0,0.0,0.0,0.0,0.0,-76.796875,1.0
2012-09-28,6,634.1,1,226.71875,116.328125,116.328125,116.328125,0.0,1.0,1.0,1.0,0.0,0.0,0.0,0.0,-110.390625,1.0
2012-09-28,7,611.3,1,182.890625,112.890625,112.890625,112.890625,0.0,1.0,1.0,1.0,0.0,0.0,0.0,0.0,-70.0,1.0
2012-09-28,7,634.1,1,244.296875,113.046875,113.046875,113.046875,0.0,1.0,1.0,1.0,0.0,0.0,0.0,0.0,-131.25,1.0
2012-09-28,8,611.3,1,192.34375,124.296875,124.296875,124.296875,0.0,1.0,1.0,1.0,0.0,0.0,0.0,0.0,-68.046875,1.0
2012-09-28,8,634.1,1,229.53125,122.734375,122.734375,122.734375,0.0,1.0,1.0,1.0,0.0,0.0,0.0,0.0,-106.796875,1.0
2012-09-28,9,611.3,1,195.46875,131.640625,131.640625,131.640625,0.0,1.0,1.0,1.0,0.0,0.0,0.0,0.0,-63.828125,1.0
2012-09-28,9,634.1,1,243.90625,132.578125,132.578125,132.578125,0.0,1.0,1.0,1.0,0.0,0.0,0.0,0.0,-111.328125,1.0
2012-09-29,0,611.3,1,198.203125,115.078125,115.078125,115.078125,0.0,1.0,1.0,1.0,0.0,0.0,0.0,0.0,-83.125,1.0
2012-09-29,0,634.1,1,257.265625,120.546875,120.546875,120.546875,0.0,1.0,1.0,1.0,0.0,0.0,0.0,0.0,-136.71875,1.0
2012-09-29,1,611.3,1,185.859375,125.15625,125.15625,125.15625,0.0,1.0,1.0,1.0,0.0,0.0,0.0,0.0,-60.703125,1.0
2012-09-29,1,634.1,1,229.6875,132.8125,132.8125,132.8125,0.0,1.0,1.0,1.0,0.0,0.0,0.0,0.0,-96.875,1.0
2012-09-29,2,611.3,1,186.484375,98.515625,98.515625,98.515625,0.0,1.0,1.0,1.0,0.0,0.0,0.0,0.0,-87.96875,1.0
2012-09-29,2,634.1,1,215.390625,102.109375,102.109375,102.109375,0.0,1.0,1.0,1.0,0.0,0.0,0.0,0.0,-113.28125,1.0
2012-09-29,3,611.3,1,181.171875,118.984375,118.984375,118.984375,0.0,1.0,1.0,1.0,0.0,0.0,0.0,0.0,-62.1875,1.0
2012-09-29,3,634.1,1,230.3125,120.078125,120.078125,120.078125,0.0,1.0,1.0,1.0,0.0,0.0,0.0,0.0,-110.234375,1.0
2012-09-29,4,611.3,1,228.28125,145.234375,145.234375,145.234375,0.0,1.0,1.0,1.0,0.0,0.0,0.0,0.0,-83.046875,1.0
2012-09-29,4,634.1,1,244.0625,146.71875,146.71875,146.71875,0.0,1.0,1.0,1.0,0.0,0.0,0.0,0.0,-97.34375,1.0
2012-09-29,5,611.3,1,179.21875,94.6875,94.6875,94.6875,0.0,1.0,1.0,1.0,0.0,0.0,0.0,0.0,-84.53125,1.0
2012-09-29,5,634.1,1,249.765625,96.71875,96.71875,96.71875,0.0,1.0,1.0,1.0,0.0,0.0,0.0,0.0,-153.046875,1.0
2012-09-29,6,611.3,1,232.1875,116.5625,116.5625,116.5625,0.0,1.0,1.0,1.0,0.0,0.0,0.0,0.0,-115.625,1.0
2012-09-29,6,634.1,1,232.890625,122.65625,122.65625,122.65625,0.0,1.0,1.0,1.0,0.0,0.0,0.0,0.0,-110.234375,1.0
2012-09-29,7,611.3,1,204.53125,109.453125,109.453125,109.453125,0.0,1.0,1.0,1.0,0.0,0.0,0.0,0.0,-95.078125,1.0
2012-09-29,7,634.1,1,236.640625,112.578125,112.578125,112.578125,0.0,1.0,1.0,1.0,0.0,0.0,0.0,0.0,-124.0625,1.0
2012-09-29,8,611.3,1,185.546875,111.25,111.25,111.25,0.0,1.0,1.0,1.0,0.0,0.0,0.0,0.0,-74.296875,1.0
2012-09-29,8,634.1,1,228.671875,114.140625,114.140625,114.140625,0.0,1.0,1.0,1.0,0.0,0.0,0.0,0.0,-114.53125,1.0
2012-09-29,9,611.3,1,213.4375,117.578125,117.578125,117.578125,0.0,1.0,1.0,1.0,0.0,0.0,0.0,0.0,-95.859375,1.0
2012-09-29,9,634.1,1,251.40625,119.53125,119.53125,119.53125,0.0,1.0,1.0,1.0,0.0,0.0,0.0,0.0,-131.875,1.0
2012-09-30,0,611.3,1,206.25,101.796875,101.796875,101.796875,0.0,1.0,1.0,1.0,0.0,0.0,0.0,0.0,-104.453125,1.0
2012-09-30,0,634.1,1,259.0625,91.796875,91.796875,91.796875,0.0,1.0,1.0,1.0,0.0,0.0,0.0,0.0,-167.265625,1.0
2012-09-30,1,611.3,1,191.71875,106.40625,106.40625,106.40625,0.0,1.0,1.0,1.0,0.0,0.0,0.0,0.0,-85.3125,1.0
2012-09-30,1,634.1,1,225.9375,104.0625,104.0625,104.0625,0.0,1.0,1.0,1.0,0.0,0.0,0.0,0.0,-121.875,1.0
2012-09-30,2,611.3,1,175.0,86.71875,86.71875,86.71875,0.0,1.0,1.0,1.0,0.0,0.0,0.0,0.0,-88.28125,1.0
2012-09-30,2,634.1,1,209.921875,71.484375,71.484375,71.484375,0.0,1.0,1.0,1.0,0.0,0.0,0.0,0.0,-138.4375,1.0
2012-09-30,3,611.3,1,176.015625,95.546875,95.546875,95.546875,0.0,1.0,1.0,1.0,0.0,0.0,0.0,0.0,-80.46875,1.0
2012-09-30,3,634.1,1,240.78125,82.265625,82.265625,82.265625,0.0,1.0,1.0,1.0,0.0,0.0,0.0,0.0,-158.515625,1.0
2012-09-30,4,611.3,1,215.0,106.171875,106.171875,106.171875,0.0,1.0,1.0,1.0,0.0,0.0,0.0,0.0,-108.828125,1.0
2012-09-30,4,634.1,1,220.546875,104.921875,104.921875,104.921875,0.0,1.0,1.0,1.0,0.0,0.0,0.0,0.0,-115.625,1.0
2012-09-30,5,611.3,1,183.28125,114.0625,114.0625,114.0625,0.0,1.0,1.0,1.0,0.0,0.0,0.0,0.0,-69.21875,1.0
2012-09-30,5,634.1,1,249.140625,104.0625,104.0625,104.0625,0.0,1.0,1.0,1.0,0.0,0.0,0.0,0.0,-145.078125,1.0
2012-09-30,6,611.3,1,198.125,125.703125,125.703125,125.703125,0.0,1.0,1.0,1.0,0.0,0.0,0.0,0.0,-72.421875,1.0
2012-09-30,6,634.1,1,229.375,123.359375,123.359375,123.359375,0.0,1.0,1.0,1.0,0.0,0.0,0.0,0.0,-106.015625,1.0
2012-09-30,7,611.3,1,186.25,93.046875,93.046875,93.046875,0.0,1.0,1.0,1.0,0.0,0.0,0.0,0.0,-93.203125,1.0
2012-09-30,7,634.1,1,234.453125,82.8125,82.8125,82.8125,0.0,1.0,1.0,1.0,0.0,0.0,0.0,0.0,-151.640625,1.0
2012-09-30,8,611.3,1,190.78125,117.265625,117.265625,117.265625,0.0,1.0,1.0,1.0,0.0,0.0,0.0,0.0,-73.515625,1.0
2012-09-30,8,634.1,1,222.96875,105.46875,105.46875,105.46875,0.0,1.0,1.0,1.0,0.0,0.0,0.0,0.0,-117.5,1.0
2012-09-30,9,611.3,1,212.109375,121.25,121.25,121.25,0.0,1.0,1.0,1.0,0.0,0.0,0.0,0.0,-90.859375,1.0
2012-09-30,9,634.1,1,247.96875,114.609375,114.609375,114.609375,0.0,1.0,1.0,1.0,0.0,0.0,0.0,0.0,-133.359375,1.0
2012-10-01,0,611.3,1,201.796875,130.703125,130.703125,130.703125,0.0,1.0,1.0,1.0,0.0,0.0,0.0,0.0,-71.09375,1.0
2012-10-01,0,634.1,1,256.875,130.078125,130.078125,130.078125,0.0,1.0,1.0,1.0,0.0,0.0,0.0,0.0,-126.796875,1.0
2012-10-01,1,611.3,1,186.5625,130.625,130.625,130.625,0.0,1.0,1.0,1.0,0.0,0.0,0.0,0.0,-55.9375,1.0
2012-10-01,1,634.1,1,231.640625,134.296875,134.296875,134.296875,0.0,1.0,1.0,1.0,0.0,0.0,0.0,0.0,-97.34375,1.0
2012-10-01,2,611.3,1,198.671875,97.421875,97.421875,97.421875,0.0,1.0,1.0,1.0,0.0,0.0,0.0,0.0,-101.25,1.0
2012-10-01,2,634.1,1,229.296875,98.359375,98.359375,98.359375,0.0,1.0,1.0,1.0,0.0,0.0,0.0,0.0,-130.9375,1.0
2012-10-01,3,611.3,1,205.0,102.265625,102.265625,102.265625,0.0,1.0,1.0,1.0,0.0,0.0,0.0,0.0,-102.734375,1.0
2012-10-01,3,634.1,1,231.484375,111.09375,111.09375,111.09375,0.0,1.0,1.0,1.0,0.0,0.0,0.0,0.0,-120.390625,1.0
2012-10-01,4,611.3,1,218.984375,139.609375,139.609375,139.609375,0.0,1.0,1.0,1.0,0.0,0.0,0.0,0.0,-79.375,1.0
2012-10-01,4,634.1,1,246.953125,144.84375,144.84375,144.84375,0.0,1.0,1.0,1.0,0.0,0.0,0.0,0.0,-102.109375,1.0
2012-10-01,5,611.3,1,177.65625,112.5,112.5,112.5,0.0,1.0,1.0,1.0,0.0,0.0,0.0,0.0,-65.15625,1.0
2012-10-01,5,634.1,1,247.65625,116.171875,116.171875,116.171875,0.0,1.0,1.0,1.0,0.0,0.0,0.0,0.0,-131.484375,1.0
2012-10-01,6,611.3,1,210.3125,124.53125,124.53125,124.53125,0.0,1.0,1.0,1.0,0.0,0.0,0.0,0.0,-85.78125,1.0
2012-10-01,6,634.1,1,225.390625,130.546875,130.546875,130.546875,0.0,1.0,1.0,1.0,0.0,0.0,0.0,0.0,-94.84375,1.0
2012-10-01,7,611.3,1,217.265625,137.421875,137.421875,137.421875,0.0,1.0,1.0,1.0,0.0,0.0,0.0,0.0,-79.84375,1.0
2012-10-01,7,634.1,1,251.40625,133.59375,133.59375,133.59375,0.0,1.0,1.0,1.0,0.0,0.0,0.0,0.0,-117.8125,1.0
2012-10-01,8,611.3,1,194.140625,121.171875,121.171875,121.171875,0.0,1.0,1.0,1.0,0.0,0.0,0.0,0.0,-72.96875,1.0
2012-10-01,8,634.1,1,229.921875,120.0,120.0,120.0,0.0,1.0,1.0,1.0,0.0,0.0,0.0,0.0,-109.921875,1.0
2012-10-01,9,611.3,1,206.40625,132.109375,132.109375,132.109375,0.0,1.0,1.0,1.0,0.0,0.0,0.0,0.0,-74.296875,1.0
2012-10-01,9,634.1,1,245.625,130.390625,130.390625,130.390625,0.0,1.0,1.0,1.0,0.0,0.0,0.0,0.0,-115.234375,1.0
2012-10-02,0,611.3,1,193.359375,102.8125,102.8125,102.8125,0.0,1.0,1.0,1.0,0.0,0.0,0.0,0.0,-90.546875,1.0
2012-10-02,0,634.1,1,257.265625,95.46875,95.46875,95.46875,0.0,1.0,1.0,1.0,0.0,0.0,0.0,0.0,-161.796875,1.0
2012-10-02,1,611.3,1,198.203125,107.890625,107.890625,107.890625,0.0,1.0,1.0,1.0,0.0,0.0,0.0,0.0,-90.3125,1.0
2012-10-02,1,634.1,1,230.78125,111.875,111.875,111.875,0.0,1.0,1.0,1.0,0.0,0.0,0.0,0.0,-118.90625,1.0
2012-10-02,2,611.3,1,199.375,91.953125,91.953125,91.953125,0.0,1.0,1.0,1.0,0.0,0.0,0.0,0.0,-107.421875,1.0
2012-10-02,2,634.1,1,231.5625,81.09375,81.09375,81.09375,0.0,1.0,1.0,1.0,0.0,0.0,0.0,0.0,-150.46875,1.0
2012-10-02,3,611.3,1,207.734375,95.15625,95.15625,95.15625,0.0,1.0,1.0,1.0,0.0,0.0,0.0,0.0,-112.578125,1.0
2012-10-02,3,634.1,1,226.953125,85.703125,85.703125,85.703125,0.0,1.0,1.0,1.0,0.0,0.0,0.0,0.0,-141.25,1.0
2012-10-02,4,611.3,1,218.125,93.203125,93.203125,93.203125,0.0,1.0,1.0,1.0,0.0,0.0,0.0,0.0,-124.921875,1.0
2012-10-02,4,634.1,1,251.71875,92.1875,92.1875,92.1875,0.0,1.0,1.0,1.0,0.0,0.0,0.0,0.0,-159.53125,1.0
2012-10-02,5,611.3,1,186.25,74.296875,74.296875,74.296875,0.0,1.0,1.0,1.0,0.0,0.0,0.0,0.0,-111.953125,1.0
2012-10-02,5,634.1,1,247.734375,60.234375,60.234375,60.234375,0.0,1.0,1.0,1.0,0.0,0.0,0.0,0.0,-187.5,1.0
2012-10-02,6,611.3,1,204.53125,107.734375,107.734375,107.734375,0.0,1.0,1.0,1.0,0.0,0.0,0.0,0.0,-96.796875,1.0
2012-10-02,6,634.1,1,232.65625,109.53125,109.53125,109.53125,0.0,1.0,1.0,1.0,0.0,0.0,0.0,0.0,-123.125,1.0
2012-10-02,7,611.3,1,187.734375,91.171875,91.171875,91.171875,0.0,1.0,1.0,1.0,0.0,0.0,0.0,0.0,-96.5625,1.0
2012-10-02,7,634.1,1,239.140625,78.28125,78.28125,78.28125,0.0,1.0,1.0,1.0,0.0,0.0,0.0,0.0,-160.859375,1.0
2012-10-02,8,611.3,1,203.28125,76.71875,76.71875,76.71875,0.0,1.0,1.0,1.0,0.0,0.0,0.0,0.0,-126.5625,1.0
2012-10-02,8,634.1,1,227.890625,59.609375,59.609375,59.609375,0.0,1.0,1.0,1.0,0.0,0.0,0.0,0.0,-168.28125,1.0
2012-10-02,9,611.3,1,205.46875,99.21875,99.21875,99.21875,0.0,1.0,1.0,1.0,0.0,0.0,0.0,0.0,-106.25,1.0
2012-10-02,9,634.1,1,240.15625,99.53125,99.53125,99.53125,0.0,1.0,1.0,1.0,0.0,0.0,0.0,0.0,-140.625,1.0
2012-10-03,0,611.3,1,200.078125,106.328125,106.328125,106.328125,0.0,1.0,1.0,1.0,0.0,0.0,0.0,0.0,-93.75,1.0
2012-10-03,0,634.1,1,259.21875,96.5625,96.5625,96.5625,0.0,1.0,1.0,1.0,0.0,0.0,0.0,0.0,-162.65625,1.0
2012-10-03,1,611.3,1,180.0,111.40625,111.40625,111.40625,0.0,1.0,1.0,1.0,0.0,0.0,0.0,0.0,-68.59375,1.0
2012-10-03,1,634.1,1,237.5,111.5625,111.5625,111.5625,0.0,1.0,1.0,1.0,0.0,0.0,0.0,0.0,-125.9375,1.0
2012-10-03,2,611.3,1,210.234375,89.0625,89.0625,89.0625,0.0,1.0,1.0,1.0,0.0,0.0,0.0,0.0,-121.171875,1.0
2012-10-03,2,634.1,1,224.21875,77.265625,77.265625,77.265625,0.0,1.0,1.0,1.0,0.0,0.0,0.0,0.0,-146.953125,1.0
2012-10-03,3,611.3,1,196.40625,86.953125,86.953125,86.953125,0.0,1.0,1.0,1.0,0.0,0.0,0.0,0.0,-109.453125,1.0
2012-10-03,3,634.1,1,222.890625,70.3125,70.3125,70.3125,0.0,1.0,1.0,1.0,0.0,0.0,0.0,0.0,-152.578125,1.0
2012-10-03,4,611.3,1,218.515625,115.078125,115.078125,115.078125,0.0,1.0,1.0,1.0,0.0,0.0,0.0,0.0,-103.4375,1.0
2012-10-03,4,634.1,1,242.5,114.53125,114.53125,114.53125,0.0,1.0,1.0,1.0,0.0,0.0,0.0,0.0,-127.96875,1.0
2012-10-03,5,611.3,1,192.890625,74.296875,74.296875,74.296875,0.0,1.0,1.0,1.0,0.0,0.0,0.0,0.0,-118.59375,1.0
2012-10-03,5,634.1,1,244.921875,58.203125,58.203125,58.203125,0.0,1.0,1.0,1.0,0.0,0.0,0.0,0.0,-186.71875,1.0
2012-10-03,6,611.3,1,190.078125,103.359375,103.359375,103.359375,0.0,1.0,1.0,1.0,0.0,0.0,0.0,0.0,-86.71875,1.0
2012-10-03,6,634.1,1,225.078125,100.078125,100.078125,100.078125,0.0,1.0,1.0,1.0,0.0,0.0,0.0,0.0,-125.0,1.0
2012-10-03,7,611.3,1,191.953125,94.375,94.375,94.375,0.0,1.0,1.0,1.0,0.0,0.0,0.0,0.0,-97.578125,1.0
2012-10-03,7,634.1,1,246.015625,86.875,86.875,86.875,0.0,1.0,1.0,1.0,0.0,0.0,0.0,0.0,-159.140625,1.0
2012-10-03,8,611.3,1,193.671875,89.296875,89.296875,89.296875,0.0,1.0,1.0,1.0,0.0,0.0,0.0,0.0,-104.375,1.0
2012-10-03,8,634.1,1,233.359375,83.515625,83.515625,83.515625,0.0,1.0,1.0,1.0,0.0,0.0,0.0,0.0,-149.84375,1.0
2012-10-03,9,611.3,1,191.171875,94.609375,94.609375,94.609375,0.0,1.0,1.0,1.0,0.0,0.0,0.0,0.0,-96.5625,1.0
2012-10-03,9,634.1,1,250.78125,85.78125,85.78125,85.78125,0.0,1.0,1.0,1.0,0.0,0.0,0.0,0.0,-165.0,1.0
2012-10-04,0,611.3,1,200.46875,103.28125,103.28125,103.28125,0.0,1.0,1.0,1.0,0.0,0.0,0.0,0.0,-97.1875,1.0
2012-10-04,0,634.1,1,257.96875,96.953125,96.953125,96.953125,0.0,1.0,1.0,1.0,0.0,0.0,0.0,0.0,-161.015625,1.0
2012-10-04,1,611.3,1,237.421875,119.84375,119.84375,119.84375,0.0,1.0,1.0,1.0,0.0,0.0,0.0,0.0,-117.578125,1.0
2012-10-04,1,634.1,1,231.640625,120.859375,120.859375,120.859375,0.0,1.0,1.0,1.0,0.0,0.0,0.0,0.0,-110.78125,1.0
2012-10-04,2,611.3,1,208.4375,87.03125,87.03125,87.03125,0.0,1.0,1.0,1.0,0.0,0.0,0.0,0.0,-121.40625,1.0
2012-10-04,2,634.1,1,224.84375,77.1875,77.1875,77.1875,0.0,1.0,1.0,1.0,0.0,0.0,0.0,0.0,-147.65625,1.0
2012-10-04,3,611.3,1,180.15625,82.421875,82.421875,82.421875,0.0,1.0,1.0,1.0,0.0,0.0,0.0,0.0,-97.734375,1.0
2012-10-04,3,634.1,1,213.28125,75.859375,75.859375,75.859375,0.0,1.0,1.0,1.0,0.0,0.0,0.0,0.0,-137.421875,1.0
2012-10-04,4,611.3,1,195.078125,130.0,130.0,130.0,0.0,1.0,1.0,1.0,0.0,0.0,0.0,0.0,-65.078125,1.0
2012-10-04,4,634.1,1,241.328125,127.578125,127.578125,127.578125,0.0,1.0,1.0,1.0,0.0,0.0,0.0,0.0,-113.75,1.0
2012-10-04,5,611.3,1,195.0,86.171875,86.171875,86.171875,0.0,1.0,1.0,1.0,0.0,0.0,0.0,0.0,-108.828125,1.0
2012-10-04,5,634.1,1,241.796875,72.1875,72.1875,72.1875,0.0,1.0,1.0,1.0,0.0,0.0,0.0,0.0,-169.609375,1.0
2012-10-04,6,611.3,1,192.03125,105.15625,105.15625,105.15625,0.0,1.0,1.0,1.0,0.0,0.0,0.0,0.0,-86.875,1.0
2012-10-04,6,634.1,1,221.953125,105.9375,105.9375,105.9375,0.0,1.0,1.0,1.0,0.0,0.0,0.0,0.0,-116.015625,1.0
2012-10-04,7,611.3,1,204.21875,108.4375,108.4375,108.4375,0.0,1.0,1.0,1.0,0.0,0.0,0.0,0.0,-95.78125,1.0
2012-10-04,7,634.1,1,239.140625,101.171875,101.171875,101.171875,0.0,1.0,1.0,1.0,0.0,0.0,0.0,0.0,-137.96875,1.0
2012-10-04,8,611.3,1,195.390625,100.390625,100.390625,100.390625,0.0,1.0,1.0,1.0,0.0,0.0,0.0,0.0,-95.0,1.0
2012-10-04,8,634.1,1,226.71875,89.296875,89.296875,89.296875,0.0,1.0,1.0,1.0,0.0,0.0,0.0,0.0,-137.421875,1.0
2012-10-04,9,611.3,1,204.296875,124.6875,124.6875,124.6875,0.0,1.0,1.0,1.0,0.0,0.0,0.0,0.0,-79.609375,1.0
2012-10-04,9,634.1,1,251.25,118.671875,118.671875,118.671875,0.0,1.0,1.0,1.0,0.0,0.0,0.0,0.0,-132.578125,1.0
2012-10-05,0,611.3,1,201.875,127.34375,127.34375,127.34375,0.0,1.0,1.0,1.0,0.0,0.0,0.0,0.0,-74.53125,1.0
2012-10-05,0,634.1,1,257.578125,121.5625,121.5625,121.5625,0.0,1.0,1.0,1.0,0.0,0.0,0.0,0.0,-136.015625,1.0
2012-10-05,1,611.3,1,211.71875,118.359375,118.359375,118.359375,0.0,1.0,1.0,1.0,0.0,0.0,0.0,0.0,-93.359375,1.0
2012-10-05,1,634.1,1,234.296875,119.140625,119.140625,119.140625,0.0,1.0,1.0,1.0,0.0,0.0,0.0,0.0,-115.15625,1.0
2012-10-05,2,611.3,1,186.640625,99.6875,99.6875,99.6875,0.0,1.0,1.0,1.0,0.0,0.0,0.0,0.0,-86.953125,1.0
2012-10-05,2,634.1,1,205.9375,96.171875,96.171875,96.171875,0.0,1.0,1.0,1.0,0.0,0.0,0.0,0.0,-109.765625,1.0
2012-10-05,3,611.3,1,197.421875,103.046875,103.046875,103.046875,0.0,1.0,1.0,1.0,0.0,0.0,0.0,0.0,-94.375,1.0
2012-10-05,3,634.1,1,215.9375,93.984375,93.984375,93.984375,0.0,1.0,1.0,1.0,0.0,0.0,0.0,0.0,-121.953125,1.0
2012-10-05,4,611.3,1,249.21875,116.484375,116.484375,116.484375,0.0,1.0,1.0,1.0,0.0,0.0,0.0,0.0,-132.734375,1.0
2012-10-05,4,634.1,1,239.453125,114.84375,114.84375,114.84375,0.0,1.0,1.0,1.0,0.0,0.0,0.0,0.0,-124.609375,1.0
2012-10-05,5,611.3,1,190.703125,114.0625,114.0625,114.0625,0.0,1.0,1.0,1.0,0.0,0.0,0.0,0.0,-76.640625,1.0
2012-10-05,5,634.1,1,251.484375,107.03125,107.03125,107.03125,0.0,1.0,1.0,1.0,0.0,0.0,0.0,0.0,-144.453125,1.0
2012-10-05,6,611.3,1,204.765625,119.21875,119.21875,119.21875,0.0,1.0,1.0,1.0,0.0,0.0,0.0,0.0,-85.546875,1.0
2012-10-05,6,634.1,1,218.75,119.0625,119.0625,119.0625,0.0,1.0,1.0,1.0,0.0,0.0,0.0,0.0,-99.6875,1.0
2012-10-05,7,611.3,1,235.0,132.03125,132.03125,132.03125,0.0,1.0,1.0,1.0,0.0,0.0,0.0,0.0,-102.96875,1.0
2012-10-05,7,634.1,1,234.6875,124.453125,124.453125,124.453125,0.0,1.0,1.0,1.0,0.0,0.0,0.0,0.0,-110.234375,1.0
2012-10-05,8,611.3,1,236.25,135.390625,135.390625,135.390625,0.0,1.0,1.0,1.0,0.0,0.0,0.0,0.0,-100.859375,1.0
2012-10-05,8,634.1,1,212.109375,143.28125,143.28125,143.28125,0.0,1.0,1.0,1.0,0.0,0.0,0.0,0.0,-68.828125,1.0
2012-10-05,9,611.3,1,203.671875,123.046875,123.046875,123.046875,0.0,1.0,1.0,1.0,0.0,0.0,0.0,0.0,-80.625,1.0
2012-10-05,9,634.1,1,251.015625,116.71875,116.71875,116.71875,0.0,1.0,1.0,1.0,0.0,0.0,0.0,0.0,-134.296875,1.0
2012-10-06,0,611.3,1,216.328125,157.109375,157.109375,157.109375,0.0,1.0,1.0,1.0,0.0,0.0,0.0,0.0,-59.21875,1.0
2012-10-06,0,634.1,1,262.34375,175.70546875,179.0625,179.0625,0.0,1.0,1.0,1.0,3.3570312500000057,0.0,0.0,0.0,-83.28125,1.0
2012-10-06,1,611.3,1,223.75,148.4375,148.4375,148.4375,0.0,1.0,1.0,1.0,0.0,0.0,0.0,0.0,-75.3125,1.0
2012-10-06,1,634.1,1,244.6875,171.640625,171.640625,171.640625,0.0,1.0,1.0,1.0,0.0,0.0,0.0,0.0,-73.046875,1.0
2012-10-06,2,611.3,1,221.328125,151.40625,151.40625,151.40625,0.0,1.0,1.0,1.0,0.0,0.0,0.0,0.0,-69.921875,1.0
2012-10-06,2,634.1,1,220.78125,173.046875,173.046875,173.046875,0.0,1.0,1.0,1.0,0.0,0.0,0.0,0.0,-47.734375,1.0
2012-10-06,3,611.3,1,211.796875,142.734375,142.734375,142.734375,0.0,1.0,1.0,1.0,0.0,0.0,0.0,0.0,-69.0625,1.0
2012-10-06,3,634.1,1,218.125,169.0625,169.0625,169.0625,0.0,1.0,1.0,1.0,0.0,0.0,0.0,0.0,-49.0625,1.0
2012-10-06,4,611.3,1,236.953125,151.328125,151.328125,151.328125,0.0,1.0,1.0,1.0,0.0,0.0,0.0,0.0,-85.625,1.0
2012-10-06,4,634.1,1,225.078125,172.96875,172.96875,172.96875,0.0,1.0,1.0,1.0,0.0,0.0,0.0,0.0,-52.109375,1.0
2012-10-06,5,611.3,1,212.03125,130.46875,130.46875,130.46875,0.0,1.0,1.0,1.0,0.0,0.0,0.0,0.0,-81.5625,1.0
2012-10-06,5,634.1,1,244.84375,163.515625,163.515625,163.515625,0.0,1.0,1.0,1.0,0.0,0.0,0.0,0.0,-81.328125,1.0
2012-10-06,6,611.3,1,213.359375,137.421875,137.421875,137.421875,0.0,1.0,1.0,1.0,0.0,0.0,0.0,0.0,-75.9375,1.0
2012-10-06,6,634.1,1,211.953125,166.640625,166.640625,166.640625,0.0,1.0,1.0,1.0,0.0,0.0,0.0,0.0,-45.3125,1.0
2012-10-06,7,611.3,1,211.5625,156.796875,156.796875,156.796875,0.0,1.0,1.0,1.0,0.0,0.0,0.0,0.0,-54.765625,1.0
2012-10-06,7,634.1,1,247.109375,177.734375,177.734375,177.734375,0.0,1.0,1.0,1.0,0.0,0.0,0.0,0.0,-69.375,1.0
2012-10-06,8,611.3,1,211.953125,143.984375,143.984375,143.984375,0.0,1.0,1.0,1.0,0.0,0.0,0.0,0.0,-67.96875,1.0
2012-10-06,8,634.1,1,227.265625,169.6875,169.6875,169.6875,0.0,1.0,1.0,1.0,0.0,0.0,0.0,0.0,-57.578125,1.0
2012-10-06,9,611.3,1,222.1875,143.515625,143.515625,143.515625,0.0,1.0,1.0,1.0,0.0,0.0,0.0,0.0,-78.671875,1.0
2012-10-06,9,634.1,1,252.109375,169.453125,169.453125,169.453125,0.0,1.0,1.0,1.0,0.0,0.0,0.0,0.0,-82.65625,1.0
2012-10-07,0,611.3,1,236.71875,108.828125,108.828125,108.828125,0.0,1.0,1.0,1.0,0.0,0.0,0.0,0.0,-127.890625,1.0
2012-10-07,0,634.1,1,261.40625,92.34375,92.34375,92.34375,0.0,1.0,1.0,1.0,0.0,0.0,0.0,0.0,-169.0625,1.0
2012-10-07,1,611.3,1,212.109375,125.703125,125.703125,125.703125,0.0,1.0,1.0,1.0,0.0,0.0,0.0,0.0,-86.40625,1.0
2012-10-07,1,634.1,1,226.875,121.5625,121.5625,121.5625,0.0,1.0,1.0,1.0,0.0,0.0,0.0,0.0,-105.3125,1.0
2012-10-07,2,611.3,1,195.78125,112.890625,112.890625,112.890625,0.0,1.0,1.0,1.0,0.0,0.0,0.0,0.0,-82.890625,1.0
2012-10-07,2,634.1,1,220.546875,101.40625,101.40625,101.40625,0.0,1.0,1.0,1.0,0.0,0.0,0.0,0.0,-119.140625,1.0
2012-10-07,3,611.3,1,199.6875,90.3125,90.3125,90.3125,0.0,1.0,1.0,1.0,0.0,0.0,0.0,0.0,-109.375,1.0
2012-10-07,3,634.1,1,225.15625,70.390625,70.390625,70.390625,0.0,1.0,1.0,1.0,0.0,0.0,0.0,0.0,-154.765625,1.0
2012-10-07,4,611.3,1,222.5,130.15625,130.15625,130.15625,0.0,1.0,1.0,1.0,0.0,0.0,0.0,0.0,-92.34375,1.0
2012-10-07,4,634.1,1,237.96875,123.203125,123.203125,123.203125,0.0,1.0,1.0,1.0,0.0,0.0,0.0,0.0,-114.765625,1.0
2012-10-07,5,611.3,1,204.21875,75.0,75.0,75.0,0.0,1.0,1.0,1.0,0.0,0.0,0.0,0.0,-129.21875,1.0
2012-10-07,5,634.1,1,251.875,51.40625,51.40625,51.40625,0.0,1.0,1.0,1.0,0.0,0.0,0.0,0.0,-200.46875,1.0
2012-10-07,6,611.3,1,218.75,141.171875,141.171875,141.171875,0.0,1.0,1.0,1.0,0.0,0.0,0.0,0.0,-77.578125,1.0
2012-10-07,6,634.1,1,232.1875,133.28125,133.28125,133.28125,0.0,1.0,1.0,1.0,0.0,0.0,0.0,0.0,-98.90625,1.0
2012-10-07,7,611.3,1,210.703125,102.578125,102.578125,102.578125,0.0,1.0,1.0,1.0,0.0,0.0,0.0,0.0,-108.125,1.0
2012-10-07,7,634.1,1,244.84375,87.109375,87.109375,87.109375,0.0,1.0,1.0,1.0,0.0,0.0,0.0,0.0,-157.734375,1.0
2012-10-07,8,611.3,1,206.40625,108.046875,108.046875,108.046875,0.0,1.0,1.0,1.0,0.0,0.0,0.0,0.0,-98.359375,1.0
2012-10-07,8,634.1,1,234.84375,90.234375,90.234375,90.234375,0.0,1.0,1.0,1.0,0.0,0.0,0.0,0.0,-144.609375,1.0
2012-10-07,9,611.3,1,224.53125,123.28125,123.28125,123.28125,0.0,1.0,1.0,1.0,0.0,0.0,0.0,0.0,-101.25,1.0
2012-10-07,9,634.1,1,252.8125,113.75,113.75,113.75,0.0,1.0,1.0,1.0,0.0,0.0,0.0,0.0,-139.0625,1.0
2012-10-08,0,611.3,1,217.8125,118.515625,118.515625,118.515625,0.0,1.0,1.0,1.0,0.0,0.0,0.0,0.0,-99.296875,1.0
2012-10-08,0,634.1,1,257.265625,126.5625,126.5625,126.5625,0.0,1.0,1.0,1.0,0.0,0.0,0.0,0.0,-130.703125,1.0
2012-10-08,1,611.3,1,213.4375,118.203125,118.203125,118.203125,0.0,1.0,1.0,1.0,0.0,0.0,0.0,0.0,-95.234375,1.0
2012-10-08,1,634.1,1,226.875,129.0625,129.0625,129.0625,0.0,1.0,1.0,1.0,0.0,0.0,0.0,0.0,-97.8125,1.0
2012-10-08,2,611.3,1,198.828125,113.515625,113.515625,113.515625,0.0,1.0,1.0,1.0,0.0,0.0,0.0,0.0,-85.3125,1.0
2012-10-08,2,634.1,1,219.6875,124.453125,124.453125,124.453125,0.0,1.0,1.0,1.0,0.0,0.0,0.0,0.0,-95.234375,1.0
2012-10-08,3,611.3,1,223.75,113.984375,113.984375,113.984375,0.0,1.0,1.0,1.0,0.0,0.0,0.0,0.0,-109.765625,1.0
2012-10-08,3,634.1,1,224.453125,122.65625,122.65625,122.65625,0.0,1.0,1.0,1.0,0.0,0.0,0.0,0.0,-101.796875,1.0
2012-10-08,4,611.3,1,203.359375,132.734375,132.734375,132.734375,0.0,1.0,1.0,1.0,0.0,0.0,0.0,0.0,-70.625,1.0
2012-10-08,4,634.1,1,251.796875,138.4375,138.4375,138.4375,0.0,1.0,1.0,1.0,0.0,0.0,0.0,0.0,-113.359375,1.0
2012-10-08,5,611.3,1,202.578125,104.53125,104.53125,104.53125,0.0,1.0,1.0,1.0,0.0,0.0,0.0,0.0,-98.046875,1.0
2012-10-08,5,634.1,1,232.421875,112.890625,112.890625,112.890625,0.0,1.0,1.0,1.0,0.0,0.0,0.0,0.0,-119.53125,1.0
2012-10-08,6,611.3,1,198.984375,122.734375,122.734375,122.734375,0.0,1.0,1.0,1.0,0.0,0.0,0.0,0.0,-76.25,1.0
2012-10-08,6,634.1,1,217.734375,133.75,133.75,133.75,0.0,1.0,1.0,1.0,0.0,0.0,0.0,0.0,-83.984375,1.0
2012-10-08,7,611.3,1,205.078125,113.75,113.75,113.75,0.0,1.0,1.0,1.0,0.0,0.0,0.0,0.0,-91.328125,1.0
2012-10-08,7,634.1,1,251.09375,121.25,121.25,121.25,0.0,1.0,1.0,1.0,0.0,0.0,0.0,0.0,-129.84375,1.0
2012-10-08,8,611.3,1,212.265625,108.984375,108.984375,108.984375,0.0,1.0,1.0,1.0,0.0,0.0,0.0,0.0,-103.28125,1.0
2012-10-08,8,634.1,1,241.796875,113.359375,113.359375,113.359375,0.0,1.0,1.0,1.0,0.0,0.0,0.0,0.0,-128.4375,1.0
2012-10-08,9,611.3,1,204.765625,129.296875,129.296875,129.296875,0.0,1.0,1.0,1.0,0.0,0.0,0.0,0.0,-75.46875,1.0
2012-10-08,9,634.1,1,229.375,140.390625,140.390625,140.390625,0.0,1.0,1.0,1.0,0.0,0.0,0.0,0.0,-88.984375,1.0
2012-10-09,0,611.3,1,241.640625,102.96875,102.96875,102.96875,0.0,1.0,1.0,1.0,0.0,0.0,0.0,0.0,-138.671875,1.0
2012-10-09,0,634.1,1,258.203125,107.03125,107.03125,107.03125,0.0,1.0,1.0,1.0,0.0,0.0,0.0,0.0,-151.171875,1.0
2012-10-09,1,611.3,1,207.96875,120.703125,120.703125,120.703125,0.0,1.0,1.0,1.0,0.0,0.0,0.0,0.0,-87.265625,1.0
2012-10-09,1,634.1,1,232.03125,128.59375,128.59375,128.59375,0.0,1.0,1.0,1.0,0.0,0.0,0.0,0.0,-103.4375,1.0
2012-10-09,2,611.3,1,210.0,104.375,104.375,104.375,0.0,1.0,1.0,1.0,0.0,0.0,0.0,0.0,-105.625,1.0
2012-10-09,2,634.1,1,216.953125,98.046875,98.046875,98.046875,0.0,1.0,1.0,1.0,0.0,0.0,0.0,0.0,-118.90625,1.0
2012-10-09,3,611.3,1,216.875,83.046875,83.046875,83.046875,0.0,1.0,1.0,1.0,0.0,0.0,0.0,0.0,-133.828125,1.0
2012-10-09,3,634.1,1,226.40625,81.640625,81.640625,81.640625,0.0,1.0,1.0,1.0,0.0,0.0,0.0,0.0,-144.765625,1.0
2012-10-09,4,611.3,1,212.34375,100.46875,100.46875,100.46875,0.0,1.0,1.0,1.0,0.0,0.0,0.0,0.0,-111.875,1.0
2012-10-09,4,634.1,1,243.75,101.5625,101.5625,101.5625,0.0,1.0,1.0,1.0,0.0,0.0,0.0,0.0,-142.1875,1.0
2012-10-09,5,611.3,1,212.96875,87.1875,87.1875,87.1875,0.0,1.0,1.0,1.0,0.0,0.0,0.0,0.0,-125.78125,1.0
2012-10-09,5,634.1,1,248.125,79.21875,79.21875,79.21875,0.0,1.0,1.0,1.0,0.0,0.0,0.0,0.0,-168.90625,1.0
2012-10-09,6,611.3,1,209.609375,121.328125,121.328125,121.328125,0.0,1.0,1.0,1.0,0.0,0.0,0.0,0.0,-88.28125,1.0
2012-10-09,6,634.1,1,231.875,128.671875,128.671875,128.671875,0.0,1.0,1.0,1.0,0.0,0.0,0.0,0.0,-103.203125,1.0
2012-10-09,7,611.3,1,206.875,104.21875,104.21875,104.21875,0.0,1.0,1.0,1.0,0.0,0.0,0.0,0.0,-102.65625,1.0
2012-10-09,7,634.1,1,243.359375,99.0625,99.0625,99.0625,0.0,1.0,1.0,1.0,0.0,0.0,0.0,0.0,-144.296875,1.0
2012-10-09,8,611.3,1,223.359375,78.671875,78.671875,78.671875,0.0,1.0,1.0,1.0,0.0,0.0,0.0,0.0,-144.6875,1.0
2012-10-09,8,634.1,1,223.359375,68.125,68.125,68.125,0.0,1.0,1.0,1.0,0.0,0.0,0.0,0.0,-155.234375,1.0
2012-10-09,9,611.3,1,242.578125,105.625,105.625,105.625,0.0,1.0,1.0,1.0,0.0,0.0,0.0,0.0,-136.953125,1.0
2012-10-09,9,634.1,1,235.625,109.296875,109.296875,109.296875,0.0,1.0,1.0,1.0,0.0,0.0,0.0,0.0,-126.328125,1.0
2012-10-10,0,611.3,1,198.203125,108.359375,108.359375,108.359375,0.0,1.0,1.0,1.0,0.0,0.0,0.0,0.0,-89.84375,1.0
2012-10-10,0,634.1,1,256.171875,97.65625,97.65625,97.65625,0.0,1.0,1.0,1.0,0.0,0.0,0.0,0.0,-158.515625,1.0
2012-10-10,1,611.3,1,211.09375,78.828125,78.828125,78.828125,0.0,1.0,1.0,1.0,0.0,0.0,0.0,0.0,-132.265625,1.0
2012-10-10,1,634.1,1,223.125,68.828125,68.828125,68.828125,0.0,1.0,1.0,1.0,0.0,0.0,0.0,0.0,-154.296875,1.0
2012-10-10,2,611.3,1,189.296875,93.828125,93.828125,93.828125,0.0,1.0,1.0,1.0,0.0,0.0,0.0,0.0,-95.46875,1.0
2012-10-10,2,634.1,1,215.9375,80.234375,80.234375,80.234375,0.0,1.0,1.0,1.0,0.0,0.0,0.0,0.0,-135.703125,1.0
2012-10-10,3,611.3,1,251.796875,76.015625,76.015625,76.015625,0.0,1.0,1.0,1.0,0.0,0.0,0.0,0.0,-175.78125,1.0
2012-10-10,3,634.1,1,240.0,56.953125,56.953125,56.953125,0.0,1.0,1.0,1.0,0.0,0.0,0.0,0.0,-183.046875,1.0
2012-10-10,4,611.3,1,226.171875,90.0,90.0,90.0,0.0,1.0,1.0,1.0,0.0,0.0,0.0,0.0,-136.171875,1.0
2012-10-10,4,634.1,1,237.734375,81.09375,81.09375,81.09375,0.0,1.0,1.0,1.0,0.0,0.0,0.0,0.0,-156.640625,1.0
2012-10-10,5,611.3,1,192.5,84.53125,84.53125,84.53125,0.0,1.0,1.0,1.0,0.0,0.0,0.0,0.0,-107.96875,1.0
2012-10-10,5,634.1,1,235.625,66.875,66.875,66.875,0.0,1.0,1.0,1.0,0.0,0.0,0.0,0.0,-168.75,1.0
2012-10-10,6,611.3,1,209.921875,101.328125,101.328125,101.328125,0.0,1.0,1.0,1.0,0.0,0.0,0.0,0.0,-108.59375,1.0
2012-10-10,6,634.1,1,225.234375,89.375,89.375,89.375,0.0,1.0,1.0,1.0,0.0,0.0,0.0,0.0,-135.859375,1.0
2012-10-10,7,611.3,1,217.109375,85.9375,85.9375,85.9375,0.0,1.0,1.0,1.0,0.0,0.0,0.0,0.0,-131.171875,1.0
2012-10-10,7,634.1,1,241.640625,68.359375,68.359375,68.359375,0.0,1.0,1.0,1.0,0.0,0.0,0.0,0.0,-173.28125,1.0
2012-10-10,8,611.3,1,212.1875,70.390625,70.390625,70.390625,0.0,1.0,1.0,1.0,0.0,0.0,0.0,0.0,-141.796875,1.0
2012-10-10,8,634.1,1,228.203125,49.765625,49.765625,49.765625,0.0,1.0,1.0,1.0,0.0,0.0,0.0,0.0,-178.4375,1.0
2012-10-10,9,611.3,1,196.484375,95.46875,95.46875,95.46875,0.0,1.0,1.0,1.0,0.0,0.0,0.0,0.0,-101.015625,1.0
2012-10-10,9,634.1,1,228.046875,80.234375,80.234375,80.234375,0.0,1.0,1.0,1.0,0.0,0.0,0.0,0.0,-147.8125,1.0
2012-10-11,0,611.3,1,223.671875,145.234375,145.234375,145.234375,0.0,1.0,1.0,1.0,0.0,0.0,0.0,0.0,-78.4375,1.0
2012-10-11,0,634.1,1,256.40625,168.28125,168.28125,168.28125,0.0,1.0,1.0,1.0,0.0,0.0,0.0,0.0,-88.125,1.0
2012-10-11,1,611.3,1,215.078125,155.3125,155.3125,155.3125,0.0,1.0,1.0,1.0,0.0,0.0,0.0,0.0,-59.765625,1.0
2012-10-11,1,634.1,1,230.546875,173.671875,173.671875,173.671875,0.0,1.0,1.0,1.0,0.0,0.0,0.0,0.0,-56.875,1.0
2012-10-11,2,611.3,1,203.203125,133.125,133.125,133.125,0.0,1.0,1.0,1.0,0.0,0.0,0.0,0.0,-70.078125,1.0
2012-10-11,2,634.1,1,232.34375,157.734375,157.734375,157.734375,0.0,1.0,1.0,1.0,0.0,0.0,0.0,0.0,-74.609375,1.0
2012-10-11,3,611.3,1,221.5625,134.765625,134.765625,134.765625,0.0,1.0,1.0,1.0,0.0,0.0,0.0,0.0,-86.796875,1.0
2012-10-11,3,634.1,1,243.671875,157.734375,157.734375,157.734375,0.0,1.0,1.0,1.0,0.0,0.0,0.0,0.0,-85.9375,1.0
2012-10-11,4,611.3,1,206.953125,130.546875,130.546875,130.546875,0.0,1.0,1.0,1.0,0.0,0.0,0.0,0.0,-76.40625,1.0
2012-10-11,4,634.1,1,228.828125,147.96875,147.96875,147.96875,0.0,1.0,1.0,1.0,0.0,0.0,0.0,0.0,-80.859375,1.0
2012-10-11,5,611.3,1,202.5,120.859375,120.859375,120.859375,0.0,1.0,1.0,1.0,0.0,0.0,0.0,0.0,-81.640625,1.0
2012-10-11,5,634.1,1,241.640625,138.203125,138.203125,138.203125,0.0,1.0,1.0,1.0,0.0,0.0,0.0,0.0,-103.4375,1.0
2012-10-11,6,611.3,1,207.65625,147.421875,147.421875,147.421875,0.0,1.0,1.0,1.0,0.0,0.0,0.0,0.0,-60.234375,1.0
2012-10-11,6,634.1,1,229.0625,166.09375,166.09375,166.09375,0.0,1.0,1.0,1.0,0.0,0.0,0.0,0.0,-62.96875,1.0
2012-10-11,7,611.3,1,210.703125,147.734375,147.734375,147.734375,0.0,1.0,1.0,1.0,0.0,0.0,0.0,0.0,-62.96875,1.0
2012-10-11,7,634.1,1,237.890625,167.734375,167.734375,167.734375,0.0,1.0,1.0,1.0,0.0,0.0,0.0,0.0,-70.15625,1.0
2012-10-11,8,611.3,1,205.234375,135.390625,135.390625,135.390625,0.0,1.0,1.0,1.0,0.0,0.0,0.0,0.0,-69.84375,1.0
2012-10-11,8,634.1,1,235.703125,151.328125,151.328125,151.328125,0.0,1.0,1.0,1.0,0.0,0.0,0.0,0.0,-84.375,1.0
2012-10-11,9,611.3,1,216.328125,143.59375,143.59375,143.59375,0.0,1.0,1.0,1.0,0.0,0.0,0.0,0.0,-72.734375,1.0
2012-10-11,9,634.1,1,236.5625,169.453125,169.453125,169.453125,0.0,1.0,1.0,1.0,0.0,0.0,0.0,0.0,-67.109375,1.0
2013-01-01,0,611.3,1,289.21875,156.953125,156.953125,156.953125,0.0,1.0,1.0,1.0,0.0,0.0,0.0,0.0,-132.265625,1.0
2013-01-01,0,634.1,1,263.4375,178.59375,169.15705568781243,178.59375,0.0,1.0,1.0,1.0,0.0,0.0,9.43669431218757,0.0,-84.84375,1.0
2013-01-01,1,611.3,1,243.125,121.953125,121.953125,121.953125,0.0,1.0,1.0,1.0,0.0,0.0,0.0,0.0,-121.171875,1.0
2013-01-01,1,634.1,1,227.109375,117.578125,117.578125,117.578125,0.0,1.0,1.0,1.0,0.0,0.0,0.0,0.0,-109.53125,1.0
2013-01-01,2,611.3,1,229.140625,121.09375,121.09375,121.09375,0.0,1.0,1.0,1.0,0.0,0.0,0.0,0.0,-108.046875,1.0
2013-01-01,2,634.1,1,245.78125,115.625,115.625,115.625,0.0,1.0,1.0,1.0,0.0,0.0,0.0,0.0,-130.15625,1.0
2013-01-01,3,611.3,1,257.96875,123.4375,123.4375,123.4375,0.0,1.0,1.0,1.0,0.0,0.0,0.0,0.0,-134.53125,1.0
2013-01-01,3,634.1,1,225.78125,115.234375,115.234375,115.234375,0.0,1.0,1.0,1.0,0.0,0.0,0.0,0.0,-110.546875,1.0
2013-01-01,4,611.3,1,278.515625,156.5625,156.5625,156.5625,0.0,1.0,1.0,1.0,0.0,0.0,0.0,0.0,-121.953125,1.0
2013-01-01,4,634.1,1,252.96875,177.1875,171.49262697687493,177.1875,0.0,1.0,1.0,1.0,0.0,0.0,5.694873023125069,0.0,-75.78125,1.0
2013-01-01,5,611.3,1,264.765625,140.390625,140.390625,140.390625,0.0,1.0,1.0,1.0,0.0,0.0,0.0,0.0,-124.375,1.0
2013-01-01,5,634.1,1,239.296875,145.78125,145.78125,145.78125,0.0,1.0,1.0,1.0,0.0,0.0,0.0,0.0,-93.515625,1.0
2013-01-01,6,611.3,1,281.953125,157.8125,157.8125,157.8125,0.0,1.0,1.0,1.0,0.0,0.0,0.0,0.0,-124.140625,1.0
2013-01-01,6,634.1,1,243.59375,169.0625,169.0625,169.0625,0.0,1.0,1.0,1.0,0.0,0.0,0.0,0.0,-74.53125,1.0
2013-01-01,7,611.3,1,300.0,163.59375,163.59375,163.59375,0.0,1.0,1.0,1.0,0.0,0.0,0.0,0.0,-136.40625,1.0
2013-01-01,7,634.1,1,256.71875,200.625,163.03168947687493,200.625,0.0,1.0,1.0,1.0,0.0,0.0,37.59331052312507,0.0,-56.09375,1.0
2013-01-01,8,611.3,1,300.0,146.5625,146.5625,146.5625,0.0,1.0,1.0,1.0,0.0,0.0,0.0,0.0,-153.4375,1.0
2013-01-01,8,634.1,1,253.28125,143.203125,143.203125,143.203125,0.0,1.0,1.0,1.0,0.0,0.0,0.0,0.0,-110.078125,1.0
2013-01-01,9,611.3,1,290.859375,156.484375,156.484375,156.484375,0.0,1.0,1.0,1.0,0.0,0.0,0.0,0.0,-134.375,1.0
2013-01-01,9,634.1,1,253.4375,176.796875,174.49802248468745,176.796875,0.0,1.0,1.0,1.0,0.0,0.0,2.2988525153125465,0.0,-76.640625,1.0
2013-01-02,0,611.3,1,272.34375,161.328125,161.328125,161.328125,0.0,1.0,1.0,1.0,0.0,0.0,0.0,0.0,-111.015625,1.0
2013-01-02,0,634.1,1,260.078125,175.625,175.625,175.625,0.0,1.0,1.0,1.0,0.0,0.0,0.0,0.0,-84.453125,1.0
2013-01-02,1,611.3,1,198.671875,124.765625,124.765625,124.765625,0.0,1.0,1.0,1.0,0.0,0.0,0.0,0.0,-73.90625,1.0
2013-01-02,1,634.1,1,208.984375,134.140625,134.140625,134.140625,0.0,1.0,1.0,1.0,0.0,0.0,0.0,0.0,-74.84375,1.0
2013-01-02,2,611.3,1,230.46875,131.328125,131.328125,131.328125,0.0,1.0,1.0,1.0,0.0,0.0,0.0,0.0,-99.140625,1.0
2013-01-02,2,634.1,1,223.984375,143.90625,143.90625,143.90625,0.0,1.0,1.0,1.0,0.0,0.0,0.0,0.0,-80.078125,1.0
2013-01-02,3,611.3,1,218.984375,127.421875,127.421875,127.421875,0.0,1.0,1.0,1.0,0.0,0.0,0.0,0.0,-91.5625,1.0
2013-01-02,3,634.1,1,226.953125,139.296875,139.296875,139.296875,0.0,1.0,1.0,1.0,0.0,0.0,0.0,0.0,-87.65625,1.0
2013-01-02,4,611.3,1,214.0625,156.171875,156.171875,156.171875,0.0,1.0,1.0,1.0,0.0,0.0,0.0,0.0,-57.890625,1.0
2013-01-02,4,634.1,1,223.046875,170.390625,170.390625,170.390625,0.0,1.0,1.0,1.0,0.0,0.0,0.0,0.0,-52.65625,1.0
2013-01-02,5,611.3,1,195.9375,118.125,118.125,118.125,0.0,1.0,1.0,1.0,0.0,0.0,0.0,0.0,-77.8125,1.0
2013-01-02,5,634.1,1,223.28125,130.9375,130.9375,130.9375,0.0,1.0,1.0,1.0,0.0,0.0,0.0,0.0,-92.34375,1.0
2013-01-02,6,611.3,1,219.0625,130.46875,130.46875,130.46875,0.0,1.0,1.0,1.0,0.0,0.0,0.0,0.0,-88.59375,1.0
2013-01-02,6,634.1,1,216.953125,144.609375,144.609375,144.609375,0.0,1.0,1.0,1.0,0.0,0.0,0.0,0.0,-72.34375,1.0
2013-01-02,7,611.3,1,214.140625,134.296875,134.296875,134.296875,0.0,1.0,1.0,1.0,0.0,0.0,0.0,0.0,-79.84375,1.0
2013-01-02,7,634.1,1,243.984375,137.5,137.5,137.5,0.0,1.0,1.0,1.0,0.0,0.0,0.0,0.0,-106.484375,1.0
2013-01-02,8,611.3,1,202.265625,129.921875,129.921875,129.921875,0.0,1.0,1.0,1.0,0.0,0.0,0.0,0.0,-72.34375,1.0
2013-01-02,8,634.1,1,214.21875,131.796875,131.796875,131.796875,0.0,1.0,1.0,1.0,0.0,0.0,0.0,0.0,-82.421875,1.0
2013-01-02,9,611.3,1,200.390625,143.90625,143.90625,143.90625,0.0,1.0,1.0,1.0,0.0,0.0,0.0,0.0,-56.484375,1.0
2013-01-02,9,634.1,1,237.421875,151.796875,151.796875,151.796875,0.0,1.0,1.0,1.0,0.0,0.0,0.0,0.0,-85.625,1.0
2013-01-03,0,611.3,1,252.265625,133.828125,133.828125,133.828125,0.0,1.0,1.0,1.0,0.0,0.0,0.0,0.0,-118.4375,1.0
2013-01-03,0,634.1,1,258.046875,134.6875,134.6875,134.6875,0.0,1.0,1.0,1.0,0.0,0.0,0.0,0.0,-123.359375,1.0
2013-01-03,1,611.3,1,204.921875,98.90625,98.90625,98.90625,0.0,1.0,1.0,1.0,0.0,0.0,0.0,0.0,-106.015625,1.0
2013-01-03,1,634.1,1,207.265625,111.875,111.875,111.875,0.0,1.0,1.0,1.0,0.0,0.0,0.0,0.0,-95.390625,1.0
2013-01-03,2,611.3,1,188.046875,113.359375,113.359375,113.359375,0.0,1.0,1.0,1.0,0.0,0.0,0.0,0.0,-74.6875,1.0
2013-01-03,2,634.1,1,204.375,119.375,119.375,119.375,0.0,1.0,1.0,1.0,0.0,0.0,0.0,0.0,-85.0,1.0
2013-01-03,3,611.3,1,258.90625,107.578125,107.578125,107.578125,0.0,1.0,1.0,1.0,0.0,0.0,0.0,0.0,-151.328125,1.0
2013-01-03,3,634.1,1,220.390625,113.046875,113.046875,113.046875,0.0,1.0,1.0,1.0,0.0,0.0,0.0,0.0,-107.34375,1.0
2013-01-03,4,611.3,1,253.59375,135.078125,135.078125,135.078125,0.0,1.0,1.0,1.0,0.0,0.0,0.0,0.0,-118.515625,1.0
2013-01-03,4,634.1,1,218.359375,147.5,147.5,147.5,0.0,1.0,1.0,1.0,0.0,0.0,0.0,0.0,-70.859375,1.0
2013-01-03,5,611.3,1,242.1875,105.0,105.0,105.0,0.0,1.0,1.0,1.0,0.0,0.0,0.0,0.0,-137.1875,1.0
2013-01-03,5,634.1,1,225.546875,110.859375,110.859375,110.859375,0.0,1.0,1.0,1.0,0.0,0.0,0.0,0.0,-114.6875,1.0
2013-01-03,6,611.3,1,222.890625,115.9375,115.9375,115.9375,0.0,1.0,1.0,1.0,0.0,0.0,0.0,0.0,-106.953125,1.0
2013-01-03,6,634.1,1,213.359375,123.671875,123.671875,123.671875,0.0,1.0,1.0,1.0,0.0,0.0,0.0,0.0,-89.6875,1.0
2013-01-03,7,611.3,1,235.234375,131.015625,131.015625,131.015625,0.0,1.0,1.0,1.0,0.0,0.0,0.0,0.0,-104.21875,1.0
2013-01-03,7,634.1,1,233.59375,131.484375,131.484375,131.484375,0.0,1.0,1.0,1.0,0.0,0.0,0.0,0.0,-102.109375,1.0
2013-01-03,8,611.3,1,195.390625,107.734375,107.734375,107.734375,0.0,1.0,1.0,1.0,0.0,0.0,0.0,0.0,-87.65625,1.0
2013-01-03,8,634.1,1,219.53125,111.875,111.875,111.875,0.0,1.0,1.0,1.0,0.0,0.0,0.0,0.0,-107.65625,1.0
2013-01-03,9,611.3,1,203.4375,125.0,125.0,125.0,0.0,1.0,1.0,1.0,0.0,0.0,0.0,0.0,-78.4375,1.0
2013-01-03,9,634.1,1,215.703125,127.8125,127.8125,127.8125,0.0,1.0,1.0,1.0,0.0,0.0,0.0,0.0,-87.890625,1.0
2013-01-04,0,611.3,1,300.0,121.171875,121.171875,121.171875,0.0,1.0,1.0,1.0,0.0,0.0,0.0,0.0,-178.828125,1.0
2013-01-04,0,634.1,1,258.90625,107.578125,107.578125,107.578125,0.0,1.0,1.0,1.0,0.0,0.0,0.0,0.0,-151.328125,1.0
2013-01-04,1,611.3,1,231.796875,102.578125,102.578125,102.578125,0.0,1.0,1.0,1.0,0.0,0.0,0.0,0.0,-129.21875,1.0
2013-01-04,1,634.1,1,217.734375,92.8125,92.8125,92.8125,0.0,1.0,1.0,1.0,0.0,0.0,0.0,0.0,-124.921875,1.0
2013-01-04,2,611.3,1,197.03125,106.015625,106.015625,106.015625,0.0,1.0,1.0,1.0,0.0,0.0,0.0,0.0,-91.015625,1.0
2013-01-04,2,634.1,1,236.796875,93.359375,93.359375,93.359375,0.0,1.0,1.0,1.0,0.0,0.0,0.0,0.0,-143.4375,1.0
2013-01-04,3,611.3,1,209.53125,93.75,93.75,93.75,0.0,1.0,1.0,1.0,0.0,0.0,0.0,0.0,-115.78125,1.0
2013-01-04,3,634.1,1,208.59375,74.375,74.375,74.375,0.0,1.0,1.0,1.0,0.0,0.0,0.0,0.0,-134.21875,1.0
2013-01-04,4,611.3,1,250.9375,109.453125,109.453125,109.453125,0.0,1.0,1.0,1.0,0.0,0.0,0.0,0.0,-141.484375,1.0
2013-01-04,4,634.1,1,215.703125,101.25,101.25,101.25,0.0,1.0,1.0,1.0,0.0,0.0,0.0,0.0,-114.453125,1.0
2013-01-04,5,611.3,1,259.765625,82.109375,82.109375,82.109375,0.0,1.0,1.0,1.0,0.0,0.0,0.0,0.0,-177.65625,1.0
2013-01-04,5,634.1,1,228.046875,61.875,61.875,61.875,0.0,1.0,1.0,1.0,0.0,0.0,0.0,0.0,-166.171875,1.0
2013-01-04,6,611.3,1,265.859375,147.890625,147.890625,147.890625,0.0,1.0,1.0,1.0,0.0,0.0,0.0,0.0,-117.96875,1.0
2013-01-04,6,634.1,1,239.375,144.296875,144.296875,144.296875,0.0,1.0,1.0,1.0,0.0,0.0,0.0,0.0,-95.078125,1.0
2013-01-04,7,611.3,1,252.8125,158.75,158.75,158.75,0.0,1.0,1.0,1.0,0.0,0.0,0.0,0.0,-94.0625,1.0
2013-01-04,7,634.1,1,251.796875,161.640625,161.640625,161.640625,0.0,1.0,1.0,1.0,0.0,0.0,0.0,0.0,-90.15625,1.0
2013-01-04,8,611.3,1,225.078125,100.0,100.0,100.0,0.0,1.0,1.0,1.0,0.0,0.0,0.0,0.0,-125.078125,1.0
2013-01-04,8,634.1,1,230.625,86.015625,86.015625,86.015625,0.0,1.0,1.0,1.0,0.0,0.0,0.0,0.0,-144.609375,1.0
2013-01-04,9,611.3,1,240.46875,112.1875,112.1875,112.1875,0.0,1.0,1.0,1.0,0.0,0.0,0.0,0.0,-128.28125,1.0
2013-01-04,9,634.1,1,227.734375,102.65625,102.65625,102.65625,0.0,1.0,1.0,1.0,0.0,0.0,0.0,0.0,-125.078125,1.0
2013-01-05,0,611.3,1,300.0,157.96875,157.96875,157.96875,0.0,1.0,1.0,1.0,0.0,0.0,0.0,0.0,-142.03125,1.0
2013-01-05,0,634.1,1,256.953125,174.53125,166.53063967218742,174.53125,0.0,1.0,1.0,1.0,0.0,0.0,8.00061032781258,0.0,-82.421875,1.0
2013-01-05,1,611.3,1,300.0,108.125,108.125,108.125,0.0,1.0,1.0,1.0,0.0,0.0,0.0,0.0,-191.875,1.0
2013-01-05,1,634.1,1,256.171875,100.390625,100.390625,100.390625,0.0,1.0,1.0,1.0,0.0,0.0,0.0,0.0,-155.78125,1.0
2013-01-05,2,611.3,1,199.140625,100.625,100.625,100.625,0.0,1.0,1.0,1.0,0.0,0.0,0.0,0.0,-98.515625,1.0
2013-01-05,2,634.1,1,251.25,88.984375,88.984375,88.984375,0.0,1.0,1.0,1.0,0.0,0.0,0.0,0.0,-162.265625,1.0
2013-01-05,3,611.3,1,260.390625,142.578125,142.578125,142.578125,0.0,1.0,1.0,1.0,0.0,0.0,0.0,0.0,-117.8125,1.0
2013-01-05,3,634.1,1,239.140625,137.03125,137.03125,137.03125,0.0,1.0,1.0,1.0,0.0,0.0,0.0,0.0,-102.109375,1.0
2013-01-05,4,611.3,1,300.0,147.03125,147.03125,147.03125,0.0,1.0,1.0,1.0,0.0,0.0,0.0,0.0,-152.96875,1.0
2013-01-05,4,634.1,1,253.984375,171.015625,167.10351564874992,171.015625,0.0,1.0,1.0,1.0,0.0,0.0,3.9121093512500806,0.0,-82.96875,1.0
2013-01-05,5,611.3,1,260.234375,131.25,131.25,131.25,0.0,1.0,1.0,1.0,0.0,0.0,0.0,0.0,-128.984375,1.0
2013-01-05,5,634.1,1,252.265625,163.828125,163.828125,163.828125,0.0,1.0,1.0,1.0,0.0,0.0,0.0,0.0,-88.4375,1.0
2013-01-05,6,611.3,1,300.0,156.484375,156.484375,156.484375,0.0,1.0,1.0,1.0,0.0,0.0,0.0,0.0,-143.515625,1.0
2013-01-05,6,634.1,1,257.1875,176.484375,162.99643557062493,176.484375,0.0,1.0,1.0,1.0,0.0,0.0,13.487939429375075,0.0,-80.703125,1.0
2013-01-05,7,611.3,1,300.0,160.15625,160.15625,160.15625,0.0,1.0,1.0,1.0,0.0,0.0,0.0,0.0,-139.84375,1.0
2013-01-05,7,634.1,1,255.859375,157.265625,157.265625,157.265625,0.0,1.0,1.0,1.0,0.0,0.0,0.0,0.0,-98.59375,1.0
2013-01-05,8,611.3,1,251.484375,137.34375,137.34375,137.34375,0.0,1.0,1.0,1.0,0.0,0.0,0.0,0.0,-114.140625,1.0
2013-01-05,8,634.1,1,242.8125,127.421875,127.421875,127.421875,0.0,1.0,1.0,1.0,0.0,0.0,0.0,0.0,-115.390625,1.0
2013-01-05,9,611.3,1,288.125,150.234375,150.234375,150.234375,0.0,1.0,1.0,1.0,0.0,0.0,0.0,0.0,-137.890625,1.0
2013-01-05,9,634.1,1,251.71875,140.15625,140.15625,140.15625,0.0,1.0,1.0,1.0,0.0,0.0,0.0,0.0,-111.5625,1.0
2013-01-06,0,611.3,1,300.0,156.171875,156.171875,156.171875,0.0,1.0,1.0,1.0,0.0,0.0,0.0,0.0,-143.828125,1.0
2013-01-06,0,634.1,1,257.1875,175.859375,167.03300783624994,175.859375,0.0,1.0,1.0,1.0,0.0,0.0,8.826367163750064,0.0,-81.328125,1.0
2013-01-06,1,611.3,1,281.171875,133.515625,133.515625,133.515625,0.0,1.0,1.0,1.0,0.0,0.0,0.0,0.0,-147.65625,1.0
2013-01-06,1,634.1,1,238.828125,130.390625,130.390625,130.390625,0.0,1.0,1.0,1.0,0.0,0.0,0.0,0.0,-108.4375,1.0
2013-01-06,2,611.3,1,225.625,101.171875,101.171875,101.171875,0.0,1.0,1.0,1.0,0.0,0.0,0.0,0.0,-124.453125,1.0
2013-01-06,2,634.1,1,237.1875,90.9375,90.9375,90.9375,0.0,1.0,1.0,1.0,0.0,0.0,0.0,0.0,-146.25,1.0
2013-01-06,3,611.3,1,213.671875,117.96875,117.96875,117.96875,0.0,1.0,1.0,1.0,0.0,0.0,0.0,0.0,-95.703125,1.0
2013-01-06,3,634.1,1,231.875,107.421875,107.421875,107.421875,0.0,1.0,1.0,1.0,0.0,0.0,0.0,0.0,-124.453125,1.0
2013-01-06,4,611.3,1,300.0,157.109375,157.109375,157.109375,0.0,1.0,1.0,1.0,0.0,0.0,0.0,0.0,-142.890625,1.0
2013-01-06,4,634.1,1,253.59375,156.40625,156.40625,156.40625,0.0,1.0,1.0,1.0,0.0,0.0,0.0,0.0,-97.1875,1.0
2013-01-06,5,611.3,1,300.0,131.71875,131.71875,131.71875,0.0,1.0,1.0,1.0,0.0,0.0,0.0,0.0,-168.28125,1.0
2013-01-06,5,634.1,1,235.546875,120.703125,120.703125,120.703125,0.0,1.0,1.0,1.0,0.0,0.0,0.0,0.0,-114.84375,1.0
2013-01-06,6,611.3,1,300.0,156.5625,156.5625,156.5625,0.0,1.0,1.0,1.0,0.0,0.0,0.0,0.0,-143.4375,1.0
2013-01-06,6,634.1,1,251.5625,177.109375,174.67429201593745,177.109375,0.0,1.0,1.0,1.0,0.0,0.0,2.4350829840625465,0.0,-74.453125,1.0
2013-01-06,7,611.3,1,300.0,159.0625,159.0625,159.0625,0.0,1.0,1.0,1.0,0.0,0.0,0.0,0.0,-140.9375,1.0
2013-01-06,7,634.1,1,254.84375,184.21875,169.82687990656245,184.21875,0.0,1.0,1.0,1.0,0.0,0.0,14.391870093437547,0.0,-70.625,1.0
2013-01-06,8,611.3,1,300.0,146.484375,146.484375,146.484375,0.0,1.0,1.0,1.0,0.0,0.0,0.0,0.0,-153.515625,1.0
2013-01-06,8,634.1,1,248.75,136.40625,136.40625,136.40625,0.0,1.0,1.0,1.0,0.0,0.0,0.0,0.0,-112.34375,1.0
2013-01-06,9,611.3,1,286.328125,156.015625,156.015625,156.015625,0.0,1.0,1.0,1.0,0.0,0.0,0.0,0.0,-130.3125,1.0
2013-01-06,9,634.1,1,244.375,156.171875,156.171875,156.171875,0.0,1.0,1.0,1.0,0.0,0.0,0.0,0.0,-88.203125,1.0
2013-01-07,0,611.3,1,300.0,107.578125,107.578125,107.578125,0.0,1.0,1.0,1.0,0.0,0.0,0.0,0.0,-192.421875,1.0
2013-01-07,0,634.1,1,259.453125,101.328125,101.328125,101.328125,0.0,1.0,1.0,1.0,0.0,0.0,0.0,0.0,-158.125,1.0
2013-01-07,1,611.3,1,261.484375,127.1875,127.1875,127.1875,0.0,1.0,1.0,1.0,0.0,0.0,0.0,0.0,-134.296875,1.0
2013-01-07,1,634.1,1,223.828125,126.25,126.25,126.25,0.0,1.0,1.0,1.0,0.0,0.0,0.0,0.0,-97.578125,1.0
2013-01-07,2,611.3,1,211.5625,89.0625,89.0625,89.0625,0.0,1.0,1.0,1.0,0.0,0.0,0.0,0.0,-122.5,1.0
2013-01-07,2,634.1,1,237.421875,81.953125,81.953125,81.953125,0.0,1.0,1.0,1.0,0.0,0.0,0.0,0.0,-155.46875,1.0
2013-01-07,3,611.3,1,249.375,117.890625,117.890625,117.890625,0.0,1.0,1.0,1.0,0.0,0.0,0.0,0.0,-131.484375,1.0
2013-01-07,3,634.1,1,243.046875,115.546875,115.546875,115.546875,0.0,1.0,1.0,1.0,0.0,0.0,0.0,0.0,-127.5,1.0
2013-01-07,4,611.3,1,300.0,158.4375,158.4375,158.4375,0.0,1.0,1.0,1.0,0.0,0.0,0.0,0.0,-141.5625,1.0
2013-01-07,4,634.1,1,250.703125,168.59375,168.59375,168.59375,0.0,1.0,1.0,1.0,0.0,0.0,0.0,0.0,-82.109375,1.0
2013-01-07,5,611.3,1,228.671875,102.34375,102.34375,102.34375,0.0,1.0,1.0,1.0,0.0,0.0,0.0,0.0,-126.328125,1.0
2013-01-07,5,634.1,1,225.703125,97.03125,97.03125,97.03125,0.0,1.0,1.0,1.0,0.0,0.0,0.0,0.0,-128.671875,1.0
2013-01-07,6,611.3,1,282.578125,127.265625,127.265625,127.265625,0.0,1.0,1.0,1.0,0.0,0.0,0.0,0.0,-155.3125,1.0
2013-01-07,6,634.1,1,252.03125,131.015625,131.015625,131.015625,0.0,1.0,1.0,1.0,0.0,0.0,0.0,0.0,-121.015625,1.0
2013-01-07,7,611.3,1,278.4375,122.96875,122.96875,122.96875,0.0,1.0,1.0,1.0,0.0,0.0,0.0,0.0,-155.46875,1.0
2013-01-07,7,634.1,1,238.28125,119.6875,119.6875,119.6875,0.0,1.0,1.0,1.0,0.0,0.0,0.0,0.0,-118.59375,1.0
2013-01-07,8,611.3,1,285.46875,117.734375,117.734375,117.734375,0.0,1.0,1.0,1.0,0.0,0.0,0.0,0.0,-167.734375,1.0
2013-01-07,8,634.1,1,232.5,117.109375,117.109375,117.109375,0.0,1.0,1.0,1.0,0.0,0.0,0.0,0.0,-115.390625,1.0
2013-01-07,9,611.3,1,225.78125,146.09375,146.09375,146.09375,0.0,1.0,1.0,1.0,0.0,0.0,0.0,0.0,-79.6875,1.0
2013-01-07,9,634.1,1,236.484375,141.09375,141.09375,141.09375,0.0,1.0,1.0,1.0,0.0,0.0,0.0,0.0,-95.390625,1.0
2013-01-08,0,611.3,0,300.0,0.0,92.02150881281244,160.859375,0.0,0.0,0.0,0.0,160.859375,0.0,68.83786618718756,0.0,-139.140625,0.0
2013-01-08,0,634.1,0,268.671875,0.0,52.45781252374996,159.770703125,0.0,0.0,0.0,0.0,159.770703125,0.0,107.31289060125005,0.0,-108.90117187499999,0.0
2013-01-08,1,611.3,1,300.0,146.328125,146.328125,146.328125,0.0,1.0,1.0,1.0,0.0,0.0,0.0,0.0,-153.671875,1.0
2013-01-08,1,634.1,1,265.0,153.70703125,127.04626467218743,170.703125,0.0,1.0,1.0,1.0,16.99609375,0.0,43.656860327812566,0.0,-94.296875,1.0
2013-01-08,2,611.3,1,300.0,155.703125,155.703125,155.703125,0.0,1.0,1.0,1.0,0.0,0.0,0.0,0.0,-144.296875,1.0
2013-01-08,2,634.1,1,260.078125,147.5,143.66848146906244,147.5,0.0,1.0,1.0,1.0,0.0,0.0,3.831518530937558,0.0,-112.578125,1.0
2013-01-08,3,611.3,1,300.0,114.78671875,156.640625,156.640625,0.0,1.0,1.0,1.0,41.853906249999994,0.0,0.0,0.0,-143.359375,1.0
2013-01-08,3,634.1,1,266.5625,140.73359374999998,120.03073732843744,177.578125,0.0,1.0,1.0,1.0,36.84453125000002,0.0,57.54738767156256,0.0,-88.984375,1.0
2013-01-08,4,611.3,1,300.0,96.4546875,148.75,148.75,0.0,1.0,1.0,1.0,52.295312499999994,0.0,0.0,0.0,-151.25,1.0
2013-01-08,4,634.1,1,267.03125,138.47734375,107.19831545343744,171.796875,0.0,1.0,1.0,1.0,33.31953125000001,0.0,64.59855954656256,0.0,-95.234375,1.0
2013-01-08,5,611.3,1,300.0,155.859375,155.859375,155.859375,0.0,1.0,1.0,1.0,0.0,0.0,0.0,0.0,-144.140625,1.0
2013-01-08,5,634.1,1,263.984375,161.88593749999998,134.78449709406243,173.203125,0.0,1.0,1.0,1.0,11.317187500000017,0.0,38.41862790593757,0.0,-90.78125,1.0
2013-01-08,6,611.3,1,300.0,159.453125,159.453125,159.453125,0.0,1.0,1.0,1.0,0.0,0.0,0.0,0.0,-140.546875,1.0
2013-01-08,6,634.1,1,265.625,150.60468749999998,123.82934572687492,186.171875,0.0,1.0,1.0,1.0,35.56718750000002,0.0,62.34252927312508,0.0,-79.453125,1.0
2013-01-08,7,611.3,1,300.0,160.546875,160.546875,160.546875,0.0,1.0,1.0,1.0,0.0,0.0,0.0,0.0,-139.453125,1.0
2013-01-08,7,634.1,1,265.546875,149.4765625,128.87065432062494,190.0,0.0,1.0,1.0,1.0,40.5234375,0.0,61.129345679375064,0.0,-75.546875,1.0
2013-01-08,8,611.3,1,300.0,122.4015625,144.296875,144.296875,0.0,1.0,1.0,1.0,21.895312500000003,0.0,0.0,0.0,-155.703125,1.0
2013-01-08,8,634.1,1,266.40625,141.86171875,128.77370607843744,169.765625,0.0,1.0,1.0,1.0,27.903906250000006,0.0,40.99191892156256,0.0,-96.640625,1.0
2013-01-08,9,611.3,1,300.0,153.28125,153.28125,153.28125,0.0,1.0,1.0,1.0,0.0,0.0,0.0,0.0,-146.71875,1.0
2013-01-08,9,634.1,1,265.390625,150.04062499999998,113.56164553156243,173.828125,0.0,1.0,1.0,1.0,23.787500000000023,0.0,60.266479468437566,0.0,-91.5625,1.0
2013-01-09,0,611.3,1,236.328125,169.6875,169.6875,169.6875,0.0,1.0,1.0,1.0,0.0,0.0,0.0,0.0,-66.640625,1.0
2013-01-09,0,634.1,1,266.171875,193.4375,190.00092775812493,193.4375,0.0,1.0,1.0,1.0,0.0,0.0,3.4365722418750693,0.0,-72.734375,1.0
2013-01-09,1,611.3,1,198.203125,145.3125,145.3125,145.3125,0.0,1.0,1.0,1.0,0.0,0.0,0.0,0.0,-52.890625,1.0
2013-01-09,1,634.1,1,247.265625,151.484375,151.484375,151.484375,0.0,1.0,1.0,1.0,0.0,0.0,0.0,0.0,-95.78125,1.0
2013-01-09,2,611.3,1,190.46875,112.5,112.5,112.5,0.0,1.0,1.0,1.0,0.0,0.0,0.0,0.0,-77.96875,1.0
2013-01-09,2,634.1,1,239.53125,122.34375,122.34375,122.34375,0.0,1.0,1.0,1.0,0.0,0.0,0.0,0.0,-117.1875,1.0
2013-01-09,3,611.3,1,220.78125,125.0,125.0,125.0,0.0,1.0,1.0,1.0,0.0,0.0,0.0,0.0,-95.78125,1.0
2013-01-09,3,634.1,1,249.296875,136.015625,136.015625,136.015625,0.0,1.0,1.0,1.0,0.0,0.0,0.0,0.0,-113.28125,1.0
2013-01-09,4,611.3,1,240.9375,168.984375,168.984375,168.984375,0.0,1.0,1.0,1.0,0.0,0.0,0.0,0.0,-71.953125,1.0
2013-01-09,4,634.1,1,254.765625,172.96875,172.96875,172.96875,0.0,1.0,1.0,1.0,0.0,0.0,0.0,0.0,-81.796875,1.0
2013-01-09,5,611.3,1,202.265625,112.96875,112.96875,112.96875,0.0,1.0,1.0,1.0,0.0,0.0,0.0,0.0,-89.296875,1.0
2013-01-09,5,634.1,1,257.03125,124.140625,124.140625,124.140625,0.0,1.0,1.0,1.0,0.0,0.0,0.0,0.0,-132.890625,1.0
2013-01-09,6,611.3,1,217.5,135.546875,135.546875,135.546875,0.0,1.0,1.0,1.0,0.0,0.0,0.0,0.0,-81.953125,1.0
2013-01-09,6,634.1,1,255.859375,143.125,143.125,143.125,0.0,1.0,1.0,1.0,0.0,0.0,0.0,0.0,-112.734375,1.0
2013-01-09,7,611.3,1,218.984375,143.828125,143.828125,143.828125,0.0,1.0,1.0,1.0,0.0,0.0,0.0,0.0,-75.15625,1.0
2013-01-09,7,634.1,1,239.609375,154.609375,154.609375,154.609375,0.0,1.0,1.0,1.0,0.0,0.0,0.0,0.0,-85.0,1.0
2013-01-09,8,611.3,1,219.140625,102.734375,102.734375,102.734375,0.0,1.0,1.0,1.0,0.0,0.0,0.0,0.0,-116.40625,1.0
2013-01-09,8,634.1,1,249.296875,112.03125,112.03125,112.03125,0.0,1.0,1.0,1.0,0.0,0.0,0.0,0.0,-137.265625,1.0
2013-01-09,9,611.3,1,193.671875,127.578125,127.578125,127.578125,0.0,1.0,1.0,1.0,0.0,0.0,0.0,0.0,-66.09375,1.0
2013-01-09,9,634.1,1,253.28125,132.265625,132.265625,132.265625,0.0,1.0,1.0,1.0,0.0,0.0,0.0,0.0,-121.015625,1.0
2013-01-10,0,611.3,1,238.203125,145.546875,145.546875,145.546875,0.0,1.0,1.0,1.0,0.0,0.0,0.0,0.0,-92.65625,1.0
2013-01-10,0,634.1,1,257.03125,166.328125,166.328125,166.328125,0.0,1.0,1.0,1.0,0.0,0.0,0.0,0.0,-90.703125,1.0
2013-01-10,1,611.3,1,204.53125,140.78125,140.78125,140.78125,0.0,1.0,1.0,1.0,0.0,0.0,0.0,0.0,-63.75,1.0
2013-01-10,1,634.1,1,210.546875,164.296875,164.296875,164.296875,0.0,1.0,1.0,1.0,0.0,0.0,0.0,0.0,-46.25,1.0
2013-01-10,2,611.3,1,210.9375,134.53125,134.53125,134.53125,0.0,1.0,1.0,1.0,0.0,0.0,0.0,0.0,-76.40625,1.0
2013-01-10,2,634.1,1,216.796875,160.390625,160.390625,160.390625,0.0,1.0,1.0,1.0,0.0,0.0,0.0,0.0,-56.40625,1.0
2013-01-10,3,611.3,1,187.890625,141.484375,141.484375,141.484375,0.0,1.0,1.0,1.0,0.0,0.0,0.0,0.0,-46.40625,1.0
2013-01-10,3,634.1,1,217.96875,168.4375,168.4375,168.4375,0.0,1.0,1.0,1.0,0.0,0.0,0.0,0.0,-49.53125,1.0
2013-01-10,4,611.3,1,245.234375,150.625,150.625,150.625,0.0,1.0,1.0,1.0,0.0,0.0,0.0,0.0,-94.609375,1.0
2013-01-10,4,634.1,1,223.046875,172.65625,172.65625,172.65625,0.0,1.0,1.0,1.0,0.0,0.0,0.0,0.0,-50.390625,1.0
2013-01-10,5,611.3,1,190.78125,127.03125,127.03125,127.03125,0.0,1.0,1.0,1.0,0.0,0.0,0.0,0.0,-63.75,1.0
2013-01-10,5,634.1,1,218.984375,152.109375,152.109375,152.109375,0.0,1.0,1.0,1.0,0.0,0.0,0.0,0.0,-66.875,1.0
2013-01-10,6,611.3,1,218.125,136.953125,136.953125,136.953125,0.0,1.0,1.0,1.0,0.0,0.0,0.0,0.0,-81.171875,1.0
2013-01-10,6,634.1,1,231.953125,160.703125,160.703125,160.703125,0.0,1.0,1.0,1.0,0.0,0.0,0.0,0.0,-71.25,1.0
2013-01-10,7,611.3,1,214.140625,158.984375,158.984375,158.984375,0.0,1.0,1.0,1.0,0.0,0.0,0.0,0.0,-55.15625,1.0
2013-01-10,7,634.1,1,245.46875,176.484375,176.484375,176.484375,0.0,1.0,1.0,1.0,0.0,0.0,0.0,0.0,-68.984375,1.0
2013-01-10,8,611.3,1,211.40625,148.515625,148.515625,148.515625,0.0,1.0,1.0,1.0,0.0,0.0,0.0,0.0,-62.890625,1.0
2013-01-10,8,634.1,1,213.59375,170.703125,170.703125,170.703125,0.0,1.0,1.0,1.0,0.0,0.0,0.0,0.0,-42.890625,1.0
2013-01-10,9,611.3,1,189.296875,151.171875,151.171875,151.171875,0.0,1.0,1.0,1.0,0.0,0.0,0.0,0.0,-38.125,1.0
2013-01-10,9,634.1,1,220.546875,171.875,171.875,171.875,0.0,1.0,1.0,1.0,0.0,0.0,0.0,0.0,-48.671875,1.0
2013-01-11,0,611.3,1,300.0,156.25,156.25,156.25,0.0,1.0,1.0,1.0,0.0,0.0,0.0,0.0,-143.75,1.0
2013-01-11,0,634.1,1,258.28125,149.84375,149.84375,149.84375,0.0,1.0,1.0,1.0,0.0,0.0,0.0,0.0,-108.4375,1.0
2013-01-11,1,611.3,1,279.453125,134.6875,134.6875,134.6875,0.0,1.0,1.0,1.0,0.0,0.0,0.0,0.0,-144.765625,1.0
2013-01-11,1,634.1,1,254.140625,149.765625,149.765625,149.765625,0.0,1.0,1.0,1.0,0.0,0.0,0.0,0.0,-104.375,1.0
2013-01-11,2,611.3,1,218.359375,90.9375,90.9375,90.9375,0.0,1.0,1.0,1.0,0.0,0.0,0.0,0.0,-127.421875,1.0
2013-01-11,2,634.1,1,249.84375,79.765625,79.765625,79.765625,0.0,1.0,1.0,1.0,0.0,0.0,0.0,0.0,-170.078125,1.0
2013-01-11,3,611.3,1,260.546875,145.3125,145.3125,145.3125,0.0,1.0,1.0,1.0,0.0,0.0,0.0,0.0,-115.234375,1.0
2013-01-11,3,634.1,1,252.109375,145.9375,145.9375,145.9375,0.0,1.0,1.0,1.0,0.0,0.0,0.0,0.0,-106.171875,1.0
2013-01-11,4,611.3,1,300.0,147.734375,147.734375,147.734375,0.0,1.0,1.0,1.0,0.0,0.0,0.0,0.0,-152.265625,1.0
2013-01-11,4,634.1,1,259.140625,171.328125,144.33830568781244,171.328125,0.0,1.0,1.0,1.0,0.0,0.0,26.989819312187564,0.0,-87.8125,1.0
2013-01-11,5,611.3,1,300.0,101.71875,101.71875,101.71875,0.0,1.0,1.0,1.0,0.0,0.0,0.0,0.0,-198.28125,1.0
2013-01-11,5,634.1,1,254.84375,93.515625,93.515625,93.515625,0.0,1.0,1.0,1.0,0.0,0.0,0.0,0.0,-161.328125,1.0
2013-01-11,6,611.3,1,300.0,150.3125,150.3125,150.3125,0.0,1.0,1.0,1.0,0.0,0.0,0.0,0.0,-149.6875,1.0
2013-01-11,6,634.1,1,257.8125,162.578125,153.23991701593744,162.578125,0.0,1.0,1.0,1.0,0.0,0.0,9.338207984062564,0.0,-95.234375,1.0
2013-01-11,7,611.3,1,300.0,159.765625,159.765625,159.765625,0.0,1.0,1.0,1.0,0.0,0.0,0.0,0.0,-140.234375,1.0
2013-01-11,7,634.1,1,257.109375,179.0625,161.76254885187493,179.0625,0.0,1.0,1.0,1.0,0.0,0.0,17.299951148125075,0.0,-78.046875,1.0
2013-01-11,8,611.3,1,282.1875,128.90625,128.90625,128.90625,0.0,1.0,1.0,1.0,0.0,0.0,0.0,0.0,-153.28125,1.0
2013-01-11,8,634.1,1,254.0625,120.46875,120.46875,120.46875,0.0,1.0,1.0,1.0,0.0,0.0,0.0,0.0,-133.59375,1.0
2013-01-11,9,611.3,1,267.421875,150.078125,150.078125,150.078125,0.0,1.0,1.0,1.0,0.0,0.0,0.0,0.0,-117.34375,1.0
2013-01-11,9,634.1,1,257.1875,154.6875,154.6875,154.6875,0.0,1.0,1.0,1.0,0.0,0.0,0.0,0.0,-102.5,1.0
2013-01-12,0,611.3,1,300.0,160.859375,160.859375,160.859375,0.0,1.0,1.0,1.0,0.0,0.0,0.0,0.0,-139.140625,1.0
2013-01-12,0,634.1,1,260.0,191.484375,167.25334475031244,191.484375,0.0,1.0,1.0,1.0,0.0,0.0,24.231030249687564,0.0,-68.515625,1.0
2013-01-12,1,611.3,1,284.375,155.15625,155.15625,155.15625,0.0,1.0,1.0,1.0,0.0,0.0,0.0,0.0,-129.21875,1.0
2013-01-12,1,634.1,1,238.671875,174.6875,174.6875,174.6875,0.0,1.0,1.0,1.0,0.0,0.0,0.0,0.0,-63.984375,1.0
2013-01-12,2,611.3,1,300.0,157.265625,157.265625,157.265625,0.0,1.0,1.0,1.0,0.0,0.0,0.0,0.0,-142.734375,1.0
2013-01-12,2,634.1,1,235.0,179.21875,179.21875,179.21875,0.0,1.0,1.0,1.0,0.0,0.0,0.0,0.0,-55.78125,1.0
2013-01-12,3,611.3,1,300.0,153.515625,153.515625,153.515625,0.0,1.0,1.0,1.0,0.0,0.0,0.0,0.0,-146.484375,1.0
2013-01-12,3,634.1,1,256.953125,173.984375,173.984375,173.984375,0.0,1.0,1.0,1.0,0.0,0.0,0.0,0.0,-82.96875,1.0
2013-01-12,4,611.3,1,300.0,162.421875,162.421875,162.421875,0.0,1.0,1.0,1.0,0.0,0.0,0.0,0.0,-137.578125,1.0
2013-01-12,4,634.1,1,260.234375,196.25,159.60324709406245,196.25,0.0,1.0,1.0,1.0,0.0,0.0,36.64675290593755,0.0,-63.984375,1.0
2013-01-12,5,611.3,1,300.0,156.09375,156.09375,156.09375,0.0,1.0,1.0,1.0,0.0,0.0,0.0,0.0,-143.90625,1.0
2013-01-12,5,634.1,1,245.46875,175.546875,175.546875,175.546875,0.0,1.0,1.0,1.0,0.0,0.0,0.0,0.0,-69.921875,1.0
2013-01-12,6,611.3,1,300.0,159.6875,159.6875,159.6875,0.0,1.0,1.0,1.0,0.0,0.0,0.0,0.0,-140.3125,1.0
2013-01-12,6,634.1,1,257.1875,187.421875,173.44921877374992,187.421875,0.0,1.0,1.0,1.0,0.0,0.0,13.97265622625008,0.0,-69.765625,1.0
2013-01-12,7,611.3,1,300.0,160.234375,160.234375,160.234375,0.0,1.0,1.0,1.0,0.0,0.0,0.0,0.0,-139.765625,1.0
2013-01-12,7,634.1,1,259.6875,189.0625,164.55642092218744,189.0625,0.0,1.0,1.0,1.0,0.0,0.0,24.506079077812558,0.0,-70.625,1.0
2013-01-12,8,611.3,1,300.0,158.90625,158.90625,158.90625,0.0,1.0,1.0,1.0,0.0,0.0,0.0,0.0,-141.09375,1.0
2013-01-12,8,634.1,1,255.078125,185.0,185.0,185.0,0.0,1.0,1.0,1.0,0.0,0.0,0.0,0.0,-70.078125,1.0
2013-01-12,9,611.3,1,300.0,158.515625,158.515625,158.515625,0.0,1.0,1.0,1.0,0.0,0.0,0.0,0.0,-141.484375,1.0
2013-01-12,9,634.1,1,255.703125,183.75,179.87424318781245,183.75,0.0,1.0,1.0,1.0,0.0,0.0,3.8757568121875465,0.0,-71.953125,1.0
2013-01-13,0,611.3,1,266.40625,159.21875,159.21875,159.21875,0.0,1.0,1.0,1.0,0.0,0.0,0.0,0.0,-107.1875,1.0
2013-01-13,0,634.1,1,259.0625,185.390625,179.99763185968743,185.390625,0.0,1.0,1.0,1.0,0.0,0.0,5.392993140312569,0.0,-73.671875,1.0
2013-01-13,1,611.3,1,212.1875,145.390625,145.390625,145.390625,0.0,1.0,1.0,1.0,0.0,0.0,0.0,0.0,-66.796875,1.0
2013-01-13,1,634.1,1,218.046875,170.3125,170.3125,170.3125,0.0,1.0,1.0,1.0,0.0,0.0,0.0,0.0,-47.734375,1.0
2013-01-13,2,611.3,1,262.578125,156.015625,156.015625,156.015625,0.0,1.0,1.0,1.0,0.0,0.0,0.0,0.0,-106.5625,1.0
2013-01-13,2,634.1,1,219.6875,175.390625,175.390625,175.390625,0.0,1.0,1.0,1.0,0.0,0.0,0.0,0.0,-44.296875,1.0
2013-01-13,3,611.3,1,199.84375,147.109375,147.109375,147.109375,0.0,1.0,1.0,1.0,0.0,0.0,0.0,0.0,-52.734375,1.0
2013-01-13,3,634.1,1,224.921875,170.78125,170.78125,170.78125,0.0,1.0,1.0,1.0,0.0,0.0,0.0,0.0,-54.140625,1.0
2013-01-13,4,611.3,1,264.0625,157.8125,157.8125,157.8125,0.0,1.0,1.0,1.0,0.0,0.0,0.0,0.0,-106.25,1.0
2013-01-13,4,634.1,1,240.9375,181.328125,181.328125,181.328125,0.0,1.0,1.0,1.0,0.0,0.0,0.0,0.0,-59.609375,1.0
2013-01-13,5,611.3,1,204.296875,135.703125,135.703125,135.703125,0.0,1.0,1.0,1.0,0.0,0.0,0.0,0.0,-68.59375,1.0
2013-01-13,5,634.1,1,223.984375,165.859375,165.859375,165.859375,0.0,1.0,1.0,1.0,0.0,0.0,0.0,0.0,-58.125,1.0
2013-01-13,6,611.3,1,233.984375,158.4375,158.4375,158.4375,0.0,1.0,1.0,1.0,0.0,0.0,0.0,0.0,-75.546875,1.0
2013-01-13,6,634.1,1,227.578125,182.65625,182.65625,182.65625,0.0,1.0,1.0,1.0,0.0,0.0,0.0,0.0,-44.921875,1.0
2013-01-13,7,611.3,1,218.671875,158.75,158.75,158.75,0.0,1.0,1.0,1.0,0.0,0.0,0.0,0.0,-59.921875,1.0
2013-01-13,7,634.1,1,235.15625,176.484375,176.484375,176.484375,0.0,1.0,1.0,1.0,0.0,0.0,0.0,0.0,-58.671875,1.0
2013-01-13,8,611.3,1,191.796875,150.3125,150.3125,150.3125,0.0,1.0,1.0,1.0,0.0,0.0,0.0,0.0,-41.484375,1.0
2013-01-13,8,634.1,1,216.09375,171.796875,171.796875,171.796875,0.0,1.0,1.0,1.0,0.0,0.0,0.0,0.0,-44.296875,1.0
2013-01-13,9,611.3,1,234.296875,153.28125,153.28125,153.28125,0.0,1.0,1.0,1.0,0.0,0.0,0.0,0.0,-81.015625,1.0
2013-01-13,9,634.1,1,236.171875,173.828125,173.828125,173.828125,0.0,1.0,1.0,1.0,0.0,0.0,0.0,0.0,-62.34375,1.0
2013-01-14,0,611.3,1,251.40625,97.8125,97.8125,97.8125,0.0,1.0,1.0,1.0,0.0,0.0,0.0,0.0,-153.59375,1.0
2013-01-14,0,634.1,1,258.125,81.40625,81.40625,81.40625,0.0,1.0,1.0,1.0,0.0,0.0,0.0,0.0,-176.71875,1.0
2013-01-14,1,611.3,1,212.8125,80.9375,80.9375,80.9375,0.0,1.0,1.0,1.0,0.0,0.0,0.0,0.0,-131.875,1.0
2013-01-14,1,634.1,1,206.171875,71.640625,71.640625,71.640625,0.0,1.0,1.0,1.0,0.0,0.0,0.0,0.0,-134.53125,1.0
2013-01-14,2,611.3,1,195.46875,87.5,87.5,87.5,0.0,1.0,1.0,1.0,0.0,0.0,0.0,0.0,-107.96875,1.0
2013-01-14,2,634.1,1,210.46875,71.015625,71.015625,71.015625,0.0,1.0,1.0,1.0,0.0,0.0,0.0,0.0,-139.453125,1.0
2013-01-14,3,611.3,1,200.546875,85.546875,85.546875,85.546875,0.0,1.0,1.0,1.0,0.0,0.0,0.0,0.0,-115.0,1.0
2013-01-14,3,634.1,1,223.90625,78.828125,78.828125,78.828125,0.0,1.0,1.0,1.0,0.0,0.0,0.0,0.0,-145.078125,1.0
2013-01-14,4,611.3,1,220.234375,113.125,113.125,113.125,0.0,1.0,1.0,1.0,0.0,0.0,0.0,0.0,-107.109375,1.0
2013-01-14,4,634.1,1,228.75,104.0625,104.0625,104.0625,0.0,1.0,1.0,1.0,0.0,0.0,0.0,0.0,-124.6875,1.0
2013-01-14,5,611.3,1,218.28125,92.890625,92.890625,92.890625,0.0,1.0,1.0,1.0,0.0,0.0,0.0,0.0,-125.390625,1.0
2013-01-14,5,634.1,1,224.84375,78.4375,78.4375,78.4375,0.0,1.0,1.0,1.0,0.0,0.0,0.0,0.0,-146.40625,1.0
2013-01-14,6,611.3,1,234.0625,122.5,122.5,122.5,0.0,1.0,1.0,1.0,0.0,0.0,0.0,0.0,-111.5625,1.0
2013-01-14,6,634.1,1,220.46875,119.53125,119.53125,119.53125,0.0,1.0,0.0,1.0,0.0,0.0,0.0,1.0,-100.9375,1.0
2013-01-14,7,611.3,1,212.03125,111.09375,111.09375,111.09375,0.0,1.0,1.0,1.0,0.0,0.0,0.0,0.0,-100.9375,1.0
2013-01-14,7,634.1,1,220.0,103.828125,103.828125,103.828125,0.0,1.0,1.0,1.0,0.0,0.0,0.0,0.0,-116.171875,1.0
2013-01-14,8,611.3,1,218.359375,84.140625,84.140625,84.140625,0.0,1.0,1.0,1.0,0.0,0.0,0.0,0.0,-134.21875,1.0
2013-01-14,8,634.1,1,213.75,66.5625,66.5625,66.5625,0.0,1.0,1.0,1.0,0.0,0.0,0.0,0.0,-147.1875,1.0
2013-01-14,9,611.3,1,205.9375,112.1875,112.1875,112.1875,0.0,1.0,1.0,1.0,0.0,0.0,0.0,0.0,-93.75,1.0
2013-01-14,9,634.1,1,234.921875,105.78125,105.78125,105.78125,0.0,1.0,1.0,1.0,0.0,0.0,0.0,0.0,-129.140625,1.0
2013-01-15,0,611.3,1,236.875,135.390625,135.390625,135.390625,0.0,1.0,1.0,1.0,0.0,0.0,0.0,0.0,-101.484375,1.0
2013-01-15,0,634.1,1,255.625,132.578125,132.578125,132.578125,0.0,1.0,1.0,1.0,0.0,0.0,0.0,0.0,-123.046875,1.0
2013-01-15,1,611.3,1,210.0,95.703125,95.703125,95.703125,0.0,1.0,1.0,1.0,0.0,0.0,0.0,0.0,-114.296875,1.0
2013-01-15,1,634.1,1,210.390625,99.140625,99.140625,99.140625,0.0,1.0,1.0,1.0,0.0,0.0,0.0,0.0,-111.25,1.0
2013-01-15,2,611.3,1,196.328125,117.03125,117.03125,117.03125,0.0,1.0,1.0,1.0,0.0,0.0,0.0,0.0,-79.296875,1.0
2013-01-15,2,634.1,1,202.34375,117.8125,117.8125,117.8125,0.0,1.0,1.0,1.0,0.0,0.0,0.0,0.0,-84.53125,1.0
2013-01-15,3,611.3,1,210.0,106.640625,106.640625,106.640625,0.0,1.0,1.0,1.0,0.0,0.0,0.0,0.0,-103.359375,1.0
2013-01-15,3,634.1,1,227.5,108.28125,108.28125,108.28125,0.0,1.0,1.0,1.0,0.0,0.0,0.0,0.0,-119.21875,1.0
2013-01-15,4,611.3,1,230.625,122.96875,122.96875,122.96875,0.0,1.0,1.0,1.0,0.0,0.0,0.0,0.0,-107.65625,1.0
2013-01-15,4,634.1,1,215.625,125.390625,125.390625,125.390625,0.0,1.0,1.0,1.0,0.0,0.0,0.0,0.0,-90.234375,1.0
2013-01-15,5,611.3,1,193.125,110.390625,110.390625,110.390625,0.0,1.0,1.0,1.0,0.0,0.0,0.0,0.0,-82.734375,1.0
2013-01-15,5,634.1,1,220.390625,113.4375,113.4375,113.4375,0.0,1.0,1.0,1.0,0.0,0.0,0.0,0.0,-106.953125,1.0
2013-01-15,6,611.3,1,212.8125,130.15625,130.15625,130.15625,0.0,1.0,1.0,1.0,0.0,0.0,0.0,0.0,-82.65625,1.0
2013-01-15,6,634.1,1,226.171875,132.421875,132.421875,132.421875,0.0,1.0,1.0,1.0,0.0,0.0,0.0,0.0,-93.75,1.0
2013-01-15,7,611.3,1,250.390625,105.78125,105.78125,105.78125,0.0,1.0,1.0,1.0,0.0,0.0,0.0,0.0,-144.609375,1.0
2013-01-15,7,634.1,1,221.875,111.09375,111.09375,111.09375,0.0,1.0,1.0,1.0,0.0,0.0,0.0,0.0,-110.78125,1.0
2013-01-15,8,611.3,1,201.953125,102.890625,102.890625,102.890625,0.0,1.0,1.0,1.0,0.0,0.0,0.0,0.0,-99.0625,1.0
2013-01-15,8,634.1,1,209.84375,104.21875,104.21875,104.21875,0.0,1.0,1.0,1.0,0.0,0.0,0.0,0.0,-105.625,1.0
2013-01-15,9,611.3,1,200.0,130.859375,130.859375,130.859375,0.0,1.0,1.0,1.0,0.0,0.0,0.0,0.0,-69.140625,1.0
2013-01-15,9,634.1,1,225.078125,134.0625,134.0625,134.0625,0.0,1.0,1.0,1.0,0.0,0.0,0.0,0.0,-91.015625,1.0
2013-01-16,0,611.3,1,258.59375,145.703125,145.703125,145.703125,0.0,1.0,1.0,1.0,0.0,0.0,0.0,0.0,-112.890625,1.0
2013-01-16,0,634.1,1,257.96875,133.4375,133.4375,133.4375,0.0,1.0,1.0,1.0,0.0,0.0,0.0,0.0,-124.53125,1.0
2013-01-16,1,611.3,1,207.578125,85.0,85.0,85.0,0.0,1.0,1.0,1.0,0.0,0.0,0.0,0.0,-122.578125,1.0
2013-01-16,1,634.1,1,207.890625,72.34375,72.34375,72.34375,0.0,1.0,1.0,1.0,0.0,0.0,0.0,0.0,-135.546875,1.0
2013-01-16,2,611.3,1,187.734375,88.203125,88.203125,88.203125,0.0,1.0,1.0,1.0,0.0,0.0,0.0,0.0,-99.53125,1.0
2013-01-16,2,634.1,1,211.40625,76.5625,76.5625,76.5625,0.0,1.0,1.0,1.0,0.0,0.0,0.0,0.0,-134.84375,1.0
2013-01-16,3,611.3,1,258.046875,100.078125,100.078125,100.078125,0.0,1.0,1.0,1.0,0.0,0.0,0.0,0.0,-157.96875,1.0
2013-01-16,3,634.1,1,237.8125,89.921875,89.921875,89.921875,0.0,1.0,1.0,1.0,0.0,0.0,0.0,0.0,-147.890625,1.0
2013-01-16,4,611.3,1,260.546875,119.453125,119.453125,119.453125,0.0,1.0,1.0,1.0,0.0,0.0,0.0,0.0,-141.09375,1.0
2013-01-16,4,634.1,1,244.765625,115.46875,115.46875,115.46875,0.0,1.0,1.0,1.0,0.0,0.0,0.0,0.0,-129.296875,1.0
2013-01-16,5,611.3,1,244.140625,112.578125,112.578125,112.578125,0.0,1.0,1.0,1.0,0.0,0.0,0.0,0.0,-131.5625,1.0
2013-01-16,5,634.1,1,235.234375,104.6875,104.6875,104.6875,0.0,1.0,1.0,1.0,0.0,0.0,0.0,0.0,-130.546875,1.0
2013-01-16,6,611.3,1,280.15625,100.859375,100.859375,100.859375,0.0,1.0,1.0,1.0,0.0,0.0,0.0,0.0,-179.296875,1.0
2013-01-16,6,634.1,1,243.984375,95.15625,95.15625,95.15625,0.0,1.0,1.0,1.0,0.0,0.0,0.0,0.0,-148.828125,1.0
2013-01-16,7,611.3,1,242.65625,111.5625,111.5625,111.5625,0.0,1.0,1.0,1.0,0.0,0.0,0.0,0.0,-131.09375,1.0
2013-01-16,7,634.1,1,242.578125,106.25,106.25,106.25,0.0,1.0,1.0,1.0,0.0,0.0,0.0,0.0,-136.328125,1.0
2013-01-16,8,611.3,1,233.359375,103.359375,103.359375,103.359375,0.0,1.0,1.0,1.0,0.0,0.0,0.0,0.0,-130.0,1.0
2013-01-16,8,634.1,1,229.6875,92.734375,92.734375,92.734375,0.0,1.0,1.0,1.0,0.0,0.0,0.0,0.0,-136.953125,1.0
2013-01-16,9,611.3,1,233.59375,114.0625,114.0625,114.0625,0.0,1.0,1.0,1.0,0.0,0.0,0.0,0.0,-119.53125,1.0
2013-01-16,9,634.1,1,238.515625,107.65625,107.65625,107.65625,0.0,1.0,1.0,1.0,0.0,0.0,0.0,0.0,-130.859375,1.0
2013-01-17,0,611.3,1,300.0,125.078125,125.078125,125.078125,0.0,1.0,1.0,1.0,0.0,0.0,0.0,0.0,-174.921875,1.0
2013-01-17,0,634.1,1,259.609375,117.421875,117.421875,117.421875,0.0,1.0,1.0,1.0,0.0,0.0,0.0,0.0,-142.1875,1.0
2013-01-17,1,611.3,1,249.84375,84.375,84.375,84.375,0.0,1.0,1.0,1.0,0.0,0.0,0.0,0.0,-165.46875,1.0
2013-01-17,1,634.1,1,235.625,72.890625,72.890625,72.890625,0.0,1.0,1.0,1.0,0.0,0.0,0.0,0.0,-162.734375,1.0
2013-01-17,2,611.3,1,194.84375,102.34375,102.34375,102.34375,0.0,1.0,1.0,1.0,0.0,0.0,0.0,0.0,-92.5,1.0
2013-01-17,2,634.1,1,240.234375,91.953125,91.953125,91.953125,0.0,1.0,1.0,1.0,0.0,0.0,0.0,0.0,-148.28125,1.0
2013-01-17,3,611.3,1,260.078125,124.21875,124.21875,124.21875,0.0,1.0,1.0,1.0,0.0,0.0,0.0,0.0,-135.859375,1.0
2013-01-17,3,634.1,1,232.421875,116.71875,116.71875,116.71875,0.0,1.0,1.0,1.0,0.0,0.0,0.0,0.0,-115.703125,1.0
2013-01-17,4,611.3,1,300.0,126.796875,126.796875,126.796875,0.0,1.0,1.0,1.0,0.0,0.0,0.0,0.0,-173.203125,1.0
2013-01-17,4,634.1,1,253.671875,120.859375,120.859375,120.859375,0.0,1.0,1.0,1.0,0.0,0.0,0.0,0.0,-132.8125,1.0
2013-01-17,5,611.3,1,290.9375,143.359375,143.359375,143.359375,0.0,1.0,1.0,1.0,0.0,0.0,0.0,0.0,-147.578125,1.0
2013-01-17,5,634.1,1,251.640625,143.984375,143.984375,143.984375,0.0,1.0,1.0,1.0,0.0,0.0,0.0,0.0,-107.65625,1.0
2013-01-17,6,611.3,1,283.4375,156.25,156.25,156.25,0.0,1.0,1.0,1.0,0.0,0.0,0.0,0.0,-127.1875,1.0
2013-01-17,6,634.1,1,250.625,175.625,171.66889650812493,175.625,0.0,1.0,1.0,1.0,0.0,0.0,3.9561034918750693,0.0,-75.0,1.0
2013-01-17,7,611.3,1,260.546875,122.421875,122.421875,122.421875,0.0,1.0,1.0,1.0,0.0,0.0,0.0,0.0,-138.125,1.0
2013-01-17,7,634.1,1,251.484375,114.921875,114.921875,114.921875,0.0,1.0,1.0,1.0,0.0,0.0,0.0,0.0,-136.5625,1.0
2013-01-17,8,611.3,1,248.515625,144.453125,144.453125,144.453125,0.0,1.0,1.0,1.0,0.0,0.0,0.0,0.0,-104.0625,1.0
2013-01-17,8,634.1,1,231.484375,157.65625,157.65625,157.65625,0.0,1.0,1.0,1.0,0.0,0.0,0.0,0.0,-73.828125,1.0
2013-01-17,9,611.3,1,299.0625,134.609375,134.609375,134.609375,0.0,1.0,1.0,1.0,0.0,0.0,0.0,0.0,-164.453125,1.0
2013-01-17,9,634.1,1,253.28125,126.015625,126.015625,126.015625,0.0,1.0,1.0,1.0,0.0,0.0,0.0,0.0,-127.265625,1.0
2013-01-18,0,611.3,1,300.0,66.84140624999999,162.421875,162.421875,0.0,1.0,1.0,1.0,95.58046875000001,0.0,0.0,0.0,-137.578125,1.0
2013-01-18,0,634.1,1,267.65625,134.52890624999998,122.62189943781244,196.640625,0.0,1.0,1.0,1.0,62.11171875000002,0.0,74.01872556218756,0.0,-71.015625,1.0
2013-01-18,1,611.3,1,300.0,142.734375,142.734375,142.734375,0.0,1.0,1.0,1.0,0.0,0.0,0.0,0.0,-157.265625,1.0
2013-01-18,1,634.1,1,257.03125,169.0625,159.46223146906243,169.0625,0.0,1.0,1.0,1.0,0.0,0.0,9.60026853093757,0.0,-87.96875,1.0
2013-01-18,2,611.3,1,293.75,145.859375,145.859375,145.859375,0.0,1.0,1.0,1.0,0.0,0.0,0.0,0.0,-147.890625,1.0
2013-01-18,2,634.1,1,263.75,140.078125,140.078125,140.078125,0.0,1.0,1.0,1.0,0.0,0.0,0.0,0.0,-123.671875,1.0
2013-01-18,3,611.3,1,300.0,149.21875,149.21875,149.21875,0.0,1.0,1.0,1.0,0.0,0.0,0.0,0.0,-150.78125,1.0
2013-01-18,3,634.1,1,260.859375,172.03125,142.79594728937494,172.03125,0.0,1.0,1.0,1.0,0.0,0.0,29.235302710625064,0.0,-88.828125,1.0
2013-01-18,4,611.3,1,300.0,123.5296875,158.125,158.125,0.0,1.0,1.0,1.0,34.595312500000006,0.0,0.0,0.0,-141.875,1.0
2013-01-18,4,634.1,1,266.5625,142.42578125,120.38327639093744,182.421875,0.0,1.0,1.0,1.0,39.99609375,0.0,62.03859860906256,0.0,-84.140625,1.0
2013-01-18,5,611.3,1,300.0,152.96875,152.96875,152.96875,0.0,1.0,1.0,1.0,0.0,0.0,0.0,0.0,-147.03125,1.0
2013-01-18,5,634.1,1,263.203125,168.93671874999998,137.87802736749993,173.75,0.0,1.0,1.0,1.0,4.813281250000017,0.0,35.871972632500075,0.0,-89.453125,1.0
2013-01-18,6,611.3,1,300.0,124.6578125,157.96875,157.96875,0.0,1.0,1.0,1.0,33.310937499999994,0.0,0.0,0.0,-142.03125,1.0
2013-01-18,6,634.1,1,266.484375,142.42578125,124.62255861749992,181.953125,0.0,1.0,1.0,1.0,39.52734375,0.0,57.33056638250008,0.0,-84.53125,1.0
2013-01-18,7,611.3,1,300.0,161.484375,161.484375,161.484375,0.0,1.0,1.0,1.0,0.0,0.0,0.0,0.0,-138.515625,1.0
2013-01-18,7,634.1,1,263.125,170.06484375,131.38249514093744,193.4375,0.0,1.0,1.0,1.0,23.372656250000006,0.0,62.055004859062564,0.0,-69.6875,1.0
2013-01-18,8,611.3,1,300.0,157.34375,157.34375,157.34375,0.0,1.0,1.0,1.0,0.0,0.0,0.0,0.0,-142.65625,1.0
2013-01-18,8,634.1,1,262.734375,173.44921875,148.95656740656244,179.84375,0.0,1.0,1.0,1.0,6.39453125,0.0,30.887182593437558,0.0,-82.890625,1.0
2013-01-18,9,611.3,1,300.0,156.640625,156.640625,156.640625,0.0,1.0,1.0,1.0,0.0,0.0,0.0,0.0,-143.359375,1.0
2013-01-18,9,634.1,1,263.203125,171.475,138.26582033624993,177.421875,0.0,1.0,1.0,1.0,5.946875000000006,0.0,39.15605466375007,0.0,-85.78125,1.0
2013-01-19,0,611.3,1,215.9375,162.421875,162.421875,162.421875,0.0,1.0,1.0,1.0,0.0,0.0,0.0,0.0,-53.515625,1.0
2013-01-19,0,634.1,1,258.4375,175.703125,175.703125,175.703125,0.0,1.0,1.0,1.0,0.0,0.0,0.0,0.0,-82.734375,1.0
2013-01-19,1,611.3,1,216.640625,154.84375,154.84375,154.84375,0.0,1.0,1.0,1.0,0.0,0.0,0.0,0.0,-61.796875,1.0
2013-01-19,1,634.1,1,227.109375,171.640625,171.640625,171.640625,0.0,1.0,1.0,1.0,0.0,0.0,0.0,0.0,-55.46875,1.0
2013-01-19,2,611.3,1,197.734375,148.59375,148.59375,148.59375,0.0,1.0,1.0,1.0,0.0,0.0,0.0,0.0,-49.140625,1.0
2013-01-19,2,634.1,1,229.375,167.1875,167.1875,167.1875,0.0,1.0,1.0,1.0,0.0,0.0,0.0,0.0,-62.1875,1.0
2013-01-19,3,611.3,1,181.484375,125.546875,125.546875,125.546875,0.0,1.0,1.0,1.0,0.0,0.0,0.0,0.0,-55.9375,1.0
2013-01-19,3,634.1,1,218.359375,147.421875,147.421875,147.421875,0.0,1.0,1.0,1.0,0.0,0.0,0.0,0.0,-70.9375,1.0
2013-01-19,4,611.3,1,219.0625,150.390625,150.390625,150.390625,0.0,1.0,1.0,1.0,0.0,0.0,0.0,0.0,-68.671875,1.0
2013-01-19,4,634.1,1,222.34375,167.734375,167.734375,167.734375,0.0,1.0,1.0,1.0,0.0,0.0,0.0,0.0,-54.609375,1.0
2013-01-19,5,611.3,1,193.90625,124.53125,124.53125,124.53125,0.0,1.0,1.0,1.0,0.0,0.0,0.0,0.0,-69.375,1.0
2013-01-19,5,634.1,1,222.8125,148.125,148.125,148.125,0.0,1.0,1.0,1.0,0.0,0.0,0.0,0.0,-74.6875,1.0
2013-01-19,6,611.3,1,227.890625,159.140625,159.140625,159.140625,0.0,1.0,1.0,1.0,0.0,0.0,0.0,0.0,-68.75,1.0
2013-01-19,6,634.1,1,245.46875,180.625,180.625,180.625,0.0,1.0,1.0,1.0,0.0,0.0,0.0,0.0,-64.84375,1.0
2013-01-19,7,611.3,1,232.265625,161.875,161.875,161.875,0.0,1.0,1.0,1.0,0.0,0.0,0.0,0.0,-70.390625,1.0
2013-01-19,7,634.1,1,231.875,174.53125,174.53125,174.53125,0.0,1.0,1.0,1.0,0.0,0.0,0.0,0.0,-57.34375,1.0
2013-01-19,8,611.3,1,194.0625,153.4375,153.4375,153.4375,0.0,1.0,1.0,1.0,0.0,0.0,0.0,0.0,-40.625,1.0
2013-01-19,8,634.1,1,212.8125,169.375,169.375,169.375,0.0,1.0,1.0,1.0,0.0,0.0,0.0,0.0,-43.4375,1.0
2013-01-19,9,611.3,1,198.984375,145.9375,145.9375,145.9375,0.0,1.0,1.0,1.0,0.0,0.0,0.0,0.0,-53.046875,1.0
2013-01-19,9,634.1,1,230.46875,165.859375,165.859375,165.859375,0.0,1.0,1.0,1.0,0.0,0.0,0.0,0.0,-64.609375,1.0
2013-01-20,0,611.3,1,232.890625,150.78125,150.78125,150.78125,0.0,1.0,1.0,1.0,0.0,0.0,0.0,0.0,-82.109375,1.0
2013-01-20,0,634.1,1,256.640625,172.734375,172.734375,172.734375,0.0,1.0,1.0,1.0,0.0,0.0,0.0,0.0,-83.90625,1.0
2013-01-20,1,611.3,1,216.171875,153.046875,153.046875,153.046875,0.0,1.0,1.0,1.0,0.0,0.0,0.0,0.0,-63.125,1.0
2013-01-20,1,634.1,1,217.890625,173.75,173.75,173.75,0.0,1.0,1.0,1.0,0.0,0.0,0.0,0.0,-44.140625,1.0
2013-01-20,2,611.3,1,203.515625,148.671875,148.671875,148.671875,0.0,1.0,1.0,1.0,0.0,0.0,0.0,0.0,-54.84375,1.0
2013-01-20,2,634.1,1,200.703125,171.71875,171.71875,171.71875,0.0,1.0,1.0,1.0,0.0,0.0,0.0,0.0,-28.984375,1.0
2013-01-20,3,611.3,1,202.03125,143.046875,143.046875,143.046875,0.0,1.0,1.0,1.0,0.0,0.0,0.0,0.0,-58.984375,1.0
2013-01-20,3,634.1,1,229.375,169.21875,169.21875,169.21875,0.0,1.0,1.0,1.0,0.0,0.0,0.0,0.0,-60.15625,1.0
2013-01-20,4,611.3,1,219.0625,154.0625,154.0625,154.0625,0.0,1.0,1.0,1.0,0.0,0.0,0.0,0.0,-65.0,1.0
2013-01-20,4,634.1,1,237.03125,174.21875,174.21875,174.21875,0.0,1.0,1.0,1.0,0.0,0.0,0.0,0.0,-62.8125,1.0
2013-01-20,5,611.3,1,193.75,139.53125,139.53125,139.53125,0.0,1.0,1.0,1.0,0.0,0.0,0.0,0.0,-54.21875,1.0
2013-01-20,5,634.1,1,228.90625,167.578125,167.578125,167.578125,0.0,1.0,1.0,1.0,0.0,0.0,0.0,0.0,-61.328125,1.0
2013-01-20,6,611.3,1,225.546875,158.28125,158.28125,158.28125,0.0,1.0,1.0,1.0,0.0,0.0,0.0,0.0,-67.265625,1.0
2013-01-20,6,634.1,1,231.640625,182.96875,182.96875,182.96875,0.0,1.0,1.0,1.0,0.0,0.0,0.0,0.0,-48.671875,1.0
2013-01-20,7,611.3,1,258.359375,158.203125,158.203125,158.203125,0.0,1.0,1.0,1.0,0.0,0.0,0.0,0.0,-100.15625,1.0
2013-01-20,7,634.1,1,234.375,182.578125,182.578125,182.578125,0.0,1.0,1.0,1.0,0.0,0.0,0.0,0.0,-51.796875,1.0
2013-01-20,8,611.3,1,212.34375,142.109375,142.109375,142.109375,0.0,1.0,1.0,1.0,0.0,0.0,0.0,0.0,-70.234375,1.0
2013-01-20,8,634.1,1,221.953125,168.75,168.75,168.75,0.0,1.0,1.0,1.0,0.0,0.0,0.0,0.0,-53.203125,1.0
2013-01-20,9,611.3,1,217.1875,148.4375,148.4375,148.4375,0.0,1.0,1.0,1.0,0.0,0.0,0.0,0.0,-68.75,1.0
2013-01-20,9,634.1,1,239.453125,171.640625,171.640625,171.640625,0.0,1.0,1.0,1.0,0.0,0.0,0.0,0.0,-67.8125,1.0
2013-01-21,0,611.3,1,238.4375,121.953125,121.953125,121.953125,0.0,1.0,1.0,1.0,0.0,0.0,0.0,0.0,-116.484375,1.0
2013-01-21,0,634.1,1,256.875,129.84375,129.84375,129.84375,0.0,1.0,1.0,1.0,0.0,0.0,0.0,0.0,-127.03125,1.0
2013-01-21,1,611.3,1,246.875,111.171875,111.171875,111.171875,0.0,1.0,1.0,1.0,0.0,0.0,0.0,0.0,-135.703125,1.0
2013-01-21,1,634.1,1,218.90625,123.046875,123.046875,123.046875,0.0,1.0,1.0,1.0,0.0,0.0,0.0,0.0,-95.859375,1.0
2013-01-21,2,611.3,1,198.59375,115.3125,115.3125,115.3125,0.0,1.0,1.0,1.0,0.0,0.0,0.0,0.0,-83.28125,1.0
2013-01-21,2,634.1,1,206.25,127.34375,127.34375,127.34375,0.0,1.0,1.0,1.0,0.0,0.0,0.0,0.0,-78.90625,1.0
2013-01-21,3,611.3,1,211.640625,111.875,111.875,111.875,0.0,1.0,1.0,1.0,0.0,0.0,0.0,0.0,-99.765625,1.0
2013-01-21,3,634.1,1,225.546875,128.4375,128.4375,128.4375,0.0,1.0,1.0,1.0,0.0,0.0,0.0,0.0,-97.109375,1.0
2013-01-21,4,611.3,1,282.421875,144.921875,144.921875,144.921875,0.0,1.0,1.0,1.0,0.0,0.0,0.0,0.0,-137.5,1.0
2013-01-21,4,634.1,1,238.125,163.90625,163.90625,163.90625,0.0,1.0,1.0,1.0,0.0,0.0,0.0,0.0,-74.21875,1.0
2013-01-21,5,611.3,1,222.34375,123.828125,123.828125,123.828125,0.0,1.0,1.0,1.0,0.0,0.0,0.0,0.0,-98.515625,1.0
2013-01-21,5,634.1,1,225.703125,135.9375,135.9375,135.9375,0.0,1.0,1.0,1.0,0.0,0.0,0.0,0.0,-89.765625,1.0
2013-01-21,6,611.3,1,264.0625,148.125,148.125,148.125,0.0,1.0,1.0,1.0,0.0,0.0,0.0,0.0,-115.9375,1.0
2013-01-21,6,634.1,1,225.3125,163.28125,163.28125,163.28125,0.0,1.0,1.0,1.0,0.0,0.0,0.0,0.0,-62.03125,1.0
2013-01-21,7,611.3,1,248.28125,140.46875,140.46875,140.46875,0.0,1.0,1.0,1.0,0.0,0.0,0.0,0.0,-107.8125,1.0
2013-01-21,7,634.1,1,234.21875,142.03125,142.03125,142.03125,0.0,1.0,1.0,1.0,0.0,0.0,0.0,0.0,-92.1875,1.0
2013-01-21,8,611.3,1,221.875,117.8125,117.8125,117.8125,0.0,1.0,1.0,1.0,0.0,0.0,0.0,0.0,-104.0625,1.0
2013-01-21,8,634.1,1,219.609375,129.453125,129.453125,129.453125,0.0,1.0,1.0,1.0,0.0,0.0,0.0,0.0,-90.15625,1.0
2013-01-21,9,611.3,1,245.9375,143.90625,143.90625,143.90625,0.0,1.0,1.0,1.0,0.0,0.0,0.0,0.0,-102.03125,1.0
2013-01-21,9,634.1,1,241.953125,153.359375,153.359375,153.359375,0.0,1.0,1.0,1.0,0.0,0.0,0.0,0.0,-88.59375,1.0
2013-01-22,0,611.3,1,239.375,120.625,120.625,120.625,0.0,1.0,1.0,1.0,0.0,0.0,0.0,0.0,-118.75,1.0
2013-01-22,0,634.1,1,253.671875,111.40625,111.40625,111.40625,0.0,1.0,1.0,1.0,0.0,0.0,0.0,0.0,-142.265625,1.0
2013-01-22,1,611.3,1,234.140625,133.125,133.125,133.125,0.0,1.0,1.0,1.0,0.0,0.0,0.0,0.0,-101.015625,1.0
2013-01-22,1,634.1,1,238.046875,124.6875,124.6875,124.6875,0.0,1.0,1.0,1.0,0.0,0.0,0.0,0.0,-113.359375,1.0
2013-01-22,2,611.3,1,183.515625,87.578125,87.578125,87.578125,0.0,1.0,1.0,1.0,0.0,0.0,0.0,0.0,-95.9375,1.0
2013-01-22,2,634.1,1,214.53125,75.625,75.625,75.625,0.0,1.0,1.0,1.0,0.0,0.0,0.0,0.0,-138.90625,1.0
2013-01-22,3,611.3,1,224.6875,139.375,139.375,139.375,0.0,1.0,1.0,1.0,0.0,0.0,0.0,0.0,-85.3125,1.0
2013-01-22,3,634.1,1,221.875,129.921875,129.921875,129.921875,0.0,1.0,1.0,1.0,0.0,0.0,0.0,0.0,-91.953125,1.0
2013-01-22,4,611.3,1,288.828125,147.65625,147.65625,147.65625,0.0,1.0,1.0,1.0,0.0,0.0,0.0,0.0,-141.171875,1.0
2013-01-22,4,634.1,1,245.46875,171.328125,171.328125,171.328125,0.0,1.0,1.0,1.0,0.0,0.0,0.0,0.0,-74.140625,1.0
2013-01-22,5,611.3,1,237.96875,106.171875,106.171875,106.171875,0.0,1.0,1.0,1.0,0.0,0.0,0.0,0.0,-131.796875,1.0
2013-01-22,5,634.1,1,239.921875,99.453125,99.453125,99.453125,0.0,1.0,1.0,1.0,0.0,0.0,0.0,0.0,-140.46875,1.0
2013-01-22,6,611.3,1,254.53125,117.65625,117.65625,117.65625,0.0,1.0,1.0,1.0,0.0,0.0,0.0,0.0,-136.875,1.0
2013-01-22,6,634.1,1,234.453125,114.140625,114.140625,114.140625,0.0,1.0,1.0,1.0,0.0,0.0,0.0,0.0,-120.3125,1.0
2013-01-22,7,611.3,1,234.921875,138.671875,138.671875,138.671875,0.0,1.0,1.0,1.0,0.0,0.0,0.0,0.0,-96.25,1.0
2013-01-22,7,634.1,1,251.015625,129.453125,129.453125,129.453125,0.0,1.0,1.0,1.0,0.0,0.0,0.0,0.0,-121.5625,1.0
2013-01-22,8,611.3,1,285.46875,149.609375,149.609375,149.609375,0.0,1.0,1.0,1.0,0.0,0.0,0.0,0.0,-135.859375,1.0
2013-01-22,8,634.1,1,248.203125,139.0625,139.0625,139.0625,0.0,1.0,1.0,1.0,0.0,0.0,0.0,0.0,-109.140625,1.0
2013-01-22,9,611.3,1,248.75,123.515625,123.515625,123.515625,0.0,1.0,1.0,1.0,0.0,0.0,0.0,0.0,-125.234375,1.0
2013-01-22,9,634.1,1,241.015625,118.671875,118.671875,118.671875,0.0,1.0,1.0,1.0,0.0,0.0,0.0,0.0,-122.34375,1.0
2013-01-23,0,611.3,1,213.4375,145.703125,145.703125,145.703125,0.0,1.0,1.0,1.0,0.0,0.0,0.0,0.0,-67.734375,1.0
2013-01-23,0,634.1,1,257.1875,164.765625,164.765625,164.765625,0.0,1.0,1.0,1.0,0.0,0.0,0.0,0.0,-92.421875,1.0
2013-01-23,1,611.3,1,204.53125,151.796875,151.796875,151.796875,0.0,1.0,1.0,1.0,0.0,0.0,0.0,0.0,-52.734375,1.0
2013-01-23,1,634.1,1,221.171875,168.59375,168.59375,168.59375,0.0,1.0,1.0,1.0,0.0,0.0,0.0,0.0,-52.578125,1.0
2013-01-23,2,611.3,1,197.578125,149.53125,149.53125,149.53125,0.0,1.0,1.0,1.0,0.0,0.0,0.0,0.0,-48.046875,1.0
2013-01-23,2,634.1,1,205.859375,172.1875,172.1875,172.1875,0.0,1.0,1.0,1.0,0.0,0.0,0.0,0.0,-33.671875,1.0
2013-01-23,3,611.3,1,203.28125,133.359375,133.359375,133.359375,0.0,1.0,1.0,1.0,0.0,0.0,0.0,0.0,-69.921875,1.0
2013-01-23,3,634.1,1,212.109375,161.171875,161.171875,161.171875,0.0,1.0,1.0,1.0,0.0,0.0,0.0,0.0,-50.9375,1.0
2013-01-23,4,611.3,1,232.34375,155.0,155.0,155.0,0.0,1.0,1.0,1.0,0.0,0.0,0.0,0.0,-77.34375,1.0
2013-01-23,4,634.1,1,231.796875,174.609375,174.609375,174.609375,0.0,1.0,1.0,1.0,0.0,0.0,0.0,0.0,-57.1875,1.0
2013-01-23,5,611.3,1,196.5625,110.15625,110.15625,110.15625,0.0,1.0,1.0,1.0,0.0,0.0,0.0,0.0,-86.40625,1.0
2013-01-23,5,634.1,1,237.34375,129.0625,129.0625,129.0625,0.0,1.0,1.0,1.0,0.0,0.0,0.0,0.0,-108.28125,1.0
2013-01-23,6,611.3,1,200.46875,131.796875,131.796875,131.796875,0.0,1.0,1.0,1.0,0.0,0.0,0.0,0.0,-68.671875,1.0
2013-01-23,6,634.1,1,222.8125,148.515625,148.515625,148.515625,0.0,1.0,1.0,1.0,0.0,0.0,0.0,0.0,-74.296875,1.0
2013-01-23,7,611.3,1,224.296875,142.890625,142.890625,142.890625,0.0,1.0,1.0,1.0,0.0,0.0,0.0,0.0,-81.40625,1.0
2013-01-23,7,634.1,1,236.5625,164.6875,164.6875,164.6875,0.0,1.0,1.0,1.0,0.0,0.0,0.0,0.0,-71.875,1.0
2013-01-23,8,611.3,1,198.828125,130.234375,130.234375,130.234375,0.0,1.0,1.0,1.0,0.0,0.0,0.0,0.0,-68.59375,1.0
2013-01-23,8,634.1,1,213.671875,150.9375,150.9375,150.9375,0.0,1.0,1.0,1.0,0.0,0.0,0.0,0.0,-62.734375,1.0
2013-01-23,9,611.3,1,203.4375,153.203125,153.203125,153.203125,0.0,1.0,1.0,1.0,0.0,0.0,0.0,0.0,-50.234375,1.0
2013-01-23,9,634.1,1,237.109375,169.453125,169.453125,169.453125,0.0,1.0,1.0,1.0,0.0,0.0,0.0,0.0,-67.65625,1.0
2013-01-24,0,611.3,1,208.046875,102.421875,102.421875,102.421875,0.0,1.0,1.0,1.0,0.0,0.0,0.0,0.0,-105.625,1.0
2013-01-24,0,634.1,1,253.984375,102.109375,102.109375,102.109375,0.0,1.0,1.0,1.0,0.0,0.0,0.0,0.0,-151.875,1.0
2013-01-24,1,611.3,1,265.078125,114.140625,114.140625,114.140625,0.0,1.0,1.0,1.0,0.0,0.0,0.0,0.0,-150.9375,1.0
2013-01-24,1,634.1,1,230.0,120.78125,120.78125,120.78125,0.0,1.0,1.0,1.0,0.0,0.0,0.0,0.0,-109.21875,1.0
2013-01-24,2,611.3,1,216.25,104.375,104.375,104.375,0.0,1.0,1.0,1.0,0.0,0.0,0.0,0.0,-111.875,1.0
2013-01-24,2,634.1,1,212.03125,103.125,103.125,103.125,0.0,1.0,1.0,1.0,0.0,0.0,0.0,0.0,-108.90625,1.0
2013-01-24,3,611.3,1,203.203125,101.875,101.875,101.875,0.0,1.0,1.0,1.0,0.0,0.0,0.0,0.0,-101.328125,1.0
2013-01-24,3,634.1,1,219.453125,105.703125,105.703125,105.703125,0.0,1.0,1.0,1.0,0.0,0.0,0.0,0.0,-113.75,1.0
2013-01-24,4,611.3,1,288.75,125.859375,125.859375,125.859375,0.0,1.0,1.0,1.0,0.0,0.0,0.0,0.0,-162.890625,1.0
2013-01-24,4,634.1,1,243.828125,124.84375,124.84375,124.84375,0.0,1.0,1.0,1.0,0.0,0.0,0.0,0.0,-118.984375,1.0
2013-01-24,5,611.3,1,256.328125,101.953125,101.953125,101.953125,0.0,1.0,1.0,1.0,0.0,0.0,0.0,0.0,-154.375,1.0
2013-01-24,5,634.1,1,234.0625,99.453125,99.453125,99.453125,0.0,1.0,1.0,1.0,0.0,0.0,0.0,0.0,-134.609375,1.0
2013-01-24,6,611.3,1,265.0,156.640625,156.640625,156.640625,0.0,1.0,1.0,1.0,0.0,0.0,0.0,0.0,-108.359375,1.0
2013-01-24,6,634.1,1,236.328125,160.78125,160.78125,160.78125,0.0,1.0,1.0,1.0,0.0,0.0,0.0,0.0,-75.546875,1.0
2013-01-24,7,611.3,1,262.734375,133.515625,133.515625,133.515625,0.0,1.0,1.0,1.0,0.0,0.0,0.0,0.0,-129.21875,1.0
2013-01-24,7,634.1,1,251.328125,132.109375,132.109375,132.109375,0.0,1.0,1.0,1.0,0.0,0.0,0.0,0.0,-119.21875,1.0
2013-01-24,8,611.3,1,225.859375,107.421875,107.421875,107.421875,0.0,1.0,1.0,1.0,0.0,0.0,0.0,0.0,-118.4375,1.0
2013-01-24,8,634.1,1,227.890625,105.703125,105.703125,105.703125,0.0,1.0,1.0,1.0,0.0,0.0,0.0,0.0,-122.1875,1.0
2013-01-24,9,611.3,1,245.3125,108.125,108.125,108.125,0.0,1.0,1.0,1.0,0.0,0.0,0.0,0.0,-137.1875,1.0
2013-01-24,9,634.1,1,244.6875,104.6875,104.6875,104.6875,0.0,1.0,1.0,1.0,0.0,0.0,0.0,0.0,-140.0,1.0
2013-01-25,0,611.3,1,267.8125,158.046875,158.046875,158.046875,0.0,1.0,1.0,1.0,0.0,0.0,0.0,0.0,-109.765625,1.0
2013-01-25,0,634.1,1,254.921875,150.15625,150.15625,150.15625,0.0,1.0,1.0,1.0,0.0,0.0,0.0,0.0,-104.765625,1.0
2013-01-25,1,611.3,1,299.921875,145.390625,145.390625,145.390625,0.0,1.0,1.0,1.0,0.0,0.0,0.0,0.0,-154.53125,1.0
2013-01-25,1,634.1,1,247.890625,141.171875,141.171875,141.171875,0.0,1.0,1.0,1.0,0.0,0.0,0.0,0.0,-106.71875,1.0
2013-01-25,2,611.3,1,226.40625,87.03125,87.03125,87.03125,0.0,1.0,1.0,1.0,0.0,0.0,0.0,0.0,-139.375,1.0
2013-01-25,2,634.1,1,216.875,73.671875,73.671875,73.671875,0.0,1.0,1.0,1.0,0.0,0.0,0.0,0.0,-143.203125,1.0
2013-01-25,3,611.3,1,248.59375,107.34375,107.34375,107.34375,0.0,1.0,1.0,1.0,0.0,0.0,0.0,0.0,-141.25,1.0
2013-01-25,3,634.1,1,227.03125,104.765625,104.765625,104.765625,0.0,1.0,1.0,1.0,0.0,0.0,0.0,0.0,-122.265625,1.0
2013-01-25,4,611.3,1,300.0,145.9375,145.9375,145.9375,0.0,1.0,1.0,1.0,0.0,0.0,0.0,0.0,-154.0625,1.0
2013-01-25,4,634.1,1,254.609375,162.421875,162.421875,162.421875,0.0,1.0,1.0,1.0,0.0,0.0,0.0,0.0,-92.1875,1.0
2013-01-25,5,611.3,1,300.0,131.25,131.25,131.25,0.0,1.0,1.0,1.0,0.0,0.0,0.0,0.0,-168.75,1.0
2013-01-25,5,634.1,1,254.765625,123.046875,123.046875,123.046875,0.0,1.0,1.0,1.0,0.0,0.0,0.0,0.0,-131.71875,1.0
2013-01-25,6,611.3,1,300.0,157.34375,157.34375,157.34375,0.0,1.0,1.0,1.0,0.0,0.0,0.0,0.0,-142.65625,1.0
2013-01-25,6,634.1,1,252.96875,153.90625,153.90625,153.90625,0.0,1.0,1.0,1.0,0.0,0.0,0.0,0.0,-99.0625,1.0
2013-01-25,7,611.3,1,284.140625,160.0,160.0,160.0,0.0,1.0,1.0,1.0,0.0,0.0,0.0,0.0,-124.140625,1.0
2013-01-25,7,634.1,1,253.28125,177.34375,167.87910158624993,177.34375,0.0,1.0,1.0,1.0,0.0,0.0,9.46464841375007,0.0,-75.9375,1.0
2013-01-25,8,611.3,1,267.03125,138.4375,138.4375,138.4375,0.0,1.0,1.0,1.0,0.0,0.0,0.0,0.0,-128.59375,1.0
2013-01-25,8,634.1,1,247.890625,127.96875,127.96875,127.96875,0.0,1.0,1.0,1.0,0.0,0.0,0.0,0.0,-119.921875,1.0
2013-01-25,9,611.3,1,248.28125,150.15625,150.15625,150.15625,0.0,1.0,1.0,1.0,0.0,0.0,0.0,0.0,-98.125,1.0
2013-01-25,9,634.1,1,252.109375,156.09375,156.09375,156.09375,0.0,1.0,1.0,1.0,0.0,0.0,0.0,0.0,-96.015625,1.0
2013-04-01,0,611.3,1,214.53125,124.765625,124.765625,124.765625,0.0,1.0,1.0,1.0,0.0,0.0,0.0,0.0,-89.765625,1.0
2013-04-01,0,634.1,1,257.109375,139.6875,139.6875,139.6875,0.0,1.0,1.0,1.0,0.0,0.0,0.0,0.0,-117.421875,1.0
2013-04-01,1,611.3,1,201.640625,136.640625,136.640625,136.640625,0.0,1.0,1.0,1.0,0.0,0.0,0.0,0.0,-65.0,1.0
2013-04-01,1,634.1,1,216.25,157.65625,157.65625,157.65625,0.0,1.0,1.0,1.0,0.0,0.0,0.0,0.0,-58.59375,1.0
2013-04-01,2,611.3,1,226.875,145.546875,145.546875,145.546875,0.0,1.0,1.0,1.0,0.0,0.0,0.0,0.0,-81.328125,1.0
2013-04-01,2,634.1,1,212.421875,155.9375,155.9375,155.9375,0.0,1.0,1.0,1.0,0.0,0.0,0.0,0.0,-56.484375,1.0
2013-04-01,3,611.3,1,199.53125,139.140625,139.140625,139.140625,0.0,1.0,1.0,1.0,0.0,0.0,0.0,0.0,-60.390625,1.0
2013-04-01,3,634.1,1,215.0,148.671875,148.671875,148.671875,0.0,1.0,1.0,1.0,0.0,0.0,0.0,0.0,-66.328125,1.0
2013-04-01,4,611.3,1,213.984375,131.796875,131.796875,131.796875,0.0,1.0,1.0,1.0,0.0,0.0,0.0,0.0,-82.1875,1.0
2013-04-01,4,634.1,1,215.546875,141.25,141.25,141.25,0.0,1.0,1.0,1.0,0.0,0.0,0.0,0.0,-74.296875,1.0
2013-04-01,5,611.3,1,224.375,114.921875,114.921875,114.921875,0.0,1.0,1.0,1.0,0.0,0.0,0.0,0.0,-109.453125,1.0
2013-04-01,5,634.1,1,231.25,131.953125,131.953125,131.953125,0.0,1.0,1.0,1.0,0.0,0.0,0.0,0.0,-99.296875,1.0
2013-04-01,6,611.3,1,230.0,127.421875,127.421875,127.421875,0.0,1.0,1.0,1.0,0.0,0.0,0.0,0.0,-102.578125,1.0
2013-04-01,6,634.1,1,216.953125,142.421875,142.421875,142.421875,0.0,1.0,1.0,1.0,0.0,0.0,0.0,0.0,-74.53125,1.0
2013-04-01,7,611.3,1,237.03125,150.46875,150.46875,150.46875,0.0,1.0,1.0,1.0,0.0,0.0,0.0,0.0,-86.5625,1.0
2013-04-01,7,634.1,1,234.0625,162.96875,162.96875,162.96875,0.0,1.0,1.0,1.0,0.0,0.0,0.0,0.0,-71.09375,1.0
2013-04-01,8,611.3,1,206.484375,149.53125,149.53125,149.53125,0.0,1.0,1.0,1.0,0.0,0.0,0.0,0.0,-56.953125,1.0
2013-04-01,8,634.1,1,221.71875,172.1875,172.1875,172.1875,0.0,1.0,1.0,1.0,0.0,0.0,0.0,0.0,-49.53125,1.0
2013-04-01,9,611.3,1,219.21875,144.53125,144.53125,144.53125,0.0,1.0,1.0,1.0,0.0,0.0,0.0,0.0,-74.6875,1.0
2013-04-01,9,634.1,1,232.34375,155.078125,155.078125,155.078125,0.0,1.0,1.0,1.0,0.0,0.0,0.0,0.0,-77.265625,1.0
2013-04-02,0,611.3,1,191.5625,85.234375,85.234375,85.234375,0.0,1.0,1.0,1.0,0.0,0.0,0.0,0.0,-106.328125,1.0
2013-04-02,0,634.1,1,256.484375,77.03125,77.03125,77.03125,0.0,1.0,1.0,1.0,0.0,0.0,0.0,0.0,-179.453125,1.0
2013-04-02,1,611.3,1,207.1875,93.046875,93.046875,93.046875,0.0,1.0,1.0,1.0,0.0,0.0,0.0,0.0,-114.140625,1.0
2013-04-02,1,634.1,1,210.703125,86.71875,86.71875,86.71875,0.0,1.0,1.0,1.0,0.0,0.0,0.0,0.0,-123.984375,1.0
2013-04-02,2,611.3,1,179.765625,97.34375,97.34375,97.34375,0.0,1.0,1.0,1.0,0.0,0.0,0.0,0.0,-82.421875,1.0
2013-04-02,2,634.1,1,222.890625,90.234375,90.234375,90.234375,0.0,1.0,1.0,1.0,0.0,0.0,0.0,0.0,-132.65625,1.0
2013-04-02,3,611.3,1,201.71875,75.390625,75.390625,75.390625,0.0,1.0,1.0,1.0,0.0,0.0,0.0,0.0,-126.328125,1.0
2013-04-02,3,634.1,1,213.59375,61.953125,61.953125,61.953125,0.0,1.0,1.0,1.0,0.0,0.0,0.0,0.0,-151.640625,1.0
2013-04-02,4,611.3,1,221.796875,92.734375,92.734375,92.734375,0.0,1.0,1.0,1.0,0.0,0.0,0.0,0.0,-129.0625,1.0
2013-04-02,4,634.1,1,221.171875,88.359375,88.359375,88.359375,0.0,1.0,1.0,1.0,0.0,0.0,0.0,0.0,-132.8125,1.0
2013-04-02,5,611.3,1,189.21875,92.1875,92.1875,92.1875,0.0,1.0,1.0,1.0,0.0,0.0,0.0,0.0,-97.03125,1.0
2013-04-02,5,634.1,1,223.671875,86.015625,86.015625,86.015625,0.0,1.0,1.0,1.0,0.0,0.0,0.0,0.0,-137.65625,1.0
2013-04-02,6,611.3,1,253.359375,110.078125,110.078125,110.078125,0.0,1.0,1.0,1.0,0.0,0.0,0.0,0.0,-143.28125,1.0
2013-04-02,6,634.1,1,239.84375,112.65625,112.65625,112.65625,0.0,1.0,1.0,1.0,0.0,0.0,0.0,0.0,-127.1875,1.0
2013-04-02,7,611.3,1,215.46875,101.5625,101.5625,101.5625,0.0,1.0,1.0,1.0,0.0,0.0,0.0,0.0,-113.90625,1.0
2013-04-02,7,634.1,1,229.375,106.953125,106.953125,106.953125,0.0,1.0,1.0,1.0,0.0,0.0,0.0,0.0,-122.421875,1.0
2013-04-02,8,611.3,1,227.265625,106.875,106.875,106.875,0.0,1.0,1.0,1.0,0.0,0.0,0.0,0.0,-120.390625,1.0
2013-04-02,8,634.1,1,221.328125,103.4375,103.4375,103.4375,0.0,1.0,1.0,1.0,0.0,0.0,0.0,0.0,-117.890625,1.0
2013-04-02,9,611.3,1,213.75,107.109375,107.109375,107.109375,0.0,1.0,1.0,1.0,0.0,0.0,0.0,0.0,-106.640625,1.0
2013-04-02,9,634.1,1,231.484375,107.421875,107.421875,107.421875,0.0,1.0,1.0,1.0,0.0,0.0,0.0,0.0,-124.0625,1.0
2013-04-03,0,611.3,1,188.515625,145.390625,145.390625,145.390625,0.0,1.0,1.0,1.0,0.0,0.0,0.0,0.0,-43.125,1.0
2013-04-03,0,634.1,1,254.53125,170.234375,170.234375,170.234375,0.0,1.0,1.0,1.0,0.0,0.0,0.0,0.0,-84.296875,1.0
2013-04-03,1,611.3,1,204.921875,141.015625,141.015625,141.015625,0.0,1.0,1.0,1.0,0.0,0.0,0.0,0.0,-63.90625,1.0
2013-04-03,1,634.1,1,228.984375,168.28125,168.28125,168.28125,0.0,1.0,1.0,1.0,0.0,0.0,0.0,0.0,-60.703125,1.0
2013-04-03,2,611.3,1,228.203125,157.109375,157.109375,157.109375,0.0,1.0,1.0,1.0,0.0,0.0,0.0,0.0,-71.09375,1.0
2013-04-03,2,634.1,1,223.515625,178.984375,178.984375,178.984375,0.0,1.0,1.0,1.0,0.0,0.0,0.0,0.0,-44.53125,1.0
2013-04-03,3,611.3,1,198.359375,137.109375,137.109375,137.109375,0.0,1.0,1.0,1.0,0.0,0.0,0.0,0.0,-61.25,1.0
2013-04-03,3,634.1,1,227.890625,166.484375,166.484375,166.484375,0.0,1.0,1.0,1.0,0.0,0.0,0.0,0.0,-61.40625,1.0
2013-04-03,4,611.3,1,215.703125,132.578125,132.578125,132.578125,0.0,1.0,1.0,1.0,0.0,0.0,0.0,0.0,-83.125,1.0
2013-04-03,4,634.1,1,218.4375,164.453125,164.453125,164.453125,0.0,1.0,1.0,1.0,0.0,0.0,0.0,0.0,-53.984375,1.0
2013-04-03,5,611.3,1,199.921875,145.3125,145.3125,145.3125,0.0,1.0,1.0,1.0,0.0,0.0,0.0,0.0,-54.609375,1.0
2013-04-03,5,634.1,1,226.875,170.234375,170.234375,170.234375,0.0,1.0,1.0,1.0,0.0,0.0,0.0,0.0,-56.640625,1.0
2013-04-03,6,611.3,1,213.828125,157.5,157.5,157.5,0.0,1.0,1.0,1.0,0.0,0.0,0.0,0.0,-56.328125,1.0
2013-04-03,6,634.1,1,234.453125,180.3125,180.3125,180.3125,0.0,1.0,1.0,1.0,0.0,0.0,0.0,0.0,-54.140625,1.0
2013-04-03,7,611.3,1,202.96875,157.5,157.5,157.5,0.0,1.0,1.0,1.0,0.0,0.0,0.0,0.0,-45.46875,1.0
2013-04-03,7,634.1,1,242.265625,180.078125,180.078125,180.078125,0.0,1.0,1.0,1.0,0.0,0.0,0.0,0.0,-62.1875,1.0
2013-04-03,8,611.3,1,208.90625,141.5625,141.5625,141.5625,0.0,1.0,1.0,1.0,0.0,0.0,0.0,0.0,-67.34375,1.0
2013-04-03,8,634.1,1,220.703125,168.515625,168.515625,168.515625,0.0,1.0,1.0,1.0,0.0,0.0,0.0,0.0,-52.1875,1.0
2013-04-03,9,611.3,1,197.421875,149.84375,149.84375,149.84375,0.0,1.0,1.0,1.0,0.0,0.0,0.0,0.0,-47.578125,1.0
2013-04-03,9,634.1,1,225.9375,172.265625,172.265625,172.265625,0.0,1.0,1.0,1.0,0.0,0.0,0.0,0.0,-53.671875,1.0
2013-04-04,0,611.3,1,191.25,144.6875,144.6875,144.6875,0.0,1.0,1.0,1.0,0.0,0.0,0.0,0.0,-46.5625,1.0
2013-04-04,0,634.1,1,256.328125,166.640625,166.640625,166.640625,0.0,1.0,1.0,1.0,0.0,0.0,0.0,0.0,-89.6875,1.0
2013-04-04,1,611.3,1,200.46875,146.71875,146.71875,146.71875,0.0,1.0,1.0,1.0,0.0,0.0,0.0,0.0,-53.75,1.0
2013-04-04,1,634.1,1,225.234375,166.640625,166.640625,166.640625,0.0,1.0,1.0,1.0,0.0,0.0,0.0,0.0,-58.59375,1.0
2013-04-04,2,611.3,1,222.890625,158.90625,158.90625,158.90625,0.0,1.0,1.0,1.0,0.0,0.0,0.0,0.0,-63.984375,1.0
2013-04-04,2,634.1,1,225.46875,178.359375,178.359375,178.359375,0.0,1.0,1.0,1.0,0.0,0.0,0.0,0.0,-47.109375,1.0
2013-04-04,3,611.3,1,242.734375,135.625,135.625,135.625,0.0,1.0,1.0,1.0,0.0,0.0,0.0,0.0,-107.109375,1.0
2013-04-04,3,634.1,1,224.0625,165.859375,165.859375,165.859375,0.0,1.0,1.0,1.0,0.0,0.0,0.0,0.0,-58.203125,1.0
2013-04-04,4,611.3,1,205.46875,132.65625,132.65625,132.65625,0.0,1.0,1.0,1.0,0.0,0.0,0.0,0.0,-72.8125,1.0
2013-04-04,4,634.1,1,230.234375,161.484375,161.484375,161.484375,0.0,1.0,1.0,1.0,0.0,0.0,0.0,0.0,-68.75,1.0
2013-04-04,5,611.3,1,199.921875,139.765625,139.765625,139.765625,0.0,1.0,1.0,1.0,0.0,0.0,0.0,0.0,-60.15625,1.0
2013-04-04,5,634.1,1,237.109375,166.5625,166.5625,166.5625,0.0,1.0,1.0,1.0,0.0,0.0,0.0,0.0,-70.546875,1.0
2013-04-04,6,611.3,1,220.0,156.875,156.875,156.875,0.0,1.0,1.0,1.0,0.0,0.0,0.0,0.0,-63.125,1.0
2013-04-04,6,634.1,1,233.046875,178.359375,178.359375,178.359375,0.0,1.0,1.0,1.0,0.0,0.0,0.0,0.0,-54.6875,1.0
2013-04-04,7,611.3,1,213.203125,158.515625,158.515625,158.515625,0.0,1.0,1.0,1.0,0.0,0.0,0.0,0.0,-54.6875,1.0
2013-04-04,7,634.1,1,230.15625,179.375,179.375,179.375,0.0,1.0,1.0,1.0,0.0,0.0,0.0,0.0,-50.78125,1.0
2013-04-04,8,611.3,1,205.625,151.171875,151.171875,151.171875,0.0,1.0,1.0,1.0,0.0,0.0,0.0,0.0,-54.453125,1.0
2013-04-04,8,634.1,1,237.34375,169.453125,169.453125,169.453125,0.0,1.0,1.0,1.0,0.0,0.0,0.0,0.0,-67.890625,1.0
2013-04-04,9,611.3,1,219.453125,149.0625,149.0625,149.0625,0.0,1.0,1.0,1.0,0.0,0.0,0.0,0.0,-70.390625,1.0
2013-04-04,9,634.1,1,237.8125,168.984375,168.984375,168.984375,0.0,1.0,1.0,1.0,0.0,0.0,0.0,0.0,-68.828125,1.0
2013-04-05,0,611.3,1,191.640625,118.90625,118.90625,118.90625,0.0,1.0,1.0,1.0,0.0,0.0,0.0,0.0,-72.734375,1.0
2013-04-05,0,634.1,1,256.484375,129.21875,129.21875,129.21875,0.0,1.0,1.0,1.0,0.0,0.0,0.0,0.0,-127.265625,1.0
2013-04-05,1,611.3,1,196.171875,112.65625,112.65625,112.65625,0.0,1.0,1.0,1.0,0.0,0.0,0.0,0.0,-83.515625,1.0
2013-04-05,1,634.1,1,231.171875,123.046875,123.046875,123.046875,0.0,1.0,1.0,1.0,0.0,0.0,0.0,0.0,-108.125,1.0
2013-04-05,2,611.3,1,203.046875,121.484375,121.484375,121.484375,0.0,1.0,1.0,1.0,0.0,0.0,0.0,0.0,-81.5625,1.0
2013-04-05,2,634.1,1,218.515625,128.28125,128.28125,128.28125,0.0,1.0,1.0,1.0,0.0,0.0,0.0,0.0,-90.234375,1.0
2013-04-05,3,611.3,1,205.078125,117.578125,117.578125,117.578125,0.0,1.0,1.0,1.0,0.0,0.0,0.0,0.0,-87.5,1.0
2013-04-05,3,634.1,1,220.859375,128.671875,128.671875,128.671875,0.0,1.0,1.0,1.0,0.0,0.0,0.0,0.0,-92.1875,1.0
2013-04-05,4,611.3,1,231.640625,127.734375,127.734375,127.734375,0.0,1.0,1.0,1.0,0.0,0.0,0.0,0.0,-103.90625,1.0
2013-04-05,4,634.1,1,223.828125,137.109375,137.109375,137.109375,0.0,1.0,1.0,1.0,0.0,0.0,0.0,0.0,-86.71875,1.0
2013-04-05,5,611.3,1,191.40625,119.53125,119.53125,119.53125,0.0,1.0,1.0,1.0,0.0,0.0,0.0,0.0,-71.875,1.0
2013-04-05,5,634.1,1,222.1875,133.671875,133.671875,133.671875,0.0,1.0,1.0,1.0,0.0,0.0,0.0,0.0,-88.515625,1.0
2013-04-05,6,611.3,1,198.59375,128.125,128.125,128.125,0.0,1.0,1.0,1.0,0.0,0.0,0.0,0.0,-70.46875,1.0
2013-04-05,6,634.1,1,231.171875,142.34375,142.34375,142.34375,0.0,1.0,1.0,1.0,0.0,0.0,0.0,0.0,-88.828125,1.0
2013-04-05,7,611.3,1,210.46875,132.109375,132.109375,132.109375,0.0,1.0,1.0,1.0,0.0,0.0,0.0,0.0,-78.359375,1.0
2013-04-05,7,634.1,1,240.9375,141.015625,141.015625,141.015625,0.0,1.0,1.0,1.0,0.0,0.0,0.0,0.0,-99.921875,1.0
2013-04-05,8,611.3,1,220.0,116.71875,116.71875,116.71875,0.0,1.0,1.0,1.0,0.0,0.0,0.0,0.0,-103.28125,1.0
2013-04-05,8,634.1,1,223.203125,128.4375,128.4375,128.4375,0.0,1.0,1.0,1.0,0.0,0.0,0.0,0.0,-94.765625,1.0
2013-04-05,9,611.3,1,225.234375,139.84375,139.84375,139.84375,0.0,1.0,1.0,1.0,0.0,0.0,0.0,0.0,-85.390625,1.0
2013-04-05,9,634.1,1,233.75,149.375,149.375,149.375,0.0,1.0,1.0,1.0,0.0,0.0,0.0,0.0,-84.375,1.0
2013-04-06,0,611.3,1,196.953125,139.453125,139.453125,139.453125,0.0,1.0,1.0,1.0,0.0,0.0,0.0,0.0,-57.5,1.0
2013-04-06,0,634.1,1,255.390625,167.578125,167.578125,167.578125,0.0,1.0,1.0,1.0,0.0,0.0,0.0,0.0,-87.8125,1.0
2013-04-06,1,611.3,1,216.640625,130.703125,130.703125,130.703125,0.0,1.0,1.0,1.0,0.0,0.0,0.0,0.0,-85.9375,1.0
2013-04-06,1,634.1,1,219.140625,163.59375,163.59375,163.59375,0.0,1.0,1.0,1.0,0.0,0.0,0.0,0.0,-55.546875,1.0
2013-04-06,2,611.3,1,208.671875,147.65625,147.65625,147.65625,0.0,1.0,1.0,1.0,0.0,0.0,0.0,0.0,-61.015625,1.0
2013-04-06,2,634.1,1,218.125,162.890625,162.890625,162.890625,0.0,1.0,1.0,1.0,0.0,0.0,0.0,0.0,-55.234375,1.0
2013-04-06,3,611.3,1,222.578125,138.125,138.125,138.125,0.0,1.0,1.0,1.0,0.0,0.0,0.0,0.0,-84.453125,1.0
2013-04-06,3,634.1,1,234.296875,166.953125,166.953125,166.953125,0.0,1.0,1.0,1.0,0.0,0.0,0.0,0.0,-67.34375,1.0
2013-04-06,4,611.3,1,227.421875,142.265625,142.265625,142.265625,0.0,1.0,1.0,1.0,0.0,0.0,0.0,0.0,-85.15625,1.0
2013-04-06,4,634.1,1,226.40625,156.328125,156.328125,156.328125,0.0,1.0,1.0,1.0,0.0,0.0,0.0,0.0,-70.078125,1.0
2013-04-06,5,611.3,1,209.53125,131.09375,131.09375,131.09375,0.0,1.0,1.0,1.0,0.0,0.0,0.0,0.0,-78.4375,1.0
2013-04-06,5,634.1,1,238.75,163.75,163.75,163.75,0.0,1.0,1.0,1.0,0.0,0.0,0.0,0.0,-75.0,1.0
2013-04-06,6,611.3,1,238.046875,154.140625,154.140625,154.140625,0.0,1.0,1.0,1.0,0.0,0.0,0.0,0.0,-83.90625,1.0
2013-04-06,6,634.1,1,216.953125,171.71875,171.71875,171.71875,0.0,1.0,1.0,1.0,0.0,0.0,0.0,0.0,-45.234375,1.0
2013-04-06,7,611.3,1,237.109375,156.484375,156.484375,156.484375,0.0,1.0,1.0,1.0,0.0,0.0,0.0,0.0,-80.625,1.0
2013-04-06,7,634.1,1,221.71875,176.5625,176.5625,176.5625,0.0,1.0,1.0,1.0,0.0,0.0,0.0,0.0,-45.15625,1.0
2013-04-06,8,611.3,1,216.09375,140.78125,140.78125,140.78125,0.0,1.0,1.0,1.0,0.0,0.0,0.0,0.0,-75.3125,1.0
2013-04-06,8,634.1,1,222.421875,168.203125,168.203125,168.203125,0.0,1.0,1.0,1.0,0.0,0.0,0.0,0.0,-54.21875,1.0
2013-04-06,9,611.3,1,215.078125,142.265625,142.265625,142.265625,0.0,1.0,1.0,1.0,0.0,0.0,0.0,0.0,-72.8125,1.0
2013-04-06,9,634.1,1,227.8125,168.828125,168.828125,168.828125,0.0,1.0,1.0,1.0,0.0,0.0,0.0,0.0,-58.984375,1.0
2013-04-07,0,611.3,1,197.734375,156.171875,156.171875,156.171875,0.0,1.0,1.0,1.0,0.0,0.0,0.0,0.0,-41.5625,1.0
2013-04-07,0,634.1,1,259.21875,174.53125,174.53125,174.53125,0.0,1.0,1.0,1.0,0.0,0.0,0.0,0.0,-84.6875,1.0
2013-04-07,1,611.3,1,191.71875,140.703125,140.703125,140.703125,0.0,1.0,1.0,1.0,0.0,0.0,0.0,0.0,-51.015625,1.0
2013-04-07,1,634.1,1,230.390625,148.359375,148.359375,148.359375,0.0,1.0,1.0,1.0,0.0,0.0,0.0,0.0,-82.03125,1.0
2013-04-07,2,611.3,1,225.9375,130.46875,130.46875,130.46875,0.0,1.0,1.0,1.0,0.0,0.0,0.0,0.0,-95.46875,1.0
2013-04-07,2,634.1,1,252.5,135.703125,135.703125,135.703125,0.0,1.0,1.0,1.0,0.0,0.0,0.0,0.0,-116.796875,1.0
2013-04-07,3,611.3,1,218.203125,113.828125,113.828125,113.828125,0.0,1.0,1.0,1.0,0.0,0.0,0.0,0.0,-104.375,1.0
2013-04-07,3,634.1,1,237.734375,121.25,121.25,121.25,0.0,1.0,1.0,1.0,0.0,0.0,0.0,0.0,-116.484375,1.0
2013-04-07,4,611.3,1,227.734375,138.90625,138.90625,138.90625,0.0,1.0,1.0,1.0,0.0,0.0,0.0,0.0,-88.828125,1.0
2013-04-07,4,634.1,1,225.78125,167.34375,167.34375,167.34375,0.0,1.0,1.0,1.0,0.0,0.0,0.0,0.0,-58.4375,1.0
2013-04-07,5,611.3,1,192.890625,118.359375,118.359375,118.359375,0.0,1.0,1.0,1.0,0.0,0.0,0.0,0.0,-74.53125,1.0
2013-04-07,5,634.1,1,238.125,128.515625,128.515625,128.515625,0.0,1.0,1.0,1.0,0.0,0.0,0.0,0.0,-109.609375,1.0
2013-04-07,6,611.3,1,220.546875,147.96875,147.96875,147.96875,0.0,1.0,1.0,1.0,0.0,0.0,0.0,0.0,-72.578125,1.0
2013-04-07,6,634.1,1,253.828125,170.703125,170.703125,170.703125,0.0,1.0,1.0,1.0,0.0,0.0,0.0,0.0,-83.125,1.0
2013-04-07,7,611.3,1,199.453125,150.703125,150.703125,150.703125,0.0,1.0,1.0,1.0,0.0,0.0,0.0,0.0,-48.75,1.0
2013-04-07,7,634.1,1,252.34375,159.53125,159.53125,159.53125,0.0,1.0,1.0,1.0,0.0,0.0,0.0,0.0,-92.8125,1.0
2013-04-07,8,611.3,1,207.5,135.703125,135.703125,135.703125,0.0,1.0,1.0,1.0,0.0,0.0,0.0,0.0,-71.796875,1.0
2013-04-07,8,634.1,1,245.703125,145.625,145.625,145.625,0.0,1.0,1.0,1.0,0.0,0.0,0.0,0.0,-100.078125,1.0
2013-04-07,9,611.3,1,247.734375,136.71875,136.71875,136.71875,0.0,1.0,1.0,1.0,0.0,0.0,0.0,0.0,-111.015625,1.0
2013-04-07,9,634.1,1,240.15625,139.375,139.375,139.375,0.0,1.0,1.0,1.0,0.0,0.0,0.0,0.0,-100.78125,1.0
2013-04-08,0,611.3,1,196.015625,142.8125,142.8125,142.8125,0.0,1.0,1.0,1.0,0.0,0.0,0.0,0.0,-53.203125,1.0
2013-04-08,0,634.1,1,258.4375,156.796875,156.796875,156.796875,0.0,1.0,1.0,1.0,0.0,0.0,0.0,0.0,-101.640625,1.0
2013-04-08,1,611.3,1,184.53125,120.859375,120.859375,120.859375,0.0,1.0,1.0,1.0,0.0,0.0,0.0,0.0,-63.671875,1.0
2013-04-08,1,634.1,1,231.640625,131.640625,131.640625,131.640625,0.0,1.0,1.0,1.0,0.0,0.0,0.0,0.0,-100.0,1.0
2013-04-08,2,611.3,1,196.40625,132.578125,132.578125,132.578125,0.0,1.0,1.0,1.0,0.0,0.0,0.0,0.0,-63.828125,1.0
2013-04-08,2,634.1,1,234.609375,146.328125,146.328125,146.328125,0.0,1.0,1.0,1.0,0.0,0.0,0.0,0.0,-88.28125,1.0
2013-04-08,3,611.3,1,198.046875,121.40625,121.40625,121.40625,0.0,1.0,1.0,1.0,0.0,0.0,0.0,0.0,-76.640625,1.0
2013-04-08,3,634.1,1,219.53125,134.296875,134.296875,134.296875,0.0,1.0,1.0,1.0,0.0,0.0,0.0,0.0,-85.234375,1.0
2013-04-08,4,611.3,1,205.78125,108.046875,108.046875,108.046875,0.0,1.0,1.0,1.0,0.0,0.0,0.0,0.0,-97.734375,1.0
2013-04-08,4,634.1,1,229.6875,126.796875,126.796875,126.796875,0.0,1.0,1.0,1.0,0.0,0.0,0.0,0.0,-102.890625,1.0
2013-04-08,5,611.3,1,184.53125,114.921875,114.921875,114.921875,0.0,1.0,1.0,1.0,0.0,0.0,0.0,0.0,-69.609375,1.0
2013-04-08,5,634.1,1,242.65625,135.078125,135.078125,135.078125,0.0,1.0,1.0,1.0,0.0,0.0,0.0,0.0,-107.578125,1.0
2013-04-08,6,611.3,1,202.8125,120.0,120.0,120.0,0.0,1.0,1.0,1.0,0.0,0.0,0.0,0.0,-82.8125,1.0
2013-04-08,6,634.1,1,250.625,137.890625,137.890625,137.890625,0.0,1.0,1.0,1.0,0.0,0.0,0.0,0.0,-112.734375,1.0
2013-04-08,7,611.3,1,209.375,123.59375,123.59375,123.59375,0.0,1.0,1.0,1.0,0.0,0.0,0.0,0.0,-85.78125,1.0
2013-04-08,7,634.1,1,248.4375,141.796875,141.796875,141.796875,0.0,1.0,1.0,1.0,0.0,0.0,0.0,0.0,-106.640625,1.0
2013-04-08,8,611.3,1,217.8125,115.46875,115.46875,115.46875,0.0,1.0,1.0,1.0,0.0,0.0,0.0,0.0,-102.34375,1.0
2013-04-08,8,634.1,1,247.734375,124.53125,124.53125,124.53125,0.0,1.0,1.0,1.0,0.0,0.0,0.0,0.0,-123.203125,1.0
2013-04-08,9,611.3,1,211.640625,146.09375,146.09375,146.09375,0.0,1.0,1.0,1.0,0.0,0.0,0.0,0.0,-65.546875,1.0
2013-04-08,9,634.1,1,251.328125,155.859375,155.859375,155.859375,0.0,1.0,1.0,1.0,0.0,0.0,0.0,0.0,-95.46875,1.0
2013-04-09,0,611.3,1,200.859375,137.578125,137.578125,137.578125,0.0,1.0,1.0,1.0,0.0,0.0,0.0,0.0,-63.28125,1.0
2013-04-09,0,634.1,1,259.609375,162.734375,162.734375,162.734375,0.0,1.0,1.0,1.0,0.0,0.0,0.0,0.0,-96.875,1.0
2013-04-09,1,611.3,1,181.328125,127.421875,127.421875,127.421875,0.0,1.0,1.0,1.0,0.0,0.0,0.0,0.0,-53.90625,1.0
2013-04-09,1,634.1,1,226.796875,146.09375,146.09375,146.09375,0.0,1.0,1.0,1.0,0.0,0.0,0.0,0.0,-80.703125,1.0
2013-04-09,2,611.3,1,192.1875,150.859375,150.859375,150.859375,0.0,1.0,1.0,1.0,0.0,0.0,0.0,0.0,-41.328125,1.0
2013-04-09,2,634.1,1,235.390625,168.984375,168.984375,168.984375,0.0,1.0,1.0,1.0,0.0,0.0,0.0,0.0,-66.40625,1.0
2013-04-09,3,611.3,1,220.9375,139.609375,139.609375,139.609375,0.0,1.0,1.0,1.0,0.0,0.0,0.0,0.0,-81.328125,1.0
2013-04-09,3,634.1,1,220.0,167.65625,167.65625,167.65625,0.0,1.0,1.0,1.0,0.0,0.0,0.0,0.0,-52.34375,1.0
2013-04-09,4,611.3,1,196.171875,137.8125,137.8125,137.8125,0.0,1.0,1.0,1.0,0.0,0.0,0.0,0.0,-58.359375,1.0
2013-04-09,4,634.1,1,226.796875,158.671875,158.671875,158.671875,0.0,1.0,1.0,1.0,0.0,0.0,0.0,0.0,-68.125,1.0
2013-04-09,5,611.3,1,202.34375,143.359375,143.359375,143.359375,0.0,1.0,1.0,1.0,0.0,0.0,0.0,0.0,-58.984375,1.0
2013-04-09,5,634.1,1,251.796875,165.625,165.625,165.625,0.0,1.0,1.0,1.0,0.0,0.0,0.0,0.0,-86.171875,1.0
2013-04-09,6,611.3,1,196.875,145.46875,145.46875,145.46875,0.0,1.0,1.0,1.0,0.0,0.0,0.0,0.0,-51.40625,1.0
2013-04-09,6,634.1,1,235.390625,169.609375,169.609375,169.609375,0.0,1.0,1.0,1.0,0.0,0.0,0.0,0.0,-65.78125,1.0
2013-04-09,7,611.3,1,216.796875,156.40625,156.40625,156.40625,0.0,1.0,1.0,1.0,0.0,0.0,0.0,0.0,-60.390625,1.0
2013-04-09,7,634.1,1,240.9375,175.078125,175.078125,175.078125,0.0,1.0,1.0,1.0,0.0,0.0,0.0,0.0,-65.859375,1.0
2013-04-09,8,611.3,1,213.125,128.125,128.125,128.125,0.0,1.0,1.0,1.0,0.0,0.0,0.0,0.0,-85.0,1.0
2013-04-09,8,634.1,1,221.875,146.796875,146.796875,146.796875,0.0,1.0,1.0,1.0,0.0,0.0,0.0,0.0,-75.078125,1.0
2013-04-09,9,611.3,1,238.4375,136.5625,136.5625,136.5625,0.0,1.0,1.0,1.0,0.0,0.0,0.0,0.0,-101.875,1.0
2013-04-09,9,634.1,1,250.859375,142.421875,142.421875,142.421875,0.0,1.0,1.0,1.0,0.0,0.0,0.0,0.0,-108.4375,1.0
2013-04-10,0,611.3,1,195.703125,118.046875,118.046875,118.046875,0.0,1.0,1.0,1.0,0.0,0.0,0.0,0.0,-77.65625,1.0
2013-04-10,0,634.1,1,258.28125,126.5625,126.5625,126.5625,0.0,1.0,1.0,1.0,0.0,0.0,0.0,0.0,-131.71875,1.0
2013-04-10,1,611.3,1,188.4375,108.046875,108.046875,108.046875,0.0,1.0,1.0,1.0,0.0,0.0,0.0,0.0,-80.390625,1.0
2013-04-10,1,634.1,1,245.234375,111.171875,111.171875,111.171875,0.0,1.0,1.0,1.0,0.0,0.0,0.0,0.0,-134.0625,1.0
2013-04-10,2,611.3,1,184.765625,93.984375,93.984375,93.984375,0.0,1.0,1.0,1.0,0.0,0.0,0.0,0.0,-90.78125,1.0
2013-04-10,2,634.1,1,228.4375,97.65625,97.65625,97.65625,0.0,1.0,1.0,1.0,0.0,0.0,0.0,0.0,-130.78125,1.0
2013-04-10,3,611.3,1,205.78125,98.203125,98.203125,98.203125,0.0,1.0,1.0,1.0,0.0,0.0,0.0,0.0,-107.578125,1.0
2013-04-10,3,634.1,1,228.671875,101.40625,101.40625,101.40625,0.0,1.0,1.0,1.0,0.0,0.0,0.0,0.0,-127.265625,1.0
2013-04-10,4,611.3,1,208.59375,104.921875,104.921875,104.921875,0.0,1.0,1.0,1.0,0.0,0.0,0.0,0.0,-103.671875,1.0
2013-04-10,4,634.1,1,225.546875,109.453125,109.453125,109.453125,0.0,1.0,1.0,1.0,0.0,0.0,0.0,0.0,-116.09375,1.0
2013-04-10,5,611.3,1,188.671875,94.609375,94.609375,94.609375,0.0,1.0,1.0,1.0,0.0,0.0,0.0,0.0,-94.0625,1.0
2013-04-10,5,634.1,1,251.640625,99.609375,99.609375,99.609375,0.0,1.0,1.0,1.0,0.0,0.0,0.0,0.0,-152.03125,1.0
2013-04-10,6,611.3,1,214.6875,110.15625,110.15625,110.15625,0.0,1.0,1.0,1.0,0.0,0.0,0.0,0.0,-104.53125,1.0
2013-04-10,6,634.1,1,251.015625,118.4375,118.4375,118.4375,0.0,1.0,1.0,1.0,0.0,0.0,0.0,0.0,-132.578125,1.0
2013-04-10,7,611.3,1,196.171875,115.703125,115.703125,115.703125,0.0,1.0,1.0,1.0,0.0,0.0,0.0,0.0,-80.46875,1.0
2013-04-10,7,634.1,1,252.1875,124.921875,124.921875,124.921875,0.0,1.0,1.0,1.0,0.0,0.0,0.0,0.0,-127.265625,1.0
2013-04-10,8,611.3,1,210.3125,104.0625,104.0625,104.0625,0.0,1.0,1.0,1.0,0.0,0.0,0.0,0.0,-106.25,1.0
2013-04-10,8,634.1,1,228.828125,106.640625,106.640625,106.640625,0.0,1.0,1.0,1.0,0.0,0.0,0.0,0.0,-122.1875,1.0
2013-04-10,9,611.3,1,204.6875,123.59375,123.59375,123.59375,0.0,1.0,1.0,1.0,0.0,0.0,0.0,0.0,-81.09375,1.0
2013-04-10,9,634.1,1,250.78125,129.296875,129.296875,129.296875,0.0,1.0,1.0,1.0,0.0,0.0,0.0,0.0,-121.484375,1.0
2013-04-11,0,611.3,1,193.046875,98.4375,98.4375,98.4375,0.0,1.0,1.0,1.0,0.0,0.0,0.0,0.0,-94.609375,1.0
2013-04-11,0,634.1,1,257.109375,101.171875,101.171875,101.171875,0.0,1.0,1.0,1.0,0.0,0.0,0.0,0.0,-155.9375,1.0
2013-04-11,1,611.3,1,184.453125,99.21875,99.21875,99.21875,0.0,1.0,1.0,1.0,0.0,0.0,0.0,0.0,-85.234375,1.0
2013-04-11,1,634.1,1,223.828125,97.890625,97.890625,97.890625,0.0,1.0,1.0,1.0,0.0,0.0,0.0,0.0,-125.9375,1.0
2013-04-11,2,611.3,1,172.578125,91.25,91.25,91.25,0.0,1.0,1.0,1.0,0.0,0.0,0.0,0.0,-81.328125,1.0
2013-04-11,2,634.1,1,220.859375,91.640625,91.640625,91.640625,0.0,1.0,1.0,1.0,0.0,0.0,0.0,0.0,-129.21875,1.0
2013-04-11,3,611.3,1,185.3125,91.484375,91.484375,91.484375,0.0,1.0,1.0,1.0,0.0,0.0,0.0,0.0,-93.828125,1.0
2013-04-11,3,634.1,1,218.59375,87.8125,87.8125,87.8125,0.0,1.0,1.0,1.0,0.0,0.0,0.0,0.0,-130.78125,1.0
2013-04-11,4,611.3,1,180.15625,95.15625,95.15625,95.15625,0.0,1.0,1.0,1.0,0.0,0.0,0.0,0.0,-85.0,1.0
2013-04-11,4,634.1,1,228.515625,94.453125,94.453125,94.453125,0.0,1.0,1.0,1.0,0.0,0.0,0.0,0.0,-134.0625,1.0
2013-04-11,5,611.3,1,198.75,80.859375,80.859375,80.859375,0.0,1.0,1.0,1.0,0.0,0.0,0.0,0.0,-117.890625,1.0
2013-04-11,5,634.1,1,236.5625,77.96875,77.96875,77.96875,0.0,1.0,1.0,1.0,0.0,0.0,0.0,0.0,-158.59375,1.0
2013-04-11,6,611.3,1,196.5625,119.609375,119.609375,119.609375,0.0,1.0,1.0,1.0,0.0,0.0,0.0,0.0,-76.953125,1.0
2013-04-11,6,634.1,1,225.625,124.53125,124.53125,124.53125,0.0,1.0,1.0,1.0,0.0,0.0,0.0,0.0,-101.09375,1.0
2013-04-11,7,611.3,1,216.328125,106.015625,106.015625,106.015625,0.0,1.0,1.0,1.0,0.0,0.0,0.0,0.0,-110.3125,1.0
2013-04-11,7,634.1,1,248.28125,113.671875,113.671875,113.671875,0.0,1.0,1.0,1.0,0.0,0.0,0.0,0.0,-134.609375,1.0
2013-04-11,8,611.3,1,208.28125,96.328125,96.328125,96.328125,0.0,1.0,1.0,1.0,0.0,0.0,0.0,0.0,-111.953125,1.0
2013-04-11,8,634.1,1,217.8125,91.796875,91.796875,91.796875,0.0,1.0,1.0,1.0,0.0,0.0,0.0,0.0,-126.015625,1.0
2013-04-11,9,611.3,1,200.9375,114.921875,114.921875,114.921875,0.0,1.0,1.0,1.0,0.0,0.0,0.0,0.0,-86.015625,1.0
2013-04-11,9,634.1,1,250.78125,117.03125,117.03125,117.03125,0.0,1.0,1.0,1.0,0.0,0.0,0.0,0.0,-133.75,1.0
2013-04-12,0,611.3,1,194.375,141.484375,141.484375,141.484375,0.0,1.0,1.0,1.0,0.0,0.0,0.0,0.0,-52.890625,1.0
2013-04-12,0,634.1,1,257.734375,147.109375,147.109375,147.109375,0.0,1.0,1.0,1.0,0.0,0.0,0.0,0.0,-110.625,1.0
2013-04-12,1,611.3,1,187.109375,118.203125,118.203125,118.203125,0.0,1.0,1.0,1.0,0.0,0.0,0.0,0.0,-68.90625,1.0
2013-04-12,1,634.1,1,232.5,123.203125,123.203125,123.203125,0.0,1.0,1.0,1.0,0.0,0.0,0.0,0.0,-109.296875,1.0
2013-04-12,2,611.3,1,178.671875,108.359375,108.359375,108.359375,0.0,1.0,1.0,1.0,0.0,0.0,0.0,0.0,-70.3125,1.0
2013-04-12,2,634.1,1,227.03125,113.984375,113.984375,113.984375,0.0,1.0,1.0,1.0,0.0,0.0,0.0,0.0,-113.046875,1.0
2013-04-12,3,611.3,1,186.171875,98.984375,98.984375,98.984375,0.0,1.0,1.0,1.0,0.0,0.0,0.0,0.0,-87.1875,1.0
2013-04-12,3,634.1,1,217.8125,104.53125,104.53125,104.53125,0.0,1.0,1.0,1.0,0.0,0.0,0.0,0.0,-113.28125,1.0
2013-04-12,4,611.3,1,239.53125,103.671875,103.671875,103.671875,0.0,1.0,1.0,1.0,0.0,0.0,0.0,0.0,-135.859375,1.0
2013-04-12,4,634.1,1,233.90625,106.71875,106.71875,106.71875,0.0,1.0,1.0,1.0,0.0,0.0,0.0,0.0,-127.1875,1.0
2013-04-12,5,611.3,1,188.359375,102.8125,102.8125,102.8125,0.0,1.0,1.0,1.0,0.0,0.0,0.0,0.0,-85.546875,1.0
2013-04-12,5,634.1,1,233.28125,111.953125,111.953125,111.953125,0.0,1.0,1.0,1.0,0.0,0.0,0.0,0.0,-121.328125,1.0
2013-04-12,6,611.3,1,222.265625,137.109375,137.109375,137.109375,0.0,1.0,1.0,1.0,0.0,0.0,0.0,0.0,-85.15625,1.0
2013-04-12,6,634.1,1,229.6875,142.5,142.5,142.5,0.0,1.0,1.0,1.0,0.0,0.0,0.0,0.0,-87.1875,1.0
2013-04-12,7,611.3,1,212.890625,104.0625,104.0625,104.0625,0.0,1.0,1.0,1.0,0.0,0.0,0.0,0.0,-108.828125,1.0
2013-04-12,7,634.1,1,243.828125,115.15625,115.15625,115.15625,0.0,1.0,1.0,1.0,0.0,0.0,0.0,0.0,-128.671875,1.0
2013-04-12,8,611.3,1,199.765625,102.734375,102.734375,102.734375,0.0,1.0,1.0,1.0,0.0,0.0,0.0,0.0,-97.03125,1.0
2013-04-12,8,634.1,1,219.609375,108.515625,108.515625,108.515625,0.0,1.0,1.0,1.0,0.0,0.0,0.0,0.0,-111.09375,1.0
2013-04-12,9,611.3,1,203.59375,120.546875,120.546875,120.546875,0.0,1.0,1.0,1.0,0.0,0.0,0.0,0.0,-83.046875,1.0
2013-04-12,9,634.1,1,248.984375,126.25,126.25,126.25,0.0,1.0,1.0,1.0,0.0,0.0,0.0,0.0,-122.734375,1.0
2013-04-13,0,611.3,1,194.6875,115.546875,115.546875,115.546875,0.0,1.0,1.0,1.0,0.0,0.0,0.0,0.0,-79.140625,1.0
2013-04-13,0,634.1,1,257.8125,122.421875,122.421875,122.421875,0.0,1.0,1.0,1.0,0.0,0.0,0.0,0.0,-135.390625,1.0
2013-04-13,1,611.3,1,181.796875,120.9375,120.9375,120.9375,0.0,1.0,1.0,1.0,0.0,0.0,0.0,0.0,-60.859375,1.0
2013-04-13,1,634.1,1,242.109375,124.140625,124.140625,124.140625,0.0,1.0,1.0,1.0,0.0,0.0,0.0,0.0,-117.96875,1.0
2013-04-13,2,611.3,1,200.15625,118.75,118.75,118.75,0.0,1.0,1.0,1.0,0.0,0.0,0.0,0.0,-81.40625,1.0
2013-04-13,2,634.1,1,220.859375,119.0625,119.0625,119.0625,0.0,1.0,1.0,1.0,0.0,0.0,0.0,0.0,-101.796875,1.0
2013-04-13,3,611.3,1,179.53125,108.515625,108.515625,108.515625,0.0,1.0,1.0,1.0,0.0,0.0,0.0,0.0,-71.015625,1.0
2013-04-13,3,634.1,1,227.8125,115.546875,115.546875,115.546875,0.0,1.0,1.0,1.0,0.0,0.0,0.0,0.0,-112.265625,1.0
2013-04-13,4,611.3,1,215.390625,131.484375,131.484375,131.484375,0.0,1.0,1.0,1.0,0.0,0.0,0.0,0.0,-83.90625,1.0
2013-04-13,4,634.1,1,227.8125,135.3125,135.3125,135.3125,0.0,1.0,1.0,1.0,0.0,0.0,0.0,0.0,-92.5,1.0
2013-04-13,5,611.3,1,173.4375,101.171875,101.171875,101.171875,0.0,1.0,1.0,1.0,0.0,0.0,0.0,0.0,-72.265625,1.0
2013-04-13,5,634.1,1,233.359375,104.21875,104.21875,104.21875,0.0,1.0,1.0,1.0,0.0,0.0,0.0,0.0,-129.140625,1.0
2013-04-13,6,611.3,1,213.359375,122.109375,122.109375,122.109375,0.0,1.0,1.0,1.0,0.0,0.0,0.0,0.0,-91.25,1.0
2013-04-13,6,634.1,1,222.03125,128.90625,128.90625,128.90625,0.0,1.0,1.0,1.0,0.0,0.0,0.0,0.0,-93.125,1.0
2013-04-13,7,611.3,1,215.390625,156.484375,156.484375,156.484375,0.0,1.0,1.0,1.0,0.0,0.0,0.0,0.0,-58.90625,1.0
2013-04-13,7,634.1,1,236.875,162.5,162.5,162.5,0.0,1.0,1.0,1.0,0.0,0.0,0.0,0.0,-74.375,1.0
2013-04-13,8,611.3,1,230.859375,121.09375,121.09375,121.09375,0.0,1.0,1.0,1.0,0.0,0.0,0.0,0.0,-109.765625,1.0
2013-04-13,8,634.1,1,219.921875,119.6875,119.6875,119.6875,0.0,1.0,1.0,1.0,0.0,0.0,0.0,0.0,-100.234375,1.0
2013-04-13,9,611.3,1,223.28125,135.546875,135.546875,135.546875,0.0,1.0,1.0,1.0,0.0,0.0,0.0,0.0,-87.734375,1.0
2013-04-13,9,634.1,1,251.40625,134.296875,134.296875,134.296875,0.0,1.0,1.0,1.0,0.0,0.0,0.0,0.0,-117.109375,1.0
2013-04-14,0,611.3,1,206.640625,130.703125,130.703125,130.703125,0.0,1.0,1.0,1.0,0.0,0.0,0.0,0.0,-75.9375,1.0
2013-04-14,0,634.1,1,258.125,136.015625,136.015625,136.015625,0.0,1.0,1.0,1.0,0.0,0.0,0.0,0.0,-122.109375,1.0
2013-04-14,1,611.3,1,182.734375,113.828125,113.828125,113.828125,0.0,1.0,1.0,1.0,0.0,0.0,0.0,0.0,-68.90625,1.0
2013-04-14,1,634.1,1,238.984375,117.8125,117.8125,117.8125,0.0,1.0,1.0,1.0,0.0,0.0,0.0,0.0,-121.171875,1.0
2013-04-14,2,611.3,1,188.59375,144.140625,144.140625,144.140625,0.0,1.0,1.0,1.0,0.0,0.0,0.0,0.0,-44.453125,1.0
2013-04-14,2,634.1,1,226.171875,139.21875,139.21875,139.21875,0.0,1.0,1.0,1.0,0.0,0.0,0.0,0.0,-86.953125,1.0
2013-04-14,3,611.3,1,187.890625,92.578125,92.578125,92.578125,0.0,1.0,1.0,1.0,0.0,0.0,0.0,0.0,-95.3125,1.0
2013-04-14,3,634.1,1,217.421875,94.21875,94.21875,94.21875,0.0,1.0,1.0,1.0,0.0,0.0,0.0,0.0,-123.203125,1.0
2013-04-14,4,611.3,1,228.671875,121.328125,121.328125,121.328125,0.0,1.0,1.0,1.0,0.0,0.0,0.0,0.0,-107.34375,1.0
2013-04-14,4,634.1,1,226.5625,127.03125,127.03125,127.03125,0.0,1.0,1.0,1.0,0.0,0.0,0.0,0.0,-99.53125,1.0
2013-04-14,5,611.3,1,181.09375,103.90625,103.90625,103.90625,0.0,1.0,1.0,1.0,0.0,0.0,0.0,0.0,-77.1875,1.0
2013-04-14,5,634.1,1,243.203125,110.859375,110.859375,110.859375,0.0,1.0,1.0,1.0,0.0,0.0,0.0,0.0,-132.34375,1.0
2013-04-14,6,611.3,1,227.109375,136.25,136.25,136.25,0.0,1.0,1.0,1.0,0.0,0.0,0.0,0.0,-90.859375,1.0
2013-04-14,6,634.1,1,236.09375,139.296875,139.296875,139.296875,0.0,1.0,1.0,1.0,0.0,0.0,0.0,0.0,-96.796875,1.0
2013-04-14,7,611.3,1,203.75,155.3125,155.3125,155.3125,0.0,1.0,1.0,1.0,0.0,0.0,0.0,0.0,-48.4375,1.0
2013-04-14,7,634.1,1,241.953125,156.5625,156.5625,156.5625,0.0,1.0,1.0,1.0,0.0,0.0,0.0,0.0,-85.390625,1.0
2013-04-14,8,611.3,1,202.890625,128.515625,128.515625,128.515625,0.0,1.0,1.0,1.0,0.0,0.0,0.0,0.0,-74.375,1.0
2013-04-14,8,634.1,1,223.359375,126.953125,126.953125,126.953125,0.0,1.0,1.0,1.0,0.0,0.0,0.0,0.0,-96.40625,1.0
2013-04-14,9,611.3,1,242.96875,138.984375,138.984375,138.984375,0.0,1.0,1.0,1.0,0.0,0.0,0.0,0.0,-103.984375,1.0
2013-04-14,9,634.1,1,239.296875,138.59375,138.59375,138.59375,0.0,1.0,1.0,1.0,0.0,0.0,0.0,0.0,-100.703125,1.0
2013-04-15,0,611.3,1,195.234375,124.765625,124.765625,124.765625,0.0,1.0,1.0,1.0,0.0,0.0,0.0,0.0,-70.46875,1.0
2013-04-15,0,634.1,1,258.046875,130.3125,130.3125,130.3125,0.0,1.0,1.0,1.0,0.0,0.0,0.0,0.0,-127.734375,1.0
2013-04-15,1,611.3,1,182.890625,119.921875,119.921875,119.921875,0.0,1.0,1.0,1.0,0.0,0.0,0.0,0.0,-62.96875,1.0
2013-04-15,1,634.1,1,241.25,130.3125,130.3125,130.3125,0.0,1.0,1.0,1.0,0.0,0.0,0.0,0.0,-110.9375,1.0
2013-04-15,2,611.3,1,198.828125,131.953125,131.953125,131.953125,0.0,1.0,1.0,1.0,0.0,0.0,0.0,0.0,-66.875,1.0
2013-04-15,2,634.1,1,221.09375,131.953125,131.953125,131.953125,0.0,1.0,1.0,1.0,0.0,0.0,0.0,0.0,-89.140625,1.0
2013-04-15,3,611.3,1,172.421875,103.828125,103.828125,103.828125,0.0,1.0,1.0,1.0,0.0,0.0,0.0,0.0,-68.59375,1.0
2013-04-15,3,634.1,1,218.125,112.03125,112.03125,112.03125,0.0,1.0,1.0,1.0,0.0,0.0,0.0,0.0,-106.09375,1.0
2013-04-15,4,611.3,1,187.109375,120.546875,120.546875,120.546875,0.0,1.0,1.0,1.0,0.0,0.0,0.0,0.0,-66.5625,1.0
2013-04-15,4,634.1,1,220.546875,131.953125,131.953125,131.953125,0.0,1.0,1.0,1.0,0.0,0.0,0.0,0.0,-88.59375,1.0
2013-04-15,5,611.3,1,193.359375,112.34375,112.34375,112.34375,0.0,1.0,1.0,1.0,0.0,0.0,0.0,0.0,-81.015625,1.0
2013-04-15,5,634.1,1,248.59375,119.453125,119.453125,119.453125,0.0,1.0,1.0,1.0,0.0,0.0,0.0,0.0,-129.140625,1.0
2013-04-15,6,611.3,1,215.78125,141.09375,141.09375,141.09375,0.0,1.0,1.0,1.0,0.0,0.0,0.0,0.0,-74.6875,1.0
2013-04-15,6,634.1,1,237.1875,151.875,151.875,151.875,0.0,1.0,1.0,1.0,0.0,0.0,0.0,0.0,-85.3125,1.0
2013-04-15,7,611.3,1,209.140625,151.640625,151.640625,151.640625,0.0,1.0,1.0,1.0,0.0,0.0,0.0,0.0,-57.5,1.0
2013-04-15,7,634.1,1,250.859375,157.65625,157.65625,157.65625,0.0,1.0,1.0,1.0,0.0,0.0,0.0,0.0,-93.203125,1.0
2013-04-15,8,611.3,1,202.578125,116.328125,116.328125,116.328125,0.0,1.0,1.0,1.0,0.0,0.0,0.0,0.0,-86.25,1.0
2013-04-15,8,634.1,1,229.453125,121.015625,121.015625,121.015625,0.0,1.0,1.0,1.0,0.0,0.0,0.0,0.0,-108.4375,1.0
2013-04-15,9,611.3,1,205.625,139.140625,139.140625,139.140625,0.0,1.0,1.0,1.0,0.0,0.0,0.0,0.0,-66.484375,1.0
2013-04-15,9,634.1,1,251.09375,144.21875,144.21875,144.21875,0.0,1.0,1.0,1.0,0.0,0.0,0.0,0.0,-106.875,1.0
2013-04-16,0,611.3,1,198.828125,150.46875,150.46875,150.46875,0.0,1.0,1.0,1.0,0.0,0.0,0.0,0.0,-48.359375,1.0
2013-04-16,0,634.1,1,259.6875,168.515625,168.515625,168.515625,0.0,1.0,1.0,1.0,0.0,0.0,0.0,0.0,-91.171875,1.0
2013-04-16,1,611.3,1,201.484375,138.046875,138.046875,138.046875,0.0,1.0,1.0,1.0,0.0,0.0,0.0,0.0,-63.4375,1.0
2013-04-16,1,634.1,1,228.359375,166.953125,166.953125,166.953125,0.0,1.0,1.0,1.0,0.0,0.0,0.0,0.0,-61.40625,1.0
2013-04-16,2,611.3,1,207.421875,118.28125,118.28125,118.28125,0.0,1.0,1.0,1.0,0.0,0.0,0.0,0.0,-89.140625,1.0
2013-04-16,2,634.1,1,230.078125,138.671875,138.671875,138.671875,0.0,1.0,1.0,1.0,0.0,0.0,0.0,0.0,-91.40625,1.0
2013-04-16,3,611.3,1,182.34375,128.046875,128.046875,128.046875,0.0,1.0,1.0,1.0,0.0,0.0,0.0,0.0,-54.296875,1.0
2013-04-16,3,634.1,1,225.078125,145.3125,145.3125,145.3125,0.0,1.0,1.0,1.0,0.0,0.0,0.0,0.0,-79.765625,1.0
2013-04-16,4,611.3,1,203.125,128.515625,128.515625,128.515625,0.0,1.0,1.0,1.0,0.0,0.0,0.0,0.0,-74.609375,1.0
2013-04-16,4,634.1,1,229.6875,145.3125,145.3125,145.3125,0.0,1.0,1.0,1.0,0.0,0.0,0.0,0.0,-84.375,1.0
2013-04-16,5,611.3,1,196.015625,129.84375,129.84375,129.84375,0.0,1.0,1.0,1.0,0.0,0.0,0.0,0.0,-66.171875,1.0
2013-04-16,5,634.1,1,246.875,150.078125,150.078125,150.078125,0.0,1.0,1.0,1.0,0.0,0.0,0.0,0.0,-96.796875,1.0
2013-04-16,6,611.3,1,207.1875,146.953125,146.953125,146.953125,0.0,1.0,1.0,1.0,0.0,0.0,0.0,0.0,-60.234375,1.0
2013-04-16,6,634.1,1,250.703125,169.765625,169.765625,169.765625,0.0,1.0,1.0,1.0,0.0,0.0,0.0,0.0,-80.9375,1.0
2013-04-16,7,611.3,1,195.3125,141.171875,141.171875,141.171875,0.0,1.0,1.0,1.0,0.0,0.0,0.0,0.0,-54.140625,1.0
2013-04-16,7,634.1,1,243.59375,159.21875,159.21875,159.21875,0.0,1.0,1.0,1.0,0.0,0.0,0.0,0.0,-84.375,1.0
2013-04-16,8,611.3,1,189.375,131.5625,131.5625,131.5625,0.0,1.0,1.0,1.0,0.0,0.0,0.0,0.0,-57.8125,1.0
2013-04-16,8,634.1,1,223.28125,150.78125,150.78125,150.78125,0.0,1.0,1.0,1.0,0.0,0.0,0.0,0.0,-72.5,1.0
2013-04-16,9,611.3,1,198.671875,123.828125,123.828125,123.828125,0.0,1.0,1.0,1.0,0.0,0.0,0.0,0.0,-74.84375,1.0
2013-04-16,9,634.1,1,251.484375,140.625,140.625,140.625,0.0,1.0,1.0,1.0,0.0,0.0,0.0,0.0,-110.859375,1.0
2013-04-17,0,611.3,1,207.03125,134.21875,134.21875,134.21875,0.0,1.0,1.0,1.0,0.0,0.0,0.0,0.0,-72.8125,1.0
2013-04-17,0,634.1,1,257.65625,140.546875,140.546875,140.546875,0.0,1.0,1.0,1.0,0.0,0.0,0.0,0.0,-117.109375,1.0
2013-04-17,1,611.3,1,191.09375,108.75,108.75,108.75,0.0,1.0,1.0,1.0,0.0,0.0,0.0,0.0,-82.34375,1.0
2013-04-17,1,634.1,1,241.40625,117.5,117.5,117.5,0.0,1.0,1.0,1.0,0.0,0.0,0.0,0.0,-123.90625,1.0
2013-04-17,2,611.3,1,192.5,124.21875,124.21875,124.21875,0.0,1.0,1.0,1.0,0.0,0.0,0.0,0.0,-68.28125,1.0
2013-04-17,2,634.1,1,227.421875,137.96875,137.96875,137.96875,0.0,1.0,1.0,1.0,0.0,0.0,0.0,0.0,-89.453125,1.0
2013-04-17,3,611.3,1,187.96875,101.40625,101.40625,101.40625,0.0,1.0,1.0,1.0,0.0,0.0,0.0,0.0,-86.5625,1.0
2013-04-17,3,634.1,1,230.234375,113.359375,113.359375,113.359375,0.0,1.0,1.0,1.0,0.0,0.0,0.0,0.0,-116.875,1.0
2013-04-17,4,611.3,1,188.4375,106.25,106.25,106.25,0.0,1.0,1.0,1.0,0.0,0.0,0.0,0.0,-82.1875,1.0
2013-04-17,4,634.1,1,224.0625,116.015625,116.015625,116.015625,0.0,1.0,1.0,1.0,0.0,0.0,0.0,0.0,-108.046875,1.0
2013-04-17,5,611.3,1,178.359375,107.96875,107.96875,107.96875,0.0,1.0,1.0,1.0,0.0,0.0,0.0,0.0,-70.390625,1.0
2013-04-17,5,634.1,1,249.921875,123.828125,123.828125,123.828125,0.0,1.0,1.0,1.0,0.0,0.0,0.0,0.0,-126.09375,1.0
2013-04-17,6,611.3,1,201.171875,118.828125,118.828125,118.828125,0.0,1.0,1.0,1.0,0.0,0.0,0.0,0.0,-82.34375,1.0
2013-04-17,6,634.1,1,251.5625,129.84375,129.84375,129.84375,0.0,1.0,1.0,1.0,0.0,0.0,0.0,0.0,-121.71875,1.0
2013-04-17,7,611.3,1,196.25,115.9375,115.9375,115.9375,0.0,1.0,1.0,1.0,0.0,0.0,0.0,0.0,-80.3125,1.0
2013-04-17,7,634.1,1,245.78125,124.375,124.375,124.375,0.0,1.0,1.0,1.0,0.0,0.0,0.0,0.0,-121.40625,1.0
2013-04-17,8,611.3,1,208.359375,125.859375,125.859375,125.859375,0.0,1.0,1.0,1.0,0.0,0.0,0.0,0.0,-82.5,1.0
2013-04-17,8,634.1,1,220.15625,142.8125,142.8125,142.8125,0.0,1.0,1.0,1.0,0.0,0.0,0.0,0.0,-77.34375,1.0
2013-04-17,9,611.3,1,237.1875,113.90625,113.90625,113.90625,0.0,1.0,1.0,1.0,0.0,0.0,0.0,0.0,-123.28125,1.0
2013-04-17,9,634.1,1,253.203125,120.078125,120.078125,120.078125,0.0,1.0,1.0,1.0,0.0,0.0,0.0,0.0,-133.125,1.0
2013-04-18,0,611.3,1,194.6875,117.265625,117.265625,117.265625,0.0,1.0,1.0,1.0,0.0,0.0,0.0,0.0,-77.421875,1.0
2013-04-18,0,634.1,1,257.734375,133.046875,133.046875,133.046875,0.0,1.0,1.0,1.0,0.0,0.0,0.0,0.0,-124.6875,1.0
2013-04-18,1,611.3,1,201.484375,130.703125,130.703125,130.703125,0.0,1.0,1.0,1.0,0.0,0.0,0.0,0.0,-70.78125,1.0
2013-04-18,1,634.1,1,241.484375,143.125,143.125,143.125,0.0,1.0,1.0,1.0,0.0,0.0,0.0,0.0,-98.359375,1.0
2013-04-18,2,611.3,1,193.59375,115.390625,115.390625,115.390625,0.0,1.0,1.0,1.0,0.0,0.0,0.0,0.0,-78.203125,1.0
2013-04-18,2,634.1,1,228.203125,128.125,128.125,128.125,0.0,1.0,1.0,1.0,0.0,0.0,0.0,0.0,-100.078125,1.0
2013-04-18,3,611.3,1,178.828125,119.84375,119.84375,119.84375,0.0,1.0,1.0,1.0,0.0,0.0,0.0,0.0,-58.984375,1.0
2013-04-18,3,634.1,1,225.46875,135.390625,135.390625,135.390625,0.0,1.0,1.0,1.0,0.0,0.0,0.0,0.0,-90.078125,1.0
2013-04-18,4,611.3,1,185.15625,117.1875,117.1875,117.1875,0.0,1.0,1.0,1.0,0.0,0.0,0.0,0.0,-67.96875,1.0
2013-04-18,4,634.1,1,216.796875,132.34375,132.34375,132.34375,0.0,1.0,1.0,1.0,0.0,0.0,0.0,0.0,-84.453125,1.0
2013-04-18,5,611.3,1,179.609375,125.078125,125.078125,125.078125,0.0,1.0,1.0,1.0,0.0,0.0,0.0,0.0,-54.53125,1.0
2013-04-18,5,634.1,1,251.015625,141.71875,141.71875,141.71875,0.0,1.0,1.0,1.0,0.0,0.0,0.0,0.0,-109.296875,1.0
2013-04-18,6,611.3,1,188.125,145.3125,145.3125,145.3125,0.0,1.0,1.0,1.0,0.0,0.0,0.0,0.0,-42.8125,1.0
2013-04-18,6,634.1,1,251.171875,161.40625,161.40625,161.40625,0.0,1.0,1.0,1.0,0.0,0.0,0.0,0.0,-89.765625,1.0
2013-04-18,7,611.3,1,202.96875,156.5625,156.5625,156.5625,0.0,1.0,1.0,1.0,0.0,0.0,0.0,0.0,-46.40625,1.0
2013-04-18,7,634.1,1,249.765625,172.5,172.5,172.5,0.0,1.0,1.0,1.0,0.0,0.0,0.0,0.0,-77.265625,1.0
2013-04-18,8,611.3,1,196.25,114.375,114.375,114.375,0.0,1.0,1.0,1.0,0.0,0.0,0.0,0.0,-81.875,1.0
2013-04-18,8,634.1,1,225.15625,130.15625,130.15625,130.15625,0.0,1.0,1.0,1.0,0.0,0.0,0.0,0.0,-95.0,1.0
2013-04-18,9,611.3,1,203.828125,129.84375,129.84375,129.84375,0.0,1.0,1.0,1.0,0.0,0.0,0.0,0.0,-73.984375,1.0
2013-04-18,9,634.1,1,247.03125,143.125,143.125,143.125,0.0,1.0,1.0,1.0,0.0,0.0,0.0,0.0,-103.90625,1.0
2013-04-19,0,611.3,1,197.578125,124.609375,124.609375,124.609375,0.0,1.0,1.0,1.0,0.0,0.0,0.0,0.0,-72.96875,1.0
2013-04-19,0,634.1,1,259.0625,133.515625,133.515625,133.515625,0.0,1.0,1.0,1.0,0.0,0.0,0.0,0.0,-125.546875,1.0
2013-04-19,1,611.3,1,204.921875,115.625,115.625,115.625,0.0,1.0,1.0,1.0,0.0,0.0,0.0,0.0,-89.296875,1.0
2013-04-19,1,634.1,1,236.40625,131.015625,131.015625,131.015625,0.0,1.0,1.0,1.0,0.0,0.0,0.0,0.0,-105.390625,1.0
2013-04-19,2,611.3,1,188.90625,131.40625,131.40625,131.40625,0.0,1.0,1.0,1.0,0.0,0.0,0.0,0.0,-57.5,1.0
2013-04-19,2,634.1,1,228.203125,146.09375,146.09375,146.09375,0.0,1.0,1.0,1.0,0.0,0.0,0.0,0.0,-82.109375,1.0
2013-04-19,3,611.3,1,207.734375,133.90625,133.90625,133.90625,0.0,1.0,1.0,1.0,0.0,0.0,0.0,0.0,-73.828125,1.0
2013-04-19,3,634.1,1,234.53125,156.015625,156.015625,156.015625,0.0,1.0,1.0,1.0,0.0,0.0,0.0,0.0,-78.515625,1.0
2013-04-19,4,611.3,1,226.40625,125.0,125.0,125.0,0.0,1.0,1.0,1.0,0.0,0.0,0.0,0.0,-101.40625,1.0
2013-04-19,4,634.1,1,236.484375,135.625,135.625,135.625,0.0,1.0,1.0,1.0,0.0,0.0,0.0,0.0,-100.859375,1.0
2013-04-19,5,611.3,1,182.109375,125.625,125.625,125.625,0.0,1.0,1.0,1.0,0.0,0.0,0.0,0.0,-56.484375,1.0
2013-04-19,5,634.1,1,252.1875,136.40625,136.40625,136.40625,0.0,1.0,1.0,1.0,0.0,0.0,0.0,0.0,-115.78125,1.0
2013-04-19,6,611.3,1,221.171875,130.15625,130.15625,130.15625,0.0,1.0,1.0,1.0,0.0,0.0,0.0,0.0,-91.015625,1.0
2013-04-19,6,634.1,1,244.6875,142.734375,142.734375,142.734375,0.0,1.0,1.0,1.0,0.0,0.0,0.0,0.0,-101.953125,1.0
2013-04-19,7,611.3,1,194.296875,141.015625,141.015625,141.015625,0.0,1.0,1.0,1.0,0.0,0.0,0.0,0.0,-53.28125,1.0
2013-04-19,7,634.1,1,243.515625,151.25,151.25,151.25,0.0,1.0,1.0,1.0,0.0,0.0,0.0,0.0,-92.265625,1.0
2013-04-19,8,611.3,1,216.171875,141.71875,141.71875,141.71875,0.0,1.0,1.0,1.0,0.0,0.0,0.0,0.0,-74.453125,1.0
2013-04-19,8,634.1,1,214.0625,157.421875,157.421875,157.421875,0.0,1.0,1.0,1.0,0.0,0.0,0.0,0.0,-56.640625,1.0
2013-04-19,9,611.3,1,223.359375,128.984375,128.984375,128.984375,0.0,1.0,1.0,1.0,0.0,0.0,0.0,0.0,-94.375,1.0
2013-04-19,9,634.1,1,244.765625,137.5,137.5,137.5,0.0,1.0,1.0,1.0,0.0,0.0,0.0,0.0,-107.265625,1.0
2013-04-20,0,611.3,1,202.578125,156.328125,156.328125,156.328125,0.0,1.0,1.0,1.0,0.0,0.0,0.0,0.0,-46.25,1.0
2013-04-20,0,634.1,1,260.625,176.09375,176.09375,176.09375,0.0,1.0,1.0,1.0,0.0,0.0,0.0,0.0,-84.53125,1.0
2013-04-20,1,611.3,1,218.75,151.5625,151.5625,151.5625,0.0,1.0,1.0,1.0,0.0,0.0,0.0,0.0,-67.1875,1.0
2013-04-20,1,634.1,1,253.125,173.046875,173.046875,173.046875,0.0,1.0,1.0,1.0,0.0,0.0,0.0,0.0,-80.078125,1.0
2013-04-20,2,611.3,1,206.015625,146.640625,146.640625,146.640625,0.0,1.0,1.0,1.0,0.0,0.0,0.0,0.0,-59.375,1.0
2013-04-20,2,634.1,1,250.9375,170.859375,170.859375,170.859375,0.0,1.0,1.0,1.0,0.0,0.0,0.0,0.0,-80.078125,1.0
2013-04-20,3,611.3,1,215.546875,135.625,135.625,135.625,0.0,1.0,1.0,1.0,0.0,0.0,0.0,0.0,-79.921875,1.0
2013-04-20,3,634.1,1,245.234375,165.859375,165.859375,165.859375,0.0,1.0,1.0,1.0,0.0,0.0,0.0,0.0,-79.375,1.0
2013-04-20,4,611.3,1,222.734375,156.09375,156.09375,156.09375,0.0,1.0,1.0,1.0,0.0,0.0,0.0,0.0,-66.640625,1.0
2013-04-20,4,634.1,1,230.46875,175.625,175.625,175.625,0.0,1.0,1.0,1.0,0.0,0.0,0.0,0.0,-54.84375,1.0
2013-04-20,5,611.3,1,217.265625,141.796875,141.796875,141.796875,0.0,1.0,1.0,1.0,0.0,0.0,0.0,0.0,-75.46875,1.0
2013-04-20,5,634.1,1,251.171875,168.671875,168.671875,168.671875,0.0,1.0,1.0,1.0,0.0,0.0,0.0,0.0,-82.5,1.0
2013-04-20,6,611.3,1,223.28125,146.171875,146.171875,146.171875,0.0,1.0,1.0,1.0,0.0,0.0,0.0,0.0,-77.109375,1.0
2013-04-20,6,634.1,1,251.640625,170.625,170.625,170.625,0.0,1.0,1.0,1.0,0.0,0.0,0.0,0.0,-81.015625,1.0
2013-04-20,7,611.3,1,211.796875,159.84375,159.84375,159.84375,0.0,1.0,1.0,1.0,0.0,0.0,0.0,0.0,-51.953125,1.0
2013-04-20,7,634.1,1,251.328125,187.890625,182.86201174249993,187.890625,0.0,1.0,1.0,1.0,0.0,0.0,5.028613257500069,0.0,-63.4375,1.0
2013-04-20,8,611.3,1,207.421875,138.59375,138.59375,138.59375,0.0,1.0,1.0,1.0,0.0,0.0,0.0,0.0,-68.828125,1.0
2013-04-20,8,634.1,1,232.109375,167.1875,167.1875,167.1875,0.0,1.0,1.0,1.0,0.0,0.0,0.0,0.0,-64.921875,1.0
2013-04-20,9,611.3,1,241.953125,142.5,142.5,142.5,0.0,1.0,1.0,1.0,0.0,0.0,0.0,0.0,-99.453125,1.0
2013-04-20,9,634.1,1,254.140625,168.90625,168.90625,168.90625,0.0,1.0,1.0,1.0,0.0,0.0,0.0,0.0,-85.234375,1.0
2013-04-21,0,611.3,1,199.6875,151.171875,151.171875,151.171875,0.0,1.0,1.0,1.0,0.0,0.0,0.0,0.0,-48.515625,1.0
2013-04-21,0,634.1,1,260.0,172.890625,172.890625,172.890625,0.0,1.0,1.0,1.0,0.0,0.0,0.0,0.0,-87.109375,1.0
2013-04-21,1,611.3,1,191.328125,115.234375,115.234375,115.234375,0.0,1.0,1.0,1.0,0.0,0.0,0.0,0.0,-76.09375,1.0
2013-04-21,1,634.1,1,245.234375,126.40625,126.40625,126.40625,0.0,1.0,1.0,1.0,0.0,0.0,0.0,0.0,-118.828125,1.0
2013-04-21,2,611.3,1,207.34375,139.84375,139.84375,139.84375,0.0,1.0,1.0,1.0,0.0,0.0,0.0,0.0,-67.5,1.0
2013-04-21,2,634.1,1,236.796875,150.15625,150.15625,150.15625,0.0,1.0,1.0,1.0,0.0,0.0,0.0,0.0,-86.640625,1.0
2013-04-21,3,611.3,1,221.640625,125.3125,125.3125,125.3125,0.0,1.0,1.0,1.0,0.0,0.0,0.0,0.0,-96.328125,1.0
2013-04-21,3,634.1,1,224.609375,138.75,138.75,138.75,0.0,1.0,1.0,1.0,0.0,0.0,0.0,0.0,-85.859375,1.0
2013-04-21,4,611.3,1,236.015625,132.03125,132.03125,132.03125,0.0,1.0,1.0,1.0,0.0,0.0,0.0,0.0,-103.984375,1.0
2013-04-21,4,634.1,1,236.640625,139.296875,139.296875,139.296875,0.0,1.0,1.0,1.0,0.0,0.0,0.0,0.0,-97.34375,1.0
2013-04-21,5,611.3,1,195.234375,116.640625,116.640625,116.640625,0.0,1.0,1.0,1.0,0.0,0.0,0.0,0.0,-78.59375,1.0
2013-04-21,5,634.1,1,251.71875,128.359375,128.359375,128.359375,0.0,1.0,1.0,1.0,0.0,0.0,0.0,0.0,-123.359375,1.0
2013-04-21,6,611.3,1,229.921875,141.71875,141.71875,141.71875,0.0,1.0,1.0,1.0,0.0,0.0,0.0,0.0,-88.203125,1.0
2013-04-21,6,634.1,1,248.4375,154.84375,154.84375,154.84375,0.0,1.0,1.0,1.0,0.0,0.0,0.0,0.0,-93.59375,1.0
2013-04-21,7,611.3,1,203.984375,138.28125,138.28125,138.28125,0.0,1.0,1.0,1.0,0.0,0.0,0.0,0.0,-65.703125,1.0
2013-04-21,7,634.1,1,251.953125,148.28125,148.28125,148.28125,0.0,1.0,1.0,1.0,0.0,0.0,0.0,0.0,-103.671875,1.0
2013-04-21,8,611.3,1,211.875,121.796875,121.796875,121.796875,0.0,1.0,1.0,1.0,0.0,0.0,0.0,0.0,-90.078125,1.0
2013-04-21,8,634.1,1,242.34375,126.25,126.25,126.25,0.0,1.0,1.0,1.0,0.0,0.0,0.0,0.0,-116.09375,1.0
2013-04-21,9,611.3,1,236.953125,151.5625,151.5625,151.5625,0.0,1.0,1.0,1.0,0.0,0.0,0.0,0.0,-85.390625,1.0
2013-04-21,9,634.1,1,253.28125,165.078125,165.078125,165.078125,0.0,1.0,1.0,1.0,0.0,0.0,0.0,0.0,-88.203125,1.0
2013-04-22,0,611.3,1,205.625,129.6875,129.6875,129.6875,0.0,1.0,1.0,1.0,0.0,0.0,0.0,0.0,-75.9375,1.0
2013-04-22,0,634.1,1,258.59375,130.0,130.0,130.0,0.0,1.0,1.0,1.0,0.0,0.0,0.0,0.0,-128.59375,1.0
2013-04-22,1,611.3,1,187.265625,104.765625,104.765625,104.765625,0.0,1.0,1.0,1.0,0.0,0.0,0.0,0.0,-82.5,1.0
2013-04-22,1,634.1,1,246.015625,110.078125,110.078125,110.078125,0.0,1.0,1.0,1.0,0.0,0.0,0.0,0.0,-135.9375,1.0
2013-04-22,2,611.3,1,212.109375,129.921875,129.921875,129.921875,0.0,1.0,1.0,1.0,0.0,0.0,0.0,0.0,-82.1875,1.0
2013-04-22,2,634.1,1,237.34375,126.25,126.25,126.25,0.0,1.0,1.0,1.0,0.0,0.0,0.0,0.0,-111.09375,1.0
2013-04-22,3,611.3,1,177.1875,107.578125,107.578125,107.578125,0.0,1.0,1.0,1.0,0.0,0.0,0.0,0.0,-69.609375,1.0
2013-04-22,3,634.1,1,231.796875,111.328125,111.328125,111.328125,0.0,1.0,1.0,1.0,0.0,0.0,0.0,0.0,-120.46875,1.0
2013-04-22,4,611.3,1,215.3125,94.140625,94.140625,94.140625,0.0,1.0,1.0,1.0,0.0,0.0,0.0,0.0,-121.171875,1.0
2013-04-22,4,634.1,1,225.625,97.578125,97.578125,97.578125,0.0,1.0,1.0,1.0,0.0,0.0,0.0,0.0,-128.046875,1.0
2013-04-22,5,611.3,1,182.1875,101.015625,101.015625,101.015625,0.0,1.0,1.0,1.0,0.0,0.0,0.0,0.0,-81.171875,1.0
2013-04-22,5,634.1,1,251.875,102.34375,102.34375,102.34375,0.0,1.0,1.0,1.0,0.0,0.0,0.0,0.0,-149.53125,1.0
2013-04-22,6,611.3,1,211.40625,113.203125,113.203125,113.203125,0.0,1.0,1.0,1.0,0.0,0.0,0.0,0.0,-98.203125,1.0
2013-04-22,6,634.1,1,251.328125,125.234375,125.234375,125.234375,0.0,1.0,1.0,1.0,0.0,0.0,0.0,0.0,-126.09375,1.0
2013-04-22,7,611.3,1,187.734375,118.671875,118.671875,118.671875,0.0,1.0,1.0,1.0,0.0,0.0,0.0,0.0,-69.0625,1.0
2013-04-22,7,634.1,1,251.953125,127.03125,127.03125,127.03125,0.0,1.0,1.0,1.0,0.0,0.0,0.0,0.0,-124.921875,1.0
2013-04-22,8,611.3,1,207.421875,123.90625,123.90625,123.90625,0.0,1.0,1.0,1.0,0.0,0.0,0.0,0.0,-83.515625,1.0
2013-04-22,8,634.1,1,230.78125,123.515625,123.515625,123.515625,0.0,1.0,1.0,1.0,0.0,0.0,0.0,0.0,-107.265625,1.0
2013-04-22,9,611.3,1,190.78125,131.640625,131.640625,131.640625,0.0,1.0,1.0,1.0,0.0,0.0,0.0,0.0,-59.140625,1.0
2013-04-22,9,634.1,1,250.625,132.109375,132.109375,132.109375,0.0,1.0,1.0,1.0,0.0,0.0,0.0,0.0,-118.515625,1.0
2013-04-23,0,611.3,1,204.375,103.203125,103.203125,103.203125,0.0,1.0,1.0,1.0,0.0,0.0,0.0,0.0,-101.171875,1.0
2013-04-23,0,634.1,1,257.890625,108.125,108.125,108.125,0.0,1.0,1.0,1.0,0.0,0.0,0.0,0.0,-149.765625,1.0
2013-04-23,1,611.3,1,213.046875,115.3125,115.3125,115.3125,0.0,1.0,1.0,1.0,0.0,0.0,0.0,0.0,-97.734375,1.0
2013-04-23,1,634.1,1,244.296875,121.09375,121.09375,121.09375,0.0,1.0,1.0,1.0,0.0,0.0,0.0,0.0,-123.203125,1.0
2013-04-23,2,611.3,1,195.3125,94.53125,94.53125,94.53125,0.0,1.0,1.0,1.0,0.0,0.0,0.0,0.0,-100.78125,1.0
2013-04-23,2,634.1,1,229.609375,99.6875,99.6875,99.6875,0.0,1.0,1.0,1.0,0.0,0.0,0.0,0.0,-129.921875,1.0
2013-04-23,3,611.3,1,176.015625,90.78125,90.78125,90.78125,0.0,1.0,1.0,1.0,0.0,0.0,0.0,0.0,-85.234375,1.0
2013-04-23,3,634.1,1,235.0,86.25,86.25,86.25,0.0,1.0,1.0,1.0,0.0,0.0,0.0,0.0,-148.75,1.0
2013-04-23,4,611.3,1,207.109375,108.515625,108.515625,108.515625,0.0,1.0,1.0,1.0,0.0,0.0,0.0,0.0,-98.59375,1.0
2013-04-23,4,634.1,1,226.875,112.734375,112.734375,112.734375,0.0,1.0,1.0,1.0,0.0,0.0,0.0,0.0,-114.140625,1.0
2013-04-23,5,611.3,1,176.875,87.8125,87.8125,87.8125,0.0,1.0,1.0,1.0,0.0,0.0,0.0,0.0,-89.0625,1.0
2013-04-23,5,634.1,1,244.921875,88.28125,88.28125,88.28125,0.0,1.0,1.0,1.0,0.0,0.0,0.0,0.0,-156.640625,1.0
2013-04-23,6,611.3,1,244.296875,120.46875,120.46875,120.46875,0.0,1.0,1.0,1.0,0.0,0.0,0.0,0.0,-123.828125,1.0
2013-04-23,6,634.1,1,241.5625,126.875,126.875,126.875,0.0,1.0,1.0,1.0,0.0,0.0,0.0,0.0,-114.6875,1.0
2013-04-23,7,611.3,1,196.328125,119.53125,119.53125,119.53125,0.0,1.0,1.0,1.0,0.0,0.0,0.0,0.0,-76.796875,1.0
2013-04-23,7,634.1,1,248.90625,125.625,125.625,125.625,0.0,1.0,1.0,1.0,0.0,0.0,0.0,0.0,-123.28125,1.0
2013-04-23,8,611.3,1,219.921875,141.796875,141.796875,141.796875,0.0,1.0,1.0,1.0,0.0,0.0,0.0,0.0,-78.125,1.0
2013-04-23,8,634.1,1,228.59375,140.46875,140.46875,140.46875,0.0,1.0,1.0,1.0,0.0,0.0,0.0,0.0,-88.125,1.0
2013-04-23,9,611.3,1,206.640625,115.625,115.625,115.625,0.0,1.0,1.0,1.0,0.0,0.0,0.0,0.0,-91.015625,1.0
2013-04-23,9,634.1,1,242.8125,121.875,121.875,121.875,0.0,1.0,1.0,1.0,0.0,0.0,0.0,0.0,-120.9375,1.0
2013-04-24,0,611.3,1,202.890625,110.78125,110.78125,110.78125,0.0,1.0,1.0,1.0,0.0,0.0,0.0,0.0,-92.109375,1.0
2013-04-24,0,634.1,1,258.671875,112.96875,112.96875,112.96875,0.0,1.0,1.0,1.0,0.0,0.0,0.0,0.0,-145.703125,1.0
2013-04-24,1,611.3,1,189.609375,111.71875,111.71875,111.71875,0.0,1.0,1.0,1.0,0.0,0.0,0.0,0.0,-77.890625,1.0
2013-04-24,1,634.1,1,239.453125,117.8125,117.8125,117.8125,0.0,1.0,1.0,1.0,0.0,0.0,0.0,0.0,-121.640625,1.0
2013-04-24,2,611.3,1,192.96875,101.328125,101.328125,101.328125,0.0,1.0,1.0,1.0,0.0,0.0,0.0,0.0,-91.640625,1.0
2013-04-24,2,634.1,1,221.484375,98.203125,98.203125,98.203125,0.0,1.0,1.0,1.0,0.0,0.0,0.0,0.0,-123.28125,1.0
2013-04-24,3,611.3,1,206.71875,92.109375,92.109375,92.109375,0.0,1.0,1.0,1.0,0.0,0.0,0.0,0.0,-114.609375,1.0
2013-04-24,3,634.1,1,241.015625,86.09375,86.09375,86.09375,0.0,1.0,1.0,1.0,0.0,0.0,0.0,0.0,-154.921875,1.0
2013-04-24,4,611.3,1,213.75,98.90625,98.90625,98.90625,0.0,1.0,1.0,1.0,0.0,0.0,0.0,0.0,-114.84375,1.0
2013-04-24,4,634.1,1,225.9375,100.0,100.0,100.0,0.0,1.0,1.0,1.0,0.0,0.0,0.0,0.0,-125.9375,1.0
2013-04-24,5,611.3,1,182.734375,91.25,91.25,91.25,0.0,1.0,1.0,1.0,0.0,0.0,0.0,0.0,-91.484375,1.0
2013-04-24,5,634.1,1,252.265625,95.078125,95.078125,95.078125,0.0,1.0,1.0,1.0,0.0,0.0,0.0,0.0,-157.1875,1.0
2013-04-24,6,611.3,1,207.8125,106.875,106.875,106.875,0.0,1.0,1.0,1.0,0.0,0.0,0.0,0.0,-100.9375,1.0
2013-04-24,6,634.1,1,250.0,113.515625,113.515625,113.515625,0.0,1.0,1.0,1.0,0.0,0.0,0.0,0.0,-136.484375,1.0
2013-04-24,7,611.3,1,192.578125,158.046875,158.046875,158.046875,0.0,1.0,1.0,1.0,0.0,0.0,0.0,0.0,-34.53125,1.0
2013-04-24,7,634.1,1,246.640625,157.265625,157.265625,157.265625,0.0,1.0,1.0,1.0,0.0,0.0,0.0,0.0,-89.375,1.0
2013-04-24,8,611.3,1,211.484375,112.1875,112.1875,112.1875,0.0,1.0,1.0,1.0,0.0,0.0,0.0,0.0,-99.296875,1.0
2013-04-24,8,634.1,1,222.109375,112.8125,112.8125,112.8125,0.0,1.0,1.0,1.0,0.0,0.0,0.0,0.0,-109.296875,1.0
2013-04-24,9,611.3,1,189.84375,133.125,133.125,133.125,0.0,1.0,1.0,1.0,0.0,0.0,0.0,0.0,-56.71875,1.0
2013-04-24,9,634.1,1,252.578125,132.34375,132.34375,132.34375,0.0,1.0,1.0,1.0,0.0,0.0,0.0,0.0,-120.234375,1.0
2013-04-25,0,611.3,1,201.171875,111.953125,111.953125,111.953125,0.0,1.0,1.0,1.0,0.0,0.0,0.0,0.0,-89.21875,1.0
2013-04-25,0,634.1,1,256.25,118.046875,118.046875,118.046875,0.0,1.0,1.0,1.0,0.0,0.0,0.0,0.0,-138.203125,1.0
2013-04-25,1,611.3,1,199.609375,123.28125,123.28125,123.28125,0.0,1.0,1.0,1.0,0.0,0.0,0.0,0.0,-76.328125,1.0
2013-04-25,1,634.1,1,236.875,128.28125,128.28125,128.28125,0.0,1.0,1.0,1.0,0.0,0.0,0.0,0.0,-108.59375,1.0
2013-04-25,2,611.3,1,204.296875,137.1875,137.1875,137.1875,0.0,1.0,1.0,1.0,0.0,0.0,0.0,0.0,-67.109375,1.0
2013-04-25,2,634.1,1,233.75,134.375,134.375,134.375,0.0,1.0,1.0,1.0,0.0,0.0,0.0,0.0,-99.375,1.0
2013-04-25,3,611.3,1,209.0625,132.03125,132.03125,132.03125,0.0,1.0,1.0,1.0,0.0,0.0,0.0,0.0,-77.03125,1.0
2013-04-25,3,634.1,1,220.3125,132.890625,132.890625,132.890625,0.0,1.0,1.0,1.0,0.0,0.0,0.0,0.0,-87.421875,1.0
2013-04-25,4,611.3,1,213.59375,129.609375,129.609375,129.609375,0.0,1.0,1.0,1.0,0.0,0.0,0.0,0.0,-83.984375,1.0
2013-04-25,4,634.1,1,213.28125,131.71875,131.71875,131.71875,0.0,1.0,1.0,1.0,0.0,0.0,0.0,0.0,-81.5625,1.0
2013-04-25,5,611.3,1,178.125,108.75,108.75,108.75,0.0,1.0,1.0,1.0,0.0,0.0,0.0,0.0,-69.375,1.0
2013-04-25,5,634.1,1,248.59375,115.15625,115.15625,115.15625,0.0,1.0,1.0,1.0,0.0,0.0,0.0,0.0,-133.4375,1.0
2013-04-25,6,611.3,1,228.4375,120.703125,120.703125,120.703125,0.0,1.0,1.0,1.0,0.0,0.0,0.0,0.0,-107.734375,1.0
2013-04-25,6,634.1,1,241.5625,128.90625,128.90625,128.90625,0.0,1.0,1.0,1.0,0.0,0.0,0.0,0.0,-112.65625,1.0
2013-04-25,7,611.3,1,211.015625,139.21875,139.21875,139.21875,0.0,1.0,1.0,1.0,0.0,0.0,0.0,0.0,-71.796875,1.0
2013-04-25,7,634.1,1,251.40625,146.40625,146.40625,146.40625,0.0,1.0,1.0,1.0,0.0,0.0,0.0,0.0,-105.0,1.0
2013-04-25,8,611.3,1,194.921875,142.578125,142.578125,142.578125,0.0,1.0,1.0,1.0,0.0,0.0,0.0,0.0,-52.34375,1.0
2013-04-25,8,634.1,1,213.90625,141.5625,141.5625,141.5625,0.0,1.0,1.0,1.0,0.0,0.0,0.0,0.0,-72.34375,1.0
2013-04-25,9,611.3,1,235.625,110.46875,110.46875,110.46875,0.0,1.0,1.0,1.0,0.0,0.0,0.0,0.0,-125.15625,1.0
2013-04-25,9,634.1,1,239.765625,113.359375,113.359375,113.359375,0.0,1.0,1.0,1.0,0.0,0.0,0.0,0.0,-126.40625,1.0
2013-04-26,0,611.3,1,194.140625,97.96875,97.96875,97.96875,0.0,1.0,1.0,1.0,0.0,0.0,0.0,0.0,-96.171875,1.0
2013-04-26,0,634.1,1,257.65625,105.3125,105.3125,105.3125,0.0,1.0,1.0,1.0,0.0,0.0,0.0,0.0,-152.34375,1.0
2013-04-26,1,611.3,1,224.21875,109.765625,109.765625,109.765625,0.0,1.0,1.0,1.0,0.0,0.0,0.0,0.0,-114.453125,1.0
2013-04-26,1,634.1,1,239.0625,115.9375,115.9375,115.9375,0.0,1.0,1.0,1.0,0.0,0.0,0.0,0.0,-123.125,1.0
2013-04-26,2,611.3,1,192.890625,101.953125,101.953125,101.953125,0.0,1.0,1.0,1.0,0.0,0.0,0.0,0.0,-90.9375,1.0
2013-04-26,2,634.1,1,230.546875,100.0,100.0,100.0,0.0,1.0,1.0,1.0,0.0,0.0,0.0,0.0,-130.546875,1.0
2013-04-26,3,611.3,1,176.71875,102.734375,102.734375,102.734375,0.0,1.0,1.0,1.0,0.0,0.0,0.0,0.0,-73.984375,1.0
2013-04-26,3,634.1,1,228.125,100.234375,100.234375,100.234375,0.0,1.0,1.0,1.0,0.0,0.0,0.0,0.0,-127.890625,1.0
2013-04-26,4,611.3,1,228.828125,104.375,104.375,104.375,0.0,1.0,1.0,1.0,0.0,0.0,0.0,0.0,-124.453125,1.0
2013-04-26,4,634.1,1,220.234375,110.546875,110.546875,110.546875,0.0,1.0,1.0,1.0,0.0,0.0,0.0,0.0,-109.6875,1.0
2013-04-26,5,611.3,1,194.0625,83.046875,83.046875,83.046875,0.0,1.0,1.0,1.0,0.0,0.0,0.0,0.0,-111.015625,1.0
2013-04-26,5,634.1,1,242.890625,82.1875,82.1875,82.1875,0.0,1.0,1.0,1.0,0.0,0.0,0.0,0.0,-160.703125,1.0
2013-04-26,6,611.3,1,236.328125,105.546875,105.546875,105.546875,0.0,1.0,1.0,1.0,0.0,0.0,0.0,0.0,-130.78125,1.0
2013-04-26,6,634.1,1,236.015625,113.359375,113.359375,113.359375,0.0,1.0,1.0,1.0,0.0,0.0,0.0,0.0,-122.65625,1.0
2013-04-26,7,611.3,1,208.75,124.140625,124.140625,124.140625,0.0,1.0,1.0,1.0,0.0,0.0,0.0,0.0,-84.609375,1.0
2013-04-26,7,634.1,1,252.734375,128.4375,128.4375,128.4375,0.0,1.0,1.0,1.0,0.0,0.0,0.0,0.0,-124.296875,1.0
2013-04-26,8,611.3,1,213.671875,108.671875,108.671875,108.671875,0.0,1.0,1.0,1.0,0.0,0.0,0.0,0.0,-105.0,1.0
2013-04-26,8,634.1,1,226.25,115.3125,115.3125,115.3125,0.0,1.0,1.0,1.0,0.0,0.0,0.0,0.0,-110.9375,1.0
2013-04-26,9,611.3,1,192.5,120.390625,120.390625,120.390625,0.0,1.0,1.0,1.0,0.0,0.0,0.0,0.0,-72.109375,1.0
2013-04-26,9,634.1,1,245.703125,121.328125,121.328125,121.328125,0.0,1.0,1.0,1.0,0.0,0.0,0.0,0.0,-124.375,1.0
2013-04-27,0,611.3,1,197.1875,115.3125,115.3125,115.3125,0.0,1.0,1.0,1.0,0.0,0.0,0.0,0.0,-81.875,1.0
2013-04-27,0,634.1,1,258.90625,121.796875,121.796875,121.796875,0.0,1.0,1.0,1.0,0.0,0.0,0.0,0.0,-137.109375,1.0
2013-04-27,1,611.3,1,205.546875,123.203125,123.203125,123.203125,0.0,1.0,1.0,1.0,0.0,0.0,0.0,0.0,-82.34375,1.0
2013-04-27,1,634.1,1,241.25,127.34375,127.34375,127.34375,0.0,1.0,1.0,1.0,0.0,0.0,0.0,0.0,-113.90625,1.0
2013-04-27,2,611.3,1,225.078125,129.453125,129.453125,129.453125,0.0,1.0,1.0,1.0,0.0,0.0,0.0,0.0,-95.625,1.0
2013-04-27,2,634.1,1,227.1875,128.90625,128.90625,128.90625,0.0,1.0,1.0,1.0,0.0,0.0,0.0,0.0,-98.28125,1.0
2013-04-27,3,611.3,1,172.34375,122.421875,122.421875,122.421875,0.0,1.0,1.0,1.0,0.0,0.0,0.0,0.0,-49.921875,1.0
2013-04-27,3,634.1,1,224.84375,123.90625,123.90625,123.90625,0.0,1.0,1.0,1.0,0.0,0.0,0.0,0.0,-100.9375,1.0
2013-04-27,4,611.3,1,219.84375,117.03125,117.03125,117.03125,0.0,1.0,1.0,1.0,0.0,0.0,0.0,0.0,-102.8125,1.0
2013-04-27,4,634.1,1,223.59375,123.28125,123.28125,123.28125,0.0,1.0,1.0,1.0,0.0,0.0,0.0,0.0,-100.3125,1.0
2013-04-27,5,611.3,1,201.640625,78.59375,78.59375,78.59375,0.0,1.0,1.0,1.0,0.0,0.0,0.0,0.0,-123.046875,1.0
2013-04-27,5,634.1,1,250.859375,77.734375,77.734375,77.734375,0.0,1.0,1.0,1.0,0.0,0.0,0.0,0.0,-173.125,1.0
2013-04-27,6,611.3,1,243.4375,122.96875,122.96875,122.96875,0.0,1.0,1.0,1.0,0.0,0.0,0.0,0.0,-120.46875,1.0
2013-04-27,6,634.1,1,239.296875,129.921875,129.921875,129.921875,0.0,1.0,1.0,1.0,0.0,0.0,0.0,0.0,-109.375,1.0
2013-04-27,7,611.3,1,229.609375,154.765625,154.765625,154.765625,0.0,1.0,1.0,1.0,0.0,0.0,0.0,0.0,-74.84375,1.0
2013-04-27,7,634.1,1,251.953125,166.640625,166.640625,166.640625,0.0,1.0,1.0,1.0,0.0,0.0,0.0,0.0,-85.3125,1.0
2013-04-27,8,611.3,1,203.671875,117.890625,117.890625,117.890625,0.0,1.0,1.0,1.0,0.0,0.0,0.0,0.0,-85.78125,1.0
2013-04-27,8,634.1,1,223.828125,120.390625,120.390625,120.390625,0.0,1.0,1.0,1.0,0.0,0.0,0.0,0.0,-103.4375,1.0
2013-04-27,9,611.3,1,201.640625,103.75,103.75,103.75,0.0,1.0,1.0,1.0,0.0,0.0,0.0,0.0,-97.890625,1.0
2013-04-27,9,634.1,1,251.09375,107.109375,107.109375,107.109375,0.0,1.0,1.0,1.0,0.0,0.0,0.0,0.0,-143.984375,1.0
2013-04-28,0,611.3,1,206.640625,127.03125,127.03125,127.03125,0.0,1.0,1.0,1.0,0.0,0.0,0.0,0.0,-79.609375,1.0
2013-04-28,0,634.1,1,258.046875,129.375,129.375,129.375,0.0,1.0,1.0,1.0,0.0,0.0,0.0,0.0,-128.671875,1.0
2013-04-28,1,611.3,1,220.234375,134.0625,134.0625,134.0625,0.0,1.0,1.0,1.0,0.0,0.0,0.0,0.0,-86.171875,1.0
2013-04-28,1,634.1,1,238.984375,139.6875,139.6875,139.6875,0.0,1.0,1.0,1.0,0.0,0.0,0.0,0.0,-99.296875,1.0
2013-04-28,2,611.3,1,214.84375,139.921875,139.921875,139.921875,0.0,1.0,1.0,1.0,0.0,0.0,0.0,0.0,-74.921875,1.0
2013-04-28,2,634.1,1,223.28125,138.515625,138.515625,138.515625,0.0,1.0,1.0,1.0,0.0,0.0,0.0,0.0,-84.765625,1.0
2013-04-28,3,611.3,1,207.5,104.84375,104.84375,104.84375,0.0,1.0,1.0,1.0,0.0,0.0,0.0,0.0,-102.65625,1.0
2013-04-28,3,634.1,1,232.734375,110.234375,110.234375,110.234375,0.0,1.0,1.0,1.0,0.0,0.0,0.0,0.0,-122.5,1.0
2013-04-28,4,611.3,1,201.71875,118.984375,118.984375,118.984375,0.0,1.0,1.0,1.0,0.0,0.0,0.0,0.0,-82.734375,1.0
2013-04-28,4,634.1,1,235.9375,122.265625,122.265625,122.265625,0.0,1.0,1.0,1.0,0.0,0.0,0.0,0.0,-113.671875,1.0
2013-04-28,5,611.3,1,182.8125,100.46875,100.46875,100.46875,0.0,1.0,1.0,1.0,0.0,0.0,0.0,0.0,-82.34375,1.0
2013-04-28,5,634.1,1,250.390625,103.90625,103.90625,103.90625,0.0,1.0,1.0,1.0,0.0,0.0,0.0,0.0,-146.484375,1.0
2013-04-28,6,611.3,1,258.046875,116.796875,116.796875,116.796875,0.0,1.0,1.0,1.0,0.0,0.0,0.0,0.0,-141.25,1.0
2013-04-28,6,634.1,1,233.984375,124.0625,124.0625,124.0625,0.0,1.0,1.0,1.0,0.0,0.0,0.0,0.0,-109.921875,1.0
2013-04-28,7,611.3,1,240.78125,136.40625,136.40625,136.40625,0.0,1.0,1.0,1.0,0.0,0.0,0.0,0.0,-104.375,1.0
2013-04-28,7,634.1,1,246.875,143.75,143.75,143.75,0.0,1.0,1.0,1.0,0.0,0.0,0.0,0.0,-103.125,1.0
2013-04-28,8,611.3,1,197.109375,136.5625,136.5625,136.5625,0.0,1.0,1.0,1.0,0.0,0.0,0.0,0.0,-60.546875,1.0
2013-04-28,8,634.1,1,224.21875,139.609375,139.609375,139.609375,0.0,1.0,1.0,1.0,0.0,0.0,0.0,0.0,-84.609375,1.0
2013-04-28,9,611.3,1,250.703125,139.921875,139.921875,139.921875,0.0,1.0,1.0,1.0,0.0,0.0,0.0,0.0,-110.78125,1.0
2013-04-28,9,634.1,1,246.09375,140.546875,140.546875,140.546875,0.0,1.0,1.0,1.0,0.0,0.0,0.0,0.0,-105.546875,1.0
2013-04-29,0,611.3,1,206.71875,112.734375,112.734375,112.734375,0.0,1.0,1.0,1.0,0.0,0.0,0.0,0.0,-93.984375,1.0
2013-04-29,0,634.1,1,256.875,118.515625,118.515625,118.515625,0.0,1.0,1.0,1.0,0.0,0.0,0.0,0.0,-138.359375,1.0
2013-04-29,1,611.3,1,199.921875,125.234375,125.234375,125.234375,0.0,1.0,1.0,1.0,0.0,0.0,0.0,0.0,-74.6875,1.0
2013-04-29,1,634.1,1,240.46875,129.921875,129.921875,129.921875,0.0,1.0,1.0,1.0,0.0,0.0,0.0,0.0,-110.546875,1.0
2013-04-29,2,611.3,1,189.296875,123.59375,123.59375,123.59375,0.0,1.0,1.0,1.0,0.0,0.0,0.0,0.0,-65.703125,1.0
2013-04-29,2,634.1,1,234.0625,129.53125,129.53125,129.53125,0.0,1.0,1.0,1.0,0.0,0.0,0.0,0.0,-104.53125,1.0
2013-04-29,3,611.3,1,169.6875,92.734375,92.734375,92.734375,0.0,1.0,1.0,1.0,0.0,0.0,0.0,0.0,-76.953125,1.0
2013-04-29,3,634.1,1,215.46875,93.75,93.75,93.75,0.0,1.0,1.0,1.0,0.0,0.0,0.0,0.0,-121.71875,1.0
2013-04-29,4,611.3,1,188.125,102.265625,102.265625,102.265625,0.0,1.0,1.0,1.0,0.0,0.0,0.0,0.0,-85.859375,1.0
2013-04-29,4,634.1,1,223.046875,109.609375,109.609375,109.609375,0.0,1.0,1.0,1.0,0.0,0.0,0.0,0.0,-113.4375,1.0
2013-04-29,5,611.3,1,203.046875,89.453125,89.453125,89.453125,0.0,1.0,1.0,1.0,0.0,0.0,0.0,0.0,-113.59375,1.0
2013-04-29,5,634.1,1,243.59375,93.125,93.125,93.125,0.0,1.0,1.0,1.0,0.0,0.0,0.0,0.0,-150.46875,1.0
2013-04-29,6,611.3,1,215.15625,120.703125,120.703125,120.703125,0.0,1.0,1.0,1.0,0.0,0.0,0.0,0.0,-94.453125,1.0
2013-04-29,6,634.1,1,246.40625,129.140625,129.140625,129.140625,0.0,1.0,1.0,1.0,0.0,0.0,0.0,0.0,-117.265625,1.0
2013-04-29,7,611.3,1,238.203125,120.234375,120.234375,120.234375,0.0,1.0,1.0,1.0,0.0,0.0,0.0,0.0,-117.96875,1.0
2013-04-29,7,634.1,1,250.78125,128.59375,128.59375,128.59375,0.0,1.0,1.0,1.0,0.0,0.0,0.0,0.0,-122.1875,1.0
2013-04-29,8,611.3,1,195.703125,114.609375,114.609375,114.609375,0.0,1.0,1.0,1.0,0.0,0.0,0.0,0.0,-81.09375,1.0
2013-04-29,8,634.1,1,220.390625,118.90625,118.90625,118.90625,0.0,1.0,1.0,1.0,0.0,0.0,0.0,0.0,-101.484375,1.0
2013-04-29,9,611.3,1,240.234375,125.390625,125.390625,125.390625,0.0,1.0,1.0,1.0,0.0,0.0,0.0,0.0,-114.84375,1.0
2013-04-29,9,634.1,1,249.609375,128.046875,128.046875,128.046875,0.0,1.0,1.0,1.0,0.0,0.0,0.0,0.0,-121.5625,1.0
2013-04-30,0,611.3,1,204.453125,120.78125,120.78125,120.78125,0.0,1.0,1.0,1.0,0.0,0.0,0.0,0.0,-83.671875,1.0
2013-04-30,0,634.1,1,257.96875,133.046875,133.046875,133.046875,0.0,1.0,1.0,1.0,0.0,0.0,0.0,0.0,-124.921875,1.0
2013-04-30,1,611.3,1,185.78125,129.21875,129.21875,129.21875,0.0,1.0,1.0,1.0,0.0,0.0,0.0,0.0,-56.5625,1.0
2013-04-30,1,634.1,1,243.125,146.09375,146.09375,146.09375,0.0,1.0,1.0,1.0,0.0,0.0,0.0,0.0,-97.03125,1.0
2013-04-30,2,611.3,1,188.90625,131.328125,131.328125,131.328125,0.0,1.0,1.0,1.0,0.0,0.0,0.0,0.0,-57.578125,1.0
2013-04-30,2,634.1,1,239.375,142.578125,142.578125,142.578125,0.0,1.0,1.0,1.0,0.0,0.0,0.0,0.0,-96.796875,1.0
2013-04-30,3,611.3,1,173.828125,115.15625,115.15625,115.15625,0.0,1.0,1.0,1.0,0.0,0.0,0.0,0.0,-58.671875,1.0
2013-04-30,3,634.1,1,223.59375,127.34375,127.34375,127.34375,0.0,1.0,1.0,1.0,0.0,0.0,0.0,0.0,-96.25,1.0
2013-04-30,4,611.3,1,182.8125,102.8125,102.8125,102.8125,0.0,1.0,1.0,1.0,0.0,0.0,0.0,0.0,-80.0,1.0
2013-04-30,4,634.1,1,217.8125,120.0,120.0,120.0,0.0,1.0,1.0,1.0,0.0,0.0,0.0,0.0,-97.8125,1.0
2013-04-30,5,611.3,1,184.0625,115.3125,115.3125,115.3125,0.0,1.0,1.0,1.0,0.0,0.0,0.0,0.0,-68.75,1.0
2013-04-30,5,634.1,1,250.15625,132.109375,132.109375,132.109375,0.0,1.0,1.0,1.0,0.0,0.0,0.0,0.0,-118.046875,1.0
2013-04-30,6,611.3,1,234.765625,141.09375,141.09375,141.09375,0.0,1.0,1.0,1.0,0.0,0.0,0.0,0.0,-93.671875,1.0
2013-04-30,6,634.1,1,250.625,155.390625,155.390625,155.390625,0.0,1.0,1.0,1.0,0.0,0.0,0.0,0.0,-95.234375,1.0
2013-04-30,7,611.3,1,210.859375,115.15625,115.15625,115.15625,0.0,1.0,1.0,1.0,0.0,0.0,0.0,0.0,-95.703125,1.0
2013-04-30,7,634.1,1,242.1875,127.8125,127.8125,127.8125,0.0,1.0,1.0,1.0,0.0,0.0,0.0,0.0,-114.375,1.0
2013-04-30,8,611.3,1,195.234375,114.21875,114.21875,114.21875,0.0,1.0,1.0,1.0,0.0,0.0,0.0,0.0,-81.015625,1.0
2013-04-30,8,634.1,1,231.328125,124.140625,124.140625,124.140625,0.0,1.0,1.0,1.0,0.0,0.0,0.0,0.0,-107.1875,1.0
2013-04-30,9,611.3,1,210.9375,154.21875,154.21875,154.21875,0.0,1.0,1.0,1.0,0.0,0.0,0.0,0.0,-56.71875,1.0
2013-04-30,9,634.1,1,245.546875,164.53125,164.53125,164.53125,0.0,1.0,1.0,1.0,0.0,0.0,0.0,0.0,-81.015625,1.0
2013-05-01,0,611.3,1,208.90625,114.375,114.375,114.375,0.0,1.0,1.0,1.0,0.0,0.0,0.0,0.0,-94.53125,1.0
2013-05-01,0,634.1,1,256.171875,122.578125,122.578125,122.578125,0.0,1.0,1.0,1.0,0.0,0.0,0.0,0.0,-133.59375,1.0
2013-05-01,1,611.3,1,181.640625,102.03125,102.03125,102.03125,0.0,1.0,1.0,1.0,0.0,0.0,0.0,0.0,-79.609375,1.0
2013-05-01,1,634.1,1,242.421875,110.625,110.625,110.625,0.0,1.0,1.0,1.0,0.0,0.0,0.0,0.0,-131.796875,1.0
2013-05-01,2,611.3,1,190.78125,107.890625,107.890625,107.890625,0.0,1.0,1.0,1.0,0.0,0.0,0.0,0.0,-82.890625,1.0
2013-05-01,2,634.1,1,226.25,116.171875,116.171875,116.171875,0.0,1.0,1.0,1.0,0.0,0.0,0.0,0.0,-110.078125,1.0
2013-05-01,3,611.3,1,204.21875,112.109375,112.109375,112.109375,0.0,1.0,1.0,1.0,0.0,0.0,0.0,0.0,-92.109375,1.0
2013-05-01,3,634.1,1,226.953125,116.171875,116.171875,116.171875,0.0,1.0,1.0,1.0,0.0,0.0,0.0,0.0,-110.78125,1.0
2013-05-01,4,611.3,1,187.1875,83.75,83.75,83.75,0.0,1.0,1.0,1.0,0.0,0.0,0.0,0.0,-103.4375,1.0
2013-05-01,4,634.1,1,230.3125,88.59375,88.59375,88.59375,0.0,1.0,1.0,1.0,0.0,0.0,0.0,0.0,-141.71875,1.0
2013-05-01,5,611.3,1,183.984375,96.171875,96.171875,96.171875,0.0,1.0,1.0,1.0,0.0,0.0,0.0,0.0,-87.8125,1.0
2013-05-01,5,634.1,1,251.40625,106.09375,106.09375,106.09375,0.0,1.0,1.0,1.0,0.0,0.0,0.0,0.0,-145.3125,1.0
2013-05-01,6,611.3,1,219.53125,104.21875,104.21875,104.21875,0.0,1.0,1.0,1.0,0.0,0.0,0.0,0.0,-115.3125,1.0
2013-05-01,6,634.1,1,236.09375,114.921875,114.921875,114.921875,0.0,1.0,1.0,1.0,0.0,0.0,0.0,0.0,-121.171875,1.0
2013-05-01,7,611.3,1,224.375,108.515625,108.515625,108.515625,0.0,1.0,1.0,1.0,0.0,0.0,0.0,0.0,-115.859375,1.0
2013-05-01,7,634.1,1,250.859375,121.796875,121.796875,121.796875,0.0,1.0,1.0,1.0,0.0,0.0,0.0,0.0,-129.0625,1.0
2013-05-01,8,611.3,1,211.328125,107.421875,107.421875,107.421875,0.0,1.0,1.0,1.0,0.0,0.0,0.0,0.0,-103.90625,1.0
2013-05-01,8,634.1,1,214.53125,116.40625,116.40625,116.40625,0.0,1.0,1.0,1.0,0.0,0.0,0.0,0.0,-98.125,1.0
2013-05-01,9,611.3,1,189.375,120.390625,120.390625,120.390625,0.0,1.0,1.0,1.0,0.0,0.0,0.0,0.0,-68.984375,1.0
2013-05-01,9,634.1,1,251.171875,127.8125,127.8125,127.8125,0.0,1.0,1.0,1.0,0.0,0.0,0.0,0.0,-123.359375,1.0
2013-05-02,0,611.3,1,191.40625,101.5625,101.5625,101.5625,0.0,1.0,1.0,1.0,0.0,0.0,0.0,0.0,-89.84375,1.0
2013-05-02,0,634.1,1,256.40625,109.140625,109.140625,109.140625,0.0,1.0,1.0,1.0,0.0,0.0,0.0,0.0,-147.265625,1.0
2013-05-02,1,611.3,1,183.90625,116.015625,116.015625,116.015625,0.0,1.0,1.0,1.0,0.0,0.0,0.0,0.0,-67.890625,1.0
2013-05-02,1,634.1,1,242.578125,125.234375,125.234375,125.234375,0.0,1.0,1.0,1.0,0.0,0.0,0.0,0.0,-117.34375,1.0
2013-05-02,2,611.3,1,178.125,108.203125,108.203125,108.203125,0.0,1.0,1.0,1.0,0.0,0.0,0.0,0.0,-69.921875,1.0
2013-05-02,2,634.1,1,238.4375,108.4375,108.4375,108.4375,0.0,1.0,1.0,1.0,0.0,0.0,0.0,0.0,-130.0,1.0
2013-05-02,3,611.3,1,193.671875,90.546875,90.546875,90.546875,0.0,1.0,1.0,1.0,0.0,0.0,0.0,0.0,-103.125,1.0
2013-05-02,3,634.1,1,228.828125,90.9375,90.9375,90.9375,0.0,1.0,1.0,1.0,0.0,0.0,0.0,0.0,-137.890625,1.0
2013-05-02,4,611.3,1,206.484375,86.171875,86.171875,86.171875,0.0,1.0,1.0,1.0,0.0,0.0,0.0,0.0,-120.3125,1.0
2013-05-02,4,634.1,1,227.421875,95.78125,95.78125,95.78125,0.0,1.0,1.0,1.0,0.0,0.0,0.0,0.0,-131.640625,1.0
2013-05-02,5,611.3,1,185.15625,102.109375,102.109375,102.109375,0.0,1.0,1.0,1.0,0.0,0.0,0.0,0.0,-83.046875,1.0
2013-05-02,5,634.1,1,251.5625,109.6875,109.6875,109.6875,0.0,1.0,1.0,1.0,0.0,0.0,0.0,0.0,-141.875,1.0
2013-05-02,6,611.3,1,197.734375,104.765625,104.765625,104.765625,0.0,1.0,1.0,1.0,0.0,0.0,0.0,0.0,-92.96875,1.0
2013-05-02,6,634.1,1,241.640625,115.78125,115.78125,115.78125,0.0,1.0,1.0,1.0,0.0,0.0,0.0,0.0,-125.859375,1.0
2013-05-02,7,611.3,1,205.3125,108.90625,108.90625,108.90625,0.0,1.0,1.0,1.0,0.0,0.0,0.0,0.0,-96.40625,1.0
2013-05-02,7,634.1,1,239.0625,117.578125,117.578125,117.578125,0.0,1.0,1.0,1.0,0.0,0.0,0.0,0.0,-121.484375,1.0
2013-05-02,8,611.3,1,204.53125,116.953125,116.953125,116.953125,0.0,1.0,1.0,1.0,0.0,0.0,0.0,0.0,-87.578125,1.0
2013-05-02,8,634.1,1,236.640625,120.9375,120.9375,120.9375,0.0,1.0,1.0,1.0,0.0,0.0,0.0,0.0,-115.703125,1.0
2013-05-02,9,611.3,1,197.5,120.3125,120.3125,120.3125,0.0,1.0,1.0,1.0,0.0,0.0,0.0,0.0,-77.1875,1.0
2013-05-02,9,634.1,1,241.953125,131.171875,131.171875,131.171875,0.0,1.0,1.0,1.0,0.0,0.0,0.0,0.0,-110.78125,1.0
2013-05-03,0,611.3,1,194.453125,103.046875,103.046875,103.046875,0.0,1.0,1.0,1.0,0.0,0.0,0.0,0.0,-91.40625,1.0
2013-05-03,0,634.1,1,257.421875,113.90625,113.90625,113.90625,0.0,1.0,1.0,1.0,0.0,0.0,0.0,0.0,-143.515625,1.0
2013-05-03,1,611.3,1,192.265625,117.8125,117.8125,117.8125,0.0,1.0,1.0,1.0,0.0,0.0,0.0,0.0,-74.453125,1.0
2013-05-03,1,634.1,1,234.375,121.796875,121.796875,121.796875,0.0,1.0,1.0,1.0,0.0,0.0,0.0,0.0,-112.578125,1.0
2013-05-03,2,611.3,1,188.59375,115.78125,115.78125,115.78125,0.0,1.0,1.0,1.0,0.0,0.0,0.0,0.0,-72.8125,1.0
2013-05-03,2,634.1,1,223.671875,116.5625,116.5625,116.5625,0.0,1.0,1.0,1.0,0.0,0.0,0.0,0.0,-107.109375,1.0
2013-05-03,3,611.3,1,203.828125,111.796875,111.796875,111.796875,0.0,1.0,1.0,1.0,0.0,0.0,0.0,0.0,-92.03125,1.0
2013-05-03,3,634.1,1,233.046875,119.6875,119.6875,119.6875,0.0,1.0,1.0,1.0,0.0,0.0,0.0,0.0,-113.359375,1.0
2013-05-03,4,611.3,1,223.90625,100.3125,100.3125,100.3125,0.0,1.0,1.0,1.0,0.0,0.0,0.0,0.0,-123.59375,1.0
2013-05-03,4,634.1,1,221.484375,106.71875,106.71875,106.71875,0.0,1.0,1.0,1.0,0.0,0.0,0.0,0.0,-114.765625,1.0
2013-05-03,5,611.3,1,181.09375,81.953125,81.953125,81.953125,0.0,1.0,1.0,1.0,0.0,0.0,0.0,0.0,-99.140625,1.0
2013-05-03,5,634.1,1,251.71875,83.4375,83.4375,83.4375,0.0,1.0,1.0,1.0,0.0,0.0,0.0,0.0,-168.28125,1.0
2013-05-03,6,611.3,1,213.28125,103.4375,103.4375,103.4375,0.0,1.0,1.0,1.0,0.0,0.0,0.0,0.0,-109.84375,1.0
2013-05-03,6,634.1,1,248.203125,117.890625,117.890625,117.890625,0.0,1.0,1.0,1.0,0.0,0.0,0.0,0.0,-130.3125,1.0
2013-05-03,7,611.3,1,219.921875,109.6875,109.6875,109.6875,0.0,1.0,1.0,1.0,0.0,0.0,0.0,0.0,-110.234375,1.0
2013-05-03,7,634.1,1,243.59375,118.203125,118.203125,118.203125,0.0,1.0,1.0,1.0,0.0,0.0,0.0,0.0,-125.390625,1.0
2013-05-03,8,611.3,1,223.515625,122.109375,122.109375,122.109375,0.0,1.0,1.0,1.0,0.0,0.0,0.0,0.0,-101.40625,1.0
2013-05-03,8,634.1,1,220.859375,127.890625,127.890625,127.890625,0.0,1.0,1.0,1.0,0.0,0.0,0.0,0.0,-92.96875,1.0
2013-05-03,9,611.3,1,216.484375,113.984375,113.984375,113.984375,0.0,1.0,1.0,1.0,0.0,0.0,0.0,0.0,-102.5,1.0
2013-05-03,9,634.1,1,250.859375,119.0625,119.0625,119.0625,0.0,1.0,1.0,1.0,0.0,0.0,0.0,0.0,-131.796875,1.0
2013-05-04,0,611.3,1,208.203125,133.359375,133.359375,133.359375,0.0,1.0,1.0,1.0,0.0,0.0,0.0,0.0,-74.84375,1.0
2013-05-04,0,634.1,1,260.0,146.796875,146.796875,146.796875,0.0,1.0,1.0,1.0,0.0,0.0,0.0,0.0,-113.203125,1.0
2013-05-04,1,611.3,1,227.734375,138.125,138.125,138.125,0.0,1.0,1.0,1.0,0.0,0.0,0.0,0.0,-89.609375,1.0
2013-05-04,1,634.1,1,240.234375,147.5,147.5,147.5,0.0,1.0,1.0,1.0,0.0,0.0,0.0,0.0,-92.734375,1.0
2013-05-04,2,611.3,1,205.3125,109.140625,109.140625,109.140625,0.0,1.0,1.0,1.0,0.0,0.0,0.0,0.0,-96.171875,1.0
2013-05-04,2,634.1,1,226.171875,115.78125,115.78125,115.78125,0.0,1.0,1.0,1.0,0.0,0.0,0.0,0.0,-110.390625,1.0
2013-05-04,3,611.3,1,218.046875,135.625,135.625,135.625,0.0,1.0,1.0,1.0,0.0,0.0,0.0,0.0,-82.421875,1.0
2013-05-04,3,634.1,1,251.09375,142.890625,142.890625,142.890625,0.0,1.0,1.0,1.0,0.0,0.0,0.0,0.0,-108.203125,1.0
2013-05-04,4,611.3,1,213.59375,104.296875,104.296875,104.296875,0.0,1.0,1.0,1.0,0.0,0.0,0.0,0.0,-109.296875,1.0
2013-05-04,4,634.1,1,213.4375,115.859375,115.859375,115.859375,0.0,1.0,1.0,1.0,0.0,0.0,0.0,0.0,-97.578125,1.0
2013-05-04,5,611.3,1,203.515625,105.9375,105.9375,105.9375,0.0,1.0,1.0,1.0,0.0,0.0,0.0,0.0,-97.578125,1.0
2013-05-04,5,634.1,1,251.015625,115.078125,115.078125,115.078125,0.0,1.0,1.0,1.0,0.0,0.0,0.0,0.0,-135.9375,1.0
2013-05-04,6,611.3,1,214.453125,128.59375,128.59375,128.59375,0.0,1.0,1.0,1.0,0.0,0.0,0.0,0.0,-85.859375,1.0
2013-05-04,6,634.1,1,251.25,143.125,143.125,143.125,0.0,1.0,1.0,1.0,0.0,0.0,0.0,0.0,-108.125,1.0
2013-05-04,7,611.3,1,222.65625,117.578125,117.578125,117.578125,0.0,1.0,1.0,1.0,0.0,0.0,0.0,0.0,-105.078125,1.0
2013-05-04,7,634.1,1,249.921875,131.640625,131.640625,131.640625,0.0,1.0,1.0,1.0,0.0,0.0,0.0,0.0,-118.28125,1.0
2013-05-04,8,611.3,1,231.25,134.140625,134.140625,134.140625,0.0,1.0,1.0,1.0,0.0,0.0,0.0,0.0,-97.109375,1.0
2013-05-04,8,634.1,1,226.796875,140.859375,140.859375,140.859375,0.0,1.0,1.0,1.0,0.0,0.0,0.0,0.0,-85.9375,1.0
2013-05-04,9,611.3,1,225.859375,144.296875,144.296875,144.296875,0.0,1.0,1.0,1.0,0.0,0.0,0.0,0.0,-81.5625,1.0
2013-05-04,9,634.1,1,252.109375,150.390625,150.390625,150.390625,0.0,1.0,1.0,1.0,0.0,0.0,0.0,0.0,-101.71875,1.0
2013-05-05,0,611.3,1,197.5,135.9375,135.9375,135.9375,0.0,1.0,1.0,1.0,0.0,0.0,0.0,0.0,-61.5625,1.0
2013-05-05,0,634.1,1,259.0625,148.125,148.125,148.125,0.0,1.0,1.0,1.0,0.0,0.0,0.0,0.0,-110.9375,1.0
2013-05-05,1,611.3,1,188.28125,123.28125,123.28125,123.28125,0.0,1.0,1.0,1.0,0.0,0.0,0.0,0.0,-65.0,1.0
2013-05-05,1,634.1,1,242.734375,136.015625,136.015625,136.015625,0.0,1.0,1.0,1.0,0.0,0.0,0.0,0.0,-106.71875,1.0
2013-05-05,2,611.3,1,185.078125,127.8125,127.8125,127.8125,0.0,1.0,1.0,1.0,0.0,0.0,0.0,0.0,-57.265625,1.0
2013-05-05,2,634.1,1,247.5,130.234375,130.234375,130.234375,0.0,1.0,1.0,1.0,0.0,0.0,0.0,0.0,-117.265625,1.0
2013-05-05,3,611.3,1,222.734375,117.421875,117.421875,117.421875,0.0,1.0,1.0,1.0,0.0,0.0,0.0,0.0,-105.3125,1.0
2013-05-05,3,634.1,1,252.65625,126.71875,126.71875,126.71875,0.0,1.0,1.0,1.0,0.0,0.0,0.0,0.0,-125.9375,1.0
2013-05-05,4,611.3,1,222.96875,116.5625,116.5625,116.5625,0.0,1.0,1.0,1.0,0.0,0.0,0.0,0.0,-106.40625,1.0
2013-05-05,4,634.1,1,230.3125,128.203125,128.203125,128.203125,0.0,1.0,1.0,1.0,0.0,0.0,0.0,0.0,-102.109375,1.0
2013-05-05,5,611.3,1,197.5,115.15625,115.15625,115.15625,0.0,1.0,1.0,1.0,0.0,0.0,0.0,0.0,-82.34375,1.0
2013-05-05,5,634.1,1,254.84375,122.96875,122.96875,122.96875,0.0,1.0,1.0,1.0,0.0,0.0,0.0,0.0,-131.875,1.0
2013-05-05,6,611.3,1,246.875,139.53125,139.53125,139.53125,0.0,1.0,1.0,1.0,0.0,0.0,0.0,0.0,-107.34375,1.0
2013-05-05,6,634.1,1,250.703125,152.8125,152.8125,152.8125,0.0,1.0,1.0,1.0,0.0,0.0,0.0,0.0,-97.890625,1.0
2013-05-05,7,611.3,1,252.109375,111.328125,111.328125,111.328125,0.0,1.0,1.0,1.0,0.0,0.0,0.0,0.0,-140.78125,1.0
2013-05-05,7,634.1,1,250.3125,122.8125,122.8125,122.8125,0.0,1.0,1.0,1.0,0.0,0.0,0.0,0.0,-127.5,1.0
2013-05-05,8,611.3,1,183.125,109.453125,109.453125,109.453125,0.0,1.0,1.0,1.0,0.0,0.0,0.0,0.0,-73.671875,1.0
2013-05-05,8,634.1,1,233.984375,118.046875,118.046875,118.046875,0.0,1.0,1.0,1.0,0.0,0.0,0.0,0.0,-115.9375,1.0
2013-05-05,9,611.3,1,194.53125,156.484375,156.484375,156.484375,0.0,1.0,1.0,1.0,0.0,0.0,0.0,0.0,-38.046875,1.0
2013-05-05,9,634.1,1,252.890625,166.640625,166.640625,166.640625,0.0,1.0,1.0,1.0,0.0,0.0,0.0,0.0,-86.25,1.0
2013-05-06,0,611.3,1,212.734375,118.515625,118.515625,118.515625,0.0,1.0,1.0,1.0,0.0,0.0,0.0,0.0,-94.21875,1.0
2013-05-06,0,634.1,1,256.171875,132.734375,132.734375,132.734375,0.0,1.0,1.0,1.0,0.0,0.0,0.0,0.0,-123.4375,1.0
2013-05-06,1,611.3,1,228.984375,108.125,108.125,108.125,0.0,1.0,1.0,1.0,0.0,0.0,0.0,0.0,-120.859375,1.0
2013-05-06,1,634.1,1,245.078125,123.59375,123.59375,123.59375,0.0,1.0,1.0,1.0,0.0,0.0,0.0,0.0,-121.484375,1.0
2013-05-06,2,611.3,1,180.78125,127.1875,127.1875,127.1875,0.0,1.0,1.0,1.0,0.0,0.0,0.0,0.0,-53.59375,1.0
2013-05-06,2,634.1,1,243.671875,136.5625,136.5625,136.5625,0.0,1.0,1.0,1.0,0.0,0.0,0.0,0.0,-107.109375,1.0
2013-05-06,3,611.3,1,198.59375,96.484375,96.484375,96.484375,0.0,1.0,1.0,1.0,0.0,0.0,0.0,0.0,-102.109375,1.0
2013-05-06,3,634.1,1,246.875,108.59375,108.59375,108.59375,0.0,1.0,1.0,1.0,0.0,0.0,0.0,0.0,-138.28125,1.0
2013-05-06,4,611.3,1,212.65625,92.109375,92.109375,92.109375,0.0,1.0,1.0,1.0,0.0,0.0,0.0,0.0,-120.546875,1.0
2013-05-06,4,634.1,1,221.5625,102.8125,102.8125,102.8125,0.0,1.0,1.0,1.0,0.0,0.0,0.0,0.0,-118.75,1.0
2013-05-06,5,611.3,1,178.671875,100.390625,100.390625,100.390625,0.0,1.0,1.0,1.0,0.0,0.0,0.0,0.0,-78.28125,1.0
2013-05-06,5,634.1,1,250.703125,112.8125,112.8125,112.8125,0.0,1.0,1.0,1.0,0.0,0.0,0.0,0.0,-137.890625,1.0
2013-05-06,6,611.3,1,219.921875,146.015625,146.015625,146.015625,0.0,1.0,1.0,1.0,0.0,0.0,0.0,0.0,-73.90625,1.0
2013-05-06,6,634.1,1,252.1875,159.6875,159.6875,159.6875,0.0,1.0,1.0,1.0,0.0,0.0,0.0,0.0,-92.5,1.0
2013-05-06,7,611.3,1,250.078125,123.28125,123.28125,123.28125,0.0,1.0,1.0,1.0,0.0,0.0,0.0,0.0,-126.796875,1.0
2013-05-06,7,634.1,1,240.0,133.90625,133.90625,133.90625,0.0,1.0,1.0,1.0,0.0,0.0,0.0,0.0,-106.09375,1.0
2013-05-06,8,611.3,1,216.09375,112.578125,112.578125,112.578125,0.0,1.0,1.0,1.0,0.0,0.0,0.0,0.0,-103.515625,1.0
2013-05-06,8,634.1,1,238.046875,120.859375,120.859375,120.859375,0.0,1.0,1.0,1.0,0.0,0.0,0.0,0.0,-117.1875,1.0
2013-05-06,9,611.3,1,183.28125,129.140625,129.140625,129.140625,0.0,1.0,1.0,1.0,0.0,0.0,0.0,0.0,-54.140625,1.0
2013-05-06,9,634.1,1,251.640625,139.921875,139.921875,139.921875,0.0,1.0,1.0,1.0,0.0,0.0,0.0,0.0,-111.71875,1.0
2013-05-07,0,611.3,1,225.703125,149.84375,149.84375,149.84375,0.0,1.0,1.0,1.0,0.0,0.0,0.0,0.0,-75.859375,1.0
2013-05-07,0,634.1,1,258.203125,167.890625,167.890625,167.890625,0.0,1.0,1.0,1.0,0.0,0.0,0.0,0.0,-90.3125,1.0
2013-05-07,1,611.3,1,208.75,121.71875,121.71875,121.71875,0.0,1.0,1.0,1.0,0.0,0.0,0.0,0.0,-87.03125,1.0
2013-05-07,1,634.1,1,244.21875,141.328125,141.328125,141.328125,0.0,1.0,1.0,1.0,0.0,0.0,0.0,0.0,-102.890625,1.0
2013-05-07,2,611.3,1,199.0625,143.28125,143.28125,143.28125,0.0,1.0,1.0,1.0,0.0,0.0,0.0,0.0,-55.78125,1.0
2013-05-07,2,634.1,1,242.65625,158.359375,158.359375,158.359375,0.0,1.0,1.0,1.0,0.0,0.0,0.0,0.0,-84.296875,1.0
2013-05-07,3,611.3,1,191.640625,134.84375,134.84375,134.84375,0.0,1.0,1.0,1.0,0.0,0.0,0.0,0.0,-56.796875,1.0
2013-05-07,3,634.1,1,249.921875,154.84375,154.84375,154.84375,0.0,1.0,1.0,1.0,0.0,0.0,0.0,0.0,-95.078125,1.0
2013-05-07,4,611.3,1,215.859375,132.890625,132.890625,132.890625,0.0,1.0,1.0,1.0,0.0,0.0,0.0,0.0,-82.96875,1.0
2013-05-07,4,634.1,1,224.765625,154.140625,154.140625,154.140625,0.0,1.0,1.0,1.0,0.0,0.0,0.0,0.0,-70.625,1.0
2013-05-07,5,611.3,1,179.765625,121.328125,121.328125,121.328125,0.0,1.0,1.0,1.0,0.0,0.0,0.0,0.0,-58.4375,1.0
2013-05-07,5,634.1,1,251.171875,142.8125,142.8125,142.8125,0.0,1.0,1.0,1.0,0.0,0.0,0.0,0.0,-108.359375,1.0
2013-05-07,6,611.3,1,200.390625,152.109375,152.109375,152.109375,0.0,1.0,1.0,1.0,0.0,0.0,0.0,0.0,-48.28125,1.0
2013-05-07,6,634.1,1,252.265625,168.984375,168.984375,168.984375,0.0,1.0,1.0,1.0,0.0,0.0,0.0,0.0,-83.28125,1.0
2013-05-07,7,611.3,1,222.8125,132.65625,132.65625,132.65625,0.0,1.0,1.0,1.0,0.0,0.0,0.0,0.0,-90.15625,1.0
2013-05-07,7,634.1,1,251.171875,156.640625,156.640625,156.640625,0.0,1.0,1.0,1.0,0.0,0.0,0.0,0.0,-94.53125,1.0
2013-05-07,8,611.3,1,235.625,126.875,126.875,126.875,0.0,1.0,1.0,1.0,0.0,0.0,0.0,0.0,-108.75,1.0
2013-05-07,8,634.1,1,229.21875,150.703125,150.703125,150.703125,0.0,1.0,1.0,1.0,0.0,0.0,0.0,0.0,-78.515625,1.0
2013-05-07,9,611.3,1,216.328125,142.109375,142.109375,142.109375,0.0,1.0,1.0,1.0,0.0,0.0,0.0,0.0,-74.21875,1.0
2013-05-07,9,634.1,1,252.8125,161.71875,161.71875,161.71875,0.0,1.0,1.0,1.0,0.0,0.0,0.0,0.0,-91.09375,1.0
2013-05-08,0,611.3,1,226.09375,125.0,125.0,125.0,0.0,1.0,1.0,1.0,0.0,0.0,0.0,0.0,-101.09375,1.0
2013-05-08,0,634.1,1,260.15625,143.75,143.75,143.75,0.0,1.0,1.0,1.0,0.0,0.0,0.0,0.0,-116.40625,1.0
2013-05-08,1,611.3,1,189.84375,111.40625,111.40625,111.40625,0.0,1.0,1.0,1.0,0.0,0.0,0.0,0.0,-78.4375,1.0
2013-05-08,1,634.1,1,242.421875,130.3125,130.3125,130.3125,0.0,1.0,1.0,1.0,0.0,0.0,0.0,0.0,-112.109375,1.0
2013-05-08,2,611.3,1,190.46875,137.109375,137.109375,137.109375,0.0,1.0,1.0,1.0,0.0,0.0,0.0,0.0,-53.359375,1.0
2013-05-08,2,634.1,1,227.65625,149.6875,149.6875,149.6875,0.0,1.0,1.0,1.0,0.0,0.0,0.0,0.0,-77.96875,1.0
2013-05-08,3,611.3,1,231.5625,119.609375,119.609375,119.609375,0.0,1.0,1.0,1.0,0.0,0.0,0.0,0.0,-111.953125,1.0
2013-05-08,3,634.1,1,240.15625,141.484375,141.484375,141.484375,0.0,1.0,1.0,1.0,0.0,0.0,0.0,0.0,-98.671875,1.0
2013-05-08,4,611.3,1,197.578125,117.578125,117.578125,117.578125,0.0,1.0,1.0,1.0,0.0,0.0,0.0,0.0,-80.0,1.0
2013-05-08,4,634.1,1,221.796875,137.1875,137.1875,137.1875,0.0,1.0,1.0,1.0,0.0,0.0,0.0,0.0,-84.609375,1.0
2013-05-08,5,611.3,1,184.296875,122.03125,122.03125,122.03125,0.0,1.0,1.0,1.0,0.0,0.0,0.0,0.0,-62.265625,1.0
2013-05-08,5,634.1,1,253.125,134.53125,134.53125,134.53125,0.0,1.0,1.0,1.0,0.0,0.0,0.0,0.0,-118.59375,1.0
2013-05-08,6,611.3,1,222.8125,132.65625,132.65625,132.65625,0.0,1.0,1.0,1.0,0.0,0.0,0.0,0.0,-90.15625,1.0
2013-05-08,6,634.1,1,252.421875,149.6875,149.6875,149.6875,0.0,1.0,1.0,1.0,0.0,0.0,0.0,0.0,-102.734375,1.0
2013-05-08,7,611.3,1,230.0,142.96875,142.96875,142.96875,0.0,1.0,1.0,1.0,0.0,0.0,0.0,0.0,-87.03125,1.0
2013-05-08,7,634.1,1,252.5,162.578125,162.578125,162.578125,0.0,1.0,1.0,1.0,0.0,0.0,0.0,0.0,-89.921875,1.0
2013-05-08,8,611.3,1,226.875,123.828125,123.828125,123.828125,0.0,1.0,1.0,1.0,0.0,0.0,0.0,0.0,-103.046875,1.0
2013-05-08,8,634.1,1,234.765625,139.765625,139.765625,139.765625,0.0,1.0,1.0,1.0,0.0,0.0,0.0,0.0,-95.0,1.0
2013-05-08,9,611.3,1,194.140625,122.96875,122.96875,122.96875,0.0,1.0,1.0,1.0,0.0,0.0,0.0,0.0,-71.171875,1.0
2013-05-08,9,634.1,1,250.78125,136.953125,136.953125,136.953125,0.0,1.0,1.0,1.0,0.0,0.0,0.0,0.0,-113.828125,1.0
2013-05-09,0,611.3,1,203.75,110.546875,110.546875,110.546875,0.0,1.0,1.0,1.0,0.0,0.0,0.0,0.0,-93.203125,1.0
2013-05-09,0,634.1,1,257.5,121.875,121.875,121.875,0.0,1.0,1.0,1.0,0.0,0.0,0.0,0.0,-135.625,1.0
2013-05-09,1,611.3,1,237.96875,105.390625,105.390625,105.390625,0.0,1.0,1.0,1.0,0.0,0.0,0.0,0.0,-132.578125,1.0
2013-05-09,1,634.1,1,247.96875,114.6875,114.6875,114.6875,0.0,1.0,1.0,1.0,0.0,0.0,0.0,0.0,-133.28125,1.0
2013-05-09,2,611.3,1,198.984375,102.96875,102.96875,102.96875,0.0,1.0,1.0,1.0,0.0,0.0,0.0,0.0,-96.015625,1.0
2013-05-09,2,634.1,1,236.953125,104.21875,104.21875,104.21875,0.0,1.0,1.0,1.0,0.0,0.0,0.0,0.0,-132.734375,1.0
2013-05-09,3,611.3,1,205.625,97.8125,97.8125,97.8125,0.0,1.0,1.0,1.0,0.0,0.0,0.0,0.0,-107.8125,1.0
2013-05-09,3,634.1,1,248.4375,108.984375,108.984375,108.984375,0.0,1.0,1.0,1.0,0.0,0.0,0.0,0.0,-139.453125,1.0
2013-05-09,4,611.3,1,215.15625,100.15625,100.15625,100.15625,0.0,1.0,1.0,1.0,0.0,0.0,0.0,0.0,-115.0,1.0
2013-05-09,4,634.1,1,229.921875,110.625,110.625,110.625,0.0,1.0,1.0,1.0,0.0,0.0,0.0,0.0,-119.296875,1.0
2013-05-09,5,611.3,1,202.8125,99.765625,99.765625,99.765625,0.0,1.0,1.0,1.0,0.0,0.0,0.0,0.0,-103.046875,1.0
2013-05-09,5,634.1,1,251.40625,106.796875,106.796875,106.796875,0.0,1.0,1.0,1.0,0.0,0.0,0.0,0.0,-144.609375,1.0
2013-05-09,6,611.3,1,206.40625,111.71875,111.71875,111.71875,0.0,1.0,1.0,1.0,0.0,0.0,0.0,0.0,-94.6875,1.0
2013-05-09,6,634.1,1,251.015625,124.0625,124.0625,124.0625,0.0,1.0,1.0,1.0,0.0,0.0,0.0,0.0,-126.953125,1.0
2013-05-09,7,611.3,1,225.46875,113.125,113.125,113.125,0.0,1.0,1.0,1.0,0.0,0.0,0.0,0.0,-112.34375,1.0
2013-05-09,7,634.1,1,252.03125,123.828125,123.828125,123.828125,0.0,1.0,1.0,1.0,0.0,0.0,0.0,0.0,-128.203125,1.0
2013-05-09,8,611.3,1,191.015625,96.796875,96.796875,96.796875,0.0,1.0,1.0,1.0,0.0,0.0,0.0,0.0,-94.21875,1.0
2013-05-09,8,634.1,1,230.46875,108.671875,108.671875,108.671875,0.0,1.0,1.0,1.0,0.0,0.0,0.0,0.0,-121.796875,1.0
2013-05-09,9,611.3,1,212.265625,119.6875,119.6875,119.6875,0.0,1.0,1.0,1.0,0.0,0.0,0.0,0.0,-92.578125,1.0
2013-05-09,9,634.1,1,246.875,123.75,123.75,123.75,0.0,1.0,1.0,1.0,0.0,0.0,0.0,0.0,-123.125,1.0
2013-05-10,0,611.3,1,199.296875,101.484375,101.484375,101.484375,0.0,1.0,1.0,1.0,0.0,0.0,0.0,0.0,-97.8125,1.0
2013-05-10,0,634.1,1,259.84375,116.796875,116.796875,116.796875,0.0,1.0,1.0,1.0,0.0,0.0,0.0,0.0,-143.046875,1.0
2013-05-10,1,611.3,1,225.0,101.25,101.25,101.25,0.0,1.0,1.0,1.0,0.0,0.0,0.0,0.0,-123.75,1.0
2013-05-10,1,634.1,1,251.171875,111.328125,111.328125,111.328125,0.0,1.0,1.0,1.0,0.0,0.0,0.0,0.0,-139.84375,1.0
2013-05-10,2,611.3,1,180.859375,125.15625,125.15625,125.15625,0.0,1.0,1.0,1.0,0.0,0.0,0.0,0.0,-55.703125,1.0
2013-05-10,2,634.1,1,223.515625,127.265625,127.265625,127.265625,0.0,1.0,1.0,1.0,0.0,0.0,0.0,0.0,-96.25,1.0
2013-05-10,3,611.3,1,192.890625,93.359375,93.359375,93.359375,0.0,1.0,1.0,1.0,0.0,0.0,0.0,0.0,-99.53125,1.0
2013-05-10,3,634.1,1,249.609375,102.5,102.5,102.5,0.0,1.0,1.0,1.0,0.0,0.0,0.0,0.0,-147.109375,1.0
2013-05-10,4,611.3,1,187.578125,109.140625,109.140625,109.140625,0.0,1.0,1.0,1.0,0.0,0.0,0.0,0.0,-78.4375,1.0
2013-05-10,4,634.1,1,220.625,119.0625,119.0625,119.0625,0.0,1.0,1.0,1.0,0.0,0.0,0.0,0.0,-101.5625,1.0
2013-05-10,5,611.3,1,185.78125,92.03125,92.03125,92.03125,0.0,1.0,1.0,1.0,0.0,0.0,0.0,0.0,-93.75,1.0
2013-05-10,5,634.1,1,253.046875,102.8125,102.8125,102.8125,0.0,1.0,1.0,1.0,0.0,0.0,0.0,0.0,-150.234375,1.0
2013-05-10,6,611.3,1,233.359375,111.640625,111.640625,111.640625,0.0,1.0,1.0,1.0,0.0,0.0,0.0,0.0,-121.71875,1.0
2013-05-10,6,634.1,1,240.9375,124.296875,124.296875,124.296875,0.0,1.0,1.0,1.0,0.0,0.0,0.0,0.0,-116.640625,1.0
2013-05-10,7,611.3,1,225.234375,97.890625,97.890625,97.890625,0.0,1.0,1.0,1.0,0.0,0.0,0.0,0.0,-127.34375,1.0
2013-05-10,7,634.1,1,252.265625,111.171875,111.171875,111.171875,0.0,1.0,1.0,1.0,0.0,0.0,0.0,0.0,-141.09375,1.0
2013-05-10,8,611.3,1,200.9375,110.703125,110.703125,110.703125,0.0,1.0,1.0,1.0,0.0,0.0,0.0,0.0,-90.234375,1.0
2013-05-10,8,634.1,1,218.125,121.328125,121.328125,121.328125,0.0,1.0,1.0,1.0,0.0,0.0,0.0,0.0,-96.796875,1.0
2013-05-10,9,611.3,1,214.21875,140.546875,140.546875,140.546875,0.0,1.0,1.0,1.0,0.0,0.0,0.0,0.0,-73.671875,1.0
2013-05-10,9,634.1,1,248.75,143.90625,143.90625,143.90625,0.0,1.0,1.0,1.0,0.0,0.0,0.0,0.0,-104.84375,1.0
2013-05-11,0,611.3,1,206.953125,156.796875,156.796875,156.796875,0.0,1.0,1.0,1.0,0.0,0.0,0.0,0.0,-50.15625,1.0
2013-05-11,0,634.1,1,263.046875,170.06484375,177.96875,177.96875,0.0,1.0,1.0,1.0,7.903906250000006,0.0,0.0,0.0,-85.078125,1.0
2013-05-11,1,611.3,1,217.265625,132.8125,132.8125,132.8125,0.0,1.0,1.0,1.0,0.0,0.0,0.0,0.0,-84.453125,1.0
2013-05-11,1,634.1,1,245.390625,164.609375,164.609375,164.609375,0.0,1.0,1.0,1.0,0.0,0.0,0.0,0.0,-80.78125,1.0
2013-05-11,2,611.3,1,198.59375,149.453125,149.453125,149.453125,0.0,1.0,1.0,1.0,0.0,0.0,0.0,0.0,-49.140625,1.0
2013-05-11,2,634.1,1,240.234375,168.359375,168.359375,168.359375,0.0,1.0,1.0,1.0,0.0,0.0,0.0,0.0,-71.875,1.0
2013-05-11,3,611.3,1,234.453125,154.921875,154.921875,154.921875,0.0,1.0,1.0,1.0,0.0,0.0,0.0,0.0,-79.53125,1.0
2013-05-11,3,634.1,1,228.671875,174.609375,174.609375,174.609375,0.0,1.0,1.0,1.0,0.0,0.0,0.0,0.0,-54.0625,1.0
2013-05-11,4,611.3,1,254.53125,146.25,146.25,146.25,0.0,1.0,1.0,1.0,0.0,0.0,0.0,0.0,-108.28125,1.0
2013-05-11,4,634.1,1,228.359375,170.703125,170.703125,170.703125,0.0,1.0,1.0,1.0,0.0,0.0,0.0,0.0,-57.65625,1.0
2013-05-11,5,611.3,1,185.078125,152.65625,152.65625,152.65625,0.0,1.0,1.0,1.0,0.0,0.0,0.0,0.0,-32.421875,1.0
2013-05-11,5,634.1,1,251.640625,173.59375,173.59375,173.59375,0.0,1.0,1.0,1.0,0.0,0.0,0.0,0.0,-78.046875,1.0
2013-05-11,6,611.3,1,253.59375,157.5,157.5,157.5,0.0,1.0,1.0,1.0,0.0,0.0,0.0,0.0,-96.09375,1.0
2013-05-11,6,634.1,1,251.015625,179.453125,179.453125,179.453125,0.0,1.0,1.0,1.0,0.0,0.0,0.0,0.0,-71.5625,1.0
2013-05-11,7,611.3,1,260.703125,156.25,156.25,156.25,0.0,1.0,1.0,1.0,0.0,0.0,0.0,0.0,-104.453125,1.0
2013-05-11,7,634.1,1,253.359375,176.09375,176.09375,176.09375,0.0,1.0,1.0,1.0,0.0,0.0,0.0,0.0,-77.265625,1.0
2013-05-11,8,611.3,1,197.34375,127.890625,127.890625,127.890625,0.0,1.0,1.0,1.0,0.0,0.0,0.0,0.0,-69.453125,1.0
2013-05-11,8,634.1,1,222.109375,162.34375,162.34375,162.34375,0.0,1.0,1.0,1.0,0.0,0.0,0.0,0.0,-59.765625,1.0
2013-05-11,9,611.3,1,235.703125,147.8125,147.8125,147.8125,0.0,1.0,1.0,1.0,0.0,0.0,0.0,0.0,-87.890625,1.0
2013-05-11,9,634.1,1,251.015625,171.40625,171.40625,171.40625,0.0,1.0,1.0,1.0,0.0,0.0,0.0,0.0,-79.609375,1.0
2013-05-12,0,611.3,1,213.125,129.375,129.375,129.375,0.0,1.0,1.0,1.0,0.0,0.0,0.0,0.0,-83.75,1.0
2013-05-12,0,634.1,1,260.703125,143.046875,143.046875,143.046875,0.0,1.0,1.0,1.0,0.0,0.0,0.0,0.0,-117.65625,1.0
2013-05-12,1,611.3,1,217.890625,127.03125,127.03125,127.03125,0.0,1.0,1.0,1.0,0.0,0.0,0.0,0.0,-90.859375,1.0
2013-05-12,1,634.1,1,237.734375,134.6875,134.6875,134.6875,0.0,1.0,1.0,1.0,0.0,0.0,0.0,0.0,-103.046875,1.0
2013-05-12,2,611.3,1,224.0625,106.171875,106.171875,106.171875,0.0,1.0,1.0,1.0,0.0,0.0,0.0,0.0,-117.890625,1.0
2013-05-12,2,634.1,1,236.328125,115.78125,115.78125,115.78125,0.0,1.0,1.0,1.0,0.0,0.0,0.0,0.0,-120.546875,1.0
2013-05-12,3,611.3,1,264.765625,127.265625,127.265625,127.265625,0.0,1.0,1.0,1.0,0.0,0.0,0.0,0.0,-137.5,1.0
2013-05-12,3,634.1,1,245.0,138.28125,138.28125,138.28125,0.0,1.0,1.0,1.0,0.0,0.0,0.0,0.0,-106.71875,1.0
2013-05-12,4,611.3,1,194.0625,143.4375,143.4375,143.4375,0.0,1.0,1.0,1.0,0.0,0.0,0.0,0.0,-50.625,1.0
2013-05-12,4,634.1,1,227.421875,158.046875,158.046875,158.046875,0.0,1.0,1.0,1.0,0.0,0.0,0.0,0.0,-69.375,1.0
2013-05-12,5,611.3,1,225.9375,114.453125,114.453125,114.453125,0.0,1.0,1.0,1.0,0.0,0.0,0.0,0.0,-111.484375,1.0
2013-05-12,5,634.1,1,253.59375,126.484375,126.484375,126.484375,0.0,1.0,1.0,1.0,0.0,0.0,0.0,0.0,-127.109375,1.0
2013-05-12,6,611.3,1,228.90625,135.859375,135.859375,135.859375,0.0,1.0,1.0,1.0,0.0,0.0,0.0,0.0,-93.046875,1.0
2013-05-12,6,634.1,1,243.75,146.875,146.875,146.875,0.0,1.0,1.0,1.0,0.0,0.0,0.0,0.0,-96.875,1.0
2013-05-12,7,611.3,1,223.125,157.03125,157.03125,157.03125,0.0,1.0,1.0,1.0,0.0,0.0,0.0,0.0,-66.09375,1.0
2013-05-12,7,634.1,1,252.34375,168.28125,168.28125,168.28125,0.0,1.0,1.0,1.0,0.0,0.0,0.0,0.0,-84.0625,1.0
2013-05-12,8,611.3,1,212.265625,109.140625,109.140625,109.140625,0.0,1.0,1.0,1.0,0.0,0.0,0.0,0.0,-103.125,1.0
2013-05-12,8,634.1,1,225.859375,119.609375,119.609375,119.609375,0.0,1.0,1.0,1.0,0.0,0.0,0.0,0.0,-106.25,1.0
2013-05-12,9,611.3,1,255.078125,124.296875,124.296875,124.296875,0.0,1.0,1.0,1.0,0.0,0.0,0.0,0.0,-130.78125,1.0
2013-05-12,9,634.1,1,252.03125,134.6875,134.6875,134.6875,0.0,1.0,1.0,1.0,0.0,0.0,0.0,0.0,-117.34375,1.0
2013-05-13,0,611.3,1,202.34375,132.8125,132.8125,132.8125,0.0,1.0,1.0,1.0,0.0,0.0,0.0,0.0,-69.53125,1.0
2013-05-13,0,634.1,1,259.375,154.0625,154.0625,154.0625,0.0,1.0,1.0,1.0,0.0,0.0,0.0,0.0,-105.3125,1.0
2013-05-13,1,611.3,1,202.8125,136.171875,136.171875,136.171875,0.0,1.0,1.0,1.0,0.0,0.0,0.0,0.0,-66.640625,1.0
2013-05-13,1,634.1,1,251.09375,156.640625,156.640625,156.640625,0.0,1.0,1.0,1.0,0.0,0.0,0.0,0.0,-94.453125,1.0
2013-05-13,2,611.3,1,218.984375,154.53125,154.53125,154.53125,0.0,1.0,1.0,1.0,0.0,0.0,0.0,0.0,-64.453125,1.0
2013-05-13,2,634.1,1,244.453125,169.140625,169.140625,169.140625,0.0,1.0,1.0,1.0,0.0,0.0,0.0,0.0,-75.3125,1.0
2013-05-13,3,611.3,1,216.328125,132.734375,132.734375,132.734375,0.0,1.0,1.0,1.0,0.0,0.0,0.0,0.0,-83.59375,1.0
2013-05-13,3,634.1,1,251.171875,164.53125,164.53125,164.53125,0.0,1.0,1.0,1.0,0.0,0.0,0.0,0.0,-86.640625,1.0
2013-05-13,4,611.3,1,203.28125,113.828125,113.828125,113.828125,0.0,1.0,1.0,1.0,0.0,0.0,0.0,0.0,-89.453125,1.0
2013-05-13,4,634.1,1,230.9375,142.109375,142.109375,142.109375,0.0,1.0,1.0,1.0,0.0,0.0,0.0,0.0,-88.828125,1.0
2013-05-13,5,611.3,1,195.46875,126.25,126.25,126.25,0.0,1.0,1.0,1.0,0.0,0.0,0.0,0.0,-69.21875,1.0
2013-05-13,5,634.1,1,253.203125,146.25,146.25,146.25,0.0,1.0,1.0,1.0,0.0,0.0,0.0,0.0,-106.953125,1.0
2013-05-13,6,611.3,1,242.109375,152.03125,152.03125,152.03125,0.0,1.0,1.0,1.0,0.0,0.0,0.0,0.0,-90.078125,1.0
2013-05-13,6,634.1,1,252.890625,173.28125,173.28125,173.28125,0.0,1.0,1.0,1.0,0.0,0.0,0.0,0.0,-79.609375,1.0
2013-05-13,7,611.3,1,232.421875,139.84375,139.84375,139.84375,0.0,1.0,1.0,1.0,0.0,0.0,0.0,0.0,-92.578125,1.0
2013-05-13,7,634.1,1,252.421875,162.890625,162.890625,162.890625,0.0,1.0,1.0,1.0,0.0,0.0,0.0,0.0,-89.53125,1.0
2013-05-13,8,611.3,1,218.359375,135.3125,135.3125,135.3125,0.0,1.0,1.0,1.0,0.0,0.0,0.0,0.0,-83.046875,1.0
2013-05-13,8,634.1,1,229.375,165.703125,165.703125,165.703125,0.0,1.0,1.0,1.0,0.0,0.0,0.0,0.0,-63.671875,1.0
2013-05-13,9,611.3,1,208.90625,138.046875,138.046875,138.046875,0.0,1.0,1.0,1.0,0.0,0.0,0.0,0.0,-70.859375,1.0
2013-05-13,9,634.1,1,252.8125,155.3125,155.3125,155.3125,0.0,1.0,1.0,1.0,0.0,0.0,0.0,0.0,-97.5,1.0
2013-05-14,0,611.3,1,201.875,123.046875,123.046875,123.046875,0.0,1.0,1.0,1.0,0.0,0.0,0.0,0.0,-78.828125,1.0
2013-05-14,0,634.1,1,260.859375,134.765625,134.765625,134.765625,0.0,1.0,1.0,1.0,0.0,0.0,0.0,0.0,-126.09375,1.0
2013-05-14,1,611.3,1,231.328125,128.671875,128.671875,128.671875,0.0,1.0,1.0,1.0,0.0,0.0,0.0,0.0,-102.65625,1.0
2013-05-14,1,634.1,1,248.28125,145.703125,145.703125,145.703125,0.0,1.0,1.0,1.0,0.0,0.0,0.0,0.0,-102.578125,1.0
2013-05-14,2,611.3,1,206.640625,125.390625,125.390625,125.390625,0.0,1.0,1.0,1.0,0.0,0.0,0.0,0.0,-81.25,1.0
2013-05-14,2,634.1,1,244.765625,133.046875,133.046875,133.046875,0.0,1.0,1.0,1.0,0.0,0.0,0.0,0.0,-111.71875,1.0
2013-05-14,3,611.3,1,187.65625,110.15625,110.15625,110.15625,0.0,1.0,1.0,1.0,0.0,0.0,0.0,0.0,-77.5,1.0
2013-05-14,3,634.1,1,251.171875,125.234375,125.234375,125.234375,0.0,1.0,1.0,1.0,0.0,0.0,0.0,0.0,-125.9375,1.0
2013-05-14,4,611.3,1,193.203125,109.21875,109.21875,109.21875,0.0,1.0,1.0,1.0,0.0,0.0,0.0,0.0,-83.984375,1.0
2013-05-14,4,634.1,1,218.203125,121.71875,121.71875,121.71875,0.0,1.0,1.0,1.0,0.0,0.0,0.0,0.0,-96.484375,1.0
2013-05-14,5,611.3,1,189.6875,98.515625,98.515625,98.515625,0.0,1.0,1.0,1.0,0.0,0.0,0.0,0.0,-91.171875,1.0
2013-05-14,5,634.1,1,252.96875,105.390625,105.390625,105.390625,0.0,1.0,1.0,1.0,0.0,0.0,0.0,0.0,-147.578125,1.0
2013-05-14,6,611.3,1,207.109375,131.40625,131.40625,131.40625,0.0,1.0,1.0,1.0,0.0,0.0,0.0,0.0,-75.703125,1.0
2013-05-14,6,634.1,1,251.09375,146.015625,146.015625,146.015625,0.0,1.0,1.0,1.0,0.0,0.0,0.0,0.0,-105.078125,1.0
2013-05-14,7,611.3,1,198.125,156.25,156.25,156.25,0.0,1.0,1.0,1.0,0.0,0.0,0.0,0.0,-41.875,1.0
2013-05-14,7,634.1,1,254.453125,172.890625,172.890625,172.890625,0.0,1.0,1.0,1.0,0.0,0.0,0.0,0.0,-81.5625,1.0
2013-05-14,8,611.3,1,186.953125,114.6875,114.6875,114.6875,0.0,1.0,1.0,1.0,0.0,0.0,0.0,0.0,-72.265625,1.0
2013-05-14,8,634.1,1,227.96875,127.03125,127.03125,127.03125,0.0,1.0,1.0,1.0,0.0,0.0,0.0,0.0,-100.9375,1.0
2013-05-14,9,611.3,1,204.765625,133.75,133.75,133.75,0.0,1.0,1.0,1.0,0.0,0.0,0.0,0.0,-71.015625,1.0
2013-05-14,9,634.1,1,250.78125,143.515625,143.515625,143.515625,0.0,1.0,1.0,1.0,0.0,0.0,0.0,0.0,-107.265625,1.0
2013-05-15,0,611.3,1,223.671875,122.734375,122.734375,122.734375,0.0,1.0,1.0,1.0,0.0,0.0,0.0,0.0,-100.9375,1.0
2013-05-15,0,634.1,1,258.671875,129.53125,129.53125,129.53125,0.0,1.0,1.0,1.0,0.0,0.0,0.0,0.0,-129.140625,1.0
2013-05-15,1,611.3,1,240.9375,107.96875,107.96875,107.96875,0.0,1.0,1.0,1.0,0.0,0.0,0.0,0.0,-132.96875,1.0
2013-05-15,1,634.1,1,250.625,114.53125,114.53125,114.53125,0.0,1.0,1.0,1.0,0.0,0.0,0.0,0.0,-136.09375,1.0
2013-05-15,2,611.3,1,197.578125,117.34375,117.34375,117.34375,0.0,1.0,1.0,1.0,0.0,0.0,0.0,0.0,-80.234375,1.0
2013-05-15,2,634.1,1,251.40625,123.828125,123.828125,123.828125,0.0,1.0,1.0,1.0,0.0,0.0,0.0,0.0,-127.578125,1.0
2013-05-15,3,611.3,1,216.25,106.875,106.875,106.875,0.0,1.0,1.0,1.0,0.0,0.0,0.0,0.0,-109.375,1.0
2013-05-15,3,634.1,1,252.03125,111.171875,111.171875,111.171875,0.0,1.0,1.0,1.0,0.0,0.0,0.0,0.0,-140.859375,1.0
2013-05-15,4,611.3,1,213.046875,110.078125,110.078125,110.078125,0.0,1.0,1.0,1.0,0.0,0.0,0.0,0.0,-102.96875,1.0
2013-05-15,4,634.1,1,236.25,118.671875,118.671875,118.671875,0.0,1.0,1.0,1.0,0.0,0.0,0.0,0.0,-117.578125,1.0
2013-05-15,5,611.3,1,189.21875,106.5625,106.5625,106.5625,0.0,1.0,1.0,1.0,0.0,0.0,0.0,0.0,-82.65625,1.0
2013-05-15,5,634.1,1,252.5,111.015625,111.015625,111.015625,0.0,1.0,1.0,1.0,0.0,0.0,0.0,0.0,-141.484375,1.0
2013-05-15,6,611.3,1,247.8125,97.65625,97.65625,97.65625,0.0,1.0,1.0,1.0,0.0,0.0,0.0,0.0,-150.15625,1.0
2013-05-15,6,634.1,1,251.09375,111.796875,111.796875,111.796875,0.0,1.0,1.0,1.0,0.0,0.0,0.0,0.0,-139.296875,1.0
2013-05-15,7,611.3,1,218.828125,142.265625,142.265625,142.265625,0.0,1.0,1.0,1.0,0.0,0.0,0.0,0.0,-76.5625,1.0
2013-05-15,7,634.1,1,251.5625,149.921875,149.921875,149.921875,0.0,1.0,1.0,1.0,0.0,0.0,0.0,0.0,-101.640625,1.0
2013-05-15,8,611.3,1,216.875,113.046875,113.046875,113.046875,0.0,1.0,1.0,1.0,0.0,0.0,0.0,0.0,-103.828125,1.0
2013-05-15,8,634.1,1,236.71875,123.359375,123.359375,123.359375,0.0,1.0,1.0,1.0,0.0,0.0,0.0,0.0,-113.359375,1.0
2013-05-15,9,611.3,1,228.59375,133.046875,133.046875,133.046875,0.0,1.0,1.0,1.0,0.0,0.0,0.0,0.0,-95.546875,1.0
2013-05-15,9,634.1,1,252.265625,135.78125,135.78125,135.78125,0.0,1.0,1.0,1.0,0.0,0.0,0.0,0.0,-116.484375,1.0
2013-05-16,0,611.3,1,244.6875,111.484375,111.484375,111.484375,0.0,1.0,1.0,1.0,0.0,0.0,0.0,0.0,-133.203125,1.0
2013-05-16,0,634.1,1,259.84375,128.203125,128.203125,128.203125,0.0,1.0,1.0,1.0,0.0,0.0,0.0,0.0,-131.640625,1.0
2013-05-16,1,611.3,1,221.25,138.28125,138.28125,138.28125,0.0,1.0,1.0,1.0,0.0,0.0,0.0,0.0,-82.96875,1.0
2013-05-16,1,634.1,1,236.953125,155.234375,155.234375,155.234375,0.0,1.0,1.0,1.0,0.0,0.0,0.0,0.0,-81.71875,1.0
2013-05-16,2,611.3,1,205.234375,146.953125,146.953125,146.953125,0.0,1.0,1.0,1.0,0.0,0.0,0.0,0.0,-58.28125,1.0
2013-05-16,2,634.1,1,243.4375,166.5625,166.5625,166.5625,0.0,1.0,1.0,1.0,0.0,0.0,0.0,0.0,-76.875,1.0
2013-05-16,3,611.3,1,224.53125,124.84375,124.84375,124.84375,0.0,1.0,1.0,1.0,0.0,0.0,0.0,0.0,-99.6875,1.0
2013-05-16,3,634.1,1,252.890625,141.328125,141.328125,141.328125,0.0,1.0,1.0,1.0,0.0,0.0,0.0,0.0,-111.5625,1.0
2013-05-16,4,611.3,1,205.078125,130.9375,130.9375,130.9375,0.0,1.0,1.0,1.0,0.0,0.0,0.0,0.0,-74.140625,1.0
2013-05-16,4,634.1,1,236.40625,148.046875,148.046875,148.046875,0.0,1.0,1.0,1.0,0.0,0.0,0.0,0.0,-88.359375,1.0
2013-05-16,5,611.3,1,190.0,144.140625,144.140625,144.140625,0.0,1.0,1.0,1.0,0.0,0.0,0.0,0.0,-45.859375,1.0
2013-05-16,5,634.1,1,251.875,165.859375,165.859375,165.859375,0.0,1.0,1.0,1.0,0.0,0.0,0.0,0.0,-86.015625,1.0
2013-05-16,6,611.3,1,220.0,140.859375,140.859375,140.859375,0.0,1.0,1.0,1.0,0.0,0.0,0.0,0.0,-79.140625,1.0
2013-05-16,6,634.1,1,251.796875,161.09375,161.09375,161.09375,0.0,1.0,1.0,1.0,0.0,0.0,0.0,0.0,-90.703125,1.0
2013-05-16,7,611.3,1,211.40625,156.40625,156.40625,156.40625,0.0,1.0,1.0,1.0,0.0,0.0,0.0,0.0,-55.0,1.0
2013-05-16,7,634.1,1,254.609375,171.953125,171.953125,171.953125,0.0,1.0,1.0,1.0,0.0,0.0,0.0,0.0,-82.65625,1.0
2013-05-16,8,611.3,1,197.8125,125.15625,125.15625,125.15625,0.0,1.0,1.0,1.0,0.0,0.0,0.0,0.0,-72.65625,1.0
2013-05-16,8,634.1,1,225.703125,141.09375,141.09375,141.09375,0.0,1.0,1.0,1.0,0.0,0.0,0.0,0.0,-84.609375,1.0
2013-05-16,9,611.3,1,230.15625,139.6875,139.6875,139.6875,0.0,1.0,1.0,1.0,0.0,0.0,0.0,0.0,-90.46875,1.0
2013-05-16,9,634.1,1,251.328125,150.703125,150.703125,150.703125,0.0,1.0,1.0,1.0,0.0,0.0,0.0,0.0,-100.625,1.0
2013-05-17,0,611.3,1,231.875,109.921875,109.921875,109.921875,0.0,1.0,1.0,1.0,0.0,0.0,0.0,0.0,-121.953125,1.0
2013-05-17,0,634.1,1,260.703125,117.96875,117.96875,117.96875,0.0,1.0,1.0,1.0,0.0,0.0,0.0,0.0,-142.734375,1.0
2013-05-17,1,611.3,1,233.671875,123.671875,123.671875,123.671875,0.0,1.0,1.0,1.0,0.0,0.0,0.0,0.0,-110.0,1.0
2013-05-17,1,634.1,1,249.765625,128.125,128.125,128.125,0.0,1.0,1.0,1.0,0.0,0.0,0.0,0.0,-121.640625,1.0
2013-05-17,2,611.3,1,210.546875,119.21875,119.21875,119.21875,0.0,1.0,1.0,1.0,0.0,0.0,0.0,0.0,-91.328125,1.0
2013-05-17,2,634.1,1,252.96875,122.34375,122.34375,122.34375,0.0,1.0,1.0,1.0,0.0,0.0,0.0,0.0,-130.625,1.0
2013-05-17,3,611.3,1,217.578125,112.96875,112.96875,112.96875,0.0,1.0,1.0,1.0,0.0,0.0,0.0,0.0,-104.609375,1.0
2013-05-17,3,634.1,1,253.671875,115.703125,115.703125,115.703125,0.0,1.0,1.0,1.0,0.0,0.0,0.0,0.0,-137.96875,1.0
2013-05-17,4,611.3,1,241.640625,102.109375,102.109375,102.109375,0.0,1.0,1.0,1.0,0.0,0.0,0.0,0.0,-139.53125,1.0
2013-05-17,4,634.1,1,242.265625,111.09375,111.09375,111.09375,0.0,1.0,1.0,1.0,0.0,0.0,0.0,0.0,-131.171875,1.0
2013-05-17,5,611.3,1,197.5,105.546875,105.546875,105.546875,0.0,1.0,1.0,1.0,0.0,0.0,0.0,0.0,-91.953125,1.0
2013-05-17,5,634.1,1,253.984375,108.203125,108.203125,108.203125,0.0,1.0,1.0,1.0,0.0,0.0,0.0,0.0,-145.78125,1.0
2013-05-17,6,611.3,1,245.234375,114.296875,114.296875,114.296875,0.0,1.0,1.0,1.0,0.0,0.0,0.0,0.0,-130.9375,1.0
2013-05-17,6,634.1,1,251.25,125.0,125.0,125.0,0.0,1.0,1.0,1.0,0.0,0.0,0.0,0.0,-126.25,1.0
2013-05-17,7,611.3,1,237.890625,111.640625,111.640625,111.640625,0.0,1.0,1.0,1.0,0.0,0.0,0.0,0.0,-126.25,1.0
2013-05-17,7,634.1,1,254.765625,125.3125,125.3125,125.3125,0.0,1.0,1.0,1.0,0.0,0.0,0.0,0.0,-129.453125,1.0
2013-05-17,8,611.3,1,243.75,117.96875,117.96875,117.96875,0.0,1.0,1.0,1.0,0.0,0.0,0.0,0.0,-125.78125,1.0
2013-05-17,8,634.1,1,249.53125,123.59375,123.59375,123.59375,0.0,1.0,1.0,1.0,0.0,0.0,0.0,0.0,-125.9375,1.0
2013-05-17,9,611.3,1,209.6875,135.859375,135.859375,135.859375,0.0,1.0,1.0,1.0,0.0,0.0,0.0,0.0,-73.828125,1.0
2013-05-17,9,634.1,1,252.8125,138.359375,138.359375,138.359375,0.0,1.0,1.0,1.0,0.0,0.0,0.0,0.0,-114.453125,1.0
2013-05-18,0,611.3,1,220.3125,117.1875,117.1875,117.1875,0.0,1.0,1.0,1.0,0.0,0.0,0.0,0.0,-103.125,1.0
2013-05-18,0,634.1,1,260.78125,128.515625,128.515625,128.515625,0.0,1.0,1.0,1.0,0.0,0.0,0.0,0.0,-132.265625,1.0
2013-05-18,1,611.3,1,268.046875,125.859375,125.859375,125.859375,0.0,1.0,1.0,1.0,0.0,0.0,0.0,0.0,-142.1875,1.0
2013-05-18,1,634.1,1,253.671875,133.046875,133.046875,133.046875,0.0,1.0,1.0,1.0,0.0,0.0,0.0,0.0,-120.625,1.0
2013-05-18,2,611.3,1,226.015625,144.609375,144.609375,144.609375,0.0,1.0,1.0,1.0,0.0,0.0,0.0,0.0,-81.40625,1.0
2013-05-18,2,634.1,1,254.296875,140.3125,140.3125,140.3125,0.0,1.0,1.0,1.0,0.0,0.0,0.0,0.0,-113.984375,1.0
2013-05-18,3,611.3,1,199.21875,113.4375,113.4375,113.4375,0.0,1.0,1.0,1.0,0.0,0.0,0.0,0.0,-85.78125,1.0
2013-05-18,3,634.1,1,251.875,126.25,126.25,126.25,0.0,1.0,1.0,1.0,0.0,0.0,0.0,0.0,-125.625,1.0
2013-05-18,4,611.3,1,228.4375,128.046875,128.046875,128.046875,0.0,1.0,1.0,1.0,0.0,0.0,0.0,0.0,-100.390625,1.0
2013-05-18,4,634.1,1,243.75,139.21875,139.21875,139.21875,0.0,1.0,1.0,1.0,0.0,0.0,0.0,0.0,-104.53125,1.0
2013-05-18,5,611.3,1,229.453125,97.109375,97.109375,97.109375,0.0,1.0,1.0,1.0,0.0,0.0,0.0,0.0,-132.34375,1.0
2013-05-18,5,634.1,1,254.0625,100.9375,100.9375,100.9375,0.0,1.0,1.0,1.0,0.0,0.0,0.0,0.0,-153.125,1.0
2013-05-18,6,611.3,1,300.0,110.78125,110.78125,110.78125,0.0,1.0,1.0,1.0,0.0,0.0,0.0,0.0,-189.21875,1.0
2013-05-18,6,634.1,1,254.84375,121.40625,121.40625,121.40625,0.0,1.0,1.0,1.0,0.0,0.0,0.0,0.0,-133.4375,1.0
2013-05-18,7,611.3,1,256.71875,158.28125,158.28125,158.28125,0.0,1.0,1.0,1.0,0.0,0.0,0.0,0.0,-98.4375,1.0
2013-05-18,7,634.1,1,253.046875,170.859375,170.01196291437492,170.859375,0.0,1.0,1.0,1.0,0.0,0.0,0.8474120856250806,0.0,-82.1875,1.0
2013-05-18,8,611.3,1,269.921875,129.0625,129.0625,129.0625,0.0,1.0,1.0,1.0,0.0,0.0,0.0,0.0,-140.859375,1.0
2013-05-18,8,634.1,1,252.578125,137.5,137.5,137.5,0.0,1.0,1.0,1.0,0.0,0.0,0.0,0.0,-115.078125,1.0
2013-05-18,9,611.3,1,218.75,129.921875,129.921875,129.921875,0.0,1.0,1.0,1.0,0.0,0.0,0.0,0.0,-88.828125,1.0
2013-05-18,9,634.1,1,252.5,133.28125,133.28125,133.28125,0.0,1.0,1.0,1.0,0.0,0.0,0.0,0.0,-119.21875,1.0
2013-05-19,0,611.3,1,225.3125,126.40625,126.40625,126.40625,0.0,1.0,1.0,1.0,0.0,0.0,0.0,0.0,-98.90625,1.0
2013-05-19,0,634.1,1,259.765625,132.96875,132.96875,132.96875,0.0,1.0,1.0,1.0,0.0,0.0,0.0,0.0,-126.796875,1.0
2013-05-19,1,611.3,1,240.46875,135.390625,135.390625,135.390625,0.0,1.0,1.0,1.0,0.0,0.0,0.0,0.0,-105.078125,1.0
2013-05-19,1,634.1,1,254.921875,141.328125,141.328125,141.328125,0.0,1.0,1.0,1.0,0.0,0.0,0.0,0.0,-113.59375,1.0
2013-05-19,2,611.3,1,249.921875,129.84375,129.84375,129.84375,0.0,1.0,1.0,1.0,0.0,0.0,0.0,0.0,-120.078125,1.0
2013-05-19,2,634.1,1,254.140625,131.5625,131.5625,131.5625,0.0,1.0,1.0,1.0,0.0,0.0,0.0,0.0,-122.578125,1.0
2013-05-19,3,611.3,1,238.28125,117.65625,117.65625,117.65625,0.0,1.0,1.0,1.0,0.0,0.0,0.0,0.0,-120.625,1.0
2013-05-19,3,634.1,1,252.578125,125.15625,125.15625,125.15625,0.0,1.0,1.0,1.0,0.0,0.0,0.0,0.0,-127.421875,1.0
2013-05-19,4,611.3,1,202.65625,113.4375,113.4375,113.4375,0.0,1.0,1.0,1.0,0.0,0.0,0.0,0.0,-89.21875,1.0
2013-05-19,4,634.1,1,242.265625,122.421875,122.421875,122.421875,0.0,1.0,1.0,1.0,0.0,0.0,0.0,0.0,-119.84375,1.0
2013-05-19,5,611.3,1,233.359375,117.421875,117.421875,117.421875,0.0,1.0,1.0,1.0,0.0,0.0,0.0,0.0,-115.9375,1.0
2013-05-19,5,634.1,1,252.8125,123.203125,123.203125,123.203125,0.0,1.0,1.0,1.0,0.0,0.0,0.0,0.0,-129.609375,1.0
2013-05-19,6,611.3,1,279.84375,124.53125,124.53125,124.53125,0.0,1.0,1.0,1.0,0.0,0.0,0.0,0.0,-155.3125,1.0
2013-05-19,6,634.1,1,253.828125,138.515625,138.515625,138.515625,0.0,1.0,1.0,1.0,0.0,0.0,0.0,0.0,-115.3125,1.0
2013-05-19,7,611.3,1,252.265625,144.453125,144.453125,144.453125,0.0,1.0,1.0,1.0,0.0,0.0,0.0,0.0,-107.8125,1.0
2013-05-19,7,634.1,1,252.890625,155.15625,155.15625,155.15625,0.0,1.0,1.0,1.0,0.0,0.0,0.0,0.0,-97.734375,1.0
2013-05-19,8,611.3,1,241.796875,127.8125,127.8125,127.8125,0.0,1.0,1.0,1.0,0.0,0.0,0.0,0.0,-113.984375,1.0
2013-05-19,8,634.1,1,235.078125,135.234375,135.234375,135.234375,0.0,1.0,1.0,1.0,0.0,0.0,0.0,0.0,-99.84375,1.0
2013-05-19,9,611.3,1,265.390625,149.921875,149.921875,149.921875,0.0,1.0,1.0,1.0,0.0,0.0,0.0,0.0,-115.46875,1.0
2013-05-19,9,634.1,1,252.96875,150.9375,150.9375,150.9375,0.0,1.0,1.0,1.0,0.0,0.0,0.0,0.0,-102.03125,1.0
2013-05-20,0,611.3,1,221.796875,105.78125,105.78125,105.78125,0.0,1.0,1.0,1.0,0.0,0.0,0.0,0.0,-116.015625,1.0
2013-05-20,0,634.1,1,260.703125,114.0625,114.0625,114.0625,0.0,1.0,1.0,1.0,0.0,0.0,0.0,0.0,-146.640625,1.0
2013-05-20,1,611.3,1,215.546875,111.40625,111.40625,111.40625,0.0,1.0,1.0,1.0,0.0,0.0,0.0,0.0,-104.140625,1.0
2013-05-20,1,634.1,1,252.265625,121.640625,121.640625,121.640625,0.0,1.0,1.0,1.0,0.0,0.0,0.0,0.0,-130.625,1.0
2013-05-20,2,611.3,1,209.21875,116.796875,116.796875,116.796875,0.0,1.0,1.0,1.0,0.0,0.0,0.0,0.0,-92.421875,1.0
2013-05-20,2,634.1,1,253.515625,117.421875,117.421875,117.421875,0.0,1.0,1.0,1.0,0.0,0.0,0.0,0.0,-136.09375,1.0
2013-05-20,3,611.3,1,240.46875,108.75,108.75,108.75,0.0,1.0,1.0,1.0,0.0,0.0,0.0,0.0,-131.71875,1.0
2013-05-20,3,634.1,1,253.359375,115.0,115.0,115.0,0.0,1.0,1.0,1.0,0.0,0.0,0.0,0.0,-138.359375,1.0
2013-05-20,4,611.3,1,232.1875,116.25,116.25,116.25,0.0,1.0,1.0,1.0,0.0,0.0,0.0,0.0,-115.9375,1.0
2013-05-20,4,634.1,1,245.234375,125.9375,125.9375,125.9375,0.0,1.0,1.0,1.0,0.0,0.0,0.0,0.0,-119.296875,1.0
2013-05-20,5,611.3,1,197.734375,104.6875,104.6875,104.6875,0.0,1.0,1.0,1.0,0.0,0.0,0.0,0.0,-93.046875,1.0
2013-05-20,5,634.1,1,254.53125,108.90625,108.90625,108.90625,0.0,1.0,1.0,1.0,0.0,0.0,0.0,0.0,-145.625,1.0
2013-05-20,6,611.3,1,264.921875,111.875,111.875,111.875,0.0,1.0,1.0,1.0,0.0,0.0,0.0,0.0,-153.046875,1.0
2013-05-20,6,634.1,1,253.125,122.8125,122.8125,122.8125,0.0,1.0,1.0,1.0,0.0,0.0,0.0,0.0,-130.3125,1.0
2013-05-20,7,611.3,1,233.4375,142.890625,142.890625,142.890625,0.0,1.0,1.0,1.0,0.0,0.0,0.0,0.0,-90.546875,1.0
2013-05-20,7,634.1,1,252.265625,152.109375,152.109375,152.109375,0.0,1.0,1.0,1.0,0.0,0.0,0.0,0.0,-100.15625,1.0
2013-05-20,8,611.3,1,240.078125,105.078125,105.078125,105.078125,0.0,1.0,1.0,1.0,0.0,0.0,0.0,0.0,-135.0,1.0
2013-05-20,8,634.1,1,251.484375,112.8125,112.8125,112.8125,0.0,1.0,1.0,1.0,0.0,0.0,0.0,0.0,-138.671875,1.0
2013-05-20,9,611.3,1,200.859375,128.671875,128.671875,128.671875,0.0,1.0,1.0,1.0,0.0,0.0,0.0,0.0,-72.1875,1.0
2013-05-20,9,634.1,1,255.78125,134.765625,134.765625,134.765625,0.0,1.0,1.0,1.0,0.0,0.0,0.0,0.0,-121.015625,1.0
2013-05-21,0,611.3,1,261.25,97.03125,97.03125,97.03125,0.0,1.0,1.0,1.0,0.0,0.0,0.0,0.0,-164.21875,1.0
2013-05-21,0,634.1,1,258.90625,111.875,111.875,111.875,0.0,1.0,1.0,1.0,0.0,0.0,0.0,0.0,-147.03125,1.0
2013-05-21,1,611.3,1,245.078125,106.328125,106.328125,106.328125,0.0,1.0,1.0,1.0,0.0,0.0,0.0,0.0,-138.75,1.0
2013-05-21,1,634.1,1,250.46875,120.859375,120.859375,120.859375,0.0,1.0,1.0,1.0,0.0,0.0,0.0,0.0,-129.609375,1.0
2013-05-21,2,611.3,1,206.5625,124.921875,124.921875,124.921875,0.0,1.0,1.0,1.0,0.0,0.0,0.0,0.0,-81.640625,1.0
2013-05-21,2,634.1,1,254.0625,128.046875,128.046875,128.046875,0.0,1.0,1.0,1.0,0.0,0.0,0.0,0.0,-126.015625,1.0
2013-05-21,3,611.3,1,234.21875,118.359375,118.359375,118.359375,0.0,1.0,1.0,1.0,0.0,0.0,0.0,0.0,-115.859375,1.0
2013-05-21,3,634.1,1,251.640625,123.59375,123.59375,123.59375,0.0,1.0,1.0,1.0,0.0,0.0,0.0,0.0,-128.046875,1.0
2013-05-21,4,611.3,1,209.375,95.703125,95.703125,95.703125,0.0,1.0,1.0,1.0,0.0,0.0,0.0,0.0,-113.671875,1.0
2013-05-21,4,634.1,1,232.65625,115.859375,115.859375,115.859375,0.0,1.0,1.0,1.0,0.0,0.0,0.0,0.0,-116.796875,1.0
2013-05-21,5,611.3,1,210.078125,110.46875,110.46875,110.46875,0.0,1.0,1.0,1.0,0.0,0.0,0.0,0.0,-99.609375,1.0
2013-05-21,5,634.1,1,253.046875,118.515625,118.515625,118.515625,0.0,1.0,1.0,1.0,0.0,0.0,0.0,0.0,-134.53125,1.0
2013-05-21,6,611.3,1,255.9375,134.375,134.375,134.375,0.0,1.0,1.0,1.0,0.0,0.0,0.0,0.0,-121.5625,1.0
2013-05-21,6,634.1,1,252.8125,146.40625,146.40625,146.40625,0.0,1.0,1.0,1.0,0.0,0.0,0.0,0.0,-106.40625,1.0
2013-05-21,7,611.3,1,242.96875,139.375,139.375,139.375,0.0,1.0,1.0,1.0,0.0,0.0,0.0,0.0,-103.59375,1.0
2013-05-21,7,634.1,1,252.578125,148.75,148.75,148.75,0.0,1.0,1.0,1.0,0.0,0.0,0.0,0.0,-103.828125,1.0
2013-05-21,8,611.3,1,227.578125,112.03125,112.03125,112.03125,0.0,1.0,1.0,1.0,0.0,0.0,0.0,0.0,-115.546875,1.0
2013-05-21,8,634.1,1,232.8125,124.609375,124.609375,124.609375,0.0,1.0,1.0,1.0,0.0,0.0,0.0,0.0,-108.203125,1.0
2013-05-21,9,611.3,1,214.921875,135.15625,135.15625,135.15625,0.0,1.0,1.0,1.0,0.0,0.0,0.0,0.0,-79.765625,1.0
2013-05-21,9,634.1,1,253.359375,142.8125,142.8125,142.8125,0.0,1.0,1.0,1.0,0.0,0.0,0.0,0.0,-110.546875,1.0
2013-05-22,0,611.3,1,214.21875,150.859375,150.859375,150.859375,0.0,1.0,1.0,1.0,0.0,0.0,0.0,0.0,-63.359375,1.0
2013-05-22,0,634.1,1,259.296875,170.703125,170.703125,170.703125,0.0,1.0,1.0,1.0,0.0,0.0,0.0,0.0,-88.59375,1.0
2013-05-22,1,611.3,1,215.078125,158.90625,158.90625,158.90625,0.0,1.0,1.0,1.0,0.0,0.0,0.0,0.0,-56.171875,1.0
2013-05-22,1,634.1,1,255.703125,182.1875,175.69665529718742,182.1875,0.0,1.0,1.0,1.0,0.0,0.0,6.490844702812581,0.0,-73.515625,1.0
2013-05-22,2,611.3,1,227.421875,158.984375,158.984375,158.984375,0.0,1.0,1.0,1.0,0.0,0.0,0.0,0.0,-68.4375,1.0
2013-05-22,2,634.1,1,252.265625,185.234375,174.99157717218742,185.234375,0.0,1.0,1.0,1.0,0.0,0.0,10.24279782781258,0.0,-67.03125,1.0
2013-05-22,3,611.3,1,222.578125,148.203125,148.203125,148.203125,0.0,1.0,1.0,1.0,0.0,0.0,0.0,0.0,-74.375,1.0
2013-05-22,3,634.1,1,255.234375,171.5625,171.5625,171.5625,0.0,1.0,1.0,1.0,0.0,0.0,0.0,0.0,-83.671875,1.0
2013-05-22,4,611.3,1,202.890625,150.9375,150.9375,150.9375,0.0,1.0,1.0,1.0,0.0,0.0,0.0,0.0,-51.953125,1.0
2013-05-22,4,634.1,1,249.21875,172.8125,172.8125,172.8125,0.0,1.0,1.0,1.0,0.0,0.0,0.0,0.0,-76.40625,1.0
2013-05-22,5,611.3,1,204.609375,154.53125,154.53125,154.53125,0.0,1.0,1.0,1.0,0.0,0.0,0.0,0.0,-50.078125,1.0
2013-05-22,5,634.1,1,253.28125,174.453125,174.453125,174.453125,0.0,1.0,1.0,1.0,0.0,0.0,0.0,0.0,-78.828125,1.0
2013-05-22,6,611.3,1,224.84375,154.375,154.375,154.375,0.0,1.0,1.0,1.0,0.0,0.0,0.0,0.0,-70.46875,1.0
2013-05-22,6,634.1,1,257.265625,174.296875,170.24111330499994,174.296875,0.0,1.0,1.0,1.0,0.0,0.0,4.055761695000058,0.0,-82.96875,1.0
2013-05-22,7,611.3,1,256.09375,158.125,158.125,158.125,0.0,1.0,1.0,1.0,0.0,0.0,0.0,0.0,-97.96875,1.0
2013-05-22,7,634.1,1,257.1875,182.34375,164.90014650812492,182.34375,0.0,1.0,1.0,1.0,0.0,0.0,17.44360349187508,0.0,-74.84375,1.0
2013-05-22,8,611.3,1,230.15625,159.140625,159.140625,159.140625,0.0,1.0,1.0,1.0,0.0,0.0,0.0,0.0,-71.015625,1.0
2013-05-22,8,634.1,1,251.5625,180.078125,180.078125,180.078125,0.0,1.0,1.0,1.0,0.0,0.0,0.0,0.0,-71.484375,1.0
2013-05-22,9,611.3,1,235.390625,158.28125,158.28125,158.28125,0.0,1.0,1.0,1.0,0.0,0.0,0.0,0.0,-77.109375,1.0
2013-05-22,9,634.1,1,256.71875,182.890625,170.11772463312494,182.890625,0.0,1.0,1.0,1.0,0.0,0.0,12.772900366875064,0.0,-73.828125,1.0
2013-05-23,0,611.3,1,211.25,162.421875,162.421875,162.421875,0.0,1.0,1.0,1.0,0.0,0.0,0.0,0.0,-48.828125,1.0
2013-05-23,0,634.1,1,259.53125,175.625,172.85871584406243,175.625,0.0,1.0,1.0,1.0,0.0,0.0,2.7662841559375693,0.0,-83.90625,1.0
2013-05-23,1,611.3,1,238.046875,148.4375,148.4375,148.4375,0.0,1.0,1.0,1.0,0.0,0.0,0.0,0.0,-89.609375,1.0
2013-05-23,1,634.1,1,251.875,171.640625,171.640625,171.640625,0.0,1.0,1.0,1.0,0.0,0.0,0.0,0.0,-80.234375,1.0
2013-05-23,2,611.3,1,221.796875,159.609375,159.609375,159.609375,0.0,1.0,1.0,1.0,0.0,0.0,0.0,0.0,-62.1875,1.0
2013-05-23,2,634.1,1,254.140625,186.953125,174.00446779718743,186.953125,0.0,1.0,1.0,1.0,0.0,0.0,12.94865720281257,0.0,-67.1875,1.0
2013-05-23,3,611.3,1,251.015625,150.78125,150.78125,150.78125,0.0,1.0,1.0,1.0,0.0,0.0,0.0,0.0,-100.234375,1.0
2013-05-23,3,634.1,1,253.671875,172.734375,172.734375,172.734375,0.0,1.0,1.0,1.0,0.0,0.0,0.0,0.0,-80.9375,1.0
2013-05-23,4,611.3,1,213.828125,151.640625,151.640625,151.640625,0.0,1.0,1.0,1.0,0.0,0.0,0.0,0.0,-62.1875,1.0
2013-05-23,4,634.1,1,249.6875,173.125,173.125,173.125,0.0,1.0,1.0,1.0,0.0,0.0,0.0,0.0,-76.5625,1.0
2013-05-23,5,611.3,1,209.453125,153.4375,153.4375,153.4375,0.0,1.0,1.0,1.0,0.0,0.0,0.0,0.0,-56.015625,1.0
2013-05-23,5,634.1,1,253.359375,173.90625,173.90625,173.90625,0.0,1.0,1.0,1.0,0.0,0.0,0.0,0.0,-79.453125,1.0
2013-05-23,6,611.3,1,220.15625,143.359375,143.359375,143.359375,0.0,1.0,1.0,1.0,0.0,0.0,0.0,0.0,-76.796875,1.0
2013-05-23,6,634.1,1,252.421875,169.375,169.375,169.375,0.0,1.0,1.0,1.0,0.0,0.0,0.0,0.0,-83.046875,1.0
2013-05-23,7,611.3,1,224.6875,157.890625,157.890625,157.890625,0.0,1.0,1.0,1.0,0.0,0.0,0.0,0.0,-66.796875,1.0
2013-05-23,7,634.1,1,254.375,181.484375,165.55234377374993,181.484375,0.0,1.0,1.0,1.0,0.0,0.0,15.932031226250075,0.0,-72.890625,1.0
2013-05-23,8,611.3,1,228.59375,156.953125,156.953125,156.953125,0.0,1.0,1.0,1.0,0.0,0.0,0.0,0.0,-71.640625,1.0
2013-05-23,8,634.1,1,243.046875,178.203125,178.203125,178.203125,0.0,1.0,1.0,1.0,0.0,0.0,0.0,0.0,-64.84375,1.0
2013-05-23,9,611.3,1,226.015625,156.5625,156.5625,156.5625,0.0,1.0,1.0,1.0,0.0,0.0,0.0,0.0,-69.453125,1.0
2013-05-23,9,634.1,1,251.796875,177.265625,173.73125002374994,177.265625,0.0,1.0,1.0,1.0,0.0,0.0,3.5343749762500636,0.0,-74.53125,1.0
2013-05-24,0,611.3,1,219.453125,160.625,160.625,160.625,0.0,1.0,1.0,1.0,0.0,0.0,0.0,0.0,-58.828125,1.0
2013-05-24,0,634.1,1,261.171875,174.609375,172.25939943781242,174.609375,0.0,1.0,1.0,1.0,0.0,0.0,2.3499755621875806,0.0,-86.5625,1.0
2013-05-24,1,611.3,1,221.640625,146.953125,146.953125,146.953125,0.0,1.0,1.0,1.0,0.0,0.0,0.0,0.0,-74.6875,1.0
2013-05-24,1,634.1,1,253.125,169.0625,169.0625,169.0625,0.0,1.0,1.0,1.0,0.0,0.0,0.0,0.0,-84.0625,1.0
2013-05-24,2,611.3,1,249.453125,151.25,151.25,151.25,0.0,1.0,1.0,1.0,0.0,0.0,0.0,0.0,-98.203125,1.0
2013-05-24,2,634.1,1,255.3125,169.140625,169.140625,169.140625,0.0,1.0,1.0,1.0,0.0,0.0,0.0,0.0,-86.171875,1.0
2013-05-24,3,611.3,1,250.546875,156.640625,156.640625,156.640625,0.0,1.0,1.0,1.0,0.0,0.0,0.0,0.0,-93.90625,1.0
2013-05-24,3,634.1,1,252.890625,174.53125,174.53125,174.53125,0.0,1.0,1.0,1.0,0.0,0.0,0.0,0.0,-78.359375,1.0
2013-05-24,4,611.3,1,263.59375,154.296875,154.296875,154.296875,0.0,1.0,1.0,1.0,0.0,0.0,0.0,0.0,-109.296875,1.0
2013-05-24,4,634.1,1,246.171875,174.296875,174.296875,174.296875,0.0,1.0,1.0,1.0,0.0,0.0,0.0,0.0,-71.875,1.0
2013-05-24,5,611.3,1,212.34375,147.890625,147.890625,147.890625,0.0,1.0,1.0,1.0,0.0,0.0,0.0,0.0,-64.453125,1.0
2013-05-24,5,634.1,1,256.71875,168.984375,168.984375,168.984375,0.0,1.0,1.0,1.0,0.0,0.0,0.0,0.0,-87.734375,1.0
2013-05-24,6,611.3,1,239.609375,143.203125,143.203125,143.203125,0.0,1.0,1.0,1.0,0.0,0.0,0.0,0.0,-96.40625,1.0
2013-05-24,6,634.1,1,252.109375,168.4375,168.4375,168.4375,0.0,1.0,1.0,1.0,0.0,0.0,0.0,0.0,-83.671875,1.0
2013-05-24,7,611.3,1,241.171875,158.046875,158.046875,158.046875,0.0,1.0,1.0,1.0,0.0,0.0,0.0,0.0,-83.125,1.0
2013-05-24,7,634.1,1,254.6875,181.875,174.08378908624994,181.875,0.0,1.0,1.0,1.0,0.0,0.0,7.791210913750064,0.0,-72.8125,1.0
2013-05-24,8,611.3,1,209.375,148.671875,148.671875,148.671875,0.0,1.0,1.0,1.0,0.0,0.0,0.0,0.0,-60.703125,1.0
2013-05-24,8,634.1,1,251.328125,171.796875,171.796875,171.796875,0.0,1.0,1.0,1.0,0.0,0.0,0.0,0.0,-79.53125,1.0
2013-05-24,9,611.3,1,239.296875,159.296875,159.296875,159.296875,0.0,1.0,1.0,1.0,0.0,0.0,0.0,0.0,-80.0,1.0
2013-05-24,9,634.1,1,256.328125,179.921875,176.56037600031243,179.921875,0.0,1.0,1.0,1.0,0.0,0.0,3.3614989996875693,0.0,-76.40625,1.0
2013-05-25,0,611.3,1,219.375,112.265625,112.265625,112.265625,0.0,1.0,1.0,1.0,0.0,0.0,0.0,0.0,-107.109375,1.0
2013-05-25,0,634.1,1,261.015625,125.46875,125.46875,125.46875,0.0,1.0,1.0,1.0,0.0,0.0,0.0,0.0,-135.546875,1.0
2013-05-25,1,611.3,1,208.4375,156.328125,156.328125,156.328125,0.0,1.0,1.0,1.0,0.0,0.0,0.0,0.0,-52.109375,1.0
2013-05-25,1,634.1,1,239.765625,169.6875,169.6875,169.6875,0.0,1.0,1.0,1.0,0.0,0.0,0.0,0.0,-70.078125,1.0
2013-05-25,2,611.3,1,213.203125,128.046875,128.046875,128.046875,0.0,1.0,1.0,1.0,0.0,0.0,0.0,0.0,-85.15625,1.0
2013-05-25,2,634.1,1,247.109375,138.59375,138.59375,138.59375,0.0,1.0,1.0,1.0,0.0,0.0,0.0,0.0,-108.515625,1.0
2013-05-25,3,611.3,1,264.921875,142.890625,142.890625,142.890625,0.0,1.0,1.0,1.0,0.0,0.0,0.0,0.0,-122.03125,1.0
2013-05-25,3,634.1,1,251.25,156.328125,156.328125,156.328125,0.0,1.0,1.0,1.0,0.0,0.0,0.0,0.0,-94.921875,1.0
2013-05-25,4,611.3,1,257.03125,154.921875,154.921875,154.921875,0.0,1.0,1.0,1.0,0.0,0.0,0.0,0.0,-102.109375,1.0
2013-05-25,4,634.1,1,250.703125,174.609375,174.609375,174.609375,0.0,1.0,1.0,1.0,0.0,0.0,0.0,0.0,-76.09375,1.0
2013-05-25,5,611.3,1,230.078125,135.78125,135.78125,135.78125,0.0,1.0,1.0,1.0,0.0,0.0,0.0,0.0,-94.296875,1.0
2013-05-25,5,634.1,1,257.734375,140.0,140.0,140.0,0.0,1.0,1.0,1.0,0.0,0.0,0.0,0.0,-117.734375,1.0
2013-05-25,6,611.3,1,275.0,132.8125,132.8125,132.8125,0.0,1.0,1.0,1.0,0.0,0.0,0.0,0.0,-142.1875,1.0
2013-05-25,6,634.1,1,252.734375,159.6875,159.6875,159.6875,0.0,1.0,1.0,1.0,0.0,0.0,0.0,0.0,-93.046875,1.0
2013-05-25,7,611.3,1,251.171875,157.734375,157.734375,157.734375,0.0,1.0,1.0,1.0,0.0,0.0,0.0,0.0,-93.4375,1.0
2013-05-25,7,634.1,1,253.515625,176.71875,172.81464846124993,176.71875,0.0,1.0,1.0,1.0,0.0,0.0,3.9041015387500693,0.0,-76.796875,1.0
2013-05-25,8,611.3,1,201.015625,137.890625,137.890625,137.890625,0.0,1.0,1.0,1.0,0.0,0.0,0.0,0.0,-63.125,1.0
2013-05-25,8,634.1,1,250.9375,152.265625,152.265625,152.265625,0.0,1.0,1.0,1.0,0.0,0.0,0.0,0.0,-98.671875,1.0
2013-05-25,9,611.3,1,257.265625,157.109375,157.109375,157.109375,0.0,1.0,1.0,1.0,0.0,0.0,0.0,0.0,-100.15625,1.0
2013-05-25,9,634.1,1,258.90625,169.84375,167.58825685968742,169.84375,0.0,1.0,1.0,1.0,0.0,0.0,2.2554931403125806,0.0,-89.0625,1.0
2013-05-26,0,611.3,1,247.03125,136.796875,136.796875,136.796875,0.0,1.0,1.0,1.0,0.0,0.0,0.0,0.0,-110.234375,1.0
2013-05-26,0,634.1,1,262.5,141.796875,141.796875,141.796875,0.0,1.0,1.0,1.0,0.0,0.0,0.0,0.0,-120.703125,1.0
2013-05-26,1,611.3,1,260.859375,145.15625,145.15625,145.15625,0.0,1.0,1.0,1.0,0.0,0.0,0.0,0.0,-115.703125,1.0
2013-05-26,1,634.1,1,252.734375,151.640625,151.640625,151.640625,0.0,1.0,1.0,1.0,0.0,0.0,0.0,0.0,-101.09375,1.0
2013-05-26,2,611.3,1,223.359375,153.359375,153.359375,153.359375,0.0,1.0,1.0,1.0,0.0,0.0,0.0,0.0,-70.0,1.0
2013-05-26,2,634.1,1,248.4375,150.46875,150.46875,150.46875,0.0,1.0,1.0,1.0,0.0,0.0,0.0,0.0,-97.96875,1.0
2013-05-26,3,611.3,1,237.96875,147.578125,147.578125,147.578125,0.0,1.0,1.0,1.0,0.0,0.0,0.0,0.0,-90.390625,1.0
2013-05-26,3,634.1,1,252.34375,152.109375,152.109375,152.109375,0.0,1.0,1.0,1.0,0.0,0.0,0.0,0.0,-100.234375,1.0
2013-05-26,4,611.3,1,231.71875,141.171875,141.171875,141.171875,0.0,1.0,1.0,1.0,0.0,0.0,0.0,0.0,-90.546875,1.0
2013-05-26,4,634.1,1,250.859375,148.046875,148.046875,148.046875,0.0,1.0,1.0,1.0,0.0,0.0,0.0,0.0,-102.8125,1.0
2013-05-26,5,611.3,1,199.21875,116.71875,116.71875,116.71875,0.0,1.0,1.0,1.0,0.0,0.0,0.0,0.0,-82.5,1.0
2013-05-26,5,634.1,1,253.359375,120.390625,120.390625,120.390625,0.0,1.0,1.0,1.0,0.0,0.0,0.0,0.0,-132.96875,1.0
2013-05-26,6,611.3,1,289.453125,132.421875,132.421875,132.421875,0.0,1.0,1.0,1.0,0.0,0.0,0.0,0.0,-157.03125,1.0
2013-05-26,6,634.1,1,253.046875,141.640625,141.640625,141.640625,0.0,1.0,1.0,1.0,0.0,0.0,0.0,0.0,-111.40625,1.0
2013-05-26,7,611.3,1,250.0,153.984375,153.984375,153.984375,0.0,1.0,1.0,1.0,0.0,0.0,0.0,0.0,-96.015625,1.0
2013-05-26,7,634.1,1,255.546875,161.5625,161.5625,161.5625,0.0,1.0,1.0,1.0,0.0,0.0,0.0,0.0,-93.984375,1.0
2013-05-26,8,611.3,1,228.59375,151.5625,151.5625,151.5625,0.0,1.0,1.0,1.0,0.0,0.0,0.0,0.0,-77.03125,1.0
2013-05-26,8,634.1,1,251.640625,167.8125,167.8125,167.8125,0.0,1.0,1.0,1.0,0.0,0.0,0.0,0.0,-83.828125,1.0
2013-05-26,9,611.3,1,221.09375,143.984375,143.984375,143.984375,0.0,1.0,1.0,1.0,0.0,0.0,0.0,0.0,-77.109375,1.0
2013-05-26,9,634.1,1,251.953125,161.015625,161.015625,161.015625,0.0,1.0,1.0,1.0,0.0,0.0,0.0,0.0,-90.9375,1.0
2013-05-27,0,611.3,1,207.65625,158.046875,158.046875,158.046875,0.0,1.0,1.0,1.0,0.0,0.0,0.0,0.0,-49.609375,1.0
2013-05-27,0,634.1,1,258.671875,172.578125,171.87160646906244,172.578125,0.0,1.0,1.0,1.0,0.0,0.0,0.7065185309375579,0.0,-86.09375,1.0
2013-05-27,1,611.3,1,235.859375,153.28125,153.28125,153.28125,0.0,1.0,1.0,1.0,0.0,0.0,0.0,0.0,-82.578125,1.0
2013-05-27,1,634.1,1,251.40625,173.828125,173.828125,173.828125,0.0,1.0,1.0,1.0,0.0,0.0,0.0,0.0,-77.578125,1.0
2013-05-27,2,611.3,1,239.296875,158.4375,158.4375,158.4375,0.0,1.0,1.0,1.0,0.0,0.0,0.0,0.0,-80.859375,1.0
2013-05-27,2,634.1,1,252.265625,172.265625,172.265625,172.265625,0.0,1.0,1.0,1.0,0.0,0.0,0.0,0.0,-80.0,1.0
2013-05-27,3,611.3,1,215.390625,133.046875,133.046875,133.046875,0.0,1.0,1.0,1.0,0.0,0.0,0.0,0.0,-82.34375,1.0
2013-05-27,3,634.1,1,253.59375,158.75,158.75,158.75,0.0,1.0,1.0,1.0,0.0,0.0,0.0,0.0,-94.84375,1.0
2013-05-27,4,611.3,1,222.890625,121.640625,121.640625,121.640625,0.0,1.0,1.0,1.0,0.0,0.0,0.0,0.0,-101.25,1.0
2013-05-27,4,634.1,1,250.46875,146.09375,146.09375,146.09375,0.0,1.0,1.0,1.0,0.0,0.0,0.0,0.0,-104.375,1.0
2013-05-27,5,611.3,1,195.703125,140.859375,140.859375,140.859375,0.0,1.0,1.0,1.0,0.0,0.0,0.0,0.0,-54.84375,1.0
2013-05-27,5,634.1,1,254.296875,158.359375,158.359375,158.359375,0.0,1.0,1.0,1.0,0.0,0.0,0.0,0.0,-95.9375,1.0
2013-05-27,6,611.3,1,264.53125,145.234375,145.234375,145.234375,0.0,1.0,1.0,1.0,0.0,0.0,0.0,0.0,-119.296875,1.0
2013-05-27,6,634.1,1,257.34375,170.15625,170.15625,170.15625,0.0,1.0,1.0,1.0,0.0,0.0,0.0,0.0,-87.1875,1.0
2013-05-27,7,611.3,1,211.953125,158.4375,158.4375,158.4375,0.0,1.0,1.0,1.0,0.0,0.0,0.0,0.0,-53.515625,1.0
2013-05-27,7,634.1,1,255.3125,182.96875,166.88317873468742,182.96875,0.0,1.0,1.0,1.0,0.0,0.0,16.08557126531258,0.0,-72.34375,1.0
2013-05-27,8,611.3,1,213.828125,156.796875,156.796875,156.796875,0.0,1.0,1.0,1.0,0.0,0.0,0.0,0.0,-57.03125,1.0
2013-05-27,8,634.1,1,252.265625,174.375,174.375,174.375,0.0,1.0,1.0,1.0,0.0,0.0,0.0,0.0,-77.890625,1.0
2013-05-27,9,611.3,1,208.828125,155.15625,155.15625,155.15625,0.0,1.0,1.0,1.0,0.0,0.0,0.0,0.0,-53.671875,1.0
2013-05-27,9,634.1,1,252.65625,171.25,171.25,171.25,0.0,1.0,1.0,1.0,0.0,0.0,0.0,0.0,-81.40625,1.0
2013-05-28,0,611.3,1,234.84375,154.0625,154.0625,154.0625,0.0,1.0,1.0,1.0,0.0,0.0,0.0,0.0,-80.78125,1.0
2013-05-28,0,634.1,1,259.0625,170.390625,170.390625,170.390625,0.0,1.0,1.0,1.0,0.0,0.0,0.0,0.0,-88.671875,1.0
2013-05-28,1,611.3,1,200.546875,148.90625,148.90625,148.90625,0.0,1.0,1.0,1.0,0.0,0.0,0.0,0.0,-51.640625,1.0
2013-05-28,1,634.1,1,244.296875,171.875,171.875,171.875,0.0,1.0,1.0,1.0,0.0,0.0,0.0,0.0,-72.421875,1.0
2013-05-28,2,611.3,1,206.71875,138.4375,138.4375,138.4375,0.0,1.0,1.0,1.0,0.0,0.0,0.0,0.0,-68.28125,1.0
2013-05-28,2,634.1,1,250.78125,159.140625,159.140625,159.140625,0.0,1.0,1.0,1.0,0.0,0.0,0.0,0.0,-91.640625,1.0
2013-05-28,3,611.3,1,189.6875,148.515625,148.515625,148.515625,0.0,1.0,1.0,1.0,0.0,0.0,0.0,0.0,-41.171875,1.0
2013-05-28,3,634.1,1,255.625,165.546875,165.546875,165.546875,0.0,1.0,1.0,1.0,0.0,0.0,0.0,0.0,-90.078125,1.0
2013-05-28,4,611.3,1,216.171875,135.3125,135.3125,135.3125,0.0,1.0,1.0,1.0,0.0,0.0,0.0,0.0,-80.859375,1.0
2013-05-28,4,634.1,1,236.796875,165.703125,165.703125,165.703125,0.0,1.0,1.0,1.0,0.0,0.0,0.0,0.0,-71.09375,1.0
2013-05-28,5,611.3,1,222.8125,116.71875,116.71875,116.71875,0.0,1.0,1.0,1.0,0.0,0.0,0.0,0.0,-106.09375,1.0
2013-05-28,5,634.1,1,256.328125,136.953125,136.953125,136.953125,0.0,1.0,1.0,1.0,0.0,0.0,0.0,0.0,-119.375,1.0
2013-05-28,6,611.3,1,205.390625,148.90625,148.90625,148.90625,0.0,1.0,1.0,1.0,0.0,0.0,0.0,0.0,-56.484375,1.0
2013-05-28,6,634.1,1,253.125,167.65625,167.65625,167.65625,0.0,1.0,1.0,1.0,0.0,0.0,0.0,0.0,-85.46875,1.0
2013-05-28,7,611.3,1,238.671875,159.140625,159.140625,159.140625,0.0,1.0,1.0,1.0,0.0,0.0,0.0,0.0,-79.53125,1.0
2013-05-28,7,634.1,1,253.671875,175.9375,174.46276857843742,175.9375,0.0,1.0,1.0,1.0,0.0,0.0,1.4747314215625806,0.0,-77.734375,1.0
2013-05-28,8,611.3,1,208.59375,148.515625,148.515625,148.515625,0.0,1.0,1.0,1.0,0.0,0.0,0.0,0.0,-60.078125,1.0
2013-05-28,8,634.1,1,237.109375,166.171875,166.171875,166.171875,0.0,1.0,1.0,1.0,0.0,0.0,0.0,0.0,-70.9375,1.0
2013-05-28,9,611.3,1,229.84375,143.828125,143.828125,143.828125,0.0,1.0,1.0,1.0,0.0,0.0,0.0,0.0,-86.015625,1.0
2013-05-28,9,634.1,1,254.140625,169.609375,169.609375,169.609375,0.0,1.0,1.0,1.0,0.0,0.0,0.0,0.0,-84.53125,1.0
2013-05-29,0,611.3,1,220.546875,107.1875,107.1875,107.1875,0.0,1.0,1.0,1.0,0.0,0.0,0.0,0.0,-113.359375,1.0
2013-05-29,0,634.1,1,256.25,121.640625,121.640625,121.640625,0.0,1.0,1.0,1.0,0.0,0.0,0.0,0.0,-134.609375,1.0
2013-05-29,1,611.3,1,210.46875,117.734375,117.734375,117.734375,0.0,1.0,1.0,1.0,0.0,0.0,0.0,0.0,-92.734375,1.0
2013-05-29,1,634.1,1,248.4375,128.828125,128.828125,128.828125,0.0,1.0,1.0,1.0,0.0,0.0,0.0,0.0,-119.609375,1.0
2013-05-29,2,611.3,1,187.1875,121.953125,121.953125,121.953125,0.0,1.0,1.0,1.0,0.0,0.0,0.0,0.0,-65.234375,1.0
2013-05-29,2,634.1,1,244.453125,135.703125,135.703125,135.703125,0.0,1.0,1.0,1.0,0.0,0.0,0.0,0.0,-108.75,1.0
2013-05-29,3,611.3,1,221.640625,111.484375,111.484375,111.484375,0.0,1.0,1.0,1.0,0.0,0.0,0.0,0.0,-110.15625,1.0
2013-05-29,3,634.1,1,252.1875,122.109375,122.109375,122.109375,0.0,1.0,1.0,1.0,0.0,0.0,0.0,0.0,-130.078125,1.0
2013-05-29,4,611.3,1,211.09375,106.40625,106.40625,106.40625,0.0,1.0,1.0,1.0,0.0,0.0,0.0,0.0,-104.6875,1.0
2013-05-29,4,634.1,1,238.125,122.5,122.5,122.5,0.0,1.0,1.0,1.0,0.0,0.0,0.0,0.0,-115.625,1.0
2013-05-29,5,611.3,1,200.0,122.734375,122.734375,122.734375,0.0,1.0,1.0,1.0,0.0,0.0,0.0,0.0,-77.265625,1.0
2013-05-29,5,634.1,1,256.015625,128.984375,128.984375,128.984375,0.0,1.0,1.0,1.0,0.0,0.0,0.0,0.0,-127.03125,1.0
2013-05-29,6,611.3,1,255.9375,119.765625,119.765625,119.765625,0.0,1.0,1.0,1.0,0.0,0.0,0.0,0.0,-136.171875,1.0
2013-05-29,6,634.1,1,251.875,138.28125,138.28125,138.28125,0.0,1.0,1.0,1.0,0.0,0.0,0.0,0.0,-113.59375,1.0
2013-05-29,7,611.3,1,229.453125,150.859375,150.859375,150.859375,0.0,1.0,1.0,1.0,0.0,0.0,0.0,0.0,-78.59375,1.0
2013-05-29,7,634.1,1,252.578125,165.78125,165.78125,165.78125,0.0,1.0,1.0,1.0,0.0,0.0,0.0,0.0,-86.796875,1.0
2013-05-29,8,611.3,1,208.75,121.5625,121.5625,121.5625,0.0,1.0,1.0,1.0,0.0,0.0,0.0,0.0,-87.1875,1.0
2013-05-29,8,634.1,1,246.09375,132.890625,132.890625,132.890625,0.0,1.0,1.0,1.0,0.0,0.0,0.0,0.0,-113.203125,1.0
2013-05-29,9,611.3,1,200.78125,136.5625,136.5625,136.5625,0.0,1.0,1.0,1.0,0.0,0.0,0.0,0.0,-64.21875,1.0
2013-05-29,9,634.1,1,252.890625,144.6875,144.6875,144.6875,0.0,1.0,1.0,1.0,0.0,0.0,0.0,0.0,-108.203125,1.0
2013-05-30,0,611.3,1,236.796875,106.796875,106.796875,106.796875,0.0,1.0,1.0,1.0,0.0,0.0,0.0,0.0,-130.0,1.0
2013-05-30,0,634.1,1,255.859375,120.625,120.625,120.625,0.0,1.0,1.0,1.0,0.0,0.0,0.0,0.0,-135.234375,1.0
2013-05-30,1,611.3,1,209.375,121.09375,121.09375,121.09375,0.0,1.0,1.0,1.0,0.0,0.0,0.0,0.0,-88.28125,1.0
2013-05-30,1,634.1,1,250.78125,132.96875,132.96875,132.96875,0.0,1.0,1.0,1.0,0.0,0.0,0.0,0.0,-117.8125,1.0
2013-05-30,2,611.3,1,204.0625,115.390625,115.390625,115.390625,0.0,1.0,1.0,1.0,0.0,0.0,0.0,0.0,-88.671875,1.0
2013-05-30,2,634.1,1,242.421875,124.21875,124.21875,124.21875,0.0,1.0,1.0,1.0,0.0,0.0,0.0,0.0,-118.203125,1.0
2013-05-30,3,611.3,1,229.609375,122.03125,122.03125,122.03125,0.0,1.0,1.0,1.0,0.0,0.0,0.0,0.0,-107.578125,1.0
2013-05-30,3,634.1,1,250.78125,132.578125,132.578125,132.578125,0.0,1.0,1.0,1.0,0.0,0.0,0.0,0.0,-118.203125,1.0
2013-05-30,4,611.3,1,213.4375,103.59375,103.59375,103.59375,0.0,1.0,1.0,1.0,0.0,0.0,0.0,0.0,-109.84375,1.0
2013-05-30,4,634.1,1,231.171875,119.296875,119.296875,119.296875,0.0,1.0,1.0,1.0,0.0,0.0,0.0,0.0,-111.875,1.0
2013-05-30,5,611.3,1,194.53125,102.96875,102.96875,102.96875,0.0,1.0,1.0,1.0,0.0,0.0,0.0,0.0,-91.5625,1.0
2013-05-30,5,634.1,1,253.515625,115.0,115.0,115.0,0.0,1.0,1.0,1.0,0.0,0.0,0.0,0.0,-138.515625,1.0
2013-05-30,6,611.3,1,257.8125,119.375,119.375,119.375,0.0,1.0,1.0,1.0,0.0,0.0,0.0,0.0,-138.4375,1.0
2013-05-30,6,634.1,1,252.34375,133.984375,133.984375,133.984375,0.0,1.0,1.0,1.0,0.0,0.0,0.0,0.0,-118.359375,1.0
2013-05-30,7,611.3,1,212.1875,132.890625,132.890625,132.890625,0.0,1.0,1.0,1.0,0.0,0.0,0.0,0.0,-79.296875,1.0
2013-05-30,7,634.1,1,252.65625,148.046875,148.046875,148.046875,0.0,1.0,1.0,1.0,0.0,0.0,0.0,0.0,-104.609375,1.0
2013-05-30,8,611.3,1,226.015625,113.828125,113.828125,113.828125,0.0,1.0,1.0,1.0,0.0,0.0,0.0,0.0,-112.1875,1.0
2013-05-30,8,634.1,1,244.53125,130.078125,130.078125,130.078125,0.0,1.0,1.0,1.0,0.0,0.0,0.0,0.0,-114.453125,1.0
2013-05-30,9,611.3,1,206.09375,120.390625,120.390625,120.390625,0.0,1.0,1.0,1.0,0.0,0.0,0.0,0.0,-85.703125,1.0
2013-05-30,9,634.1,1,249.0625,137.109375,137.109375,137.109375,0.0,1.0,1.0,1.0,0.0,0.0,0.0,0.0,-111.953125,1.0
2013-05-31,0,611.3,1,233.359375,113.359375,113.359375,113.359375,0.0,1.0,1.0,1.0,0.0,0.0,0.0,0.0,-120.0,1.0
2013-05-31,0,634.1,1,256.640625,129.296875,129.296875,129.296875,0.0,1.0,1.0,1.0,0.0,0.0,0.0,0.0,-127.34375,1.0
2013-05-31,1,611.3,1,215.859375,118.203125,118.203125,118.203125,0.0,1.0,1.0,1.0,0.0,0.0,0.0,0.0,-97.65625,1.0
2013-05-31,1,634.1,1,242.65625,128.4375,128.4375,128.4375,0.0,1.0,1.0,1.0,0.0,0.0,0.0,0.0,-114.21875,1.0
2013-05-31,2,611.3,1,178.4375,106.875,106.875,106.875,0.0,1.0,1.0,1.0,0.0,0.0,0.0,0.0,-71.5625,1.0
2013-05-31,2,634.1,1,232.890625,118.828125,118.828125,118.828125,0.0,1.0,1.0,1.0,0.0,0.0,0.0,0.0,-114.0625,1.0
2013-05-31,3,611.3,1,232.03125,105.15625,105.15625,105.15625,0.0,1.0,1.0,1.0,0.0,0.0,0.0,0.0,-126.875,1.0
2013-05-31,3,634.1,1,248.75,114.21875,114.21875,114.21875,0.0,1.0,1.0,1.0,0.0,0.0,0.0,0.0,-134.53125,1.0
2013-05-31,4,611.3,1,223.984375,102.03125,102.03125,102.03125,0.0,1.0,1.0,1.0,0.0,0.0,0.0,0.0,-121.953125,1.0
2013-05-31,4,634.1,1,221.40625,118.4375,118.4375,118.4375,0.0,1.0,1.0,1.0,0.0,0.0,0.0,0.0,-102.96875,1.0
2013-05-31,5,611.3,1,190.0,107.1875,107.1875,107.1875,0.0,1.0,1.0,1.0,0.0,0.0,0.0,0.0,-82.8125,1.0
2013-05-31,5,634.1,1,254.296875,120.859375,120.859375,120.859375,0.0,1.0,1.0,1.0,0.0,0.0,0.0,0.0,-133.4375,1.0
2013-05-31,6,611.3,1,237.421875,123.984375,123.984375,123.984375,0.0,1.0,1.0,1.0,0.0,0.0,0.0,0.0,-113.4375,1.0
2013-05-31,6,634.1,1,251.328125,137.5,137.5,137.5,0.0,1.0,1.0,1.0,0.0,0.0,0.0,0.0,-113.828125,1.0
2013-05-31,7,611.3,1,223.59375,130.15625,130.15625,130.15625,0.0,1.0,1.0,1.0,0.0,0.0,0.0,0.0,-93.4375,1.0
2013-05-31,7,634.1,1,254.375,143.28125,143.28125,143.28125,0.0,1.0,1.0,1.0,0.0,0.0,0.0,0.0,-111.09375,1.0
2013-05-31,8,611.3,1,209.21875,117.734375,117.734375,117.734375,0.0,1.0,1.0,1.0,0.0,0.0,0.0,0.0,-91.484375,1.0
2013-05-31,8,634.1,1,241.40625,127.03125,127.03125,127.03125,0.0,1.0,1.0,1.0,0.0,0.0,0.0,0.0,-114.375,1.0
2013-05-31,9,611.3,1,200.15625,114.375,114.375,114.375,0.0,1.0,1.0,1.0,0.0,0.0,0.0,0.0,-85.78125,1.0
2013-05-31,9,634.1,1,243.75,124.296875,124.296875,124.296875,0.0,1.0,1.0,1.0,0.0,0.0,0.0,0.0,-119.453125,1.0
2013-06-01,0,611.3,1,242.34375,153.046875,153.046875,153.046875,0.0,1.0,1.0,1.0,0.0,0.0,0.0,0.0,-89.296875,1.0
2013-06-01,0,634.1,1,259.140625,173.75,173.75,173.75,0.0,1.0,1.0,1.0,0.0,0.0,0.0,0.0,-85.390625,1.0
2013-06-01,1,611.3,1,228.28125,156.328125,156.328125,156.328125,0.0,1.0,1.0,1.0,0.0,0.0,0.0,0.0,-71.953125,1.0
2013-06-01,1,634.1,1,252.890625,176.40625,176.40625,176.40625,0.0,1.0,1.0,1.0,0.0,0.0,0.0,0.0,-76.484375,1.0
2013-06-01,2,611.3,1,218.359375,158.4375,158.4375,158.4375,0.0,1.0,1.0,1.0,0.0,0.0,0.0,0.0,-59.921875,1.0
2013-06-01,2,634.1,1,234.53125,183.4375,183.4375,183.4375,0.0,1.0,1.0,1.0,0.0,0.0,0.0,0.0,-51.09375,1.0
2013-06-01,3,611.3,1,241.09375,145.15625,145.15625,145.15625,0.0,1.0,1.0,1.0,0.0,0.0,0.0,0.0,-95.9375,1.0
2013-06-01,3,634.1,1,254.375,170.15625,170.15625,170.15625,0.0,1.0,1.0,1.0,0.0,0.0,0.0,0.0,-84.21875,1.0
2013-06-01,4,611.3,1,228.203125,146.875,146.875,146.875,0.0,1.0,1.0,1.0,0.0,0.0,0.0,0.0,-81.328125,1.0
2013-06-01,4,634.1,1,238.125,170.9375,170.9375,170.9375,0.0,1.0,1.0,1.0,0.0,0.0,0.0,0.0,-67.1875,1.0
2013-06-01,5,611.3,1,220.3125,156.953125,156.953125,156.953125,0.0,1.0,1.0,1.0,0.0,0.0,0.0,0.0,-63.359375,1.0
2013-06-01,5,634.1,1,252.734375,175.46875,175.46875,175.46875,0.0,1.0,1.0,1.0,0.0,0.0,0.0,0.0,-77.265625,1.0
2013-06-01,6,611.3,1,238.59375,146.5625,146.5625,146.5625,0.0,1.0,1.0,1.0,0.0,0.0,0.0,0.0,-92.03125,1.0
2013-06-01,6,634.1,1,252.421875,170.78125,170.78125,170.78125,0.0,1.0,1.0,1.0,0.0,0.0,0.0,0.0,-81.640625,1.0
2013-06-01,7,611.3,1,266.40625,152.1875,152.1875,152.1875,0.0,1.0,1.0,1.0,0.0,0.0,0.0,0.0,-114.21875,1.0
2013-06-01,7,634.1,1,253.359375,173.359375,173.359375,173.359375,0.0,1.0,1.0,1.0,0.0,0.0,0.0,0.0,-80.0,1.0
2013-06-01,8,611.3,1,211.25,148.359375,148.359375,148.359375,0.0,1.0,1.0,1.0,0.0,0.0,0.0,0.0,-62.890625,1.0
2013-06-01,8,634.1,1,240.15625,171.640625,171.640625,171.640625,0.0,1.0,1.0,1.0,0.0,0.0,0.0,0.0,-68.515625,1.0
2013-06-01,9,611.3,1,260.78125,157.578125,157.578125,157.578125,0.0,1.0,1.0,1.0,0.0,0.0,0.0,0.0,-103.203125,1.0
2013-06-01,9,634.1,1,250.703125,180.625,177.83833010187493,180.625,0.0,1.0,1.0,1.0,0.0,0.0,2.7866698981250693,0.0,-70.078125,1.0
2013-06-02,0,611.3,1,225.859375,157.5,157.5,157.5,0.0,1.0,1.0,1.0,0.0,0.0,0.0,0.0,-68.359375,1.0
2013-06-02,0,634.1,1,259.0625,180.3125,163.53405764093742,180.3125,0.0,1.0,1.0,1.0,0.0,0.0,16.77844235906258,0.0,-78.75,1.0
2013-06-02,1,611.3,1,218.984375,145.859375,145.859375,145.859375,0.0,1.0,1.0,1.0,0.0,0.0,0.0,0.0,-73.125,1.0
2013-06-02,1,634.1,1,254.0625,170.46875,170.46875,170.46875,0.0,1.0,1.0,1.0,0.0,0.0,0.0,0.0,-83.59375,1.0
2013-06-02,2,611.3,1,232.65625,157.734375,157.734375,157.734375,0.0,1.0,1.0,1.0,0.0,0.0,0.0,0.0,-74.921875,1.0
2013-06-02,2,634.1,1,256.40625,181.25,168.38146975031242,181.25,0.0,1.0,1.0,1.0,0.0,0.0,12.86853024968758,0.0,-75.15625,1.0
2013-06-02,3,611.3,1,236.875,152.03125,152.03125,152.03125,0.0,1.0,1.0,1.0,0.0,0.0,0.0,0.0,-84.84375,1.0
2013-06-02,3,634.1,1,260.546875,173.28125,154.83515627374993,173.28125,0.0,1.0,1.0,1.0,0.0,0.0,18.44609372625007,0.0,-87.265625,1.0
2013-06-02,4,611.3,1,222.421875,133.515625,133.515625,133.515625,0.0,1.0,1.0,1.0,0.0,0.0,0.0,0.0,-88.90625,1.0
2013-06-02,4,634.1,1,251.640625,164.921875,164.921875,164.921875,0.0,1.0,1.0,1.0,0.0,0.0,0.0,0.0,-86.71875,1.0
2013-06-02,5,611.3,1,228.984375,145.546875,145.546875,145.546875,0.0,1.0,1.0,1.0,0.0,0.0,0.0,0.0,-83.4375,1.0
2013-06-02,5,634.1,1,256.71875,170.390625,170.390625,170.390625,0.0,1.0,1.0,1.0,0.0,0.0,0.0,0.0,-86.328125,1.0
2013-06-02,6,611.3,1,215.390625,136.71875,136.71875,136.71875,0.0,1.0,1.0,1.0,0.0,0.0,0.0,0.0,-78.671875,1.0
2013-06-02,6,634.1,1,256.5625,166.328125,166.328125,166.328125,0.0,1.0,1.0,1.0,0.0,0.0,0.0,0.0,-90.234375,1.0
2013-06-02,7,611.3,1,228.359375,158.359375,158.359375,158.359375,0.0,1.0,1.0,1.0,0.0,0.0,0.0,0.0,-70.0,1.0
2013-06-02,7,634.1,1,258.515625,183.046875,157.63784182062494,183.046875,0.0,1.0,1.0,1.0,0.0,0.0,25.409033179375058,0.0,-75.46875,1.0
2013-06-02,8,611.3,1,234.921875,156.015625,156.015625,156.015625,0.0,1.0,1.0,1.0,0.0,0.0,0.0,0.0,-78.90625,1.0
2013-06-02,8,634.1,1,254.921875,175.3125,169.14824221124994,175.3125,0.0,1.0,1.0,1.0,0.0,0.0,6.164257788750064,0.0,-79.609375,1.0
2013-06-02,9,611.3,1,239.140625,156.09375,156.09375,156.09375,0.0,1.0,1.0,1.0,0.0,0.0,0.0,0.0,-83.046875,1.0
2013-06-02,9,634.1,1,254.0625,175.703125,172.99091799249993,175.703125,0.0,1.0,1.0,1.0,0.0,0.0,2.7122070075000693,0.0,-78.359375,1.0
2013-06-03,0,611.3,1,223.671875,104.140625,104.140625,104.140625,0.0,1.0,1.0,1.0,0.0,0.0,0.0,0.0,-119.53125,1.0
2013-06-03,0,634.1,1,258.359375,119.140625,119.140625,119.140625,0.0,1.0,1.0,1.0,0.0,0.0,0.0,0.0,-139.21875,1.0
2013-06-03,1,611.3,1,216.71875,129.453125,129.453125,129.453125,0.0,1.0,1.0,1.0,0.0,0.0,0.0,0.0,-87.265625,1.0
2013-06-03,1,634.1,1,252.734375,142.34375,142.34375,142.34375,0.0,1.0,1.0,1.0,0.0,0.0,0.0,0.0,-110.390625,1.0
2013-06-03,2,611.3,1,206.171875,118.125,118.125,118.125,0.0,1.0,1.0,1.0,0.0,0.0,0.0,0.0,-88.046875,1.0
2013-06-03,2,634.1,1,255.9375,124.6875,124.6875,124.6875,0.0,1.0,1.0,1.0,0.0,0.0,0.0,0.0,-131.25,1.0
2013-06-03,3,611.3,1,233.59375,146.796875,146.796875,146.796875,0.0,1.0,1.0,1.0,0.0,0.0,0.0,0.0,-86.796875,1.0
2013-06-03,3,634.1,1,256.875,156.71875,156.71875,156.71875,0.0,1.0,1.0,1.0,0.0,0.0,0.0,0.0,-100.15625,1.0
2013-06-03,4,611.3,1,231.40625,131.953125,131.953125,131.953125,0.0,1.0,1.0,1.0,0.0,0.0,0.0,0.0,-99.453125,1.0
2013-06-03,4,634.1,1,251.328125,143.125,143.125,143.125,0.0,1.0,1.0,1.0,0.0,0.0,0.0,0.0,-108.203125,1.0
2013-06-03,5,611.3,1,200.46875,132.65625,132.65625,132.65625,0.0,1.0,1.0,1.0,0.0,0.0,0.0,0.0,-67.8125,1.0
2013-06-03,5,634.1,1,257.578125,141.953125,141.953125,141.953125,0.0,1.0,1.0,1.0,0.0,0.0,0.0,0.0,-115.625,1.0
2013-06-03,6,611.3,1,259.21875,126.40625,126.40625,126.40625,0.0,1.0,1.0,1.0,0.0,0.0,0.0,0.0,-132.8125,1.0
2013-06-03,6,634.1,1,254.21875,142.265625,142.265625,142.265625,0.0,1.0,1.0,1.0,0.0,0.0,0.0,0.0,-111.953125,1.0
2013-06-03,7,611.3,1,246.25,159.375,159.375,159.375,0.0,1.0,1.0,1.0,0.0,0.0,0.0,0.0,-86.875,1.0
2013-06-03,7,634.1,1,255.46875,172.734375,168.66350100031244,172.734375,0.0,1.0,1.0,1.0,0.0,0.0,4.070873999687564,0.0,-82.734375,1.0
2013-06-03,8,611.3,1,265.46875,138.515625,138.515625,138.515625,0.0,1.0,1.0,1.0,0.0,0.0,0.0,0.0,-126.953125,1.0
2013-06-03,8,634.1,1,254.21875,149.765625,149.765625,149.765625,0.0,1.0,1.0,1.0,0.0,0.0,0.0,0.0,-104.453125,1.0
2013-06-03,9,611.3,1,218.4375,141.875,141.875,141.875,0.0,1.0,1.0,1.0,0.0,0.0,0.0,0.0,-76.5625,1.0
2013-06-03,9,634.1,1,252.734375,155.3125,155.3125,155.3125,0.0,1.0,1.0,1.0,0.0,0.0,0.0,0.0,-97.421875,1.0
2013-06-04,0,611.3,1,229.921875,103.671875,103.671875,103.671875,0.0,1.0,1.0,1.0,0.0,0.0,0.0,0.0,-126.25,1.0
2013-06-04,0,634.1,1,258.28125,115.15625,115.15625,115.15625,0.0,1.0,1.0,1.0,0.0,0.0,0.0,0.0,-143.125,1.0
2013-06-04,1,611.3,1,221.71875,100.46875,100.46875,100.46875,0.0,1.0,1.0,1.0,0.0,0.0,0.0,0.0,-121.25,1.0
2013-06-04,1,634.1,1,253.75,115.234375,115.234375,115.234375,0.0,1.0,1.0,1.0,0.0,0.0,0.0,0.0,-138.515625,1.0
2013-06-04,2,611.3,1,210.46875,110.15625,110.15625,110.15625,0.0,1.0,1.0,1.0,0.0,0.0,0.0,0.0,-100.3125,1.0
2013-06-04,2,634.1,1,253.984375,116.40625,116.40625,116.40625,0.0,1.0,1.0,1.0,0.0,0.0,0.0,0.0,-137.578125,1.0
2013-06-04,3,611.3,1,239.765625,122.265625,122.265625,122.265625,0.0,1.0,1.0,1.0,0.0,0.0,0.0,0.0,-117.5,1.0
2013-06-04,3,634.1,1,253.59375,130.46875,130.46875,130.46875,0.0,1.0,1.0,1.0,0.0,0.0,0.0,0.0,-123.125,1.0
2013-06-04,4,611.3,1,219.921875,151.25,151.25,151.25,0.0,1.0,1.0,1.0,0.0,0.0,0.0,0.0,-68.671875,1.0
2013-06-04,4,634.1,1,240.9375,167.734375,167.734375,167.734375,0.0,1.0,1.0,1.0,0.0,0.0,0.0,0.0,-73.203125,1.0
2013-06-04,5,611.3,1,188.984375,105.9375,105.9375,105.9375,0.0,1.0,1.0,1.0,0.0,0.0,0.0,0.0,-83.046875,1.0
2013-06-04,5,634.1,1,254.921875,116.328125,116.328125,116.328125,0.0,1.0,1.0,1.0,0.0,0.0,0.0,0.0,-138.59375,1.0
2013-06-04,6,611.3,1,252.890625,106.09375,106.09375,106.09375,0.0,1.0,1.0,1.0,0.0,0.0,0.0,0.0,-146.796875,1.0
2013-06-04,6,634.1,1,255.078125,126.328125,126.328125,126.328125,0.0,1.0,1.0,1.0,0.0,0.0,0.0,0.0,-128.75,1.0
2013-06-04,7,611.3,1,231.09375,144.609375,144.609375,144.609375,0.0,1.0,1.0,1.0,0.0,0.0,0.0,0.0,-86.484375,1.0
2013-06-04,7,634.1,1,257.5,160.546875,160.546875,160.546875,0.0,1.0,1.0,1.0,0.0,0.0,0.0,0.0,-96.953125,1.0
2013-06-04,8,611.3,1,211.015625,120.390625,120.390625,120.390625,0.0,1.0,1.0,1.0,0.0,0.0,0.0,0.0,-90.625,1.0
2013-06-04,8,634.1,1,251.25,130.78125,130.78125,130.78125,0.0,1.0,1.0,1.0,0.0,0.0,0.0,0.0,-120.46875,1.0
2013-06-04,9,611.3,1,221.71875,124.140625,124.140625,124.140625,0.0,1.0,1.0,1.0,0.0,0.0,0.0,0.0,-97.578125,1.0
2013-06-04,9,634.1,1,252.96875,133.515625,133.515625,133.515625,0.0,1.0,1.0,1.0,0.0,0.0,0.0,0.0,-119.453125,1.0
2013-06-05,0,611.3,1,216.5625,127.578125,127.578125,127.578125,0.0,1.0,1.0,1.0,0.0,0.0,0.0,0.0,-88.984375,1.0
2013-06-05,0,634.1,1,255.859375,146.015625,146.015625,146.015625,0.0,1.0,1.0,1.0,0.0,0.0,0.0,0.0,-109.84375,1.0
2013-06-05,1,611.3,1,213.125,127.734375,127.734375,127.734375,0.0,1.0,1.0,1.0,0.0,0.0,0.0,0.0,-85.390625,1.0
2013-06-05,1,634.1,1,253.984375,144.0625,144.0625,144.0625,0.0,1.0,1.0,1.0,0.0,0.0,0.0,0.0,-109.921875,1.0
2013-06-05,2,611.3,1,219.296875,128.28125,128.28125,128.28125,0.0,1.0,1.0,1.0,0.0,0.0,0.0,0.0,-91.015625,1.0
2013-06-05,2,634.1,1,251.71875,141.171875,141.171875,141.171875,0.0,1.0,1.0,1.0,0.0,0.0,0.0,0.0,-110.546875,1.0
2013-06-05,3,611.3,1,224.140625,157.890625,157.890625,157.890625,0.0,1.0,1.0,1.0,0.0,0.0,0.0,0.0,-66.25,1.0
2013-06-05,3,634.1,1,257.03125,181.484375,172.75295412531244,181.484375,0.0,1.0,1.0,1.0,0.0,0.0,8.731420874687558,0.0,-75.546875,1.0
2013-06-05,4,611.3,1,212.96875,117.96875,117.96875,117.96875,0.0,1.0,1.0,1.0,0.0,0.0,0.0,0.0,-95.0,1.0
2013-06-05,4,634.1,1,245.78125,141.484375,141.484375,141.484375,0.0,1.0,1.0,1.0,0.0,0.0,0.0,0.0,-104.296875,1.0
2013-06-05,5,611.3,1,207.03125,132.96875,132.96875,132.96875,0.0,1.0,1.0,1.0,0.0,0.0,0.0,0.0,-74.0625,1.0
2013-06-05,5,634.1,1,255.390625,164.609375,164.609375,164.609375,0.0,1.0,1.0,1.0,0.0,0.0,0.0,0.0,-90.78125,1.0
2013-06-05,6,611.3,1,208.125,139.21875,139.21875,139.21875,0.0,1.0,1.0,1.0,0.0,0.0,0.0,0.0,-68.90625,1.0
2013-06-05,6,634.1,1,253.671875,167.5,167.5,167.5,0.0,1.0,1.0,1.0,0.0,0.0,0.0,0.0,-86.171875,1.0
2013-06-05,7,611.3,1,250.546875,149.453125,149.453125,149.453125,0.0,1.0,1.0,1.0,0.0,0.0,0.0,0.0,-101.09375,1.0
2013-06-05,7,634.1,1,254.453125,166.40625,166.40625,166.40625,0.0,1.0,1.0,1.0,0.0,0.0,0.0,0.0,-88.046875,1.0
2013-06-05,8,611.3,1,204.140625,138.984375,138.984375,138.984375,0.0,1.0,1.0,1.0,0.0,0.0,0.0,0.0,-65.15625,1.0
2013-06-05,8,634.1,1,252.34375,155.078125,155.078125,155.078125,0.0,1.0,1.0,1.0,0.0,0.0,0.0,0.0,-97.265625,1.0
2013-06-05,9,611.3,1,212.96875,150.15625,150.15625,150.15625,0.0,1.0,1.0,1.0,0.0,0.0,0.0,0.0,-62.8125,1.0
2013-06-05,9,634.1,1,253.125,164.765625,164.765625,164.765625,0.0,1.0,1.0,1.0,0.0,0.0,0.0,0.0,-88.359375,1.0
2013-06-06,0,611.3,1,189.375,148.125,148.125,148.125,0.0,1.0,1.0,1.0,0.0,0.0,0.0,0.0,-41.25,1.0
2013-06-06,0,634.1,1,255.46875,168.515625,168.515625,168.515625,0.0,1.0,1.0,1.0,0.0,0.0,0.0,0.0,-86.953125,1.0
2013-06-06,1,611.3,1,219.21875,138.90625,138.90625,138.90625,0.0,1.0,1.0,1.0,0.0,0.0,0.0,0.0,-80.3125,1.0
2013-06-06,1,634.1,1,254.6875,167.34375,167.34375,167.34375,0.0,1.0,1.0,1.0,0.0,0.0,0.0,0.0,-87.34375,1.0
2013-06-06,2,611.3,1,202.96875,157.65625,157.65625,157.65625,0.0,1.0,1.0,1.0,0.0,0.0,0.0,0.0,-45.3125,1.0
2013-06-06,2,634.1,1,251.484375,173.515625,173.515625,173.515625,0.0,1.0,1.0,1.0,0.0,0.0,0.0,0.0,-77.96875,1.0
2013-06-06,3,611.3,1,236.640625,147.5,147.5,147.5,0.0,1.0,1.0,1.0,0.0,0.0,0.0,0.0,-89.140625,1.0
2013-06-06,3,634.1,1,255.390625,168.046875,168.046875,168.046875,0.0,1.0,1.0,1.0,0.0,0.0,0.0,0.0,-87.34375,1.0
2013-06-06,4,611.3,1,228.671875,148.90625,148.90625,148.90625,0.0,1.0,1.0,1.0,0.0,0.0,0.0,0.0,-79.765625,1.0
2013-06-06,4,634.1,1,238.59375,171.875,171.875,171.875,0.0,1.0,1.0,1.0,0.0,0.0,0.0,0.0,-66.71875,1.0
2013-06-06,5,611.3,1,192.03125,139.6875,139.6875,139.6875,0.0,1.0,1.0,1.0,0.0,0.0,0.0,0.0,-52.34375,1.0
2013-06-06,5,634.1,1,256.71875,165.0,165.0,165.0,0.0,1.0,1.0,1.0,0.0,0.0,0.0,0.0,-91.71875,1.0
2013-06-06,6,611.3,1,232.5,141.09375,141.09375,141.09375,0.0,1.0,1.0,1.0,0.0,0.0,0.0,0.0,-91.40625,1.0
2013-06-06,6,634.1,1,252.96875,166.796875,166.796875,166.796875,0.0,1.0,1.0,1.0,0.0,0.0,0.0,0.0,-86.171875,1.0
2013-06-06,7,611.3,1,248.28125,158.4375,158.4375,158.4375,0.0,1.0,1.0,1.0,0.0,0.0,0.0,0.0,-89.84375,1.0
2013-06-06,7,634.1,1,255.703125,183.359375,172.73532717218745,183.359375,0.0,1.0,1.0,1.0,0.0,0.0,10.624047827812547,0.0,-72.34375,1.0
2013-06-06,8,611.3,1,218.671875,148.203125,148.203125,148.203125,0.0,1.0,1.0,1.0,0.0,0.0,0.0,0.0,-70.46875,1.0
2013-06-06,8,634.1,1,251.484375,168.4375,168.4375,168.4375,0.0,1.0,1.0,1.0,0.0,0.0,0.0,0.0,-83.046875,1.0
2013-06-06,9,611.3,1,230.9375,155.46875,155.46875,155.46875,0.0,1.0,1.0,1.0,0.0,0.0,0.0,0.0,-75.46875,1.0
2013-06-06,9,634.1,1,252.578125,171.484375,171.484375,171.484375,0.0,1.0,1.0,1.0,0.0,0.0,0.0,0.0,-81.09375,1.0
2013-06-07,0,611.3,1,195.703125,150.0,150.0,150.0,0.0,1.0,1.0,1.0,0.0,0.0,0.0,0.0,-45.703125,1.0
2013-06-07,0,634.1,1,258.28125,170.859375,170.859375,170.859375,0.0,1.0,1.0,1.0,0.0,0.0,0.0,0.0,-87.421875,1.0
2013-06-07,1,611.3,1,194.53125,147.8125,147.8125,147.8125,0.0,1.0,1.0,1.0,0.0,0.0,0.0,0.0,-46.71875,1.0
2013-06-07,1,634.1,1,251.171875,171.09375,171.09375,171.09375,0.0,1.0,1.0,1.0,0.0,0.0,0.0,0.0,-80.078125,1.0
2013-06-07,2,611.3,1,228.359375,156.015625,156.015625,156.015625,0.0,1.0,1.0,1.0,0.0,0.0,0.0,0.0,-72.34375,1.0
2013-06-07,2,634.1,1,249.6875,175.46875,175.46875,175.46875,0.0,1.0,1.0,1.0,0.0,0.0,0.0,0.0,-74.21875,1.0
2013-06-07,3,611.3,1,209.921875,154.609375,154.609375,154.609375,0.0,1.0,1.0,1.0,0.0,0.0,0.0,0.0,-55.3125,1.0
2013-06-07,3,634.1,1,247.1875,171.484375,171.484375,171.484375,0.0,1.0,1.0,1.0,0.0,0.0,0.0,0.0,-75.703125,1.0
2013-06-07,4,611.3,1,200.46875,146.328125,146.328125,146.328125,0.0,1.0,1.0,1.0,0.0,0.0,0.0,0.0,-54.140625,1.0
2013-06-07,4,634.1,1,242.03125,167.34375,167.34375,167.34375,0.0,1.0,1.0,1.0,0.0,0.0,0.0,0.0,-74.6875,1.0
2013-06-07,5,611.3,1,189.375,135.9375,135.9375,135.9375,0.0,1.0,1.0,1.0,0.0,0.0,0.0,0.0,-53.4375,1.0
2013-06-07,5,634.1,1,255.46875,162.109375,162.109375,162.109375,0.0,1.0,1.0,1.0,0.0,0.0,0.0,0.0,-93.359375,1.0
2013-06-07,6,611.3,1,187.03125,142.578125,142.578125,142.578125,0.0,1.0,1.0,1.0,0.0,0.0,0.0,0.0,-44.453125,1.0
2013-06-07,6,634.1,1,251.796875,165.703125,165.703125,165.703125,0.0,1.0,1.0,1.0,0.0,0.0,0.0,0.0,-86.09375,1.0
2013-06-07,7,611.3,1,231.875,157.109375,157.109375,157.109375,0.0,1.0,1.0,1.0,0.0,0.0,0.0,0.0,-74.765625,1.0
2013-06-07,7,634.1,1,255.3125,177.109375,176.40173342218742,177.109375,0.0,1.0,1.0,1.0,0.0,0.0,0.7076415778125806,0.0,-78.203125,1.0
2013-06-07,8,611.3,1,219.921875,141.796875,141.796875,141.796875,0.0,1.0,1.0,1.0,0.0,0.0,0.0,0.0,-78.125,1.0
2013-06-07,8,634.1,1,241.71875,168.671875,168.671875,168.671875,0.0,1.0,1.0,1.0,0.0,0.0,0.0,0.0,-73.046875,1.0
2013-06-07,9,611.3,1,207.8125,160.078125,160.078125,160.078125,0.0,1.0,1.0,1.0,0.0,0.0,0.0,0.0,-47.734375,1.0
2013-06-07,9,634.1,1,252.03125,184.296875,184.296875,184.296875,0.0,1.0,1.0,1.0,0.0,0.0,0.0,0.0,-67.734375,1.0
2013-06-08,0,611.3,1,239.84375,132.5,132.5,132.5,0.0,1.0,1.0,1.0,0.0,0.0,0.0,0.0,-107.34375,1.0
2013-06-08,0,634.1,1,259.53125,154.765625,154.765625,154.765625,0.0,1.0,1.0,1.0,0.0,0.0,0.0,0.0,-104.765625,1.0
2013-06-08,1,611.3,1,237.1875,135.46875,135.46875,135.46875,0.0,1.0,1.0,1.0,0.0,0.0,0.0,0.0,-101.71875,1.0
2013-06-08,1,634.1,1,255.78125,165.78125,165.78125,165.78125,0.0,1.0,1.0,1.0,0.0,0.0,0.0,0.0,-90.0,1.0
2013-06-08,2,611.3,1,224.6875,160.859375,160.859375,160.859375,0.0,1.0,1.0,1.0,0.0,0.0,0.0,0.0,-63.828125,1.0
2013-06-08,2,634.1,1,252.578125,186.953125,177.49460451593745,186.953125,0.0,1.0,1.0,1.0,0.0,0.0,9.458520484062547,0.0,-65.625,1.0
2013-06-08,3,611.3,1,270.46875,142.1875,142.1875,142.1875,0.0,1.0,1.0,1.0,0.0,0.0,0.0,0.0,-128.28125,1.0
2013-06-08,3,634.1,1,250.703125,168.828125,168.828125,168.828125,0.0,1.0,1.0,1.0,0.0,0.0,0.0,0.0,-81.875,1.0
2013-06-08,4,611.3,1,277.109375,143.046875,143.046875,143.046875,0.0,1.0,1.0,1.0,0.0,0.0,0.0,0.0,-134.0625,1.0
2013-06-08,4,634.1,1,225.390625,169.21875,169.21875,169.21875,0.0,1.0,1.0,1.0,0.0,0.0,0.0,0.0,-56.171875,1.0
2013-06-08,5,611.3,1,211.5625,131.640625,131.640625,131.640625,0.0,1.0,1.0,1.0,0.0,0.0,0.0,0.0,-79.921875,1.0
2013-06-08,5,634.1,1,255.46875,162.8125,162.8125,162.8125,0.0,1.0,1.0,1.0,0.0,0.0,0.0,0.0,-92.65625,1.0
2013-06-08,6,611.3,1,238.984375,136.71875,136.71875,136.71875,0.0,1.0,1.0,1.0,0.0,0.0,0.0,0.0,-102.265625,1.0
2013-06-08,6,634.1,1,253.203125,166.328125,166.328125,166.328125,0.0,1.0,1.0,1.0,0.0,0.0,0.0,0.0,-86.875,1.0
2013-06-08,7,611.3,1,282.5,157.890625,157.890625,157.890625,0.0,1.0,1.0,1.0,0.0,0.0,0.0,0.0,-124.609375,1.0
2013-06-08,7,634.1,1,255.078125,181.640625,171.53669435968743,181.640625,0.0,1.0,1.0,1.0,0.0,0.0,10.10393064031257,0.0,-73.4375,1.0
2013-06-08,8,611.3,1,237.34375,139.296875,139.296875,139.296875,0.0,1.0,1.0,1.0,0.0,0.0,0.0,0.0,-98.046875,1.0
2013-06-08,8,634.1,1,251.796875,167.5,167.5,167.5,0.0,1.0,1.0,1.0,0.0,0.0,0.0,0.0,-84.296875,1.0
2013-06-08,9,611.3,1,256.640625,158.75,158.75,158.75,0.0,1.0,1.0,1.0,0.0,0.0,0.0,0.0,-97.890625,1.0
2013-06-08,9,634.1,1,254.453125,184.453125,176.12851564874993,184.453125,0.0,1.0,1.0,1.0,0.0,0.0,8.324609351250075,0.0,-70.0,1.0
2013-06-09,0,611.3,1,216.71875,157.890625,157.890625,157.890625,0.0,1.0,1.0,1.0,0.0,0.0,0.0,0.0,-58.828125,1.0
2013-06-09,0,634.1,1,258.75,173.984375,173.984375,173.984375,0.0,1.0,1.0,1.0,0.0,0.0,0.0,0.0,-84.765625,1.0
2013-06-09,1,611.3,1,224.765625,136.640625,136.640625,136.640625,0.0,1.0,1.0,1.0,0.0,0.0,0.0,0.0,-88.125,1.0
2013-06-09,1,634.1,1,252.578125,165.0,165.0,165.0,0.0,1.0,1.0,1.0,0.0,0.0,0.0,0.0,-87.578125,1.0
2013-06-09,2,611.3,1,238.125,157.1875,157.1875,157.1875,0.0,1.0,1.0,1.0,0.0,0.0,0.0,0.0,-80.9375,1.0
2013-06-09,2,634.1,1,251.953125,178.984375,178.46408693781245,178.984375,0.0,1.0,1.0,1.0,0.0,0.0,0.5202880621875465,0.0,-72.96875,1.0
2013-06-09,3,611.3,1,257.8125,154.453125,154.453125,154.453125,0.0,1.0,1.0,1.0,0.0,0.0,0.0,0.0,-103.359375,1.0
2013-06-09,3,634.1,1,251.484375,172.03125,172.03125,172.03125,0.0,1.0,1.0,1.0,0.0,0.0,0.0,0.0,-79.453125,1.0
2013-06-09,4,611.3,1,217.265625,147.734375,147.734375,147.734375,0.0,1.0,1.0,1.0,0.0,0.0,0.0,0.0,-69.53125,1.0
2013-06-09,4,634.1,1,247.65625,167.34375,167.34375,167.34375,0.0,1.0,1.0,1.0,0.0,0.0,0.0,0.0,-80.3125,1.0
2013-06-09,5,611.3,1,212.890625,141.40625,141.40625,141.40625,0.0,1.0,1.0,1.0,0.0,0.0,0.0,0.0,-71.484375,1.0
2013-06-09,5,634.1,1,257.5,155.46875,155.46875,155.46875,0.0,1.0,1.0,1.0,0.0,0.0,0.0,0.0,-102.03125,1.0
2013-06-09,6,611.3,1,264.0625,156.953125,156.953125,156.953125,0.0,1.0,1.0,1.0,0.0,0.0,0.0,0.0,-107.109375,1.0
2013-06-09,6,634.1,1,248.59375,172.890625,172.890625,172.890625,0.0,1.0,1.0,1.0,0.0,0.0,0.0,0.0,-75.703125,1.0
2013-06-09,7,611.3,1,255.9375,157.65625,157.65625,157.65625,0.0,1.0,1.0,1.0,0.0,0.0,0.0,0.0,-98.28125,1.0
2013-06-09,7,634.1,1,258.671875,179.21875,171.23703615656245,179.21875,0.0,1.0,1.0,1.0,0.0,0.0,7.9817138434375465,0.0,-79.453125,1.0
2013-06-09,8,611.3,1,220.546875,144.140625,144.140625,144.140625,0.0,1.0,1.0,1.0,0.0,0.0,0.0,0.0,-76.40625,1.0
2013-06-09,8,634.1,1,245.234375,169.6875,169.6875,169.6875,0.0,1.0,1.0,1.0,0.0,0.0,0.0,0.0,-75.546875,1.0
2013-06-09,9,611.3,1,253.75,156.875,156.875,156.875,0.0,1.0,1.0,1.0,0.0,0.0,0.0,0.0,-96.875,1.0
2013-06-09,9,634.1,1,251.640625,172.03125,172.03125,172.03125,0.0,1.0,1.0,1.0,0.0,0.0,0.0,0.0,-79.609375,1.0
2013-06-10,0,611.3,1,237.03125,158.59375,158.59375,158.59375,0.0,1.0,1.0,1.0,0.0,0.0,0.0,0.0,-78.4375,1.0
2013-06-10,0,634.1,1,259.296875,172.1875,166.94487307062494,172.1875,0.0,1.0,1.0,1.0,0.0,0.0,5.242626929375064,0.0,-87.109375,1.0
2013-06-10,1,611.3,1,257.03125,148.4375,148.4375,148.4375,0.0,1.0,1.0,1.0,0.0,0.0,0.0,0.0,-108.59375,1.0
2013-06-10,1,634.1,1,256.171875,171.640625,171.54550783624993,171.640625,0.0,1.0,1.0,1.0,0.0,0.0,0.09511716375007495,0.0,-84.53125,1.0
2013-06-10,2,611.3,1,297.578125,161.640625,161.640625,161.640625,0.0,1.0,1.0,1.0,0.0,0.0,0.0,0.0,-135.9375,1.0
2013-06-10,2,634.1,1,252.96875,181.71875,173.04379885187493,181.71875,0.0,1.0,1.0,1.0,0.0,0.0,8.674951148125075,0.0,-71.25,1.0
2013-06-10,3,611.3,1,286.25,149.0625,149.0625,149.0625,0.0,1.0,1.0,1.0,0.0,0.0,0.0,0.0,-137.1875,1.0
2013-06-10,3,634.1,1,253.59375,171.953125,170.32043459406242,171.953125,0.0,1.0,1.0,1.0,0.0,0.0,1.6326904059375806,0.0,-81.640625,1.0
2013-06-10,4,611.3,1,221.484375,150.078125,150.078125,150.078125,0.0,1.0,1.0,1.0,0.0,0.0,0.0,0.0,-71.40625,1.0
2013-06-10,4,634.1,1,254.296875,165.859375,165.859375,165.859375,0.0,1.0,1.0,1.0,0.0,0.0,0.0,0.0,-88.4375,1.0
2013-06-10,5,611.3,1,220.546875,139.21875,139.21875,139.21875,0.0,1.0,1.0,1.0,0.0,0.0,0.0,0.0,-81.328125,1.0
2013-06-10,5,634.1,1,255.234375,167.5,167.5,167.5,0.0,1.0,1.0,1.0,0.0,0.0,0.0,0.0,-87.734375,1.0
2013-06-10,6,611.3,1,260.390625,148.90625,148.90625,148.90625,0.0,1.0,1.0,1.0,0.0,0.0,0.0,0.0,-111.484375,1.0
2013-06-10,6,634.1,1,251.09375,170.703125,170.703125,170.703125,0.0,1.0,1.0,1.0,0.0,0.0,0.0,0.0,-80.390625,1.0
2013-06-10,7,611.3,1,259.609375,158.671875,158.671875,158.671875,0.0,1.0,1.0,1.0,0.0,0.0,0.0,0.0,-100.9375,1.0
2013-06-10,7,634.1,1,257.5,182.34375,165.27031252374994,182.34375,0.0,1.0,1.0,1.0,0.0,0.0,17.073437476250064,0.0,-75.15625,1.0
2013-06-10,8,611.3,1,248.75,148.828125,148.828125,148.828125,0.0,1.0,1.0,1.0,0.0,0.0,0.0,0.0,-99.921875,1.0
2013-06-10,8,634.1,1,252.734375,171.796875,171.796875,171.796875,0.0,1.0,1.0,1.0,0.0,0.0,0.0,0.0,-80.9375,1.0
2013-06-10,9,611.3,1,251.328125,156.484375,156.484375,156.484375,0.0,1.0,1.0,1.0,0.0,0.0,0.0,0.0,-94.84375,1.0
2013-06-10,9,634.1,1,253.203125,174.6875,171.89804689874993,174.6875,0.0,1.0,1.0,1.0,0.0,0.0,2.789453101250075,0.0,-78.515625,1.0
2013-06-11,0,611.3,1,199.609375,115.3125,115.3125,115.3125,0.0,1.0,1.0,1.0,0.0,0.0,0.0,0.0,-84.296875,1.0
2013-06-11,0,634.1,1,259.6875,127.109375,127.109375,127.109375,0.0,1.0,1.0,1.0,0.0,0.0,0.0,0.0,-132.578125,1.0
2013-06-11,1,611.3,1,221.796875,111.40625,111.40625,111.40625,0.0,1.0,1.0,1.0,0.0,0.0,0.0,0.0,-110.390625,1.0
2013-06-11,1,634.1,1,254.53125,126.015625,126.015625,126.015625,0.0,1.0,1.0,1.0,0.0,0.0,0.0,0.0,-128.515625,1.0
2013-06-11,2,611.3,1,188.671875,114.609375,114.609375,114.609375,0.0,1.0,1.0,1.0,0.0,0.0,0.0,0.0,-74.0625,1.0
2013-06-11,2,634.1,1,251.71875,120.546875,120.546875,120.546875,0.0,1.0,1.0,1.0,0.0,0.0,0.0,0.0,-131.171875,1.0
2013-06-11,3,611.3,1,226.25,109.765625,109.765625,109.765625,0.0,1.0,1.0,1.0,0.0,0.0,0.0,0.0,-116.484375,1.0
2013-06-11,3,634.1,1,254.921875,125.546875,125.546875,125.546875,0.0,1.0,1.0,1.0,0.0,0.0,0.0,0.0,-129.375,1.0
2013-06-11,4,611.3,1,219.6875,120.234375,120.234375,120.234375,0.0,1.0,1.0,1.0,0.0,0.0,0.0,0.0,-99.453125,1.0
2013-06-11,4,634.1,1,238.359375,137.265625,137.265625,137.265625,0.0,1.0,1.0,1.0,0.0,0.0,0.0,0.0,-101.09375,1.0
2013-06-11,5,611.3,1,228.515625,103.828125,103.828125,103.828125,0.0,1.0,1.0,1.0,0.0,0.0,0.0,0.0,-124.6875,1.0
2013-06-11,5,634.1,1,256.5625,113.046875,113.046875,113.046875,0.0,1.0,1.0,1.0,0.0,0.0,0.0,0.0,-143.515625,1.0
2013-06-11,6,611.3,1,219.296875,126.953125,126.953125,126.953125,0.0,1.0,1.0,1.0,0.0,0.0,0.0,0.0,-92.34375,1.0
2013-06-11,6,634.1,1,252.734375,141.015625,141.015625,141.015625,0.0,1.0,1.0,1.0,0.0,0.0,0.0,0.0,-111.71875,1.0
2013-06-11,7,611.3,1,211.953125,126.328125,126.328125,126.328125,0.0,1.0,1.0,1.0,0.0,0.0,0.0,0.0,-85.625,1.0
2013-06-11,7,634.1,1,254.84375,140.78125,140.78125,140.78125,0.0,1.0,1.0,1.0,0.0,0.0,0.0,0.0,-114.0625,1.0
2013-06-11,8,611.3,1,209.296875,119.765625,119.765625,119.765625,0.0,1.0,1.0,1.0,0.0,0.0,0.0,0.0,-89.53125,1.0
2013-06-11,8,634.1,1,252.109375,128.90625,128.90625,128.90625,0.0,1.0,1.0,1.0,0.0,0.0,0.0,0.0,-123.203125,1.0
2013-06-11,9,611.3,1,208.125,133.359375,133.359375,133.359375,0.0,1.0,1.0,1.0,0.0,0.0,0.0,0.0,-74.765625,1.0
2013-06-11,9,634.1,1,253.515625,142.65625,142.65625,142.65625,0.0,1.0,1.0,1.0,0.0,0.0,0.0,0.0,-110.859375,1.0
2013-06-12,0,611.3,1,224.609375,159.53125,159.53125,159.53125,0.0,1.0,1.0,1.0,0.0,0.0,0.0,0.0,-65.078125,1.0
2013-06-12,0,634.1,1,257.5,187.03125,173.79294435968745,187.03125,0.0,1.0,1.0,1.0,0.0,0.0,13.238305640312547,0.0,-70.46875,1.0
2013-06-12,1,611.3,1,218.4375,157.65625,157.65625,157.65625,0.0,1.0,1.0,1.0,0.0,0.0,0.0,0.0,-60.78125,1.0
2013-06-12,1,634.1,1,255.46875,180.78125,176.10207521906244,180.78125,0.0,1.0,1.0,1.0,0.0,0.0,4.679174780937558,0.0,-74.6875,1.0
2013-06-12,2,611.3,1,238.046875,156.640625,156.640625,156.640625,0.0,1.0,1.0,1.0,0.0,0.0,0.0,0.0,-81.40625,1.0
2013-06-12,2,634.1,1,255.15625,177.421875,174.20717775812494,177.421875,0.0,1.0,1.0,1.0,0.0,0.0,3.214697241875058,0.0,-77.734375,1.0
2013-06-12,3,611.3,1,253.28125,146.484375,146.484375,146.484375,0.0,1.0,1.0,1.0,0.0,0.0,0.0,0.0,-106.796875,1.0
2013-06-12,3,634.1,1,258.59375,170.78125,169.72111818781244,170.78125,0.0,1.0,1.0,1.0,0.0,0.0,1.0601318121875636,0.0,-87.8125,1.0
2013-06-12,4,611.3,1,204.53125,148.4375,148.4375,148.4375,0.0,1.0,1.0,1.0,0.0,0.0,0.0,0.0,-56.09375,1.0
2013-06-12,4,634.1,1,246.015625,171.640625,171.640625,171.640625,0.0,1.0,1.0,1.0,0.0,0.0,0.0,0.0,-74.375,1.0
2013-06-12,5,611.3,1,230.546875,142.5,142.5,142.5,0.0,1.0,1.0,1.0,0.0,0.0,0.0,0.0,-88.046875,1.0
2013-06-12,5,634.1,1,253.046875,168.984375,168.984375,168.984375,0.0,1.0,1.0,1.0,0.0,0.0,0.0,0.0,-84.0625,1.0
2013-06-12,6,611.3,1,224.21875,141.25,141.25,141.25,0.0,1.0,1.0,1.0,0.0,0.0,0.0,0.0,-82.96875,1.0
2013-06-12,6,634.1,1,253.4375,168.359375,168.359375,168.359375,0.0,1.0,1.0,1.0,0.0,0.0,0.0,0.0,-85.078125,1.0
2013-06-12,7,611.3,1,251.171875,157.578125,157.578125,157.578125,0.0,1.0,1.0,1.0,0.0,0.0,0.0,0.0,-93.59375,1.0
2013-06-12,7,634.1,1,255.859375,180.546875,169.73874514093745,180.546875,0.0,1.0,1.0,1.0,0.0,0.0,10.808129859062547,0.0,-75.3125,1.0
2013-06-12,8,611.3,1,220.078125,146.875,146.875,146.875,0.0,1.0,1.0,1.0,0.0,0.0,0.0,0.0,-73.203125,1.0
2013-06-12,8,634.1,1,255.390625,170.9375,170.9375,170.9375,0.0,1.0,1.0,1.0,0.0,0.0,0.0,0.0,-84.453125,1.0
2013-06-12,9,611.3,1,244.921875,156.09375,156.09375,156.09375,0.0,1.0,1.0,1.0,0.0,0.0,0.0,0.0,-88.828125,1.0
2013-06-12,9,634.1,1,254.765625,175.234375,173.97802736749992,175.234375,0.0,1.0,1.0,1.0,0.0,0.0,1.2563476325000806,0.0,-79.53125,1.0
2013-06-13,0,611.3,1,232.8125,121.015625,121.015625,121.015625,0.0,1.0,1.0,1.0,0.0,0.0,0.0,0.0,-111.796875,1.0
2013-06-13,0,634.1,1,258.59375,131.796875,131.796875,131.796875,0.0,1.0,1.0,1.0,0.0,0.0,0.0,0.0,-126.796875,1.0
2013-06-13,1,611.3,1,232.5,118.671875,118.671875,118.671875,0.0,1.0,1.0,1.0,0.0,0.0,0.0,0.0,-113.828125,1.0
2013-06-13,1,634.1,1,251.71875,129.375,129.375,129.375,0.0,1.0,1.0,1.0,0.0,0.0,0.0,0.0,-122.34375,1.0
2013-06-13,2,611.3,1,219.296875,140.703125,140.703125,140.703125,0.0,1.0,1.0,1.0,0.0,0.0,0.0,0.0,-78.59375,1.0
2013-06-13,2,634.1,1,251.40625,147.109375,147.109375,147.109375,0.0,1.0,1.0,1.0,0.0,0.0,0.0,0.0,-104.296875,1.0
2013-06-13,3,611.3,1,231.484375,116.484375,116.484375,116.484375,0.0,1.0,1.0,1.0,0.0,0.0,0.0,0.0,-115.0,1.0
2013-06-13,3,634.1,1,254.765625,138.4375,138.4375,138.4375,0.0,1.0,1.0,1.0,0.0,0.0,0.0,0.0,-116.328125,1.0
2013-06-13,4,611.3,1,228.59375,118.203125,118.203125,118.203125,0.0,1.0,1.0,1.0,0.0,0.0,0.0,0.0,-110.390625,1.0
2013-06-13,4,634.1,1,250.703125,139.6875,139.6875,139.6875,0.0,1.0,1.0,1.0,0.0,0.0,0.0,0.0,-111.015625,1.0
2013-06-13,5,611.3,1,193.90625,127.65625,127.65625,127.65625,0.0,1.0,1.0,1.0,0.0,0.0,0.0,0.0,-66.25,1.0
2013-06-13,5,634.1,1,254.609375,133.4375,133.4375,133.4375,0.0,1.0,1.0,1.0,0.0,0.0,0.0,0.0,-121.171875,1.0
2013-06-13,6,611.3,1,247.03125,123.828125,123.828125,123.828125,0.0,1.0,1.0,1.0,0.0,0.0,0.0,0.0,-123.203125,1.0
2013-06-13,6,634.1,1,251.5625,144.375,144.375,144.375,0.0,1.0,1.0,1.0,0.0,0.0,0.0,0.0,-107.1875,1.0
2013-06-13,7,611.3,1,229.375,119.6875,119.6875,119.6875,0.0,1.0,1.0,1.0,0.0,0.0,0.0,0.0,-109.6875,1.0
2013-06-13,7,634.1,1,255.78125,133.28125,133.28125,133.28125,0.0,1.0,1.0,1.0,0.0,0.0,0.0,0.0,-122.5,1.0
2013-06-13,8,611.3,1,237.421875,119.140625,119.140625,119.140625,0.0,1.0,1.0,1.0,0.0,0.0,0.0,0.0,-118.28125,1.0
2013-06-13,8,634.1,1,252.734375,130.625,130.625,130.625,0.0,1.0,1.0,1.0,0.0,0.0,0.0,0.0,-122.109375,1.0
2013-06-13,9,611.3,1,212.5,129.453125,129.453125,129.453125,0.0,1.0,1.0,1.0,0.0,0.0,0.0,0.0,-83.046875,1.0
2013-06-13,9,634.1,1,253.203125,138.28125,138.28125,138.28125,0.0,1.0,1.0,1.0,0.0,0.0,0.0,0.0,-114.921875,1.0
2013-06-14,0,611.3,1,205.0,103.671875,103.671875,103.671875,0.0,1.0,1.0,1.0,0.0,0.0,0.0,0.0,-101.328125,1.0
2013-06-14,0,634.1,1,259.375,117.890625,117.890625,117.890625,0.0,1.0,1.0,1.0,0.0,0.0,0.0,0.0,-141.484375,1.0
2013-06-14,1,611.3,1,222.265625,129.140625,129.140625,129.140625,0.0,1.0,1.0,1.0,0.0,0.0,0.0,0.0,-93.125,1.0
2013-06-14,1,634.1,1,251.796875,139.140625,139.140625,139.140625,0.0,1.0,1.0,1.0,0.0,0.0,0.0,0.0,-112.65625,1.0
2013-06-14,2,611.3,1,218.203125,136.875,136.875,136.875,0.0,1.0,1.0,1.0,0.0,0.0,0.0,0.0,-81.328125,1.0
2013-06-14,2,634.1,1,254.375,143.046875,143.046875,143.046875,0.0,1.0,1.0,1.0,0.0,0.0,0.0,0.0,-111.328125,1.0
2013-06-14,3,611.3,1,230.078125,117.890625,117.890625,117.890625,0.0,1.0,1.0,1.0,0.0,0.0,0.0,0.0,-112.1875,1.0
2013-06-14,3,634.1,1,253.984375,131.875,131.875,131.875,0.0,1.0,1.0,1.0,0.0,0.0,0.0,0.0,-122.109375,1.0
2013-06-14,4,611.3,1,223.671875,135.078125,135.078125,135.078125,0.0,1.0,1.0,1.0,0.0,0.0,0.0,0.0,-88.59375,1.0
2013-06-14,4,634.1,1,252.34375,146.25,146.25,146.25,0.0,1.0,1.0,1.0,0.0,0.0,0.0,0.0,-106.09375,1.0
2013-06-14,5,611.3,1,231.015625,137.8125,137.8125,137.8125,0.0,1.0,1.0,1.0,0.0,0.0,0.0,0.0,-93.203125,1.0
2013-06-14,5,634.1,1,254.140625,143.984375,143.984375,143.984375,0.0,1.0,1.0,1.0,0.0,0.0,0.0,0.0,-110.15625,1.0
2013-06-14,6,611.3,1,254.140625,127.03125,127.03125,127.03125,0.0,1.0,1.0,1.0,0.0,0.0,0.0,0.0,-127.109375,1.0
2013-06-14,6,634.1,1,252.421875,141.796875,141.796875,141.796875,0.0,1.0,1.0,1.0,0.0,0.0,0.0,0.0,-110.625,1.0
2013-06-14,7,611.3,1,226.71875,148.75,148.75,148.75,0.0,1.0,1.0,1.0,0.0,0.0,0.0,0.0,-77.96875,1.0
2013-06-14,7,634.1,1,256.5625,163.28125,163.28125,163.28125,0.0,1.0,1.0,1.0,0.0,0.0,0.0,0.0,-93.28125,1.0
2013-06-14,8,611.3,1,220.78125,124.765625,124.765625,124.765625,0.0,1.0,1.0,1.0,0.0,0.0,0.0,0.0,-96.015625,1.0
2013-06-14,8,634.1,1,251.328125,134.453125,134.453125,134.453125,0.0,1.0,1.0,1.0,0.0,0.0,0.0,0.0,-116.875,1.0
2013-06-14,9,611.3,1,221.796875,145.078125,145.078125,145.078125,0.0,1.0,1.0,1.0,0.0,0.0,0.0,0.0,-76.71875,1.0
2013-06-14,9,634.1,1,252.578125,153.90625,153.90625,153.90625,0.0,1.0,1.0,1.0,0.0,0.0,0.0,0.0,-98.671875,1.0
2013-06-15,0,611.3,1,221.71875,147.578125,147.578125,147.578125,0.0,1.0,1.0,1.0,0.0,0.0,0.0,0.0,-74.140625,1.0
2013-06-15,0,634.1,1,259.921875,166.640625,166.640625,166.640625,0.0,1.0,1.0,1.0,0.0,0.0,0.0,0.0,-93.28125,1.0
2013-06-15,1,611.3,1,244.921875,156.953125,156.953125,156.953125,0.0,1.0,1.0,1.0,0.0,0.0,0.0,0.0,-87.96875,1.0
2013-06-15,1,634.1,1,253.28125,169.921875,169.921875,169.921875,0.0,1.0,1.0,1.0,0.0,0.0,0.0,0.0,-83.359375,1.0
2013-06-15,2,611.3,1,239.6875,155.390625,155.390625,155.390625,0.0,1.0,1.0,1.0,0.0,0.0,0.0,0.0,-84.296875,1.0
2013-06-15,2,634.1,1,251.484375,166.5625,166.5625,166.5625,0.0,1.0,1.0,1.0,0.0,0.0,0.0,0.0,-84.921875,1.0
2013-06-15,3,611.3,1,281.71875,156.796875,156.796875,156.796875,0.0,1.0,1.0,1.0,0.0,0.0,0.0,0.0,-124.921875,1.0
2013-06-15,3,634.1,1,255.78125,177.1875,175.26479494562494,177.1875,0.0,1.0,1.0,1.0,0.0,0.0,1.922705054375058,0.0,-78.59375,1.0
2013-06-15,4,611.3,1,225.546875,148.046875,148.046875,148.046875,0.0,1.0,1.0,1.0,0.0,0.0,0.0,0.0,-77.5,1.0
2013-06-15,4,634.1,1,243.59375,171.484375,171.484375,171.484375,0.0,1.0,1.0,1.0,0.0,0.0,0.0,0.0,-72.109375,1.0
2013-06-15,5,611.3,1,216.5625,154.140625,154.140625,154.140625,0.0,1.0,1.0,1.0,0.0,0.0,0.0,0.0,-62.421875,1.0
2013-06-15,5,634.1,1,253.75,174.21875,174.21875,174.21875,0.0,1.0,1.0,1.0,0.0,0.0,0.0,0.0,-79.53125,1.0
2013-06-15,6,611.3,1,265.078125,156.5625,156.5625,156.5625,0.0,1.0,1.0,1.0,0.0,0.0,0.0,0.0,-108.515625,1.0
2013-06-15,6,634.1,1,254.6875,176.40625,174.49802248468745,176.40625,0.0,1.0,1.0,1.0,0.0,0.0,1.9082275153125465,0.0,-78.28125,1.0
2013-06-15,7,611.3,1,300.0,159.0625,159.0625,159.0625,0.0,1.0,1.0,1.0,0.0,0.0,0.0,0.0,-140.9375,1.0
2013-06-15,7,634.1,1,257.03125,185.078125,165.47302248468742,185.078125,0.0,1.0,1.0,1.0,0.0,0.0,19.60510251531258,0.0,-71.953125,1.0
2013-06-15,8,611.3,1,204.0625,147.65625,147.65625,147.65625,0.0,1.0,1.0,1.0,0.0,0.0,0.0,0.0,-56.40625,1.0
2013-06-15,8,634.1,1,251.953125,166.5625,166.5625,166.5625,0.0,1.0,1.0,1.0,0.0,0.0,0.0,0.0,-85.390625,1.0
2013-06-15,9,611.3,1,249.375,148.4375,148.4375,148.4375,0.0,1.0,1.0,1.0,0.0,0.0,0.0,0.0,-100.9375,1.0
2013-06-15,9,634.1,1,255.703125,167.578125,167.578125,167.578125,0.0,1.0,1.0,1.0,0.0,0.0,0.0,0.0,-88.125,1.0
2013-06-16,0,611.3,1,221.5625,137.8125,137.8125,137.8125,0.0,1.0,1.0,1.0,0.0,0.0,0.0,0.0,-83.75,1.0
2013-06-16,0,634.1,1,258.59375,145.15625,145.15625,145.15625,0.0,1.0,1.0,1.0,0.0,0.0,0.0,0.0,-113.4375,1.0
2013-06-16,1,611.3,1,276.40625,139.0625,139.0625,139.0625,0.0,1.0,1.0,1.0,0.0,0.0,0.0,0.0,-137.34375,1.0
2013-06-16,1,634.1,1,255.859375,167.421875,167.421875,167.421875,0.0,1.0,1.0,1.0,0.0,0.0,0.0,0.0,-88.4375,1.0
2013-06-16,2,611.3,1,235.46875,149.140625,149.140625,149.140625,0.0,1.0,1.0,1.0,0.0,0.0,0.0,0.0,-86.328125,1.0
2013-06-16,2,634.1,1,256.71875,152.578125,152.578125,152.578125,0.0,1.0,1.0,1.0,0.0,0.0,0.0,0.0,-104.140625,1.0
2013-06-16,3,611.3,1,254.921875,142.65625,142.65625,142.65625,0.0,1.0,1.0,1.0,0.0,0.0,0.0,0.0,-112.265625,1.0
2013-06-16,3,634.1,1,259.453125,150.9375,150.9375,150.9375,0.0,1.0,1.0,1.0,0.0,0.0,0.0,0.0,-108.515625,1.0
2013-06-16,4,611.3,1,261.171875,151.5625,151.5625,151.5625,0.0,1.0,1.0,1.0,0.0,0.0,0.0,0.0,-109.609375,1.0
2013-06-16,4,634.1,1,251.875,165.546875,165.546875,165.546875,0.0,1.0,1.0,1.0,0.0,0.0,0.0,0.0,-86.328125,1.0
2013-06-16,5,611.3,1,235.546875,130.0,130.0,130.0,0.0,1.0,1.0,1.0,0.0,0.0,0.0,0.0,-105.546875,1.0
2013-06-16,5,634.1,1,253.984375,135.9375,135.9375,135.9375,0.0,1.0,1.0,1.0,0.0,0.0,0.0,0.0,-118.046875,1.0
2013-06-16,6,611.3,1,255.234375,141.796875,141.796875,141.796875,0.0,1.0,1.0,1.0,0.0,0.0,0.0,0.0,-113.4375,1.0
2013-06-16,6,634.1,1,255.703125,154.84375,154.84375,154.84375,0.0,1.0,1.0,1.0,0.0,0.0,0.0,0.0,-100.859375,1.0
2013-06-16,7,611.3,1,259.921875,159.453125,159.453125,159.453125,0.0,1.0,1.0,1.0,0.0,0.0,0.0,0.0,-100.46875,1.0
2013-06-16,7,634.1,1,255.859375,175.703125,161.55983889093744,175.703125,0.0,1.0,1.0,1.0,0.0,0.0,14.143286109062558,0.0,-80.15625,1.0
2013-06-16,8,611.3,1,259.21875,155.234375,155.234375,155.234375,0.0,1.0,1.0,1.0,0.0,0.0,0.0,0.0,-103.984375,1.0
2013-06-16,8,634.1,1,255.46875,168.671875,168.671875,168.671875,0.0,1.0,1.0,1.0,0.0,0.0,0.0,0.0,-86.796875,1.0
2013-06-16,9,611.3,1,278.90625,156.171875,156.171875,156.171875,0.0,1.0,1.0,1.0,0.0,0.0,0.0,0.0,-122.734375,1.0
2013-06-16,9,634.1,1,256.171875,175.859375,166.21335451593745,175.859375,0.0,1.0,1.0,1.0,0.0,0.0,9.646020484062547,0.0,-80.3125,1.0
2013-06-17,0,611.3,1,243.828125,124.84375,124.84375,124.84375,0.0,1.0,1.0,1.0,0.0,0.0,0.0,0.0,-118.984375,1.0
2013-06-17,0,634.1,1,257.265625,151.5625,151.5625,151.5625,0.0,1.0,1.0,1.0,0.0,0.0,0.0,0.0,-105.703125,1.0
2013-06-17,1,611.3,1,234.921875,150.390625,150.390625,150.390625,0.0,1.0,1.0,1.0,0.0,0.0,0.0,0.0,-84.53125,1.0
2013-06-17,1,634.1,1,255.859375,171.25,171.25,171.25,0.0,1.0,1.0,1.0,0.0,0.0,0.0,0.0,-84.609375,1.0
2013-06-17,2,611.3,1,236.640625,138.125,138.125,138.125,0.0,1.0,1.0,1.0,0.0,0.0,0.0,0.0,-98.515625,1.0
2013-06-17,2,634.1,1,257.65625,154.84375,154.84375,154.84375,0.0,1.0,1.0,1.0,0.0,0.0,0.0,0.0,-102.8125,1.0
2013-06-17,3,611.3,1,269.375,158.125,158.125,158.125,0.0,1.0,1.0,1.0,0.0,0.0,0.0,0.0,-111.25,1.0
2013-06-17,3,634.1,1,256.5625,174.765625,168.47841799249994,174.765625,0.0,1.0,1.0,1.0,0.0,0.0,6.287207007500058,0.0,-81.796875,1.0
2013-06-17,4,611.3,1,247.03125,142.5,142.5,142.5,0.0,1.0,1.0,1.0,0.0,0.0,0.0,0.0,-104.53125,1.0
2013-06-17,4,634.1,1,251.71875,163.671875,163.671875,163.671875,0.0,1.0,1.0,1.0,0.0,0.0,0.0,0.0,-88.046875,1.0
2013-06-17,5,611.3,1,216.25,136.09375,136.09375,136.09375,0.0,1.0,1.0,1.0,0.0,0.0,0.0,0.0,-80.15625,1.0
2013-06-17,5,634.1,1,254.84375,153.75,153.75,153.75,0.0,1.0,1.0,1.0,0.0,0.0,0.0,0.0,-101.09375,1.0
2013-06-17,6,611.3,1,243.59375,149.0625,149.0625,149.0625,0.0,1.0,1.0,1.0,0.0,0.0,0.0,0.0,-94.53125,1.0
2013-06-17,6,634.1,1,258.046875,171.953125,171.953125,171.953125,0.0,1.0,1.0,1.0,0.0,0.0,0.0,0.0,-86.09375,1.0
2013-06-17,7,611.3,1,281.796875,159.921875,159.921875,159.921875,0.0,1.0,1.0,1.0,0.0,0.0,0.0,0.0,-121.875,1.0
2013-06-17,7,634.1,1,258.984375,183.671875,158.62495119562493,183.671875,0.0,1.0,1.0,1.0,0.0,0.0,25.04692380437507,0.0,-75.3125,1.0
2013-06-17,8,611.3,1,253.75,131.40625,131.40625,131.40625,0.0,1.0,1.0,1.0,0.0,0.0,0.0,0.0,-122.34375,1.0
2013-06-17,8,634.1,1,255.859375,148.59375,148.59375,148.59375,0.0,1.0,1.0,1.0,0.0,0.0,0.0,0.0,-107.265625,1.0
2013-06-17,9,611.3,1,221.953125,157.1875,157.1875,157.1875,0.0,1.0,1.0,1.0,0.0,0.0,0.0,0.0,-64.765625,1.0
2013-06-17,9,634.1,1,253.125,179.375,175.22954103937494,179.375,0.0,1.0,1.0,1.0,0.0,0.0,4.145458960625064,0.0,-73.75,1.0
2013-06-18,0,611.3,1,225.078125,113.984375,113.984375,113.984375,0.0,1.0,1.0,1.0,0.0,0.0,0.0,0.0,-111.09375,1.0
2013-06-18,0,634.1,1,257.96875,129.296875,129.296875,129.296875,0.0,1.0,1.0,1.0,0.0,0.0,0.0,0.0,-128.671875,1.0
2013-06-18,1,611.3,1,235.3125,114.921875,114.921875,114.921875,0.0,1.0,1.0,1.0,0.0,0.0,0.0,0.0,-120.390625,1.0
2013-06-18,1,634.1,1,256.328125,124.765625,124.765625,124.765625,0.0,1.0,1.0,1.0,0.0,0.0,0.0,0.0,-131.5625,1.0
2013-06-18,2,611.3,1,226.171875,124.0625,124.0625,124.0625,0.0,1.0,1.0,1.0,0.0,0.0,0.0,0.0,-102.109375,1.0
2013-06-18,2,634.1,1,257.890625,127.421875,127.421875,127.421875,0.0,1.0,1.0,1.0,0.0,0.0,0.0,0.0,-130.46875,1.0
2013-06-18,3,611.3,1,259.453125,133.28125,133.28125,133.28125,0.0,1.0,1.0,1.0,0.0,0.0,0.0,0.0,-126.171875,1.0
2013-06-18,3,634.1,1,261.328125,138.90625,138.90625,138.90625,0.0,1.0,1.0,1.0,0.0,0.0,0.0,0.0,-122.421875,1.0
2013-06-18,4,611.3,1,252.109375,117.421875,117.421875,117.421875,0.0,1.0,1.0,1.0,0.0,0.0,0.0,0.0,-134.6875,1.0
2013-06-18,4,634.1,1,254.21875,130.625,130.625,130.625,0.0,1.0,1.0,1.0,0.0,0.0,0.0,0.0,-123.59375,1.0
2013-06-18,5,611.3,1,216.40625,92.03125,92.03125,92.03125,0.0,1.0,1.0,1.0,0.0,0.0,0.0,0.0,-124.375,1.0
2013-06-18,5,634.1,1,257.34375,101.71875,101.71875,101.71875,0.0,1.0,1.0,1.0,0.0,0.0,0.0,0.0,-155.625,1.0
2013-06-18,6,611.3,1,258.984375,121.5625,121.5625,121.5625,0.0,1.0,1.0,1.0,0.0,0.0,0.0,0.0,-137.421875,1.0
2013-06-18,6,634.1,1,253.671875,135.3125,135.3125,135.3125,0.0,1.0,1.0,1.0,0.0,0.0,0.0,0.0,-118.359375,1.0
2013-06-18,7,611.3,1,229.921875,143.671875,143.671875,143.671875,0.0,1.0,1.0,1.0,0.0,0.0,0.0,0.0,-86.25,1.0
2013-06-18,7,634.1,1,261.171875,154.296875,154.296875,154.296875,0.0,1.0,1.0,1.0,0.0,0.0,0.0,0.0,-106.875,1.0
2013-06-18,8,611.3,1,260.078125,119.0625,119.0625,119.0625,0.0,1.0,1.0,1.0,0.0,0.0,0.0,0.0,-141.015625,1.0
2013-06-18,8,634.1,1,254.0625,129.21875,129.21875,129.21875,0.0,1.0,1.0,1.0,0.0,0.0,0.0,0.0,-124.84375,1.0
2013-06-18,9,611.3,1,267.265625,153.984375,153.984375,153.984375,0.0,1.0,1.0,1.0,0.0,0.0,0.0,0.0,-113.28125,1.0
2013-06-18,9,634.1,1,253.90625,166.484375,166.484375,166.484375,0.0,1.0,1.0,1.0,0.0,0.0,0.0,0.0,-87.421875,1.0
2013-06-19,0,611.3,1,244.84375,159.921875,159.921875,159.921875,0.0,1.0,1.0,1.0,0.0,0.0,0.0,0.0,-84.921875,1.0
2013-06-19,0,634.1,1,259.0625,175.859375,169.71230471124994,175.859375,0.0,1.0,1.0,1.0,0.0,0.0,6.147070288750058,0.0,-83.203125,1.0
2013-06-19,1,611.3,1,215.3125,156.5625,156.5625,156.5625,0.0,1.0,1.0,1.0,0.0,0.0,0.0,0.0,-58.75,1.0
2013-06-19,1,634.1,1,257.03125,171.71875,169.68586428156243,171.71875,0.0,1.0,1.0,1.0,0.0,0.0,2.0328857184375693,0.0,-85.3125,1.0
2013-06-19,2,611.3,1,225.234375,153.90625,153.90625,153.90625,0.0,1.0,1.0,1.0,0.0,0.0,0.0,0.0,-71.328125,1.0
2013-06-19,2,634.1,1,255.9375,170.15625,170.15625,170.15625,0.0,1.0,1.0,1.0,0.0,0.0,0.0,0.0,-85.78125,1.0
2013-06-19,3,611.3,1,237.96875,157.34375,157.34375,157.34375,0.0,1.0,1.0,1.0,0.0,0.0,0.0,0.0,-80.625,1.0
2013-06-19,3,634.1,1,259.140625,179.84375,160.80187990656242,179.84375,0.0,1.0,1.0,1.0,0.0,0.0,19.04187009343758,0.0,-79.296875,1.0
2013-06-19,4,611.3,1,234.453125,152.65625,152.65625,152.65625,0.0,1.0,1.0,1.0,0.0,0.0,0.0,0.0,-81.796875,1.0
2013-06-19,4,634.1,1,252.890625,165.625,165.625,165.625,0.0,1.0,1.0,1.0,0.0,0.0,0.0,0.0,-87.265625,1.0
2013-06-19,5,611.3,1,226.71875,146.015625,146.015625,146.015625,0.0,1.0,1.0,1.0,0.0,0.0,0.0,0.0,-80.703125,1.0
2013-06-19,5,634.1,1,255.15625,157.65625,157.65625,157.65625,0.0,1.0,1.0,1.0,0.0,0.0,0.0,0.0,-97.5,1.0
2013-06-19,6,611.3,1,241.796875,138.28125,138.28125,138.28125,0.0,1.0,1.0,1.0,0.0,0.0,0.0,0.0,-103.515625,1.0
2013-06-19,6,634.1,1,256.71875,163.046875,163.046875,163.046875,0.0,1.0,1.0,1.0,0.0,0.0,0.0,0.0,-93.671875,1.0
2013-06-19,7,611.3,1,257.96875,161.953125,161.953125,161.953125,0.0,1.0,1.0,1.0,0.0,0.0,0.0,0.0,-96.015625,1.0
2013-06-19,7,634.1,1,262.265625,176.26953125,147.96064455499993,186.875,0.0,1.0,1.0,1.0,10.60546875,0.0,38.91435544500007,0.0,-75.390625,1.0
2013-06-19,8,611.3,1,267.109375,156.484375,156.484375,156.484375,0.0,1.0,1.0,1.0,0.0,0.0,0.0,0.0,-110.625,1.0
2013-06-19,8,634.1,1,258.125,170.0,165.94895021906245,170.0,0.0,1.0,1.0,1.0,0.0,0.0,4.0510497809375465,0.0,-88.125,1.0
2013-06-19,9,611.3,1,243.59375,147.734375,147.734375,147.734375,0.0,1.0,1.0,1.0,0.0,0.0,0.0,0.0,-95.859375,1.0
2013-06-19,9,634.1,1,256.328125,171.328125,167.58825685968742,171.328125,0.0,1.0,1.0,1.0,0.0,0.0,3.7398681403125806,0.0,-85.0,1.0
2013-06-20,0,611.3,1,233.515625,143.359375,143.359375,143.359375,0.0,1.0,1.0,1.0,0.0,0.0,0.0,0.0,-90.15625,1.0
2013-06-20,0,634.1,1,258.75,165.0,165.0,165.0,0.0,1.0,1.0,1.0,0.0,0.0,0.0,0.0,-93.75,1.0
2013-06-20,1,611.3,1,245.15625,157.109375,157.109375,157.109375,0.0,1.0,1.0,1.0,0.0,0.0,0.0,0.0,-88.046875,1.0
2013-06-20,1,634.1,1,255.0,177.109375,171.59838869562492,177.109375,0.0,1.0,1.0,1.0,0.0,0.0,5.510986304375081,0.0,-77.890625,1.0
2013-06-20,2,611.3,1,198.4375,153.125,153.125,153.125,0.0,1.0,1.0,1.0,0.0,0.0,0.0,0.0,-45.3125,1.0
2013-06-20,2,634.1,1,256.328125,169.765625,168.21401369562494,169.765625,0.0,1.0,1.0,1.0,0.0,0.0,1.551611304375058,0.0,-86.5625,1.0
2013-06-20,3,611.3,1,258.125,158.75,158.75,158.75,0.0,1.0,1.0,1.0,0.0,0.0,0.0,0.0,-99.375,1.0
2013-06-20,3,634.1,1,261.09375,184.21875,158.88935549249993,184.21875,0.0,1.0,1.0,1.0,0.0,0.0,25.32939450750007,0.0,-76.875,1.0
2013-06-20,4,611.3,1,239.21875,154.6875,154.6875,154.6875,0.0,1.0,1.0,1.0,0.0,0.0,0.0,0.0,-84.53125,1.0
2013-06-20,4,634.1,1,252.734375,174.453125,174.453125,174.453125,0.0,1.0,1.0,1.0,0.0,0.0,0.0,0.0,-78.28125,1.0
2013-06-20,5,611.3,1,215.546875,146.015625,146.015625,146.015625,0.0,1.0,1.0,1.0,0.0,0.0,0.0,0.0,-69.53125,1.0
2013-06-20,5,634.1,1,256.484375,162.421875,162.421875,162.421875,0.0,1.0,1.0,1.0,0.0,0.0,0.0,0.0,-94.0625,1.0
2013-06-20,6,611.3,1,238.28125,157.03125,157.03125,157.03125,0.0,1.0,1.0,1.0,0.0,0.0,0.0,0.0,-81.25,1.0
2013-06-20,6,634.1,1,253.90625,173.984375,173.27294924249992,173.984375,0.0,1.0,1.0,1.0,0.0,0.0,0.7114257575000806,0.0,-79.921875,1.0
2013-06-20,7,611.3,1,284.6875,161.796875,161.796875,161.796875,0.0,1.0,1.0,1.0,0.0,0.0,0.0,0.0,-122.890625,1.0
2013-06-20,7,634.1,1,260.859375,187.55078125,143.43051760187493,192.578125,0.0,1.0,1.0,1.0,5.02734375,0.0,49.147607398125075,0.0,-68.28125,1.0
2013-06-20,8,611.3,1,231.640625,152.578125,152.578125,152.578125,0.0,1.0,1.0,1.0,0.0,0.0,0.0,0.0,-79.0625,1.0
2013-06-20,8,634.1,1,256.953125,169.765625,169.765625,169.765625,0.0,1.0,1.0,1.0,0.0,0.0,0.0,0.0,-87.1875,1.0
2013-06-20,9,611.3,1,231.71875,159.140625,159.140625,159.140625,0.0,1.0,1.0,1.0,0.0,0.0,0.0,0.0,-72.578125,1.0
2013-06-20,9,634.1,1,253.75,176.875,176.06682131281244,176.875,0.0,1.0,1.0,1.0,0.0,0.0,0.8081786871875636,0.0,-76.875,1.0
2013-06-21,0,611.3,1,235.390625,138.203125,138.203125,138.203125,0.0,1.0,1.0,1.0,0.0,0.0,0.0,0.0,-97.1875,1.0
2013-06-21,0,634.1,1,261.09375,163.125,163.125,163.125,0.0,1.0,1.0,1.0,0.0,0.0,0.0,0.0,-97.96875,1.0
2013-06-21,1,611.3,1,230.46875,148.671875,148.671875,148.671875,0.0,1.0,1.0,1.0,0.0,0.0,0.0,0.0,-81.796875,1.0
2013-06-21,1,634.1,1,256.484375,167.8125,167.8125,167.8125,0.0,1.0,1.0,1.0,0.0,0.0,0.0,0.0,-88.671875,1.0
2013-06-21,2,611.3,1,206.484375,148.28125,148.28125,148.28125,0.0,1.0,1.0,1.0,0.0,0.0,0.0,0.0,-58.203125,1.0
2013-06-21,2,634.1,1,257.734375,165.78125,165.78125,165.78125,0.0,1.0,1.0,1.0,0.0,0.0,0.0,0.0,-91.953125,1.0
2013-06-21,3,611.3,1,232.34375,157.5,157.5,157.5,0.0,1.0,1.0,1.0,0.0,0.0,0.0,0.0,-74.84375,1.0
2013-06-21,3,634.1,1,258.671875,180.234375,164.38015139093744,180.234375,0.0,1.0,1.0,1.0,0.0,0.0,15.854223609062558,0.0,-78.4375,1.0
2013-06-21,4,611.3,1,209.140625,150.9375,150.9375,150.9375,0.0,1.0,1.0,1.0,0.0,0.0,0.0,0.0,-58.203125,1.0
2013-06-21,4,634.1,1,255.234375,167.1875,167.1875,167.1875,0.0,1.0,1.0,1.0,0.0,0.0,0.0,0.0,-88.046875,1.0
2013-06-21,5,611.3,1,211.953125,149.765625,149.765625,149.765625,0.0,1.0,1.0,1.0,0.0,0.0,0.0,0.0,-62.1875,1.0
2013-06-21,5,634.1,1,256.484375,167.65625,167.65625,167.65625,0.0,1.0,1.0,1.0,0.0,0.0,0.0,0.0,-88.828125,1.0
2013-06-21,6,611.3,1,235.390625,146.09375,146.09375,146.09375,0.0,1.0,1.0,1.0,0.0,0.0,0.0,0.0,-89.296875,1.0
2013-06-21,6,634.1,1,258.203125,167.109375,165.45539553156243,167.109375,0.0,1.0,1.0,1.0,0.0,0.0,1.6539794684375693,0.0,-91.09375,1.0
2013-06-21,7,611.3,1,248.4375,162.265625,162.265625,162.265625,0.0,1.0,1.0,1.0,0.0,0.0,0.0,0.0,-86.171875,1.0
2013-06-21,7,634.1,1,260.15625,192.03125,148.55114748468742,192.03125,0.0,1.0,1.0,1.0,0.0,0.0,43.48010251531258,0.0,-68.125,1.0
2013-06-21,8,611.3,1,260.234375,158.4375,158.4375,158.4375,0.0,1.0,1.0,1.0,0.0,0.0,0.0,0.0,-101.796875,1.0
2013-06-21,8,634.1,1,257.734375,173.75,163.47236330499993,173.75,0.0,1.0,1.0,1.0,0.0,0.0,10.27763669500007,0.0,-83.984375,1.0
2013-06-21,9,611.3,1,274.609375,156.09375,156.09375,156.09375,0.0,1.0,1.0,1.0,0.0,0.0,0.0,0.0,-118.515625,1.0
2013-06-21,9,634.1,1,252.5,175.546875,175.546875,175.546875,0.0,1.0,1.0,1.0,0.0,0.0,0.0,0.0,-76.953125,1.0
2013-06-22,0,611.3,1,280.46875,156.25,156.25,156.25,0.0,1.0,1.0,1.0,0.0,0.0,0.0,0.0,-124.21875,1.0
2013-06-22,0,634.1,1,260.546875,176.171875,173.91633303156243,176.171875,0.0,1.0,1.0,1.0,0.0,0.0,2.2555419684375693,0.0,-84.375,1.0
2013-06-22,1,611.3,1,300.0,157.1875,157.1875,157.1875,0.0,1.0,1.0,1.0,0.0,0.0,0.0,0.0,-142.8125,1.0
2013-06-22,1,634.1,1,257.5,179.296875,160.93408205499992,179.296875,0.0,1.0,1.0,1.0,0.0,0.0,18.36279294500008,0.0,-78.203125,1.0
2013-06-22,2,611.3,1,300.0,160.390625,160.390625,160.390625,0.0,1.0,1.0,1.0,0.0,0.0,0.0,0.0,-139.609375,1.0
2013-06-22,2,634.1,1,260.625,189.453125,160.44052736749993,189.453125,0.0,1.0,1.0,1.0,0.0,0.0,29.012597632500075,0.0,-71.171875,1.0
2013-06-22,3,611.3,1,300.0,161.09375,161.09375,161.09375,0.0,1.0,1.0,1.0,0.0,0.0,0.0,0.0,-138.90625,1.0
2013-06-22,3,634.1,1,259.453125,191.71875,152.47314455499992,191.71875,0.0,1.0,1.0,1.0,0.0,0.0,39.24560544500008,0.0,-67.734375,1.0
2013-06-22,4,611.3,1,259.296875,156.5625,156.5625,156.5625,0.0,1.0,1.0,1.0,0.0,0.0,0.0,0.0,-102.734375,1.0
2013-06-22,4,634.1,1,254.84375,177.1875,173.88989260187492,177.1875,0.0,1.0,1.0,1.0,0.0,0.0,3.2976073981250806,0.0,-77.65625,1.0
2013-06-22,5,611.3,1,258.359375,157.890625,157.890625,157.890625,0.0,1.0,1.0,1.0,0.0,0.0,0.0,0.0,-100.46875,1.0
2013-06-22,5,634.1,1,255.46875,181.640625,169.93264162531244,181.640625,0.0,1.0,1.0,1.0,0.0,0.0,11.707983374687558,0.0,-73.828125,1.0
2013-06-22,6,611.3,1,258.828125,157.03125,157.03125,157.03125,0.0,1.0,1.0,1.0,0.0,0.0,0.0,0.0,-101.796875,1.0
2013-06-22,6,634.1,1,253.046875,178.359375,171.28991701593742,178.359375,0.0,1.0,1.0,1.0,0.0,0.0,7.069457984062581,0.0,-74.6875,1.0
2013-06-22,7,611.3,1,300.0,161.484375,161.484375,161.484375,0.0,1.0,1.0,1.0,0.0,0.0,0.0,0.0,-138.515625,1.0
2013-06-22,7,634.1,1,262.109375,177.39765624999998,142.12612307062494,193.4375,0.0,1.0,1.0,1.0,16.039843750000017,0.0,51.31137692937506,0.0,-68.671875,1.0
2013-06-22,8,611.3,1,299.375,158.671875,158.671875,158.671875,0.0,1.0,1.0,1.0,0.0,0.0,0.0,0.0,-140.703125,1.0
2013-06-22,8,634.1,1,260.9375,183.90625,166.30148928156245,183.90625,0.0,1.0,1.0,1.0,0.0,0.0,17.604760718437547,0.0,-77.03125,1.0
2013-06-22,9,611.3,1,300.0,157.34375,157.34375,157.34375,0.0,1.0,1.0,1.0,0.0,0.0,0.0,0.0,-142.65625,1.0
2013-06-22,9,634.1,1,258.125,179.921875,159.93815920343744,179.921875,0.0,1.0,1.0,1.0,0.0,0.0,19.983715796562564,0.0,-78.203125,1.0
2013-06-23,0,611.3,1,253.671875,158.28125,158.28125,158.28125,0.0,1.0,1.0,1.0,0.0,0.0,0.0,0.0,-95.390625,1.0
2013-06-23,0,634.1,1,259.84375,182.96875,166.55708010187493,182.96875,0.0,1.0,1.0,1.0,0.0,0.0,16.41166989812507,0.0,-76.875,1.0
2013-06-23,1,611.3,1,288.125,156.25,156.25,156.25,0.0,1.0,1.0,1.0,0.0,0.0,0.0,0.0,-131.875,1.0
2013-06-23,1,634.1,1,258.515625,176.25,159.00393068781244,176.25,0.0,1.0,1.0,1.0,0.0,0.0,17.246069312187558,0.0,-82.265625,1.0
2013-06-23,2,611.3,1,292.890625,161.328125,161.328125,161.328125,0.0,1.0,1.0,1.0,0.0,0.0,0.0,0.0,-131.5625,1.0
2013-06-23,2,634.1,1,263.359375,167.80859375,152.38500978937492,192.890625,0.0,1.0,1.0,1.0,25.08203125,0.0,40.50561521062508,0.0,-70.46875,1.0
2013-06-23,3,611.3,1,300.0,157.265625,157.265625,157.265625,0.0,1.0,1.0,1.0,0.0,0.0,0.0,0.0,-142.734375,1.0
2013-06-23,3,634.1,1,259.375,179.21875,150.57824709406242,179.21875,0.0,1.0,1.0,1.0,0.0,0.0,28.64050290593758,0.0,-80.15625,1.0
2013-06-23,4,611.3,1,245.859375,156.484375,156.484375,156.484375,0.0,1.0,1.0,1.0,0.0,0.0,0.0,0.0,-89.375,1.0
2013-06-23,4,634.1,1,254.296875,176.40625,165.70217287531244,176.40625,0.0,1.0,1.0,1.0,0.0,0.0,10.704077124687558,0.0,-77.890625,1.0
2013-06-23,5,611.3,1,300.0,144.53125,144.53125,144.53125,0.0,1.0,1.0,1.0,0.0,0.0,0.0,0.0,-155.46875,1.0
2013-06-23,5,634.1,1,256.171875,169.921875,167.37673342218744,169.921875,0.0,1.0,1.0,1.0,0.0,0.0,2.545141577812558,0.0,-86.25,1.0
2013-06-23,6,611.3,1,258.671875,158.359375,158.359375,158.359375,0.0,1.0,1.0,1.0,0.0,0.0,0.0,0.0,-100.3125,1.0
2013-06-23,6,634.1,1,257.109375,183.203125,160.60798342218743,183.203125,0.0,1.0,1.0,1.0,0.0,0.0,22.59514157781257,0.0,-73.90625,1.0
2013-06-23,7,611.3,1,300.0,160.9375,160.9375,160.9375,0.0,1.0,1.0,1.0,0.0,0.0,0.0,0.0,-139.0625,1.0
2013-06-23,7,634.1,1,262.890625,171.475,138.34514162531244,191.71875,0.0,1.0,1.0,1.0,20.243750000000006,0.0,53.373608374687564,0.0,-71.171875,1.0
2013-06-23,8,611.3,1,286.25,146.171875,146.171875,146.171875,0.0,1.0,1.0,1.0,0.0,0.0,0.0,0.0,-140.078125,1.0
2013-06-23,8,634.1,1,258.515625,170.625,159.06562502374993,170.625,0.0,1.0,1.0,1.0,0.0,0.0,11.55937497625007,0.0,-87.890625,1.0
2013-06-23,9,611.3,1,289.6875,161.171875,161.171875,161.171875,0.0,1.0,1.0,1.0,0.0,0.0,0.0,0.0,-128.515625,1.0
2013-06-23,9,634.1,1,257.265625,192.5,155.98972170343745,192.5,0.0,1.0,1.0,1.0,0.0,0.0,36.51027829656255,0.0,-64.765625,1.0
2013-06-24,0,611.3,1,198.046875,134.21875,134.21875,134.21875,0.0,1.0,1.0,1.0,0.0,0.0,0.0,0.0,-63.828125,1.0
2013-06-24,0,634.1,1,258.203125,155.0,155.0,155.0,0.0,1.0,1.0,1.0,0.0,0.0,0.0,0.0,-103.203125,1.0
2013-06-24,1,611.3,1,231.875,155.859375,155.859375,155.859375,0.0,1.0,1.0,1.0,0.0,0.0,0.0,0.0,-76.015625,1.0
2013-06-24,1,634.1,1,255.234375,170.3125,169.37739260187493,170.3125,0.0,1.0,1.0,1.0,0.0,0.0,0.9351073981250693,0.0,-84.921875,1.0
2013-06-24,2,611.3,1,245.859375,150.234375,150.234375,150.234375,0.0,1.0,1.0,1.0,0.0,0.0,0.0,0.0,-95.625,1.0
2013-06-24,2,634.1,1,258.75,167.8125,164.21269533624994,167.8125,0.0,1.0,1.0,1.0,0.0,0.0,3.5998046637500636,0.0,-90.9375,1.0
2013-06-24,3,611.3,1,280.859375,159.375,159.375,159.375,0.0,1.0,1.0,1.0,0.0,0.0,0.0,0.0,-121.484375,1.0
2013-06-24,3,634.1,1,258.203125,184.296875,157.18835451593742,184.296875,0.0,1.0,1.0,1.0,0.0,0.0,27.10852048406258,0.0,-73.90625,1.0
2013-06-24,4,611.3,1,213.4375,142.65625,142.65625,142.65625,0.0,1.0,1.0,1.0,0.0,0.0,0.0,0.0,-70.78125,1.0
2013-06-24,4,634.1,1,255.703125,164.765625,164.765625,164.765625,0.0,1.0,1.0,1.0,0.0,0.0,0.0,0.0,-90.9375,1.0
2013-06-24,5,611.3,1,223.984375,152.578125,152.578125,152.578125,0.0,1.0,1.0,1.0,0.0,0.0,0.0,0.0,-71.40625,1.0
2013-06-24,5,634.1,1,256.015625,169.6875,169.6875,169.6875,0.0,1.0,1.0,1.0,0.0,0.0,0.0,0.0,-86.328125,1.0
2013-06-24,6,611.3,1,223.359375,147.1875,147.1875,147.1875,0.0,1.0,1.0,1.0,0.0,0.0,0.0,0.0,-76.171875,1.0
2013-06-24,6,634.1,1,255.625,171.09375,171.09375,171.09375,0.0,1.0,1.0,1.0,0.0,0.0,0.0,0.0,-84.53125,1.0
2013-06-24,7,611.3,1,263.828125,156.171875,156.171875,156.171875,0.0,1.0,1.0,1.0,0.0,0.0,0.0,0.0,-107.65625,1.0
2013-06-24,7,634.1,1,259.53125,170.703125,152.50839846124993,170.703125,0.0,1.0,1.0,1.0,0.0,0.0,18.194726538750075,0.0,-88.828125,1.0
2013-06-24,8,611.3,1,229.921875,159.921875,159.921875,159.921875,0.0,1.0,1.0,1.0,0.0,0.0,0.0,0.0,-70.0,1.0
2013-06-24,8,634.1,1,255.859375,172.8125,168.82214357843742,172.8125,0.0,1.0,1.0,1.0,0.0,0.0,3.9903564215625806,0.0,-83.046875,1.0
2013-06-24,9,611.3,1,243.515625,157.5,157.5,157.5,0.0,1.0,1.0,1.0,0.0,0.0,0.0,0.0,-86.015625,1.0
2013-06-24,9,634.1,1,256.015625,180.0,163.43710939874993,180.0,0.0,1.0,1.0,1.0,0.0,0.0,16.562890601250075,0.0,-76.015625,1.0
2013-06-25,0,611.3,1,243.671875,152.03125,152.03125,152.03125,0.0,1.0,1.0,1.0,0.0,0.0,0.0,0.0,-91.640625,1.0
2013-06-25,0,634.1,1,257.421875,172.5,171.76584475031245,172.5,0.0,1.0,1.0,1.0,0.0,0.0,0.7341552496875465,0.0,-84.921875,1.0
2013-06-25,1,611.3,1,225.46875,154.765625,154.765625,154.765625,0.0,1.0,1.0,1.0,0.0,0.0,0.0,0.0,-70.703125,1.0
2013-06-25,1,634.1,1,254.921875,174.53125,166.89199221124994,174.53125,0.0,1.0,1.0,1.0,0.0,0.0,7.639257788750058,0.0,-80.390625,1.0
2013-06-25,2,611.3,1,240.9375,160.3125,160.3125,160.3125,0.0,1.0,1.0,1.0,0.0,0.0,0.0,0.0,-80.625,1.0
2013-06-25,2,634.1,1,259.6875,174.921875,164.89133303156245,174.921875,0.0,1.0,1.0,1.0,0.0,0.0,10.030541968437547,0.0,-84.765625,1.0
2013-06-25,3,611.3,1,282.96875,158.59375,158.59375,158.59375,0.0,1.0,1.0,1.0,0.0,0.0,0.0,0.0,-124.375,1.0
2013-06-25,3,634.1,1,263.046875,169.78281249999998,152.08535158624994,183.4375,0.0,1.0,1.0,1.0,13.654687500000023,0.0,31.352148413750058,0.0,-79.609375,1.0
2013-06-25,4,611.3,1,216.40625,146.015625,146.015625,146.015625,0.0,1.0,1.0,1.0,0.0,0.0,0.0,0.0,-70.390625,1.0
2013-06-25,4,634.1,1,253.90625,170.546875,170.546875,170.546875,0.0,1.0,1.0,1.0,0.0,0.0,0.0,0.0,-83.359375,1.0
2013-06-25,5,611.3,1,220.9375,157.03125,157.03125,157.03125,0.0,1.0,1.0,1.0,0.0,0.0,0.0,0.0,-63.90625,1.0
2013-06-25,5,634.1,1,256.640625,173.90625,173.90625,173.90625,0.0,1.0,1.0,1.0,0.0,0.0,0.0,0.0,-82.734375,1.0
2013-06-25,6,611.3,1,248.515625,153.28125,153.28125,153.28125,0.0,1.0,1.0,1.0,0.0,0.0,0.0,0.0,-95.234375,1.0
2013-06-25,6,634.1,1,257.65625,169.53125,167.57062990656243,169.53125,0.0,1.0,1.0,1.0,0.0,0.0,1.9606200934375693,0.0,-88.125,1.0
2013-06-25,7,611.3,1,242.5,104.06953125,157.265625,157.265625,0.0,1.0,1.0,1.0,53.19609375,0.0,0.0,0.0,-85.234375,1.0
2013-06-25,7,634.1,1,266.71875,139.04140625,143.93288576593744,179.453125,0.0,1.0,1.0,1.0,40.411718750000006,0.0,35.52023923406256,0.0,-87.265625,1.0
2013-06-25,8,611.3,1,233.359375,160.46875,160.46875,160.46875,0.0,1.0,1.0,1.0,0.0,0.0,0.0,0.0,-72.890625,1.0
2013-06-25,8,634.1,1,256.484375,176.25,166.48657228937492,176.25,0.0,1.0,1.0,1.0,0.0,0.0,9.76342771062508,0.0,-80.234375,1.0
2013-06-25,9,611.3,1,257.03125,161.09375,161.09375,161.09375,0.0,1.0,1.0,1.0,0.0,0.0,0.0,0.0,-95.9375,1.0
2013-06-25,9,634.1,1,255.234375,192.265625,169.79162600031242,192.265625,0.0,1.0,1.0,1.0,0.0,0.0,22.47399899968758,0.0,-62.96875,1.0
2013-06-26,0,611.3,1,226.015625,157.96875,157.96875,157.96875,0.0,1.0,1.0,1.0,0.0,0.0,0.0,0.0,-68.046875,1.0
2013-06-26,0,634.1,1,258.046875,173.203125,173.203125,173.203125,0.0,1.0,1.0,1.0,0.0,0.0,0.0,0.0,-84.84375,1.0
2013-06-26,1,611.3,1,218.515625,156.25,156.25,156.25,0.0,1.0,1.0,1.0,0.0,0.0,0.0,0.0,-62.265625,1.0
2013-06-26,1,634.1,1,253.671875,175.703125,173.03498537531243,175.703125,0.0,1.0,1.0,1.0,0.0,0.0,2.6681396246875693,0.0,-77.96875,1.0
2013-06-26,2,611.3,1,274.375,157.65625,157.65625,157.65625,0.0,1.0,1.0,1.0,0.0,0.0,0.0,0.0,-116.71875,1.0
2013-06-26,2,634.1,1,253.125,171.640625,171.640625,171.640625,0.0,1.0,1.0,1.0,0.0,0.0,0.0,0.0,-81.484375,1.0
2013-06-26,3,611.3,1,244.84375,158.515625,158.515625,158.515625,0.0,1.0,1.0,1.0,0.0,0.0,0.0,0.0,-86.328125,1.0
2013-06-26,3,634.1,1,255.9375,183.59375,170.82280275812494,183.59375,0.0,1.0,1.0,1.0,0.0,0.0,12.770947241875064,0.0,-72.34375,1.0
2013-06-26,4,611.3,1,205.625,140.9375,140.9375,140.9375,0.0,1.0,1.0,1.0,0.0,0.0,0.0,0.0,-64.6875,1.0
2013-06-26,4,634.1,1,251.25,164.0625,164.0625,164.0625,0.0,1.0,1.0,1.0,0.0,0.0,0.0,0.0,-87.1875,1.0
2013-06-26,5,611.3,1,211.40625,156.484375,156.484375,156.484375,0.0,1.0,1.0,1.0,0.0,0.0,0.0,0.0,-54.921875,1.0
2013-06-26,5,634.1,1,256.640625,173.203125,173.203125,173.203125,0.0,1.0,1.0,1.0,0.0,0.0,0.0,0.0,-83.4375,1.0
2013-06-26,6,611.3,1,239.53125,144.921875,144.921875,144.921875,0.0,1.0,1.0,1.0,0.0,0.0,0.0,0.0,-94.609375,1.0
2013-06-26,6,634.1,1,259.609375,166.09375,166.09375,166.09375,0.0,1.0,1.0,1.0,0.0,0.0,0.0,0.0,-93.515625,1.0
2013-06-26,7,611.3,1,264.140625,162.109375,162.109375,162.109375,0.0,1.0,1.0,1.0,0.0,0.0,0.0,0.0,-102.03125,1.0
2013-06-26,7,634.1,1,257.578125,180.703125,159.95578615656245,180.703125,0.0,1.0,1.0,1.0,0.0,0.0,20.747338843437547,0.0,-76.875,1.0
2013-06-26,8,611.3,1,240.078125,158.515625,158.515625,158.515625,0.0,1.0,1.0,1.0,0.0,0.0,0.0,0.0,-81.5625,1.0
2013-06-26,8,634.1,1,253.984375,174.6875,173.61667482843745,174.6875,0.0,1.0,1.0,1.0,0.0,0.0,1.0708251715625465,0.0,-79.296875,1.0
2013-06-26,9,611.3,1,239.609375,159.296875,159.296875,159.296875,0.0,1.0,1.0,1.0,0.0,0.0,0.0,0.0,-80.3125,1.0
2013-06-26,9,634.1,1,253.75,186.171875,179.14272463312494,186.171875,0.0,1.0,1.0,1.0,0.0,0.0,7.029150366875058,0.0,-67.578125,1.0
2013-06-27,0,611.3,1,207.03125,155.3125,155.3125,155.3125,0.0,1.0,1.0,1.0,0.0,0.0,0.0,0.0,-51.71875,1.0
2013-06-27,0,634.1,1,260.546875,174.765625,174.765625,174.765625,0.0,1.0,1.0,1.0,0.0,0.0,0.0,0.0,-85.78125,1.0
2013-06-27,1,611.3,1,220.625,158.359375,158.359375,158.359375,0.0,1.0,1.0,1.0,0.0,0.0,0.0,0.0,-62.265625,1.0
2013-06-27,1,634.1,1,254.6875,180.859375,175.52919924249994,180.859375,0.0,1.0,1.0,1.0,0.0,0.0,5.330175757500058,0.0,-73.828125,1.0
2013-06-27,2,611.3,1,215.234375,158.046875,158.046875,158.046875,0.0,1.0,1.0,1.0,0.0,0.0,0.0,0.0,-57.1875,1.0
2013-06-27,2,634.1,1,255.3125,182.1875,174.98276369562493,182.1875,0.0,1.0,1.0,1.0,0.0,0.0,7.204736304375075,0.0,-73.125,1.0
2013-06-27,3,611.3,1,261.875,158.90625,158.90625,158.90625,0.0,1.0,1.0,1.0,0.0,0.0,0.0,0.0,-102.96875,1.0
2013-06-27,3,634.1,1,257.109375,185.0,166.75097658624992,185.0,0.0,1.0,1.0,1.0,0.0,0.0,18.24902341375008,0.0,-72.109375,1.0
2013-06-27,4,611.3,1,235.0,143.59375,143.59375,143.59375,0.0,1.0,1.0,1.0,0.0,0.0,0.0,0.0,-91.40625,1.0
2013-06-27,4,634.1,1,251.25,169.453125,169.453125,169.453125,0.0,1.0,1.0,1.0,0.0,0.0,0.0,0.0,-81.796875,1.0
2013-06-27,5,611.3,1,236.40625,158.4375,158.4375,158.4375,0.0,1.0,1.0,1.0,0.0,0.0,0.0,0.0,-77.96875,1.0
2013-06-27,5,634.1,1,255.703125,173.4375,173.4375,173.4375,0.0,1.0,1.0,1.0,0.0,0.0,0.0,0.0,-82.265625,1.0
2013-06-27,6,611.3,1,221.875,154.84375,154.84375,154.84375,0.0,1.0,1.0,1.0,0.0,0.0,0.0,0.0,-67.03125,1.0
2013-06-27,6,634.1,1,253.046875,174.53125,174.53125,174.53125,0.0,1.0,1.0,1.0,0.0,0.0,0.0,0.0,-78.515625,1.0
2013-06-27,7,611.3,1,229.375,163.75,163.75,163.75,0.0,1.0,1.0,1.0,0.0,0.0,0.0,0.0,-65.625,1.0
2013-06-27,7,634.1,1,258.4375,199.84375,163.56931154718745,199.84375,0.0,1.0,1.0,1.0,0.0,0.0,36.27443845281255,0.0,-58.59375,1.0
2013-06-27,8,611.3,1,228.125,157.34375,157.34375,157.34375,0.0,1.0,1.0,1.0,0.0,0.0,0.0,0.0,-70.78125,1.0
2013-06-27,8,634.1,1,252.421875,179.6875,176.16376955499993,179.6875,0.0,1.0,1.0,1.0,0.0,0.0,3.5237304450000693,0.0,-72.734375,1.0
2013-06-27,9,611.3,1,248.90625,160.703125,160.703125,160.703125,0.0,1.0,1.0,1.0,0.0,0.0,0.0,0.0,-88.203125,1.0
2013-06-27,9,634.1,1,253.828125,180.234375,176.58681642999994,180.234375,0.0,1.0,1.0,1.0,0.0,0.0,3.647558570000058,0.0,-73.59375,1.0
2013-06-28,0,611.3,1,215.703125,158.515625,158.515625,158.515625,0.0,1.0,1.0,1.0,0.0,0.0,0.0,0.0,-57.1875,1.0
2013-06-28,0,634.1,1,262.65625,173.44921875,170.04721682062493,182.890625,0.0,1.0,1.0,1.0,9.44140625,0.0,12.843408179375075,0.0,-79.765625,1.0
2013-06-28,1,611.3,1,238.75,148.671875,148.671875,148.671875,0.0,1.0,1.0,1.0,0.0,0.0,0.0,0.0,-90.078125,1.0
2013-06-28,1,634.1,1,252.34375,171.796875,171.796875,171.796875,0.0,1.0,1.0,1.0,0.0,0.0,0.0,0.0,-80.546875,1.0
2013-06-28,2,611.3,1,249.375,159.140625,159.140625,159.140625,0.0,1.0,1.0,1.0,0.0,0.0,0.0,0.0,-90.234375,1.0
2013-06-28,2,634.1,1,256.71875,185.859375,168.76926271906245,185.859375,0.0,1.0,1.0,1.0,0.0,0.0,17.090112280937547,0.0,-70.859375,1.0
2013-06-28,3,611.3,1,227.890625,158.28125,158.28125,158.28125,0.0,1.0,1.0,1.0,0.0,0.0,0.0,0.0,-69.609375,1.0
2013-06-28,3,634.1,1,256.015625,183.046875,166.45131838312494,183.046875,0.0,1.0,1.0,1.0,0.0,0.0,16.595556616875058,0.0,-72.96875,1.0
2013-06-28,4,611.3,1,235.546875,150.46875,150.46875,150.46875,0.0,1.0,1.0,1.0,0.0,0.0,0.0,0.0,-85.078125,1.0
2013-06-28,4,634.1,1,253.59375,172.578125,172.578125,172.578125,0.0,1.0,1.0,1.0,0.0,0.0,0.0,0.0,-81.015625,1.0
2013-06-28,5,611.3,1,232.5,146.71875,146.71875,146.71875,0.0,1.0,1.0,1.0,0.0,0.0,0.0,0.0,-85.78125,1.0
2013-06-28,5,634.1,1,255.15625,170.859375,170.859375,170.859375,0.0,1.0,1.0,1.0,0.0,0.0,0.0,0.0,-84.296875,1.0
2013-06-28,6,611.3,1,220.390625,152.96875,152.96875,152.96875,0.0,1.0,1.0,1.0,0.0,0.0,0.0,0.0,-67.421875,1.0
2013-06-28,6,634.1,1,253.515625,173.671875,172.92922365656244,173.671875,0.0,1.0,1.0,1.0,0.0,0.0,0.7426513434375579,0.0,-79.84375,1.0
2013-06-28,7,611.3,1,250.234375,160.078125,160.078125,160.078125,0.0,1.0,1.0,1.0,0.0,0.0,0.0,0.0,-90.15625,1.0
2013-06-28,7,634.1,1,258.828125,188.359375,160.59916994562494,188.359375,0.0,1.0,1.0,1.0,0.0,0.0,27.760205054375064,0.0,-70.46875,1.0
2013-06-28,8,611.3,1,242.421875,158.203125,158.203125,158.203125,0.0,1.0,1.0,1.0,0.0,0.0,0.0,0.0,-84.21875,1.0
2013-06-28,8,634.1,1,255.078125,182.65625,170.31162111749993,182.65625,0.0,1.0,1.0,1.0,0.0,0.0,12.344628882500075,0.0,-72.421875,1.0
2013-06-28,9,611.3,1,265.0,161.484375,161.484375,161.484375,0.0,1.0,1.0,1.0,0.0,0.0,0.0,0.0,-103.515625,1.0
2013-06-28,9,634.1,1,253.046875,193.59375,171.24584963312492,193.59375,0.0,1.0,1.0,1.0,0.0,0.0,22.34790036687508,0.0,-59.453125,1.0
2013-06-29,0,611.3,1,231.953125,160.625,160.625,160.625,0.0,1.0,1.0,1.0,0.0,0.0,0.0,0.0,-71.328125,1.0
2013-06-29,0,634.1,1,262.109375,177.6796875,164.84726564874993,190.703125,0.0,1.0,1.0,1.0,13.0234375,0.0,25.855859351250075,0.0,-71.40625,1.0
2013-06-29,1,611.3,1,245.234375,156.640625,156.640625,156.640625,0.0,1.0,1.0,1.0,0.0,0.0,0.0,0.0,-88.59375,1.0
2013-06-29,1,634.1,1,253.515625,177.03125,174.02209475031242,177.03125,0.0,1.0,1.0,1.0,0.0,0.0,3.0091552496875806,0.0,-76.484375,1.0
2013-06-29,2,611.3,1,239.53125,159.53125,159.53125,159.53125,0.0,1.0,1.0,1.0,0.0,0.0,0.0,0.0,-80.0,1.0
2013-06-29,2,634.1,1,253.90625,187.109375,175.76716310968743,187.109375,0.0,1.0,1.0,1.0,0.0,0.0,11.34221189031257,0.0,-66.796875,1.0
2013-06-29,3,611.3,1,250.3125,159.609375,159.609375,159.609375,0.0,1.0,1.0,1.0,0.0,0.0,0.0,0.0,-90.703125,1.0
2013-06-29,3,634.1,1,256.484375,187.421875,161.60390627374994,187.421875,0.0,1.0,1.0,1.0,0.0,0.0,25.817968726250058,0.0,-69.0625,1.0
2013-06-29,4,611.3,1,237.5,156.71875,156.71875,156.71875,0.0,1.0,1.0,1.0,0.0,0.0,0.0,0.0,-80.78125,1.0
2013-06-29,4,634.1,1,251.484375,177.578125,172.77939455499993,177.578125,0.0,1.0,1.0,1.0,0.0,0.0,4.798730445000075,0.0,-73.90625,1.0
2013-06-29,5,611.3,1,220.3125,146.484375,146.484375,146.484375,0.0,1.0,1.0,1.0,0.0,0.0,0.0,0.0,-73.828125,1.0
2013-06-29,5,634.1,1,256.328125,170.78125,170.78125,170.78125,0.0,1.0,1.0,1.0,0.0,0.0,0.0,0.0,-85.546875,1.0
2013-06-29,6,611.3,1,228.359375,156.875,156.875,156.875,0.0,1.0,1.0,1.0,0.0,0.0,0.0,0.0,-71.484375,1.0
2013-06-29,6,634.1,1,252.65625,178.125,178.125,178.125,0.0,1.0,1.0,1.0,0.0,0.0,0.0,0.0,-74.53125,1.0
2013-06-29,7,611.3,1,247.890625,164.375,164.375,164.375,0.0,1.0,1.0,1.0,0.0,0.0,0.0,0.0,-83.515625,1.0
2013-06-29,7,634.1,1,259.84375,202.734375,156.96801760187492,202.734375,0.0,1.0,1.0,1.0,0.0,0.0,45.76635739812508,0.0,-57.109375,1.0
2013-06-29,8,611.3,1,243.046875,156.796875,156.796875,156.796875,0.0,1.0,1.0,1.0,0.0,0.0,0.0,0.0,-86.25,1.0
2013-06-29,8,634.1,1,255.234375,177.65625,167.96723635187493,177.65625,0.0,1.0,1.0,1.0,0.0,0.0,9.68901364812507,0.0,-77.578125,1.0
2013-06-29,9,611.3,1,249.0625,160.9375,160.9375,160.9375,0.0,1.0,1.0,1.0,0.0,0.0,0.0,0.0,-88.125,1.0
2013-06-29,9,634.1,1,255.0,191.5625,164.14218752374993,191.5625,0.0,1.0,1.0,1.0,0.0,0.0,27.420312476250075,0.0,-63.4375,1.0
2013-06-30,0,611.3,1,251.953125,158.125,158.125,158.125,0.0,1.0,1.0,1.0,0.0,0.0,0.0,0.0,-93.828125,1.0
2013-06-30,0,634.1,1,261.953125,179.08984375,166.81267092218744,182.03125,0.0,1.0,1.0,1.0,2.94140625,0.0,15.218579077812564,0.0,-79.921875,1.0
2013-06-30,1,611.3,1,247.890625,151.015625,151.015625,151.015625,0.0,1.0,1.0,1.0,0.0,0.0,0.0,0.0,-96.875,1.0
2013-06-30,1,634.1,1,257.1875,172.8125,169.19230959406244,172.8125,0.0,1.0,1.0,1.0,0.0,0.0,3.6201904059375636,0.0,-84.375,1.0
2013-06-30,2,611.3,1,262.109375,155.9375,155.9375,155.9375,0.0,1.0,1.0,1.0,0.0,0.0,0.0,0.0,-106.171875,1.0
2013-06-30,2,634.1,1,252.890625,175.15625,175.15625,175.15625,0.0,1.0,1.0,1.0,0.0,0.0,0.0,0.0,-77.734375,1.0
2013-06-30,3,611.3,1,261.71875,160.390625,160.390625,160.390625,0.0,1.0,1.0,1.0,0.0,0.0,0.0,0.0,-101.328125,1.0
2013-06-30,3,634.1,1,254.921875,189.84375,162.80253908624994,189.84375,0.0,1.0,1.0,1.0,0.0,0.0,27.041210913750064,0.0,-65.078125,1.0
2013-06-30,4,611.3,1,274.375,156.015625,156.015625,156.015625,0.0,1.0,1.0,1.0,0.0,0.0,0.0,0.0,-118.359375,1.0
2013-06-30,4,634.1,1,251.40625,171.71875,171.71875,171.71875,0.0,1.0,1.0,1.0,0.0,0.0,0.0,0.0,-79.6875,1.0
2013-06-30,5,611.3,1,248.671875,141.875,141.875,141.875,0.0,1.0,1.0,1.0,0.0,0.0,0.0,0.0,-106.796875,1.0
2013-06-30,5,634.1,1,256.015625,168.671875,168.671875,168.671875,0.0,1.0,1.0,1.0,0.0,0.0,0.0,0.0,-87.34375,1.0
2013-06-30,6,611.3,1,268.359375,157.734375,157.734375,157.734375,0.0,1.0,1.0,1.0,0.0,0.0,0.0,0.0,-110.625,1.0
2013-06-30,6,634.1,1,255.15625,181.015625,166.80385744562494,181.015625,0.0,1.0,1.0,1.0,0.0,0.0,14.211767554375058,0.0,-74.140625,1.0
2013-06-30,7,611.3,1,265.15625,162.265625,162.265625,162.265625,0.0,1.0,1.0,1.0,0.0,0.0,0.0,0.0,-102.890625,1.0
2013-06-30,7,634.1,1,258.59375,195.9375,150.78095705499993,195.9375,0.0,1.0,1.0,1.0,0.0,0.0,45.15654294500007,0.0,-62.65625,1.0
2013-06-30,8,611.3,1,268.203125,156.640625,156.640625,156.640625,0.0,1.0,1.0,1.0,0.0,0.0,0.0,0.0,-111.5625,1.0
2013-06-30,8,634.1,1,256.796875,177.5,162.52932131281244,177.5,0.0,1.0,1.0,1.0,0.0,0.0,14.970678687187558,0.0,-79.296875,1.0
2013-06-30,9,611.3,1,272.1875,158.90625,158.90625,158.90625,0.0,1.0,1.0,1.0,0.0,0.0,0.0,0.0,-113.28125,1.0
2013-06-30,9,634.1,1,256.015625,185.0,166.16928713312493,185.0,0.0,1.0,1.0,1.0,0.0,0.0,18.830712866875075,0.0,-71.015625,1.0
