date,day_index,group,site,capacity_kwh,second_start,service_kw,planner_feasible,replay_feasible,joint_success,failure_class,terminal_soc,max_vmax,max_line_loading,max_transformer_loading
2012-07-01,0,0,611.3,500.0,24,142.5,1,1,1,pass,0.8,1.050000978647511,0.99998397038603,0.6973322671249146
2012-07-01,0,1,611.3,500.0,24,142.5,1,1,1,pass,0.8,1.0500009862784618,0.999981703386456,0.6542975426134805
2012-07-01,0,2,611.3,500.0,24,142.5,1,1,1,pass,0.8,1.0500008991742604,0.9999366933382998,0.6780482531062304
2012-07-01,0,3,611.3,500.0,24,142.5,1,1,1,pass,0.8,1.050000123701451,0.999933320977552,0.6851169741396991
2012-07-01,0,4,611.3,500.0,24,142.5,1,1,1,pass,0.8,1.050000738499659,0.9949222009821534,0.7320681320320638
2012-07-01,0,5,611.3,500.0,24,141.09375,1,1,1,pass,0.8,1.0500007600272612,0.9999285869951248,0.644011265717708
2012-07-01,0,6,611.3,500.0,24,142.5,1,1,1,pass,0.8,1.0500009476884524,0.9999604192105236,0.6711193110819885
2012-07-01,0,7,611.3,500.0,24,142.5,1,1,1,pass,0.8,1.0500008146462794,0.9999740406607118,0.6881444217312178
2012-07-01,0,8,611.3,500.0,24,142.5,1,1,1,pass,0.8,1.0499998988458743,0.9999670096102178,0.7183222573461551
2012-07-01,0,9,611.3,500.0,24,142.5,1,1,1,pass,0.8,1.0499996299722365,0.999970594567979,0.7257301194473654
2012-07-02,1,0,611.3,500.0,24,124.53125,1,1,1,pass,0.8,1.050000833505062,0.9999909175288136,0.6913514303249074
2012-07-02,1,1,611.3,500.0,24,142.5,1,1,1,pass,0.8,1.050000898367388,0.9999925847385592,0.6569660618869289
2012-07-02,1,2,611.3,500.0,24,142.5,1,1,1,pass,0.8,1.050000876129748,0.9754595714466444,0.7095292948488994
2012-07-02,1,3,611.3,500.0,24,142.5,1,1,1,pass,0.8,1.0500008906404108,0.9999403525456966,0.6856243456209403
2012-07-02,1,4,611.3,500.0,24,142.5,1,1,1,pass,0.8,1.0500008120237907,0.9899080992105368,0.692218967151127
2012-07-02,1,5,611.3,500.0,24,141.5625,1,1,1,pass,0.8,1.0500007343223337,0.9999291045958328,0.669492429434213
2012-07-02,1,6,611.3,500.0,24,142.5,1,1,1,pass,0.8,1.0500005784313278,0.9999811979815176,0.6664930867102234
2012-07-02,1,7,611.3,500.0,24,142.5,1,1,1,pass,0.8,1.049999746045884,0.9999732417395392,0.7171985929140638
2012-07-02,1,8,611.3,500.0,24,142.5,1,1,1,pass,0.8,1.0500006591894295,0.9999228626732598,0.6687042513336476
2012-07-02,1,9,611.3,500.0,24,142.5,1,1,1,pass,0.8,1.0499999276641525,0.9999664380829216,0.6804572018207435
2012-07-03,2,0,611.3,500.0,24,130.15625,1,1,1,pass,0.8,1.05000016656641,0.9999662179318,0.7372458740786657
2012-07-03,2,1,611.3,500.0,24,142.5,1,1,1,pass,0.8,1.0500009907939818,0.999915384397856,0.651391920622239
2012-07-03,2,2,611.3,500.0,24,110.625,1,1,1,pass,0.8,1.05000074008551,0.9999491375163428,0.6795816371860833
2012-07-03,2,3,611.3,500.0,24,141.796875,1,1,1,pass,0.8,1.0500008688719196,0.999994190428892,0.7160324523820908
2012-07-03,2,4,611.3,500.0,24,142.5,1,1,1,pass,0.8,1.0500006744392305,1.0000004112789225,0.6954856736130435
2012-07-03,2,5,611.3,500.0,24,142.5,1,1,1,pass,0.8,1.0500008293725256,0.9999858503829542,0.6915744949529458
2012-07-03,2,6,611.3,500.0,24,142.5,1,1,1,pass,0.8,1.0500009609484957,0.999978146677592,0.6698931777837498
2012-07-03,2,7,611.3,500.0,24,142.5,1,1,1,pass,0.8,1.0500001410932418,0.999959138159508,0.7029483982580389
2012-07-03,2,8,611.3,500.0,24,126.796875,1,1,1,pass,0.8,1.050000819852228,0.9999465936750848,0.6643434992538192
2012-07-03,2,9,611.3,500.0,24,135.703125,1,1,1,pass,0.8,1.050000306727038,0.9999663263707476,0.649383008479063
2012-07-04,3,0,611.3,500.0,24,142.5,1,1,1,pass,0.8,1.050000896713878,0.9999631094179756,0.7010614479771492
2012-07-04,3,1,611.3,500.0,24,142.5,1,1,1,pass,0.8,1.0500000241656735,0.9999906636764108,0.7216582192655818
2012-07-04,3,2,611.3,500.0,24,130.859375,1,1,1,pass,0.8,1.0500009036818552,0.9999821577458105,0.6664605208469015
2012-07-04,3,3,611.3,500.0,24,142.5,1,1,1,pass,0.8,1.0499999505550597,0.9999518364761956,0.7127502704291439
2012-07-04,3,4,611.3,500.0,24,142.5,1,1,1,pass,0.8,1.0500009231286471,0.9999721045787524,0.6930620691318481
2012-07-04,3,5,611.3,500.0,24,142.5,1,1,1,pass,0.8,1.0500006973539893,0.9999167354856922,0.6529053379950805
2012-07-04,3,6,611.3,500.0,24,142.5,1,1,1,pass,0.8,1.050000538976776,0.9999702178975272,0.6757217806131097
2012-07-04,3,7,611.3,500.0,24,142.5,1,1,1,pass,0.8,1.0500006805622797,0.9999996373848444,0.7071837168565787
2012-07-04,3,8,611.3,500.0,24,142.5,1,1,1,pass,0.8,1.050000907099248,0.9999598025542148,0.6712061929926034
2012-07-04,3,9,611.3,500.0,24,142.5,1,1,1,pass,0.8,1.050000407629038,0.9999891047021822,0.7358722765010733
2012-07-05,4,0,611.3,500.0,24,142.5,1,1,1,pass,0.8,1.0500008743899458,0.9999857512577977,0.7198410452755718
2012-07-05,4,1,611.3,500.0,24,142.5,1,1,1,pass,0.8,1.0500009413986662,0.9937312400725689,0.6420825069282293
2012-07-05,4,2,611.3,500.0,24,142.5,1,1,1,pass,0.8,1.0500000855894147,0.9999863108278292,0.6574984593737617
2012-07-05,4,3,611.3,500.0,24,142.5,1,1,1,pass,0.8,1.0500006999137776,0.9999927490090964,0.6941934936258187
2012-07-05,4,4,611.3,500.0,24,142.5,1,1,1,pass,0.8,1.0500007944420675,0.9999890171478516,0.7015038011261308
2012-07-05,4,5,611.3,500.0,24,142.5,1,1,1,pass,0.8,1.050000668886206,1.0000009016589422,0.6371328176183184
2012-07-05,4,6,611.3,500.0,24,142.5,1,1,1,pass,0.8,1.0500009967506994,0.9999366288535124,0.6750431872384783
2012-07-05,4,7,611.3,500.0,24,142.5,1,1,1,pass,0.8,1.0500007408070768,0.9999729799276048,0.7148862225688201
2012-07-05,4,8,611.3,500.0,24,142.5,1,1,1,pass,0.8,1.0500003507664089,0.9999941080592936,0.6851934720177024
2012-07-05,4,9,611.3,500.0,24,142.5,1,1,1,pass,0.8,1.0500009937227637,0.9999531541386948,0.6944281585104398
2012-07-06,5,0,611.3,500.0,24,142.5,1,1,1,pass,0.8,1.050000641769436,0.9999878852440568,0.728987117275825
2012-07-06,5,1,611.3,500.0,24,142.5,1,1,1,pass,0.8,1.050000642132202,0.9648615300409652,0.6577360233038928
2012-07-06,5,2,611.3,500.0,24,142.5,1,1,1,pass,0.8,1.050000956150596,0.9999911650815356,0.6916588514998862
2012-07-06,5,3,611.3,500.0,24,142.5,1,1,1,pass,0.8,1.0500003870916503,0.999997236731182,0.6931340130205498
2012-07-06,5,4,611.3,500.0,24,142.5,1,1,1,pass,0.8,1.050000761192871,0.9886004581843086,0.6846362874617471
2012-07-06,5,5,611.3,500.0,24,142.5,1,1,1,pass,0.8,1.050000901610508,0.9999890022140668,0.6616425849679647
2012-07-06,5,6,611.3,500.0,24,142.5,1,1,1,pass,0.8,1.0500007374566642,0.9999739249603624,0.6630473906776001
2012-07-06,5,7,611.3,500.0,24,142.5,1,1,1,pass,0.8,1.0500004598876618,0.9999833192388234,0.6753420595519967
2012-07-06,5,8,611.3,500.0,24,142.5,1,1,1,pass,0.8,1.050000798419577,0.9999900467743764,0.6577759286117959
2012-07-06,5,9,611.3,500.0,24,142.5,1,1,1,pass,0.8,1.0500005946947666,0.9999662302035578,0.6637224539718732
2012-07-07,6,0,611.3,500.0,24,142.5,1,1,1,pass,0.8,1.050000554638116,0.9999736223134208,0.731794841686521
2012-07-07,6,1,611.3,500.0,24,142.5,1,1,1,pass,0.8,1.0500007887259888,0.9992055266688104,0.6997124305079289
2012-07-07,6,2,611.3,500.0,24,142.5,1,1,1,pass,0.8,1.0500009113838134,0.9893794699590236,0.6364480730711882
2012-07-07,6,3,611.3,500.0,24,142.5,1,1,1,pass,0.8,1.0500004784489676,0.9999689241271156,0.6854657672129756
2012-07-07,6,4,611.3,500.0,24,142.5,1,1,1,pass,0.8,1.05000052254677,0.999935604494892,0.6590084007435434
2012-07-07,6,5,611.3,500.0,24,142.109375,1,1,1,pass,0.8,1.0500008650634844,0.9999960115699684,0.6633269320817559
2012-07-07,6,6,611.3,500.0,24,142.5,1,1,1,pass,0.8,1.050000984624048,0.9999924326111428,0.6751745189451943
2012-07-07,6,7,611.3,500.0,24,142.5,1,1,1,pass,0.8,1.0500009069423095,0.9999948773777332,0.7183618838743407
2012-07-07,6,8,611.3,500.0,24,142.5,1,1,1,pass,0.8,1.0500004854750755,0.9984779847397915,0.664382035380675
2012-07-07,6,9,611.3,500.0,24,142.5,1,1,1,pass,0.8,1.0500002591299475,0.9999667280236756,0.6619980981680594
2012-07-08,7,0,611.3,500.0,24,106.5625,1,1,1,pass,0.8,1.0500008604042277,0.9999383379391272,0.724685662794057
2012-07-08,7,1,611.3,500.0,24,120.234375,1,1,1,pass,0.8,1.0500008342394274,0.9999437245831098,0.6854549687912431
2012-07-08,7,2,611.3,500.0,24,142.5,1,1,1,pass,0.8,1.0500005282403595,0.9999642772020786,0.651248204273248
2012-07-08,7,3,611.3,500.0,24,139.765625,1,1,1,pass,0.8,1.0500000533108278,0.999995810852978,0.7006775953376324
2012-07-08,7,4,611.3,500.0,24,142.5,1,1,1,pass,0.8,1.050000706915385,0.9881596079908982,0.6938536972553276
2012-07-08,7,5,611.3,500.0,24,142.5,1,1,1,pass,0.8,1.050000859156332,0.9711674438645,0.6458504631411199
2012-07-08,7,6,611.3,500.0,24,142.5,1,1,1,pass,0.8,1.0500004997737418,0.99994279057602,0.6745989171510176
2012-07-08,7,7,611.3,500.0,24,142.5,1,1,1,pass,0.8,1.050000935188869,0.9999954317321396,0.6968775268062734
2012-07-08,7,8,611.3,500.0,24,142.5,1,1,1,pass,0.8,1.0500005923972762,0.9999615366926752,0.6614324612585629
2012-07-08,7,9,611.3,500.0,24,142.5,1,1,1,pass,0.8,1.0499999638976318,0.9999171796752676,0.6927630141438218
2012-07-09,8,0,611.3,500.0,24,142.5,1,1,1,pass,0.8,1.0500008583636642,0.9999336814750818,0.7268080702590263
2012-07-09,8,1,611.3,500.0,24,142.5,1,1,1,pass,0.8,1.0500009889849933,0.9524603346436672,0.6432524141561445
2012-07-09,8,2,611.3,500.0,24,142.5,1,1,1,pass,0.8,1.0500007997596124,0.9646513578631166,0.7225585464137795
2012-07-09,8,3,611.3,500.0,24,142.5,1,1,1,pass,0.8,1.0500001115507085,0.9999650781519074,0.6573964307952935
2012-07-09,8,4,611.3,500.0,24,142.5,1,1,1,pass,0.8,1.0500007737570232,0.9696734679451992,0.6358578686739063
2012-07-09,8,5,611.3,500.0,24,134.0625,1,1,1,pass,0.8,1.0500007718379003,0.999979903365474,0.6227230585226277
2012-07-09,8,6,611.3,500.0,24,133.4375,1,1,1,pass,0.8,1.050000812247596,0.9999760829540096,0.6299268526707162
2012-07-09,8,7,611.3,500.0,24,142.5,1,1,1,pass,0.8,1.0500009664434742,0.9999680007290264,0.7045693199804757
2012-07-09,8,8,611.3,500.0,24,142.5,1,1,1,pass,0.8,1.0500009423827787,0.9999943922425276,0.6668596078569697
2012-07-09,8,9,611.3,500.0,24,122.34375,1,1,1,pass,0.8,1.0500007144548071,0.9999654776209193,0.6836601813807299
2012-07-10,9,0,611.3,500.0,24,142.5,1,1,1,pass,0.8,1.0500008538268677,0.999997105589185,0.7113863268288554
2012-07-10,9,1,611.3,500.0,24,142.5,1,1,1,pass,0.8,1.050000797710243,0.9466671659380146,0.6320910029495042
2012-07-10,9,2,611.3,500.0,24,133.59375,1,1,1,pass,0.8,1.0500006371210202,0.9896017922619949,0.6428734188981393
2012-07-10,9,3,611.3,500.0,24,142.5,1,1,1,pass,0.8,1.0500009663000065,0.9674244344938376,0.6642659445199687
2012-07-10,9,4,611.3,500.0,24,142.5,1,1,1,pass,0.8,1.0499999107151254,0.9999525459022304,0.6284750598511555
2012-07-10,9,5,611.3,500.0,24,133.203125,1,1,1,pass,0.8,1.0500002277557263,0.9999517342618606,0.6173212002629098
2012-07-10,9,6,611.3,500.0,24,142.5,1,1,1,pass,0.8,1.050000274593575,0.9999833902464604,0.6246353975131567
2012-07-10,9,7,611.3,500.0,24,142.5,1,1,1,pass,0.8,1.0500008491807316,0.9862372009897438,0.6558561366196363
2012-07-10,9,8,611.3,500.0,24,142.5,1,1,1,pass,0.8,1.0500007703839307,0.9999503698933432,0.6234079737902176
2012-07-10,9,9,611.3,500.0,24,142.5,1,1,1,pass,0.8,1.0500007236418691,0.9999626793488068,0.6447003930779713
2012-07-11,10,0,611.3,500.0,24,112.578125,1,1,1,pass,0.8,1.0500007701982312,0.9999973264968574,0.6796801772901662
2012-07-11,10,1,611.3,500.0,24,142.5,1,1,1,pass,0.8,1.0500007717882365,0.9680297158542276,0.6400080107308653
2012-07-11,10,2,611.3,500.0,24,113.359375,1,1,1,pass,0.8,1.0500009445295586,0.9999489906947788,0.6130818545203399
2012-07-11,10,3,611.3,500.0,24,136.328125,1,1,1,pass,0.8,1.0500009887393331,0.9999609292993428,0.6446833389708503
2012-07-11,10,4,611.3,500.0,24,137.03125,1,1,1,pass,0.8,1.0500009129289136,0.99997122633845,0.643366931154679
2012-07-11,10,5,611.3,500.0,24,94.765625,1,1,1,pass,0.8,1.0500002436092688,0.9255880859293448,0.6439049630627709
2012-07-11,10,6,611.3,500.0,24,130.390625,1,1,1,pass,0.8,1.0500003841392267,0.999975249770358,0.6393169332695605
2012-07-11,10,7,611.3,500.0,24,132.65625,1,1,1,pass,0.8,1.050000537908259,0.9999600669022856,0.6352407487709345
2012-07-11,10,8,611.3,500.0,24,128.28125,1,1,1,pass,0.8,1.0500008977767037,0.9999907765122203,0.6403767463387343
2012-07-11,10,9,611.3,500.0,24,129.0625,1,1,1,pass,0.8,1.0500005843819329,0.9999885396881012,0.6442928133981983
2012-07-12,11,0,611.3,500.0,24,142.5,1,1,1,pass,0.8,1.050000596602731,0.9999692026355872,0.6661169322548309
2012-07-12,11,1,611.3,500.0,24,142.5,1,1,1,pass,0.8,1.0500009306652491,0.9999318504606838,0.6208868130087644
2012-07-12,11,2,611.3,500.0,24,142.5,1,1,1,pass,0.8,1.0500009422838623,0.999944079317522,0.6366140097444821
2012-07-12,11,3,611.3,500.0,24,142.5,1,1,1,pass,0.8,1.050000745263795,0.9470161370235968,0.6399248160180007
2012-07-12,11,4,611.3,500.0,24,142.5,1,1,1,pass,0.8,1.0500009953040934,0.999935398534224,0.6176131305092903
2012-07-12,11,5,611.3,500.0,24,142.5,1,1,1,pass,0.8,1.050000683260876,0.9890622255303853,0.624837734287155
2012-07-12,11,6,611.3,500.0,24,142.5,1,1,1,pass,0.8,1.0500009034668925,0.9999469220978112,0.6482452594195913
2012-07-12,11,7,611.3,500.0,24,142.5,1,1,1,pass,0.8,1.050000737308773,0.9999354192065094,0.6668471543872421
2012-07-12,11,8,611.3,500.0,24,142.5,1,1,1,pass,0.8,1.0500006331216245,0.9999831002560204,0.6245182250528292
2012-07-12,11,9,611.3,500.0,24,142.5,1,1,1,pass,0.8,1.0500006684904382,0.9999287290623632,0.6599801046367574
2012-07-13,12,0,611.3,500.0,24,142.5,1,1,1,pass,0.8,1.0500006483534792,0.9999278548253592,0.6802295888427572
2012-07-13,12,1,611.3,500.0,24,142.5,1,1,1,pass,0.8,1.0500009985088552,0.9595058060672792,0.5992960543037835
2012-07-13,12,2,611.3,500.0,24,142.5,1,1,1,pass,0.8,1.0500007114601233,0.9999239525023476,0.6514264944983768
2012-07-13,12,3,611.3,500.0,24,142.5,1,1,1,pass,0.8,1.05000056345721,0.9424914868252308,0.6251700138222489
2012-07-13,12,4,611.3,500.0,24,136.09375,1,1,1,pass,0.8,1.0499999882781197,0.9726529735071092,0.6108038740320969
2012-07-13,12,5,611.3,500.0,24,134.375,1,1,1,pass,0.8,1.050000897033107,0.9708367431478488,0.6441368812271164
2012-07-13,12,6,611.3,500.0,24,142.5,1,1,1,pass,0.8,1.0500009265009052,0.999945945450358,0.6441980276910569
2012-07-13,12,7,611.3,500.0,24,142.5,1,1,1,pass,0.8,1.0500002838067928,0.9999606932483728,0.6433842343758397
2012-07-13,12,8,611.3,500.0,24,142.5,1,1,1,pass,0.8,1.0500007933815911,0.9999325075860962,0.6410901411932654
2012-07-13,12,9,611.3,500.0,24,129.0625,1,1,1,pass,0.8,1.0500008159811585,0.9999648159679374,0.6483128368068186
2012-07-14,13,0,611.3,500.0,24,118.828125,1,1,1,pass,0.8,1.0500009485897994,0.9999906698989816,0.7163576634489356
2012-07-14,13,1,611.3,500.0,24,132.96875,1,1,1,pass,0.8,1.050000695485623,0.9356225513268625,0.6176701229102204
2012-07-14,13,2,611.3,500.0,24,138.671875,1,1,1,pass,0.8,1.0500009297205897,0.9999409943012468,0.6480567012650762
2012-07-14,13,3,611.3,500.0,24,142.5,1,1,1,pass,0.8,1.050000535734803,0.9999197967329426,0.6727157196253456
2012-07-14,13,4,611.3,500.0,24,142.5,1,1,1,pass,0.8,1.0500007892951526,0.967092212926478,0.6029981432074526
2012-07-14,13,5,611.3,500.0,24,123.203125,1,1,1,pass,0.8,1.0500009588365171,0.9513661781545002,0.6339640999790312
2012-07-14,13,6,611.3,500.0,24,142.5,1,1,1,pass,0.8,1.0500007722943927,0.999991216293408,0.6442132601706081
2012-07-14,13,7,611.3,500.0,24,133.4375,1,1,1,pass,0.8,1.0499996585169395,0.9999503254035425,0.6583299760397747
2012-07-14,13,8,611.3,500.0,24,130.3125,1,1,1,pass,0.8,1.0500005464282731,0.9999462915881104,0.6239965781057488
2012-07-14,13,9,611.3,500.0,24,134.53125,1,1,1,pass,0.8,1.0499996260020903,0.9999888366893612,0.648938270727079
2012-07-15,14,0,611.3,500.0,24,118.90625,1,1,1,pass,0.8,1.0500004958572282,0.9999428344843508,0.6996625428838382
2012-07-15,14,1,611.3,500.0,24,139.6875,1,1,1,pass,0.8,1.050000994029869,0.9999315145796298,0.68789051650556
2012-07-15,14,2,611.3,500.0,24,119.453125,1,1,1,pass,0.8,1.050000717555259,0.9627976734853724,0.6370488256377987
2012-07-15,14,3,611.3,500.0,24,130.859375,1,1,1,pass,0.8,1.0500009831795196,0.9815447059321524,0.6881278516796945
2012-07-15,14,4,611.3,500.0,24,142.5,1,1,1,pass,0.8,1.0500008261637443,0.9999213552825136,0.7022615529382288
2012-07-15,14,5,611.3,500.0,24,101.015625,1,1,1,pass,0.8,1.0500002585301609,1.0000006786511886,0.6311830491390077
2012-07-15,14,6,611.3,500.0,24,142.5,1,1,1,pass,0.8,1.0500007353721343,0.99997431374598,0.6780730673609564
2012-07-15,14,7,611.3,500.0,24,142.5,1,1,1,pass,0.8,1.050000513718706,0.999941881812214,0.6856564353161819
2012-07-15,14,8,611.3,500.0,24,136.171875,1,1,1,pass,0.8,1.0500009348094397,0.9999501975208196,0.6581046171637156
2012-07-15,14,9,611.3,500.0,24,135.78125,1,1,1,pass,0.8,1.050000453473764,0.999945726330318,0.6776739019245406
2012-07-16,15,0,611.3,500.0,24,122.65625,1,1,1,pass,0.8,1.05000071017177,0.9999907985293492,0.6756571488761199
2012-07-16,15,1,611.3,500.0,24,138.984375,1,1,1,pass,0.8,1.0500009113156292,0.9596702675074624,0.6645997017756823
2012-07-16,15,2,611.3,500.0,24,119.0625,1,1,1,pass,0.8,1.0500005166917563,0.9999826992655104,0.6843385308743946
2012-07-16,15,3,611.3,500.0,24,124.6875,1,1,1,pass,0.8,1.050000896012847,0.9616000460102704,0.6887492066875752
2012-07-16,15,4,611.3,500.0,24,136.25,1,1,1,pass,0.8,1.0500006849212002,0.9999914712783194,0.6381739790262414
2012-07-16,15,5,611.3,500.0,24,124.375,1,1,1,pass,0.8,1.050000895762251,0.9781904344110192,0.6407250987881759
2012-07-16,15,6,611.3,500.0,24,142.5,1,1,1,pass,0.8,1.0500000291604188,0.9999514630622508,0.6420274013673597
2012-07-16,15,7,611.3,500.0,24,127.890625,1,1,1,pass,0.8,1.0499997468213311,0.999977714612095,0.7007828827864653
2012-07-16,15,8,611.3,500.0,24,116.328125,1,1,1,pass,0.8,1.050000948238309,0.9811528567032128,0.6615044098995815
2012-07-16,15,9,611.3,500.0,24,142.5,1,1,1,pass,0.8,1.0500008401646248,0.9999793818138066,0.6533251131544747
2012-07-17,16,0,611.3,500.0,24,115.3125,1,1,1,pass,0.8,1.0500004942976373,0.9999243642545192,0.6838148697860423
2012-07-17,16,1,611.3,500.0,24,105.546875,1,1,1,pass,0.8,1.050000970107069,0.9925254062287242,0.647920812261015
2012-07-17,16,2,611.3,500.0,24,123.4375,1,1,1,pass,0.8,1.050000169698002,0.9999917155340516,0.6502040243557764
2012-07-17,16,3,611.3,500.0,24,109.6875,1,1,1,pass,0.8,1.0500008582022322,0.9828463354551186,0.6670382215834555
2012-07-17,16,4,611.3,500.0,24,117.34375,1,1,1,pass,0.8,1.0500004799492797,0.9999873206029996,0.6381739815031923
2012-07-17,16,5,611.3,500.0,24,84.765625,1,1,1,pass,0.8,1.050000851408761,0.9441363320528124,0.6375007706143788
2012-07-17,16,6,611.3,500.0,24,125.390625,1,1,1,pass,0.8,1.0500004292114906,0.9999274692920932,0.6445719500367247
2012-07-17,16,7,611.3,500.0,24,142.5,1,1,1,pass,0.8,1.0500009843507383,0.9999355515080492,0.6677545438667972
2012-07-17,16,8,611.3,500.0,24,118.4375,1,1,1,pass,0.8,1.0500004032291352,0.9999972829887622,0.6476352638580569
2012-07-17,16,9,611.3,500.0,24,116.171875,1,1,1,pass,0.8,1.050000912050446,0.9999968872692933,0.6414375444273951
2012-07-18,17,0,611.3,500.0,24,115.234375,1,1,1,pass,0.8,1.0500006553352372,0.9999908005416526,0.6883682009137758
2012-07-18,17,1,611.3,500.0,24,117.1875,1,1,1,pass,0.8,1.0500009846601923,0.9531927233557478,0.6587110564840903
2012-07-18,17,2,611.3,500.0,24,129.921875,1,1,1,pass,0.8,1.0500009299028863,0.9678095913988196,0.6703748520128567
2012-07-18,17,3,611.3,500.0,24,116.953125,1,1,1,pass,0.8,1.050000969326612,0.9999939108271564,0.6686821924326799
2012-07-18,17,4,611.3,500.0,24,118.59375,1,1,1,pass,0.8,1.0500006386945655,0.9999409445264326,0.6201811994028945
2012-07-18,17,5,611.3,500.0,24,99.453125,1,1,1,pass,0.8,1.050000720121109,0.9604603925528769,0.6209207145736544
2012-07-18,17,6,611.3,500.0,24,142.5,1,1,1,pass,0.8,1.05000054099342,0.9999581634866506,0.6343923372067494
2012-07-18,17,7,611.3,500.0,24,142.5,1,1,1,pass,0.8,1.050000771938837,0.999987448545498,0.6756006844438461
2012-07-18,17,8,611.3,500.0,24,114.453125,1,1,1,pass,0.8,1.0500007160001834,0.9999854596996696,0.6665001188845746
2012-07-18,17,9,611.3,500.0,24,142.5,1,1,1,pass,0.8,1.0500006451422266,0.9999933277223008,0.6495722730510383
2012-07-19,18,0,611.3,500.0,24,142.5,1,1,1,pass,0.8,1.0500009761824505,0.9999607389707366,0.722890593701508
2012-07-19,18,1,611.3,500.0,24,142.5,1,1,1,pass,0.8,1.0500004120182618,0.98843238810721,0.669060405256392
2012-07-19,18,2,611.3,500.0,24,142.5,1,1,1,pass,0.8,1.050000963394657,0.9999875364870364,0.6606174884051886
2012-07-19,18,3,611.3,500.0,24,142.5,1,1,1,pass,0.8,1.049999865360688,0.999915510657188,0.6838935410091129
2012-07-19,18,4,611.3,500.0,24,142.5,1,1,1,pass,0.8,1.0500008292434142,0.9999604156702948,0.6800112004007561
2012-07-19,18,5,611.3,500.0,24,142.5,1,1,1,pass,0.8,1.0500008604816136,0.9419405891948426,0.635443721920958
2012-07-19,18,6,611.3,500.0,24,142.5,1,1,1,pass,0.8,1.0500001087227249,1.00000067327129,0.6523467076907488
2012-07-19,18,7,611.3,500.0,24,142.5,1,1,1,pass,0.8,1.0500004045033775,1.00000002830606,0.695920098700083
2012-07-19,18,8,611.3,500.0,24,142.5,1,1,1,pass,0.8,1.050000609108679,0.9999806117001804,0.666585046406245
2012-07-19,18,9,611.3,500.0,24,142.5,1,1,1,pass,0.8,1.0500000218680368,0.9999652749414792,0.655923697315696
2012-07-20,19,0,611.3,500.0,24,126.015625,1,1,1,pass,0.8,1.0500005792377056,0.9999865823117772,0.7194910336455996
2012-07-20,19,1,611.3,500.0,24,142.34375,1,1,1,pass,0.8,1.0500009559591097,0.9689659687619246,0.6655968545167165
2012-07-20,19,2,611.3,500.0,24,115.859375,1,1,1,pass,0.8,1.0500004616918024,0.960310375364534,0.6760218895308338
2012-07-20,19,3,611.3,500.0,24,142.5,1,1,1,pass,0.8,1.0500005841428908,0.969204965073199,0.7033429001901071
2012-07-20,19,4,611.3,500.0,24,142.5,1,1,1,pass,0.8,1.0500008868669612,0.9738638883356444,0.6605100179799375
2012-07-20,19,5,611.3,500.0,24,111.328125,1,1,1,pass,0.8,1.0500001739972415,0.9787029745364572,0.6557253661161581
2012-07-20,19,6,611.3,500.0,24,141.40625,1,1,1,pass,0.8,1.050000651334195,0.999974776655102,0.6625503109529945
2012-07-20,19,7,611.3,500.0,24,136.25,1,1,1,pass,0.8,1.0500000065187045,0.9999323450880832,0.6926025938623466
2012-07-20,19,8,611.3,500.0,24,126.640625,1,1,1,pass,0.8,1.0500009605356757,0.9999201664306654,0.6756957571844934
2012-07-20,19,9,611.3,500.0,24,142.5,1,1,1,pass,0.8,1.0500009154574546,0.9999967992894228,0.669115483744414
2012-07-21,20,0,611.3,500.0,24,142.5,1,1,1,pass,0.8,1.0500007935992148,0.9999858716776548,0.7356329557244684
2012-07-21,20,1,611.3,500.0,24,142.5,1,1,1,pass,0.8,1.0500004900819395,0.9999344785090314,0.6583962681203476
2012-07-21,20,2,611.3,500.0,24,142.5,1,1,1,pass,0.8,1.050000879499089,0.9553162801347248,0.6920745216667608
2012-07-21,20,3,611.3,500.0,24,139.609375,1,1,1,pass,0.8,1.0500007678612535,0.9999710075348286,0.6722903372736071
2012-07-21,20,4,611.3,500.0,24,142.5,1,1,1,pass,0.8,1.0500003691559627,1.0000006296241368,0.6701451293312389
2012-07-21,20,5,611.3,500.0,24,142.5,1,1,1,pass,0.8,1.0500006387106031,0.9999654127625216,0.6417186685689314
2012-07-21,20,6,611.3,500.0,24,142.5,1,1,1,pass,0.8,1.0500007358553745,0.9999508983163476,0.6860475719454829
2012-07-21,20,7,611.3,500.0,24,142.5,1,1,1,pass,0.8,1.0499998972424822,0.9999809241882612,0.7085426633460055
2012-07-21,20,8,611.3,500.0,24,142.5,1,1,1,pass,0.8,1.0500009553550675,0.9943681280391644,0.6972964068064103
2012-07-21,20,9,611.3,500.0,24,142.5,1,1,1,pass,0.8,1.0499998646852622,0.999979424800665,0.7346231796906837
2012-07-22,21,0,611.3,500.0,24,142.5,1,1,1,pass,0.8,1.0500004533832472,0.9999808553037112,0.7439935848801303
2012-07-22,21,1,611.3,500.0,24,142.5,1,1,1,pass,0.8,1.0500004443034217,0.9595931369357686,0.6466576970953432
2012-07-22,21,2,611.3,500.0,24,142.5,1,1,1,pass,0.8,1.050000790029218,0.9768094915516212,0.650747313933016
2012-07-22,21,3,611.3,500.0,24,140.0,1,1,1,pass,0.8,1.0500004322231151,0.9722846679138536,0.6902634250911023
2012-07-22,21,4,611.3,500.0,24,142.5,1,1,1,pass,0.8,1.0500009058942543,0.9999759138393834,0.6522057359309927
2012-07-22,21,5,611.3,500.0,24,142.5,1,1,1,pass,0.8,1.0500004469172113,0.9999620498374784,0.694117354982501
2012-07-22,21,6,611.3,500.0,24,142.5,1,1,1,pass,0.8,1.0500005306513234,0.9999938651508696,0.6602924659259026
2012-07-22,21,7,611.3,500.0,24,142.5,1,1,1,pass,0.8,1.0499999723662423,0.999969604801782,0.72041524521251
2012-07-22,21,8,611.3,500.0,24,142.5,1,1,1,pass,0.8,1.050000445845087,0.99998653035893,0.7203758864170174
2012-07-22,21,9,611.3,500.0,24,142.5,1,1,1,pass,0.8,1.0500004853923743,0.9999996822940234,0.6835460968322851
2012-07-23,22,0,611.3,500.0,24,142.5,1,1,1,pass,0.8,1.0500000412726904,0.9999960602507928,0.7077150799465541
2012-07-23,22,1,611.3,500.0,24,142.5,1,1,1,pass,0.8,1.0500006475049248,0.9662427807995272,0.657591241890313
2012-07-23,22,2,611.3,500.0,24,136.328125,1,1,1,pass,0.8,1.050000494326104,0.9644572961708286,0.6605327134401245
2012-07-23,22,3,611.3,500.0,24,142.5,1,1,1,pass,0.8,1.0500008498044586,0.9630825760420184,0.6988270874691408
2012-07-23,22,4,611.3,500.0,24,142.5,1,1,1,pass,0.8,1.050000922467763,0.9999734139433876,0.6804390851292926
2012-07-23,22,5,611.3,500.0,24,134.453125,1,1,1,pass,0.8,1.050000930812036,0.9999956431659748,0.6363467228313425
2012-07-23,22,6,611.3,500.0,24,142.5,1,1,1,pass,0.8,1.0500005335362983,0.9999359453506638,0.6375679320657172
2012-07-23,22,7,611.3,500.0,24,142.5,1,1,1,pass,0.8,1.0500005598556967,0.99999824322539,0.7088046127459111
2012-07-23,22,8,611.3,500.0,24,142.5,1,1,1,pass,0.8,1.05000093853905,0.9999992305584172,0.6669690242513227
2012-07-23,22,9,611.3,500.0,24,142.5,1,1,1,pass,0.8,1.0500009520549416,0.9999250313675409,0.6893186523182456
2012-07-24,23,0,611.3,500.0,24,142.5,1,1,1,pass,0.8,1.0500007126499125,0.9999588865067814,0.7304439830448044
2012-07-24,23,1,611.3,500.0,24,142.5,1,1,1,pass,0.8,1.0500005458510038,0.972387499169444,0.6744740241101201
2012-07-24,23,2,611.3,500.0,24,138.359375,1,1,1,pass,0.8,1.050000849839045,0.9999398834583024,0.6303499362965291
2012-07-24,23,3,611.3,500.0,24,142.5,1,1,1,pass,0.8,1.0500008937320366,0.99999191230451,0.6976539842931543
2012-07-24,23,4,611.3,500.0,24,142.5,1,1,1,pass,0.8,1.050000173761228,0.9999712946072348,0.6335276249631954
2012-07-24,23,5,611.3,500.0,24,133.59375,1,1,1,pass,0.8,1.0500007430533924,0.9534190578525408,0.6432412081085007
2012-07-24,23,6,611.3,500.0,24,142.5,1,1,1,pass,0.8,1.050000743427438,0.999993003196556,0.6492212118321797
2012-07-24,23,7,611.3,500.0,24,142.5,1,1,1,pass,0.8,1.05000065254213,0.9999630220878768,0.6696900610642411
2012-07-24,23,8,611.3,500.0,24,142.5,1,1,1,pass,0.8,1.050000747624438,0.9999500051847876,0.6839608331437625
2012-07-24,23,9,611.3,500.0,24,142.5,1,1,1,pass,0.8,1.0500008728027226,0.9999654903314042,0.6487764607153854
2012-07-25,24,0,611.3,500.0,24,119.21875,1,1,1,pass,0.8,1.050000494054539,0.9999979284024942,0.6967897361627888
2012-07-25,24,1,611.3,500.0,24,134.140625,1,1,1,pass,0.8,1.0500008322021115,0.9999379392201388,0.659744933772566
2012-07-25,24,2,611.3,500.0,24,95.78125,1,1,1,pass,0.8,1.0500002616457766,0.928084793314654,0.632415970624503
2012-07-25,24,3,611.3,500.0,24,94.296875,1,1,1,pass,0.8,1.0500007719109676,0.977672106897622,0.6552876946880323
2012-07-25,24,4,611.3,500.0,24,132.8125,1,1,1,pass,0.8,1.050000798722913,0.9999718569617458,0.6416439104723981
2012-07-25,24,5,611.3,500.0,24,101.953125,1,1,1,pass,0.8,1.050000149112609,0.964304183497422,0.6459179189266824
2012-07-25,24,6,611.3,500.0,24,121.40625,1,1,1,pass,0.8,1.049999673172484,0.9999678474884808,0.6505727959086723
2012-07-25,24,7,611.3,500.0,24,124.765625,1,1,1,pass,0.8,1.0500003743921988,0.9999234061826064,0.6784111064569764
2012-07-25,24,8,611.3,500.0,24,96.71875,1,1,1,pass,0.8,1.0500006748952089,0.9926359481152054,0.6572295428077726
2012-07-25,24,9,611.3,500.0,24,113.125,1,1,1,pass,0.8,1.0500009482132653,0.9999709254385856,0.6511896624174917
2012-07-26,25,0,611.3,500.0,24,142.5,1,1,1,pass,0.8,1.050000933419862,0.999971070039258,0.7515253508969293
2012-07-26,25,1,611.3,500.0,24,142.5,1,1,1,pass,0.8,1.050000827007674,0.9362464803844978,0.6939901333043912
2012-07-26,25,2,611.3,500.0,24,139.84375,1,1,1,pass,0.8,1.0500004317397902,0.9999708754957152,0.6494137483068712
2012-07-26,25,3,611.3,500.0,24,142.5,1,1,1,pass,0.8,1.0500008338296467,0.999921397689223,0.6582416559605576
2012-07-26,25,4,611.3,500.0,24,142.5,1,1,1,pass,0.8,1.0500005082356338,0.9999790650735736,0.6128211802716728
2012-07-26,25,5,611.3,500.0,24,132.734375,1,1,1,pass,0.8,1.050000578576046,0.9567789684083634,0.6133381067696202
2012-07-26,25,6,611.3,500.0,24,142.5,1,1,1,pass,0.8,1.0500007036547483,0.9999538689634566,0.6587043330351903
2012-07-26,25,7,611.3,500.0,24,142.5,1,1,1,pass,0.8,1.0500003396063389,0.9999723344205408,0.6287530688807349
2012-07-26,25,8,611.3,500.0,24,142.5,1,1,1,pass,0.8,1.050000509863032,0.9999313277798916,0.6607417040485993
2012-07-26,25,9,611.3,500.0,24,138.046875,1,1,1,pass,0.8,1.0500001501853544,0.9999897393919644,0.6782244887448307
2012-07-27,26,0,611.3,500.0,24,119.53125,1,1,1,pass,0.8,1.0500004491702712,0.9999608711990384,0.7497640807256954
2012-07-27,26,1,611.3,500.0,24,125.625,1,1,1,pass,0.8,1.0500009281636815,0.980621712519049,0.6385432558326958
2012-07-27,26,2,611.3,500.0,24,101.171875,1,1,1,pass,0.8,1.0500004254945527,0.9999576015472378,0.6587713495353448
2012-07-27,26,3,611.3,500.0,24,123.359375,1,1,1,pass,0.8,1.050000591112338,0.9999922893337476,0.6665747922272728
2012-07-27,26,4,611.3,500.0,24,129.6875,1,1,1,pass,0.8,1.05000097665197,0.9716347047075008,0.6218328613915709
2012-07-27,26,5,611.3,500.0,24,142.5,1,1,1,pass,0.8,1.0500009903482683,0.9999725578524912,0.6479377775943034
2012-07-27,26,6,611.3,500.0,24,142.5,1,1,1,pass,0.8,1.0500007378059355,0.9999574780414971,0.6515275954926082
2012-07-27,26,7,611.3,500.0,24,131.40625,1,1,1,pass,0.8,1.0500009083832254,0.9999990741392224,0.6488056184487203
2012-07-27,26,8,611.3,500.0,24,112.96875,1,1,1,pass,0.8,1.050000771769252,0.9999557086781354,0.6781378428029524
2012-07-27,26,9,611.3,500.0,24,125.078125,1,1,1,pass,0.8,1.0500004719173914,0.9999993026983808,0.6766002656108221
2012-07-28,27,0,611.3,500.0,24,142.5,1,1,1,pass,0.8,1.0500008209653278,0.9999785953627384,0.7499451092158232
2012-07-28,27,1,611.3,500.0,24,142.5,1,1,1,pass,0.8,1.0500009048862116,0.9999951205256596,0.6370904406840664
2012-07-28,27,2,611.3,500.0,24,126.25,1,1,1,pass,0.8,1.050000803892106,0.9207808631405132,0.6397433395186071
2012-07-28,27,3,611.3,500.0,24,139.453125,1,1,1,pass,0.8,1.050000911697317,0.9999191115380662,0.6729515078709
2012-07-28,27,4,611.3,500.0,24,142.5,1,1,1,pass,0.8,1.0500001436402373,0.9999425837529746,0.633034744097948
2012-07-28,27,5,611.3,500.0,24,133.671875,1,1,1,pass,0.8,1.0500009192793385,0.973344215265889,0.6514459769408587
2012-07-28,27,6,611.3,500.0,24,142.5,1,1,1,pass,0.8,1.050000474376087,0.9999521603067534,0.6715792478038467
2012-07-28,27,7,611.3,500.0,24,130.390625,1,1,1,pass,0.8,1.0500009938168728,0.999964247472873,0.6493043828777113
2012-07-28,27,8,611.3,500.0,24,142.5,1,1,1,pass,0.8,1.0500008025247414,0.9999929562878894,0.6945852649861762
2012-07-28,27,9,611.3,500.0,24,142.5,1,1,1,pass,0.8,1.050000551408382,1.0000008472958497,0.6389244801962378
2012-07-29,28,0,611.3,500.0,24,142.5,1,1,1,pass,0.8,1.0500009263848011,0.9999891045623748,0.7244477804985848
2012-07-29,28,1,611.3,500.0,24,142.5,1,1,1,pass,0.8,1.0500007195279202,0.955881221931072,0.6705365712448997
2012-07-29,28,2,611.3,500.0,24,142.5,1,1,1,pass,0.8,1.0500009303037503,0.9916479407578472,0.6677187893168759
2012-07-29,28,3,611.3,500.0,24,142.5,1,1,1,pass,0.8,1.0500007510845826,0.9698270210408512,0.6951758142843367
2012-07-29,28,4,611.3,500.0,24,142.5,1,1,1,pass,0.8,1.0500008836449588,0.9999854069226256,0.6297608425161012
2012-07-29,28,5,611.3,500.0,24,142.5,1,1,1,pass,0.8,1.0500008494935518,0.996545749549204,0.6332102680971046
2012-07-29,28,6,611.3,500.0,24,142.5,1,1,1,pass,0.8,1.0500009494673073,0.9999943329956896,0.6827169857627451
2012-07-29,28,7,611.3,500.0,24,138.359375,1,1,1,pass,0.8,1.0500002841308846,0.9999515041212068,0.6887386996379947
2012-07-29,28,8,611.3,500.0,24,142.5,1,1,1,pass,0.8,1.05000007458316,0.9926359720067924,0.6807760644096084
2012-07-29,28,9,611.3,500.0,24,142.5,1,1,1,pass,0.8,1.0500003814902956,0.9999481422882088,0.7262907055602642
2012-07-30,29,0,611.3,500.0,24,108.359375,1,1,1,pass,0.8,1.0500002589254225,0.9999958477884204,0.7290441792594257
2012-07-30,29,1,611.3,500.0,24,135.234375,1,1,1,pass,0.8,1.0500005215611508,0.9673052590887994,0.6754358589752566
2012-07-30,29,2,611.3,500.0,24,142.5,1,1,1,pass,0.8,1.0500009512034951,0.9999412823757758,0.6804585490821052
2012-07-30,29,3,611.3,500.0,24,142.5,1,1,1,pass,0.8,1.0500009380276407,0.999984835477004,0.7075631897530901
2012-07-30,29,4,611.3,500.0,24,142.5,1,1,1,pass,0.8,1.0500009194938953,0.970166381942042,0.6444931056245794
2012-07-30,29,5,611.3,500.0,24,106.875,1,1,1,pass,0.8,1.0500003567117056,0.9931715497634096,0.6754788205141917
2012-07-30,29,6,611.3,500.0,24,142.5,1,1,1,pass,0.8,1.0500006710554912,0.9999176211343352,0.6977289134016121
2012-07-30,29,7,611.3,500.0,24,127.8125,1,1,1,pass,0.8,1.0500005427478456,0.99998735798119,0.6981883894334718
2012-07-30,29,8,611.3,500.0,24,108.203125,1,1,1,pass,0.8,1.049999916752976,0.9999756367433484,0.6882104056758652
2012-07-30,29,9,611.3,500.0,24,142.5,1,1,1,pass,0.8,1.050000567987019,0.999990361000502,0.7140096629222762
2012-07-31,30,0,611.3,500.0,24,142.5,1,1,1,pass,0.8,1.05000069896037,0.9999915487993668,0.7090187679065226
2012-07-31,30,1,611.3,500.0,24,142.5,1,1,1,pass,0.8,1.0499995599705516,0.9999990195649546,0.6979686008964621
2012-07-31,30,2,611.3,500.0,24,142.5,1,1,1,pass,0.8,1.05000078597377,0.9999998626656664,0.7153158632869331
2012-07-31,30,3,611.3,500.0,24,142.5,1,1,1,pass,0.8,1.0500009907768322,0.9999833968089722,0.7166499002619787
2012-07-31,30,4,611.3,500.0,24,142.5,1,1,1,pass,0.8,1.0500009738030205,0.9999740215326746,0.6396768173048839
2012-07-31,30,5,611.3,500.0,24,135.0,1,1,1,pass,0.8,1.050000328576142,0.9999496961760628,0.6444338945421662
2012-07-31,30,6,611.3,500.0,24,142.5,1,1,1,pass,0.8,1.050000637156881,0.9999632866292412,0.722725558962677
2012-07-31,30,7,611.3,500.0,24,142.5,1,1,1,pass,0.8,1.0500001642498318,0.9999596413450818,0.6638572497818443
2012-07-31,30,8,611.3,500.0,24,142.5,1,1,1,pass,0.8,1.050000663468359,0.9999976089043217,0.6849662661818371
2012-07-31,30,9,611.3,500.0,24,142.5,1,1,1,pass,0.8,1.0500001975996214,0.9999833757831098,0.7079889494712667
2012-08-01,31,0,611.3,500.0,24,132.65625,1,1,1,pass,0.8,1.050000302027995,0.9999758977105262,0.7414612995408383
2012-08-01,31,1,611.3,500.0,24,132.5,1,1,1,pass,0.8,1.0500005749728687,0.975172846667776,0.6888903063232845
2012-08-01,31,2,611.3,500.0,24,128.671875,1,1,1,pass,0.8,1.0500007343990638,0.968165031325077,0.6742316231306436
2012-08-01,31,3,611.3,500.0,24,142.5,1,1,1,pass,0.8,1.050000929597777,0.9999671976403214,0.7216729519293112
2012-08-01,31,4,611.3,500.0,24,139.6875,1,1,1,pass,0.8,1.050000756522513,0.999948498584288,0.6531940614202558
2012-08-01,31,5,611.3,500.0,24,120.46875,1,1,1,pass,0.8,1.0500006282377268,0.9820363577424104,0.6607542876926179
2012-08-01,31,6,611.3,500.0,24,142.5,1,1,1,pass,0.8,1.0500009535895385,0.9999473114401788,0.7079281713367773
2012-08-01,31,7,611.3,500.0,24,142.34375,1,1,1,pass,0.8,1.0500009172381504,0.9999764251850533,0.6794030259903943
2012-08-01,31,8,611.3,500.0,24,128.203125,1,1,1,pass,0.8,1.05000085700189,0.9999862432891864,0.6921381759716492
2012-08-01,31,9,611.3,500.0,24,119.375,1,1,1,pass,0.8,1.0500007988865616,0.9999676617114048,0.7214684250638267
2012-08-02,32,0,611.3,500.0,24,142.5,1,1,1,pass,0.8,1.050000992441812,0.9999865326214806,0.7400623308973338
2012-08-02,32,1,611.3,500.0,24,137.34375,1,1,1,pass,0.8,1.0500007202653168,0.9647170364592684,0.6858173398450622
2012-08-02,32,2,611.3,500.0,24,116.25,1,1,1,pass,0.8,1.0500005583539342,0.9999592506567088,0.6694566845655666
2012-08-02,32,3,611.3,500.0,24,117.96875,1,1,1,pass,0.8,1.0500008136778889,0.9999579862685568,0.6718708936129132
2012-08-02,32,4,611.3,500.0,24,133.203125,1,1,1,pass,0.8,1.050000835040933,0.9999802724937388,0.6706334544411244
2012-08-02,32,5,611.3,500.0,24,108.828125,1,1,1,pass,0.8,1.050000690642677,0.977719639942504,0.6231693410640623
2012-08-02,32,6,611.3,500.0,24,139.140625,1,1,1,pass,0.8,1.049999888506973,0.9999304118223996,0.7006273529706474
2012-08-02,32,7,611.3,500.0,24,142.5,1,1,1,pass,0.8,1.050000978340604,0.9999680911261164,0.6863897465378876
2012-08-02,32,8,611.3,500.0,24,134.453125,1,1,1,pass,0.8,1.050000859117343,0.9999950563866544,0.6923746494991901
2012-08-02,32,9,611.3,500.0,24,142.5,1,1,1,pass,0.8,1.050000766294305,0.999983617999096,0.6825955300861855
2012-08-03,33,0,611.3,500.0,24,138.90625,1,1,1,pass,0.8,1.050000673189309,0.9999827291846024,0.779622577118749
2012-08-03,33,1,611.3,500.0,24,102.65625,1,1,1,pass,0.8,1.0500006655989331,0.999954335466604,0.6589632011392105
2012-08-03,33,2,611.3,500.0,24,119.453125,1,1,1,pass,0.8,1.0500003541773582,0.9999771941517914,0.7010544655134583
2012-08-03,33,3,611.3,500.0,24,123.75,1,1,1,pass,0.8,1.0500009741902612,0.9999662560622328,0.6870599108095995
2012-08-03,33,4,611.3,500.0,24,142.5,1,1,1,pass,0.8,1.0500008836072974,0.9556767522875956,0.6381737071136099
2012-08-03,33,5,611.3,500.0,24,115.703125,1,1,1,pass,0.8,1.0500007351031966,0.9999413255174388,0.6383659191610547
2012-08-03,33,6,611.3,500.0,24,131.25,1,1,1,pass,0.8,1.0500009609490737,0.9999572802242142,0.7079113931954565
2012-08-03,33,7,611.3,500.0,24,142.5,1,1,1,pass,0.8,1.050000712113777,1.0000008533177362,0.6848675145786598
2012-08-03,33,8,611.3,500.0,24,119.765625,1,1,1,pass,0.8,1.0500007523135522,0.9999506512058888,0.7001491270966957
2012-08-03,33,9,611.3,500.0,24,129.53125,1,1,1,pass,0.8,1.050000826344851,0.9999856271596564,0.6498845555624027
2012-08-04,34,0,611.3,500.0,24,134.84375,1,1,1,pass,0.8,1.0500008669610348,1.0000002863709083,0.7471354469020337
2012-08-04,34,1,611.3,500.0,24,131.484375,1,1,1,pass,0.8,1.050000144311646,0.9999541278681904,0.6441429451396666
2012-08-04,34,2,611.3,500.0,24,131.09375,1,1,1,pass,0.8,1.050000908044096,0.999997627251044,0.6770490830519392
2012-08-04,34,3,611.3,500.0,24,130.3125,1,1,1,pass,0.8,1.050000323388747,0.9999591347134578,0.6499226889729582
2012-08-04,34,4,611.3,500.0,24,141.5625,1,1,1,pass,0.8,1.0500004028384984,0.919107051770336,0.6256895842695758
2012-08-04,34,5,611.3,500.0,24,124.453125,1,1,1,pass,0.8,1.050000683680003,0.8979462193061855,0.6354366014497534
2012-08-04,34,6,611.3,500.0,24,134.6875,1,1,1,pass,0.8,1.0500009420300471,0.9999885863930774,0.6928837102438906
2012-08-04,34,7,611.3,500.0,24,128.4375,1,1,1,pass,0.8,1.0499999020565514,0.999994713145771,0.6747922809725295
2012-08-04,34,8,611.3,500.0,24,117.578125,1,1,1,pass,0.8,1.05000098893881,0.9969502654005872,0.6749137401740647
2012-08-04,34,9,611.3,500.0,24,142.5,1,1,1,pass,0.8,1.050000972879756,0.9999647198270708,0.641419582456087
2012-08-05,35,0,611.3,500.0,24,136.484375,1,1,1,pass,0.8,1.0500006020307324,1.0000002924882878,0.7220738455149583
2012-08-05,35,1,611.3,500.0,24,119.921875,1,1,1,pass,0.8,1.0500004073159996,0.9443088393762402,0.6480846836687659
2012-08-05,35,2,611.3,500.0,24,133.046875,1,1,1,pass,0.8,1.050000954700372,0.9999655572381808,0.6666817103712845
2012-08-05,35,3,611.3,500.0,24,128.203125,1,1,1,pass,0.8,1.05000076944157,0.9459794974572489,0.6169983034586038
2012-08-05,35,4,611.3,500.0,24,142.5,1,1,1,pass,0.8,1.050000712181705,0.9439462161412644,0.6258812448118206
2012-08-05,35,5,611.3,500.0,24,122.1875,1,1,1,pass,0.8,1.0500009592905706,0.9275449896195694,0.6123235586471193
2012-08-05,35,6,611.3,500.0,24,142.5,1,1,1,pass,0.8,1.0500009828302683,0.9999519120099752,0.6509449394142206
2012-08-05,35,7,611.3,500.0,24,142.5,1,1,1,pass,0.8,1.0500009607321863,0.9999631194878548,0.6669675147962452
2012-08-05,35,8,611.3,500.0,24,139.453125,1,1,1,pass,0.8,1.0500002394129668,0.9999833734635968,0.6496778926732407
2012-08-05,35,9,611.3,500.0,24,130.234375,1,1,1,pass,0.8,1.050000133226339,0.999960834991018,0.6653488794260878
2012-08-06,36,0,611.3,500.0,24,116.328125,1,1,1,pass,0.8,1.0500009067561549,0.9999997350212148,0.739138112726678
2012-08-06,36,1,611.3,500.0,24,113.671875,1,1,1,pass,0.8,1.0500003948319103,0.9029655489819626,0.6515893301691928
2012-08-06,36,2,611.3,500.0,24,95.78125,1,1,1,pass,0.8,1.050000984880589,0.9840399293695672,0.7254104305575065
2012-08-06,36,3,611.3,500.0,24,111.796875,1,1,1,pass,0.8,1.0500009944060094,0.9669662329609882,0.6562897080903348
2012-08-06,36,4,611.3,500.0,24,138.046875,1,1,1,pass,0.8,1.0500009897831328,0.9861970131806186,0.6208567133048899
2012-08-06,36,5,611.3,500.0,24,85.546875,1,1,1,pass,0.8,1.0500006129900696,0.9637613510882774,0.6446587232483221
2012-08-06,36,6,611.3,500.0,24,142.5,1,1,1,pass,0.8,1.0500003922524914,0.9999878284591032,0.7122015635421822
2012-08-06,36,7,611.3,500.0,24,142.5,1,1,1,pass,0.8,1.0500008881986336,0.9999628611080414,0.6631539202141514
2012-08-06,36,8,611.3,500.0,24,94.609375,1,1,1,pass,0.8,1.049999851785823,1.0000006487955302,0.6425467139249582
2012-08-06,36,9,611.3,500.0,24,118.125,1,1,1,pass,0.8,1.0500006008324445,0.9999699189455068,0.6754796511969543
2012-08-07,37,0,611.3,500.0,24,134.21875,1,1,1,pass,0.8,1.050000974923636,0.9999895447214818,0.7298517887120072
2012-08-07,37,1,611.3,500.0,24,103.515625,1,1,1,pass,0.8,1.0500004665420692,0.9999304516340686,0.6692910618876828
2012-08-07,37,2,611.3,500.0,24,87.65625,1,1,1,pass,0.8,1.0500007762350494,0.9999528029882444,0.7009946424237365
2012-08-07,37,3,611.3,500.0,24,128.75,1,1,1,pass,0.8,1.0500007611972932,0.9999889546389412,0.6848458049609353
2012-08-07,37,4,611.3,500.0,24,119.609375,1,1,1,pass,0.8,1.0500007247295895,0.9999637696935236,0.6228919644937626
2012-08-07,37,5,611.3,500.0,24,93.4375,1,1,1,pass,0.8,1.0500009160955752,0.9037667260256228,0.6453297153348359
2012-08-07,37,6,611.3,500.0,24,123.90625,1,1,1,pass,0.8,1.050000387641126,0.9999986098042872,0.67323956885764
2012-08-07,37,7,611.3,500.0,24,125.46875,1,1,1,pass,0.8,1.050000997430171,0.9999872772101897,0.6956226738653621
2012-08-07,37,8,611.3,500.0,24,90.703125,1,1,1,pass,0.8,1.0500003797688102,0.9897404089545688,0.6764354651799066
2012-08-07,37,9,611.3,500.0,24,114.765625,1,1,1,pass,0.8,1.050000681163723,0.9999361706969236,0.6380258845935817
2012-08-08,38,0,611.3,500.0,24,118.984375,1,1,1,pass,0.8,1.0499997231376137,0.9999806699164242,0.7334917667767137
2012-08-08,38,1,611.3,500.0,24,117.578125,1,1,1,pass,0.8,1.0500007029889942,0.9972533757761876,0.6669088724976943
2012-08-08,38,2,611.3,500.0,24,118.125,1,1,1,pass,0.8,1.0500009752236623,0.9521550837167548,0.6860774416216404
2012-08-08,38,3,611.3,500.0,24,128.90625,1,1,1,pass,0.8,1.0500006619208533,0.9999641279093342,0.6914890256603993
2012-08-08,38,4,611.3,500.0,24,93.359375,1,1,1,pass,0.8,1.0500001777044878,0.9999260089341468,0.6353463615325208
2012-08-08,38,5,611.3,500.0,24,106.953125,1,1,1,pass,0.8,1.0500007828393438,0.9167435492979416,0.6081666924772094
2012-08-08,38,6,611.3,500.0,24,116.484375,1,1,1,pass,0.8,1.0500009688770526,0.9999867853397576,0.6829156809380412
2012-08-08,38,7,611.3,500.0,24,121.171875,1,1,1,pass,0.8,1.0500007033756007,0.9999803588746052,0.6463928486608014
2012-08-08,38,8,611.3,500.0,24,96.171875,1,1,1,pass,0.8,1.0500009937678765,0.9999592579266618,0.6416275649323353
2012-08-08,38,9,611.3,500.0,24,110.0,1,1,1,pass,0.8,1.050000948348479,0.9999814470945132,0.6789369950195248
2012-08-09,39,0,611.3,500.0,24,101.015625,1,1,1,pass,0.8,1.0500007594707752,0.9999476653579212,0.7567597857194103
2012-08-09,39,1,611.3,500.0,24,139.6875,1,1,1,pass,0.8,1.0500009419841934,0.9999443101079522,0.6615831488512449
2012-08-09,39,2,611.3,500.0,24,112.578125,1,1,1,pass,0.8,1.0500005320436951,0.9999985078583642,0.6899508967446194
2012-08-09,39,3,611.3,500.0,24,131.796875,1,1,1,pass,0.8,1.0500005895270466,0.9999415052295468,0.6459178315976534
2012-08-09,39,4,611.3,500.0,24,131.328125,1,1,1,pass,0.8,1.0500008029828378,0.9999793796214144,0.6436336736887871
2012-08-09,39,5,611.3,500.0,24,118.984375,1,1,1,pass,0.8,1.050000872734444,0.9062522601601388,0.6188834755901211
2012-08-09,39,6,611.3,500.0,24,142.5,1,1,1,pass,0.8,1.05000073394945,0.9999675158227668,0.7041492738055098
2012-08-09,39,7,611.3,500.0,24,142.5,1,1,1,pass,0.8,1.0500009142035625,0.999932820008304,0.6765007991080416
2012-08-09,39,8,611.3,500.0,24,136.71875,1,1,1,pass,0.8,1.05000089709108,0.9999959126776092,0.6498260372891577
2012-08-09,39,9,611.3,500.0,24,118.28125,1,1,1,pass,0.8,1.0500005738313796,0.9999755454509816,0.7078935679576795
2012-08-10,40,1,611.3,500.0,24,142.5,1,1,1,pass,0.8,1.0500007471142483,0.9999192501647144,0.7054856221057829
2012-08-10,40,2,611.3,500.0,24,142.5,1,1,1,pass,0.8,1.0500001495547926,0.9999739909680307,0.703677857364765
2012-08-10,40,3,611.3,500.0,24,142.5,1,1,1,pass,0.8,1.050000559625224,0.9999641228868916,0.7251497474536256
2012-08-10,40,4,611.3,500.0,24,142.5,1,1,1,pass,0.8,1.050000341224984,0.999948959299766,0.6599899118910886
2012-08-10,40,5,611.3,500.0,24,142.5,1,1,1,pass,0.8,1.050000569414573,0.9999351583532894,0.6455569289600652
2012-08-10,40,6,611.3,500.0,24,142.5,1,1,1,pass,0.8,1.0500000899885311,0.9999825471638132,0.6742199498626235
2012-08-10,40,7,611.3,500.0,24,142.5,1,1,1,pass,0.8,1.050000227869082,1.000000476307546,0.6624506546349095
2012-08-10,40,8,611.3,500.0,24,142.5,1,1,1,pass,0.8,1.050000525155617,0.9999509845063737,0.7154654352601115
2012-08-10,40,9,611.3,500.0,24,142.5,1,1,1,pass,0.8,1.050000035323413,0.9999671920762696,0.7141242068147207
2012-08-11,41,0,611.3,500.0,24,142.5,1,1,1,pass,0.8,1.0500003334548225,0.999990315968368,0.7942921073715993
2012-08-11,41,1,611.3,500.0,24,142.5,1,1,1,pass,0.8,1.05000061864967,0.9999313192133796,0.6805632046290244
2012-08-11,41,2,611.3,500.0,24,142.5,1,1,1,pass,0.8,1.050000938100233,0.999979833692284,0.7095828079464059
2012-08-11,41,3,611.3,500.0,24,142.5,1,1,1,pass,0.8,1.0499992797680806,0.9999771897595876,0.6961629304187055
2012-08-11,41,4,611.3,500.0,24,142.5,1,1,1,pass,0.8,1.0499994916588893,0.9999645746945452,0.6525432617915067
2012-08-11,41,5,611.3,500.0,24,142.5,1,1,1,pass,0.8,1.0500006103243158,0.964545702552973,0.657708313168518
2012-08-11,41,6,611.3,500.0,24,142.5,1,1,1,pass,0.8,1.0500009631453022,0.9999769058031142,0.6425784088205098
2012-08-11,41,7,611.3,500.0,24,142.5,1,1,1,pass,0.8,1.0499994193947235,0.9999997257613722,0.7000724465462014
2012-08-11,41,8,611.3,500.0,24,142.5,1,1,1,pass,0.8,1.050000946894361,0.9999587517280568,0.7038736154081215
2012-08-11,41,9,611.3,500.0,24,142.5,1,1,1,pass,0.8,1.0500008057698738,0.9999719645891686,0.6911264656469182
2012-08-12,42,0,611.3,500.0,24,142.5,1,1,1,pass,0.8,1.0500004584050435,0.9999944994826884,0.7350683406507204
2012-08-12,42,1,611.3,500.0,24,142.5,1,1,1,pass,0.8,1.0500004751096716,0.999959305004586,0.7165506118370986
2012-08-12,42,2,611.3,500.0,24,142.5,1,1,1,pass,0.8,1.049999409483762,0.999991846148683,0.7539349984257586
2012-08-12,42,3,611.3,500.0,24,142.5,1,1,1,pass,0.8,1.0499993351789845,0.9999652889118372,0.6857730647877999
2012-08-12,42,4,611.3,500.0,24,142.5,1,1,1,pass,0.8,1.0500004951867552,0.9999279622347288,0.6305624866002214
2012-08-12,42,5,611.3,500.0,24,142.5,1,1,1,pass,0.8,1.0500007214318188,0.9999244803775426,0.6400190796714769
2012-08-12,42,6,611.3,500.0,24,142.5,1,1,1,pass,0.8,1.0500009597780495,0.9999921581900308,0.6907453098554889
2012-08-12,42,7,611.3,500.0,24,142.5,1,1,1,pass,0.8,1.050000044342607,0.9999971044753307,0.7103317749845308
2012-08-12,42,8,611.3,500.0,24,142.5,1,1,1,pass,0.8,1.0500008260844322,0.9999439364414586,0.6437610583523533
2012-08-12,42,9,611.3,500.0,24,142.5,1,1,1,pass,0.8,1.0500008982654965,0.9999910961924882,0.6909721403310342
2012-08-13,43,0,611.3,500.0,24,142.5,1,1,1,pass,0.8,1.0500003102886268,0.9999934596211442,0.7363742312518683
2012-08-13,43,1,611.3,500.0,24,128.359375,1,1,1,pass,0.8,1.050000794407328,0.9999635081556904,0.6357698844821803
2012-08-13,43,2,611.3,500.0,24,120.15625,1,1,1,pass,0.8,1.050000892203843,0.9999618879767236,0.675430653460314
2012-08-13,43,3,611.3,500.0,24,104.296875,1,1,1,pass,0.8,1.0500006503182076,0.9999814424976892,0.6779660646141041
2012-08-13,43,4,611.3,500.0,24,133.203125,1,1,1,pass,0.8,1.050000801333151,0.9503362481599432,0.6432452463446645
2012-08-13,43,5,611.3,500.0,24,87.8125,1,1,1,pass,0.8,1.0500006958011026,0.9999919722392864,0.6377121019035196
2012-08-13,43,6,611.3,500.0,24,142.5,1,1,1,pass,0.8,1.050000866083656,0.9999811050257318,0.6712487594957496
2012-08-13,43,7,611.3,500.0,24,139.0625,1,1,1,pass,0.8,1.0500005868344802,0.9999872230893412,0.6561427281497781
2012-08-13,43,8,611.3,500.0,24,122.03125,1,1,1,pass,0.8,1.0500008988722904,0.999931522423242,0.6679694667336652
2012-08-13,43,9,611.3,500.0,24,121.015625,1,1,1,pass,0.8,1.0500004355285342,0.9999495117395836,0.6582454422844076
2012-08-14,44,0,611.3,500.0,24,142.5,1,1,1,pass,0.8,1.050000420058371,0.9999811829996004,0.752560071453127
2012-08-14,44,1,611.3,500.0,24,108.984375,1,1,1,pass,0.8,1.050000783810548,0.9852231498657724,0.6846224018988192
2012-08-14,44,2,611.3,500.0,24,142.5,1,1,1,pass,0.8,1.050000995045672,0.9922764317735848,0.7084084373860916
2012-08-14,44,3,611.3,500.0,24,102.1875,1,1,1,pass,0.8,1.0500005653518678,0.9999346156592748,0.6696249010052373
2012-08-14,44,4,611.3,500.0,24,112.96875,1,1,1,pass,0.8,1.050000564587614,0.9999923740270448,0.6443206179138732
2012-08-14,44,5,611.3,500.0,24,103.828125,1,1,1,pass,0.8,1.0500009427782155,0.9432224449611344,0.6323761091661457
2012-08-14,44,6,611.3,500.0,24,109.921875,1,1,1,pass,0.8,1.0500009691843262,0.999987022722447,0.6191067495297851
2012-08-14,44,7,611.3,500.0,24,131.09375,1,1,1,pass,0.8,1.0500007754453424,0.999998428815171,0.6639344294719237
2012-08-14,44,8,611.3,500.0,24,111.25,1,1,1,pass,0.8,1.0500009202773948,0.999956553888452,0.6386138392504197
2012-08-14,44,9,611.3,500.0,24,134.921875,1,1,1,pass,0.8,1.0500008644160463,0.9999543074635748,0.6180514940015609
2012-08-15,45,0,611.3,500.0,24,142.5,1,1,1,pass,0.8,1.050000565303714,0.999967340438434,0.7125000566999278
2012-08-15,45,1,611.3,500.0,24,142.5,1,1,1,pass,0.8,1.0500007797098412,0.9999489613116176,0.630844505922497
2012-08-15,45,2,611.3,500.0,24,142.5,1,1,1,pass,0.8,1.050000554248358,0.9999822891162208,0.6610774249039594
2012-08-15,45,3,611.3,500.0,24,126.953125,1,1,1,pass,0.8,1.0500008674040169,0.9635526453188882,0.6471981210127479
2012-08-15,45,4,611.3,500.0,24,142.5,1,1,1,pass,0.8,1.0500008735752693,0.9999499896140563,0.637540721006149
2012-08-15,45,5,611.3,500.0,24,130.703125,1,1,1,pass,0.8,1.0500009814075524,0.918117806997911,0.6325744005095236
2012-08-15,45,6,611.3,500.0,24,140.9375,1,1,1,pass,0.8,1.050000409848808,0.9999182249685912,0.6453008361596996
2012-08-15,45,7,611.3,500.0,24,142.5,1,1,1,pass,0.8,1.0500008608747402,0.9999771864181388,0.6444407639488787
2012-08-15,45,8,611.3,500.0,24,142.5,1,1,1,pass,0.8,1.0500009492097917,0.9999556818516688,0.6503815216185657
2012-08-15,45,9,611.3,500.0,24,142.5,1,1,1,pass,0.8,1.0500009466433595,0.999949802839074,0.6500643626351509
2012-08-16,46,0,611.3,500.0,24,98.125,1,1,1,pass,0.8,1.0499996512013638,0.9999759486934094,0.7409151961652363
2012-08-16,46,1,611.3,500.0,24,115.234375,1,1,1,pass,0.8,1.0500005327566488,0.9995367447218988,0.6093334791330729
2012-08-16,46,2,611.3,500.0,24,80.9375,1,1,1,pass,0.8,1.050000741363866,0.9999546958706464,0.6509255936770125
2012-08-16,46,3,611.3,500.0,24,69.296875,1,1,1,pass,0.8,1.0500006401751691,0.9999535675785796,0.6322871186303343
2012-08-16,46,4,611.3,500.0,24,112.03125,1,1,1,pass,0.8,1.050000882998951,0.9999340452551176,0.6174880829485536
2012-08-16,46,5,611.3,500.0,24,92.734375,1,1,1,pass,0.8,1.0500004579401112,0.9182867266697228,0.6356009158176574
2012-08-16,46,6,611.3,500.0,24,101.40625,1,1,1,pass,0.8,1.0500003866277503,0.9999708016511212,0.6335383726919022
2012-08-16,46,7,611.3,500.0,24,106.015625,1,1,1,pass,0.8,1.0500003144504615,0.999961258059667,0.6352952250720718
2012-08-16,46,8,611.3,500.0,24,102.65625,1,1,1,pass,0.8,1.0500004038841078,0.9743551828422794,0.6593528645248597
2012-08-16,46,9,611.3,500.0,24,102.734375,1,1,1,pass,0.8,1.0500006517183595,0.9999182017387932,0.6531690864741865
2012-08-17,47,0,611.3,500.0,24,125.078125,1,1,1,pass,0.8,1.0500006659358192,0.999981900279727,0.7741744106823428
2012-08-17,47,1,611.3,500.0,24,118.59375,1,1,1,pass,0.8,1.050000736824478,0.9999961802169453,0.6248055196720486
2012-08-17,47,2,611.3,500.0,24,92.734375,1,1,1,pass,0.8,1.0500009572169593,0.986235845340008,0.6313151422429553
2012-08-17,47,3,611.3,500.0,24,126.71875,1,1,1,pass,0.8,1.0500009009335871,0.963300931083258,0.657753758721972
2012-08-17,47,4,611.3,500.0,24,119.140625,1,1,1,pass,0.8,1.050000990286716,0.9999303342410276,0.6594033644532649
2012-08-17,47,5,611.3,500.0,24,120.703125,1,1,1,pass,0.8,1.0500008931324454,0.9484359084253368,0.6146168152826176
2012-08-17,47,6,611.3,500.0,24,124.0625,1,1,1,pass,0.8,1.0500008343053406,0.9999609652819548,0.6599491736881038
2012-08-17,47,7,611.3,500.0,24,108.75,1,1,1,pass,0.8,1.0500009925051226,0.999973822131852,0.6593330232370747
2012-08-17,47,8,611.3,500.0,24,120.546875,1,1,1,pass,0.8,1.0500009393935337,0.9999943930257116,0.6250165530952356
2012-08-17,47,9,611.3,500.0,24,141.328125,1,1,1,pass,0.8,1.050000904198738,0.9999267459162098,0.6391796202476373
2012-08-18,48,0,611.3,500.0,24,128.90625,1,1,1,pass,0.8,1.050000966851143,0.99994476003109,0.7425300252197776
2012-08-18,48,1,611.3,500.0,24,142.5,1,1,1,pass,0.8,1.0500005249059996,0.9999647094218872,0.6742135526865702
2012-08-18,48,2,611.3,500.0,24,142.5,1,1,1,pass,0.8,1.050000930008514,0.956446140102109,0.6692343744736279
2012-08-18,48,3,611.3,500.0,24,142.5,1,1,1,pass,0.8,1.0500000160391847,0.99992886391331,0.6558867746606201
2012-08-18,48,4,611.3,500.0,24,142.5,1,1,1,pass,0.8,1.0500008900433653,0.9999296960907786,0.6657165515765208
2012-08-18,48,5,611.3,500.0,24,122.03125,1,1,1,pass,0.8,1.050000848382808,0.9234413977845892,0.6022503268786477
2012-08-18,48,6,611.3,500.0,24,136.640625,1,1,1,pass,0.8,1.0500005846923035,0.999995041972696,0.6932279456827533
2012-08-18,48,7,611.3,500.0,24,134.0625,1,1,1,pass,0.8,1.0500007746554028,0.99999816977266,0.66664347018076
2012-08-18,48,8,611.3,500.0,24,142.5,1,1,1,pass,0.8,1.0500003106867115,0.9650241303140388,0.6454295361922814
2012-08-18,48,9,611.3,500.0,24,132.65625,1,1,1,pass,0.8,1.0500009872469769,0.9999484036183528,0.6668802850156633
2012-08-19,49,0,611.3,500.0,24,142.5,1,1,1,pass,0.8,1.050000447668394,0.9999906381763816,0.7651735476527394
2012-08-19,49,1,611.3,500.0,24,131.71875,1,1,1,pass,0.8,1.0500004219195214,0.9786658717195924,0.6446572564509235
2012-08-19,49,2,611.3,500.0,24,132.578125,1,1,1,pass,0.8,1.050000987376312,0.9999431775465762,0.6459693805297267
2012-08-19,49,3,611.3,500.0,24,123.359375,1,1,1,pass,0.8,1.050000538995253,0.9525524308065226,0.6596016518173705
2012-08-19,49,4,611.3,500.0,24,126.640625,1,1,1,pass,0.8,1.050000601836077,0.9567890091962744,0.6385250775723971
2012-08-19,49,5,611.3,500.0,24,141.640625,1,1,1,pass,0.8,1.0500008982344755,0.8846055245740096,0.6042614595933485
2012-08-19,49,6,611.3,500.0,24,114.84375,1,1,1,pass,0.8,1.0500003730207883,0.999935183831606,0.6341812750122485
2012-08-19,49,7,611.3,500.0,24,130.15625,1,1,1,pass,0.8,1.0500007121071084,0.999971646048446,0.6615439065630022
2012-08-19,49,8,611.3,500.0,24,116.875,1,1,1,pass,0.8,1.050000991145674,0.9999682228650724,0.6348697900754489
2012-08-19,49,9,611.3,500.0,24,139.84375,1,1,1,pass,0.8,1.0500009989867365,0.999990682143999,0.6295941045058131
2012-08-20,50,0,611.3,500.0,24,135.0,1,1,1,pass,0.8,1.0500008475591218,0.9999815308429147,0.72255047835679
2012-08-20,50,1,611.3,500.0,24,129.375,1,1,1,pass,0.8,1.050000756616773,0.9957866882775436,0.635525536443153
2012-08-20,50,2,611.3,500.0,24,104.765625,1,1,1,pass,0.8,1.0500008198981927,0.999958818558974,0.6746054282356243
2012-08-20,50,3,611.3,500.0,24,91.40625,1,1,1,pass,0.8,1.0500006955663783,0.962635832316182,0.6579531478067144
2012-08-20,50,4,611.3,500.0,24,111.875,1,1,1,pass,0.8,1.0500005859439483,0.9999477204528856,0.6349228984592485
2012-08-20,50,5,611.3,500.0,24,108.515625,1,1,1,pass,0.8,1.0500008349496102,0.9429377389630276,0.6201796291976002
2012-08-20,50,6,611.3,500.0,24,113.90625,1,1,1,pass,0.8,1.050000218852557,0.999976013133027,0.6248867593660904
2012-08-20,50,7,611.3,500.0,24,132.890625,1,1,1,pass,0.8,1.0500007721954931,0.9999789484923732,0.6533327080473088
2012-08-20,50,8,611.3,500.0,24,88.671875,1,1,1,pass,0.8,1.0499994564383346,0.9999396238457554,0.6659296463376168
2012-08-20,50,9,611.3,500.0,24,108.59375,1,1,1,pass,0.8,1.050000713292264,0.9999771844542024,0.6597614370984859
2012-08-21,51,0,611.3,500.0,24,113.984375,1,1,1,pass,0.8,1.050000813358276,0.9999617028829828,0.7223788877033892
2012-08-21,51,1,611.3,500.0,24,94.84375,1,1,1,pass,0.8,1.050000983609214,0.9377059867498092,0.6513758991401803
2012-08-21,51,2,611.3,500.0,24,106.25,1,1,1,pass,0.8,1.050000973048688,0.9764530120544328,0.6543051745579581
2012-08-21,51,3,611.3,500.0,24,88.984375,1,1,1,pass,0.8,1.0500003828062698,0.903672392347102,0.6309913436454235
2012-08-21,51,4,611.3,500.0,24,112.1875,1,1,1,pass,0.8,1.0500005010597435,0.99997399023949,0.6144542674651075
2012-08-21,51,5,611.3,500.0,24,85.0,1,1,1,pass,0.8,1.0500008911210048,0.914907308057581,0.6314995529191646
2012-08-21,51,6,611.3,500.0,24,117.265625,1,1,1,pass,0.8,1.0500004804979108,0.9999580128719566,0.6511984569652911
2012-08-21,51,7,611.3,500.0,24,113.984375,1,1,1,pass,0.8,1.050000662346869,0.9999685535485878,0.6360401766772322
2012-08-21,51,8,611.3,500.0,24,92.109375,1,1,1,pass,0.8,1.050000981804504,0.967301127241562,0.623009344998293
2012-08-21,51,9,611.3,500.0,24,115.546875,1,1,1,pass,0.8,1.050000784313949,0.999991324035471,0.654021219183594
2012-08-22,52,0,611.3,500.0,24,122.578125,1,1,1,pass,0.8,1.050000855977807,0.9999659475318696,0.7269797097591678
2012-08-22,52,1,611.3,500.0,24,112.65625,1,1,1,pass,0.8,1.0500008835310075,0.9241233800791908,0.6220391684222819
2012-08-22,52,2,611.3,500.0,24,102.34375,1,1,1,pass,0.8,1.0500005500536145,0.9219351264580312,0.6039227058791072
2012-08-22,52,3,611.3,500.0,24,89.84375,1,1,1,pass,0.8,1.0500009811926905,0.9696849912199949,0.5903933529716108
2012-08-22,52,4,611.3,500.0,24,115.546875,1,1,1,pass,0.8,1.0500004644684535,0.999936157721885,0.6088117910765105
2012-08-22,52,5,611.3,500.0,24,90.0,1,1,1,pass,0.8,1.0499993831926862,0.954630624929764,0.6015677730291316
2012-08-22,52,6,611.3,500.0,24,118.984375,1,1,1,pass,0.8,1.0500003810871794,0.9999590598280572,0.6255128667644226
2012-08-22,52,7,611.3,500.0,24,132.03125,1,1,1,pass,0.8,1.0500000761677917,0.999984207319427,0.6104261889071101
2012-08-22,52,8,611.3,500.0,24,91.25,1,1,1,pass,0.8,1.0500007763170192,0.9490963949531028,0.5973264590649386
2012-08-22,52,9,611.3,500.0,24,125.078125,1,1,1,pass,0.8,1.050000614892176,0.9999887186380434,0.6380268198414386
2012-08-23,53,0,611.3,500.0,24,120.46875,1,1,1,pass,0.8,1.0500003444642088,0.9999509419618886,0.6993646287725028
2012-08-23,53,1,611.3,500.0,24,93.359375,1,1,1,pass,0.8,1.050000442699045,0.9344891097071808,0.6001040158385345
2012-08-23,53,2,611.3,500.0,24,90.859375,1,1,1,pass,0.8,1.0500009701242534,0.9552843425659132,0.58162551064592
2012-08-23,53,3,611.3,500.0,24,95.859375,1,1,1,pass,0.8,1.0500006906565735,0.8676266348540089,0.5808291360125732
2012-08-23,53,4,611.3,500.0,24,89.921875,1,1,1,pass,0.8,1.0500007669213034,0.9999747288652728,0.6123102322113231
2012-08-23,53,5,611.3,500.0,24,100.859375,1,1,1,pass,0.8,1.050000982772008,0.9239178312979458,0.6049865292697862
2012-08-23,53,6,611.3,500.0,24,114.453125,1,1,1,pass,0.8,1.0500005139841495,0.999999023365602,0.6297697887608853
2012-08-23,53,7,611.3,500.0,24,110.234375,1,1,1,pass,0.8,1.0500007098935271,0.9999433269277652,0.6136706143053345
2012-08-23,53,8,611.3,500.0,24,105.390625,1,1,1,pass,0.8,1.050000068605903,0.9614628754444828,0.5853873135586264
2012-08-23,53,9,611.3,500.0,24,115.0,1,1,1,pass,0.8,1.0500007814964,0.9999499049885716,0.6361175470813617
2012-08-24,54,0,611.3,500.0,24,110.0,1,1,1,pass,0.8,1.05000099545594,0.9999772065340804,0.7257597487162506
2012-08-24,54,1,611.3,500.0,24,97.265625,1,1,1,pass,0.8,1.050000159929265,0.938676430924518,0.606962516959411
2012-08-24,54,2,611.3,500.0,24,104.0625,1,1,1,pass,0.8,1.0500009985369538,0.9343065062331404,0.609923429434823
2012-08-24,54,3,611.3,500.0,24,68.75,1,1,1,pass,0.8,1.0500006132414894,0.8910732767940032,0.5918247839103697
2012-08-24,54,4,611.3,500.0,24,105.46875,1,1,1,pass,0.8,1.0500006047349393,0.936817577947335,0.6232092723241822
2012-08-24,54,5,611.3,500.0,24,78.203125,1,1,1,pass,0.8,1.0500005837473412,0.929776086492103,0.6180899150989767
2012-08-24,54,6,611.3,500.0,24,113.4375,1,1,1,pass,0.8,1.05000050227608,0.9999270766145696,0.6088062603798056
2012-08-24,54,7,611.3,500.0,24,89.21875,1,1,1,pass,0.8,1.050000812562763,0.9999401266197564,0.6331372079673562
2012-08-24,54,8,611.3,500.0,24,109.765625,1,1,1,pass,0.8,1.050000703453259,0.9444808523430716,0.630777609044265
2012-08-24,54,9,611.3,500.0,24,103.828125,1,1,1,pass,0.8,1.0500006321544688,0.9999647799932808,0.6242919203581068
2012-08-25,55,0,611.3,500.0,24,114.53125,1,1,1,pass,0.8,1.0500004208044045,0.9999768518335914,0.7157437987669405
2012-08-25,55,1,611.3,500.0,24,103.90625,1,1,1,pass,0.8,1.0500009524248135,0.9939421652694124,0.6051623458550717
2012-08-25,55,2,611.3,500.0,24,101.953125,1,1,1,pass,0.8,1.0500007241741256,0.9609671089522251,0.6174078333975718
2012-08-25,55,3,611.3,500.0,24,102.265625,1,1,1,pass,0.8,1.0500002759114748,0.949948058841986,0.6130533656911363
2012-08-25,55,4,611.3,500.0,24,133.75,1,1,1,pass,0.8,1.0500009668168442,0.9644262106681856,0.6028853282870998
2012-08-25,55,5,611.3,500.0,24,92.109375,1,1,1,pass,0.8,1.050000302018212,0.8952649051895982,0.6053655735639032
2012-08-25,55,6,611.3,500.0,24,135.0,1,1,1,pass,0.8,1.0500004123367217,0.9999917017746832,0.6254622487958574
2012-08-25,55,7,611.3,500.0,24,110.390625,1,1,1,pass,0.8,1.0500003271891398,0.9999856661610804,0.608841932642015
2012-08-25,55,8,611.3,500.0,24,134.6875,1,1,1,pass,0.8,1.0500006520150669,0.9716251478836484,0.601512766277707
2012-08-25,55,9,611.3,500.0,24,123.515625,1,1,1,pass,0.8,1.050000497465396,0.9999535995002208,0.6744433458588687
2012-08-26,56,0,611.3,500.0,24,123.75,1,1,1,pass,0.8,1.050000931571537,0.9999428682822976,0.7719336220447902
2012-08-26,56,1,611.3,500.0,24,142.5,1,1,1,pass,0.8,1.0500006887275433,0.9654408654461148,0.6329499691926406
2012-08-26,56,2,611.3,500.0,24,142.5,1,1,1,pass,0.8,1.050000608891975,0.9735485941564516,0.6786186948846102
2012-08-26,56,3,611.3,500.0,24,119.453125,1,1,1,pass,0.8,1.0500003587800453,0.9096011496085836,0.625714841690396
2012-08-26,56,4,611.3,500.0,24,133.59375,1,1,1,pass,0.8,1.050000589047556,0.9884241269837338,0.6370936876489509
2012-08-26,56,5,611.3,500.0,24,114.84375,1,1,1,pass,0.8,1.0500008603390951,0.921148573111649,0.6393838081151556
2012-08-26,56,6,611.3,500.0,24,142.5,1,1,1,pass,0.8,1.0500008824119738,0.9999930865347004,0.6317149333176442
2012-08-26,56,7,611.3,500.0,24,140.078125,1,1,1,pass,0.8,1.050000905844496,0.9999692365181478,0.6475330055341596
2012-08-26,56,8,611.3,500.0,24,142.5,1,1,1,pass,0.8,1.0500006945426137,0.974285485742285,0.6705258916268574
2012-08-26,56,9,611.3,500.0,24,135.15625,1,1,1,pass,0.8,1.0500008150064677,0.9999871544763258,0.667251199713227
2012-08-27,57,0,611.3,500.0,24,110.859375,1,1,1,pass,0.8,1.050000349813906,0.9999957000342512,0.7101965796495395
2012-08-27,57,1,611.3,500.0,24,120.703125,1,1,1,pass,0.8,1.0500005464793454,0.9999364749218328,0.6474250903869953
2012-08-27,57,2,611.3,500.0,24,111.25,1,1,1,pass,0.8,1.050000865951628,0.9584478496847096,0.652852958133675
2012-08-27,57,3,611.3,500.0,24,102.265625,1,1,1,pass,0.8,1.0500009348766672,0.8989405197628549,0.6527527746957833
2012-08-27,57,4,611.3,500.0,24,124.21875,1,1,1,pass,0.8,1.0500005744636882,0.9379782839427648,0.6283164355542519
2012-08-27,57,5,611.3,500.0,24,96.09375,1,1,1,pass,0.8,1.0500001782479196,0.9160059647786056,0.6120337847519111
2012-08-27,57,6,611.3,500.0,24,117.8125,1,1,1,pass,0.8,1.0500008921373911,0.9999488928647136,0.6759173196688194
2012-08-27,57,7,611.3,500.0,24,137.34375,1,1,1,pass,0.8,1.0500009880936678,0.9999450519397316,0.6494697855268812
2012-08-27,57,8,611.3,500.0,24,99.921875,1,1,1,pass,0.8,1.050000270658928,0.9899065977783073,0.6435429114718024
2012-08-27,57,9,611.3,500.0,24,112.109375,1,1,1,pass,0.8,1.0500001592492043,0.9999434806440056,0.6313969456028377
2012-08-28,58,0,611.3,500.0,24,101.015625,1,1,1,pass,0.8,1.0500007546110626,1.000000506770801,0.6897134145652342
2012-08-28,58,1,611.3,500.0,24,98.4375,1,1,1,pass,0.8,1.0500009640570171,0.96550864790852,0.6293087237207985
2012-08-28,58,2,611.3,500.0,24,86.71875,1,1,1,pass,0.8,1.0500009249481848,0.9590828692160313,0.6174500973296095
2012-08-28,58,3,611.3,500.0,24,87.1875,1,1,1,pass,0.8,1.0500008311911178,0.9048580139686618,0.6147709189828384
2012-08-28,58,4,611.3,500.0,24,108.90625,1,1,1,pass,0.8,1.0500007028153608,0.9501655044626246,0.6276484484563498
2012-08-28,58,5,611.3,500.0,24,87.265625,1,1,1,pass,0.8,1.0500007852984987,0.8925678692358479,0.6052408857767917
2012-08-28,58,6,611.3,500.0,24,109.609375,1,1,1,pass,0.8,1.050000829729376,0.9999842207028512,0.6400601966312055
2012-08-28,58,7,611.3,500.0,24,113.90625,1,1,1,pass,0.8,1.0500005292341203,0.9999982336009308,0.631438425661837
2012-08-28,58,8,611.3,500.0,24,88.4375,1,1,1,pass,0.8,1.0500009290416532,0.9633112584118346,0.6444710732196468
2012-08-28,58,9,611.3,500.0,24,114.21875,1,1,1,pass,0.8,1.050000820086442,0.9999668050028512,0.6289429289591402
2012-08-29,59,0,611.3,500.0,24,126.5625,1,1,1,pass,0.8,1.050000848841385,0.9999648898318756,0.7273815610571641
2012-08-29,59,1,611.3,500.0,24,142.5,1,1,1,pass,0.8,1.0500006070377934,0.9999496290574358,0.6140581815253302
2012-08-29,59,2,611.3,500.0,24,100.9375,1,1,1,pass,0.8,1.0500007329055154,0.8753472772143246,0.6036105615370875
2012-08-29,59,3,611.3,500.0,24,81.640625,1,1,1,pass,0.8,1.0500009139667952,0.9018613087706252,0.6139619381166934
2012-08-29,59,4,611.3,500.0,24,130.9375,1,1,1,pass,0.8,1.0500008781719512,0.9999270013297444,0.6140959556409171
2012-08-29,59,5,611.3,500.0,24,111.484375,1,1,1,pass,0.8,1.0500005747424117,0.9114054061172436,0.5930811259114046
2012-08-29,59,6,611.3,500.0,24,142.5,1,1,1,pass,0.8,1.05000086210244,0.9999535611056553,0.6088223861254215
2012-08-29,59,7,611.3,500.0,24,100.15625,1,1,1,pass,0.8,1.0500009524511655,0.9921660901683304,0.6291022807100966
2012-08-29,59,8,611.3,500.0,24,96.484375,1,1,1,pass,0.8,1.0500005163617536,0.9506006573679564,0.6088144357920262
2012-08-29,59,9,611.3,500.0,24,125.78125,1,1,1,pass,0.8,1.0500005651786362,0.99995248078526,0.6296979219847337
2012-08-30,60,0,611.3,500.0,24,97.421875,1,1,1,pass,0.8,1.0500009417619236,0.9999871186506248,0.689238727268623
2012-08-30,60,1,611.3,500.0,24,98.359375,1,1,1,pass,0.8,1.0500007596946164,0.9700197235840862,0.6096261020280935
2012-08-30,60,2,611.3,500.0,24,89.21875,1,1,1,pass,0.8,1.0500008618722938,0.8974078096979886,0.5976477857459793
2012-08-30,60,3,611.3,500.0,24,92.5,1,1,1,pass,0.8,1.050000886798422,0.9644794568793223,0.5872239607162167
2012-08-30,60,4,611.3,500.0,24,94.609375,1,1,1,pass,0.8,1.050000202969981,0.999919414191464,0.6088015966872925
2012-08-30,60,5,611.3,500.0,24,89.140625,1,1,1,pass,0.8,1.0500007569211696,0.8990710673216822,0.5997467459408627
2012-08-30,60,6,611.3,500.0,24,112.734375,1,1,1,pass,0.8,1.0500008717962102,0.9999328038962856,0.6162554720642046
2012-08-30,60,7,611.3,500.0,24,108.203125,1,1,1,pass,0.8,1.0500004171899793,0.999955308829014,0.6088234501720469
2012-08-30,60,8,611.3,500.0,24,90.3125,1,1,1,pass,0.8,1.050000587488595,0.9565920993861176,0.6008387679049102
2012-08-30,60,9,611.3,500.0,24,106.640625,1,1,1,pass,0.8,1.0500002653530096,0.999966515227654,0.6338886179177584
2012-08-31,61,0,611.3,500.0,24,101.25,1,1,1,pass,0.8,1.0500009012658522,0.9999874236984738,0.704231774527912
2012-08-31,61,1,611.3,500.0,24,110.859375,1,1,1,pass,0.8,1.0500003600733991,0.999937823985768,0.6217932779460175
2012-08-31,61,2,611.3,500.0,24,104.375,1,1,1,pass,0.8,1.0500006440835497,0.98082875484448,0.6205609380125384
2012-08-31,61,3,611.3,500.0,24,94.765625,1,1,1,pass,0.8,1.0500001785895896,0.876565987855937,0.6278326206142143
2012-08-31,61,4,611.3,500.0,24,113.359375,1,1,1,pass,0.8,1.050000975664871,0.9444686003527896,0.6106152457668997
2012-08-31,61,5,611.3,500.0,24,96.953125,1,1,1,pass,0.8,1.050000773926259,0.9568105697368612,0.6380514230100147
2012-08-31,61,6,611.3,500.0,24,109.453125,1,1,1,pass,0.8,1.050000832467255,0.9999663988874672,0.6271469236781052
2012-08-31,61,7,611.3,500.0,24,103.671875,1,1,1,pass,0.8,1.0500009300427018,0.9999392242834052,0.6608592952238835
2012-08-31,61,8,611.3,500.0,24,94.765625,1,1,1,pass,0.8,1.050000760409295,0.967125670613757,0.6561681042447797
2012-08-31,61,9,611.3,500.0,24,119.6875,1,1,1,pass,0.8,1.0500007686913475,0.9999644303937304,0.655165083606048
2012-09-01,62,0,611.3,500.0,24,129.921875,1,1,1,pass,0.8,1.049999906542879,0.999976065876821,0.7165421982592416
2012-09-01,62,1,611.3,500.0,24,142.5,1,1,1,pass,0.8,1.0500009118561682,0.9999953611367604,0.6285286911560523
2012-09-01,62,2,611.3,500.0,24,102.5,1,1,1,pass,0.8,1.050000570537458,0.9836283735268898,0.6299765918589079
2012-09-01,62,3,611.3,500.0,24,120.625,1,1,1,pass,0.8,1.0500004610568066,0.9944612879810018,0.6402562448696034
2012-09-01,62,4,611.3,500.0,24,137.03125,1,1,1,pass,0.8,1.0500004048757063,0.9999910730505764,0.6094746518456807
2012-09-01,62,5,611.3,500.0,24,82.8125,1,1,1,pass,0.8,1.050000338757401,0.9041452352636828,0.6043108920013889
2012-09-01,62,6,611.3,500.0,24,113.125,1,1,1,pass,0.8,1.0500006397650905,0.9999637672521892,0.6888337051045628
2012-09-01,62,7,611.3,500.0,24,142.5,1,1,1,pass,0.8,1.0500008759522317,0.9999213082994096,0.6377216395512652
2012-09-01,62,8,611.3,500.0,24,133.90625,1,1,1,pass,0.8,1.0500009785609024,0.9655203720421156,0.6762986855869545
2012-09-01,62,9,611.3,500.0,24,142.109375,1,1,1,pass,0.8,1.050000981297289,0.9999533667121736,0.6652869791535106
2012-09-02,63,0,611.3,500.0,24,129.609375,1,1,1,pass,0.8,1.0500007504036606,0.999974291555462,0.6887057213127522
2012-09-02,63,1,611.3,500.0,24,115.546875,1,1,1,pass,0.8,1.0500007732083154,0.9559387929715631,0.6508990091267864
2012-09-02,63,2,611.3,500.0,24,88.4375,1,1,1,pass,0.8,1.050000712383241,0.9441731071059536,0.645842124284874
2012-09-02,63,3,611.3,500.0,24,107.34375,1,1,1,pass,0.8,1.0500008092317172,0.8924460198277956,0.6115913121822866
2012-09-02,63,4,611.3,500.0,24,120.15625,1,1,1,pass,0.8,1.0500009750481756,0.8942147921372158,0.6040868603978233
2012-09-02,63,5,611.3,500.0,24,104.296875,1,1,1,pass,0.8,1.0500009157623509,0.9338112156220792,0.6087118594039188
2012-09-02,63,6,611.3,500.0,24,119.0625,1,1,1,pass,0.8,1.050000777148283,0.9834006593902944,0.6215861732929524
2012-09-02,63,7,611.3,500.0,24,128.671875,1,1,1,pass,0.8,1.0500007748717006,0.9999632346265258,0.638246892912129
2012-09-02,63,8,611.3,500.0,24,125.859375,1,1,1,pass,0.8,1.0500009769445855,0.910525877238972,0.6324033209057873
2012-09-02,63,9,611.3,500.0,24,138.046875,1,1,1,pass,0.8,1.0500008496551754,0.9999455471307412,0.6457586909091538
2012-09-03,64,0,611.3,500.0,24,104.0625,1,1,1,pass,0.8,1.050000848998404,0.9999751170886187,0.6858477205306492
2012-09-03,64,1,611.3,500.0,24,110.0,1,1,1,pass,0.8,1.0500009348365784,0.9629792497146732,0.6245986498079503
2012-09-03,64,2,611.3,500.0,24,81.796875,1,1,1,pass,0.8,1.0500005857280443,0.8791827551874708,0.6014569704943873
2012-09-03,64,3,611.3,500.0,24,72.421875,1,1,1,pass,0.8,1.0499997296460175,0.9239611666245028,0.6267302655489525
2012-09-03,64,4,611.3,500.0,24,90.78125,1,1,1,pass,0.8,1.0500009232770964,0.9664917500725764,0.6295344860412047
2012-09-03,64,5,611.3,500.0,24,78.359375,1,1,1,pass,0.8,1.050000438348958,0.9081167167338868,0.6070385295770658
2012-09-03,64,6,611.3,500.0,24,113.203125,1,1,1,pass,0.8,1.0500008491623147,0.9999992733803816,0.6213015540807278
2012-09-03,64,7,611.3,500.0,24,118.984375,1,1,1,pass,0.8,1.0500009016195675,0.9999299479849936,0.6229612837546653
2012-09-03,64,8,611.3,500.0,24,91.953125,1,1,1,pass,0.8,1.0500006746621604,0.9772631264310604,0.6140850439092178
2012-09-03,64,9,611.3,500.0,24,119.140625,1,1,1,pass,0.8,1.0500008360628403,0.99994225358747,0.6201150815727766
2012-09-04,65,0,611.3,500.0,24,96.25,1,1,1,pass,0.8,1.0500009018517893,0.9999731132875443,0.7183582192599649
2012-09-04,65,1,611.3,500.0,24,96.40625,1,1,1,pass,0.8,1.0500001721407473,0.9400120215950808,0.6102210944990257
2012-09-04,65,2,611.3,500.0,24,98.59375,1,1,1,pass,0.8,1.0500005208443584,0.9454933294503663,0.6199767401017251
2012-09-04,65,3,611.3,500.0,24,66.25,1,1,1,pass,0.8,1.0499995105057758,0.9260567412197408,0.5880226259384564
2012-09-04,65,4,611.3,500.0,24,89.140625,1,1,1,pass,0.8,1.0499998185159591,0.9664602115817208,0.5988128710103193
2012-09-04,65,5,611.3,500.0,24,95.234375,1,1,1,pass,0.8,1.0500004722994436,0.8903471238572433,0.5971956699572475
2012-09-04,65,6,611.3,500.0,24,110.078125,1,1,1,pass,0.8,1.0500008476607532,0.9818905504291704,0.6410438178073331
2012-09-04,65,7,611.3,500.0,24,98.90625,1,1,1,pass,0.8,1.0500006600396148,0.9879972255673424,0.6401102021406961
2012-09-04,65,8,611.3,500.0,24,88.828125,1,1,1,pass,0.8,1.0500004349868282,0.9950644558764108,0.6058456530614594
2012-09-04,65,9,611.3,500.0,24,103.4375,1,1,1,pass,0.8,1.050000959240306,0.9761941853635286,0.6282540540815119
2012-09-05,66,0,611.3,500.0,24,92.109375,1,1,1,pass,0.8,1.0500009199160265,0.9999463326448392,0.7066930937996327
2012-09-05,66,1,611.3,500.0,24,87.5,1,1,1,pass,0.8,1.0499998143876244,0.9300760020430155,0.5919807410313236
2012-09-05,66,2,611.3,500.0,24,104.765625,1,1,1,pass,0.8,1.0500005322866488,0.8912193860622792,0.5809169955939149
2012-09-05,66,3,611.3,500.0,24,65.390625,1,1,1,pass,0.8,1.050000796866802,0.9069140774617992,0.5783668511989254
2012-09-05,66,4,611.3,500.0,24,82.1875,1,1,1,pass,0.8,1.0500005104668677,0.9303997681737838,0.6033454092713234
2012-09-05,66,5,611.3,500.0,24,79.453125,1,1,1,pass,0.8,1.0500002504863482,0.887688066610748,0.5954014532061486
2012-09-05,66,6,611.3,500.0,24,110.078125,1,1,1,pass,0.8,1.0500008514847248,0.9838721800519276,0.6052650633283748
2012-09-05,66,7,611.3,500.0,24,109.6875,1,1,1,pass,0.8,1.0500009757432969,0.978336270904546,0.6031045117024079
2012-09-05,66,8,611.3,500.0,24,78.046875,1,1,1,pass,0.8,1.0499997243242578,0.9378948074867156,0.5851136601685997
2012-09-05,66,9,611.3,500.0,24,103.515625,1,1,1,pass,0.8,1.0500007748210676,0.9999969725058458,0.6136037051655576
2012-09-06,67,0,611.3,500.0,24,105.3125,1,1,1,pass,0.8,1.0500001880378556,0.9999584854705575,0.6935650618190351
2012-09-06,67,1,611.3,500.0,24,93.515625,1,1,1,pass,0.8,1.0500008167159598,0.9092757403642427,0.6113272977429867
2012-09-06,67,2,611.3,500.0,24,86.015625,1,1,1,pass,0.8,1.050000907961684,0.8749663306348581,0.5900643149574721
2012-09-06,67,3,611.3,500.0,24,84.84375,1,1,1,pass,0.8,1.0500005022902477,0.8611883396830593,0.5686380642307511
2012-09-06,67,4,611.3,500.0,24,96.09375,1,1,1,pass,0.8,1.0500009740505498,0.8752719445178055,0.577728792583434
2012-09-06,67,5,611.3,500.0,24,93.4375,1,1,1,pass,0.8,1.05000070879626,0.884259508288221,0.5903091878536338
2012-09-06,67,6,611.3,500.0,24,120.15625,1,1,1,pass,0.8,1.0500009062347868,0.9999762344942508,0.6088361916278967
2012-09-06,67,7,611.3,500.0,24,106.328125,1,1,1,pass,0.8,1.0500007983511297,0.999925965388031,0.6088055854973055
2012-09-06,67,8,611.3,500.0,24,107.265625,1,1,1,pass,0.8,1.0500006321272095,0.9007125688902967,0.5926926490628696
2012-09-06,67,9,611.3,500.0,24,118.203125,1,1,1,pass,0.8,1.050000957845723,0.9903826363028336,0.6172595717914952
2012-09-07,68,0,611.3,500.0,24,112.65625,1,1,1,pass,0.8,1.050000712628881,0.9999923827147096,0.7085621784534968
2012-09-07,68,1,611.3,500.0,24,99.296875,1,1,1,pass,0.8,1.0500007081043643,0.9290494902883908,0.5991222969524715
2012-09-07,68,2,611.3,500.0,24,132.421875,1,1,1,pass,0.8,1.0500007703923555,0.9375108179864994,0.5883229096931821
2012-09-07,68,3,611.3,500.0,24,111.40625,1,1,1,pass,0.8,1.0500008533190637,0.8869013482472209,0.5752894100229311
2012-09-07,68,4,611.3,500.0,24,113.671875,1,1,1,pass,0.8,1.050000855636426,0.92950720209281,0.5980894359736385
2012-09-07,68,5,611.3,500.0,24,128.59375,1,1,1,pass,0.8,1.05000021618646,0.962705394064275,0.5948079022458262
2012-09-07,68,6,611.3,500.0,24,114.921875,1,1,1,pass,0.8,1.0500008832667564,0.993409026246874,0.6048377438780531
2012-09-07,68,7,611.3,500.0,24,111.171875,1,1,1,pass,0.8,1.0500009414650835,0.9999881135366856,0.6114362486142307
2012-09-07,68,8,611.3,500.0,24,134.84375,1,1,1,pass,0.8,1.05000046584978,0.8951013657635113,0.604069864304426
2012-09-07,68,9,611.3,500.0,24,131.40625,1,1,1,pass,0.8,1.0500000109438137,0.9999575577538152,0.6198682107600878
2012-09-08,69,0,611.3,500.0,24,112.1875,1,1,1,pass,0.8,1.0500007835127567,0.9999805455729032,0.7025191190076129
2012-09-08,69,1,611.3,500.0,24,112.65625,1,1,1,pass,0.8,1.0500007686747914,0.9557555169466968,0.5998688138051119
2012-09-08,69,2,611.3,500.0,24,89.0625,1,1,1,pass,0.8,1.050000851507001,0.9728144119059554,0.5922987023611167
2012-09-08,69,3,611.3,500.0,24,79.6875,1,1,1,pass,0.8,1.050000545485123,0.8660533742649286,0.5999846348176625
2012-09-08,69,4,611.3,500.0,24,108.515625,1,1,1,pass,0.8,1.0500005655102955,0.929570274471893,0.5761372379231028
2012-09-08,69,5,611.3,500.0,24,93.59375,1,1,1,pass,0.8,1.0500007690122029,0.989596391017042,0.6175451605638825
2012-09-08,69,6,611.3,500.0,24,92.8125,1,1,1,pass,0.8,1.0500008124618438,0.9194348104736914,0.5932565206134877
2012-09-08,69,7,611.3,500.0,24,111.015625,1,1,1,pass,0.8,1.0500008860048051,0.999994745099755,0.608847461426802
2012-09-08,69,8,611.3,500.0,24,121.09375,1,1,1,pass,0.8,1.0500007495232488,0.8939491447160108,0.573390852791119
2012-09-08,69,9,611.3,500.0,24,114.453125,1,1,1,pass,0.8,1.0500001433992276,0.999995819257214,0.6336081455430637
2012-09-09,70,0,611.3,500.0,24,117.421875,1,1,1,pass,0.8,1.0500004358685386,0.999994963886504,0.7084354884295567
2012-09-09,70,1,611.3,500.0,24,127.1875,1,1,1,pass,0.8,1.0500004422576712,0.9325504594339468,0.6196862910664586
2012-09-09,70,2,611.3,500.0,24,115.546875,1,1,1,pass,0.8,1.050000823734034,0.9594705759786664,0.5845605268158278
2012-09-09,70,3,611.3,500.0,24,102.734375,1,1,1,pass,0.8,1.0500004539369263,0.8838610675287206,0.6193987783413933
2012-09-09,70,4,611.3,500.0,24,114.453125,1,1,1,pass,0.8,1.0500008813652018,0.883633267224361,0.5880515852604042
2012-09-09,70,5,611.3,500.0,24,83.4375,1,1,1,pass,0.8,1.050000835193878,0.9391513623737356,0.6249699221517123
2012-09-09,70,6,611.3,500.0,24,119.53125,1,1,1,pass,0.8,1.050000971600857,0.937338759638624,0.5801268164262142
2012-09-09,70,7,611.3,500.0,24,132.1875,1,1,1,pass,0.8,1.0500003789255978,0.9999776278777216,0.6161531393112172
2012-09-09,70,8,611.3,500.0,24,119.375,1,1,1,pass,0.8,1.0500008370763814,0.9688005783692312,0.6154003813288024
2012-09-09,70,9,611.3,500.0,24,106.40625,1,1,1,pass,0.8,1.050000372218015,0.9999973762877604,0.6467055193010961
2012-09-10,71,0,611.3,500.0,24,97.65625,1,1,1,pass,0.8,1.0500006884201454,0.9999875898457636,0.6777763583777033
2012-09-10,71,1,611.3,500.0,24,93.671875,1,1,1,pass,0.8,1.0500004453591176,0.908568920750673,0.57796851596311
2012-09-10,71,2,611.3,500.0,24,93.671875,1,1,1,pass,0.8,1.050000979032292,0.9901852573818252,0.6069757267810937
2012-09-10,71,3,611.3,500.0,24,81.40625,1,1,1,pass,0.8,1.0500008108766867,0.8487080025958167,0.5937247211085163
2012-09-10,71,4,611.3,500.0,24,81.09375,1,1,1,pass,0.8,1.0500006325513631,0.9434830027738896,0.5942728763400185
2012-09-10,71,5,611.3,500.0,24,71.015625,1,1,1,pass,0.8,1.050000853194852,0.9315546931500324,0.6175132580446311
2012-09-10,71,6,611.3,500.0,24,99.21875,1,1,1,pass,0.8,1.05000021328552,0.9505667356201378,0.5805419169512503
2012-09-10,71,7,611.3,500.0,24,89.453125,1,1,1,pass,0.8,1.0500006416473926,0.966319126290716,0.5936197740390619
2012-09-10,71,8,611.3,500.0,24,84.21875,1,1,1,pass,0.8,1.0500008957558524,0.9401885970255304,0.5986389968150724
2012-09-10,71,9,611.3,500.0,24,101.796875,1,1,1,pass,0.8,1.0500009646371171,0.9999152547196708,0.6213688329216169
2012-09-11,72,0,611.3,500.0,24,109.375,1,1,1,pass,0.8,1.0500005649543709,0.9999963419457784,0.6809325385287157
2012-09-11,72,1,611.3,500.0,24,106.71875,1,1,1,pass,0.8,1.0500007596532248,0.9449816552681636,0.5880473991639696
2012-09-11,72,2,611.3,500.0,24,88.4375,1,1,1,pass,0.8,1.0500006782833111,0.9517679085191484,0.593064337127568
2012-09-11,72,3,611.3,500.0,24,86.640625,1,1,1,pass,0.8,1.0500007012766637,0.8561959716761612,0.5701626862822866
2012-09-11,72,4,611.3,500.0,24,99.84375,1,1,1,pass,0.8,1.050000540113747,0.9420057024871246,0.5915401475210018
2012-09-11,72,5,611.3,500.0,24,101.015625,1,1,1,pass,0.8,1.0500009538290336,0.925439901513782,0.6057858339160586
2012-09-11,72,6,611.3,500.0,24,113.4375,1,1,1,pass,0.8,1.0500008713261677,0.9963515334331654,0.6066292908974458
2012-09-11,72,7,611.3,500.0,24,94.140625,1,1,1,pass,0.8,1.0500007175448824,0.9999961116322548,0.6088482941893029
2012-09-11,72,8,611.3,500.0,24,105.9375,1,1,1,pass,0.8,1.0500002823549155,0.9836819624778456,0.5989154161110217
2012-09-11,72,9,611.3,500.0,24,125.3125,1,1,1,pass,0.8,1.0500004847303834,0.9999919040726368,0.6270265399763585
2012-09-12,73,0,611.3,500.0,24,102.109375,1,1,1,pass,0.8,1.0500009056135744,0.9999998545480075,0.7130914543487054
2012-09-12,73,1,611.3,500.0,24,101.40625,1,1,1,pass,0.8,1.0500009423769534,0.9315627758057512,0.5925286802539582
2012-09-12,73,2,611.3,500.0,24,94.765625,1,1,1,pass,0.8,1.0500006802059187,0.8523233199526241,0.5656494198458616
2012-09-12,73,3,611.3,500.0,24,84.921875,1,1,1,pass,0.8,1.0500009105272727,0.9056458099355608,0.5677165452935246
2012-09-12,73,4,611.3,500.0,24,94.0625,1,1,1,pass,0.8,1.0500005919922022,0.9501655280010306,0.596625167731196
2012-09-12,73,5,611.3,500.0,24,82.265625,1,1,1,pass,0.8,1.0499998646365538,0.9440500408223844,0.6119029305836013
2012-09-12,73,6,611.3,500.0,24,100.703125,1,1,1,pass,0.8,1.0500009730739237,0.9664923491226436,0.5884495111702187
2012-09-12,73,7,611.3,500.0,24,91.875,1,1,1,pass,0.8,1.0500009253857987,0.9654303366386932,0.6017015291217644
2012-09-12,73,8,611.3,500.0,24,80.15625,1,1,1,pass,0.8,1.0500006597773737,0.9446549665419214,0.6044806378553567
2012-09-12,73,9,611.3,500.0,24,101.5625,1,1,1,pass,0.8,1.0500001650210713,0.9999760072670923,0.6247352003301311
2012-09-13,74,0,611.3,500.0,24,142.5,1,1,1,pass,0.8,1.050000845962208,0.9999912745592364,0.7423841063185822
2012-09-13,74,1,611.3,500.0,24,142.5,1,1,1,pass,0.8,1.0500008353126629,0.9893718101949704,0.6067280909084274
2012-09-13,74,2,611.3,500.0,24,142.5,1,1,1,pass,0.8,1.0500008407593648,0.9999178354580546,0.6088006354571027
2012-09-13,74,3,611.3,500.0,24,135.78125,1,1,1,pass,0.8,1.050000222031609,0.9832302641182544,0.641611768996978
2012-09-13,74,4,611.3,500.0,24,141.875,1,1,1,pass,0.8,1.0500004921518666,0.9376376222163,0.6128545080914041
2012-09-13,74,5,611.3,500.0,24,137.96875,1,1,1,pass,0.8,1.0500005798838483,0.9232310314555024,0.6303337169143897
2012-09-13,74,6,611.3,500.0,24,136.71875,1,1,1,pass,0.8,1.0500007842866943,0.9513272780602274,0.6012725151348232
2012-09-13,74,7,611.3,500.0,24,142.5,1,1,1,pass,0.8,1.0500004068162878,0.999982025815687,0.6175878561170969
2012-09-13,74,8,611.3,500.0,24,142.5,1,1,1,pass,0.8,1.0500008896764237,0.9595854397709844,0.6186395294480365
2012-09-13,74,9,611.3,500.0,24,142.5,1,1,1,pass,0.8,1.0500009124889962,0.9999972954593622,0.642998355747517
2012-09-14,75,0,611.3,500.0,24,95.703125,1,1,1,pass,0.8,1.0500008517822668,0.9999742773540216,0.7253004925065534
2012-09-14,75,1,611.3,500.0,24,104.84375,1,1,1,pass,0.8,1.050000933022723,0.9776691524410736,0.6050507992664436
2012-09-14,75,2,611.3,500.0,24,106.40625,1,1,1,pass,0.8,1.0500006132955049,0.9909335045420454,0.6033305212234359
2012-09-14,75,3,611.3,500.0,24,64.84375,1,1,1,pass,0.8,1.0500007269902738,0.9230611720597106,0.5977431016027244
2012-09-14,75,4,611.3,500.0,24,82.578125,1,1,1,pass,0.8,1.050000427047138,0.9425067052722578,0.6327717261537592
2012-09-14,75,5,611.3,500.0,24,80.78125,1,1,1,pass,0.8,1.0500002401699406,0.9784029686675604,0.6111431091210244
2012-09-14,75,6,611.3,500.0,24,102.578125,1,1,1,pass,0.8,1.0500005107656043,0.999918986062286,0.608801334829364
2012-09-14,75,7,611.3,500.0,24,92.890625,1,1,1,pass,0.8,1.0500009109739317,0.9999534936756316,0.6133756452447542
2012-09-14,75,8,611.3,500.0,24,98.75,1,1,1,pass,0.8,1.050000895889856,0.9999904864285304,0.6541861212725132
2012-09-14,75,9,611.3,500.0,24,109.453125,1,1,1,pass,0.8,1.0500006370584043,0.999951858059633,0.6490139702635215
2012-09-15,76,0,611.3,500.0,24,117.5,1,1,1,pass,0.8,1.0500007591143568,0.9999804726019668,0.7359728759999286
2012-09-15,76,1,611.3,500.0,24,132.265625,1,1,1,pass,0.8,1.0500007652352856,0.9281861775764676,0.6188079660035304
2012-09-15,76,2,611.3,500.0,24,103.203125,1,1,1,pass,0.8,1.050000838756952,0.960148432883556,0.6033406064394714
2012-09-15,76,3,611.3,500.0,24,97.578125,1,1,1,pass,0.8,1.0500009172572902,0.9368459561273924,0.6437591142852371
2012-09-15,76,4,611.3,500.0,24,125.46875,1,1,1,pass,0.8,1.0500009261864998,0.9283148067657546,0.6115549528196838
2012-09-15,76,5,611.3,500.0,24,101.796875,1,1,1,pass,0.8,1.050000753716982,0.9294479465759576,0.6033469810526705
2012-09-15,76,6,611.3,500.0,24,135.703125,1,1,1,pass,0.8,1.0500008434640438,0.9999691353773368,0.6088318692422133
2012-09-15,76,7,611.3,500.0,24,140.3125,1,1,1,pass,0.8,1.0500008590019032,0.9999716402305444,0.6088333929211887
2012-09-15,76,8,611.3,500.0,24,124.296875,1,1,1,pass,0.8,1.0500009717455567,0.9520954381767728,0.6147489837506566
2012-09-15,76,9,611.3,500.0,24,118.828125,1,1,1,pass,0.8,1.050000815982964,0.9999190034882616,0.6282540542056846
2012-09-16,77,0,611.3,500.0,24,114.0625,1,1,1,pass,0.8,1.050000451089305,0.999976428911096,0.7451036830949532
2012-09-16,77,1,611.3,500.0,24,107.65625,1,1,1,pass,0.8,1.0500006544809397,0.937523311462826,0.6074601136849964
2012-09-16,77,2,611.3,500.0,24,103.046875,1,1,1,pass,0.8,1.0500008120294182,0.9999387469294386,0.6088133674179586
2012-09-16,77,3,611.3,500.0,24,123.125,1,1,1,pass,0.8,1.0500004718225349,0.8567616845607003,0.6743915281361742
2012-09-16,77,4,611.3,500.0,24,102.96875,1,1,1,pass,0.8,1.0500002131619908,0.9932861212087366,0.6047629130905434
2012-09-16,77,5,611.3,500.0,24,89.609375,1,1,1,pass,0.8,1.050000844386437,0.9292373996181194,0.5854504652418181
2012-09-16,77,6,611.3,500.0,24,119.375,1,1,1,pass,0.8,1.0500003443611587,0.9741797238241392,0.5931299732025971
2012-09-16,77,7,611.3,500.0,24,115.390625,1,1,1,pass,0.8,1.0500006641522113,0.9999775203995452,0.6106918730683387
2012-09-16,77,8,611.3,500.0,24,87.734375,1,1,1,pass,0.8,1.050000619882743,0.937680168831364,0.5934800570447385
2012-09-16,77,9,611.3,500.0,24,121.71875,1,1,1,pass,0.8,1.050000859115035,0.9999230551074286,0.6088038120253778
2012-09-17,78,0,611.3,500.0,24,132.421875,1,1,1,pass,0.8,1.050000275100238,0.9999950662243028,0.6866698622528594
2012-09-17,78,1,611.3,500.0,24,122.1875,1,1,1,pass,0.8,1.0500007630623334,0.9557554868801432,0.5993965163084234
2012-09-17,78,2,611.3,500.0,24,121.71875,1,1,1,pass,0.8,1.0500003518789462,0.9737104830388328,0.5985160600541645
2012-09-17,78,3,611.3,500.0,24,98.90625,1,1,1,pass,0.8,1.0500009760404596,0.931836833337452,0.5889657306095256
2012-09-17,78,4,611.3,500.0,24,131.328125,1,1,1,pass,0.8,1.0500005413818352,0.9842855626992868,0.5992829184138619
2012-09-17,78,5,611.3,500.0,24,97.109375,1,1,1,pass,0.8,1.050000950972213,0.969076096124708,0.6110370007126219
2012-09-17,78,6,611.3,500.0,24,127.109375,1,1,1,pass,0.8,1.050000871331659,0.9999147369089044,0.6334679686357343
2012-09-17,78,7,611.3,500.0,24,121.796875,1,1,1,pass,0.8,1.0500009950279034,0.994621744660668,0.6125951141908157
2012-09-17,78,8,611.3,500.0,24,111.953125,1,1,1,pass,0.8,1.0499998480328063,0.998528078936146,0.6079544817474998
2012-09-17,78,9,611.3,500.0,24,134.921875,1,1,1,pass,0.8,1.0500009355860869,0.976621640145478,0.6084445519960103
2012-09-18,79,0,611.3,500.0,24,86.796875,1,1,1,pass,0.8,1.050000855537299,0.9999993883277744,0.7030454138317702
2012-09-18,79,1,611.3,500.0,24,106.71875,1,1,1,pass,0.8,1.0500002272482651,0.8993503870299345,0.6125776622760685
2012-09-18,79,2,611.3,500.0,24,77.65625,1,1,1,pass,0.8,1.050000761007953,0.9997310818501076,0.6086869306593408
2012-09-18,79,3,611.3,500.0,24,78.984375,1,1,1,pass,0.8,1.0499998911766353,0.9437911490800488,0.6086468418783703
2012-09-18,79,4,611.3,500.0,24,85.3125,1,1,1,pass,0.8,1.0500008050878218,0.97083080772456,0.6075660525996701
2012-09-18,79,5,611.3,500.0,24,85.15625,1,1,1,pass,0.8,1.0500006002829914,0.931354465427478,0.6219630551000435
2012-09-18,79,6,611.3,500.0,24,103.359375,1,1,1,pass,0.8,1.0500008564193015,0.9999564670052794,0.6088241558871372
2012-09-18,79,7,611.3,500.0,24,82.8125,1,1,1,pass,0.8,1.05000027246647,0.9999283392185948,0.6088070303457809
2012-09-18,79,8,611.3,500.0,24,78.828125,1,1,1,pass,0.8,1.0500009976401568,0.9179962149276396,0.593970484929109
2012-09-18,79,9,611.3,500.0,24,109.296875,1,1,1,pass,0.8,1.0500008153554388,0.999970610680464,0.6091127833419901
2012-09-19,80,0,611.3,500.0,24,110.390625,1,1,1,pass,0.8,1.0500009853850456,0.9999618816152532,0.6987089444025275
2012-09-19,80,1,611.3,500.0,24,114.921875,1,1,1,pass,0.8,1.05000099399435,0.9165029378940848,0.5914328423336073
2012-09-19,80,2,611.3,500.0,24,97.65625,1,1,1,pass,0.8,1.0500000600776236,0.8957629375592764,0.6079294955451079
2012-09-19,80,3,611.3,500.0,24,95.9375,1,1,1,pass,0.8,1.0500009181238008,0.8823968876874602,0.5863366725336185
2012-09-19,80,4,611.3,500.0,24,108.046875,1,1,1,pass,0.8,1.050000866522223,0.9293477196856378,0.5952869875905094
2012-09-19,80,5,611.3,500.0,24,90.703125,1,1,1,pass,0.8,1.0500009849560477,0.9476075498519404,0.6257959530845105
2012-09-19,80,6,611.3,500.0,24,120.625,1,1,1,pass,0.8,1.0500007051760478,0.9999424685011268,0.6088156331735909
2012-09-19,80,7,611.3,500.0,24,104.6875,1,1,1,pass,0.8,1.050000982958784,0.9999928714958662,0.6088463213958408
2012-09-19,80,8,611.3,500.0,24,92.890625,1,1,1,pass,0.8,1.050000823470217,0.9619290665164044,0.5953560287813777
2012-09-19,80,9,611.3,500.0,24,113.671875,1,1,1,pass,0.8,1.050000294284483,0.9999292034663508,0.6269227401920753
2012-09-20,81,0,611.3,500.0,24,91.171875,1,1,1,pass,0.8,1.050000393024403,0.999979456613328,0.6827221542051752
2012-09-20,81,1,611.3,500.0,24,97.1875,1,1,1,pass,0.8,1.0500009936096415,0.9731712703595764,0.5925159758150509
2012-09-20,81,2,611.3,500.0,24,83.28125,1,1,1,pass,0.8,1.050000553902913,0.9004439902128157,0.5951615066529371
2012-09-20,81,3,611.3,500.0,24,73.75,1,1,1,pass,0.8,1.0500009081210326,0.9662750472158744,0.5883172067838348
2012-09-20,81,4,611.3,500.0,24,100.546875,1,1,1,pass,0.8,1.0500005193410942,0.9870482028423376,0.6009649532894624
2012-09-20,81,5,611.3,500.0,24,80.078125,1,1,1,pass,0.8,1.05000023802999,0.89807568900672,0.615375889135791
2012-09-20,81,6,611.3,500.0,24,110.859375,1,1,1,pass,0.8,1.050000603921417,0.999989009852974,0.6088439700362207
2012-09-20,81,7,611.3,500.0,24,99.0625,1,1,1,pass,0.8,1.0500008998022807,0.9746137935901256,0.622602326079559
2012-09-20,81,8,611.3,500.0,24,79.140625,1,1,1,pass,0.8,1.0500002821671537,0.9559811641405606,0.5820497708161898
2012-09-20,81,9,611.3,500.0,24,102.578125,1,1,1,pass,0.8,1.0500005407849198,0.9999347278994531,0.6275935537085289
2012-09-21,82,0,611.3,500.0,24,116.40625,1,1,1,pass,0.8,1.0500003281791856,0.9999852110886104,0.6837759082393727
2012-09-21,82,1,611.3,500.0,24,117.96875,1,1,1,pass,0.8,1.05000069700074,0.9001992736639615,0.5920254604589784
2012-09-21,82,2,611.3,500.0,24,103.046875,1,1,1,pass,0.8,1.050000138598186,0.9155149176060404,0.5665992442192712
2012-09-21,82,3,611.3,500.0,24,88.75,1,1,1,pass,0.8,1.0500009544462925,0.8740115212803754,0.5784802934849017
2012-09-21,82,4,611.3,500.0,24,103.90625,1,1,1,pass,0.8,1.0500009000361872,0.9346669546231476,0.6062498921766357
2012-09-21,82,5,611.3,500.0,24,99.296875,1,1,1,pass,0.8,1.0499998644822746,0.9467898573058694,0.6007771486420366
2012-09-21,82,6,611.3,500.0,24,117.5,1,1,1,pass,0.8,1.0500005183770555,0.9833535878569848,0.5987154850545798
2012-09-21,82,7,611.3,500.0,24,117.421875,1,1,1,pass,0.8,1.0500009767452296,0.9999239105073348,0.6088043343200303
2012-09-21,82,8,611.3,500.0,24,113.90625,1,1,1,pass,0.8,1.0500006667168067,0.9709428088846594,0.5911591759019257
2012-09-21,82,9,611.3,500.0,24,134.765625,1,1,1,pass,0.8,1.0500007469642516,0.9999524594250174,0.6292637886438551
2012-09-22,83,0,611.3,500.0,24,126.25,1,1,1,pass,0.8,1.050000982826858,0.999981606094858,0.7017328340407182
2012-09-22,83,1,611.3,500.0,24,125.0,1,1,1,pass,0.8,1.050000498164698,0.9069360140020932,0.5996250433623805
2012-09-22,83,2,611.3,500.0,24,88.90625,1,1,1,pass,0.8,1.05000095458007,0.877286839774031,0.5675899067743304
2012-09-22,83,3,611.3,500.0,24,85.703125,1,1,1,pass,0.8,1.0500003089323486,0.8752590767454429,0.5757038620631707
2012-09-22,83,4,611.3,500.0,24,118.671875,1,1,1,pass,0.8,1.050000979124937,0.9991220330023804,0.6083161109897358
2012-09-22,83,5,611.3,500.0,24,85.625,1,1,1,pass,0.8,1.0500005116173912,0.969942202159555,0.614352807869157
2012-09-22,83,6,611.3,500.0,24,114.921875,1,1,1,pass,0.8,1.0500004621846175,0.9350327382699842,0.5791910706386398
2012-09-22,83,7,611.3,500.0,24,135.390625,1,1,1,pass,0.8,1.05000071430484,0.9999624577439388,0.6088278028592554
2012-09-22,83,8,611.3,500.0,24,103.828125,1,1,1,pass,0.8,1.0500008084370278,0.9806752009921802,0.5970847478366663
2012-09-22,83,9,611.3,500.0,24,125.625,1,1,1,pass,0.8,1.050000619015097,0.999978611534196,0.6341539587660039
2012-09-23,84,0,611.3,500.0,24,119.140625,1,1,1,pass,0.8,1.0500006039725576,0.9999371797160576,0.6971637450357315
2012-09-23,84,1,611.3,500.0,24,110.78125,1,1,1,pass,0.8,1.0500008871810764,0.9144844932198088,0.5870586746196176
2012-09-23,84,2,611.3,500.0,24,88.28125,1,1,1,pass,0.8,1.0500008121149924,0.9237312582697788,0.5743351144367653
2012-09-23,84,3,611.3,500.0,24,94.140625,1,1,1,pass,0.8,1.0500007607333144,0.8216572605640823,0.5619058208935824
2012-09-23,84,4,611.3,500.0,24,115.078125,1,1,1,pass,0.8,1.050000785059761,0.9123405982545468,0.5712363498444069
2012-09-23,84,5,611.3,500.0,24,118.671875,1,1,1,pass,0.8,1.0500008698576946,0.9479893989668302,0.6110782333442627
2012-09-23,84,6,611.3,500.0,24,114.375,1,1,1,pass,0.8,1.0500005948065938,0.9176703185265354,0.57213577040227
2012-09-23,84,7,611.3,500.0,24,99.921875,1,1,1,pass,0.8,1.0500009869538898,0.9701101066421064,0.601086725760933
2012-09-23,84,8,611.3,500.0,24,107.1875,1,1,1,pass,0.8,1.050000905374249,0.9112297720634882,0.5815429344002911
2012-09-23,84,9,611.3,500.0,24,116.40625,1,1,1,pass,0.8,1.0500009946466182,0.9999368111648408,0.6202649974393276
2012-09-24,85,0,611.3,500.0,24,107.96875,1,1,1,pass,0.8,1.0500008546390804,0.9999879322074712,0.7156349896314553
2012-09-24,85,1,611.3,500.0,24,104.453125,1,1,1,pass,0.8,1.050000300417452,0.9411554161786992,0.5730231065669281
2012-09-24,85,2,611.3,500.0,24,110.078125,1,1,1,pass,0.8,1.050000798816506,0.9733758640306732,0.5926405427740697
2012-09-24,85,3,611.3,500.0,24,70.234375,1,1,1,pass,0.8,1.0499996600928228,0.9023462152983064,0.5672343007071464
2012-09-24,85,4,611.3,500.0,24,92.96875,1,1,1,pass,0.8,1.0500006426963102,0.9245647833747276,0.592694155375759
2012-09-24,85,5,611.3,500.0,24,69.84375,1,1,1,pass,0.8,1.0499997007892266,0.9384940487433022,0.6136928295081081
2012-09-24,85,6,611.3,500.0,24,95.3125,1,1,1,pass,0.8,1.0500007524361332,0.971611027857632,0.5915660213655086
2012-09-24,85,7,611.3,500.0,24,94.140625,1,1,1,pass,0.8,1.05000095372106,0.987927277338414,0.6119976790900343
2012-09-24,85,8,611.3,500.0,24,79.296875,1,1,1,pass,0.8,1.050000471914469,0.9596250700854156,0.5852837482711887
2012-09-24,85,9,611.3,500.0,24,106.328125,1,1,1,pass,0.8,1.0500008443622362,0.999973336754154,0.6275180716249326
2012-09-25,86,0,611.3,500.0,24,127.34375,1,1,1,pass,0.8,1.050000524609842,0.9999390622008206,0.6735043066675536
2012-09-25,86,1,611.3,500.0,24,124.21875,1,1,1,pass,0.8,1.050000596550263,0.9119130139352266,0.5815896869649826
2012-09-25,86,2,611.3,500.0,24,131.40625,1,1,1,pass,0.8,1.0500009056483528,0.9103924921219276,0.5772010834109418
2012-09-25,86,3,611.3,500.0,24,110.234375,1,1,1,pass,0.8,1.0500008648035002,0.8161132689228956,0.5868320257159557
2012-09-25,86,4,611.3,500.0,24,128.203125,1,1,1,pass,0.8,1.0500007438076406,0.9672741563762096,0.6167128425551499
2012-09-25,86,5,611.3,500.0,24,103.671875,1,1,1,pass,0.8,1.0499995577259316,0.9276694679148731,0.6424639206502306
2012-09-25,86,6,611.3,500.0,24,125.234375,1,1,1,pass,0.8,1.0500001969611557,0.9768541119239906,0.5947582757917494
2012-09-25,86,7,611.3,500.0,24,122.109375,1,1,1,pass,0.8,1.0500009834378792,0.9999735146913306,0.6157577163923125
2012-09-25,86,8,611.3,500.0,24,118.828125,1,1,1,pass,0.8,1.050000778975689,0.99898738126396,0.6082341282091799
2012-09-25,86,9,611.3,500.0,24,138.671875,1,1,1,pass,0.8,1.0500009271343431,0.9999683306697348,0.6148572596355737
2012-09-26,87,0,611.3,500.0,24,117.109375,1,1,1,pass,0.8,1.0500007913190432,0.9999877802293858,0.6918763097959075
2012-09-26,87,1,611.3,500.0,24,99.921875,1,1,1,pass,0.8,1.050000730804244,0.9214412097058567,0.5994498385274847
2012-09-26,87,2,611.3,500.0,24,81.015625,1,1,1,pass,0.8,1.0500009203754437,0.9052972462444736,0.5637371059642465
2012-09-26,87,3,611.3,500.0,24,78.515625,1,1,1,pass,0.8,1.0500007980267314,0.8424144364616317,0.5689750417420925
2012-09-26,87,4,611.3,500.0,24,112.5,1,1,1,pass,0.8,1.050000937763177,0.9308577286357383,0.5961180708984365
2012-09-26,87,5,611.3,500.0,24,89.53125,1,1,1,pass,0.8,1.0500008390381994,0.9373485557497688,0.60946099914793
2012-09-26,87,6,611.3,500.0,24,94.0625,1,1,1,pass,0.8,1.0500003823555033,0.9322107407393004,0.6000441246723073
2012-09-26,87,7,611.3,500.0,24,90.3125,1,1,1,pass,0.8,1.0500005704639996,0.9750098963459216,0.5936354241921179
2012-09-26,87,8,611.3,500.0,24,117.8125,1,1,1,pass,0.8,1.0500005522318925,0.9748422972799512,0.5935333814127871
2012-09-26,87,9,611.3,500.0,24,110.546875,1,1,1,pass,0.8,1.050000182016479,0.9999570282930872,0.6271595421013433
2012-09-27,88,0,611.3,500.0,24,112.96875,1,1,1,pass,0.8,1.0500007214356455,0.99998971046057,0.6697061092375522
2012-09-27,88,1,611.3,500.0,24,101.015625,1,1,1,pass,0.8,1.0500008029415775,0.9300178470787124,0.5848231285254569
2012-09-27,88,2,611.3,500.0,24,89.296875,1,1,1,pass,0.8,1.0500003972136278,0.8777425613876707,0.5517874945943416
2012-09-27,88,3,611.3,500.0,24,97.578125,1,1,1,pass,0.8,1.0500009837993265,0.8872023402897967,0.5584387099257029
2012-09-27,88,4,611.3,500.0,24,105.3125,1,1,1,pass,0.8,1.050000490154835,0.9444579796468116,0.5852040437305597
2012-09-27,88,5,611.3,500.0,24,91.40625,1,1,1,pass,0.8,1.0500006934933974,0.9524726296384284,0.6182561151714613
2012-09-27,88,6,611.3,500.0,24,109.84375,1,1,1,pass,0.8,1.050000655794393,0.914491957661766,0.5584051178413646
2012-09-27,88,7,611.3,500.0,24,114.609375,1,1,1,pass,0.8,1.0500001830083847,0.999982620266496,0.6088400788345003
2012-09-27,88,8,611.3,500.0,24,97.890625,1,1,1,pass,0.8,1.050000896695532,0.975193635723486,0.593747294005225
2012-09-27,88,9,611.3,500.0,24,118.671875,1,1,1,pass,0.8,1.0500007309502375,0.9999808116876236,0.623188558361886
2012-09-28,89,0,611.3,500.0,24,116.796875,1,1,1,pass,0.8,1.050000979995471,0.9999872561083244,0.6730773555310573
2012-09-28,89,1,611.3,500.0,24,119.6875,1,1,1,pass,0.8,1.050000934423294,0.8975391204913216,0.5700719873822057
2012-09-28,89,2,611.3,500.0,24,90.703125,1,1,1,pass,0.8,1.050000922149244,0.9018990035408884,0.5598527009741767
2012-09-28,89,3,611.3,500.0,24,92.5,1,1,1,pass,0.8,1.050000663393428,0.8445238709153838,0.5773238627669212
2012-09-28,89,4,611.3,500.0,24,124.84375,1,1,1,pass,0.8,1.0500006251251188,0.9577073010174628,0.5831007301401718
2012-09-28,89,5,611.3,500.0,24,96.71875,1,1,1,pass,0.8,1.0500005881045646,0.938971276823334,0.6186110638849613
2012-09-28,89,6,611.3,500.0,24,111.25,1,1,1,pass,0.8,1.0500007931676112,0.9378978321484404,0.5739392847356963
2012-09-28,89,7,611.3,500.0,24,112.890625,1,1,1,pass,0.8,1.0500009858553117,0.9999450398092022,0.6088171982519333
2012-09-28,89,8,611.3,500.0,24,124.296875,1,1,1,pass,0.8,1.0500009924485707,0.8949576583425543,0.5782133132056823
2012-09-28,89,9,611.3,500.0,24,131.640625,1,1,1,pass,0.8,1.0500000276108226,0.9999245759368548,0.6088047391191359
2012-09-29,90,0,611.3,500.0,24,115.078125,1,1,1,pass,0.8,1.050000461292963,0.9999520285760684,0.6805784329916332
2012-09-29,90,1,611.3,500.0,24,125.15625,1,1,1,pass,0.8,1.050000990908465,0.9227337504607028,0.578462265942286
2012-09-29,90,2,611.3,500.0,24,98.515625,1,1,1,pass,0.8,1.0500008337747908,0.921314909194964,0.560943203721264
2012-09-29,90,3,611.3,500.0,24,118.984375,1,1,1,pass,0.8,1.0500006380353084,0.8620655151116818,0.5793427419222676
2012-09-29,90,4,611.3,500.0,24,142.5,1,1,1,pass,0.8,1.050000705840615,0.953455203910922,0.5998108133880274
2012-09-29,90,5,611.3,500.0,24,94.6875,1,1,1,pass,0.8,1.0500007489267886,0.9310472756314844,0.6081842662283381
2012-09-29,90,6,611.3,500.0,24,116.5625,1,1,1,pass,0.8,1.050000531522997,0.8973741973355515,0.583125590049099
2012-09-29,90,7,611.3,500.0,24,109.453125,1,1,1,pass,0.8,1.0500007649801824,0.9373514565326668,0.5887879871774299
2012-09-29,90,8,611.3,500.0,24,111.25,1,1,1,pass,0.8,1.0500008951938429,0.9349787602619336,0.5793285197874786
2012-09-29,90,9,611.3,500.0,24,117.578125,1,1,1,pass,0.8,1.0500006076363864,0.99995706734416,0.6185128467797781
2012-09-30,91,0,611.3,500.0,24,101.796875,1,1,1,pass,0.8,1.0500009053538248,0.9999842984696932,0.7023258162594291
2012-09-30,91,1,611.3,500.0,24,106.40625,1,1,1,pass,0.8,1.0500004785138326,0.9376482168632057,0.5728193344942671
2012-09-30,91,2,611.3,500.0,24,86.71875,1,1,1,pass,0.8,1.0500008011048638,0.8944723705011248,0.5489148857406418
2012-09-30,91,3,611.3,500.0,24,95.546875,1,1,1,pass,0.8,1.0500009845442335,0.8598606317122587,0.5949355511515356
2012-09-30,91,4,611.3,500.0,24,106.171875,1,1,1,pass,0.8,1.0500008305383262,0.9033281000908016,0.5651454588324102
2012-09-30,91,5,611.3,500.0,24,114.0625,1,1,1,pass,0.8,1.0500005759452906,0.9196243620294902,0.6073578021761363
2012-09-30,91,6,611.3,500.0,24,125.703125,1,1,1,pass,0.8,1.0500005485734625,0.915809475227268,0.5779671628721396
2012-09-30,91,7,611.3,500.0,24,93.046875,1,1,1,pass,0.8,1.0500006958186492,0.9999470136459172,0.6088184008371073
2012-09-30,91,8,611.3,500.0,24,117.265625,1,1,1,pass,0.8,1.0500007678449088,0.9222703862781044,0.5683797819654786
2012-09-30,91,9,611.3,500.0,24,121.25,1,1,1,pass,0.8,1.0500007788951131,0.9999350983763132,0.6088111458452661
2012-10-01,92,0,611.3,500.0,24,130.703125,1,1,1,pass,0.8,1.050000587605516,0.9999867759914164,0.6763827447227173
2012-10-01,92,1,611.3,500.0,24,130.625,1,1,1,pass,0.8,1.0500009442536995,0.9140258852695484,0.5813266523197206
2012-10-01,92,2,611.3,500.0,24,97.421875,1,1,1,pass,0.8,1.050000856542605,0.9300546817239916,0.5778231995164451
2012-10-01,92,3,611.3,500.0,24,102.265625,1,1,1,pass,0.8,1.049999781142027,0.8520102519693898,0.5810593111887956
2012-10-01,92,4,611.3,500.0,24,139.609375,1,1,1,pass,0.8,1.0500006390452197,0.9330596996779754,0.6040702170680327
2012-10-01,92,5,611.3,500.0,24,112.5,1,1,1,pass,0.8,1.050000836788795,0.9221313268409383,0.6051430890800276
2012-10-01,92,6,611.3,500.0,24,124.53125,1,1,1,pass,0.8,1.0500003476254354,0.8720206598767771,0.5720553964239861
2012-10-01,92,7,611.3,500.0,24,137.421875,1,1,1,pass,0.8,1.050000676448802,0.9882180259399256,0.6183596992723664
2012-10-01,92,8,611.3,500.0,24,121.171875,1,1,1,pass,0.8,1.0500008671719343,0.8805075125428786,0.5812355153876914
2012-10-01,92,9,611.3,500.0,24,132.109375,1,1,1,pass,0.8,1.050000989295831,0.9999969703498824,0.6088488163942072
2012-10-02,93,0,611.3,500.0,24,102.8125,1,1,1,pass,0.8,1.0500006970385551,0.9999677152687436,0.6806577136561842
2012-10-02,93,1,611.3,500.0,24,107.890625,1,1,1,pass,0.8,1.0500007395217843,0.9422796485389376,0.580072874949781
2012-10-02,93,2,611.3,500.0,24,91.953125,1,1,1,pass,0.8,1.050000933516252,0.9181414835991296,0.5812450302699644
2012-10-02,93,3,611.3,500.0,24,95.15625,1,1,1,pass,0.8,1.0500007030499203,0.8775120001466148,0.5743160394509251
2012-10-02,93,4,611.3,500.0,24,93.203125,1,1,1,pass,0.8,1.0500007581670583,0.9528247896608288,0.6219660232209099
2012-10-02,93,5,611.3,500.0,24,74.296875,1,1,1,pass,0.8,1.050000612194178,0.9470538050971862,0.6051678091130233
2012-10-02,93,6,611.3,500.0,24,107.734375,1,1,1,pass,0.8,1.0500005995250887,0.9999472013386794,0.608818515130518
2012-10-02,93,7,611.3,500.0,24,91.171875,1,1,1,pass,0.8,1.0500003427531914,0.9999907973613308,0.6088450582578211
2012-10-02,93,8,611.3,500.0,24,76.71875,1,1,1,pass,0.8,1.0500006316593726,0.919327126987568,0.5756880966989496
2012-10-02,93,9,611.3,500.0,24,99.21875,1,1,1,pass,0.8,1.0500009452187715,0.9999216270517473,0.6088029438640425
2012-10-03,94,0,611.3,500.0,24,106.328125,1,1,1,pass,0.8,1.0500009210184975,0.9999707369330334,0.7036592550658775
2012-10-03,94,1,611.3,500.0,24,111.40625,1,1,1,pass,0.8,1.050000998831614,0.9210866825258168,0.59001000751254
2012-10-03,94,2,611.3,500.0,24,89.0625,1,1,1,pass,0.8,1.050000979722368,0.9115765477084048,0.5702679868081004
2012-10-03,94,3,611.3,500.0,24,86.953125,1,1,1,pass,0.8,1.0500007821214112,0.8690191765190803,0.5682763323070719
2012-10-03,94,4,611.3,500.0,24,115.078125,1,1,1,pass,0.8,1.0500008155584553,0.9999290652893148,0.6088074727509384
2012-10-03,94,5,611.3,500.0,24,74.296875,1,1,1,pass,0.8,1.050000643236089,0.940189985536753,0.6010900939778357
2012-10-03,94,6,611.3,500.0,24,103.359375,1,1,1,pass,0.8,1.050000904121735,0.9375722783112757,0.5715634290334166
2012-10-03,94,7,611.3,500.0,24,94.375,1,1,1,pass,0.8,1.0500003959286104,0.959346477514178,0.6026838055031138
2012-10-03,94,8,611.3,500.0,24,89.296875,1,1,1,pass,0.8,1.0500009772077925,0.8984059442693583,0.5860183314579782
2012-10-03,94,9,611.3,500.0,24,94.609375,1,1,1,pass,0.8,1.0500006081229212,0.9999173648569362,0.611316426395532
2012-10-04,95,0,611.3,500.0,24,103.28125,1,1,1,pass,0.8,1.050000616290901,0.999992634754901,0.6888609221591941
2012-10-04,95,1,611.3,500.0,24,119.84375,1,1,1,pass,0.8,1.0500005815661515,0.9043301838073284,0.5813181318047131
2012-10-04,95,2,611.3,500.0,24,87.03125,1,1,1,pass,0.8,1.0500008676867147,0.9041359176932136,0.5712346747542153
2012-10-04,95,3,611.3,500.0,24,82.421875,1,1,1,pass,0.8,1.050000995887281,0.8639131985988436,0.5540009131128215
2012-10-04,95,4,611.3,500.0,24,130.0,1,1,1,pass,0.8,1.0500009355291546,0.9654751464354224,0.5957531725992653
2012-10-04,95,5,611.3,500.0,24,86.171875,1,1,1,pass,0.8,1.0500007498432062,0.9398501278448792,0.5964620540788853
2012-10-04,95,6,611.3,500.0,24,105.15625,1,1,1,pass,0.8,1.0500006463681668,0.9247165931473992,0.5669116781135082
2012-10-04,95,7,611.3,500.0,24,108.4375,1,1,1,pass,0.8,1.0500009538245596,0.9721087075254368,0.5925196558582292
2012-10-04,95,8,611.3,500.0,24,100.390625,1,1,1,pass,0.8,1.0500006498778989,0.9044329644727924,0.5740282575602733
2012-10-04,95,9,611.3,500.0,24,124.6875,1,1,1,pass,0.8,1.0500006295399766,0.9999588158506354,0.6166941039272509
2012-10-05,96,0,611.3,500.0,24,127.34375,1,1,1,pass,0.8,1.050000456969195,0.9999759472850892,0.6840939450405267
2012-10-05,96,1,611.3,500.0,24,118.359375,1,1,1,pass,0.8,1.0500009243515365,0.9869095914835004,0.6008805596901052
2012-10-05,96,2,611.3,500.0,24,99.6875,1,1,1,pass,0.8,1.0500009741771996,0.869906177169689,0.5429539019487213
2012-10-05,96,3,611.3,500.0,24,103.046875,1,1,1,pass,0.8,1.05000054048835,0.8672730402441114,0.560199580676063
2012-10-05,96,4,611.3,500.0,24,116.484375,1,1,1,pass,0.8,1.050000925350765,0.9793145563943382,0.5962563186746478
2012-10-05,96,5,611.3,500.0,24,114.0625,1,1,1,pass,0.8,1.0500009348773718,0.9663064284946856,0.619651048206913
2012-10-05,96,6,611.3,500.0,24,119.21875,1,1,1,pass,0.8,1.0500005687410343,0.9210072856835864,0.5621028154563089
2012-10-05,96,7,611.3,500.0,24,132.03125,1,1,1,pass,0.8,1.0500008980723512,0.9296899717304176,0.5883185090358523
2012-10-05,96,8,611.3,500.0,24,135.390625,1,1,1,pass,0.8,1.0500008935971492,0.9192784512740092,0.5861095240428696
2012-10-05,96,9,611.3,500.0,24,123.046875,1,1,1,pass,0.8,1.0500008557038625,0.9999251532686402,0.6145746853854684
2012-10-06,97,0,611.3,500.0,24,142.5,1,1,1,pass,0.8,1.0500008509084822,0.999935862577798,0.7422100069679636
2012-10-06,97,1,611.3,500.0,24,142.5,1,1,1,pass,0.8,1.0500006403423408,0.9443185504943992,0.600729689053412
2012-10-06,97,2,611.3,500.0,24,142.5,1,1,1,pass,0.8,1.0500009234422878,0.9149703946029996,0.5676269379012019
2012-10-06,97,3,611.3,500.0,24,142.5,1,1,1,pass,0.8,1.0499998481511266,0.8683044854576536,0.5620364935072611
2012-10-06,97,4,611.3,500.0,24,142.5,1,1,1,pass,0.8,1.0500005705877309,0.9590876775492084,0.5839411731006511
2012-10-06,97,5,611.3,500.0,24,130.46875,1,1,1,pass,0.8,1.050000737867346,0.9685023556431254,0.6009583261155746
2012-10-06,97,6,611.3,500.0,24,137.421875,1,1,1,pass,0.8,1.0500005612823478,0.8863770150156168,0.5555601380047708
2012-10-06,97,7,611.3,500.0,24,142.5,1,1,1,pass,0.8,1.050000933804457,0.9999369204026548,0.6088122553432147
2012-10-06,97,8,611.3,500.0,24,142.5,1,1,1,pass,0.8,1.0500001926364586,0.9446455789170084,0.5751480939388125
2012-10-06,97,9,611.3,500.0,24,142.5,1,1,1,pass,0.8,1.0500004684831263,0.9999361391344112,0.6260840566021977
2012-10-07,98,0,611.3,500.0,24,108.828125,1,1,1,pass,0.8,1.050000379920664,0.9515276393379624,0.7330335200170289
2012-10-07,98,1,611.3,500.0,24,125.703125,1,1,1,pass,0.8,1.0500009884030854,0.9731712314738296,0.5925159521395155
2012-10-07,98,2,611.3,500.0,24,112.890625,1,1,1,pass,0.8,1.0500007185005722,0.8957696250319337,0.5648365143596811
2012-10-07,98,3,611.3,500.0,24,90.3125,1,1,1,pass,0.8,1.0500007370034083,0.9040066799310624,0.5716264154731994
2012-10-07,98,4,611.3,500.0,24,130.15625,1,1,1,pass,0.8,1.0500007096984445,0.8966137382947419,0.590775877921237
2012-10-07,98,5,611.3,500.0,24,75.0,1,1,1,pass,0.8,1.0500008383571722,0.9438388868362376,0.6233825203509056
2012-10-07,98,6,611.3,500.0,24,140.625,1,1,1,pass,0.8,1.05000096513146,0.8784619526422525,0.5820855589900145
2012-10-07,98,7,611.3,500.0,24,102.578125,1,1,1,pass,0.8,1.0500008478934608,0.921511300468852,0.6009299238645095
2012-10-07,98,8,611.3,500.0,24,108.046875,1,1,1,pass,0.8,1.050000999785254,0.8254810172515914,0.5860336708505238
2012-10-07,98,9,611.3,500.0,24,123.28125,1,1,1,pass,0.8,1.0500009478035488,0.9999815082382651,0.6338989878076404
2012-10-08,99,0,611.3,500.0,24,118.515625,1,1,1,pass,0.8,1.0500006577450498,0.923656841941041,0.6841467912974941
2012-10-08,99,1,611.3,500.0,24,118.203125,1,1,1,pass,0.8,1.050000565208363,0.940482604862534,0.5757878231974121
2012-10-08,99,2,611.3,500.0,24,113.515625,1,1,1,pass,0.8,1.0500009327609847,0.8666164206158397,0.5644558272429121
2012-10-08,99,3,611.3,500.0,24,113.984375,1,1,1,pass,0.8,1.0500004924945394,0.8563435717542904,0.5716169229205582
2012-10-08,99,4,611.3,500.0,24,132.734375,1,1,1,pass,0.8,1.050000894088977,0.8749457654578692,0.6230921845742748
2012-10-08,99,5,611.3,500.0,24,104.53125,1,1,1,pass,0.8,1.050000703858923,0.9526736306086068,0.5835136531121362
2012-10-08,99,6,611.3,500.0,24,122.734375,1,1,1,pass,0.8,1.050000681980205,0.8952991802910769,0.5683377310276455
2012-10-08,99,7,611.3,500.0,24,113.75,1,1,1,pass,0.8,1.0500005390450478,0.9010039970336198,0.6146819214488498
2012-10-08,99,8,611.3,500.0,24,108.984375,1,1,1,pass,0.8,1.0500005766769689,0.8607650135158095,0.5963779303404498
2012-10-08,99,9,611.3,500.0,24,129.296875,1,1,1,pass,0.8,1.0500006544337197,0.9599283236900316,0.5844530009363865
2012-10-09,100,0,611.3,500.0,24,102.96875,1,1,1,pass,0.8,1.0500008911679195,0.9881942671157607,0.6950514784042948
2012-10-09,100,1,611.3,500.0,24,120.703125,1,1,1,pass,0.8,1.05000091485076,0.9986323174124504,0.6080179474003412
2012-10-09,100,2,611.3,500.0,24,104.375,1,1,1,pass,0.8,1.0500007664218998,0.8875445018028245,0.5594402801345459
2012-10-09,100,3,611.3,500.0,24,83.046875,1,1,1,pass,0.8,1.050000799814894,0.8476739908903835,0.5735566859428677
2012-10-09,100,4,611.3,500.0,24,100.46875,1,1,1,pass,0.8,1.0500007976039072,0.9415154015097736,0.5992617896697097
2012-10-09,100,5,611.3,500.0,24,87.1875,1,1,1,pass,0.8,1.0500007158069296,0.9384625545125406,0.6058094758176709
2012-10-09,100,6,611.3,500.0,24,121.328125,1,1,1,pass,0.8,1.050000960038747,0.899395093309763,0.581690547067044
2012-10-09,100,7,611.3,500.0,24,104.21875,1,1,1,pass,0.8,1.0500009534984198,0.9040945418766784,0.5987559638771625
2012-10-09,100,8,611.3,500.0,24,78.671875,1,1,1,pass,0.8,1.0500009831564612,0.8772339553329322,0.5689968980390249
2012-10-09,100,9,611.3,500.0,24,105.625,1,1,1,pass,0.8,1.0500009662405525,0.9589194731108588,0.5907115675070232
2012-10-10,101,0,611.3,500.0,24,108.359375,1,1,1,pass,0.8,1.0500009562650894,0.8891006568721727,0.6717809552224862
2012-10-10,101,1,611.3,500.0,24,78.828125,1,1,1,pass,0.8,1.050000878545578,0.9393004841793942,0.5718937302677323
2012-10-10,101,2,611.3,500.0,24,93.828125,1,1,1,pass,0.8,1.0500008102139922,0.8624305915668539,0.5578818936392927
2012-10-10,101,3,611.3,500.0,24,76.015625,1,1,1,pass,0.8,1.0500009433865185,0.895684833974841,0.6037123669327346
2012-10-10,101,4,611.3,500.0,24,90.0,1,1,1,pass,0.8,1.050000406479782,0.9286990538100276,0.5904510744021576
2012-10-10,101,5,611.3,500.0,24,84.53125,1,1,1,pass,0.8,1.0500007515758745,0.9883669318373376,0.6017678621145525
2012-10-10,101,6,611.3,500.0,24,101.328125,1,1,1,pass,0.8,1.050000614878135,0.9135091453355948,0.5718210511829298
2012-10-10,101,7,611.3,500.0,24,85.9375,1,1,1,pass,0.8,1.0500006621659608,0.959084791020238,0.5961691068054177
2012-10-10,101,8,611.3,500.0,24,70.390625,1,1,1,pass,0.8,1.0500002881583472,0.8765233768714392,0.5761745450740331
2012-10-10,101,9,611.3,500.0,24,95.46875,1,1,1,pass,0.8,1.0500008493522537,0.9168955014938192,0.5759148786379459
2012-10-11,102,0,611.3,500.0,24,142.5,1,1,1,pass,0.8,1.0500008714376747,0.9437023376480194,0.6739399412302103
2012-10-11,102,1,611.3,500.0,24,142.5,1,1,1,pass,0.8,1.0500009445256375,0.9846994793309802,0.5995349317719136
2012-10-11,102,2,611.3,500.0,24,133.125,1,1,1,pass,0.8,1.0500006846102674,0.9998529492836784,0.6087611297412764
2012-10-11,102,3,611.3,500.0,24,134.765625,1,1,1,pass,0.8,1.050000457388902,0.9045023079234906,0.5992044154914977
2012-10-11,102,4,611.3,500.0,24,130.546875,1,1,1,pass,0.8,1.0500009743321814,0.92760366941793,0.5769528173244436
2012-10-11,102,5,611.3,500.0,24,120.859375,1,1,1,pass,0.8,1.050000870131864,0.95232357651946,0.5961421336011877
2012-10-11,102,6,611.3,500.0,24,142.5,1,1,1,pass,0.8,1.0500007346635514,0.9179742445755584,0.5774192851658279
2012-10-11,102,7,611.3,500.0,24,142.5,1,1,1,pass,0.8,1.05000089842321,0.999919089239747,0.6088013985891071
2012-10-11,102,8,611.3,500.0,24,135.390625,1,1,1,pass,0.8,1.0500009901421483,0.8757606136327294,0.587379091892543
2012-10-11,102,9,611.3,500.0,24,142.5,1,1,1,pass,0.8,1.0500007257970878,0.9338184756672564,0.5886418334283436
2013-01-01,103,0,611.3,500.0,24,142.5,1,1,1,pass,0.8,1.0500005436222744,0.9999840517808842,0.7580784537620706
2013-01-01,103,1,611.3,500.0,24,121.953125,1,1,1,pass,0.8,1.0500008581234055,0.9468099806594418,0.5944399199994376
2013-01-01,103,2,611.3,500.0,24,121.09375,1,1,1,pass,0.8,1.0500009110671154,0.9212403605600048,0.602361989117464
2013-01-01,103,3,611.3,500.0,24,123.4375,1,1,1,pass,0.8,1.0500007558700837,0.9517781664829712,0.6032483278778628
2013-01-01,103,4,611.3,500.0,24,142.5,1,1,1,pass,0.8,1.0500009284381688,0.9619221244945164,0.6331429685830949
2013-01-01,103,5,611.3,500.0,24,140.390625,1,1,1,pass,0.8,1.050000971929426,0.9219099142985888,0.6038565617470948
2013-01-01,103,6,611.3,500.0,24,142.5,1,1,1,pass,0.8,1.0500008703180732,0.9594721903117214,0.6164052041497763
2013-01-01,103,7,611.3,500.0,24,142.5,1,1,1,pass,0.8,1.0500000000349712,0.9999956856232216,0.6673307979541948
2013-01-01,103,8,611.3,500.0,24,142.5,1,1,1,pass,0.8,1.0500006727520568,0.8519692214531958,0.6358622568260374
2013-01-01,103,9,611.3,500.0,24,142.5,1,1,1,pass,0.8,1.0500009870382787,0.9667770323733988,0.6401096543947421
2013-01-02,104,0,611.3,500.0,24,142.5,1,1,1,pass,0.8,1.050000794076981,0.9404486266237246,0.716899601774777
2013-01-02,104,1,611.3,500.0,24,124.765625,1,1,1,pass,0.8,1.0500008502817657,0.8831008812767267,0.5546677746482771
2013-01-02,104,2,611.3,500.0,24,131.328125,1,1,1,pass,0.8,1.0500006049234891,0.871853554021483,0.5869227527558596
2013-01-02,104,3,611.3,500.0,24,127.421875,1,1,1,pass,0.8,1.0500001002695372,0.8502391771415323,0.575586577911696
2013-01-02,104,4,611.3,500.0,24,142.5,1,1,1,pass,0.8,1.050000886185691,0.8896662568232169,0.5655774004371811
2013-01-02,104,5,611.3,500.0,24,118.125,1,1,1,pass,0.8,1.0500008590697572,0.9109411030053732,0.5688671840846262
2013-01-02,104,6,611.3,500.0,24,130.46875,1,1,1,pass,0.8,1.050000700706096,0.9008143053793346,0.5594008544828182
2013-01-02,104,7,611.3,500.0,24,134.296875,1,1,1,pass,0.8,1.0500006954176166,0.9249480998655396,0.5997010278035987
2013-01-02,104,8,611.3,500.0,24,129.921875,1,1,1,pass,0.8,1.050000847299596,0.8334130865792723,0.5554932961788205
2013-01-02,104,9,611.3,500.0,24,142.5,1,1,1,pass,0.8,1.0500008089615438,0.9122318702860384,0.5899091379952053
2013-01-03,105,0,611.3,500.0,24,133.828125,1,1,1,pass,0.8,1.050000593941225,0.9818866876063062,0.6930952372178337
2013-01-03,105,1,611.3,500.0,24,98.90625,1,1,1,pass,0.8,1.0500007767710633,0.863371100617162,0.5506116418737037
2013-01-03,105,2,611.3,500.0,24,113.359375,1,1,1,pass,0.8,1.0500005566736,0.8700962848912197,0.5406186438030569
2013-01-03,105,3,611.3,500.0,24,107.578125,1,1,1,pass,0.8,1.0500008191891377,0.9155133607094148,0.5812201986109711
2013-01-03,105,4,611.3,500.0,24,135.078125,1,1,1,pass,0.8,1.0500009107579544,0.9446498254580448,0.5829294656741945
2013-01-03,105,5,611.3,500.0,24,105.0,1,1,1,pass,0.8,1.05000080624555,0.902344715165782,0.5721973440999327
2013-01-03,105,6,611.3,500.0,24,115.9375,1,1,1,pass,0.8,1.050000883412188,0.8533241656356632,0.5629615309312409
2013-01-03,105,7,611.3,500.0,24,131.015625,1,1,1,pass,0.8,1.0500008099330975,0.9450980806185174,0.5842736346140466
2013-01-03,105,8,611.3,500.0,24,107.734375,1,1,1,pass,0.8,1.0500008888594787,0.7945346371273446,0.5632750776680687
2013-01-03,105,9,611.3,500.0,24,125.0,1,1,1,pass,0.8,1.0500009946037916,0.9246076319366228,0.5629479796471382
2013-01-04,106,0,611.3,500.0,24,121.171875,1,1,1,pass,0.8,1.050000540912837,0.9736274044363894,0.7034045487672816
2013-01-04,106,1,611.3,500.0,24,102.578125,1,1,1,pass,0.8,1.050000065826059,0.8970723736125887,0.5621378633363825
2013-01-04,106,2,611.3,500.0,24,106.015625,1,1,1,pass,0.8,1.0500007728355616,0.9745096458921676,0.5933308464440382
2013-01-04,106,3,611.3,500.0,24,93.75,1,1,1,pass,0.8,1.050000708821688,0.8620435223083998,0.556953359362664
2013-01-04,106,4,611.3,500.0,24,109.453125,1,1,1,pass,0.8,1.050000927272917,0.9341455827385547,0.5813821877644075
2013-01-04,106,5,611.3,500.0,24,82.109375,1,1,1,pass,0.8,1.0500007685692545,0.9459302947696944,0.5820358972449639
2013-01-04,106,6,611.3,500.0,24,142.5,1,1,1,pass,0.8,1.0500009871815474,0.8841349861244494,0.6058774309348287
2013-01-04,106,7,611.3,500.0,24,142.5,1,1,1,pass,0.8,1.050000597390164,0.9999447888403094,0.6226243790194148
2013-01-04,106,8,611.3,500.0,24,100.0,1,1,1,pass,0.8,1.0500004213342766,0.850448548624084,0.5799488964860524
2013-01-04,106,9,611.3,500.0,24,112.1875,1,1,1,pass,0.8,1.050000845924013,0.9733295503331608,0.5926123446580744
2013-01-05,107,0,611.3,500.0,24,142.5,1,1,1,pass,0.8,1.0500006559048016,0.9999340891993328,0.6808851409561727
2013-01-05,107,1,611.3,500.0,24,108.125,1,1,1,pass,0.8,1.050000842799437,0.999986796037862,0.6701493283609286
2013-01-05,107,2,611.3,500.0,24,100.625,1,1,1,pass,0.8,1.0500009318386772,0.9008240039167166,0.6168822193801965
2013-01-05,107,3,611.3,500.0,24,142.5,1,1,1,pass,0.8,1.0500008951223874,0.935789118844824,0.6108378406158974
2013-01-05,107,4,611.3,500.0,24,142.5,1,1,1,pass,0.8,1.050000548999401,0.9999954615424684,0.6468060911580651
2013-01-05,107,5,611.3,500.0,24,131.25,1,1,1,pass,0.8,1.050000940489566,0.950273411893818,0.6280932380402243
2013-01-05,107,6,611.3,500.0,24,142.5,1,1,1,pass,0.8,1.050000058139955,0.9999566801427032,0.6708408191646809
2013-01-05,107,7,611.3,500.0,24,142.5,1,1,1,pass,0.8,1.050000968468739,0.9793438373682852,0.6676271629214177
2013-01-05,107,8,611.3,500.0,24,137.34375,1,1,1,pass,0.8,1.0500002518744742,0.9128575686750232,0.597934277998266
2013-01-05,107,9,611.3,500.0,24,142.5,1,1,1,pass,0.8,1.0500009964174113,0.9999457175962684,0.623140193287229
2013-01-06,108,0,611.3,500.0,24,142.5,1,1,1,pass,0.8,1.049999346492788,0.9999971475977448,0.6829898789537812
2013-01-06,108,1,611.3,500.0,24,133.515625,1,1,1,pass,0.8,1.0500009862376756,0.9490999734025684,0.6144524504175987
2013-01-06,108,2,611.3,500.0,24,101.171875,1,1,1,pass,0.8,1.0500009149304197,0.9262126148830412,0.5896195589785244
2013-01-06,108,3,611.3,500.0,24,117.96875,1,1,1,pass,0.8,1.050000617784325,0.8943115747549466,0.5832592284853517
2013-01-06,108,4,611.3,500.0,24,142.5,1,1,1,pass,0.8,1.0500004220316763,0.9400123680959784,0.6411890009491943
2013-01-06,108,5,611.3,500.0,24,131.71875,1,1,1,pass,0.8,1.050000810636409,0.9503459208357126,0.6264927548998314
2013-01-06,108,6,611.3,500.0,24,142.5,1,1,1,pass,0.8,1.0500006213748858,0.982710574326756,0.6575189451012017
2013-01-06,108,7,611.3,500.0,24,142.5,1,1,1,pass,0.8,1.0500008587760707,0.9999902592454204,0.6541221764281494
2013-01-06,108,8,611.3,500.0,24,142.5,1,1,1,pass,0.8,1.050000615548574,0.8503614138290675,0.6173678094124047
2013-01-06,108,9,611.3,500.0,24,142.5,1,1,1,pass,0.8,1.0500004367640896,0.9741342732322776,0.6045903633265163
2013-01-07,109,0,611.3,500.0,24,107.578125,1,1,1,pass,0.8,1.050000971563638,0.9999200970355248,0.7101276145925328
2013-01-07,109,1,611.3,500.0,24,127.1875,1,1,1,pass,0.8,1.0500006949533434,0.9662907634626472,0.5883267756587437
2013-01-07,109,2,611.3,500.0,24,89.0625,1,1,1,pass,0.8,1.0500003813316046,0.8983653890666098,0.5899648093581408
2013-01-07,109,3,611.3,500.0,24,117.890625,1,1,1,pass,0.8,1.050000327582293,0.8667537193375044,0.598790003217343
2013-01-07,109,4,611.3,500.0,24,142.5,1,1,1,pass,0.8,1.0500007830520608,0.9867680139139374,0.6289574913998465
2013-01-07,109,5,611.3,500.0,24,102.34375,1,1,1,pass,0.8,1.0500008190924317,0.9409751345935676,0.5758560776224033
2013-01-07,109,6,611.3,500.0,24,127.265625,1,1,1,pass,0.8,1.0500009521469842,0.9955479050668352,0.6241122276046729
2013-01-07,109,7,611.3,500.0,24,122.96875,1,1,1,pass,0.8,1.050000894893591,0.938177014997062,0.597362918169001
2013-01-07,109,8,611.3,500.0,24,117.734375,1,1,1,pass,0.8,1.050000415422081,0.9059605300711184,0.6056450928528775
2013-01-07,109,9,611.3,500.0,24,142.5,1,1,1,pass,0.8,1.0500008260351004,0.9093898416267208,0.5885846728418684
2013-01-08,110,1,611.3,500.0,24,142.5,1,1,1,pass,0.8,1.050000695237743,0.9999862063199284,0.7776240231481616
2013-01-08,110,2,611.3,500.0,24,142.5,1,1,1,pass,0.8,1.0500005088269817,0.9999884119675264,0.7167356851850681
2013-01-08,110,3,611.3,500.0,24,142.5,1,1,1,pass,0.8,1.0500005839536668,0.9999894782439795,0.796862863552227
2013-01-08,110,4,611.3,500.0,24,139.73720703125,1,1,1,pass,0.8,1.0500002669575004,0.9999944460217648,0.8003494712551714
2013-01-08,110,5,611.3,500.0,24,142.5,1,1,1,pass,0.8,1.0500000650256085,0.999989418819772,0.765119675687766
2013-01-08,110,6,611.3,500.0,24,142.5,1,1,1,pass,0.8,1.0500005447906369,0.9999985450119624,0.7824081517065392
2013-01-08,110,7,611.3,500.0,24,142.5,1,1,1,pass,0.8,1.050000202030707,0.9999950689621276,0.7837784894114138
2013-01-08,110,8,611.3,500.0,24,142.5,1,1,1,pass,0.8,1.0500009615230623,1.0000004806243683,0.795183488521938
2013-01-08,110,9,611.3,500.0,24,142.5,1,1,1,pass,0.8,1.0500002813442149,0.999991246222313,0.7827419989488712
2013-01-09,111,0,611.3,500.0,24,142.5,1,1,1,pass,0.8,1.0500007342828752,0.960773605480208,0.7925402511039702
2013-01-09,111,1,611.3,500.0,24,142.5,1,1,1,pass,0.8,1.0500008895660216,0.9237299516900752,0.6044714622752997
2013-01-09,111,2,611.3,500.0,24,112.5,1,1,1,pass,0.8,1.0500006659678236,0.87073124492752,0.5929969386686615
2013-01-09,111,3,611.3,500.0,24,125.0,1,1,1,pass,0.8,1.0500009363172014,0.8581929464750554,0.6075723022723827
2013-01-09,111,4,611.3,500.0,24,142.5,1,1,1,pass,0.8,1.0500009824143337,0.9511057794446628,0.6556570542590185
2013-01-09,111,5,611.3,500.0,24,112.96875,1,1,1,pass,0.8,1.0499999431101634,0.8587058988513518,0.6811370647941014
2013-01-09,111,6,611.3,500.0,24,135.546875,1,1,1,pass,0.8,1.050000680026592,0.8633600264046838,0.6683135326292178
2013-01-09,111,7,611.3,500.0,24,142.5,1,1,1,pass,0.8,1.0500009379588675,0.9981532753300336,0.6077262823833716
2013-01-09,111,8,611.3,500.0,24,102.734375,1,1,1,pass,0.8,1.0500008990753853,0.8426603148682358,0.607558231146907
2013-01-09,111,9,611.3,500.0,24,127.578125,1,1,1,pass,0.8,1.0500008725838372,0.8887022037658413,0.6395472359366123
2013-01-10,112,0,611.3,500.0,24,142.5,1,1,1,pass,0.8,1.0500005159849264,0.9322156115740472,0.6816530168661682
2013-01-10,112,1,611.3,500.0,24,140.78125,1,1,1,pass,0.8,1.0500008206876106,0.9034709901873303,0.5500789244988855
2013-01-10,112,2,611.3,500.0,24,134.53125,1,1,1,pass,0.8,1.0500008714183175,0.891134716392409,0.5591397953293084
2013-01-10,112,3,611.3,500.0,24,141.484375,1,1,1,pass,0.8,1.0500007275489944,0.8719004191461078,0.5608989365989457
2013-01-10,112,4,611.3,500.0,24,142.5,1,1,1,pass,0.8,1.0500008969288204,0.9199242777594908,0.569557670521803
2013-01-10,112,5,611.3,500.0,24,127.03125,1,1,1,pass,0.8,1.0500009561539363,0.9194797009388198,0.5624160756249932
2013-01-10,112,6,611.3,500.0,24,136.953125,1,1,1,pass,0.8,1.0500009844288254,0.903963797879531,0.5818105704614117
2013-01-10,112,7,611.3,500.0,24,142.5,1,1,1,pass,0.8,1.0500007246243346,0.9999156705820073,0.6087993164194765
2013-01-10,112,8,611.3,500.0,24,123.359375,1,1,1,pass,0.8,1.0500005766746017,0.8377584949570078,0.5543539490601029
2013-01-10,112,9,611.3,500.0,24,142.5,1,1,1,pass,0.8,1.05000075285532,0.914533587532657,0.5648083801270647
2013-01-11,113,0,611.3,500.0,24,142.5,1,1,1,pass,0.8,1.0500009252181757,0.9999772805166816,0.6953753258409914
2013-01-11,113,1,611.3,500.0,24,134.6875,1,1,1,pass,0.8,1.0500009886904824,0.999970479954036,0.6486510072918538
2013-01-11,113,2,611.3,500.0,24,90.9375,1,1,1,pass,0.8,1.0500000417156965,0.9999472843955464,0.6088185645509203
2013-01-11,113,3,611.3,500.0,24,142.5,1,1,1,pass,0.8,1.0500008364163824,0.9999226686854265,0.6259362453008019
2013-01-11,113,4,611.3,500.0,24,142.5,1,1,1,pass,0.8,1.0500009941281845,0.9999999419754132,0.7015600903599152
2013-01-11,113,5,611.3,500.0,24,101.71875,1,1,1,pass,0.8,1.050000806717278,0.9999448705021424,0.6567682964031069
2013-01-11,113,6,611.3,500.0,24,142.5,1,1,1,pass,0.8,1.050000663615127,0.999993311301366,0.6881569582617226
2013-01-11,113,7,611.3,500.0,24,142.5,1,1,1,pass,0.8,1.05000095636327,0.9999796643116684,0.6825754699302699
2013-01-11,113,8,611.3,500.0,24,128.90625,1,1,1,pass,0.8,1.0500008871415418,0.9695024804494808,0.6478447426379937
2013-01-11,113,9,611.3,500.0,24,142.5,1,1,1,pass,0.8,1.050000740904678,0.999920597263886,0.6830938057415722
2013-01-12,114,0,611.3,500.0,24,142.5,1,1,1,pass,0.8,1.0500007527585635,0.9999721804542452,0.7166138467774407
2013-01-12,114,1,611.3,500.0,24,142.5,1,1,1,pass,0.8,1.0500005917012265,0.9923877894164193,0.614331288472606
2013-01-12,114,2,611.3,500.0,24,142.5,1,1,1,pass,0.8,1.0499998397649897,0.9999387549201926,0.6275997638626964
2013-01-12,114,3,611.3,500.0,24,142.5,1,1,1,pass,0.8,1.0500006307053529,0.9999967175592406,0.6688767843994757
2013-01-12,114,4,611.3,500.0,24,142.5,1,1,1,pass,0.8,1.0499994877890355,0.9999779764860072,0.7099015911465425
2013-01-12,114,5,611.3,500.0,24,142.5,1,1,1,pass,0.8,1.05000016821643,0.9999935774509312,0.6297149134457035
2013-01-12,114,6,611.3,500.0,24,142.5,1,1,1,pass,0.8,1.050000830559927,0.9999908429351468,0.6753367828346843
2013-01-12,114,7,611.3,500.0,24,142.5,1,1,1,pass,0.8,1.0499997970511925,0.9999850115337806,0.699997876129033
2013-01-12,114,8,611.3,500.0,24,142.5,1,1,1,pass,0.8,1.0500003838961038,0.9999970280563804,0.6577143525214801
2013-01-12,114,9,611.3,500.0,24,142.5,1,1,1,pass,0.8,1.0499996330898902,0.9999489551492676,0.6611472622045782
2013-01-13,115,0,611.3,500.0,24,142.5,1,1,1,pass,0.8,1.0500007484986196,0.9743075756608398,0.7049165196920898
2013-01-13,115,1,611.3,500.0,24,142.5,1,1,1,pass,0.8,1.0500000853733054,0.8851544860054852,0.5644907805196102
2013-01-13,115,2,611.3,500.0,24,142.5,1,1,1,pass,0.8,1.050000911309265,0.9512016279983736,0.5839164515440289
2013-01-13,115,3,611.3,500.0,24,142.5,1,1,1,pass,0.8,1.0500009289637289,0.8885890675960273,0.5713343533017852
2013-01-13,115,4,611.3,500.0,24,142.5,1,1,1,pass,0.8,1.0500008146198785,0.8962623987638032,0.595283714883519
2013-01-13,115,5,611.3,500.0,24,135.703125,1,1,1,pass,0.8,1.0500009935321748,0.9057779657476754,0.5699241275912017
2013-01-13,115,6,611.3,500.0,24,142.5,1,1,1,pass,0.8,1.0500009136765505,0.8824496754674763,0.5808260794979786
2013-01-13,115,7,611.3,500.0,24,142.5,1,1,1,pass,0.8,1.0500003250595402,0.9534302487587472,0.5865900159679388
2013-01-13,115,8,611.3,500.0,24,142.5,1,1,1,pass,0.8,1.0500003476850206,0.8347526175707988,0.5581420331182949
2013-01-13,115,9,611.3,500.0,24,142.5,1,1,1,pass,0.8,1.0500008769446996,0.9634427442121049,0.5880222008367311
2013-01-14,116,0,611.3,500.0,24,97.8125,1,1,1,pass,0.8,1.0500006119843968,0.9268915850737776,0.6943676850339597
2013-01-14,116,1,611.3,500.0,24,80.9375,1,1,1,pass,0.8,1.0500005648297932,0.8839278724779678,0.5508024710691622
2013-01-14,116,2,611.3,500.0,24,87.5,1,1,1,pass,0.8,1.050000855278911,0.8609305177973512,0.5497776067310904
2013-01-14,116,3,611.3,500.0,24,85.546875,1,1,1,pass,0.8,1.05000085451183,0.8685990706226631,0.5729211448760929
2013-01-14,116,4,611.3,500.0,24,113.125,1,1,1,pass,0.8,1.0500005883311143,0.980709396707966,0.5971055679161164
2013-01-14,116,5,611.3,500.0,24,92.890625,1,1,1,pass,0.8,1.050000991478081,0.9052620706860636,0.5711390806342542
2013-01-14,116,6,611.3,500.0,24,122.5,1,1,1,pass,0.8,1.050000537662978,0.9123593960114912,0.5767830891953956
2013-01-14,116,7,611.3,500.0,24,111.09375,1,1,1,pass,0.8,1.0500005489542263,0.90789930328486,0.5677503339868558
2013-01-14,116,8,611.3,500.0,24,84.140625,1,1,1,pass,0.8,1.0500009043562792,0.795747510602409,0.5562149756390821
2013-01-14,116,9,611.3,500.0,24,112.1875,1,1,1,pass,0.8,1.0500005154759182,0.894635741698176,0.5862196328874597
2013-01-15,117,0,611.3,500.0,24,132.5,1,1,1,pass,0.8,1.050000791112131,0.920632346835442,0.6657145249142712
2013-01-15,117,1,611.3,500.0,24,95.703125,1,1,1,pass,0.8,1.050000793179685,0.8979107982002588,0.5496876979942926
2013-01-15,117,2,611.3,500.0,24,117.03125,1,1,1,pass,0.8,1.0500009268566195,0.8620502942415846,0.5399309526568815
2013-01-15,117,3,611.3,500.0,24,106.640625,1,1,1,pass,0.8,1.050000496016891,0.8674552673560904,0.575186633966303
2013-01-15,117,4,611.3,500.0,24,122.96875,1,1,1,pass,0.8,1.0500005564097388,0.9000390708464238,0.5638657612859425
2013-01-15,117,5,611.3,500.0,24,110.390625,1,1,1,pass,0.8,1.0500008714617892,0.9049667678201488,0.5645139298244392
2013-01-15,117,6,611.3,500.0,24,130.15625,1,1,1,pass,0.8,1.0500008128567064,0.8802786752553043,0.5731414854044907
2013-01-15,117,7,611.3,500.0,24,105.78125,1,1,1,pass,0.8,1.0500005072225138,0.9337621663628016,0.5782403475282372
2013-01-15,117,8,611.3,500.0,24,102.890625,1,1,1,pass,0.8,1.0500008939272392,0.8322762482733489,0.5488662559350136
2013-01-15,117,9,611.3,500.0,24,130.859375,1,1,1,pass,0.8,1.0500007633903807,0.9389983134360864,0.5717097534557202
2013-01-16,118,0,611.3,500.0,24,142.5,1,1,1,pass,0.8,1.050000935112578,0.9999644918447642,0.6927987991512464
2013-01-16,118,1,611.3,500.0,24,85.0,1,1,1,pass,0.8,1.0500009332494449,0.8403632341807473,0.5584620847779515
2013-01-16,118,2,611.3,500.0,24,88.203125,1,1,1,pass,0.8,1.0500006425059212,0.8681287523737409,0.5481521262687192
2013-01-16,118,3,611.3,500.0,24,100.078125,1,1,1,pass,0.8,1.0500007697821712,0.9566864951678852,0.5939509980987895
2013-01-16,118,4,611.3,500.0,24,119.453125,1,1,1,pass,0.8,1.0500000732026928,0.9706593164960718,0.6008089005841346
2013-01-16,118,5,611.3,500.0,24,112.578125,1,1,1,pass,0.8,1.0500007591772318,0.9212443927712386,0.5939086980066981
2013-01-16,118,6,611.3,500.0,24,100.859375,1,1,1,pass,0.8,1.0500008776848464,0.9348241257672176,0.6094566012119657
2013-01-16,118,7,611.3,500.0,24,111.5625,1,1,1,pass,0.8,1.0500007899903665,0.9999920809193544,0.6088458391657711
2013-01-16,118,8,611.3,500.0,24,103.359375,1,1,1,pass,0.8,1.0500009910690222,0.8121204612203049,0.5789356593697058
2013-01-16,118,9,611.3,500.0,24,114.0625,1,1,1,pass,0.8,1.05000095678954,0.9084382453324028,0.5917872917588289
2013-01-17,119,0,611.3,500.0,24,125.078125,1,1,1,pass,0.8,1.0500009620914157,0.9808117412702968,0.7117575366263496
2013-01-17,119,1,611.3,500.0,24,84.375,1,1,1,pass,0.8,1.0500005535883532,0.9375335534972684,0.5897749294419059
2013-01-17,119,2,611.3,500.0,24,102.34375,1,1,1,pass,0.8,1.0500009827243182,0.9072901366118694,0.5940500450015662
2013-01-17,119,3,611.3,500.0,24,124.21875,1,1,1,pass,0.8,1.05000030338246,0.926483372923029,0.5888474525620865
2013-01-17,119,4,611.3,500.0,24,126.796875,1,1,1,pass,0.8,1.0500009666667418,0.9999995235635823,0.6407501041496331
2013-01-17,119,5,611.3,500.0,24,142.5,1,1,1,pass,0.8,1.0500002936967203,0.9788632219794128,0.6273173886463648
2013-01-17,119,6,611.3,500.0,24,142.5,1,1,1,pass,0.8,1.0500009378818258,0.9892761240126084,0.6251086845824361
2013-01-17,119,7,611.3,500.0,24,122.421875,1,1,1,pass,0.8,1.0500008360733653,0.9781322631505642,0.6191608417327381
2013-01-17,119,8,611.3,500.0,24,142.5,1,1,1,pass,0.8,1.0500007268848852,0.8868784796604503,0.5908324626755765
2013-01-17,119,9,611.3,500.0,24,134.609375,1,1,1,pass,0.8,1.0500002927923064,0.9553101890669248,0.6381169068666903
2013-01-18,120,0,611.3,500.0,24,118.6818115234375,1,1,1,pass,0.8,1.0500002400244093,0.9999870631078538,0.8094239072923246
2013-01-18,120,1,611.3,500.0,24,142.5,1,1,1,pass,0.8,1.050000682153568,0.999966555884053,0.6818659454047272
2013-01-18,120,2,611.3,500.0,24,142.5,1,1,1,pass,0.8,1.0500009866848454,0.9999752550908504,0.7612178310285713
2013-01-18,120,3,611.3,500.0,24,142.5,1,1,1,pass,0.8,1.0500008796204603,0.9999983914076398,0.7257231210932026
2013-01-18,120,4,611.3,500.0,24,136.1501220703125,1,1,1,pass,0.8,1.0499988842011074,0.9999975157548112,0.797886005095732
2013-01-18,120,5,611.3,500.0,24,142.5,1,1,1,pass,0.8,1.05000071481407,0.9999760103360704,0.7546857003782068
2013-01-18,120,6,611.3,500.0,24,135.71826171875,1,1,1,pass,0.8,1.050000955944013,0.9999986032482132,0.7977409266696665
2013-01-18,120,7,611.3,500.0,24,142.5,1,1,1,pass,0.8,1.0500004485582208,0.99999523869611,0.7529174947297026
2013-01-18,120,8,611.3,500.0,24,142.5,1,1,1,pass,0.8,1.0500002657010838,0.999932869234334,0.7478440188194594
2013-01-18,120,9,611.3,500.0,24,142.5,1,1,1,pass,0.8,1.050000228976441,0.9999698474006466,0.7544670484307
2013-01-19,121,0,611.3,500.0,24,142.5,1,1,1,pass,0.8,1.0500008014791855,0.9371820915577016,0.6974060152165995
2013-01-19,121,1,611.3,500.0,24,142.5,1,1,1,pass,0.8,1.0500002066157934,0.923768678399205,0.5766835018065071
2013-01-19,121,2,611.3,500.0,24,142.5,1,1,1,pass,0.8,1.0500008162945578,0.8433853842051007,0.5779829492823896
2013-01-19,121,3,611.3,500.0,24,125.546875,1,1,1,pass,0.8,1.0499999032175642,0.873125412567147,0.5615865668400919
2013-01-19,121,4,611.3,500.0,24,142.5,1,1,1,pass,0.8,1.05000044726529,0.8895599550677278,0.5705572023392971
2013-01-19,121,5,611.3,500.0,24,124.53125,1,1,1,pass,0.8,1.0500006943642837,0.9049251081311408,0.5681455661828159
2013-01-19,121,6,611.3,500.0,24,142.5,1,1,1,pass,0.8,1.0500008236061735,0.8596445612420035,0.6018462169429851
2013-01-19,121,7,611.3,500.0,24,142.5,1,1,1,pass,0.8,1.0499996775542588,0.9681595748531656,0.5894646024293971
2013-01-19,121,8,611.3,500.0,24,142.5,1,1,1,pass,0.8,1.0500009538513486,0.818165685209792,0.5548288025396748
2013-01-19,121,9,611.3,500.0,24,142.5,1,1,1,pass,0.8,1.0500008915412822,0.9156907871942008,0.5795891503316692
2013-01-20,122,0,611.3,500.0,24,142.5,1,1,1,pass,0.8,1.050000775494517,0.926035357928244,0.6767058739108854
2013-01-20,122,1,611.3,500.0,24,142.5,1,1,1,pass,0.8,1.050000654346486,0.9426161963440196,0.5739125033183555
2013-01-20,122,2,611.3,500.0,24,142.5,1,1,1,pass,0.8,1.0500009747701364,0.8749666625210543,0.5425733455549492
2013-01-20,122,3,611.3,500.0,24,142.5,1,1,1,pass,0.8,1.0500007381827214,0.8448203471211521,0.578517984914382
2013-01-20,122,4,611.3,500.0,24,142.5,1,1,1,pass,0.8,1.0500004991072955,0.9325596557433984,0.5893223220823931
2013-01-20,122,5,611.3,500.0,24,139.53125,1,1,1,pass,0.8,1.0500009915745496,0.9135678657194984,0.5772692243886303
2013-01-20,122,6,611.3,500.0,24,142.5,1,1,1,pass,0.8,1.0500004866479944,0.8869460096181327,0.5886852384851804
2013-01-20,122,7,611.3,500.0,24,142.5,1,1,1,pass,0.8,1.050000563580329,0.9999489419709156,0.6088195747534509
2013-01-20,122,8,611.3,500.0,24,142.109375,1,1,1,pass,0.8,1.0500005511770345,0.8885553575377334,0.5676566886507382
2013-01-20,122,9,611.3,500.0,24,142.5,1,1,1,pass,0.8,1.0500007519112795,0.9999594066265516,0.6088259456976347
2013-01-21,123,0,611.3,500.0,24,121.953125,1,1,1,pass,0.8,1.0500008765340902,0.9634357833442472,0.6801173444829643
2013-01-21,123,1,611.3,500.0,24,111.171875,1,1,1,pass,0.8,1.0500008390702762,0.9133468609963806,0.575049802727456
2013-01-21,123,2,611.3,500.0,24,115.3125,1,1,1,pass,0.8,1.0500009019999283,0.8539639881510185,0.5448804908596894
2013-01-21,123,3,611.3,500.0,24,111.875,1,1,1,pass,0.8,1.05000015247886,0.8794384255480141,0.5722907789045985
2013-01-21,123,4,611.3,500.0,24,142.5,1,1,1,pass,0.8,1.0500009553673093,0.9459404843592556,0.6038791234634056
2013-01-21,123,5,611.3,500.0,24,123.828125,1,1,1,pass,0.8,1.050000933796924,0.901186843498866,0.5727694404594935
2013-01-21,123,6,611.3,500.0,24,142.5,1,1,1,pass,0.8,1.050000945255067,0.8790860215403085,0.5874589596066279
2013-01-21,123,7,611.3,500.0,24,140.46875,1,1,1,pass,0.8,1.050000605256031,0.996495562846198,0.6067169832846621
2013-01-21,123,8,611.3,500.0,24,117.8125,1,1,1,pass,0.8,1.0500009579287377,0.8219507250222273,0.5634369566609241
2013-01-21,123,9,611.3,500.0,24,142.5,1,1,1,pass,0.8,1.0500008551024385,0.9999204204788948,0.60880220872692
2013-01-22,124,0,611.3,500.0,24,120.625,1,1,1,pass,0.8,1.0500007565631286,0.9574843835052392,0.6433558674124477
2013-01-22,124,1,611.3,500.0,24,133.125,1,1,1,pass,0.8,1.0500008262660712,0.998710440143686,0.6080655124654102
2013-01-22,124,2,611.3,500.0,24,87.578125,1,1,1,pass,0.8,1.0500008751266736,0.8518546007538719,0.5570295061694208
2013-01-22,124,3,611.3,500.0,24,139.375,1,1,1,pass,0.8,1.0500009543957824,0.8843235502403866,0.5966440542853311
2013-01-22,124,4,611.3,500.0,24,142.5,1,1,1,pass,0.8,1.0500008140002728,0.999984047574051,0.6088409485489562
2013-01-22,124,5,611.3,500.0,24,106.171875,1,1,1,pass,0.8,1.050000613019251,0.954630630887791,0.5979519873015472
2013-01-22,124,6,611.3,500.0,24,117.65625,1,1,1,pass,0.8,1.0500007583695976,0.952019485774838,0.5855277731734596
2013-01-22,124,7,611.3,500.0,24,138.671875,1,1,1,pass,0.8,1.050000991971597,0.9608246460637077,0.6143480590956447
2013-01-22,124,8,611.3,500.0,24,142.5,1,1,1,pass,0.8,1.0500009892815612,0.9134438833932222,0.6114179844243128
2013-01-22,124,9,611.3,500.0,24,123.515625,1,1,1,pass,0.8,1.0500006118545626,0.9909202927110796,0.6033224771936287
2013-01-23,125,0,611.3,500.0,24,142.5,1,1,1,pass,0.8,1.0500009315268166,0.930706072970906,0.6835398638082373
2013-01-23,125,1,611.3,500.0,24,142.5,1,1,1,pass,0.8,1.0500009874830931,0.945386446297774,0.5755991714209115
2013-01-23,125,2,611.3,500.0,24,142.5,1,1,1,pass,0.8,1.0500008172019308,0.8782618495977645,0.5428199995846241
2013-01-23,125,3,611.3,500.0,24,133.359375,1,1,1,pass,0.8,1.050000942462869,0.9149943510167026,0.5570949286401545
2013-01-23,125,4,611.3,500.0,24,142.5,1,1,1,pass,0.8,1.050000973415211,0.9416222520790865,0.5815692004763973
2013-01-23,125,5,611.3,500.0,24,110.15625,1,1,1,pass,0.8,1.0500008232803455,0.91216600197403,0.589758212914472
2013-01-23,125,6,611.3,500.0,24,131.796875,1,1,1,pass,0.8,1.050000423001868,0.9094024961460624,0.5682079977764035
2013-01-23,125,7,611.3,500.0,24,142.5,1,1,1,pass,0.8,1.0500001242497825,0.9999566109163728,0.6088242437940719
2013-01-23,125,8,611.3,500.0,24,130.234375,1,1,1,pass,0.8,1.0500009580925929,0.8301896296315099,0.5545618329533484
2013-01-23,125,9,611.3,500.0,24,142.5,1,1,1,pass,0.8,1.0500008833218897,0.9761700018846856,0.5943417550447337
2013-01-24,126,0,611.3,500.0,24,102.421875,1,1,1,pass,0.8,1.0500009237913923,0.9231033719241568,0.647091814022685
2013-01-24,126,1,611.3,500.0,24,114.140625,1,1,1,pass,0.8,1.0500009837676707,0.9146373811012388,0.5871759548294566
2013-01-24,126,2,611.3,500.0,24,104.375,1,1,1,pass,0.8,1.0500008887934424,0.919476828362504,0.559824087266382
2013-01-24,126,3,611.3,500.0,24,101.875,1,1,1,pass,0.8,1.0500008636406626,0.8700233668083949,0.5612260496973145
2013-01-24,126,4,611.3,500.0,24,125.859375,1,1,1,pass,0.8,1.0500005195195854,0.9143546140302538,0.6131515321376769
2013-01-24,126,5,611.3,500.0,24,101.953125,1,1,1,pass,0.8,1.0500008715225089,0.9333240072015164,0.5911321136172613
2013-01-24,126,6,611.3,500.0,24,142.5,1,1,1,pass,0.8,1.050000863957822,0.909528653274084,0.6014522204043647
2013-01-24,126,7,611.3,500.0,24,133.515625,1,1,1,pass,0.8,1.0500008678900117,0.9063387241356476,0.6179465788517732
2013-01-24,126,8,611.3,500.0,24,107.421875,1,1,1,pass,0.8,1.050000711115748,0.8424699866824742,0.5757189874473753
2013-01-24,126,9,611.3,500.0,24,108.125,1,1,1,pass,0.8,1.0500009286378351,0.9999403647700444,0.6088143516071233
2013-01-25,127,0,611.3,500.0,24,142.5,1,1,1,pass,0.8,1.0500009879936358,0.9999342081859666,0.6577816768444992
2013-01-25,127,1,611.3,500.0,24,142.5,1,1,1,pass,0.8,1.0500008150275,0.984205432143812,0.6197796127629162
2013-01-25,127,2,611.3,500.0,24,87.03125,1,1,1,pass,0.8,1.0500006425961963,0.9283633202202544,0.5652346323863597
2013-01-25,127,3,611.3,500.0,24,107.34375,1,1,1,pass,0.8,1.050000883325646,0.8752868924320732,0.5817365999416033
2013-01-25,127,4,611.3,500.0,24,142.5,1,1,1,pass,0.8,1.0500009217755102,0.9999989158213896,0.6517531806470999
2013-01-25,127,5,611.3,500.0,24,131.25,1,1,1,pass,0.8,1.0500008826055591,1.000000837834186,0.6554547122623244
2013-01-25,127,6,611.3,500.0,24,142.5,1,1,1,pass,0.8,1.049999874131647,0.9999774184525586,0.636664845433352
2013-01-25,127,7,611.3,500.0,24,142.5,1,1,1,pass,0.8,1.0500007564533482,0.999995556342576,0.639298406218242
2013-01-25,127,8,611.3,500.0,24,138.4375,1,1,1,pass,0.8,1.0500004101651967,0.892327314878423,0.6054727735112247
2013-01-25,127,9,611.3,500.0,24,142.5,1,1,1,pass,0.8,1.0500006547800511,0.9999207076884704,0.6247561080404256
2013-04-01,128,0,611.3,500.0,24,124.765625,1,1,1,pass,0.8,1.0500006240183952,0.9701465692939144,0.6820500076567644
2013-04-01,128,1,611.3,500.0,24,136.640625,1,1,1,pass,0.8,1.049999731655071,0.8692632066043612,0.5604643554184336
2013-04-01,128,2,611.3,500.0,24,142.5,1,1,1,pass,0.8,1.0500009205131444,0.8970293887606027,0.5637589755590993
2013-04-01,128,3,611.3,500.0,24,138.4375,1,1,1,pass,0.8,1.0500006829316595,0.8720701095432325,0.5564778868164575
2013-04-01,128,4,611.3,500.0,24,131.796875,1,1,1,pass,0.8,1.0500009166716662,0.8501073663062408,0.5590419740302016
2013-04-01,128,5,611.3,500.0,24,114.921875,1,1,1,pass,0.8,1.0500004898210251,0.9309297681492176,0.5807180657761516
2013-04-01,128,6,611.3,500.0,24,127.421875,1,1,1,pass,0.8,1.0500009301741144,0.8799911593592269,0.559520424733056
2013-04-01,128,7,611.3,500.0,24,142.5,1,1,1,pass,0.8,1.0500008977929414,0.9364792583394388,0.5848780387012571
2013-04-01,128,8,611.3,500.0,24,142.5,1,1,1,pass,0.8,1.0500007361712438,0.8466989786282728,0.5667379771388187
2013-04-01,128,9,611.3,500.0,24,142.5,1,1,1,pass,0.8,1.0500006286659462,0.9999134095296952,0.6087979409919472
2013-04-02,129,0,611.3,500.0,24,85.234375,1,1,1,pass,0.8,1.0500007055075782,0.8870620598889323,0.6752280560666349
2013-04-02,129,1,611.3,500.0,24,93.046875,1,1,1,pass,0.8,1.0500005746625338,0.9133372052052476,0.5560859745635949
2013-04-02,129,2,611.3,500.0,24,97.34375,1,1,1,pass,0.8,1.0500008120364273,0.9232608234073574,0.5659518266887762
2013-04-02,129,3,611.3,500.0,24,75.390625,1,1,1,pass,0.8,1.0500004472321096,0.8743385171440698,0.5544821725670493
2013-04-02,129,4,611.3,500.0,24,92.734375,1,1,1,pass,0.8,1.0500009006203002,0.8640803177175569,0.5657546129971849
2013-04-02,129,5,611.3,500.0,24,92.1875,1,1,1,pass,0.8,1.0500008706043291,0.8893808739171731,0.5695058521841061
2013-04-02,129,6,611.3,500.0,24,110.078125,1,1,1,pass,0.8,1.0500006324828512,0.8930380895302289,0.5963310125645287
2013-04-02,129,7,611.3,500.0,24,101.5625,1,1,1,pass,0.8,1.0500009063093385,0.9036414767389828,0.5779943650959909
2013-04-02,129,8,611.3,500.0,24,106.875,1,1,1,pass,0.8,1.0500009018115868,0.8165135198395421,0.5680613645478355
2013-04-02,129,9,611.3,500.0,24,107.109375,1,1,1,pass,0.8,1.0500006872261756,0.8958972711031241,0.5811081202244762
2013-04-03,130,0,611.3,500.0,24,142.5,1,1,1,pass,0.8,1.0500009149581293,0.8996791708634142,0.6535492290216903
2013-04-03,130,1,611.3,500.0,24,141.015625,1,1,1,pass,0.8,1.0500006577654994,0.9143697159032642,0.5777349894709587
2013-04-03,130,2,611.3,500.0,24,142.5,1,1,1,pass,0.8,1.0500007866589385,0.8955782496320736,0.5692516586341798
2013-04-03,130,3,611.3,500.0,24,137.109375,1,1,1,pass,0.8,1.050000516088358,0.8790262878389677,0.5762343933004033
2013-04-03,130,4,611.3,500.0,24,132.578125,1,1,1,pass,0.8,1.050000852375449,0.8670474156730306,0.5650156379334575
2013-04-03,130,5,611.3,500.0,24,142.5,1,1,1,pass,0.8,1.0500005411456428,0.9076213242982424,0.5742238782662878
2013-04-03,130,6,611.3,500.0,24,142.5,1,1,1,pass,0.8,1.0500001383917057,0.92594100385068,0.5858053734429406
2013-04-03,130,7,611.3,500.0,24,142.5,1,1,1,pass,0.8,1.0500004212574303,0.9483080387136787,0.5970955040633207
2013-04-03,130,8,611.3,500.0,24,141.5625,1,1,1,pass,0.8,1.0500007805727118,0.8754828082783535,0.5682603794714802
2013-04-03,130,9,611.3,500.0,24,142.5,1,1,1,pass,0.8,1.050000849141205,0.9596482056443288,0.5842824509203101
2013-04-04,131,0,611.3,500.0,24,142.5,1,1,1,pass,0.8,1.050000795365219,0.9680051078939972,0.6736747689587647
2013-04-04,131,1,611.3,500.0,24,142.5,1,1,1,pass,0.8,1.0500006230998096,0.8884074082109252,0.5765448157531121
2013-04-04,131,2,611.3,500.0,24,142.5,1,1,1,pass,0.8,1.0500009866703046,0.8601696910107168,0.5721418139304345
2013-04-04,131,3,611.3,500.0,24,135.625,1,1,1,pass,0.8,1.0500008577528008,0.8727827618631564,0.5771513002759485
2013-04-04,131,4,611.3,500.0,24,132.65625,1,1,1,pass,0.8,1.0500007707528127,0.8782813780998181,0.5792049982925127
2013-04-04,131,5,611.3,500.0,24,139.765625,1,1,1,pass,0.8,1.050000900772438,0.916364088614376,0.5895032953769546
2013-04-04,131,6,611.3,500.0,24,142.5,1,1,1,pass,0.8,1.0500003367416788,0.8915904389421541,0.5836540234962113
2013-04-04,131,7,611.3,500.0,24,142.5,1,1,1,pass,0.8,1.0500009253645028,0.9609109791210594,0.5850512911982512
2013-04-04,131,8,611.3,500.0,24,142.5,1,1,1,pass,0.8,1.0500008677672972,0.8619383534353884,0.5898385900922315
2013-04-04,131,9,611.3,500.0,24,142.5,1,1,1,pass,0.8,1.0500009372545351,0.9999738844230848,0.6088347606672687
2013-04-05,132,0,611.3,500.0,24,118.90625,1,1,1,pass,0.8,1.0500009800794616,0.9444782722382756,0.6755122287769104
2013-04-05,132,1,611.3,500.0,24,112.65625,1,1,1,pass,0.8,1.050000798994322,0.9024689983936072,0.5805962408632549
2013-04-05,132,2,611.3,500.0,24,121.484375,1,1,1,pass,0.8,1.050000750065928,0.9154721290347502,0.5618072377385527
2013-04-05,132,3,611.3,500.0,24,117.578125,1,1,1,pass,0.8,1.0500005937571273,0.8817462950337351,0.5652195447216416
2013-04-05,132,4,611.3,500.0,24,127.734375,1,1,1,pass,0.8,1.0500009560700183,0.8926113381486535,0.5760700702545053
2013-04-05,132,5,611.3,500.0,24,119.53125,1,1,1,pass,0.8,1.0500009835973196,0.8775709500590579,0.5672262480192028
2013-04-05,132,6,611.3,500.0,24,128.125,1,1,1,pass,0.8,1.0500009750907595,0.8946124150240939,0.580626540350368
2013-04-05,132,7,611.3,500.0,24,132.109375,1,1,1,pass,0.8,1.0500008930228546,0.930047713575514,0.5951877981529003
2013-04-05,132,8,611.3,500.0,24,116.71875,1,1,1,pass,0.8,1.050000876546273,0.8255194114146519,0.5687500422010665
2013-04-05,132,9,611.3,500.0,24,139.84375,1,1,1,pass,0.8,1.0500009396900307,0.957958448415678,0.5845393216313606
2013-04-06,133,0,611.3,500.0,24,139.453125,1,1,1,pass,0.8,1.0500004298170746,0.9879008806951574,0.6624231169871327
2013-04-06,133,1,611.3,500.0,24,130.703125,1,1,1,pass,0.8,1.050000947421786,0.8395054538525167,0.5635483215989775
2013-04-06,133,2,611.3,500.0,24,142.5,1,1,1,pass,0.8,1.0500009006270987,0.8896685922585013,0.5625761211325511
2013-04-06,133,3,611.3,500.0,24,138.125,1,1,1,pass,0.8,1.050000951711513,0.8890946186170856,0.5852877051943085
2013-04-06,133,4,611.3,500.0,24,142.265625,1,1,1,pass,0.8,1.050000907564549,0.8669966451078467,0.5735244197960245
2013-04-06,133,5,611.3,500.0,24,131.09375,1,1,1,pass,0.8,1.0500009024517882,0.9576508822736316,0.5918472010588016
2013-04-06,133,6,611.3,500.0,24,142.5,1,1,1,pass,0.8,1.050000925601909,0.8888569463543076,0.5689601235931532
2013-04-06,133,7,611.3,500.0,24,142.5,1,1,1,pass,0.8,1.0500009964030252,0.9322218372239084,0.5737395663398202
2013-04-06,133,8,611.3,500.0,24,140.78125,1,1,1,pass,0.8,1.0500008693863034,0.8713916129790755,0.5734621963354546
2013-04-06,133,9,611.3,500.0,24,142.265625,1,1,1,pass,0.8,1.050000893390741,0.9818432923888316,0.597795940880347
2013-04-07,134,0,611.3,500.0,24,142.5,1,1,1,pass,0.8,1.050000789243494,0.9999996858766416,0.7034534537785316
2013-04-07,134,1,611.3,500.0,24,140.703125,1,1,1,pass,0.8,1.0500006357568097,0.959930384735891,0.584454255804152
2013-04-07,134,2,611.3,500.0,24,130.46875,1,1,1,pass,0.8,1.0500009437338675,0.956908806986677,0.6305692259149499
2013-04-07,134,3,611.3,500.0,24,113.828125,1,1,1,pass,0.8,1.050000974445226,0.8676157936656357,0.5904233499096168
2013-04-07,134,4,611.3,500.0,24,138.90625,1,1,1,pass,0.8,1.0500008682883524,0.9306770340746344,0.5820919220908732
2013-04-07,134,5,611.3,500.0,24,118.359375,1,1,1,pass,0.8,1.0500002244924158,0.9821755144069844,0.5979982144297777
2013-04-07,134,6,611.3,500.0,24,142.5,1,1,1,pass,0.8,1.0500003416537655,0.8924331285220317,0.6456531699682861
2013-04-07,134,7,611.3,500.0,24,142.5,1,1,1,pass,0.8,1.0500009311628593,0.999975359121398,0.6292680962072685
2013-04-07,134,8,611.3,500.0,24,135.703125,1,1,1,pass,0.8,1.0500009032191662,0.8635412112284493,0.602178182675221
2013-04-07,134,9,611.3,500.0,24,136.71875,1,1,1,pass,0.8,1.0500008739897166,0.9999560748716136,0.6088239170923057
2013-04-08,135,0,611.3,500.0,24,142.5,1,1,1,pass,0.8,1.0500009501999148,0.9999514011342648,0.694283349558484
2013-04-08,135,1,611.3,500.0,24,120.859375,1,1,1,pass,0.8,1.050000932990135,0.903490242828385,0.5813342509675337
2013-04-08,135,2,611.3,500.0,24,132.578125,1,1,1,pass,0.8,1.0500009631211602,0.975448739524684,0.593902614087874
2013-04-08,135,3,611.3,500.0,24,121.40625,1,1,1,pass,0.8,1.0500009178591625,0.8547855555307383,0.5632388704743616
2013-04-08,135,4,611.3,500.0,24,108.046875,1,1,1,pass,0.8,1.050000549029495,0.9227589247845648,0.5785066766884479
2013-04-08,135,5,611.3,500.0,24,114.921875,1,1,1,pass,0.8,1.050000333986216,0.965124335585072,0.5976730977252246
2013-04-08,135,6,611.3,500.0,24,120.0,1,1,1,pass,0.8,1.050000685000024,0.953652985208204,0.6094803977929097
2013-04-08,135,7,611.3,500.0,24,123.59375,1,1,1,pass,0.8,1.0500009934917174,0.9999688165434272,0.6088316749101588
2013-04-08,135,8,611.3,500.0,24,115.46875,1,1,1,pass,0.8,1.0500005630394484,0.8972627757765389,0.6052402205364851
2013-04-08,135,9,611.3,500.0,24,142.5,1,1,1,pass,0.8,1.0500009060359148,0.9781339474110876,0.6175799380390932
2013-04-09,136,0,611.3,500.0,24,137.578125,1,1,1,pass,0.8,1.0500008315562068,0.9999605151320422,0.7119574386080222
2013-04-09,136,1,611.3,500.0,24,127.421875,1,1,1,pass,0.8,1.050000825027612,0.9130889569778132,0.5741487359755132
2013-04-09,136,2,611.3,500.0,24,142.5,1,1,1,pass,0.8,1.0500009879227865,0.9999969952075424,0.6088488318966702
2013-04-09,136,3,611.3,500.0,24,139.609375,1,1,1,pass,0.8,1.0500007256537216,0.8702395351857791,0.5639446513237324
2013-04-09,136,4,611.3,500.0,24,137.8125,1,1,1,pass,0.8,1.0500009134084287,0.9517678199610694,0.5794844740527373
2013-04-09,136,5,611.3,500.0,24,142.5,1,1,1,pass,0.8,1.0500004994106746,0.9870827234438048,0.6230275361698677
2013-04-09,136,6,611.3,500.0,24,142.5,1,1,1,pass,0.8,1.0500009621976585,0.979012826167578,0.5960726100695414
2013-04-09,136,7,611.3,500.0,24,142.5,1,1,1,pass,0.8,1.0500003171009735,0.9999448120775628,0.6088170596633795
2013-04-09,136,8,611.3,500.0,24,128.125,1,1,1,pass,0.8,1.0500008062486004,0.8852296475900644,0.5667909384599673
2013-04-09,136,9,611.3,500.0,24,136.5625,1,1,1,pass,0.8,1.0500005367085736,0.99997616670655,0.6123050553748265
2013-04-10,137,0,611.3,500.0,24,118.046875,1,1,1,pass,0.8,1.05000098244185,0.9999594905970862,0.6962387692365135
2013-04-10,137,1,611.3,500.0,24,108.046875,1,1,1,pass,0.8,1.0500007907605544,0.8863622123994833,0.6015373303942636
2013-04-10,137,2,611.3,500.0,24,93.984375,1,1,1,pass,0.8,1.0500008011368442,0.9140523691979852,0.576579006893327
2013-04-10,137,3,611.3,500.0,24,98.203125,1,1,1,pass,0.8,1.0499999416760653,0.8838663519340888,0.5768591425019408
2013-04-10,137,4,611.3,500.0,24,104.921875,1,1,1,pass,0.8,1.0500008002504295,0.8567332235306172,0.5721831141610634
2013-04-10,137,5,611.3,500.0,24,94.609375,1,1,1,pass,0.8,1.0500006695015385,0.9999495821168468,0.6215418889276462
2013-04-10,137,6,611.3,500.0,24,110.15625,1,1,1,pass,0.8,1.0500007356948329,0.9758383714843814,0.6143122747645388
2013-04-10,137,7,611.3,500.0,24,115.703125,1,1,1,pass,0.8,1.0500006732642564,0.9999874698472714,0.6221565641694845
2013-04-10,137,8,611.3,500.0,24,104.0625,1,1,1,pass,0.8,1.050000743619414,0.9052897954011728,0.5771398015728004
2013-04-10,137,9,611.3,500.0,24,123.59375,1,1,1,pass,0.8,1.0500003983762431,0.999932870593637,0.6110057412408808
2013-04-11,138,0,611.3,500.0,24,98.4375,1,1,1,pass,0.8,1.0500009827393704,0.999923674176866,0.6785776585969565
2013-04-11,138,1,611.3,500.0,24,99.21875,1,1,1,pass,0.8,1.050000720076709,0.9297397187840344,0.5697162579362796
2013-04-11,138,2,611.3,500.0,24,91.25,1,1,1,pass,0.8,1.050000661988051,0.9300542611576617,0.5662641626393793
2013-04-11,138,3,611.3,500.0,24,91.484375,1,1,1,pass,0.8,1.0500008288629152,0.8571253508394817,0.5619393638656831
2013-04-11,138,4,611.3,500.0,24,95.15625,1,1,1,pass,0.8,1.0500002221652296,0.8653792713530052,0.5767005829815258
2013-04-11,138,5,611.3,500.0,24,80.859375,1,1,1,pass,0.8,1.050000527291417,0.9378578081614284,0.5886152691795498
2013-04-11,138,6,611.3,500.0,24,119.609375,1,1,1,pass,0.8,1.0500009340983731,0.939190977344281,0.5723452501974272
2013-04-11,138,7,611.3,500.0,24,106.015625,1,1,1,pass,0.8,1.0500005604389615,0.9999837585351712,0.6088407724970488
2013-04-11,138,8,611.3,500.0,24,96.328125,1,1,1,pass,0.8,1.0500009905278158,0.8660234476384217,0.5607540128993309
2013-04-11,138,9,611.3,500.0,24,114.921875,1,1,1,pass,0.8,1.0500009928870988,0.9479307817174878,0.6111375455687537
2013-04-12,139,0,611.3,500.0,24,141.484375,1,1,1,pass,0.8,1.0500006488050837,0.9999864058439818,0.6857499375909833
2013-04-12,139,1,611.3,500.0,24,118.203125,1,1,1,pass,0.8,1.0500009904390404,0.9554858589661812,0.5825578353134455
2013-04-12,139,2,611.3,500.0,24,108.359375,1,1,1,pass,0.8,1.0499998380524875,0.9368680738717012,0.5741248476037274
2013-04-12,139,3,611.3,500.0,24,98.984375,1,1,1,pass,0.8,1.050000687134622,0.8718864663454394,0.560718398519409
2013-04-12,139,4,611.3,500.0,24,103.671875,1,1,1,pass,0.8,1.0500008514792332,0.8910063834866035,0.5847209404141591
2013-04-12,139,5,611.3,500.0,24,102.8125,1,1,1,pass,0.8,1.050000601300929,0.9227970107353948,0.583741203559654
2013-04-12,139,6,611.3,500.0,24,137.109375,1,1,1,pass,0.8,1.0500006864988751,0.9894243152071156,0.6024116505221495
2013-04-12,139,7,611.3,500.0,24,104.0625,1,1,1,pass,0.8,1.0500000186589789,0.999943093267709,0.6088160138060792
2013-04-12,139,8,611.3,500.0,24,102.734375,1,1,1,pass,0.8,1.050000889478885,0.8661659717010468,0.563421541417047
2013-04-12,139,9,611.3,500.0,24,120.546875,1,1,1,pass,0.8,1.050000910956643,0.9704422788974746,0.6071553160223957
2013-04-13,140,0,611.3,500.0,24,115.546875,1,1,1,pass,0.8,1.0500009539964257,0.999925334888709,0.6909971254533199
2013-04-13,140,1,611.3,500.0,24,120.9375,1,1,1,pass,0.8,1.0500005060972124,0.9211447583926652,0.5968297059248251
2013-04-13,140,2,611.3,500.0,24,118.75,1,1,1,pass,0.8,1.0500006122152326,0.908121623127376,0.5653134510867455
2013-04-13,140,3,611.3,500.0,24,108.515625,1,1,1,pass,0.8,1.050000954320189,0.8464843635995042,0.5756771014989998
2013-04-13,140,4,611.3,500.0,24,131.484375,1,1,1,pass,0.8,1.0500006698588915,0.9309001112420716,0.5755813131048334
2013-04-13,140,5,611.3,500.0,24,101.171875,1,1,1,pass,0.8,1.0500008314415392,0.9565982801309696,0.5838891053958009
2013-04-13,140,6,611.3,500.0,24,122.109375,1,1,1,pass,0.8,1.050000940789007,0.9347788220518256,0.5691407139617153
2013-04-13,140,7,611.3,500.0,24,142.5,1,1,1,pass,0.8,1.0500004727458183,0.9999339108230348,0.6088104228041068
2013-04-13,140,8,611.3,500.0,24,121.09375,1,1,1,pass,0.8,1.0499998719116586,0.9046552576715214,0.5638909484904807
2013-04-13,140,9,611.3,500.0,24,135.546875,1,1,1,pass,0.8,1.0500009366086758,0.9855067577136172,0.6183337947815755
2013-04-14,141,0,611.3,500.0,24,130.703125,1,1,1,pass,0.8,1.0500008977805382,0.9999865443581096,0.6902954780208199
2013-04-14,141,1,611.3,500.0,24,113.828125,1,1,1,pass,0.8,1.0500002339279482,0.9544744433483124,0.5922241056632499
2013-04-14,141,2,611.3,500.0,24,142.5,1,1,1,pass,0.8,1.05000078075951,0.8702659254980274,0.5732166058054273
2013-04-14,141,3,611.3,500.0,24,92.578125,1,1,1,pass,0.8,1.0500009518511608,0.8740653801768283,0.560107554307031
2013-04-14,141,4,611.3,500.0,24,121.328125,1,1,1,pass,0.8,1.0500007722874316,0.8885686172470507,0.5822672485677799
2013-04-14,141,5,611.3,500.0,24,103.90625,1,1,1,pass,0.8,1.0500009427406003,0.9506343419294836,0.5984963323406488
2013-04-14,141,6,611.3,500.0,24,136.25,1,1,1,pass,0.8,1.0500005840642692,0.9756282199528749,0.5940118908357243
2013-04-14,141,7,611.3,500.0,24,142.5,1,1,1,pass,0.8,1.0500004815287525,0.9999550586329068,0.6088232988953095
2013-04-14,141,8,611.3,500.0,24,128.515625,1,1,1,pass,0.8,1.050000949066069,0.8628458190675944,0.5711834057168781
2013-04-14,141,9,611.3,500.0,24,138.984375,1,1,1,pass,0.8,1.0500008825862772,0.967981399305034,0.5926979493737367
2013-04-15,142,0,611.3,500.0,24,124.765625,1,1,1,pass,0.8,1.05000081386831,0.9999438592800626,0.6901315068444472
2013-04-15,142,1,611.3,500.0,24,119.921875,1,1,1,pass,0.8,1.0500007214884928,0.941347355359762,0.5956191949622018
2013-04-15,142,2,611.3,500.0,24,131.953125,1,1,1,pass,0.8,1.0499998440051734,0.9125584896654144,0.5656491973318644
2013-04-15,142,3,611.3,500.0,24,103.828125,1,1,1,pass,0.8,1.050000957906406,0.862013918219833,0.5611726698263435
2013-04-15,142,4,611.3,500.0,24,120.546875,1,1,1,pass,0.8,1.0500009515340238,0.9531554414704184,0.5803293281195222
2013-04-15,142,5,611.3,500.0,24,112.34375,1,1,1,pass,0.8,1.0500006900620042,0.926043257828324,0.6064533644592588
2013-04-15,142,6,611.3,500.0,24,141.09375,1,1,1,pass,0.8,1.0500001234734937,0.9651257023078382,0.5920460561800519
2013-04-15,142,7,611.3,500.0,24,142.5,1,1,1,pass,0.8,1.050000743968121,0.9999358390521352,0.6120336401360695
2013-04-15,142,8,611.3,500.0,24,116.328125,1,1,1,pass,0.8,1.0500008448936122,0.8951111353335182,0.5780657064781174
2013-04-15,142,9,611.3,500.0,24,139.140625,1,1,1,pass,0.8,1.0500007469920232,0.9999882851786824,0.6149797121782576
2013-04-16,143,0,611.3,500.0,24,142.5,1,1,1,pass,0.8,1.050000931251059,0.9999798819754382,0.7091086450032187
2013-04-16,143,1,611.3,500.0,24,138.046875,1,1,1,pass,0.8,1.0500009786850564,0.8676427828102413,0.5764494825697575
2013-04-16,143,2,611.3,500.0,24,118.28125,1,1,1,pass,0.8,1.0500009773056649,0.9909117504816204,0.6033172762534342
2013-04-16,143,3,611.3,500.0,24,128.046875,1,1,1,pass,0.8,1.0500005066939413,0.8885459176395245,0.5715497541498957
2013-04-16,143,4,611.3,500.0,24,128.515625,1,1,1,pass,0.8,1.0500003313347837,0.989219959665148,0.6022872285461895
2013-04-16,143,5,611.3,500.0,24,129.84375,1,1,1,pass,0.8,1.0500008147447577,0.94810667868094,0.6039802547060651
2013-04-16,143,6,611.3,500.0,24,142.5,1,1,1,pass,0.8,1.0500006521367242,0.9999741825564952,0.6127452717302224
2013-04-16,143,7,611.3,500.0,24,141.171875,1,1,1,pass,0.8,1.0500009131350512,0.9999601860945724,0.6088264207730364
2013-04-16,143,8,611.3,500.0,24,131.5625,1,1,1,pass,0.8,1.050000978526967,0.942813601108678,0.5740326933113136
2013-04-16,143,9,611.3,500.0,24,123.828125,1,1,1,pass,0.8,1.0500009095773153,0.9999721586900456,0.6197097781524032
2013-04-17,144,0,611.3,500.0,24,134.21875,1,1,1,pass,0.8,1.0500008833148295,0.99995437917485,0.6883302460879251
2013-04-17,144,1,611.3,500.0,24,108.75,1,1,1,pass,0.8,1.050000975231383,0.9361985813321642,0.5958095390709814
2013-04-17,144,2,611.3,500.0,24,124.21875,1,1,1,pass,0.8,1.0500009319175412,0.878049924572588,0.5749981011514175
2013-04-17,144,3,611.3,500.0,24,101.40625,1,1,1,pass,0.8,1.0500004265140732,0.8667914242171944,0.5792469655937174
2013-04-17,144,4,611.3,500.0,24,106.25,1,1,1,pass,0.8,1.050000997249847,0.8998699158361173,0.5699949965644584
2013-04-17,144,5,611.3,500.0,24,107.96875,1,1,1,pass,0.8,1.0500003194448746,0.9491153488704878,0.6084233268564869
2013-04-17,144,6,611.3,500.0,24,118.828125,1,1,1,pass,0.8,1.0500009174795444,0.9999343251946416,0.6203786059880478
2013-04-17,144,7,611.3,500.0,24,115.9375,1,1,1,pass,0.8,1.050000737105722,0.9748531251389432,0.6022974891601965
2013-04-17,144,8,611.3,500.0,24,125.859375,1,1,1,pass,0.8,1.0500009600313494,0.9330350133213584,0.5680789951224482
2013-04-17,144,9,611.3,500.0,24,113.90625,1,1,1,pass,0.8,1.0500006332215486,0.9999681924244298,0.6386967545203557
2013-04-18,145,0,611.3,500.0,24,117.265625,1,1,1,pass,0.8,1.0500007623023528,0.9999350269255334,0.6892094748290949
2013-04-18,145,1,611.3,500.0,24,130.703125,1,1,1,pass,0.8,1.050000721196789,0.8660320147380213,0.5959237479296535
2013-04-18,145,2,611.3,500.0,24,115.390625,1,1,1,pass,0.8,1.050000610966373,0.915141206494483,0.5762427822927242
2013-04-18,145,3,611.3,500.0,24,119.84375,1,1,1,pass,0.8,1.0500009845199134,0.8457180730015496,0.5721692408798645
2013-04-18,145,4,611.3,500.0,24,117.1875,1,1,1,pass,0.8,1.0500007116206709,0.9110159485690608,0.5592010565003992
2013-04-18,145,5,611.3,500.0,24,125.078125,1,1,1,pass,0.8,1.0500008864410908,0.973131218464112,0.6142197042283699
2013-04-18,145,6,611.3,500.0,24,142.5,1,1,1,pass,0.8,1.0500009983859473,0.999950015464296,0.6160531592198579
2013-04-18,145,7,611.3,500.0,24,142.5,1,1,1,pass,0.8,1.0500009691293917,0.9999534001695064,0.6088222876902561
2013-04-18,145,8,611.3,500.0,24,114.375,1,1,1,pass,0.8,1.050000511987332,0.9284038645956916,0.5716973650924446
2013-04-18,145,9,611.3,500.0,24,129.84375,1,1,1,pass,0.8,1.050000202348611,0.9451173112872554,0.6042388801526742
2013-04-19,146,0,611.3,500.0,24,124.609375,1,1,1,pass,0.8,1.0500007159858775,0.999984298913148,0.7023258158959008
2013-04-19,146,1,611.3,500.0,24,115.625,1,1,1,pass,0.8,1.0500004346704852,0.9298741749779664,0.5884647988120544
2013-04-19,146,2,611.3,500.0,24,131.40625,1,1,1,pass,0.8,1.050000897059577,0.9802449725370044,0.5968228030182399
2013-04-19,146,3,611.3,500.0,24,133.90625,1,1,1,pass,0.8,1.050000842788679,0.8810374841648332,0.5856320547302268
2013-04-19,146,4,611.3,500.0,24,125.0,1,1,1,pass,0.8,1.0500002829785473,0.8771029625224651,0.5885167536357033
2013-04-19,146,5,611.3,500.0,24,125.625,1,1,1,pass,0.8,1.0500007158280389,0.9999791677255088,0.6275149743657158
2013-04-19,146,6,611.3,500.0,24,130.15625,1,1,1,pass,0.8,1.0500009073506695,0.999966986575985,0.6088305602655941
2013-04-19,146,7,611.3,500.0,24,141.015625,1,1,1,pass,0.8,1.050000580072138,0.9999797213997283,0.6088383139784906
2013-04-19,146,8,611.3,500.0,24,141.71875,1,1,1,pass,0.8,1.0500005904222316,0.9150264193827644,0.5574862094710941
2013-04-19,146,9,611.3,500.0,24,128.984375,1,1,1,pass,0.8,1.050000463001268,0.9835280212167952,0.6007885190642914
2013-04-20,147,0,611.3,500.0,24,142.5,1,1,1,pass,0.8,1.050000986290552,0.9999474734211328,0.720886654525999
2013-04-20,147,1,611.3,500.0,24,142.5,1,1,1,pass,0.8,1.050000951414536,0.9680399730526792,0.6376167899808917
2013-04-20,147,2,611.3,500.0,24,142.5,1,1,1,pass,0.8,1.0500009233770335,0.9664511084236416,0.6130227291407102
2013-04-20,147,3,611.3,500.0,24,135.625,1,1,1,pass,0.8,1.0500006138270288,0.9616791857901084,0.6068797990978825
2013-04-20,147,4,611.3,500.0,24,142.5,1,1,1,pass,0.8,1.0500008516140191,0.9338896816874552,0.579585713506309
2013-04-20,147,5,611.3,500.0,24,141.796875,1,1,1,pass,0.8,1.0500008774692635,0.9911274280387836,0.6162835778465068
2013-04-20,147,6,611.3,500.0,24,142.5,1,1,1,pass,0.8,1.0500002549861422,0.9887464897603232,0.6213177620372503
2013-04-20,147,7,611.3,500.0,24,142.5,1,1,1,pass,0.8,1.049999676103592,0.9999494805025634,0.6179549659253816
2013-04-20,147,8,611.3,500.0,24,138.59375,1,1,1,pass,0.8,1.0500008709012325,0.9612200864500582,0.5852394913543987
2013-04-20,147,9,611.3,500.0,24,142.5,1,1,1,pass,0.8,1.0500008059763393,0.9999829756650505,0.6487841767112688
2013-04-21,148,0,611.3,500.0,24,142.5,1,1,1,pass,0.8,1.050000621772862,0.9999677501130227,0.7148804373527656
2013-04-21,148,1,611.3,500.0,24,115.234375,1,1,1,pass,0.8,1.0500005102988652,0.9637609140598796,0.6015897115744161
2013-04-21,148,2,611.3,500.0,24,139.84375,1,1,1,pass,0.8,1.050000846236247,0.9362997871864788,0.588971206024836
2013-04-21,148,3,611.3,500.0,24,125.3125,1,1,1,pass,0.8,1.0500009978933629,0.8526547577779495,0.5708174268610859
2013-04-21,148,4,611.3,500.0,24,132.03125,1,1,1,pass,0.8,1.050000671307193,0.9026304195683764,0.5887076184058824
2013-04-21,148,5,611.3,500.0,24,116.640625,1,1,1,pass,0.8,1.0500005831267454,0.9927764914185024,0.6224092141796466
2013-04-21,148,6,611.3,500.0,24,141.71875,1,1,1,pass,0.8,1.0500009636300935,0.9949722272785056,0.6062932258992674
2013-04-21,148,7,611.3,500.0,24,138.28125,1,1,1,pass,0.8,1.0500000505975389,0.9999943961983324,0.6246090497416874
2013-04-21,148,8,611.3,500.0,24,121.796875,1,1,1,pass,0.8,1.0500009803462726,0.8901484794413816,0.59726833802122
2013-04-21,148,9,611.3,500.0,24,142.5,1,1,1,pass,0.8,1.0500009954572893,0.999924818658122,0.6396048765105306
2013-04-22,149,0,611.3,500.0,24,129.6875,1,1,1,pass,0.8,1.0500008593557868,0.9999851352211284,0.6961766636565372
2013-04-22,149,1,611.3,500.0,24,104.765625,1,1,1,pass,0.8,1.0500002861341495,0.962516464770259,0.6026727408277568
2013-04-22,149,2,611.3,500.0,24,129.921875,1,1,1,pass,0.8,1.0500009856304708,0.9857490948123504,0.6001739906943054
2013-04-22,149,3,611.3,500.0,24,107.578125,1,1,1,pass,0.8,1.0500009104048462,0.8663423645024594,0.5814992986795066
2013-04-22,149,4,611.3,500.0,24,94.140625,1,1,1,pass,0.8,1.0500008795009637,0.8842453487930161,0.5724068434473512
2013-04-22,149,5,611.3,500.0,24,101.015625,1,1,1,pass,0.8,1.0500003916947946,0.9660288627595648,0.6237129270820905
2013-04-22,149,6,611.3,500.0,24,113.203125,1,1,1,pass,0.8,1.0500007835096743,0.9999325211743012,0.6196858748202039
2013-04-22,149,7,611.3,500.0,24,118.671875,1,1,1,pass,0.8,1.0500008073052325,0.9999544865455524,0.6249773135221979
2013-04-22,149,8,611.3,500.0,24,123.90625,1,1,1,pass,0.8,1.0500009430888506,0.8957347370450185,0.5799976890297954
2013-04-22,149,9,611.3,500.0,24,131.640625,1,1,1,pass,0.8,1.0500007775439717,0.9981755812996842,0.6099231508026086
2013-04-23,150,0,611.3,500.0,24,103.203125,1,1,1,pass,0.8,1.0500002675790383,0.9999684032068454,0.6913852770915457
2013-04-23,150,1,611.3,500.0,24,115.3125,1,1,1,pass,0.8,1.0500009229906884,0.9079576507220942,0.6001125929728197
2013-04-23,150,2,611.3,500.0,24,94.53125,1,1,1,pass,0.8,1.0500008538757677,0.9337066683364068,0.5782688109365007
2013-04-23,150,3,611.3,500.0,24,90.78125,1,1,1,pass,0.8,1.0500007195906575,0.8603666491960957,0.5863399338441108
2013-04-23,150,4,611.3,500.0,24,108.515625,1,1,1,pass,0.8,1.0500005483356791,0.975719100176566,0.594067223305976
2013-04-23,150,5,611.3,500.0,24,87.8125,1,1,1,pass,0.8,1.0500009740254523,0.976461154286107,0.6010653874534733
2013-04-23,150,6,611.3,500.0,24,120.46875,1,1,1,pass,0.8,1.0500003708525307,0.999974847514532,0.6088353470174612
2013-04-23,150,7,611.3,500.0,24,119.53125,1,1,1,pass,0.8,1.050000960595847,0.999949432476002,0.6088198725783804
2013-04-23,150,8,611.3,500.0,24,141.796875,1,1,1,pass,0.8,1.0500008874364142,0.9335086029749152,0.5767536794824234
2013-04-23,150,9,611.3,500.0,24,115.625,1,1,1,pass,0.8,1.050000961931819,0.9999473491685912,0.6088186042857842
2013-04-24,151,0,611.3,500.0,24,110.78125,1,1,1,pass,0.8,1.0500009229064649,0.9999401473677888,0.6974961453895978
2013-04-24,151,1,611.3,500.0,24,111.71875,1,1,1,pass,0.8,1.0500008636766818,0.926729412419282,0.5950131699252565
2013-04-24,151,2,611.3,500.0,24,101.328125,1,1,1,pass,0.8,1.050000505621983,0.8844448610888569,0.566170382836037
2013-04-24,151,3,611.3,500.0,24,92.109375,1,1,1,pass,0.8,1.0500006651191331,0.8816814354788656,0.5952553368590295
2013-04-24,151,4,611.3,500.0,24,98.90625,1,1,1,pass,0.8,1.0500007211573448,0.9697365119388728,0.5904247213829605
2013-04-24,151,5,611.3,500.0,24,91.25,1,1,1,pass,0.8,1.050000932832123,0.9669889510725618,0.6278288426147632
2013-04-24,151,6,611.3,500.0,24,106.875,1,1,1,pass,0.8,1.0500009611383088,0.9999770364466344,0.6088366794012018
2013-04-24,151,7,611.3,500.0,24,142.5,1,1,1,pass,0.8,1.0500007384798786,0.999942970485724,0.6088159388862205
2013-04-24,151,8,611.3,500.0,24,112.1875,1,1,1,pass,0.8,1.0500007667144169,0.9450142397655052,0.5753725532840113
2013-04-24,151,9,611.3,500.0,24,133.125,1,1,1,pass,0.8,1.0500007927817054,0.9999706530396592,0.6313780656671915
2013-04-25,152,0,611.3,500.0,24,111.953125,1,1,1,pass,0.8,1.0500005230289742,0.9999341739508486,0.6685393217278884
2013-04-25,152,1,611.3,500.0,24,123.28125,1,1,1,pass,0.8,1.0500008210433105,0.9394929105563722,0.5891425915773427
2013-04-25,152,2,611.3,500.0,24,137.1875,1,1,1,pass,0.8,1.0500007431426628,0.8646605335640588,0.5844343009347687
2013-04-25,152,3,611.3,500.0,24,132.03125,1,1,1,pass,0.8,1.0500007853814206,0.8575539997299069,0.5644611176014661
2013-04-25,152,4,611.3,500.0,24,129.609375,1,1,1,pass,0.8,1.0500008738983373,0.8883789022699482,0.5703746776338793
2013-04-25,152,5,611.3,500.0,24,108.75,1,1,1,pass,0.8,1.0500008400708132,0.9510916373809112,0.606542935030667
2013-04-25,152,6,611.3,500.0,24,120.703125,1,1,1,pass,0.8,1.0500009050687027,0.994453019023838,0.6054733794247684
2013-04-25,152,7,611.3,500.0,24,139.21875,1,1,1,pass,0.8,1.050000437815224,0.999966233685342,0.6187836603900165
2013-04-25,152,8,611.3,500.0,24,142.5,1,1,1,pass,0.8,1.0500006746350374,0.8997127093410268,0.5549083209045764
2013-04-25,152,9,611.3,500.0,24,110.46875,1,1,1,pass,0.8,1.050000935157091,0.9704302052049526,0.5933366124051654
2013-04-26,153,0,611.3,500.0,24,97.96875,1,1,1,pass,0.8,1.0500005143866964,0.9999749582714886,0.6847524978907198
2013-04-26,153,1,611.3,500.0,24,109.765625,1,1,1,pass,0.8,1.0500009648766022,0.9331743054804348,0.5923993089553503
2013-04-26,153,2,611.3,500.0,24,101.953125,1,1,1,pass,0.8,1.0500007152114277,0.9882160392382104,0.6016759910781653
2013-04-26,153,3,611.3,500.0,24,102.734375,1,1,1,pass,0.8,1.050000953441538,0.8725215043451966,0.5778374595298473
2013-04-26,153,4,611.3,500.0,24,104.375,1,1,1,pass,0.8,1.0500008272269594,0.908621242789329,0.5705725247016299
2013-04-26,153,5,611.3,500.0,24,83.046875,1,1,1,pass,0.8,1.0500006852927446,0.9304532213119524,0.5980188479641623
2013-04-26,153,6,611.3,500.0,24,105.546875,1,1,1,pass,0.8,1.0500009577326563,1.0000000218295115,0.6088506747922704
2013-04-26,153,7,611.3,500.0,24,124.140625,1,1,1,pass,0.8,1.0500009885611163,0.9999182363811192,0.6332680487537835
2013-04-26,153,8,611.3,500.0,24,108.671875,1,1,1,pass,0.8,1.0500008537054355,0.9009904678734162,0.5733335451350937
2013-04-26,153,9,611.3,500.0,24,120.390625,1,1,1,pass,0.8,1.0500009663998238,0.972548580031754,0.6022074499099259
2013-04-27,154,0,611.3,500.0,24,115.3125,1,1,1,pass,0.8,1.0500007616639988,0.9999933388300276,0.6998362851639698
2013-04-27,154,1,611.3,500.0,24,123.203125,1,1,1,pass,0.8,1.0500001339606182,0.904453841311008,0.5955430584137992
2013-04-27,154,2,611.3,500.0,24,129.453125,1,1,1,pass,0.8,1.0500007893189864,0.9175010681917982,0.5753929198503753
2013-04-27,154,3,611.3,500.0,24,122.421875,1,1,1,pass,0.8,1.0500008562499643,0.8596141909020858,0.5711706422320995
2013-04-27,154,4,611.3,500.0,24,117.03125,1,1,1,pass,0.8,1.0500008893959734,0.9240760608201488,0.5693496615092584
2013-04-27,154,5,611.3,500.0,24,78.59375,1,1,1,pass,0.8,1.050000156333016,0.953131693147149,0.6119276712697075
2013-04-27,154,6,611.3,500.0,24,122.96875,1,1,1,pass,0.8,1.0500009913993282,0.9664974088982602,0.5927739191964027
2013-04-27,154,7,611.3,500.0,24,142.5,1,1,1,pass,0.8,1.0500006110647775,0.9999574790565912,0.6244249243299049
2013-04-27,154,8,611.3,500.0,24,117.890625,1,1,1,pass,0.8,1.0500003431745055,0.922782323478573,0.5696526229243781
2013-04-27,154,9,611.3,500.0,24,103.75,1,1,1,pass,0.8,1.0500008679339785,0.9999461349326348,0.6104795035641318
2013-04-28,155,0,611.3,500.0,24,127.03125,1,1,1,pass,0.8,1.0500008476540013,0.9999556034217923,0.6931047314941728
2013-04-28,155,1,611.3,500.0,24,134.0625,1,1,1,pass,0.8,1.0500005095178464,0.92315562266882,0.5946128247931305
2013-04-28,155,2,611.3,500.0,24,139.921875,1,1,1,pass,0.8,1.0500009438281348,0.9600085463538676,0.5845018445436275
2013-04-28,155,3,611.3,500.0,24,104.84375,1,1,1,pass,0.8,1.0500004418059872,0.8612756469242651,0.5829919948127058
2013-04-28,155,4,611.3,500.0,24,118.984375,1,1,1,pass,0.8,1.050000629502913,0.9786704957358052,0.5958641820116998
2013-04-28,155,5,611.3,500.0,24,100.46875,1,1,1,pass,0.8,1.050000917591653,0.947691142491928,0.6091652870499915
2013-04-28,155,6,611.3,500.0,24,116.796875,1,1,1,pass,0.8,1.0500008289452782,0.9701105041985332,0.5906524267646214
2013-04-28,155,7,611.3,500.0,24,136.40625,1,1,1,pass,0.8,1.0500002809775153,0.999997899929336,0.6088493829512516
2013-04-28,155,8,611.3,500.0,24,136.5625,1,1,1,pass,0.8,1.0500007100124882,0.874001058379634,0.5703084390961186
2013-04-28,155,9,611.3,500.0,24,139.921875,1,1,1,pass,0.8,1.05000075563493,0.9591257352189688,0.6028178342707219
2013-04-29,156,0,611.3,500.0,24,112.734375,1,1,1,pass,0.8,1.0500007140344334,0.9999733014384912,0.6759069829141771
2013-04-29,156,1,611.3,500.0,24,125.234375,1,1,1,pass,0.8,1.0500008168091122,0.9168377925897658,0.5944848374220613
2013-04-29,156,2,611.3,500.0,24,123.59375,1,1,1,pass,0.8,1.0500004486856696,0.8957484075960935,0.5849644370648978
2013-04-29,156,3,611.3,500.0,24,92.734375,1,1,1,pass,0.8,1.0500008763042992,0.8716671849369859,0.5562792414985833
2013-04-29,156,4,611.3,500.0,24,102.265625,1,1,1,pass,0.8,1.0499997233553828,0.9026620483802772,0.5684962563974921
2013-04-29,156,5,611.3,500.0,24,89.453125,1,1,1,pass,0.8,1.050000887439886,0.952090361890874,0.5991138138080278
2013-04-29,156,6,611.3,500.0,24,120.703125,1,1,1,pass,0.8,1.050000953462308,0.9999875079138292,0.6088430545289197
2013-04-29,156,7,611.3,500.0,24,120.234375,1,1,1,pass,0.8,1.050000900787614,0.9999740558215936,0.6110594576617288
2013-04-29,156,8,611.3,500.0,24,114.609375,1,1,1,pass,0.8,1.0500007931271522,0.8718883809428004,0.5645856259854639
2013-04-29,156,9,611.3,500.0,24,125.390625,1,1,1,pass,0.8,1.0500009831079282,0.9919109392557116,0.6080219338985337
2013-04-30,157,0,611.3,500.0,24,120.78125,1,1,1,pass,0.8,1.0500006252031089,0.9999647346743612,0.6892782191803858
2013-04-30,157,1,611.3,500.0,24,129.21875,1,1,1,pass,0.8,1.0500005182230856,0.9221019374745448,0.5983453780320297
2013-04-30,157,2,611.3,500.0,24,131.328125,1,1,1,pass,0.8,1.0500007801248226,0.9633044779145596,0.5928360941812039
2013-04-30,157,3,611.3,500.0,24,115.15625,1,1,1,pass,0.8,1.0500008969061465,0.876134380739945,0.5693434537552098
2013-04-30,157,4,611.3,500.0,24,102.8125,1,1,1,pass,0.8,1.050000903525204,0.9410145187030292,0.5729373210653285
2013-04-30,157,5,611.3,500.0,24,115.3125,1,1,1,pass,0.8,1.050000889416182,0.9489350817940396,0.6087695658484975
2013-04-30,157,6,611.3,500.0,24,141.09375,1,1,1,pass,0.8,1.050000422758948,0.9999154576918932,0.609868780942694
2013-04-30,157,7,611.3,500.0,24,115.15625,1,1,1,pass,0.8,1.050000778607162,0.9999464618701314,0.608818064024661
2013-04-30,157,8,611.3,500.0,24,114.21875,1,1,1,pass,0.8,1.0500007136914833,0.936972621215402,0.5828264005770629
2013-04-30,157,9,611.3,500.0,24,142.5,1,1,1,pass,0.8,1.050000705972949,0.9999726753495846,0.6088340241495799
2013-05-01,158,0,611.3,500.0,24,114.375,1,1,1,pass,0.8,1.0500008338523057,0.999986660796385,0.6679358286091723
2013-05-01,158,1,611.3,500.0,24,102.03125,1,1,1,pass,0.8,1.0500008879574216,0.901067085230566,0.5973553101365411
2013-05-01,158,2,611.3,500.0,24,107.890625,1,1,1,pass,0.8,1.050000817069923,0.9143513379053988,0.5751705619452658
2013-05-01,158,3,611.3,500.0,24,112.109375,1,1,1,pass,0.8,1.0500008574593085,0.9026476604540749,0.576287003480347
2013-05-01,158,4,611.3,500.0,24,83.75,1,1,1,pass,0.8,1.0500002506437132,0.9143545561824336,0.5792796466479402
2013-05-01,158,5,611.3,500.0,24,96.171875,1,1,1,pass,0.8,1.0500006114293312,0.9933116710726482,0.6189577700601863
2013-05-01,158,6,611.3,500.0,24,104.21875,1,1,1,pass,0.8,1.0500005923920632,0.99043199010806,0.603025173906108
2013-05-01,158,7,611.3,500.0,24,108.515625,1,1,1,pass,0.8,1.050000234336202,0.9999559124993112,0.6124940056993307
2013-05-01,158,8,611.3,500.0,24,107.421875,1,1,1,pass,0.8,1.0500008692263263,0.929389558664424,0.5658594581875664
2013-05-01,158,9,611.3,500.0,24,120.390625,1,1,1,pass,0.8,1.0500005177866507,0.9999747463257708,0.6155166416038712
2013-05-02,159,0,611.3,500.0,24,101.5625,1,1,1,pass,0.8,1.0500009394441567,0.9999751936079424,0.6718282953324389
2013-05-02,159,1,611.3,500.0,24,116.015625,1,1,1,pass,0.8,1.0500009950448748,0.9108423577665928,0.5975913938289205
2013-05-02,159,2,611.3,500.0,24,108.203125,1,1,1,pass,0.8,1.0500008277317516,0.9999665543297448,0.6088302976755103
2013-05-02,159,3,611.3,500.0,24,90.546875,1,1,1,pass,0.8,1.0500006987793398,0.8710753327357738,0.5771255423042965
2013-05-02,159,4,611.3,500.0,24,86.171875,1,1,1,pass,0.8,1.0500003005047225,0.9804953547964133,0.5969752483892687
2013-05-02,159,5,611.3,500.0,24,102.109375,1,1,1,pass,0.8,1.0500009157979089,0.9634416674804044,0.6204686136644041
2013-05-02,159,6,611.3,500.0,24,104.765625,1,1,1,pass,0.8,1.050000631218861,0.9999995189143192,0.6088503678858344
2013-05-02,159,7,611.3,500.0,24,108.90625,1,1,1,pass,0.8,1.0500001913321415,0.9999466551171872,0.6088181825175993
2013-05-02,159,8,611.3,500.0,24,116.953125,1,1,1,pass,0.8,1.0500008459322816,0.9021246477143512,0.5887556940376516
2013-05-02,159,9,611.3,500.0,24,120.3125,1,1,1,pass,0.8,1.0500006218102678,0.9738649660313732,0.596681072782782
2013-05-03,160,0,611.3,500.0,24,103.046875,1,1,1,pass,0.8,1.0500009871676903,0.9999646213028428,0.6862027790100952
2013-05-03,160,1,611.3,500.0,24,117.8125,1,1,1,pass,0.8,1.0500009319895554,0.9673049577595806,0.5889442683766216
2013-05-03,160,2,611.3,500.0,24,115.78125,1,1,1,pass,0.8,1.0500007734196235,0.9485329771481994,0.577514938343381
2013-05-03,160,3,611.3,500.0,24,111.796875,1,1,1,pass,0.8,1.0500009703743896,0.8892775585492609,0.585398720142565
2013-05-03,160,4,611.3,500.0,24,100.3125,1,1,1,pass,0.8,1.0500008661753977,0.9291443243174768,0.5661943678383862
2013-05-03,160,5,611.3,500.0,24,81.953125,1,1,1,pass,0.8,1.0500006405000797,0.9746252044239584,0.6223018486367822
2013-05-03,160,6,611.3,500.0,24,103.4375,1,1,1,pass,0.8,1.0500005433908235,0.9999825996285168,0.6088400671077155
2013-05-03,160,7,611.3,500.0,24,109.6875,1,1,1,pass,0.8,1.0500001847250082,0.99993885276264,0.6088134310810412
2013-05-03,160,8,611.3,500.0,24,122.109375,1,1,1,pass,0.8,1.0500007030317968,0.8828836659914914,0.5652872476536409
2013-05-03,160,9,611.3,500.0,24,113.984375,1,1,1,pass,0.8,1.0500006457273088,0.9721833099676536,0.611984913692894
2013-05-04,161,0,611.3,500.0,24,133.359375,1,1,1,pass,0.8,1.050000858702168,0.9999906040127976,0.7129267306710074
2013-05-04,161,1,611.3,500.0,24,138.125,1,1,1,pass,0.8,1.0500005768225062,0.9436744651664056,0.5966918752958039
2013-05-04,161,2,611.3,500.0,24,109.140625,1,1,1,pass,0.8,1.0500009101992096,0.925207070896528,0.5731493939676061
2013-05-04,161,3,611.3,500.0,24,135.625,1,1,1,pass,0.8,1.050000950375363,0.9279126404352552,0.6177656949904149
2013-05-04,161,4,611.3,500.0,24,104.296875,1,1,1,pass,0.8,1.0500007174476305,0.8934869937710243,0.5613948609711114
2013-05-04,161,5,611.3,500.0,24,105.9375,1,1,1,pass,0.8,1.0500006620499005,0.9998056547627112,0.6137753237443293
2013-05-04,161,6,611.3,500.0,24,128.59375,1,1,1,pass,0.8,1.0500004939695635,0.9600938181355207,0.6167253284554002
2013-05-04,161,7,611.3,500.0,24,117.578125,1,1,1,pass,0.8,1.0500007654257235,0.9999904939054594,0.608844873356367
2013-05-04,161,8,611.3,500.0,24,134.140625,1,1,1,pass,0.8,1.0500009477269836,0.9039620137171346,0.5740668478770998
2013-05-04,161,9,611.3,500.0,24,142.5,1,1,1,pass,0.8,1.050000883632996,0.9999645703269294,0.6218048398742217
2013-05-05,162,0,611.3,500.0,24,135.9375,1,1,1,pass,0.8,1.0500000511009562,0.999979104007673,0.7021614488938128
2013-05-05,162,1,611.3,500.0,24,123.28125,1,1,1,pass,0.8,1.0500009434179407,0.9594679062945268,0.5978798420887727
2013-05-05,162,2,611.3,500.0,24,127.8125,1,1,1,pass,0.8,1.0500008225776414,0.9263945164587496,0.6048423306513707
2013-05-05,162,3,611.3,500.0,24,117.421875,1,1,1,pass,0.8,1.050000473958222,0.8893020553494053,0.6321037156217755
2013-05-05,162,4,611.3,500.0,24,116.5625,1,1,1,pass,0.8,1.050000774026841,0.911079181239576,0.5793625771194871
2013-05-05,162,5,611.3,500.0,24,115.15625,1,1,1,pass,0.8,1.050000016216247,0.9718188572089442,0.6566877341999113
2013-05-05,162,6,611.3,500.0,24,139.53125,1,1,1,pass,0.8,1.0500005931771712,0.9738194922384332,0.6135520479815524
2013-05-05,162,7,611.3,500.0,24,111.328125,1,1,1,pass,0.8,1.050000624916454,0.9963139182946952,0.6110935323797153
2013-05-05,162,8,611.3,500.0,24,109.453125,1,1,1,pass,0.8,1.0500008129320524,0.9138595162368556,0.5848508163251956
2013-05-05,162,9,611.3,500.0,24,142.5,1,1,1,pass,0.8,1.0500004152039268,0.9720132880692404,0.6353533874380415
2013-05-06,163,0,611.3,500.0,24,118.515625,1,1,1,pass,0.8,1.0500003762545629,0.9999744358926114,0.6680399223194589
2013-05-06,163,1,611.3,500.0,24,108.125,1,1,1,pass,0.8,1.0500007735473258,0.9549560146380216,0.6032941068920037
2013-05-06,163,2,611.3,500.0,24,127.1875,1,1,1,pass,0.8,1.050000197025848,0.9999250865723712,0.6088050503171478
2013-05-06,163,3,611.3,500.0,24,96.484375,1,1,1,pass,0.8,1.0500007041627215,0.8964210249828141,0.6040071407130089
2013-05-06,163,4,611.3,500.0,24,92.109375,1,1,1,pass,0.8,1.050000833136624,0.9049372396936148,0.5663433984916478
2013-05-06,163,5,611.3,500.0,24,100.390625,1,1,1,pass,0.8,1.0500007563610716,0.9733541496305764,0.6100887177775999
2013-05-06,163,6,611.3,500.0,24,142.5,1,1,1,pass,0.8,1.0500006208895414,0.9999847692764712,0.6298491617551901
2013-05-06,163,7,611.3,500.0,24,123.28125,1,1,1,pass,0.8,1.05000087916029,0.9999715592492124,0.6088333447793484
2013-05-06,163,8,611.3,500.0,24,112.578125,1,1,1,pass,0.8,1.050000284279052,0.9269059802934864,0.5908133252760749
2013-05-06,163,9,611.3,500.0,24,129.140625,1,1,1,pass,0.8,1.0500006516898994,0.9999773575755058,0.6161958131632146
2013-05-07,164,0,611.3,500.0,24,142.5,1,1,1,pass,0.8,1.0500006940177766,0.9999785582923052,0.6916444428606722
2013-05-07,164,1,611.3,500.0,24,121.71875,1,1,1,pass,0.8,1.0500008940448189,0.9829850449202664,0.5999830842774239
2013-05-07,164,2,611.3,500.0,24,142.5,1,1,1,pass,0.8,1.050000694395504,0.986192417878544,0.6004439081738452
2013-05-07,164,3,611.3,500.0,24,134.84375,1,1,1,pass,0.8,1.050000826694121,0.9038664347081594,0.6085333207696544
2013-05-07,164,4,611.3,500.0,24,132.890625,1,1,1,pass,0.8,1.050000571748941,0.9090663899881868,0.5749565785703489
2013-05-07,164,5,611.3,500.0,24,121.328125,1,1,1,pass,0.8,1.050000841664701,0.9721601416281794,0.6157389516422339
2013-05-07,164,6,611.3,500.0,24,142.5,1,1,1,pass,0.8,1.0500007866319967,0.9999618019426644,0.6311685897880824
2013-05-07,164,7,611.3,500.0,24,132.65625,1,1,1,pass,0.8,1.0500004905705118,0.9999973879446612,0.6159048489200527
2013-05-07,164,8,611.3,500.0,24,126.875,1,1,1,pass,0.8,1.0500007688766266,0.9874340224897868,0.6011998597767275
2013-05-07,164,9,611.3,500.0,24,142.109375,1,1,1,pass,0.8,1.05000083143483,0.9999257953003002,0.6336808699912799
2013-05-08,165,0,611.3,500.0,24,125.0,1,1,1,pass,0.8,1.0500007050660525,0.9999953597930944,0.7148558782946826
2013-05-08,165,1,611.3,500.0,24,111.40625,1,1,1,pass,0.8,1.0500008927559052,0.945626444299002,0.5976056338169852
2013-05-08,165,2,611.3,500.0,24,137.109375,1,1,1,pass,0.8,1.0500006081747146,0.9543056266765702,0.5810296189732683
2013-05-08,165,3,611.3,500.0,24,119.609375,1,1,1,pass,0.8,1.0500009572946702,0.8829695740857363,0.5939743915698475
2013-05-08,165,4,611.3,500.0,24,117.578125,1,1,1,pass,0.8,1.050000858975054,0.9394591115123204,0.5719903105990864
2013-05-08,165,5,611.3,500.0,24,122.03125,1,1,1,pass,0.8,1.0500004387813149,0.9411237521157,0.6376116351455285
2013-05-08,165,6,611.3,500.0,24,132.65625,1,1,1,pass,0.8,1.0500009040549718,0.9999722045171692,0.6322997664977279
2013-05-08,165,7,611.3,500.0,24,142.5,1,1,1,pass,0.8,1.0500009195077786,0.9999986653268784,0.630227048654897
2013-05-08,165,8,611.3,500.0,24,123.828125,1,1,1,pass,0.8,1.0500009065959643,0.908581321564132,0.5859795522925029
2013-05-08,165,9,611.3,500.0,24,122.96875,1,1,1,pass,0.8,1.0500009790459282,0.9999273788146994,0.6114670662093865
2013-05-09,166,0,611.3,500.0,24,110.546875,1,1,1,pass,0.8,1.050000991103325,0.9999992112497724,0.6866129420550988
2013-05-09,166,1,611.3,500.0,24,105.390625,1,1,1,pass,0.8,1.050000951130987,0.9404917896145526,0.6056225616456209
2013-05-09,166,2,611.3,500.0,24,102.96875,1,1,1,pass,0.8,1.0500007308237087,0.9264373888610052,0.5892069643252777
2013-05-09,166,3,611.3,500.0,24,97.8125,1,1,1,pass,0.8,1.0500006024802124,0.9305558377574245,0.6062920928661356
2013-05-09,166,4,611.3,500.0,24,100.15625,1,1,1,pass,0.8,1.0500009736942395,0.9904136526378744,0.6030140091253318
2013-05-09,166,5,611.3,500.0,24,99.765625,1,1,1,pass,0.8,1.0500006173709864,0.9999333401582148,0.6187502799661121
2013-05-09,166,6,611.3,500.0,24,111.71875,1,1,1,pass,0.8,1.0500009770245695,0.9870404511051996,0.6141503547175703
2013-05-09,166,7,611.3,500.0,24,113.125,1,1,1,pass,0.8,1.0500003390741977,0.9999597560313778,0.6251062112627174
2013-05-09,166,8,611.3,500.0,24,96.796875,1,1,1,pass,0.8,1.0500002599998204,0.9449944320002492,0.579619145788015
2013-05-09,166,9,611.3,500.0,24,119.6875,1,1,1,pass,0.8,1.0500008035779784,0.9447659057707108,0.6039105462280457
2013-05-10,167,0,611.3,500.0,24,101.484375,1,1,1,pass,0.8,1.0500008876816709,0.9999949194528168,0.7115812198994934
2013-05-10,167,1,611.3,500.0,24,101.25,1,1,1,pass,0.8,1.05000048573412,0.957105139932948,0.6160820041848855
2013-05-10,167,2,611.3,500.0,24,125.15625,1,1,1,pass,0.8,1.0500004815036652,0.9649637839744672,0.5875188435140308
2013-05-10,167,3,611.3,500.0,24,93.359375,1,1,1,pass,0.8,1.05000070231368,0.9955145661068798,0.60802345843881
2013-05-10,167,4,611.3,500.0,24,109.140625,1,1,1,pass,0.8,1.0500009649149549,0.8961587243734183,0.5649110909734619
2013-05-10,167,5,611.3,500.0,24,92.03125,1,1,1,pass,0.8,1.050000596395238,0.9920806479891324,0.636834918278063
2013-05-10,167,6,611.3,500.0,24,111.640625,1,1,1,pass,0.8,1.0499995732867378,0.9999193787484756,0.6088015749456825
2013-05-10,167,7,611.3,500.0,24,97.890625,1,1,1,pass,0.8,1.050000934796478,0.9999936164835842,0.6276745755098649
2013-05-10,167,8,611.3,500.0,24,110.703125,1,1,1,pass,0.8,1.0500006594194164,0.891635774021954,0.5611632578750249
2013-05-10,167,9,611.3,500.0,24,140.546875,1,1,1,pass,0.8,1.0500008326846613,0.9999642864177828,0.6088289172263677
2013-05-11,168,0,611.3,500.0,24,142.5,1,1,1,pass,0.8,1.0500007121565564,0.9999970134153138,0.7509676363185497
2013-05-11,168,1,611.3,500.0,24,132.8125,1,1,1,pass,0.8,1.0500008787636663,0.8990647243806436,0.6027903384160435
2013-05-11,168,2,611.3,500.0,24,142.5,1,1,1,pass,0.8,1.050000974843206,0.9999692269911616,0.6088319247568259
2013-05-11,168,3,611.3,500.0,24,142.5,1,1,1,pass,0.8,1.0500006137376037,0.9884495552529208,0.6018181671867907
2013-05-11,168,4,611.3,500.0,24,142.5,1,1,1,pass,0.8,1.0500008427395628,0.9438180826419504,0.5823678596728082
2013-05-11,168,5,611.3,500.0,24,142.5,1,1,1,pass,0.8,1.050000376046444,0.9999270388775864,0.6211704751766058
2013-05-11,168,6,611.3,500.0,24,142.5,1,1,1,pass,0.8,1.0500009926704603,0.9999796899923692,0.6142475073907439
2013-05-11,168,7,611.3,500.0,24,142.5,1,1,1,pass,0.8,1.050000144121121,0.999947985536471,0.6401932294371048
2013-05-11,168,8,611.3,500.0,24,127.890625,1,1,1,pass,0.8,1.0500007692254605,0.9321637521336412,0.5676947202188987
2013-05-11,168,9,611.3,500.0,24,142.5,1,1,1,pass,0.8,1.0500008361358353,1.000000168734501,0.6088507624126334
2013-05-12,169,0,611.3,500.0,24,129.375,1,1,1,pass,0.8,1.050000194234069,0.9999867529315548,0.7219776066388756
2013-05-12,169,1,611.3,500.0,24,127.03125,1,1,1,pass,0.8,1.050000924336913,0.9335770906206456,0.5926141905890525
2013-05-12,169,2,611.3,500.0,24,106.171875,1,1,1,pass,0.8,1.050000602766711,0.9394627430190238,0.5883144894139299
2013-05-12,169,3,611.3,500.0,24,127.265625,1,1,1,pass,0.8,1.050000730661004,0.8728831037575341,0.6011859355624612
2013-05-12,169,4,611.3,500.0,24,142.5,1,1,1,pass,0.8,1.050000855150694,0.8910273901905981,0.5750167978487332
2013-05-12,169,5,611.3,500.0,24,114.453125,1,1,1,pass,0.8,1.0499997755407529,0.9999933204597744,0.6425538438641166
2013-05-12,169,6,611.3,500.0,24,135.859375,1,1,1,pass,0.8,1.0500007030765228,0.997020974809086,0.6070368806259929
2013-05-12,169,7,611.3,500.0,24,142.5,1,1,1,pass,0.8,1.0500009165767994,0.9999598615988936,0.6287899144701947
2013-05-12,169,8,611.3,500.0,24,109.140625,1,1,1,pass,0.8,1.0500008349836685,0.9018662896129273,0.5727160655491812
2013-05-12,169,9,611.3,500.0,24,124.296875,1,1,1,pass,0.8,1.050000903492472,0.9999530214651824,0.6257538947225155
2013-05-13,170,0,611.3,500.0,24,132.8125,1,1,1,pass,0.8,1.0500001276168098,0.9999772972989168,0.7051952172179381
2013-05-13,170,1,611.3,500.0,24,136.171875,1,1,1,pass,0.8,1.0500009077636083,0.9327140297352392,0.6153033376881021
2013-05-13,170,2,611.3,500.0,24,142.5,1,1,1,pass,0.8,1.0500007708096215,0.9999551437988652,0.6088233508981469
2013-05-13,170,3,611.3,500.0,24,132.734375,1,1,1,pass,0.8,1.0500004515774912,0.972153002854335,0.6187746730150405
2013-05-13,170,4,611.3,500.0,24,113.828125,1,1,1,pass,0.8,1.0500000887251486,0.9942103347322638,0.6053256209684625
2013-05-13,170,5,611.3,500.0,24,126.25,1,1,1,pass,0.8,1.0500004322328202,0.9999570696441192,0.63849834432104
2013-05-13,170,6,611.3,500.0,24,142.5,1,1,1,pass,0.8,1.0500008336514617,0.9999351337448932,0.6353574099445112
2013-05-13,170,7,611.3,500.0,24,139.84375,1,1,1,pass,0.8,1.0500008993875616,0.9999993890338376,0.6299967203489953
2013-05-13,170,8,611.3,500.0,24,135.3125,1,1,1,pass,0.8,1.0500009839070878,0.90330805186262,0.5803805917417162
2013-05-13,170,9,611.3,500.0,24,138.046875,1,1,1,pass,0.8,1.0500007778836185,0.9999557739417524,0.6340869229948106
2013-05-14,171,0,611.3,500.0,24,123.046875,1,1,1,pass,0.8,1.0500009339644023,0.9999667993816844,0.723529841711905
2013-05-14,171,1,611.3,500.0,24,128.671875,1,1,1,pass,0.8,1.0500006106664814,0.9882573208038022,0.6060418789012197
2013-05-14,171,2,611.3,500.0,24,125.390625,1,1,1,pass,0.8,1.0500006004509177,0.998681665325558,0.6080479929039636
2013-05-14,171,3,611.3,500.0,24,110.15625,1,1,1,pass,0.8,1.0500007778383802,0.9732130534341976,0.6156702377989063
2013-05-14,171,4,611.3,500.0,24,109.21875,1,1,1,pass,0.8,1.050000197893245,0.9387337128536412,0.5715486512532513
2013-05-14,171,5,611.3,500.0,24,98.515625,1,1,1,pass,0.8,1.05000099926161,0.9999358405973492,0.6361481381953922
2013-05-14,171,6,611.3,500.0,24,131.40625,1,1,1,pass,0.8,1.0500004734688206,0.999989229826654,0.6150704527797625
2013-05-14,171,7,611.3,500.0,24,142.5,1,1,1,pass,0.8,1.0500003877212432,0.999976458099772,0.6526118838104552
2013-05-14,171,8,611.3,500.0,24,114.6875,1,1,1,pass,0.8,1.0500006686727854,0.929215461952389,0.5778710746253
2013-05-14,171,9,611.3,500.0,24,133.75,1,1,1,pass,0.8,1.0500003373794542,0.9999704954721592,0.6114953114669084
2013-05-15,172,0,611.3,500.0,24,122.734375,1,1,1,pass,0.8,1.0500005271176347,0.999986376310916,0.7001344198634847
2013-05-15,172,1,611.3,500.0,24,107.96875,1,1,1,pass,0.8,1.050000626840959,0.9815319614647214,0.6097853095640884
2013-05-15,172,2,611.3,500.0,24,117.34375,1,1,1,pass,0.8,1.0499995413785093,0.9999872954210208,0.6183882823999151
2013-05-15,172,3,611.3,500.0,24,106.875,1,1,1,pass,0.8,1.050000855905188,0.9572739450171316,0.6257051670780943
2013-05-15,172,4,611.3,500.0,24,110.078125,1,1,1,pass,0.8,1.0500008551425588,0.9021749979007858,0.58824187690479
2013-05-15,172,5,611.3,500.0,24,106.5625,1,1,1,pass,0.8,1.0500008133600185,0.9990332595493676,0.6303419854303732
2013-05-15,172,6,611.3,500.0,24,97.65625,1,1,1,pass,0.8,1.0500006587408837,0.9999492893446852,0.6149357093499475
2013-05-15,172,7,611.3,500.0,24,142.265625,1,1,1,pass,0.8,1.0500005294559691,0.9999874737988386,0.6154672027544997
2013-05-15,172,8,611.3,500.0,24,113.046875,1,1,1,pass,0.8,1.0500009555506895,0.9075995098608288,0.5889181182817282
2013-05-15,172,9,611.3,500.0,24,133.046875,1,1,1,pass,0.8,1.0500009621553636,0.999983229900812,0.6233564345079213
2013-05-16,173,0,611.3,500.0,24,111.484375,1,1,1,pass,0.8,1.0500009139955948,0.9999374751428384,0.7144876357442697
2013-05-16,173,1,611.3,500.0,24,138.28125,1,1,1,pass,0.8,1.0500009021331047,0.9875589345566432,0.601275912555467
2013-05-16,173,2,611.3,500.0,24,142.5,1,1,1,pass,0.8,1.0500008673300514,0.9571457570377168,0.5988701530300786
2013-05-16,173,3,611.3,500.0,24,124.84375,1,1,1,pass,0.8,1.0500008727436343,0.9368018783845408,0.634927053571032
2013-05-16,173,4,611.3,500.0,24,130.9375,1,1,1,pass,0.8,1.0500001741633056,0.927061876418723,0.588375575645176
2013-05-16,173,5,611.3,500.0,24,142.5,1,1,1,pass,0.8,1.050000964274703,0.9999648650167264,0.6235490342763165
2013-05-16,173,6,611.3,500.0,24,140.859375,1,1,1,pass,0.8,1.050000504374654,0.9999637318083464,0.6227046107640425
2013-05-16,173,7,611.3,500.0,24,142.5,1,1,1,pass,0.8,1.0500009574252285,0.999978600211784,0.6568630787090849
2013-05-16,173,8,611.3,500.0,24,125.15625,1,1,1,pass,0.8,1.050000957143211,0.9079365534464012,0.5725068460212284
2013-05-16,173,9,611.3,500.0,24,139.6875,1,1,1,pass,0.8,1.050000721148865,0.9999689794659576,0.6181170532109042
2013-05-17,174,0,611.3,500.0,24,109.921875,1,1,1,pass,0.8,1.0500008395147296,0.9999717959760324,0.7217057970913386
2013-05-17,174,1,611.3,500.0,24,123.671875,1,1,1,pass,0.8,1.050000814292096,0.9999856659797705,0.6088419327508519
2013-05-17,174,2,611.3,500.0,24,119.21875,1,1,1,pass,0.8,1.0499998058343756,0.9999626704700304,0.6377443504052107
2013-05-17,174,3,611.3,500.0,24,112.96875,1,1,1,pass,0.8,1.0500009840313889,0.999943535561862,0.6439863220558806
2013-05-17,174,4,611.3,500.0,24,102.109375,1,1,1,pass,0.8,1.050000644114488,0.960435152525079,0.5971656878019017
2013-05-17,174,5,611.3,500.0,24,105.546875,1,1,1,pass,0.8,1.0500008255929747,0.9999905070323316,0.6468458829726155
2013-05-17,174,6,611.3,500.0,24,114.296875,1,1,1,pass,0.8,1.0500000517802166,0.9999840163570898,0.616675762185201
2013-05-17,174,7,611.3,500.0,24,111.640625,1,1,1,pass,0.8,1.0500008732830126,0.9999829800451412,0.6517377009819311
2013-05-17,174,8,611.3,500.0,24,117.96875,1,1,1,pass,0.8,1.05000036983708,0.975660999146004,0.6079381721861721
2013-05-17,174,9,611.3,500.0,24,135.859375,1,1,1,pass,0.8,1.05000077271803,0.9999669436266134,0.6338045551433522
2013-05-18,175,0,611.3,500.0,24,117.1875,1,1,1,pass,0.8,1.0500006227298997,0.999948934060764,0.7229953815933859
2013-05-18,175,1,611.3,500.0,24,125.859375,1,1,1,pass,0.8,1.0500007001331604,0.9840701640330092,0.6436391311599742
2013-05-18,175,2,611.3,500.0,24,142.5,1,1,1,pass,0.8,1.0500005315709418,0.9380259223180828,0.6535557077032352
2013-05-18,175,3,611.3,500.0,24,113.4375,1,1,1,pass,0.8,1.050000603903303,0.9579605654614056,0.6237191191514482
2013-05-18,175,4,611.3,500.0,24,128.046875,1,1,1,pass,0.8,1.050000739053163,0.9819984489446,0.5992868779772794
2013-05-18,175,5,611.3,500.0,24,97.109375,1,1,1,pass,0.8,1.0500007266399876,0.999978247599274,0.6483374952101939
2013-05-18,175,6,611.3,500.0,24,110.78125,1,1,1,pass,0.8,1.050000617107266,0.9979567153081632,0.6528750306224634
2013-05-18,175,7,611.3,500.0,24,142.5,1,1,1,pass,0.8,1.0500009305575662,0.9999383532847428,0.6364117116872074
2013-05-18,175,8,611.3,500.0,24,129.0625,1,1,1,pass,0.8,1.0500007286975053,0.854132161800086,0.6288979941000603
2013-05-18,175,9,611.3,500.0,24,129.921875,1,1,1,pass,0.8,1.0500006613890804,0.9999460531863849,0.6293770388606582
2013-05-19,176,0,611.3,500.0,24,126.40625,1,1,1,pass,0.8,1.0500005193041952,0.999992641706885,0.7100525139938562
2013-05-19,176,1,611.3,500.0,24,135.390625,1,1,1,pass,0.8,1.050000626147107,0.9792274567413112,0.6573061274144122
2013-05-19,176,2,611.3,500.0,24,129.84375,1,1,1,pass,0.8,1.050000903633311,0.9586201219184528,0.6490233238097468
2013-05-19,176,3,611.3,500.0,24,117.65625,1,1,1,pass,0.8,1.050000579480003,1.0000004624191985,0.6318605161149315
2013-05-19,176,4,611.3,500.0,24,113.4375,1,1,1,pass,0.8,1.0500007805818432,0.8795353282279025,0.5992324820820396
2013-05-19,176,5,611.3,500.0,24,117.421875,1,1,1,pass,0.8,1.0500009955544105,0.9999870670141168,0.6338731126201487
2013-05-19,176,6,611.3,500.0,24,124.53125,1,1,1,pass,0.8,1.0500009645014283,0.994283308087916,0.6457253078537505
2013-05-19,176,7,611.3,500.0,24,142.5,1,1,1,pass,0.8,1.0500003128011428,0.9999989378410432,0.6351669906568063
2013-05-19,176,8,611.3,500.0,24,127.8125,1,1,1,pass,0.8,1.0500009187748869,0.8565226106739676,0.5864580505199145
2013-05-19,176,9,611.3,500.0,24,142.5,1,1,1,pass,0.8,1.0500009071157526,0.9999779315298664,0.6357397163259136
2013-05-20,177,0,611.3,500.0,24,105.78125,1,1,1,pass,0.8,1.0500007718532929,0.9999926497955058,0.7216554278917875
2013-05-20,177,1,611.3,500.0,24,111.40625,1,1,1,pass,0.8,1.0500005316984249,0.9869777348118154,0.6294061102543039
2013-05-20,177,2,611.3,500.0,24,116.796875,1,1,1,pass,0.8,1.0500006526247816,0.9999592324864957,0.6417201732458433
2013-05-20,177,3,611.3,500.0,24,108.75,1,1,1,pass,0.8,1.050000743734832,0.9905905376650784,0.6404562318684611
2013-05-20,177,4,611.3,500.0,24,116.25,1,1,1,pass,0.8,1.050000891739472,0.960691002337947,0.601549227296875
2013-05-20,177,5,611.3,500.0,24,104.6875,1,1,1,pass,0.8,1.0499999331630894,0.9999710100029202,0.6533863256295519
2013-05-20,177,6,611.3,500.0,24,111.875,1,1,1,pass,0.8,1.0500004996740069,0.9999462857349468,0.6379234266015735
2013-05-20,177,7,611.3,500.0,24,142.5,1,1,1,pass,0.8,1.0500007689673791,0.9999911175373412,0.6282096058514284
2013-05-20,177,8,611.3,500.0,24,105.078125,1,1,1,pass,0.8,1.0500007293667752,0.945779392537453,0.6198889619635316
2013-05-20,177,9,611.3,500.0,24,128.671875,1,1,1,pass,0.8,1.050000684686928,0.9999720064667618,0.6696606437978748
2013-05-21,178,0,611.3,500.0,24,97.03125,1,1,1,pass,0.8,1.050000656392315,0.999991858536078,0.7029576715669058
2013-05-21,178,1,611.3,500.0,24,106.328125,1,1,1,pass,0.8,1.0500009810293245,0.9421454325358504,0.6093362482418152
2013-05-21,178,2,611.3,500.0,24,124.921875,1,1,1,pass,0.8,1.0500009764216105,0.99358705249403,0.648318906978942
2013-05-21,178,3,611.3,500.0,24,118.359375,1,1,1,pass,0.8,1.050000947587025,0.9970511357700462,0.6209510270197648
2013-05-21,178,4,611.3,500.0,24,95.703125,1,1,1,pass,0.8,1.0500007740402475,0.9399598609130017,0.5827723224927593
2013-05-21,178,5,611.3,500.0,24,110.46875,1,1,1,pass,0.8,1.0500005927402534,0.9999610862302556,0.6363798159274874
2013-05-21,178,6,611.3,500.0,24,134.375,1,1,1,pass,0.8,1.0500008179021925,0.9999866050716084,0.634433936709736
2013-05-21,178,7,611.3,500.0,24,139.375,1,1,1,pass,0.8,1.0500007581260298,0.9999699852830116,0.6314064410622818
2013-05-21,178,8,611.3,500.0,24,112.03125,1,1,1,pass,0.8,1.0500003360408796,0.91156704828084,0.58307990129732
2013-05-21,178,9,611.3,500.0,24,135.15625,1,1,1,pass,0.8,1.0500008498023097,0.9999880911231316,0.6401341254349356
2013-05-22,179,0,611.3,500.0,24,142.5,1,1,1,pass,0.8,1.0500008434560402,0.9999565970272036,0.7048647002041881
2013-05-22,179,1,611.3,500.0,24,142.5,1,1,1,pass,0.8,1.0500004649888734,0.9454532037043006,0.6659394841680109
2013-05-22,179,2,611.3,500.0,24,142.5,1,1,1,pass,0.8,1.0500008904630274,0.9999399890130312,0.6279967062850884
2013-05-22,179,3,611.3,500.0,24,142.5,1,1,1,pass,0.8,1.049999558687155,0.999961507492818,0.6636620413189217
2013-05-22,179,4,611.3,500.0,24,142.5,1,1,1,pass,0.8,1.0500008223193515,0.9999241834916068,0.6088045005424917
2013-05-22,179,5,611.3,500.0,24,142.5,1,1,1,pass,0.8,1.0500001116035569,0.9999648849645968,0.6390197927450193
2013-05-22,179,6,611.3,500.0,24,142.5,1,1,1,pass,0.8,1.0500008466797712,0.9999868681168996,0.6842721496313999
2013-05-22,179,7,611.3,500.0,24,142.5,1,1,1,pass,0.8,1.0500002359323568,0.9999993845500617,0.6793617257705022
2013-05-22,179,8,611.3,500.0,24,142.5,1,1,1,pass,0.8,1.050000956564339,0.9376307941902936,0.620423920791313
2013-05-22,179,9,611.3,500.0,24,142.5,1,1,1,pass,0.8,1.0500001519726925,0.9999915933908722,0.6782624871108662
2013-05-23,180,0,611.3,500.0,24,142.5,1,1,1,pass,0.8,1.0500007435025518,0.9999584546226512,0.7076866716213257
2013-05-23,180,1,611.3,500.0,24,142.5,1,1,1,pass,0.8,1.0500007409148746,0.9944174495650118,0.6241558649723251
2013-05-23,180,2,611.3,500.0,24,142.5,1,1,1,pass,0.8,1.0500005192891793,0.936332018650036,0.648387670617917
2013-05-23,180,3,611.3,500.0,24,142.5,1,1,1,pass,0.8,1.0500009341957457,0.9775303820768666,0.6435349986309714
2013-05-23,180,4,611.3,500.0,24,142.5,1,1,1,pass,0.8,1.050000114819139,0.9999458855835336,0.608817713360221
2013-05-23,180,5,611.3,500.0,24,142.5,1,1,1,pass,0.8,1.0500002446024084,0.9999156223400808,0.6425114472848926
2013-05-23,180,6,611.3,500.0,24,142.5,1,1,1,pass,0.8,1.050000633461477,0.9999369562696974,0.6296773487629651
2013-05-23,180,7,611.3,500.0,24,142.5,1,1,1,pass,0.8,1.050000771262963,0.9999743344664522,0.6466702182457426
2013-05-23,180,8,611.3,500.0,24,142.5,1,1,1,pass,0.8,1.0500005936995231,0.9117210051309272,0.6009298263617872
2013-05-23,180,9,611.3,500.0,24,142.5,1,1,1,pass,0.8,1.0499996318956415,0.9999979679580188,0.6231414082257323
2013-05-24,181,0,611.3,500.0,24,142.5,1,1,1,pass,0.8,1.0500002943412483,0.9999814224023998,0.7278516194477123
2013-05-24,181,1,611.3,500.0,24,142.5,1,1,1,pass,0.8,1.050000742394959,0.9145038129791102,0.6376943914921155
2013-05-24,181,2,611.3,500.0,24,142.5,1,1,1,pass,0.8,1.0500005845546376,0.9620978776527096,0.664843284349625
2013-05-24,181,3,611.3,500.0,24,142.5,1,1,1,pass,0.8,1.0500006512401792,0.9942521748159112,0.6352495648909084
2013-05-24,181,4,611.3,500.0,24,142.5,1,1,1,pass,0.8,1.050000572074125,0.938638775718714,0.6029302597365772
2013-05-24,181,5,611.3,500.0,24,142.5,1,1,1,pass,0.8,1.0500008144973196,0.9999788799978108,0.6778248016545533
2013-05-24,181,6,611.3,500.0,24,142.5,1,1,1,pass,0.8,1.0500008879597555,0.9999917520672464,0.6212238862770362
2013-05-24,181,7,611.3,500.0,24,142.5,1,1,1,pass,0.8,1.0500008618024133,0.9999445297493174,0.6549964088940197
2013-05-24,181,8,611.3,500.0,24,142.5,1,1,1,pass,0.8,1.0500009721162495,0.9999578448992144,0.6181261860522288
2013-05-24,181,9,611.3,500.0,24,142.5,1,1,1,pass,0.8,1.0500001480698606,0.99991948513407,0.6760580693638079
2013-05-25,182,0,611.3,500.0,24,112.265625,1,1,1,pass,0.8,1.0500004066221804,1.0000009087570323,0.7258151047645516
2013-05-25,182,1,611.3,500.0,24,142.5,1,1,1,pass,0.8,1.0500007915174467,0.937350842536024,0.5959652769745447
2013-05-25,182,2,611.3,500.0,24,128.046875,1,1,1,pass,0.8,1.0500007304745869,0.9999613782184124,0.6088271462608758
2013-05-25,182,3,611.3,500.0,24,142.5,1,1,1,pass,0.8,1.0500006336161476,0.9808550343551412,0.6148115193201155
2013-05-25,182,4,611.3,500.0,24,142.5,1,1,1,pass,0.8,1.0500006666600536,0.8812098236577746,0.6102972578007188
2013-05-25,182,5,611.3,500.0,24,135.78125,1,1,1,pass,0.8,1.050000708255607,0.9949294708139488,0.6899991961186207
2013-05-25,182,6,611.3,500.0,24,132.8125,1,1,1,pass,0.8,1.050000797966966,0.9999858964499716,0.6332883970314409
2013-05-25,182,7,611.3,500.0,24,142.5,1,1,1,pass,0.8,1.050000844241601,0.999951142385639,0.6416879118092083
2013-05-25,182,8,611.3,500.0,24,137.890625,1,1,1,pass,0.8,1.0500009475931926,0.9999358779538728,0.6150130612356725
2013-05-25,182,9,611.3,500.0,24,142.5,1,1,1,pass,0.8,1.0500008826366027,0.999982361195218,0.7035266462955283
2013-05-26,183,0,611.3,500.0,24,136.796875,1,1,1,pass,0.8,1.0500007993806046,0.9999944973604172,0.7438174240981417
2013-05-26,183,1,611.3,500.0,24,142.5,1,1,1,pass,0.8,1.050000723853496,0.9606734720235944,0.6332101299306501
2013-05-26,183,2,611.3,500.0,24,142.5,1,1,1,pass,0.8,1.0500006681451026,0.9999659427076204,0.6088299243550057
2013-05-26,183,3,611.3,500.0,24,142.5,1,1,1,pass,0.8,1.0500008525668654,0.9999879432036852,0.626718869980769
2013-05-26,183,4,611.3,500.0,24,141.171875,1,1,1,pass,0.8,1.050000619975175,0.9361891711223622,0.6152582057851106
2013-05-26,183,5,611.3,500.0,24,116.71875,1,1,1,pass,0.8,1.050000811636604,0.9999410084277384,0.6404767321620136
2013-05-26,183,6,611.3,500.0,24,132.421875,1,1,1,pass,0.8,1.0500007163142724,0.9736711530990044,0.6369407591504683
2013-05-26,183,7,611.3,500.0,24,142.5,1,1,1,pass,0.8,1.0500009158272692,0.9999389439309296,0.6648105572111151
2013-05-26,183,8,611.3,500.0,24,142.5,1,1,1,pass,0.8,1.0500001897443136,0.9859000151405638,0.6208831294308855
2013-05-26,183,9,611.3,500.0,24,142.5,1,1,1,pass,0.8,1.0500003102479378,0.9999744548640572,0.6242824947684639
2013-05-27,184,0,611.3,500.0,24,142.5,1,1,1,pass,0.8,1.050000997568909,0.9999673513616728,0.7002474064299847
2013-05-27,184,1,611.3,500.0,24,142.5,1,1,1,pass,0.8,1.0500009254663902,0.9907200892649836,0.6188160795713643
2013-05-27,184,2,611.3,500.0,24,142.5,1,1,1,pass,0.8,1.0500008378852763,0.9332031441536344,0.627885846096748
2013-05-27,184,3,611.3,500.0,24,133.046875,1,1,1,pass,0.8,1.050000548466737,0.9999719426407808,0.6428478155780231
2013-05-27,184,4,611.3,500.0,24,121.640625,1,1,1,pass,0.8,1.050000906598905,0.977146760087883,0.6093145789722547
2013-05-27,184,5,611.3,500.0,24,140.859375,1,1,1,pass,0.8,1.0500009653001356,0.9999730013356533,0.6509305651742128
2013-05-27,184,6,611.3,500.0,24,142.5,1,1,1,pass,0.8,1.0500008566714762,0.9999702690485814,0.6883617865465739
2013-05-27,184,7,611.3,500.0,24,142.5,1,1,1,pass,0.8,1.050000794662988,0.9999769654705584,0.6620250205858919
2013-05-27,184,8,611.3,500.0,24,142.5,1,1,1,pass,0.8,1.050000487983027,0.9804893755576596,0.6292483608352529
2013-05-27,184,9,611.3,500.0,24,142.5,1,1,1,pass,0.8,1.0500009565184218,0.9999827172890022,0.6320861043551443
2013-05-28,185,0,611.3,500.0,24,142.5,1,1,1,pass,0.8,1.0500005261759606,0.999956306481384,0.708250324336272
2013-05-28,185,1,611.3,500.0,24,142.5,1,1,1,pass,0.8,1.0500009480320185,0.9298354304588916,0.6002030533750139
2013-05-28,185,2,611.3,500.0,24,138.4375,1,1,1,pass,0.8,1.0500009756259332,0.9999287629360104,0.6118065038399222
2013-05-28,185,3,611.3,500.0,24,142.5,1,1,1,pass,0.8,1.0500003846949169,0.9574704955037484,0.6651568255293442
2013-05-28,185,4,611.3,500.0,24,135.3125,1,1,1,pass,0.8,1.05000091935394,0.9266146720673348,0.5914904030489077
2013-05-28,185,5,611.3,500.0,24,116.71875,1,1,1,pass,0.8,1.05000083624023,0.9999981046574686,0.6734911373144893
2013-05-28,185,6,611.3,500.0,24,142.5,1,1,1,pass,0.8,1.050000689889629,0.9999868776695928,0.6399296549352751
2013-05-28,185,7,611.3,500.0,24,142.5,1,1,1,pass,0.8,1.0500007309478778,0.999944284135374,0.6436443767355908
2013-05-28,185,8,611.3,500.0,24,142.5,1,1,1,pass,0.8,1.0500009179717178,0.9999272390356444,0.6088063608559747
2013-05-28,185,9,611.3,500.0,24,142.5,1,1,1,pass,0.8,1.0500007420295978,0.9999987972571316,0.6489098811786427
2013-05-29,186,0,611.3,500.0,24,107.1875,1,1,1,pass,0.8,1.0500007988963225,0.9999172854671312,0.668790595207196
2013-05-29,186,1,611.3,500.0,24,117.734375,1,1,1,pass,0.8,1.0500007239521905,0.9929720531361746,0.6063011157899567
2013-05-29,186,2,611.3,500.0,24,121.953125,1,1,1,pass,0.8,1.0500006345148445,0.9999409931587376,0.60881473417807
2013-05-29,186,3,611.3,500.0,24,111.484375,1,1,1,pass,0.8,1.0500009551114229,0.999971536767995,0.6275895632354945
2013-05-29,186,4,611.3,500.0,24,106.40625,1,1,1,pass,0.8,1.0500004390548805,0.9686872731531272,0.5909170982844794
2013-05-29,186,5,611.3,500.0,24,122.734375,1,1,1,pass,0.8,1.0500008068373798,0.9999371702295352,0.669675275464957
2013-05-29,186,6,611.3,500.0,24,119.765625,1,1,1,pass,0.8,1.0500007681009198,0.9999382079472764,0.6237421522003647
2013-05-29,186,7,611.3,500.0,24,142.5,1,1,1,pass,0.8,1.050000729591646,0.9999695760912134,0.6317105339882689
2013-05-29,186,8,611.3,500.0,24,121.5625,1,1,1,pass,0.8,1.0500009309961102,0.9864475185343214,0.6028454574571165
2013-05-29,186,9,611.3,500.0,24,136.5625,1,1,1,pass,0.8,1.0500008473514642,0.9999847208232282,0.6349661490613736
2013-05-30,187,0,611.3,500.0,24,106.796875,1,1,1,pass,0.8,1.0500005128538852,0.9999914113778804,0.664544523442338
2013-05-30,187,1,611.3,500.0,24,121.09375,1,1,1,pass,0.8,1.0500007186944995,0.9531545686395516,0.6116162446354676
2013-05-30,187,2,611.3,500.0,24,115.390625,1,1,1,pass,0.8,1.0500007683331825,0.9278603543064328,0.5973282600877104
2013-05-30,187,3,611.3,500.0,24,122.03125,1,1,1,pass,0.8,1.050000884795049,0.999974096076131,0.6112794994147379
2013-05-30,187,4,611.3,500.0,24,103.59375,1,1,1,pass,0.8,1.0500005167009028,0.9423361608516052,0.58056536092327
2013-05-30,187,5,611.3,500.0,24,102.96875,1,1,1,pass,0.8,1.050000381914549,0.9999804592192884,0.6416193005738349
2013-05-30,187,6,611.3,500.0,24,119.375,1,1,1,pass,0.8,1.050000391551189,0.9999846448852588,0.628899563014467
2013-05-30,187,7,611.3,500.0,24,132.890625,1,1,1,pass,0.8,1.05000012250438,0.999990525690392,0.6321528716431171
2013-05-30,187,8,611.3,500.0,24,113.828125,1,1,1,pass,0.8,1.050000891675462,0.9371371606227475,0.6004669290176495
2013-05-30,187,9,611.3,500.0,24,120.390625,1,1,1,pass,0.8,1.0500000487284022,0.9999258131851048,0.6088054926491065
2013-05-31,188,0,611.3,500.0,24,113.359375,1,1,1,pass,0.8,1.0500006333087866,0.9999309737287292,0.6732330447439244
2013-05-31,188,1,611.3,500.0,24,118.203125,1,1,1,pass,0.8,1.0500008330495942,0.9548404274352352,0.5977284763657268
2013-05-31,188,2,611.3,500.0,24,106.875,1,1,1,pass,0.8,1.0500001393501843,0.9501450361313571,0.5832142622571436
2013-05-31,188,3,611.3,500.0,24,105.15625,1,1,1,pass,0.8,1.0500000820201258,0.9999744696202596,0.608835117425378
2013-05-31,188,4,611.3,500.0,24,102.03125,1,1,1,pass,0.8,1.0500002472435546,0.9378186049401696,0.5709914873330237
2013-05-31,188,5,611.3,500.0,24,107.1875,1,1,1,pass,0.8,1.0500009309504632,0.9999241416053668,0.650484282298177
2013-05-31,188,6,611.3,500.0,24,123.984375,1,1,1,pass,0.8,1.0500007311083548,0.9999462553282864,0.6174299557052146
2013-05-31,188,7,611.3,500.0,24,130.15625,1,1,1,pass,0.8,1.0500009379340205,0.999996424109282,0.6514383847954134
2013-05-31,188,8,611.3,500.0,24,117.734375,1,1,1,pass,0.8,1.050000991346553,0.9999857284579096,0.6088419722696173
2013-05-31,188,9,611.3,500.0,24,114.375,1,1,1,pass,0.8,1.050000948886243,0.9999812211569284,0.6088392275221619
2013-06-01,189,0,611.3,500.0,24,142.5,1,1,1,pass,0.8,1.0500008291553486,0.9999794212419668,0.7028810236015323
2013-06-01,189,1,611.3,500.0,24,142.5,1,1,1,pass,0.8,1.050000666742896,0.9506694887354904,0.6376431552872505
2013-06-01,189,2,611.3,500.0,24,142.5,1,1,1,pass,0.8,1.0500008470887845,0.9418013473769667,0.5856629539983045
2013-06-01,189,3,611.3,500.0,24,142.5,1,1,1,pass,0.8,1.0500009472814549,0.9999551114907992,0.6513670304578131
2013-06-01,189,4,611.3,500.0,24,142.5,1,1,1,pass,0.8,1.0500009650615003,0.9888973208910696,0.602090789760222
2013-06-01,189,5,611.3,500.0,24,142.5,1,1,1,pass,0.8,1.0500009533582308,0.999948467836264,0.6328805898807031
2013-06-01,189,6,611.3,500.0,24,142.5,1,1,1,pass,0.8,1.0500008100778224,0.9937948461672108,0.6326615144152595
2013-06-01,189,7,611.3,500.0,24,142.5,1,1,1,pass,0.8,1.0500009198022071,0.9999767189410852,0.6404700007847492
2013-06-01,189,8,611.3,500.0,24,142.5,1,1,1,pass,0.8,1.0500008225010355,0.9724731656272726,0.5939240460228681
2013-06-01,189,9,611.3,500.0,24,142.5,1,1,1,pass,0.8,1.0500001647136508,0.999936032153542,0.6107986186163399
2013-06-02,190,0,611.3,500.0,24,142.5,1,1,1,pass,0.8,1.050000942786609,0.9999438314358126,0.7019669413390666
2013-06-02,190,1,611.3,500.0,24,142.5,1,1,1,pass,0.8,1.0500008103785556,0.9853499766119468,0.6511618359428851
2013-06-02,190,2,611.3,500.0,24,142.5,1,1,1,pass,0.8,1.0500000562146026,0.9999978192085252,0.6741294297660982
2013-06-02,190,3,611.3,500.0,24,142.5,1,1,1,pass,0.8,1.049999239586295,0.9999888381185832,0.7258155855094074
2013-06-02,190,4,611.3,500.0,24,133.515625,1,1,1,pass,0.8,1.0499997638137764,0.9795050215197016,0.6237828711519328
2013-06-02,190,5,611.3,500.0,24,142.5,1,1,1,pass,0.8,1.0500000969589496,1.0000001987952662,0.678382291143467
2013-06-02,190,6,611.3,500.0,24,136.71875,1,1,1,pass,0.8,1.05000025625938,0.9662870811547206,0.6791599790422359
2013-06-02,190,7,611.3,500.0,24,142.5,1,1,1,pass,0.8,1.0499999370987831,0.9999842417689424,0.7022498338385057
2013-06-02,190,8,611.3,500.0,24,142.5,1,1,1,pass,0.8,1.0500007712242203,0.9999604459643076,0.6602635253233876
2013-06-02,190,9,611.3,500.0,24,142.5,1,1,1,pass,0.8,1.050000721256081,0.9999863006605187,0.6505982351552302
2013-06-03,191,0,611.3,500.0,24,104.140625,1,1,1,pass,0.8,1.050000682524814,0.999988298270716,0.6965427458613641
2013-06-03,191,1,611.3,500.0,24,129.453125,1,1,1,pass,0.8,1.0500004613925809,0.9999712616563948,0.6330035374349886
2013-06-03,191,2,611.3,500.0,24,118.125,1,1,1,pass,0.8,1.0500008180879012,0.999965358978654,0.6690359267470272
2013-06-03,191,3,611.3,500.0,24,142.5,1,1,1,pass,0.8,1.050000927005995,0.974479942616806,0.6797840303101079
2013-06-03,191,4,611.3,500.0,24,131.953125,1,1,1,pass,0.8,1.0500009125518646,0.9999868727830612,0.61686101177812
2013-06-03,191,5,611.3,500.0,24,132.65625,1,1,1,pass,0.8,1.0500005671629005,0.9999793627980464,0.6874410828636219
2013-06-03,191,6,611.3,500.0,24,126.40625,1,1,1,pass,0.8,1.0500005636165444,0.999939029092841,0.652228484754512
2013-06-03,191,7,611.3,500.0,24,142.5,1,1,1,pass,0.8,1.0500009354246571,0.9999907502925122,0.6638525551536828
2013-06-03,191,8,611.3,500.0,24,138.515625,1,1,1,pass,0.8,1.050000901896131,0.9999590090534042,0.6498806240638004
2013-06-03,191,9,611.3,500.0,24,141.875,1,1,1,pass,0.8,1.0499998815173095,0.9999699481560224,0.6331804097444268
2013-06-04,192,0,611.3,500.0,24,103.671875,1,1,1,pass,0.8,1.050000199051118,0.9999897171972536,0.6955833604498406
2013-06-04,192,1,611.3,500.0,24,100.46875,1,1,1,pass,0.8,1.0500007395342303,0.9669375726473054,0.6464251708526491
2013-06-04,192,2,611.3,500.0,24,110.15625,1,1,1,pass,0.8,1.0500008710482789,0.9744771098728298,0.6466896763236711
2013-06-04,192,3,611.3,500.0,24,122.265625,1,1,1,pass,0.8,1.0500007125884987,0.999991193741544,0.6430458158653247
2013-06-04,192,4,611.3,500.0,24,142.5,1,1,1,pass,0.8,1.050000973405035,0.964629416673512,0.5951548538599188
2013-06-04,192,5,611.3,500.0,24,105.9375,1,1,1,pass,0.8,1.0500004735859565,0.9999776552936912,0.657266126118492
2013-06-04,192,6,611.3,500.0,24,106.09375,1,1,1,pass,0.8,1.050000822327727,0.9999614672199564,0.6595837898436615
2013-06-04,192,7,611.3,500.0,24,142.5,1,1,1,pass,0.8,1.0500007897940933,0.9999801863844042,0.6872531071337262
2013-06-04,192,8,611.3,500.0,24,120.390625,1,1,1,pass,0.8,1.0500009782110542,0.9976358747594932,0.6159856082993616
2013-06-04,192,9,611.3,500.0,24,124.140625,1,1,1,pass,0.8,1.050000594242965,0.9999525386908844,0.6353557221389172
2013-06-05,193,0,611.3,500.0,24,127.578125,1,1,1,pass,0.8,1.05000082090066,0.9999906679527766,0.6639588143255705
2013-06-05,193,1,611.3,500.0,24,127.734375,1,1,1,pass,0.8,1.0500009352787345,0.9858622347198714,0.6494597857679795
2013-06-05,193,2,611.3,500.0,24,128.28125,1,1,1,pass,0.8,1.050000785217993,0.9999966945884804,0.6232617549000907
2013-06-05,193,3,611.3,500.0,24,142.5,1,1,1,pass,0.8,1.0500003641011244,0.9830550023251828,0.6813751032204504
2013-06-05,193,4,611.3,500.0,24,117.96875,1,1,1,pass,0.8,1.05000090470194,0.9292093280256668,0.6053132337819187
2013-06-05,193,5,611.3,500.0,24,132.96875,1,1,1,pass,0.8,1.0500000317905702,0.9999725778112932,0.6623957045009798
2013-06-05,193,6,611.3,500.0,24,139.21875,1,1,1,pass,0.8,1.0500008349307983,0.9999807343247952,0.6461926439221055
2013-06-05,193,7,611.3,500.0,24,142.5,1,1,1,pass,0.8,1.050000864883149,0.9999644472228804,0.6520574517516717
2013-06-05,193,8,611.3,500.0,24,138.984375,1,1,1,pass,0.8,1.050000877365728,0.9999583610820996,0.628740136111437
2013-06-05,193,9,611.3,500.0,24,142.5,1,1,1,pass,0.8,1.05000061884081,0.9999978362192768,0.637242638652942
2013-06-06,194,0,611.3,500.0,24,142.5,1,1,1,pass,0.8,1.0500005939750776,0.9999930120018184,0.6592442670119283
2013-06-06,194,1,611.3,500.0,24,138.90625,1,1,1,pass,0.8,1.0500005800054617,0.9816769641338814,0.6574890710024417
2013-06-06,194,2,611.3,500.0,24,142.5,1,1,1,pass,0.8,1.050000918223217,0.9999452691313864,0.6195286686824177
2013-06-06,194,3,611.3,500.0,24,142.5,1,1,1,pass,0.8,1.050000870429443,0.9791702028227351,0.6632552134466496
2013-06-06,194,4,611.3,500.0,24,142.5,1,1,1,pass,0.8,1.0500008832610743,0.9283800429118804,0.5916564525866101
2013-06-06,194,5,611.3,500.0,24,139.6875,1,1,1,pass,0.8,1.0500004291500722,0.9999340556439044,0.6776167960399238
2013-06-06,194,6,611.3,500.0,24,141.09375,1,1,1,pass,0.8,1.050000773784861,0.9999565986175558,0.6355055729409775
2013-06-06,194,7,611.3,500.0,24,142.5,1,1,1,pass,0.8,1.050000451361811,0.999985549559991,0.6665879189769961
2013-06-06,194,8,611.3,500.0,24,142.5,1,1,1,pass,0.8,1.0500005771788736,0.9740038677269548,0.619764703705823
2013-06-06,194,9,611.3,500.0,24,142.5,1,1,1,pass,0.8,1.0499994676331117,0.9999759222925626,0.62655755350038
2013-06-07,195,0,611.3,500.0,24,142.5,1,1,1,pass,0.8,1.0500006529053485,0.9999951913248932,0.6926716413262185
2013-06-07,195,1,611.3,500.0,24,142.5,1,1,1,pass,0.8,1.050000807867664,0.9087602066487028,0.6162805009087751
2013-06-07,195,2,611.3,500.0,24,142.5,1,1,1,pass,0.8,1.0500007320619589,0.9999637362119898,0.608828581751041
2013-06-07,195,3,611.3,500.0,24,142.5,1,1,1,pass,0.8,1.050000931812606,0.9661265338676488,0.6043967035457405
2013-06-07,195,4,611.3,500.0,24,142.5,1,1,1,pass,0.8,1.0500007733959589,0.964115707671441,0.5967756644428265
2013-06-07,195,5,611.3,500.0,24,135.9375,1,1,1,pass,0.8,1.0500008616155636,0.999977042325457,0.6641420091653528
2013-06-07,195,6,611.3,500.0,24,142.5,1,1,1,pass,0.8,1.0500007338012702,0.999961485784765,0.6179905736080432
2013-06-07,195,7,611.3,500.0,24,142.5,1,1,1,pass,0.8,1.0500007196348051,0.9999666835050256,0.6616826871391452
2013-06-07,195,8,611.3,500.0,24,141.796875,1,1,1,pass,0.8,1.0500009389039175,0.9999678668477324,0.6088310971728054
2013-06-07,195,9,611.3,500.0,24,142.5,1,1,1,pass,0.8,1.0500008600107402,0.9999748555784108,0.6256501329067817
2013-06-08,196,0,611.3,500.0,24,132.5,1,1,1,pass,0.8,1.0500004643242378,0.9999470007367822,0.7072782745050065
2013-06-08,196,1,611.3,500.0,24,135.46875,1,1,1,pass,0.8,1.050000781062412,0.9576449717742034,0.6699599460653014
2013-06-08,196,2,611.3,500.0,24,142.5,1,1,1,pass,0.8,1.0500003012876216,0.9999957494493188,0.6318655375037859
2013-06-08,196,3,611.3,500.0,24,142.1875,1,1,1,pass,0.8,1.0500007580702462,0.882314599829072,0.612527065557202
2013-06-08,196,4,611.3,500.0,24,142.5,1,1,1,pass,0.8,1.050000561935117,0.967145477340597,0.5944201174017608
2013-06-08,196,5,611.3,500.0,24,131.640625,1,1,1,pass,0.8,1.050000783437658,0.9999836560236248,0.6636105001327112
2013-06-08,196,6,611.3,500.0,24,136.71875,1,1,1,pass,0.8,1.0500006841409255,0.999992181986944,0.6385589703200459
2013-06-08,196,7,611.3,500.0,24,142.5,1,1,1,pass,0.8,1.0500009634571366,0.9999502268574112,0.6596475015783205
2013-06-08,196,8,611.3,500.0,24,139.296875,1,1,1,pass,0.8,1.0500009390932086,0.9999410490831389,0.6231671023315251
2013-06-08,196,9,611.3,500.0,24,142.5,1,1,1,pass,0.8,1.0500009267827035,0.9999739910546748,0.6526389161234919
2013-06-09,197,0,611.3,500.0,24,142.5,1,1,1,pass,0.8,1.0500008938758922,0.999985930651202,0.7010183523672984
2013-06-09,197,1,611.3,500.0,24,136.640625,1,1,1,pass,0.8,1.050000714503293,0.9780268900689206,0.6314886763169444
2013-06-09,197,2,611.3,500.0,24,142.5,1,1,1,pass,0.8,1.0500009501928431,0.9333526665794892,0.6245012551578862
2013-06-09,197,3,611.3,500.0,24,142.5,1,1,1,pass,0.8,1.0500005906995489,0.9999865937529726,0.6197292626572728
2013-06-09,197,4,611.3,500.0,24,142.5,1,1,1,pass,0.8,1.050000840026395,0.9992502959210858,0.608394203929637
2013-06-09,197,5,611.3,500.0,24,141.40625,1,1,1,pass,0.8,1.0500008999140094,0.99991697796801,0.6868329322912882
2013-06-09,197,6,611.3,500.0,24,142.5,1,1,1,pass,0.8,1.0500008267468683,0.9999952263902664,0.6091357654341858
2013-06-09,197,7,611.3,500.0,24,142.5,1,1,1,pass,0.8,1.0500007431104994,0.99999910734531,0.70091309490139
2013-06-09,197,8,611.3,500.0,24,142.5,1,1,1,pass,0.8,1.0500003653883851,0.9837811486546936,0.6015669976442259
2013-06-09,197,9,611.3,500.0,24,142.5,1,1,1,pass,0.8,1.050000032228943,0.999999038640594,0.6237496134639092
2013-06-10,198,0,611.3,500.0,24,142.5,1,1,1,pass,0.8,1.049999889799869,0.9999709878883613,0.7044148132872915
2013-06-10,198,1,611.3,500.0,24,142.5,1,1,1,pass,0.8,1.05000084703924,0.9607501819888092,0.672021094545751
2013-06-10,198,2,611.3,500.0,24,142.5,1,1,1,pass,0.8,1.05000038610078,0.9999837881093704,0.6356846826702641
2013-06-10,198,3,611.3,500.0,24,142.5,1,1,1,pass,0.8,1.0500009950027374,0.999931153759815,0.6452655832797681
2013-06-10,198,4,611.3,500.0,24,142.5,1,1,1,pass,0.8,1.0500009004174289,0.9888758900038122,0.653566252495338
2013-06-10,198,5,611.3,500.0,24,139.21875,1,1,1,pass,0.8,1.0500005254543372,0.9999565733914904,0.6613092854275846
2013-06-10,198,6,611.3,500.0,24,142.5,1,1,1,pass,0.8,1.0500004143869408,0.9632687199782964,0.6180488884579732
2013-06-10,198,7,611.3,500.0,24,142.5,1,1,1,pass,0.8,1.0500005381209956,0.9999735356605562,0.6865633367806647
2013-06-10,198,8,611.3,500.0,24,142.5,1,1,1,pass,0.8,1.0500009660094942,0.9757002334976316,0.635702566377563
2013-06-10,198,9,611.3,500.0,24,142.5,1,1,1,pass,0.8,1.050000861552129,0.9999539873033566,0.6410193720975906
2013-06-11,199,0,611.3,500.0,24,115.3125,1,1,1,pass,0.8,1.0499998347959367,0.999964769186882,0.7090666777839082
2013-06-11,199,1,611.3,500.0,24,111.40625,1,1,1,pass,0.8,1.0500008214658487,0.9909537675415134,0.6531696434115164
2013-06-11,199,2,611.3,500.0,24,114.609375,1,1,1,pass,0.8,1.050000997250504,0.9924606399884282,0.6220905215378056
2013-06-11,199,3,611.3,500.0,24,109.765625,1,1,1,pass,0.8,1.0500005098654026,0.9285844468621336,0.6571696710929937
2013-06-11,199,4,611.3,500.0,24,120.234375,1,1,1,pass,0.8,1.0500008933048135,0.949984521524737,0.5913158341056065
2013-06-11,199,5,611.3,500.0,24,103.828125,1,1,1,pass,0.8,1.0500003535141826,0.9999861460315392,0.6761109980077824
2013-06-11,199,6,611.3,500.0,24,126.953125,1,1,1,pass,0.8,1.0500009637753145,0.999939298006792,0.6336536502282439
2013-06-11,199,7,611.3,500.0,24,126.328125,1,1,1,pass,0.8,1.0500007036699557,0.9999596756521464,0.6568638959541124
2013-06-11,199,8,611.3,500.0,24,119.765625,1,1,1,pass,0.8,1.0500009283830127,0.9879229228893956,0.626430189346552
2013-06-11,199,9,611.3,500.0,24,133.359375,1,1,1,pass,0.8,1.0500005935287862,0.999936765930078,0.6422420069895676
2013-06-12,200,0,611.3,500.0,24,142.5,1,1,1,pass,0.8,1.0500009746749717,0.9999867711826066,0.6872390940853402
2013-06-12,200,1,611.3,500.0,24,142.5,1,1,1,pass,0.8,1.0500004068688262,0.9870351227677764,0.6664589727906745
2013-06-12,200,2,611.3,500.0,24,142.5,1,1,1,pass,0.8,1.050000707777088,0.9999956602459004,0.6603633756139022
2013-06-12,200,3,611.3,500.0,24,142.5,1,1,1,pass,0.8,1.0500006931993404,0.999997810413835,0.7024693625160965
2013-06-12,200,4,611.3,500.0,24,142.5,1,1,1,pass,0.8,1.050000549769181,0.9999982502193928,0.6088495950208332
2013-06-12,200,5,611.3,500.0,24,142.5,1,1,1,pass,0.8,1.0500004873652975,0.9999682321898428,0.6367592881402624
2013-06-12,200,6,611.3,500.0,24,141.25,1,1,1,pass,0.8,1.0500007375344116,0.9999710573612136,0.6432438534158271
2013-06-12,200,7,611.3,500.0,24,142.5,1,1,1,pass,0.8,1.050000615600202,0.9999796614259296,0.6685786969821575
2013-06-12,200,8,611.3,500.0,24,142.5,1,1,1,pass,0.8,1.0500008059505082,0.9999512817299896,0.6627498803539107
2013-06-12,200,9,611.3,500.0,24,142.5,1,1,1,pass,0.8,1.0500009580473542,0.9999874739477478,0.6561614436510425
2013-06-13,201,0,611.3,500.0,24,121.015625,1,1,1,pass,0.8,1.0500003110052505,0.9999958298138968,0.6963408321691096
2013-06-13,201,1,611.3,500.0,24,118.671875,1,1,1,pass,0.8,1.0500004182653184,0.9999650293657062,0.6218710820507913
2013-06-13,201,2,611.3,500.0,24,140.703125,1,1,1,pass,0.8,1.0500008555565337,0.9676586936814536,0.6182699457724992
2013-06-13,201,3,611.3,500.0,24,116.484375,1,1,1,pass,0.8,1.050000483477765,0.9999162212382262,0.6583715507987399
2013-06-13,201,4,611.3,500.0,24,118.203125,1,1,1,pass,0.8,1.0500001491520374,0.9999749120379712,0.608835385083496
2013-06-13,201,5,611.3,500.0,24,127.65625,1,1,1,pass,0.8,1.0500009396471708,0.9999744079482792,0.6539242031124469
2013-06-13,201,6,611.3,500.0,24,123.828125,1,1,1,pass,0.8,1.0500009983969216,1.0000005462950825,0.6205236429462988
2013-06-13,201,7,611.3,500.0,24,119.6875,1,1,1,pass,0.8,1.0500001769091722,0.9999386068086508,0.66719808932896
2013-06-13,201,8,611.3,500.0,24,119.140625,1,1,1,pass,0.8,1.0500005044997822,0.9999844880895394,0.6333758113902621
2013-06-13,201,9,611.3,500.0,24,129.453125,1,1,1,pass,0.8,1.0500006563032118,0.9999921640119388,0.6383858682122732
2013-06-14,202,0,611.3,500.0,24,103.671875,1,1,1,pass,0.8,1.049999724598239,0.9999779330225808,0.7056002818580092
2013-06-14,202,1,611.3,500.0,24,129.140625,1,1,1,pass,0.8,1.0500006091067822,0.9755117325766572,0.6232072343851595
2013-06-14,202,2,611.3,500.0,24,136.875,1,1,1,pass,0.8,1.050000640894474,0.9968815395149914,0.6512558180708767
2013-06-14,202,3,611.3,500.0,24,117.890625,1,1,1,pass,0.8,1.050000932448509,0.9833609877841972,0.6470762777789578
2013-06-14,202,4,611.3,500.0,24,135.078125,1,1,1,pass,0.8,1.050000335588379,0.9969998629185892,0.6286754312626657
2013-06-14,202,5,611.3,500.0,24,137.8125,1,1,1,pass,0.8,1.050000375691834,0.9999797427280191,0.6490573630210008
2013-06-14,202,6,611.3,500.0,24,127.03125,1,1,1,pass,0.8,1.0500009426612928,0.9935277961632552,0.6294187386254072
2013-06-14,202,7,611.3,500.0,24,142.5,1,1,1,pass,0.8,1.0500007482151528,0.9999602450427738,0.6763246478919521
2013-06-14,202,8,611.3,500.0,24,124.765625,1,1,1,pass,0.8,1.0500002497579226,0.9729999385527942,0.6173730629735621
2013-06-14,202,9,611.3,500.0,24,142.5,1,1,1,pass,0.8,1.0500006240686286,0.9999777765073392,0.6313591800597694
2013-06-15,203,0,611.3,500.0,24,142.5,1,1,1,pass,0.8,1.050000379319848,0.9999864155830112,0.7123608673109598
2013-06-15,203,1,611.3,500.0,24,142.5,1,1,1,pass,0.8,1.0500005733708022,0.9929131174468192,0.6422749126324862
2013-06-15,203,2,611.3,500.0,24,142.5,1,1,1,pass,0.8,1.0499998026398782,0.9999762105031724,0.6225056051368003
2013-06-15,203,3,611.3,500.0,24,142.5,1,1,1,pass,0.8,1.050000034276007,0.99992329682701,0.6674341629705473
2013-06-15,203,4,611.3,500.0,24,142.5,1,1,1,pass,0.8,1.050000992344979,0.9857898308202188,0.6016826832746445
2013-06-15,203,5,611.3,500.0,24,142.5,1,1,1,pass,0.8,1.0500003118623336,0.9999261050820212,0.6442351033372299
2013-06-15,203,6,611.3,500.0,24,142.5,1,1,1,pass,0.8,1.0500002081084994,0.9999606144299358,0.6552202647249354
2013-06-15,203,7,611.3,500.0,24,142.5,1,1,1,pass,0.8,1.050000667019999,0.9999996249307463,0.6813137495856755
2013-06-15,203,8,611.3,500.0,24,142.5,1,1,1,pass,0.8,1.050000686611568,0.9991438234773606,0.6244259203372858
2013-06-15,203,9,611.3,500.0,24,142.5,1,1,1,pass,0.8,1.050000816600507,0.999954042339426,0.6660077152101235
2013-06-16,204,0,611.3,500.0,24,137.8125,1,1,1,pass,0.8,1.0500005790738074,0.9999996913104152,0.6998302943503427
2013-06-16,204,1,611.3,500.0,24,139.0625,1,1,1,pass,0.8,1.0500009158802648,0.974949941157328,0.6684442378437166
2013-06-16,204,2,611.3,500.0,24,142.5,1,1,1,pass,0.8,1.0499999530287072,0.9999296969968122,0.6780818762692296
2013-06-16,204,3,611.3,500.0,24,142.5,1,1,1,pass,0.8,1.0500008435416066,0.9999284321955488,0.7093269746115969
2013-06-16,204,4,611.3,500.0,24,142.5,1,1,1,pass,0.8,1.0500006095969292,0.8907106349568727,0.6267364547193367
2013-06-16,204,5,611.3,500.0,24,130.0,1,1,1,pass,0.8,1.050000945941984,0.9999235848704936,0.6469287429621056
2013-06-16,204,6,611.3,500.0,24,141.796875,1,1,1,pass,0.8,1.050000696924989,0.97470612003188,0.6696400037380257
2013-06-16,204,7,611.3,500.0,24,142.5,1,1,1,pass,0.8,1.0500008318768126,0.9999609779950764,0.6685694398251284
2013-06-16,204,8,611.3,500.0,24,142.5,1,1,1,pass,0.8,1.0500004945312458,0.9780216269589675,0.6636091456814225
2013-06-16,204,9,611.3,500.0,24,142.5,1,1,1,pass,0.8,1.0500003743068402,0.999961120804506,0.6717391805695452
2013-06-17,205,0,611.3,500.0,24,124.84375,1,1,1,pass,0.8,1.0500002271923217,0.9999699689717798,0.6819374346787636
2013-06-17,205,1,611.3,500.0,24,142.5,1,1,1,pass,0.8,1.0500004586138143,0.9999768554806566,0.6682300744809702
2013-06-17,205,2,611.3,500.0,24,138.125,1,1,1,pass,0.8,1.0500008351397427,0.9999860894128676,0.6888680913256281
2013-06-17,205,3,611.3,500.0,24,142.5,1,1,1,pass,0.8,1.050000854690431,0.98791700520381,0.6787406777570326
2013-06-17,205,4,611.3,500.0,24,142.5,1,1,1,pass,0.8,1.0500008382877866,0.988531775674341,0.6244812609923223
2013-06-17,205,5,611.3,500.0,24,136.09375,1,1,1,pass,0.8,1.0500002327077027,0.9999786667407948,0.6568334687566175
2013-06-17,205,6,611.3,500.0,24,142.5,1,1,1,pass,0.8,1.0500005030804818,1.0000002139651731,0.6962032894126409
2013-06-17,205,7,611.3,500.0,24,142.5,1,1,1,pass,0.8,1.050000507531104,0.9999886423662214,0.7041040592156588
2013-06-17,205,8,611.3,500.0,24,131.40625,1,1,1,pass,0.8,1.0499996592941625,0.999935580586787,0.6680000683096023
2013-06-17,205,9,611.3,500.0,24,142.5,1,1,1,pass,0.8,1.0500008676254446,0.9999840612496136,0.6371377817872944
2013-06-18,206,0,611.3,500.0,24,113.984375,1,1,1,pass,0.8,1.050000302516119,0.9999548343420464,0.6891520403714602
2013-06-18,206,1,611.3,500.0,24,114.921875,1,1,1,pass,0.8,1.0500005158901533,0.9999480036424316,0.6737431206072139
2013-06-18,206,2,611.3,500.0,24,124.0625,1,1,1,pass,0.8,1.0500009849391776,0.9999874775182862,0.6933697593501974
2013-06-18,206,3,611.3,500.0,24,133.28125,1,1,1,pass,0.8,1.050000613683791,0.9934522607839454,0.7317753445298496
2013-06-18,206,4,611.3,500.0,24,117.421875,1,1,1,pass,0.8,1.0500008982635252,0.9788635648551968,0.6484698186750089
2013-06-18,206,5,611.3,500.0,24,92.03125,1,1,1,pass,0.8,1.0500009132678092,0.9999413748668424,0.6850228933948221
2013-06-18,206,6,611.3,500.0,24,121.5625,1,1,1,pass,0.8,1.0500001922804696,0.9999390944076424,0.6432785358356286
2013-06-18,206,7,611.3,500.0,24,142.5,1,1,1,pass,0.8,1.0500000069814155,0.9999901502975956,0.729940866631302
2013-06-18,206,8,611.3,500.0,24,119.0625,1,1,1,pass,0.8,1.0500008793402027,0.9999852652804044,0.6481497654414364
2013-06-18,206,9,611.3,500.0,24,142.5,1,1,1,pass,0.8,1.0500009169059683,0.9999915179514972,0.6462231032279954
2013-06-19,207,0,611.3,500.0,24,142.5,1,1,1,pass,0.8,1.0499998901761585,0.9999998201070732,0.7018772210267779
2013-06-19,207,1,611.3,500.0,24,142.5,1,1,1,pass,0.8,1.0500002930572128,0.9999171399359964,0.681640752313609
2013-06-19,207,2,611.3,500.0,24,142.5,1,1,1,pass,0.8,1.0500005473151748,0.9999883231004224,0.6690292221822871
2013-06-19,207,3,611.3,500.0,24,142.5,1,1,1,pass,0.8,1.050000602251903,0.9999678617183676,0.708751784295911
2013-06-19,207,4,611.3,500.0,24,142.5,1,1,1,pass,0.8,1.0500001423910794,0.9999310719848138,0.634596110002681
2013-06-19,207,5,611.3,500.0,24,142.5,1,1,1,pass,0.8,1.0500006317981987,0.999992716173458,0.660007205030775
2013-06-19,207,6,611.3,500.0,24,138.28125,1,1,1,pass,0.8,1.0500007997409642,0.99997181009273,0.680678737490088
2013-06-19,207,7,611.3,500.0,24,142.5,1,1,1,pass,0.8,1.0499987777815571,0.9999842574689995,0.7436353658790085
2013-06-19,207,8,611.3,500.0,24,142.5,1,1,1,pass,0.8,1.0500001487348412,0.9999922961618404,0.6941146108586819
2013-06-19,207,9,611.3,500.0,24,142.5,1,1,1,pass,0.8,1.050000260471909,0.9999335597445352,0.6731060358480534
2013-06-20,208,0,611.3,500.0,24,142.5,1,1,1,pass,0.8,1.0500005408520323,0.9999992745137186,0.6977385988401316
2013-06-20,208,1,611.3,500.0,24,142.5,1,1,1,pass,0.8,1.050000887895307,0.999966230937384,0.6611098529954772
2013-06-20,208,2,611.3,500.0,24,142.5,1,1,1,pass,0.8,1.0500001689366312,0.9999635040557812,0.6730726146864382
2013-06-20,208,3,611.3,500.0,24,142.5,1,1,1,pass,0.8,1.050000628169043,0.9999334159223164,0.7290545400466797
2013-06-20,208,4,611.3,500.0,24,142.5,1,1,1,pass,0.8,1.050000874744847,0.9999947207687032,0.6358299823340444
2013-06-20,208,5,611.3,500.0,24,142.5,1,1,1,pass,0.8,1.0500009400226673,0.9999351558841846,0.6749772769420711
2013-06-20,208,6,611.3,500.0,24,142.5,1,1,1,pass,0.8,1.050000559729761,0.9999221450534584,0.6488714763763497
2013-06-20,208,7,611.3,500.0,24,142.5,1,1,1,pass,0.8,1.050000264992913,0.9999900299100986,0.7266464114583713
2013-06-20,208,8,611.3,500.0,24,142.5,1,1,1,pass,0.8,1.0500005429798307,0.9927422722575518,0.6835437426949745
2013-06-20,208,9,611.3,500.0,24,142.5,1,1,1,pass,0.8,1.050000983993136,1.000000089822976,0.6398650421056064
2013-06-21,209,0,611.3,500.0,24,138.203125,1,1,1,pass,0.8,1.0500004450328078,0.999950514125708,0.7268253041561811
2013-06-21,209,1,611.3,500.0,24,142.5,1,1,1,pass,0.8,1.050000936693701,0.9999942207062344,0.6756755266940639
2013-06-21,209,2,611.3,500.0,24,142.5,1,1,1,pass,0.8,1.0500009692587189,0.9999700975570804,0.6896275568884741
2013-06-21,209,3,611.3,500.0,24,142.5,1,1,1,pass,0.8,1.0500002593346252,0.9999429985529074,0.7005472603185454
2013-06-21,209,4,611.3,500.0,24,142.5,1,1,1,pass,0.8,1.0500000996158136,0.9999360378389888,0.6612562659623502
2013-06-21,209,5,611.3,500.0,24,142.5,1,1,1,pass,0.8,1.050000844846014,0.9999804260018282,0.6755786335003138
2013-06-21,209,6,611.3,500.0,24,142.5,1,1,1,pass,0.8,1.050000959953837,0.999938608236166,0.6984651815379278
2013-06-21,209,7,611.3,500.0,24,142.5,1,1,1,pass,0.8,1.050000252203331,0.9999487832807352,0.7180925346446025
2013-06-21,209,8,611.3,500.0,24,142.5,1,1,1,pass,0.8,1.0500007972473664,0.9999930745383148,0.6893694078776352
2013-06-21,209,9,611.3,500.0,24,142.5,1,1,1,pass,0.8,1.0500009966821475,0.9999940695706796,0.6336941776615967
2013-06-22,210,0,611.3,500.0,24,142.5,1,1,1,pass,0.8,1.0499999843903096,0.9999693253779705,0.7197412612956601
2013-06-22,210,1,611.3,500.0,24,142.5,1,1,1,pass,0.8,1.0500004607996778,0.9999879950160224,0.6868962370345676
2013-06-22,210,2,611.3,500.0,24,142.5,1,1,1,pass,0.8,1.0499988587917333,0.9999956602873876,0.7269521171771544
2013-06-22,210,3,611.3,500.0,24,142.5,1,1,1,pass,0.8,1.0500001071613905,0.9999730008893488,0.7096955738168879
2013-06-22,210,4,611.3,500.0,24,142.5,1,1,1,pass,0.8,1.0500007411339978,0.9464601240278796,0.6563430335945288
2013-06-22,210,5,611.3,500.0,24,142.5,1,1,1,pass,0.8,1.050000808371556,0.9999192848155296,0.6633945866003723
2013-06-22,210,6,611.3,500.0,24,142.5,1,1,1,pass,0.8,1.0500004198298176,0.9999849665106244,0.6366746416857156
2013-06-22,210,7,611.3,500.0,24,142.5,1,1,1,pass,0.8,1.0499992312274646,0.9999949081529084,0.7420160808582076
2013-06-22,210,8,611.3,500.0,24,142.5,1,1,1,pass,0.8,1.0500004132958818,0.9999910602943526,0.7304931174577898
2013-06-22,210,9,611.3,500.0,24,142.5,1,1,1,pass,0.8,1.049999896920338,0.9999894966379144,0.6972216068904387
2013-06-23,211,0,611.3,500.0,24,142.5,1,1,1,pass,0.8,1.0499997135352457,0.999994617593374,0.7108508619279962
2013-06-23,211,1,611.3,500.0,24,142.5,1,1,1,pass,0.8,1.0500008353632213,0.999971406025539,0.6984581225103147
2013-06-23,211,2,611.3,500.0,24,142.5,1,1,1,pass,0.8,1.0500009717389611,0.9999744805291156,0.7599280787716599
2013-06-23,211,3,611.3,500.0,24,142.5,1,1,1,pass,0.8,1.0499990418267884,1.0000000252529946,0.7087741071230842
2013-06-23,211,4,611.3,500.0,24,142.5,1,1,1,pass,0.8,1.050000834517018,0.9999922044303904,0.65090772206527
2013-06-23,211,5,611.3,500.0,24,142.5,1,1,1,pass,0.8,1.0499999360023462,0.9999580656358492,0.671329406077851
2013-06-23,211,6,611.3,500.0,24,142.5,1,1,1,pass,0.8,1.050000337279731,0.9999492458272156,0.6850274361704837
2013-06-23,211,7,611.3,500.0,24,142.5,1,1,1,pass,0.8,1.0499991266912574,0.9999747050751088,0.750916194488005
2013-06-23,211,8,611.3,500.0,24,142.5,1,1,1,pass,0.8,1.0499998686096232,0.9999742870880464,0.6984928727738875
2013-06-23,211,9,611.3,500.0,24,142.5,1,1,1,pass,0.8,1.0500002614509722,0.9999942915543026,0.6856433820043725
2013-06-24,212,0,611.3,500.0,24,134.21875,1,1,1,pass,0.8,1.0500008948844524,0.9999737064639076,0.6918574196790033
2013-06-24,212,1,611.3,500.0,24,142.5,1,1,1,pass,0.8,1.0500008637098863,0.9999640189242972,0.6611058656261047
2013-06-24,212,2,611.3,500.0,24,142.5,1,1,1,pass,0.8,1.0499997077262817,0.9999790847969392,0.7010715612647487
2013-06-24,212,3,611.3,500.0,24,142.5,1,1,1,pass,0.8,1.0499996287555269,0.9999873747361412,0.6984435109966524
2013-06-24,212,4,611.3,500.0,24,142.5,1,1,1,pass,0.8,1.0500004068188102,1.0000008235866646,0.666322644709405
2013-06-24,212,5,611.3,500.0,24,142.5,1,1,1,pass,0.8,1.0500009726857389,0.9999937939242596,0.669883060391768
2013-06-24,212,6,611.3,500.0,24,142.5,1,1,1,pass,0.8,1.0500002796935772,0.9999871488643116,0.6651664374804556
2013-06-24,212,7,611.3,500.0,24,142.5,1,1,1,pass,0.8,1.050000484401632,0.9999331993678336,0.7103131516362045
2013-06-24,212,8,611.3,500.0,24,142.5,1,1,1,pass,0.8,1.0500009637989471,0.999957951136886,0.6702868087219755
2013-06-24,212,9,611.3,500.0,24,142.5,1,1,1,pass,0.8,1.0500006431652762,0.9999749175453384,0.6700963972143064
2013-06-25,213,0,611.3,500.0,24,142.5,1,1,1,pass,0.8,1.0500009620153137,0.9999841389511616,0.682583382564199
2013-06-25,213,1,611.3,500.0,24,142.5,1,1,1,pass,0.8,1.0500003517859262,0.9999997405537244,0.6574507235162079
2013-06-25,213,2,611.3,500.0,24,142.5,1,1,1,pass,0.8,1.04999960532505,0.9999857313350656,0.7121727818962204
2013-06-25,213,3,611.3,500.0,24,142.5,1,1,1,pass,0.8,1.050000844462314,0.9999234380468666,0.7566878662796511
2013-06-25,213,4,611.3,500.0,24,142.5,1,1,1,pass,0.8,1.0500006496603222,0.9999500528366873,0.6459345248911338
2013-06-25,213,5,611.3,500.0,24,142.5,1,1,1,pass,0.8,1.0500008512836978,0.9999512999988192,0.6767265903436008
2013-06-25,213,6,611.3,500.0,24,142.5,1,1,1,pass,0.8,1.0500007698269451,0.9999737028692988,0.6920831699128621
2013-06-25,213,7,611.3,500.0,24,142.5,1,1,1,pass,0.8,1.050000421904873,0.999993761154346,0.7992469766504601
2013-06-25,213,8,611.3,500.0,24,142.5,1,1,1,pass,0.8,1.0500007729394627,0.9999965586063296,0.6753753613461168
2013-06-25,213,9,611.3,500.0,24,142.5,1,1,1,pass,0.8,1.0500004030273065,0.9999836465315872,0.6606996144555843
2013-06-26,214,0,611.3,500.0,24,142.5,1,1,1,pass,0.8,1.0499989479986729,0.999997981190898,0.6899742270222674
2013-06-26,214,1,611.3,500.0,24,142.5,1,1,1,pass,0.8,1.0500007197038064,0.9999431175312898,0.6436544575993456
2013-06-26,214,2,611.3,500.0,24,142.5,1,1,1,pass,0.8,1.0500007473996504,0.9999562135606832,0.6373793122889746
2013-06-26,214,3,611.3,500.0,24,142.5,1,1,1,pass,0.8,1.0500003724676628,0.9999596565900392,0.6721832756209674
2013-06-26,214,4,611.3,500.0,24,140.9375,1,1,1,pass,0.8,1.0499999758578695,0.9999867384498852,0.6124529247070312
2013-06-26,214,5,611.3,500.0,24,142.5,1,1,1,pass,0.8,1.0499997978949136,0.9999574069300567,0.6773574125822247
2013-06-26,214,6,611.3,500.0,24,142.5,1,1,1,pass,0.8,1.050000267394507,0.9999421164109806,0.7144911464470634
2013-06-26,214,7,611.3,500.0,24,142.5,1,1,1,pass,0.8,1.050000696161745,0.9999943481339174,0.6877544626562971
2013-06-26,214,8,611.3,500.0,24,142.5,1,1,1,pass,0.8,1.050000119000498,0.9999172246644514,0.6467934258465071
2013-06-26,214,9,611.3,500.0,24,142.5,1,1,1,pass,0.8,1.050000501437971,0.9999199522076576,0.6446341915697194
2013-06-27,215,0,611.3,500.0,24,142.5,1,1,1,pass,0.8,1.0500005071203498,0.9999591123625526,0.7201928374796609
2013-06-27,215,1,611.3,500.0,24,142.5,1,1,1,pass,0.8,1.0500001085682922,0.9910793425605736,0.6573839692076168
2013-06-27,215,2,611.3,500.0,24,142.5,1,1,1,pass,0.8,1.0500004434816783,0.9999631239271328,0.6622166539818504
2013-06-27,215,3,611.3,500.0,24,142.5,1,1,1,pass,0.8,1.0500008788834565,0.9999677135198184,0.6822046248338501
2013-06-27,215,4,611.3,500.0,24,142.5,1,1,1,pass,0.8,1.0500003645677325,0.9999723700398512,0.6144691560428576
2013-06-27,215,5,611.3,500.0,24,142.5,1,1,1,pass,0.8,1.05000067921997,0.9999527041573008,0.6660275095505888
2013-06-27,215,6,611.3,500.0,24,142.5,1,1,1,pass,0.8,1.0500009446949996,0.9999373986032876,0.6395042401449024
2013-06-27,215,7,611.3,500.0,24,142.5,1,1,1,pass,0.8,1.0500004646429228,0.999959522566203,0.6977690468019524
2013-06-27,215,8,611.3,500.0,24,142.5,1,1,1,pass,0.8,1.0499998450110002,0.9999151158728832,0.629408854304459
2013-06-27,215,9,611.3,500.0,24,142.5,1,1,1,pass,0.8,1.0500002588966777,0.99997469232212,0.6457312633246169
2013-06-28,216,0,611.3,500.0,24,142.5,1,1,1,pass,0.8,1.0500007448321556,0.9999857859506992,0.7457586783408812
2013-06-28,216,1,611.3,500.0,24,142.5,1,1,1,pass,0.8,1.050000457661469,0.999968005201786,0.6315539491639595
2013-06-28,216,2,611.3,500.0,24,142.5,1,1,1,pass,0.8,1.0500000693025258,0.9999831868020986,0.6776803460622157
2013-06-28,216,3,611.3,500.0,24,142.5,1,1,1,pass,0.8,1.0500002851697108,0.9999750320846214,0.6699904534622497
2013-06-28,216,4,611.3,500.0,24,142.5,1,1,1,pass,0.8,1.0500007748957287,0.999957470469968,0.6427971844336033
2013-06-28,216,5,611.3,500.0,24,142.5,1,1,1,pass,0.8,1.0500006414534584,0.9999231964485512,0.6601898158781798
2013-06-28,216,6,611.3,500.0,24,142.5,1,1,1,pass,0.8,1.050000663947924,0.9999841787172064,0.6446402116803444
2013-06-28,216,7,611.3,500.0,24,142.5,1,1,1,pass,0.8,1.0500007744045552,0.9999896009657162,0.701973508682885
2013-06-28,216,8,611.3,500.0,24,142.5,1,1,1,pass,0.8,1.050000766167616,0.996940277114438,0.6624054082386049
2013-06-28,216,9,611.3,500.0,24,142.5,1,1,1,pass,0.8,1.050000265916016,0.9999537197065403,0.633870230125741
2013-06-29,217,0,611.3,500.0,24,142.5,1,1,1,pass,0.8,1.0500008676256245,0.999999106630067,0.7389432159006366
2013-06-29,217,1,611.3,500.0,24,142.5,1,1,1,pass,0.8,1.0500009768654155,0.995359881199462,0.6445225898603509
2013-06-29,217,2,611.3,500.0,24,142.5,1,1,1,pass,0.8,1.050000490714591,0.9999876717645266,0.6491366961010584
2013-06-29,217,3,611.3,500.0,24,142.5,1,1,1,pass,0.8,1.050000480432303,0.9999948836406318,0.6753710016279219
2013-06-29,217,4,611.3,500.0,24,142.5,1,1,1,pass,0.8,1.0500006188380877,0.999984001958635,0.6197383287687892
2013-06-29,217,5,611.3,500.0,24,142.5,1,1,1,pass,0.8,1.0500008166903854,0.9999789029865168,0.6732499893000526
2013-06-29,217,6,611.3,500.0,24,142.5,1,1,1,pass,0.8,1.0500004420514997,0.999987536916596,0.6327456004187164
2013-06-29,217,7,611.3,500.0,24,142.5,1,1,1,pass,0.8,1.0500002976448524,0.9999972122277058,0.7140206156029937
2013-06-29,217,8,611.3,500.0,24,142.5,1,1,1,pass,0.8,1.0500009268383763,0.9999890371889796,0.6639984932340296
2013-06-29,217,9,611.3,500.0,24,142.5,1,1,1,pass,0.8,1.0500006416811356,0.9999922613330466,0.6617214951882631
2013-06-30,218,0,611.3,500.0,24,142.5,1,1,1,pass,0.8,1.0500008491310897,0.9999993344076624,0.7369043123072875
2013-06-30,218,1,611.3,500.0,24,142.5,1,1,1,pass,0.8,1.0500004421972269,0.9999635384544232,0.6859705882017355
2013-06-30,218,2,611.3,500.0,24,142.5,1,1,1,pass,0.8,1.049999648318863,0.9999381896170968,0.63531190897791
2013-06-30,218,3,611.3,500.0,24,142.5,1,1,1,pass,0.8,1.050000040664738,0.9999265222669506,0.660788406740081
2013-06-30,218,4,611.3,500.0,24,142.5,1,1,1,pass,0.8,1.0500001348560033,0.9999458460193564,0.6175707109216213
2013-06-30,218,5,611.3,500.0,24,141.875,1,1,1,pass,0.8,1.050000139653881,0.9999381420333268,0.669791634034123
2013-06-30,218,6,611.3,500.0,24,142.5,1,1,1,pass,0.8,1.050000785869258,0.9999684602482868,0.6631193159308112
2013-06-30,218,7,611.3,500.0,24,142.5,1,1,1,pass,0.8,1.0499990263105872,0.9999926981878852,0.7023993783197303
2013-06-30,218,8,611.3,500.0,24,142.5,1,1,1,pass,0.8,1.050000616260845,0.9999725325464563,0.6791554360642844
2013-06-30,218,9,611.3,500.0,24,142.5,1,1,1,pass,0.8,1.0500008681414197,0.99999079434495,0.6732917257787717
2012-07-01,0,0,634.1,500.0,24,133.2416748046875,1,1,1,pass,0.8,1.0479570052589855,1.000000421403469,1.000000421403469
2012-07-01,0,1,634.1,500.0,24,130.7210205078125,1,1,1,pass,0.8,1.0478440766626578,0.9999863774555348,0.9999863774555348
2012-07-01,0,2,634.1,500.0,24,134.960302734375,1,1,1,pass,0.8,1.0479385186604182,1.0000001258459374,1.0000001258459374
2012-07-01,0,3,634.1,500.0,24,132.7921875,1,1,1,pass,0.8,1.0480767855952942,0.9999994430504446,0.9999994430504446
2012-07-01,0,4,634.1,500.0,24,133.232861328125,1,1,1,pass,0.8,1.0479147455513425,0.9999925457390642,0.9999925457390642
2012-07-01,0,5,634.1,500.0,24,133.9203125,1,1,1,pass,0.8,1.0486662389211758,0.9999864843870088,0.9999864843870088
2012-07-01,0,6,634.1,500.0,24,134.44912109375,1,1,1,pass,0.8,1.047690454384798,0.9999856501342668,0.9999856501342668
2012-07-01,0,7,634.1,500.0,24,132.950830078125,1,1,1,pass,0.8,1.0476548278796214,0.999990145261273,0.999990145261273
2012-07-01,0,8,634.1,500.0,24,133.75285644531252,1,1,1,pass,0.8,1.048473392539393,0.9999938951308314,0.9999938951308314
2012-07-01,0,9,634.1,500.0,24,131.94609375000002,1,1,1,pass,0.8,1.047827520339952,0.9999746834384432,0.9999746834384432
2012-07-02,1,0,634.1,500.0,24,136.546728515625,1,1,1,pass,0.8,1.0499570151475797,0.9999661721316908,0.9999661721316908
2012-07-02,1,1,634.1,500.0,24,133.1887939453125,1,1,1,pass,0.8,1.049109795073722,0.9999929585981946,0.9999929585981946
2012-07-02,1,2,634.1,500.0,24,134.76640625000002,1,1,1,pass,0.8,1.0486967593704493,0.9999854967210714,0.9999854967210714
2012-07-02,1,3,634.1,500.0,24,134.20234375,1,1,1,pass,0.8,1.048510253588449,0.9999326088494472,0.9999326088494472
2012-07-02,1,4,634.1,500.0,24,132.633544921875,1,1,1,pass,0.8,1.048221565866806,1.0000006203051133,1.0000006203051133
2012-07-02,1,5,634.1,500.0,24,133.867431640625,1,1,1,pass,0.8,1.0495112235532682,0.9999799697089252,0.9999799697089252
2012-07-02,1,6,634.1,500.0,24,132.03422851562502,1,1,1,pass,0.8,1.0486501380425342,0.9999903129512858,0.9999903129512858
2012-07-02,1,7,634.1,500.0,24,132.40439453125,1,1,1,pass,0.8,1.0492646585833405,0.9999989883423418,0.9999989883423418
2012-07-02,1,8,634.1,500.0,24,134.3169189453125,1,1,1,pass,0.8,1.0485520490038216,0.9999898419464488,0.9999898419464488
2012-07-02,1,9,634.1,500.0,24,133.655908203125,1,1,1,pass,0.8,1.048463140686199,0.9999902704027546,0.9999902704027546
2012-07-03,2,0,634.1,500.0,24,136.3263916015625,1,1,1,pass,0.8,1.049965440149112,0.9999743418149744,0.9999743418149744
2012-07-03,2,1,634.1,500.0,24,133.832177734375,1,1,1,pass,0.8,1.049017822782558,0.9999862098065884,0.9999862098065884
2012-07-03,2,2,634.1,500.0,24,118.203125,1,1,1,pass,0.8,1.0500003358396386,0.9999868032135888,0.9999868032135888
2012-07-03,2,3,634.1,500.0,24,134.219970703125,1,1,1,pass,0.8,1.0493292233943936,0.999994476103021,0.999994476103021
2012-07-03,2,4,634.1,500.0,24,133.585400390625,1,1,1,pass,0.8,1.0483310354917312,0.999989786018835,0.999989786018835
2012-07-03,2,5,634.1,500.0,24,134.3345458984375,1,1,1,pass,0.8,1.0493466178253017,0.9999815775219943,0.9999815775219943
2012-07-03,2,6,634.1,500.0,24,134.9338623046875,1,1,1,pass,0.8,1.049316473821513,0.999970844723406,0.999970844723406
2012-07-03,2,7,634.1,500.0,24,133.197607421875,1,1,1,pass,0.8,1.0486218106416598,0.9999436368308444,0.9999436368308444
2012-07-03,2,8,634.1,500.0,24,130.625,1,1,1,pass,0.8,1.0499991322199709,0.9999742922340824,0.9999742922340824
2012-07-03,2,9,634.1,500.0,24,132.68642578125,1,1,1,pass,0.8,1.049523771447585,0.999979708006314,0.999979708006314
2012-07-04,3,0,634.1,500.0,24,131.41728515625002,1,1,1,pass,0.8,1.048984909476523,0.9999575729020392,0.9999575729020392
2012-07-04,3,1,634.1,500.0,24,132.16643066406252,1,1,1,pass,0.8,1.0487432525384282,0.9999085184232368,0.9999085184232368
2012-07-04,3,2,634.1,500.0,24,134.7047119140625,1,1,1,pass,0.8,1.0499335364379665,0.99998682579013,0.99998682579013
2012-07-04,3,3,634.1,500.0,24,132.5806640625,1,1,1,pass,0.8,1.0478334351594,0.9999903195439958,0.9999903195439958
2012-07-04,3,4,634.1,500.0,24,131.7433837890625,1,1,1,pass,0.8,1.047604686953916,0.9999821199752604,0.9999821199752604
2012-07-04,3,5,634.1,500.0,24,132.9243896484375,1,1,1,pass,0.8,1.048567720531998,0.9999972520043774,0.9999972520043774
2012-07-04,3,6,634.1,500.0,24,131.6199951171875,1,1,1,pass,0.8,1.047716632134296,0.9999993758451364,0.9999993758451364
2012-07-04,3,7,634.1,500.0,24,129.44306640625,1,1,1,pass,0.8,1.0476526227324992,0.9999948173174704,0.9999948173174704
2012-07-04,3,8,634.1,500.0,24,133.9114990234375,1,1,1,pass,0.8,1.0491604246250488,0.9999697417831472,0.9999697417831472
2012-07-04,3,9,634.1,500.0,24,133.937939453125,1,1,1,pass,0.8,1.04882613455617,0.9999878652522622,0.9999878652522622
2012-07-05,4,0,634.1,500.0,24,134.9162353515625,1,1,1,pass,0.8,1.048487806981231,0.9999807748667612,0.9999807748667612
2012-07-05,4,1,634.1,500.0,24,131.34677734375,1,1,1,pass,0.8,1.048228002517612,0.9999405776355648,0.9999405776355648
2012-07-05,4,2,634.1,500.0,24,134.625390625,1,1,1,pass,0.8,1.0492923173221431,0.9999956305923404,0.9999956305923404
2012-07-05,4,3,634.1,500.0,24,133.32099609375,1,1,1,pass,0.8,1.0489366895070906,0.9999901190012752,0.9999901190012752
2012-07-05,4,4,634.1,500.0,24,131.998974609375,1,1,1,pass,0.8,1.0475201367033085,0.999998586275794,0.999998586275794
2012-07-05,4,5,634.1,500.0,24,134.607763671875,1,1,1,pass,0.8,1.04905349931446,0.999947539673966,0.999947539673966
2012-07-05,4,6,634.1,500.0,24,132.5542236328125,1,1,1,pass,0.8,1.048951866659869,0.9999976387182192,0.9999976387182192
2012-07-05,4,7,634.1,500.0,24,128.896630859375,1,1,1,pass,0.8,1.0478214283218064,0.9999899283003056,0.9999899283003056
2012-07-05,4,8,634.1,500.0,24,134.6958984375,1,1,1,pass,0.8,1.0488258953500835,0.9999787588549996,0.9999787588549996
2012-07-05,4,9,634.1,500.0,24,133.937939453125,1,1,1,pass,0.8,1.0482204447563768,0.9999883885342248,0.9999883885342248
2012-07-06,5,0,634.1,500.0,24,133.13591308593752,1,1,1,pass,0.8,1.0479706474309864,1.0000003858632698,1.0000003858632698
2012-07-06,5,1,634.1,500.0,24,133.1711669921875,1,1,1,pass,0.8,1.048535948709856,0.9999979613130372,0.9999979613130372
2012-07-06,5,2,634.1,500.0,24,132.8626953125,1,1,1,pass,0.8,1.0485394121814802,0.9999810128811152,0.9999810128811152
2012-07-06,5,3,634.1,500.0,24,132.60710449218752,1,1,1,pass,0.8,1.0481652403765784,1.0000003972508316,1.0000003972508316
2012-07-06,5,4,634.1,500.0,24,130.729833984375,1,1,1,pass,0.8,1.0477169814894118,0.9999574004786932,0.9999574004786932
2012-07-06,5,5,634.1,500.0,24,132.9067626953125,1,1,1,pass,0.8,1.048138525432933,0.9999969086450746,0.9999969086450746
2012-07-06,5,6,634.1,500.0,24,131.7345703125,1,1,1,pass,0.8,1.0475091187291403,0.9999837913519476,0.9999837913519476
2012-07-06,5,7,634.1,500.0,24,131.6905029296875,1,1,1,pass,0.8,1.0475669324570975,0.999979347680427,0.999979347680427
2012-07-06,5,8,634.1,500.0,24,133.9114990234375,1,1,1,pass,0.8,1.0473610069824346,0.9999953541330956,0.9999953541330956
2012-07-06,5,9,634.1,500.0,24,132.54541015625,1,1,1,pass,0.8,1.0479785384743223,0.9999996025195274,0.9999996025195274
2012-07-07,6,0,634.1,500.0,24,132.4132080078125,1,1,1,pass,0.8,1.048386508577398,0.999936054867106,0.999936054867106
2012-07-07,6,1,634.1,500.0,24,133.5942138671875,1,1,1,pass,0.8,1.0483478004328428,0.9999744693773898,0.9999744693773898
2012-07-07,6,2,634.1,500.0,24,131.258642578125,1,1,1,pass,0.8,1.04781439265877,0.999975405584489,0.999975405584489
2012-07-07,6,3,634.1,500.0,24,131.28508300781252,1,1,1,pass,0.8,1.0479569952534995,0.9999928349586336,0.9999928349586336
2012-07-07,6,4,634.1,500.0,24,132.986083984375,1,1,1,pass,0.8,1.0479083684776664,0.9999957421684772,0.9999957421684772
2012-07-07,6,5,634.1,500.0,24,132.96845703125,1,1,1,pass,0.8,1.0481396541785093,0.9999570536462672,0.9999570536462672
2012-07-07,6,6,634.1,500.0,24,132.5542236328125,1,1,1,pass,0.8,1.0478576520559482,0.9999937896533851,0.9999937896533851
2012-07-07,6,7,634.1,500.0,24,128.87900390625,1,1,1,pass,0.8,1.0477998598946752,0.9999443400200746,0.9999443400200746
2012-07-07,6,8,634.1,500.0,24,132.68642578125,1,1,1,pass,0.8,1.048287082356636,0.9999567599807004,0.9999567599807004
2012-07-07,6,9,634.1,500.0,24,132.1311767578125,1,1,1,pass,0.8,1.047894251938608,0.9999982697765536,0.9999982697765536
2012-07-08,7,0,634.1,500.0,24,121.25,1,1,1,pass,0.8,1.0500004176255453,0.99992495151196,0.99992495151196
2012-07-08,7,1,634.1,500.0,24,135.700634765625,1,1,1,pass,0.8,1.0498107268587529,0.9999854413238316,0.9999854413238316
2012-07-08,7,2,634.1,500.0,24,134.2992919921875,1,1,1,pass,0.8,1.0489264314445952,0.9999411867605226,0.9999411867605226
2012-07-08,7,3,634.1,500.0,24,133.691162109375,1,1,1,pass,0.8,1.0493561532416558,0.999980409880287,0.999980409880287
2012-07-08,7,4,634.1,500.0,24,132.5013427734375,1,1,1,pass,0.8,1.0479732902222507,0.9999679196235194,0.9999679196235194
2012-07-08,7,5,634.1,500.0,24,132.60710449218752,1,1,1,pass,0.8,1.049111265403058,0.9999592139469754,0.9999592139469754
2012-07-08,7,6,634.1,500.0,24,133.75285644531252,1,1,1,pass,0.8,1.0489009223776922,0.999996455275578,0.999996455275578
2012-07-08,7,7,634.1,500.0,24,133.7176025390625,1,1,1,pass,0.8,1.048572458995495,0.9999769712300676,0.9999769712300676
2012-07-08,7,8,634.1,500.0,24,133.8938720703125,1,1,1,pass,0.8,1.0487016588981406,0.999998381803568,0.999998381803568
2012-07-08,7,9,634.1,500.0,24,133.3826904296875,1,1,1,pass,0.8,1.048438058413819,0.9999998773387676,0.9999998773387676
2012-07-09,8,0,634.1,500.0,24,134.484375,1,1,1,pass,0.8,1.0492150091056347,0.9999963314001488,0.9999963314001488
2012-07-09,8,1,634.1,500.0,24,134.6958984375,1,1,1,pass,0.8,1.0491618072629894,0.9999843785822732,0.9999843785822732
2012-07-09,8,2,634.1,500.0,24,135.066064453125,1,1,1,pass,0.8,1.0494680931435174,0.9999800805076254,0.9999800805076254
2012-07-09,8,3,634.1,500.0,24,134.3345458984375,1,1,1,pass,0.8,1.0489921218287617,0.99999242267142,0.99999242267142
2012-07-09,8,4,634.1,500.0,24,134.66064453125,1,1,1,pass,0.8,1.0491851036403506,0.9999936966322184,0.9999936966322184
2012-07-09,8,5,634.1,500.0,24,134.2287841796875,1,1,1,pass,0.8,1.049716788912354,0.999997732408559,0.999997732408559
2012-07-09,8,6,634.1,500.0,24,133.9996337890625,1,1,1,pass,0.8,1.0496234472776784,0.9999914736352284,0.9999914736352284
2012-07-09,8,7,634.1,500.0,24,132.8626953125,1,1,1,pass,0.8,1.04876318236807,0.9999950468487336,0.9999950468487336
2012-07-09,8,8,634.1,500.0,24,135.4802978515625,1,1,1,pass,0.8,1.0493558510433123,0.9999921878477048,0.9999921878477048
2012-07-09,8,9,634.1,500.0,24,133.671875,1,1,1,pass,0.8,1.0500007778695934,0.9999708210599464,0.9999708210599464
2012-07-10,9,0,634.1,500.0,24,132.78337402343752,1,1,1,pass,0.8,1.0487237140511674,0.9999765188275994,0.9999765188275994
2012-07-10,9,1,634.1,500.0,24,133.4708251953125,1,1,1,pass,0.8,1.0487476173042851,0.9999973163330024,0.9999973163330024
2012-07-10,9,2,634.1,500.0,24,135.0572509765625,1,1,1,pass,0.8,1.0495576668718547,0.9999981032817856,0.9999981032817856
2012-07-10,9,3,634.1,500.0,24,134.219970703125,1,1,1,pass,0.8,1.0485895611158569,0.999995133904906,0.999995133904906
2012-07-10,9,4,634.1,500.0,24,133.5942138671875,1,1,1,pass,0.8,1.0482813442308394,0.999940761675736,0.999940761675736
2012-07-10,9,5,634.1,500.0,24,134.7575927734375,1,1,1,pass,0.8,1.0495063749495936,0.9999487375539752,0.9999487375539752
2012-07-10,9,6,634.1,500.0,24,133.81455078125,1,1,1,pass,0.8,1.0484231314437265,0.9999886707083988,0.9999886707083988
2012-07-10,9,7,634.1,500.0,24,133.5413330078125,1,1,1,pass,0.8,1.048818208619875,0.9999672360731604,0.9999672360731604
2012-07-10,9,8,634.1,500.0,24,133.66472167968752,1,1,1,pass,0.8,1.048877394380689,0.9999654288788112,0.9999654288788112
2012-07-10,9,9,634.1,500.0,24,130.835595703125,1,1,1,pass,0.8,1.0489270512337452,0.999985298735332,0.999985298735332
2012-07-11,10,0,634.1,500.0,24,128.28125,1,1,1,pass,0.8,1.0500008858786387,0.9999693757354802,0.9999693757354802
2012-07-11,10,1,634.1,500.0,24,134.0525146484375,1,1,1,pass,0.8,1.0488419516425866,1.000000604293059,1.000000604293059
2012-07-11,10,2,634.1,500.0,24,123.28125,1,1,1,pass,0.8,1.0499994826220374,0.9999783965912232,0.9999783965912232
2012-07-11,10,3,634.1,500.0,24,135.0484375,1,1,1,pass,0.8,1.0494004141133142,0.999996869272856,0.999996869272856
2012-07-11,10,4,634.1,500.0,24,135.665380859375,1,1,1,pass,0.8,1.048455861769276,0.9999590015289552,0.9999590015289552
2012-07-11,10,5,634.1,500.0,24,108.4375,1,1,1,pass,0.8,1.049998642177687,0.9998892483859896,0.9998892483859896
2012-07-11,10,6,634.1,500.0,24,135.7447021484375,1,1,1,pass,0.8,1.0497676616816256,0.9999835021163616,0.9999835021163616
2012-07-11,10,7,634.1,500.0,24,135.753515625,1,1,1,pass,0.8,1.0494628294996815,0.9999484989395112,0.9999484989395112
2012-07-11,10,8,634.1,500.0,24,135.9385986328125,1,1,1,pass,0.8,1.0499058544958488,0.9999605755675428,0.9999605755675428
2012-07-11,10,9,634.1,500.0,24,136.194189453125,1,1,1,pass,0.8,1.0496596935324007,0.9999979545553264,0.9999979545553264
2012-07-12,11,0,634.1,500.0,24,133.215234375,1,1,1,pass,0.8,1.0478903893949865,0.9999844649662956,0.9999844649662956
2012-07-12,11,1,634.1,500.0,24,131.81389160156252,1,1,1,pass,0.8,1.047745837176422,0.9999942236510126,0.9999942236510126
2012-07-12,11,2,634.1,500.0,24,134.1759033203125,1,1,1,pass,0.8,1.0475048788256371,0.9999964756654944,0.9999964756654944
2012-07-12,11,3,634.1,500.0,24,132.54541015625,1,1,1,pass,0.8,1.0477563068542888,0.9999972147396629,0.9999972147396629
2012-07-12,11,4,634.1,500.0,24,131.27626953125,1,1,1,pass,0.8,1.0475120213777238,0.999994937701703,0.999994937701703
2012-07-12,11,5,634.1,500.0,24,132.774560546875,1,1,1,pass,0.8,1.0477855606209174,0.9999968266777164,0.9999968266777164
2012-07-12,11,6,634.1,500.0,24,133.9643798828125,1,1,1,pass,0.8,1.047530933563595,0.9999191170927516,0.9999191170927516
2012-07-12,11,7,634.1,500.0,24,131.6905029296875,1,1,1,pass,0.8,1.047787070976398,0.9999962964099218,0.9999962964099218
2012-07-12,11,8,634.1,500.0,24,133.9820068359375,1,1,1,pass,0.8,1.0477074674527056,0.9999593633562288,0.9999593633562288
2012-07-12,11,9,634.1,500.0,24,132.9243896484375,1,1,1,pass,0.8,1.0477920872533433,0.9999600496625234,0.9999600496625234
2012-07-13,12,0,634.1,500.0,24,134.7575927734375,1,1,1,pass,0.8,1.0484487290769986,0.9999987599073872,0.9999987599073872
2012-07-13,12,1,634.1,500.0,24,136.2030029296875,1,1,1,pass,0.8,1.0490757799675434,0.9999946554592636,0.9999946554592636
2012-07-13,12,2,634.1,500.0,24,135.348095703125,1,1,1,pass,0.8,1.0485088225502046,0.9999877549795332,0.9999877549795332
2012-07-13,12,3,634.1,500.0,24,135.57724609375,1,1,1,pass,0.8,1.0480084039444642,0.9999951870443444,0.9999951870443444
2012-07-13,12,4,634.1,500.0,24,134.9691162109375,1,1,1,pass,0.8,1.0483472115465473,0.9999942133841946,0.9999942133841946
2012-07-13,12,5,634.1,500.0,24,135.5508056640625,1,1,1,pass,0.8,1.0497315052508351,0.9999910109010288,0.9999910109010288
2012-07-13,12,6,634.1,500.0,24,134.1582763671875,1,1,1,pass,0.8,1.0475664076016562,0.9999970782305212,0.9999970782305212
2012-07-13,12,7,634.1,500.0,24,133.40031738281252,1,1,1,pass,0.8,1.0479732017506718,0.9999946054744604,0.9999946054744604
2012-07-13,12,8,634.1,500.0,24,134.607763671875,1,1,1,pass,0.8,1.0479769297584458,0.999986966310542,0.999986966310542
2012-07-13,12,9,634.1,500.0,24,135.876904296875,1,1,1,pass,0.8,1.0494691855610505,0.9999842045658336,0.9999842045658336
2012-07-14,13,0,634.1,500.0,24,132.03125,1,1,1,pass,0.8,1.050000858159544,0.9999878425557084,0.9999878425557084
2012-07-14,13,1,634.1,500.0,24,134.748779296875,1,1,1,pass,0.8,1.0497214157857655,0.9999969347086752,0.9999969347086752
2012-07-14,13,2,634.1,500.0,24,132.96845703125,1,1,1,pass,0.8,1.0497636813365736,0.9999399614612976,0.9999399614612976
2012-07-14,13,3,634.1,500.0,24,133.7704833984375,1,1,1,pass,0.8,1.0487418414805445,0.9999708476429666,0.9999708476429666
2012-07-14,13,4,634.1,500.0,24,134.255224609375,1,1,1,pass,0.8,1.0491971247342782,0.9999919709082724,0.9999919709082724
2012-07-14,13,5,634.1,500.0,24,131.171875,1,1,1,pass,0.8,1.050000084329218,0.9999783724635048,0.9999783724635048
2012-07-14,13,6,634.1,500.0,24,134.0348876953125,1,1,1,pass,0.8,1.0485520263593855,0.9999996537634936,0.9999996537634936
2012-07-14,13,7,634.1,500.0,24,133.197607421875,1,1,1,pass,0.8,1.049718738632383,0.9999772695020422,0.9999772695020422
2012-07-14,13,8,634.1,500.0,24,134.819287109375,1,1,1,pass,0.8,1.0499526725461832,0.999991728748274,0.999991728748274
2012-07-14,13,9,634.1,500.0,24,134.01726074218752,1,1,1,pass,0.8,1.049519262003418,0.999966111971218,0.999966111971218
2012-07-15,14,0,634.1,500.0,24,128.046875,1,1,1,pass,0.8,1.0499988193632346,0.9999933924322264,0.9999933924322264
2012-07-15,14,1,634.1,500.0,24,134.98674316406252,1,1,1,pass,0.8,1.0495662562436334,0.999942196756694,0.999942196756694
2012-07-15,14,2,634.1,500.0,24,121.5625,1,1,1,pass,0.8,1.0499995627186725,0.9999286942312778,0.9999286942312778
2012-07-15,14,3,634.1,500.0,24,133.2945556640625,1,1,1,pass,0.8,1.0498829622781425,0.9999908480327871,0.9999908480327871
2012-07-15,14,4,634.1,500.0,24,132.16643066406252,1,1,1,pass,0.8,1.0484581244855526,0.9999834845179332,0.9999834845179332
2012-07-15,14,5,634.1,500.0,24,104.375,1,1,1,pass,0.8,1.0499994443713432,0.9999993630080224,0.9999993630080224
2012-07-15,14,6,634.1,500.0,24,133.726416015625,1,1,1,pass,0.8,1.049334658783052,0.999997243217964,0.999997243217964
2012-07-15,14,7,634.1,500.0,24,131.85795898437502,1,1,1,pass,0.8,1.0480368053233575,0.9999584546367444,0.9999584546367444
2012-07-15,14,8,634.1,500.0,24,133.9114990234375,1,1,1,pass,0.8,1.0498137415413529,0.999978872320788,0.999978872320788
2012-07-15,14,9,634.1,500.0,24,134.7928466796875,1,1,1,pass,0.8,1.0496579652068767,0.9999916864745088,0.9999916864745088
2012-07-16,15,0,634.1,500.0,24,132.65625,1,1,1,pass,0.8,1.049999911303979,0.9999912725834746,0.9999912725834746
2012-07-16,15,1,634.1,500.0,24,134.50200195312502,1,1,1,pass,0.8,1.0496807786192222,0.9999977080063268,0.9999977080063268
2012-07-16,15,2,634.1,500.0,24,121.09375,1,1,1,pass,0.8,1.0499991033722935,0.9999594611589324,0.9999594611589324
2012-07-16,15,3,634.1,500.0,24,128.828125,1,1,1,pass,0.8,1.050000557530215,0.9999626262633846,0.9999626262633846
2012-07-16,15,4,634.1,500.0,24,134.7575927734375,1,1,1,pass,0.8,1.0495612208457727,0.9999633436783876,0.9999633436783876
2012-07-16,15,5,634.1,500.0,24,128.828125,1,1,1,pass,0.8,1.0499996900739694,0.999923596223783,0.999923596223783
2012-07-16,15,6,634.1,500.0,24,134.51962890625,1,1,1,pass,0.8,1.0489354275561986,0.9999358325688492,0.9999358325688492
2012-07-16,15,7,634.1,500.0,24,132.96875,1,1,1,pass,0.8,1.0499988546944707,0.9999998336082044,0.9999998336082044
2012-07-16,15,8,634.1,500.0,24,124.84375,1,1,1,pass,0.8,1.0500004403153411,0.9999733748412378,0.9999733748412378
2012-07-16,15,9,634.1,500.0,24,134.9779296875,1,1,1,pass,0.8,1.0494221471908665,0.9999905262851326,0.9999905262851326
2012-07-17,16,0,634.1,500.0,24,125.703125,1,1,1,pass,0.8,1.0500003231870778,0.9999282400427856,0.9999282400427856
2012-07-17,16,1,634.1,500.0,24,116.484375,1,1,1,pass,0.8,1.0500006737763734,0.9999712684234856,0.9999712684234856
2012-07-17,16,2,634.1,500.0,24,125.390625,1,1,1,pass,0.8,1.0499998366981549,0.999985167080052,0.999985167080052
2012-07-17,16,3,634.1,500.0,24,118.28125,1,1,1,pass,0.8,1.0499992489425574,0.9999555510333652,0.9999555510333652
2012-07-17,16,4,634.1,500.0,24,129.375,1,1,1,pass,0.8,1.0499987820806165,0.9999874003519916,0.9999874003519916
2012-07-17,16,5,634.1,500.0,24,82.96875,1,1,1,pass,0.8,1.049999243341633,0.9999385974466276,0.9999385974466276
2012-07-17,16,6,634.1,500.0,24,134.2287841796875,1,1,1,pass,0.8,1.0499763687155208,0.9999791246404496,0.9999791246404496
2012-07-17,16,7,634.1,500.0,24,132.5718505859375,1,1,1,pass,0.8,1.0494926204422852,0.9999914291082164,0.9999914291082164
2012-07-17,16,8,634.1,500.0,24,123.90625,1,1,1,pass,0.8,1.0499985081594725,0.999982264966588,0.999982264966588
2012-07-17,16,9,634.1,500.0,24,128.59375,1,1,1,pass,0.8,1.049999375109307,0.9999776758840482,0.9999776758840482
2012-07-18,17,0,634.1,500.0,24,128.984375,1,1,1,pass,0.8,1.0499993994001318,0.9999944837230168,0.9999944837230168
2012-07-18,17,1,634.1,500.0,24,125.703125,1,1,1,pass,0.8,1.0500007518191132,0.9999239666389952,0.9999239666389952
2012-07-18,17,2,634.1,500.0,24,135.78125,1,1,1,pass,0.8,1.0499986399066783,0.999981103613616,0.999981103613616
2012-07-18,17,3,634.1,500.0,24,129.921875,1,1,1,pass,0.8,1.050000249503896,0.9999949790752758,0.9999949790752758
2012-07-18,17,4,634.1,500.0,24,134.453125,1,1,1,pass,0.8,1.0499988803771874,0.999974137624272,0.999974137624272
2012-07-18,17,5,634.1,500.0,24,111.484375,1,1,1,pass,0.8,1.049999800496036,0.999998940134622,0.999998940134622
2012-07-18,17,6,634.1,500.0,24,135.22470703125,1,1,1,pass,0.8,1.0493639757628277,0.9999772622036788,0.9999772622036788
2012-07-18,17,7,634.1,500.0,24,134.4226806640625,1,1,1,pass,0.8,1.0489786441661066,0.9999943003501072,0.9999943003501072
2012-07-18,17,8,634.1,500.0,24,121.953125,1,1,1,pass,0.8,1.049999183015863,0.9999979548508058,0.9999979548508058
2012-07-18,17,9,634.1,500.0,24,134.5108154296875,1,1,1,pass,0.8,1.0484814085282137,0.9999974317120648,0.9999974317120648
2012-07-19,18,0,634.1,500.0,24,132.43083496093752,1,1,1,pass,0.8,1.0477520330195256,0.9999680697818628,0.9999680697818628
2012-07-19,18,1,634.1,500.0,24,133.1535400390625,1,1,1,pass,0.8,1.047975025893854,0.9999833713078354,0.9999833713078354
2012-07-19,18,2,634.1,500.0,24,135.947412109375,1,1,1,pass,0.8,1.0490613958622528,0.9999985198576378,0.9999985198576378
2012-07-19,18,3,634.1,500.0,24,133.3474365234375,1,1,1,pass,0.8,1.0479576976005964,0.9999930165013584,0.9999930165013584
2012-07-19,18,4,634.1,500.0,24,132.5013427734375,1,1,1,pass,0.8,1.0477675955262755,0.999920307869699,0.999920307869699
2012-07-19,18,5,634.1,500.0,24,134.30810546875,1,1,1,pass,0.8,1.0485375920204931,0.9999763961783856,0.9999763961783856
2012-07-19,18,6,634.1,500.0,24,135.6565673828125,1,1,1,pass,0.8,1.048130844760458,0.9999913264714912,0.9999913264714912
2012-07-19,18,7,634.1,500.0,24,131.27626953125,1,1,1,pass,0.8,1.0471849161601074,0.9999962116070849,0.9999962116070849
2012-07-19,18,8,634.1,500.0,24,133.056591796875,1,1,1,pass,0.8,1.04834066594914,0.9999556551224188,0.9999556551224188
2012-07-19,18,9,634.1,500.0,24,132.51896972656252,1,1,1,pass,0.8,1.0480885813792016,0.9999891069665288,0.9999891069665288
2012-07-20,19,0,634.1,500.0,24,135.16301269531252,1,1,1,pass,0.8,1.0496828244684089,0.999958962345944,0.999958962345944
2012-07-20,19,1,634.1,500.0,24,135.5684326171875,1,1,1,pass,0.8,1.0495592501136546,0.99999956117219,0.99999956117219
2012-07-20,19,2,634.1,500.0,24,122.8125,1,1,1,pass,0.8,1.0499986826658931,0.9999933682200384,0.9999933682200384
2012-07-20,19,3,634.1,500.0,24,134.925048828125,1,1,1,pass,0.8,1.049261695457727,0.9999828946679044,0.9999828946679044
2012-07-20,19,4,634.1,500.0,24,133.2064208984375,1,1,1,pass,0.8,1.0481932853400826,0.9999972466156736,0.9999972466156736
2012-07-20,19,5,634.1,500.0,24,118.515625,1,1,1,pass,0.8,1.0499997487551245,0.9999669448182882,0.9999669448182882
2012-07-20,19,6,634.1,500.0,24,134.4226806640625,1,1,1,pass,0.8,1.0492978681731109,0.9999893838448614,0.9999893838448614
2012-07-20,19,7,634.1,500.0,24,132.75693359375,1,1,1,pass,0.8,1.049694766773365,0.9999819492291216,0.9999819492291216
2012-07-20,19,8,634.1,500.0,24,132.03125,1,1,1,pass,0.8,1.0500000688143147,0.9999910110146288,0.9999910110146288
2012-07-20,19,9,634.1,500.0,24,133.303369140625,1,1,1,pass,0.8,1.0491436479374605,0.999979847086666,0.999979847086666
2012-07-21,20,0,634.1,500.0,24,132.704052734375,1,1,1,pass,0.8,1.047812945057388,0.9999983447835076,0.9999983447835076
2012-07-21,20,1,634.1,500.0,24,131.8315185546875,1,1,1,pass,0.8,1.0478990502349836,0.9999881399174978,0.9999881399174978
2012-07-21,20,2,634.1,500.0,24,133.35625000000002,1,1,1,pass,0.8,1.048053842799439,0.9999850501906048,0.9999850501906048
2012-07-21,20,3,634.1,500.0,24,130.58000488281252,1,1,1,pass,0.8,1.0482619336091434,1.0000000408471106,1.0000000408471106
2012-07-21,20,4,634.1,500.0,24,129.9013671875,1,1,1,pass,0.8,1.0476424938293567,0.9999999136944556,0.9999999136944556
2012-07-21,20,5,634.1,500.0,24,130.5094970703125,1,1,1,pass,0.8,1.0480170253215024,0.9999922753956024,0.9999922753956024
2012-07-21,20,6,634.1,500.0,24,132.880322265625,1,1,1,pass,0.8,1.0476957786364554,0.9999955109720542,0.9999955109720542
2012-07-21,20,7,634.1,500.0,24,128.755615234375,1,1,1,pass,0.8,1.047941839049706,0.9999948735584684,0.9999948735584684
2012-07-21,20,8,634.1,500.0,24,132.12236328125002,1,1,1,pass,0.8,1.0481400039882736,0.9999765187081342,0.9999765187081342
2012-07-21,20,9,634.1,500.0,24,128.367822265625,1,1,1,pass,0.8,1.0476025579302466,0.9999891336069124,0.9999891336069124
2012-07-22,21,0,634.1,500.0,24,131.4084716796875,1,1,1,pass,0.8,1.0477255893716582,0.9999550625039628,0.9999550625039628
2012-07-22,21,1,634.1,500.0,24,133.26811523437502,1,1,1,pass,0.8,1.0480231759184122,0.999975913210416,0.999975913210416
2012-07-22,21,2,634.1,500.0,24,132.845068359375,1,1,1,pass,0.8,1.0478049529450877,0.9999552431707924,0.9999552431707924
2012-07-22,21,3,634.1,500.0,24,130.49187011718752,1,1,1,pass,0.8,1.0481964528983103,1.0000008464302936,1.0000008464302936
2012-07-22,21,4,634.1,500.0,24,131.28508300781252,1,1,1,pass,0.8,1.0479304539437737,0.9999819501709464,0.9999819501709464
2012-07-22,21,5,634.1,500.0,24,130.201025390625,1,1,1,pass,0.8,1.0478393870496212,0.9999864042902584,0.9999864042902584
2012-07-22,21,6,634.1,500.0,24,130.53593750000002,1,1,1,pass,0.8,1.0476242629654933,0.999992830089226,0.999992830089226
2012-07-22,21,7,634.1,500.0,24,128.614599609375,1,1,1,pass,0.8,1.047652168591973,0.9999572389493918,0.9999572389493918
2012-07-22,21,8,634.1,500.0,24,129.9454345703125,1,1,1,pass,0.8,1.0480517931977564,0.9999745377698236,0.9999745377698236
2012-07-22,21,9,634.1,500.0,24,131.3115234375,1,1,1,pass,0.8,1.0477013582665304,0.9999594668145833,0.9999594668145833
2012-07-23,22,0,634.1,500.0,24,135.9385986328125,1,1,1,pass,0.8,1.0486441012113936,0.9999732000813406,0.9999732000813406
2012-07-23,22,1,634.1,500.0,24,135.277587890625,1,1,1,pass,0.8,1.0480839482240496,0.9999724020954018,0.9999724020954018
2012-07-23,22,2,634.1,500.0,24,136.49384765625,1,1,1,pass,0.8,1.0492930047655495,0.9999793847852227,0.9999793847852227
2012-07-23,22,3,634.1,500.0,24,134.2728515625,1,1,1,pass,0.8,1.048855993074737,0.9999671802165772,0.9999671802165772
2012-07-23,22,4,634.1,500.0,24,134.290478515625,1,1,1,pass,0.8,1.0484293529286397,0.9999865567150904,0.9999865567150904
2012-07-23,22,5,634.1,500.0,24,134.2728515625,1,1,1,pass,0.8,1.0494516827829503,0.9999962208935792,0.9999962208935792
2012-07-23,22,6,634.1,500.0,24,134.4755615234375,1,1,1,pass,0.8,1.0478421272698013,0.999993151362665,0.999993151362665
2012-07-23,22,7,634.1,500.0,24,132.51015625,1,1,1,pass,0.8,1.0475751024479365,0.9999917019388044,0.9999917019388044
2012-07-23,22,8,634.1,500.0,24,134.76640625000002,1,1,1,pass,0.8,1.047503950077879,0.9999856449867828,0.9999856449867828
2012-07-23,22,9,634.1,500.0,24,134.28166503906252,1,1,1,pass,0.8,1.047909610059656,0.9999946505524132,0.9999946505524132
2012-07-24,23,0,634.1,500.0,24,134.4050537109375,1,1,1,pass,0.8,1.0477814484622678,0.9999956513569672,0.9999956513569672
2012-07-24,23,1,634.1,500.0,24,134.9162353515625,1,1,1,pass,0.8,1.0477035578694196,0.9999827909998394,0.9999827909998394
2012-07-24,23,2,634.1,500.0,24,135.665380859375,1,1,1,pass,0.8,1.0489103258063162,0.9999970169650452,0.9999970169650452
2012-07-24,23,3,634.1,500.0,24,133.74404296875,1,1,1,pass,0.8,1.047805465979481,0.9999690265565976,0.9999690265565976
2012-07-24,23,4,634.1,500.0,24,133.70878906250002,1,1,1,pass,0.8,1.0480346808431975,0.999959502130398,0.999959502130398
2012-07-24,23,5,634.1,500.0,24,135.0219970703125,1,1,1,pass,0.8,1.049094031722539,0.9999512233423384,0.9999512233423384
2012-07-24,23,6,634.1,500.0,24,133.338623046875,1,1,1,pass,0.8,1.0476141584775176,0.9999803745499016,0.9999803745499016
2012-07-24,23,7,634.1,500.0,24,131.716943359375,1,1,1,pass,0.8,1.047688408402952,0.9999933072662418,0.9999933072662418
2012-07-24,23,8,634.1,500.0,24,133.937939453125,1,1,1,pass,0.8,1.047681938108237,0.9999921452893228,0.9999921452893228
2012-07-24,23,9,634.1,500.0,24,134.2287841796875,1,1,1,pass,0.8,1.0478690041715255,0.9999814186195798,0.9999814186195798
2012-07-25,24,0,634.1,500.0,24,128.984375,1,1,1,pass,0.8,1.049999513981762,0.9999962167402504,0.9999962167402504
2012-07-25,24,1,634.1,500.0,24,135.876904296875,1,1,1,pass,0.8,1.0498080396267202,0.9999956231642444,0.9999956231642444
2012-07-25,24,2,634.1,500.0,24,95.703125,1,1,1,pass,0.8,1.0499993906714733,0.999956410835719,0.999956410835719
2012-07-25,24,3,634.1,500.0,24,98.046875,1,1,1,pass,0.8,1.050000832542208,0.9999911055775124,0.9999911055775124
2012-07-25,24,4,634.1,500.0,24,135.806396484375,1,1,1,pass,0.8,1.0498078728649136,0.9999950615794942,0.9999950615794942
2012-07-25,24,5,634.1,500.0,24,102.8125,1,1,1,pass,0.8,1.050000809554485,0.9999950008681738,0.9999950008681738
2012-07-25,24,6,634.1,500.0,24,130.234375,1,1,1,pass,0.8,1.0499986825336924,0.9999940542968002,0.9999940542968002
2012-07-25,24,7,634.1,500.0,24,130.078125,1,1,1,pass,0.8,1.0500007526976085,0.9999981827400636,0.9999981827400636
2012-07-25,24,8,634.1,500.0,24,98.125,1,1,1,pass,0.8,1.049999927246877,0.9999940700662534,0.9999940700662534
2012-07-25,24,9,634.1,500.0,24,125.625,1,1,1,pass,0.8,1.0499991324771982,0.999995842026292,0.999995842026292
2012-07-26,25,0,634.1,500.0,24,133.6294677734375,1,1,1,pass,0.8,1.0475266346331331,0.9999918107915936,0.9999918107915936
2012-07-26,25,1,634.1,500.0,24,134.67827148437502,1,1,1,pass,0.8,1.0478484701038906,0.999927329311228,0.999927329311228
2012-07-26,25,2,634.1,500.0,24,135.7447021484375,1,1,1,pass,0.8,1.048932039189992,0.9999842795663352,0.9999842795663352
2012-07-26,25,3,634.1,500.0,24,135.7447021484375,1,1,1,pass,0.8,1.0485842427629395,0.9999730776032344,0.9999730776032344
2012-07-26,25,4,634.1,500.0,24,134.81047363281252,1,1,1,pass,0.8,1.047968485456762,0.99997431532977,0.99997431532977
2012-07-26,25,5,634.1,500.0,24,135.101318359375,1,1,1,pass,0.8,1.048452989343308,0.9999783533907451,0.9999783533907451
2012-07-26,25,6,634.1,500.0,24,134.81047363281252,1,1,1,pass,0.8,1.048647235254732,0.9999637353467274,0.9999637353467274
2012-07-26,25,7,634.1,500.0,24,132.704052734375,1,1,1,pass,0.8,1.0471704323341549,0.9999672809463934,0.9999672809463934
2012-07-26,25,8,634.1,500.0,24,135.20708007812502,1,1,1,pass,0.8,1.0483289183899331,0.9999832078169384,0.9999832078169384
2012-07-26,25,9,634.1,500.0,24,133.902685546875,1,1,1,pass,0.8,1.0482546950333873,0.9999752968682748,0.9999752968682748
2012-07-27,26,0,634.1,500.0,24,134.609375,1,1,1,pass,0.8,1.0499995680835206,0.9999682563181266,0.9999682563181266
2012-07-27,26,1,634.1,500.0,24,135.0043701171875,1,1,1,pass,0.8,1.0499598450120549,0.9999921418440616,0.9999921418440616
2012-07-27,26,2,634.1,500.0,24,98.359375,1,1,1,pass,0.8,1.050000048670217,0.9999753805922836,0.9999753805922836
2012-07-27,26,3,634.1,500.0,24,124.453125,1,1,1,pass,0.8,1.0500003821113564,0.9999573642921984,0.9999573642921984
2012-07-27,26,4,634.1,500.0,24,134.37861328125,1,1,1,pass,0.8,1.0498389960389425,0.999968463893976,0.999968463893976
2012-07-27,26,5,634.1,500.0,24,134.9691162109375,1,1,1,pass,0.8,1.0497440550090242,0.999967186617864,0.999967186617864
2012-07-27,26,6,634.1,500.0,24,135.6125,1,1,1,pass,0.8,1.0489126692476125,0.999977347942176,0.999977347942176
2012-07-27,26,7,634.1,500.0,24,134.23759765625002,1,1,1,pass,0.8,1.049997018544026,0.9999730448101056,0.9999730448101056
2012-07-27,26,8,634.1,500.0,24,114.53125,1,1,1,pass,0.8,1.0499998340496297,0.9999928297858632,0.9999928297858632
2012-07-27,26,9,634.1,500.0,24,130.9375,1,1,1,pass,0.8,1.049999940411377,0.9999878398117314,0.9999878398117314
2012-07-28,27,0,634.1,500.0,24,133.9996337890625,1,1,1,pass,0.8,1.0488291402454872,0.9999547998898908,0.9999547998898908
2012-07-28,27,1,634.1,500.0,24,133.5677734375,1,1,1,pass,0.8,1.0489987559767129,0.9999689199994064,0.9999689199994064
2012-07-28,27,2,634.1,500.0,24,133.60302734375,1,1,1,pass,0.8,1.0499064339500737,0.999973018812874,0.999973018812874
2012-07-28,27,3,634.1,500.0,24,135.0925048828125,1,1,1,pass,0.8,1.049846323587591,0.9999940919856242,0.9999940919856242
2012-07-28,27,4,634.1,500.0,24,133.32099609375,1,1,1,pass,0.8,1.0490969031014437,0.9999974301078596,0.9999974301078596
2012-07-28,27,5,634.1,500.0,24,132.8125,1,1,1,pass,0.8,1.0500009293668675,0.9999477079352956,0.9999477079352956
2012-07-28,27,6,634.1,500.0,24,134.078955078125,1,1,1,pass,0.8,1.048547646518142,0.9999750920945696,0.9999750920945696
2012-07-28,27,7,634.1,500.0,24,133.359375,1,1,1,pass,0.8,1.0500002855467228,0.9999831360056828,0.9999831360056828
2012-07-28,27,8,634.1,500.0,24,132.5013427734375,1,1,1,pass,0.8,1.0495382361046146,0.9999970249561034,0.9999970249561034
2012-07-28,27,9,634.1,500.0,24,133.8233642578125,1,1,1,pass,0.8,1.048242836760281,0.9999935870739408,0.9999935870739408
2012-07-29,28,0,634.1,500.0,24,131.46135253906252,1,1,1,pass,0.8,1.0483895224334483,0.999987711758796,0.999987711758796
2012-07-29,28,1,634.1,500.0,24,134.59013671875002,1,1,1,pass,0.8,1.0488470017169444,0.9999938891375452,0.9999938891375452
2012-07-29,28,2,634.1,500.0,24,132.9948974609375,1,1,1,pass,0.8,1.0483529570607812,0.9999945113220446,0.9999945113220446
2012-07-29,28,3,634.1,500.0,24,131.02067871093752,1,1,1,pass,0.8,1.048330432124241,0.9999440523823152,0.9999440523823152
2012-07-29,28,4,634.1,500.0,24,131.28508300781252,1,1,1,pass,0.8,1.0479265897910206,0.9999887826982092,0.9999887826982092
2012-07-29,28,5,634.1,500.0,24,133.585400390625,1,1,1,pass,0.8,1.0484721521281553,0.9999986911104978,0.9999986911104978
2012-07-29,28,6,634.1,500.0,24,132.986083984375,1,1,1,pass,0.8,1.0478320229881442,0.9999511269451844,0.9999511269451844
2012-07-29,28,7,634.1,500.0,24,132.4484619140625,1,1,1,pass,0.8,1.0493678932761623,0.9999955320833251,0.9999955320833251
2012-07-29,28,8,634.1,500.0,24,132.3074462890625,1,1,1,pass,0.8,1.0490258751534045,0.9999871756333556,0.9999871756333556
2012-07-29,28,9,634.1,500.0,24,130.394921875,1,1,1,pass,0.8,1.0480941197469904,0.9999750754089568,0.9999750754089568
2012-07-30,29,0,634.1,500.0,24,117.734375,1,1,1,pass,0.8,1.050000650652179,0.9999931621705452,0.9999931621705452
2012-07-30,29,1,634.1,500.0,24,134.7575927734375,1,1,1,pass,0.8,1.0497566005721637,0.9999783007407678,0.9999783007407678
2012-07-30,29,2,634.1,500.0,24,133.6823486328125,1,1,1,pass,0.8,1.0487723211685622,0.9999289602100137,0.9999289602100137
2012-07-30,29,3,634.1,500.0,24,133.338623046875,1,1,1,pass,0.8,1.049431778380028,0.9999697530023444,0.9999697530023444
2012-07-30,29,4,634.1,500.0,24,134.37861328125,1,1,1,pass,0.8,1.048171491109385,0.9999966346939412,0.9999966346939412
2012-07-30,29,5,634.1,500.0,24,110.859375,1,1,1,pass,0.8,1.0499993008607182,0.99996602456308,0.99996602456308
2012-07-30,29,6,634.1,500.0,24,134.0701416015625,1,1,1,pass,0.8,1.049471578195626,0.999895845651859,0.999895845651859
2012-07-30,29,7,634.1,500.0,24,134.84375,1,1,1,pass,0.8,1.0499995641266775,0.9999857207729212,0.9999857207729212
2012-07-30,29,8,634.1,500.0,24,111.328125,1,1,1,pass,0.8,1.0499994044311904,0.9999614906768902,0.9999614906768902
2012-07-30,29,9,634.1,500.0,24,133.1535400390625,1,1,1,pass,0.8,1.0483708118087849,0.9999476756346654,0.9999476756346654
2012-07-31,30,0,634.1,500.0,24,133.7352294921875,1,1,1,pass,0.8,1.0487635006372196,0.999974129500156,0.999974129500156
2012-07-31,30,1,634.1,500.0,24,134.20234375,1,1,1,pass,0.8,1.0486872778691436,0.9999944132852908,0.9999944132852908
2012-07-31,30,2,634.1,500.0,24,134.008447265625,1,1,1,pass,0.8,1.0478686222277798,0.9999902819952208,0.9999902819952208
2012-07-31,30,3,634.1,500.0,24,134.078955078125,1,1,1,pass,0.8,1.0482787747363222,0.9999984935289876,0.9999984935289876
2012-07-31,30,4,634.1,500.0,24,132.82744140625002,1,1,1,pass,0.8,1.0483204460987825,0.9999947883983386,0.9999947883983386
2012-07-31,30,5,634.1,500.0,24,134.8457275390625,1,1,1,pass,0.8,1.049294229202509,0.9999723742777262,0.9999723742777262
2012-07-31,30,6,634.1,500.0,24,133.1006591796875,1,1,1,pass,0.8,1.0476523993939582,0.999985427449256,0.999985427449256
2012-07-31,30,7,634.1,500.0,24,132.5365966796875,1,1,1,pass,0.8,1.04817367636015,0.9999786844091324,0.9999786844091324
2012-07-31,30,8,634.1,500.0,24,135.3569091796875,1,1,1,pass,0.8,1.0486826462581775,0.9999293786394836,0.9999293786394836
2012-07-31,30,9,634.1,500.0,24,132.5718505859375,1,1,1,pass,0.8,1.047821318560644,0.9999623576162676,0.9999623576162676
2012-08-01,31,0,634.1,500.0,24,134.4931884765625,1,1,1,pass,0.8,1.049790447858198,0.9999956317046762,0.9999956317046762
2012-08-01,31,1,634.1,500.0,24,135.9209716796875,1,1,1,pass,0.8,1.049798049055073,0.9999592939441008,0.9999592939441008
2012-08-01,31,2,634.1,500.0,24,132.34375,1,1,1,pass,0.8,1.0500000842808077,0.9999853574257596,0.9999853574257596
2012-08-01,31,3,634.1,500.0,24,133.937939453125,1,1,1,pass,0.8,1.0491777136808431,0.9999991843638616,0.9999991843638616
2012-08-01,31,4,634.1,500.0,24,134.7399658203125,1,1,1,pass,0.8,1.0492154514814445,0.9999610594150145,0.9999610594150145
2012-08-01,31,5,634.1,500.0,24,124.609375,1,1,1,pass,0.8,1.0499997067853877,0.9999970246758636,0.9999970246758636
2012-08-01,31,6,634.1,500.0,24,134.36979980468752,1,1,1,pass,0.8,1.0487327390226515,0.9999484289349864,0.9999484289349864
2012-08-01,31,7,634.1,500.0,24,132.0166015625,1,1,1,pass,0.8,1.0495977492804112,0.9999995611882208,0.9999995611882208
2012-08-01,31,8,634.1,500.0,24,128.828125,1,1,1,pass,0.8,1.049999456513584,0.9999884792661295,0.9999884792661295
2012-08-01,31,9,634.1,500.0,24,123.75,1,1,1,pass,0.8,1.0499995417343746,0.9999612812717824,0.9999612812717824
2012-08-02,32,0,634.1,500.0,24,134.98674316406252,1,1,1,pass,0.8,1.0494255894003612,0.9999639429614314,0.9999639429614314
2012-08-02,32,1,634.1,500.0,24,135.0219970703125,1,1,1,pass,0.8,1.0496977128126763,0.9999852252286674,0.9999852252286674
2012-08-02,32,2,634.1,500.0,24,114.609375,1,1,1,pass,0.8,1.049999826593131,0.9999953446466489,0.9999953446466489
2012-08-02,32,3,634.1,500.0,24,119.53125,1,1,1,pass,0.8,1.050000581592126,0.9999925080236112,0.9999925080236112
2012-08-02,32,4,634.1,500.0,24,134.784033203125,1,1,1,pass,0.8,1.049794779844993,0.9999953944197062,0.9999953944197062
2012-08-02,32,5,634.1,500.0,24,111.953125,1,1,1,pass,0.8,1.049999356553249,0.9999708656589488,0.9999708656589488
2012-08-02,32,6,634.1,500.0,24,133.17998046875002,1,1,1,pass,0.8,1.049583326895969,0.9999973950514722,0.9999973950514722
2012-08-02,32,7,634.1,500.0,24,134.219970703125,1,1,1,pass,0.8,1.04933452231331,0.99996872949613,0.99996872949613
2012-08-02,32,8,634.1,500.0,24,133.984375,1,1,1,pass,0.8,1.0499995972843867,0.9999957161301618,0.9999957161301618
2012-08-02,32,9,634.1,500.0,24,134.01726074218752,1,1,1,pass,0.8,1.04908999588127,0.9999988864806362,0.9999988864806362
2012-08-03,33,0,634.1,500.0,24,134.925048828125,1,1,1,pass,0.8,1.0497340490106857,0.999983477781416,0.999983477781416
2012-08-03,33,1,634.1,500.0,24,112.96875,1,1,1,pass,0.8,1.0499988449991706,0.9999901134283362,0.9999901134283362
2012-08-03,33,2,634.1,500.0,24,118.75,1,1,1,pass,0.8,1.0499995679996388,0.9999945201778884,0.9999945201778884
2012-08-03,33,3,634.1,500.0,24,126.71875,1,1,1,pass,0.8,1.0499999391546948,0.9999942764035168,0.9999942764035168
2012-08-03,33,4,634.1,500.0,24,134.1230224609375,1,1,1,pass,0.8,1.0491331584992538,0.999937837449948,0.999937837449948
2012-08-03,33,5,634.1,500.0,24,118.125,1,1,1,pass,0.8,1.0499994891093842,0.99998212008776,0.99998212008776
2012-08-03,33,6,634.1,500.0,24,135.2599609375,1,1,1,pass,0.8,1.0498022947876515,0.9999948624585812,0.9999948624585812
2012-08-03,33,7,634.1,500.0,24,133.00371093750002,1,1,1,pass,0.8,1.0491978903507824,0.9999740679551988,0.9999740679551988
2012-08-03,33,8,634.1,500.0,24,122.890625,1,1,1,pass,0.8,1.0500005476338754,0.9999829367463264,0.9999829367463264
2012-08-03,33,9,634.1,500.0,24,132.68642578125,1,1,1,pass,0.8,1.0498525622639487,0.9999745785135457,0.9999745785135457
2012-08-04,34,0,634.1,500.0,24,135.242333984375,1,1,1,pass,0.8,1.0496734638614502,0.9999807095881644,0.9999807095881644
2012-08-04,34,1,634.1,500.0,24,135.01318359375,1,1,1,pass,0.8,1.0498728989566817,0.9999938568170332,0.9999938568170332
2012-08-04,34,2,634.1,500.0,24,129.453125,1,1,1,pass,0.8,1.0499998377944282,1.000000685185516,1.000000685185516
2012-08-04,34,3,634.1,500.0,24,128.359375,1,1,1,pass,0.8,1.0500002595397706,0.9999373535311552,0.9999373535311552
2012-08-04,34,4,634.1,500.0,24,133.03896484375,1,1,1,pass,0.8,1.049545884719587,0.9999894268972253,0.9999894268972253
2012-08-04,34,5,634.1,500.0,24,122.5,1,1,1,pass,0.8,1.049999459575372,0.9999781812056164,0.9999781812056164
2012-08-04,34,6,634.1,500.0,24,133.8057373046875,1,1,1,pass,0.8,1.0496992989227028,0.9999906502188012,0.9999906502188012
2012-08-04,34,7,634.1,500.0,24,129.140625,1,1,1,pass,0.8,1.050000859720307,0.9999809579111172,0.9999809579111172
2012-08-04,34,8,634.1,500.0,24,117.65625,1,1,1,pass,0.8,1.0499992033461325,0.9999741052824832,0.9999741052824832
2012-08-04,34,9,634.1,500.0,24,134.607763671875,1,1,1,pass,0.8,1.0492093693152462,0.999993455242538,0.999993455242538
2012-08-05,35,0,634.1,500.0,24,133.8233642578125,1,1,1,pass,0.8,1.0498990123138934,0.999995855202078,0.999995855202078
2012-08-05,35,1,634.1,500.0,24,128.125,1,1,1,pass,0.8,1.049999707499699,0.9999861765532224,0.9999861765532224
2012-08-05,35,2,634.1,500.0,24,128.203125,1,1,1,pass,0.8,1.0499989497251887,0.9999638197194302,0.9999638197194302
2012-08-05,35,3,634.1,500.0,24,130.234375,1,1,1,pass,0.8,1.0500007252814183,0.9999974360282236,0.9999974360282236
2012-08-05,35,4,634.1,500.0,24,132.527783203125,1,1,1,pass,0.8,1.048870088252975,0.9999926381516844,0.9999926381516844
2012-08-05,35,5,634.1,500.0,24,120.3125,1,1,1,pass,0.8,1.0500007858474638,0.9999977736043436,0.9999977736043436
2012-08-05,35,6,634.1,500.0,24,133.60302734375,1,1,1,pass,0.8,1.0491838034665342,0.9999926310718902,0.9999926310718902
2012-08-05,35,7,634.1,500.0,24,131.1440673828125,1,1,1,pass,0.8,1.04949400345742,1.0000008567720242,1.0000008567720242
2012-08-05,35,8,634.1,500.0,24,135.43623046875,1,1,1,pass,0.8,1.049720051328716,0.9999794659806406,0.9999794659806406
2012-08-05,35,9,634.1,500.0,24,132.8125,1,1,1,pass,0.8,1.050000929563229,0.9999713054667886,0.9999713054667886
2012-08-06,36,0,634.1,500.0,24,118.75,1,1,1,pass,0.8,1.0499990772370176,0.999985911886946,0.999985911886946
2012-08-06,36,1,634.1,500.0,24,118.203125,1,1,1,pass,0.8,1.0499986609827503,0.9999693966445286,0.9999693966445286
2012-08-06,36,2,634.1,500.0,24,92.65625,1,1,1,pass,0.8,1.0500005500042535,0.9999188754939364,0.9999188754939364
2012-08-06,36,3,634.1,500.0,24,116.71875,1,1,1,pass,0.8,1.0500000326090928,0.9999996072830464,0.9999996072830464
2012-08-06,36,4,634.1,500.0,24,135.4097900390625,1,1,1,pass,0.8,1.0497068335804547,0.9999898337883416,0.9999898337883416
2012-08-06,36,5,634.1,500.0,24,78.984375,1,1,1,pass,0.8,1.0500000714508164,0.9999998919936324,0.9999998919936324
2012-08-06,36,6,634.1,500.0,24,135.33928222656252,1,1,1,pass,0.8,1.0495829933607292,0.9999943521068844,0.9999943521068844
2012-08-06,36,7,634.1,500.0,24,134.8633544921875,1,1,1,pass,0.8,1.0495066928008865,0.999951203014626,0.999951203014626
2012-08-06,36,8,634.1,500.0,24,97.34375,1,1,1,pass,0.8,1.049999745938272,0.9999047092266884,0.9999047092266884
2012-08-06,36,9,634.1,500.0,24,122.109375,1,1,1,pass,0.8,1.0500004992876266,0.999994445760257,0.999994445760257
2012-08-07,37,0,634.1,500.0,24,134.3169189453125,1,1,1,pass,0.8,1.0499580524806236,0.9999907811741744,0.9999907811741744
2012-08-07,37,1,634.1,500.0,24,109.609375,1,1,1,pass,0.8,1.050000815525508,0.9998951443302998,0.9998951443302998
2012-08-07,37,2,634.1,500.0,24,88.75,1,1,1,pass,0.8,1.050000984068379,0.9999980564161358,0.9999980564161358
2012-08-07,37,3,634.1,500.0,24,126.484375,1,1,1,pass,0.8,1.0499999800116315,0.9999915075610022,0.9999915075610022
2012-08-07,37,4,634.1,500.0,24,126.640625,1,1,1,pass,0.8,1.050000958197244,0.9999335052556424,0.9999335052556424
2012-08-07,37,5,634.1,500.0,24,88.203125,1,1,1,pass,0.8,1.050000733925111,0.9999817319887516,0.9999817319887516
2012-08-07,37,6,634.1,500.0,24,130.234375,1,1,1,pass,0.8,1.04999960772093,0.9999996130726851,0.9999996130726851
2012-08-07,37,7,634.1,500.0,24,128.125,1,1,1,pass,0.8,1.050000471660975,0.999995508583649,0.999995508583649
2012-08-07,37,8,634.1,500.0,24,89.140625,1,1,1,pass,0.8,1.0499994443906373,0.99994822652481,0.99994822652481
2012-08-07,37,9,634.1,500.0,24,122.890625,1,1,1,pass,0.8,1.0499995417336758,0.9999884903596132,0.9999884903596132
2012-08-08,38,0,634.1,500.0,24,126.09375,1,1,1,pass,0.8,1.0499995924458063,0.9999818378882712,0.9999818378882712
2012-08-08,38,1,634.1,500.0,24,121.25,1,1,1,pass,0.8,1.0499993558418854,0.9999814950983344,0.9999814950983344
2012-08-08,38,2,634.1,500.0,24,114.375,1,1,1,pass,0.8,1.0500001965123964,0.9999152862872844,0.9999152862872844
2012-08-08,38,3,634.1,500.0,24,125.546875,1,1,1,pass,0.8,1.049998771814105,1.0000005730461103,1.0000005730461103
2012-08-08,38,4,634.1,500.0,24,105.3125,1,1,1,pass,0.8,1.049999476551455,0.999938753080767,0.999938753080767
2012-08-08,38,5,634.1,500.0,24,109.609375,1,1,1,pass,0.8,1.0499984257197004,0.9999892578840128,0.9999892578840128
2012-08-08,38,6,634.1,500.0,24,123.125,1,1,1,pass,0.8,1.049999469219148,0.9999953773675428,0.9999953773675428
2012-08-08,38,7,634.1,500.0,24,121.40625,1,1,1,pass,0.8,1.0499987513496916,0.9999935937257364,0.9999935937257364
2012-08-08,38,8,634.1,500.0,24,99.453125,1,1,1,pass,0.8,1.0499999677850411,0.9999882488101812,0.9999882488101812
2012-08-08,38,9,634.1,500.0,24,114.21875,1,1,1,pass,0.8,1.049999231838328,0.9999962840470508,0.9999962840470508
2012-08-09,39,0,634.1,500.0,24,115.9375,1,1,1,pass,0.8,1.049999197097634,0.9999732314113216,0.9999732314113216
2012-08-09,39,1,634.1,500.0,24,136.63486328125,1,1,1,pass,0.8,1.049493885534587,0.9999984946469376,0.9999984946469376
2012-08-09,39,2,634.1,500.0,24,116.953125,1,1,1,pass,0.8,1.0500004161055798,0.9999917282814568,0.9999917282814568
2012-08-09,39,3,634.1,500.0,24,136.13249511718752,1,1,1,pass,0.8,1.049873063795236,0.9999934975853272,0.9999934975853272
2012-08-09,39,4,634.1,500.0,24,134.6165771484375,1,1,1,pass,0.8,1.0497411581247764,0.9999986805665408,0.9999986805665408
2012-08-09,39,5,634.1,500.0,24,122.109375,1,1,1,pass,0.8,1.0499984074368285,0.9999984726978594,0.9999984726978594
2012-08-09,39,6,634.1,500.0,24,135.1982666015625,1,1,1,pass,0.8,1.0487509294495418,0.9999928988918272,0.9999928988918272
2012-08-09,39,7,634.1,500.0,24,134.19353027343752,1,1,1,pass,0.8,1.048361609566128,0.9999916740287724,0.9999916740287724
2012-08-09,39,8,634.1,500.0,24,136.335205078125,1,1,1,pass,0.8,1.0497895153104868,0.9999869097833132,0.9999869097833132
2012-08-09,39,9,634.1,500.0,24,127.421875,1,1,1,pass,0.8,1.050000168330638,0.999986497598754,0.999986497598754
2012-08-10,40,1,634.1,500.0,24,132.7481201171875,1,1,1,pass,0.8,1.0475465656691916,0.999974478475764,0.999974478475764
2012-08-10,40,2,634.1,500.0,24,132.69523925781252,1,1,1,pass,0.8,1.0477741281662245,0.9999575273755636,0.9999575273755636
2012-08-10,40,3,634.1,500.0,24,131.8315185546875,1,1,1,pass,0.8,1.047540977093129,0.999978924907493,0.999978924907493
2012-08-10,40,4,634.1,500.0,24,129.37255859375,1,1,1,pass,0.8,1.0475157610728951,0.9999681762805872,0.9999681762805872
2012-08-10,40,5,634.1,500.0,24,130.377294921875,1,1,1,pass,0.8,1.0479492380677955,1.0000009680544135,1.0000009680544135
2012-08-10,40,6,634.1,500.0,24,130.99423828125,1,1,1,pass,0.8,1.047352336237908,0.9999936617643432,0.9999936617643432
2012-08-10,40,7,634.1,500.0,24,129.65458984375002,1,1,1,pass,0.8,1.047412928813405,0.9999928897050272,0.9999928897050272
2012-08-10,40,8,634.1,500.0,24,132.5365966796875,1,1,1,pass,0.8,1.0473169821365285,0.9999947303303238,0.9999947303303238
2012-08-10,40,9,634.1,500.0,24,129.495947265625,1,1,1,pass,0.8,1.0476494182896114,0.9999978246366138,0.9999978246366138
2012-08-11,41,0,634.1,500.0,24,129.249169921875,1,1,1,pass,0.8,1.0477782644174216,0.9999808941228484,0.9999808941228484
2012-08-11,41,1,634.1,500.0,24,133.779296875,1,1,1,pass,0.8,1.0478325458744526,1.0000006399677972,1.0000006399677972
2012-08-11,41,2,634.1,500.0,24,130.7210205078125,1,1,1,pass,0.8,1.0475623820189088,0.9999749890146448,0.9999749890146448
2012-08-11,41,3,634.1,500.0,24,129.7691650390625,1,1,1,pass,0.8,1.047903724459888,0.999998483503562,0.999998483503562
2012-08-11,41,4,634.1,500.0,24,132.175244140625,1,1,1,pass,0.8,1.0476521240066392,0.99991361378571,0.99991361378571
2012-08-11,41,5,634.1,500.0,24,130.394921875,1,1,1,pass,0.8,1.0479552837840826,0.9999940053048798,0.9999940053048798
2012-08-11,41,6,634.1,500.0,24,131.646435546875,1,1,1,pass,0.8,1.047461594210726,0.999936896168284,0.999936896168284
2012-08-11,41,7,634.1,500.0,24,127.028173828125,1,1,1,pass,0.8,1.047196244159756,0.9999983599483572,0.9999983599483572
2012-08-11,41,8,634.1,500.0,24,129.9013671875,1,1,1,pass,0.8,1.0479019561904253,0.999987483085556,0.999987483085556
2012-08-11,41,9,634.1,500.0,24,128.790869140625,1,1,1,pass,0.8,1.047901474163942,0.9999494981333916,0.9999494981333916
2012-08-12,42,0,634.1,500.0,24,127.44240722656252,1,1,1,pass,0.8,1.0477061524802602,1.0000008053946388,1.0000008053946388
2012-08-12,42,1,634.1,500.0,24,131.98134765625,1,1,1,pass,0.8,1.047871014507705,0.9999610150154692,0.9999610150154692
2012-08-12,42,2,634.1,500.0,24,131.434912109375,1,1,1,pass,0.8,1.0475959614803971,0.9999907035410908,0.9999907035410908
2012-08-12,42,3,634.1,500.0,24,125.441748046875,1,1,1,pass,0.8,1.047805003438151,0.9999907247892073,0.9999907247892073
2012-08-12,42,4,634.1,500.0,24,131.0294921875,1,1,1,pass,0.8,1.0480049379729397,0.9999967158198494,0.9999967158198494
2012-08-12,42,5,634.1,500.0,24,129.86611328125,1,1,1,pass,0.8,1.047711537970436,0.9999891361049676,0.9999891361049676
2012-08-12,42,6,634.1,500.0,24,130.57119140625,1,1,1,pass,0.8,1.0475816961230502,0.9999839914113616,0.9999839914113616
2012-08-12,42,7,634.1,500.0,24,128.28850097656252,1,1,1,pass,0.8,1.0479309288811889,0.9999962430960664,0.9999962430960664
2012-08-12,42,8,634.1,500.0,24,130.165771484375,1,1,1,pass,0.8,1.0476019478419225,0.9999723161766924,0.9999723161766924
2012-08-12,42,9,634.1,500.0,24,130.5976318359375,1,1,1,pass,0.8,1.0477003698159804,0.9999480438222984,0.9999480438222984
2012-08-13,43,0,634.1,500.0,24,134.907421875,1,1,1,pass,0.8,1.0491312935129824,1.0000007541723346,1.0000007541723346
2012-08-13,43,1,634.1,500.0,24,135.92978515625,1,1,1,pass,0.8,1.0499959543036326,0.999989504510268,0.999989504510268
2012-08-13,43,2,634.1,500.0,24,129.6875,1,1,1,pass,0.8,1.0499998487798403,0.9999999435908928,0.9999999435908928
2012-08-13,43,3,634.1,500.0,24,109.375,1,1,1,pass,0.8,1.0499984745623363,0.9999893082450791,0.9999893082450791
2012-08-13,43,4,634.1,500.0,24,135.4450439453125,1,1,1,pass,0.8,1.0498351144651,0.999960048289978,0.999960048289978
2012-08-13,43,5,634.1,500.0,24,95.078125,1,1,1,pass,0.8,1.0499997167203403,0.9999926619730708,0.9999926619730708
2012-08-13,43,6,634.1,500.0,24,135.665380859375,1,1,1,pass,0.8,1.0492866994026644,0.9999840126340986,0.9999840126340986
2012-08-13,43,7,634.1,500.0,24,135.42741699218752,1,1,1,pass,0.8,1.049638142046814,0.9999626229034256,0.9999626229034256
2012-08-13,43,8,634.1,500.0,24,130.859375,1,1,1,pass,0.8,1.0499986683158724,0.9999781912918112,0.9999781912918112
2012-08-13,43,9,634.1,500.0,24,127.1875,1,1,1,pass,0.8,1.0500005055193946,0.9999354497347784,0.9999354497347784
2012-08-14,44,0,634.1,500.0,24,135.20708007812502,1,1,1,pass,0.8,1.0493202281347958,0.9999923676523086,0.9999923676523086
2012-08-14,44,1,634.1,500.0,24,119.921875,1,1,1,pass,0.8,1.0499990274965858,0.9999846413268528,0.9999846413268528
2012-08-14,44,2,634.1,500.0,24,135.876904296875,1,1,1,pass,0.8,1.0493106049795209,0.9999807563430856,0.9999807563430856
2012-08-14,44,3,634.1,500.0,24,112.734375,1,1,1,pass,0.8,1.0500003451253843,0.9999787791405402,0.9999787791405402
2012-08-14,44,4,634.1,500.0,24,128.4375,1,1,1,pass,0.8,1.04999964576574,0.9999989795725018,0.9999989795725018
2012-08-14,44,5,634.1,500.0,24,112.96875,1,1,1,pass,0.8,1.049998754528099,0.9999184070947182,0.9999184070947182
2012-08-14,44,6,634.1,500.0,24,123.984375,1,1,1,pass,0.8,1.0499997493326922,0.99996319451988,0.99996319451988
2012-08-14,44,7,634.1,500.0,24,132.56303710937502,1,1,1,pass,0.8,1.049780720520139,0.9999988960316816,0.9999988960316816
2012-08-14,44,8,634.1,500.0,24,118.671875,1,1,1,pass,0.8,1.050000754079944,0.9999527123452376,0.9999527123452376
2012-08-14,44,9,634.1,500.0,24,135.242333984375,1,1,1,pass,0.8,1.0497253471722912,0.9999948136817248,0.9999948136817248
2012-08-15,45,0,634.1,500.0,24,135.36572265625,1,1,1,pass,0.8,1.0489236615790267,0.9999958510928804,0.9999958510928804
2012-08-15,45,1,634.1,500.0,24,134.76640625000002,1,1,1,pass,0.8,1.0490196157363794,0.999969040694117,0.999969040694117
2012-08-15,45,2,634.1,500.0,24,135.7623291015625,1,1,1,pass,0.8,1.0491047077597069,0.9999626469672388,0.9999626469672388
2012-08-15,45,3,634.1,500.0,24,136.0619873046875,1,1,1,pass,0.8,1.0494790831601843,0.99996018416267,0.99996018416267
2012-08-15,45,4,634.1,500.0,24,136.4321533203125,1,1,1,pass,0.8,1.048812417119805,0.9999706092345696,0.9999706092345696
2012-08-15,45,5,634.1,500.0,24,135.1453857421875,1,1,1,pass,0.8,1.0493323742718972,0.9999467941413016,0.9999467941413016
2012-08-15,45,6,634.1,500.0,24,135.9738525390625,1,1,1,pass,0.8,1.0490414671265067,0.9999692021782736,0.9999692021782736
2012-08-15,45,7,634.1,500.0,24,134.59013671875002,1,1,1,pass,0.8,1.0485510141783172,0.99996814724949,0.99996814724949
2012-08-15,45,8,634.1,500.0,24,136.35283203125002,1,1,1,pass,0.8,1.0490312705222862,0.999966989579789,0.999966989579789
2012-08-15,45,9,634.1,500.0,24,133.761669921875,1,1,1,pass,0.8,1.048844852414522,0.999992567489632,0.999992567489632
2012-08-16,46,0,634.1,500.0,24,102.96875,1,1,1,pass,0.8,1.0500003100965112,1.0000002727276491,1.0000002727276491
2012-08-16,46,1,634.1,500.0,24,124.296875,1,1,1,pass,0.8,1.0500001634842957,0.9999647884936896,0.9999647884936896
2012-08-16,46,2,634.1,500.0,24,69.765625,1,1,1,pass,0.8,1.049999318194444,0.999996738950851,0.999996738950851
2012-08-16,46,3,634.1,500.0,24,58.59375,1,1,1,pass,0.8,1.0499998235274282,0.999991040225238,0.999991040225238
2012-08-16,46,4,634.1,500.0,24,117.578125,1,1,1,pass,0.8,1.049999560304569,0.999934766945525,0.999934766945525
2012-08-16,46,5,634.1,500.0,24,86.796875,1,1,1,pass,0.8,1.0500007529398734,0.99999550641147,0.99999550641147
2012-08-16,46,6,634.1,500.0,24,108.828125,1,1,1,pass,0.8,1.0500007808579908,0.9999663681216086,0.9999663681216086
2012-08-16,46,7,634.1,500.0,24,107.1875,1,1,1,pass,0.8,1.0500002548413048,0.9999755393421792,0.9999755393421792
2012-08-16,46,8,634.1,500.0,24,103.4375,1,1,1,pass,0.8,1.0500009572272913,0.9999743331216652,0.9999743331216652
2012-08-16,46,9,634.1,500.0,24,111.09375,1,1,1,pass,0.8,1.0500000533371396,0.9999965997184528,0.9999965997184528
2012-08-17,47,0,634.1,500.0,24,127.5,1,1,1,pass,0.8,1.049999312611,0.9999884460630244,0.9999884460630244
2012-08-17,47,1,634.1,500.0,24,121.71875,1,1,1,pass,0.8,1.0499992234444622,0.9999961633431224,0.9999961633431224
2012-08-17,47,2,634.1,500.0,24,90.3125,1,1,1,pass,0.8,1.049999481663821,0.999987357230564,0.999987357230564
2012-08-17,47,3,634.1,500.0,24,126.796875,1,1,1,pass,0.8,1.0500000732142225,0.9999792303485436,0.9999792303485436
2012-08-17,47,4,634.1,500.0,24,125.78125,1,1,1,pass,0.8,1.049999959508532,0.9999234349999828,0.9999234349999828
2012-08-17,47,5,634.1,500.0,24,126.09375,1,1,1,pass,0.8,1.0500001443555886,0.9999949535808654,0.9999949535808654
2012-08-17,47,6,634.1,500.0,24,129.84375,1,1,1,pass,0.8,1.0499992089797954,0.9999718725189806,0.9999718725189806
2012-08-17,47,7,634.1,500.0,24,111.40625,1,1,1,pass,0.8,1.0499989775828495,0.9999770789482596,0.9999770789482596
2012-08-17,47,8,634.1,500.0,24,121.328125,1,1,1,pass,0.8,1.0500009747991486,0.9999536027605852,0.9999536027605852
2012-08-17,47,9,634.1,500.0,24,133.1006591796875,1,1,1,pass,0.8,1.0495277970614387,0.999995835010738,0.999995835010738
2012-08-18,48,0,634.1,500.0,24,132.34375,1,1,1,pass,0.8,1.0500006114808331,0.9999684027126126,0.9999684027126126
2012-08-18,48,1,634.1,500.0,24,134.67827148437502,1,1,1,pass,0.8,1.0489503299852678,0.9999922712643248,0.9999922712643248
2012-08-18,48,2,634.1,500.0,24,132.4484619140625,1,1,1,pass,0.8,1.0495467346723344,0.9999994930180908,0.9999994930180908
2012-08-18,48,3,634.1,500.0,24,133.79692382812502,1,1,1,pass,0.8,1.0492908164537644,0.9999909544940454,0.9999909544940454
2012-08-18,48,4,634.1,500.0,24,134.3521728515625,1,1,1,pass,0.8,1.0490918683888804,0.9999809591604346,0.9999809591604346
2012-08-18,48,5,634.1,500.0,24,128.4375,1,1,1,pass,0.8,1.0499991560507245,0.9999858413463608,0.9999858413463608
2012-08-18,48,6,634.1,500.0,24,133.88505859375002,1,1,1,pass,0.8,1.049500872076227,0.9999931362293358,0.9999931362293358
2012-08-18,48,7,634.1,500.0,24,131.0559326171875,1,1,1,pass,0.8,1.0498538030914066,0.9999909173074109,0.9999909173074109
2012-08-18,48,8,634.1,500.0,24,134.2640380859375,1,1,1,pass,0.8,1.0492761498906502,1.0000002158895092,1.0000002158895092
2012-08-18,48,9,634.1,500.0,24,133.2857421875,1,1,1,pass,0.8,1.049980271699908,0.999942672262953,0.999942672262953
2012-08-19,49,0,634.1,500.0,24,133.88505859375002,1,1,1,pass,0.8,1.0488711019856594,0.9999996195386628,0.9999996195386628
2012-08-19,49,1,634.1,500.0,24,135.3569091796875,1,1,1,pass,0.8,1.0499851820576245,0.999922695650762,0.999922695650762
2012-08-19,49,2,634.1,500.0,24,135.3921630859375,1,1,1,pass,0.8,1.0498843220449956,0.9999605306453936,0.9999605306453936
2012-08-19,49,3,634.1,500.0,24,123.671875,1,1,1,pass,0.8,1.0499991754676568,0.9999558407769266,0.9999558407769266
2012-08-19,49,4,634.1,500.0,24,133.197607421875,1,1,1,pass,0.8,1.0499784134232693,0.9999987247002344,0.9999987247002344
2012-08-19,49,5,634.1,500.0,24,134.8457275390625,1,1,1,pass,0.8,1.0498872860264872,0.9999936645968404,0.9999936645968404
2012-08-19,49,6,634.1,500.0,24,120.703125,1,1,1,pass,0.8,1.0500005682161164,0.9999939589657536,0.9999939589657536
2012-08-19,49,7,634.1,500.0,24,135.4009765625,1,1,1,pass,0.8,1.0498728191669344,0.9999877665098652,0.9999877665098652
2012-08-19,49,8,634.1,500.0,24,119.53125,1,1,1,pass,0.8,1.0500001196974846,0.9999821396744007,0.9999821396744007
2012-08-19,49,9,634.1,500.0,24,135.136572265625,1,1,1,pass,0.8,1.0496901750547931,0.9999656440002442,0.9999656440002442
2012-08-20,50,0,634.1,500.0,24,135.348095703125,1,1,1,pass,0.8,1.049778635898264,0.99999933394489,0.99999933394489
2012-08-20,50,1,634.1,500.0,24,128.984375,1,1,1,pass,0.8,1.0500005673226682,0.9999873108749542,0.9999873108749542
2012-08-20,50,2,634.1,500.0,24,104.0625,1,1,1,pass,0.8,1.050000818788369,0.9999793901682218,0.9999793901682218
2012-08-20,50,3,634.1,500.0,24,92.265625,1,1,1,pass,0.8,1.0499993609495737,0.999997081462392,0.999997081462392
2012-08-20,50,4,634.1,500.0,24,119.6875,1,1,1,pass,0.8,1.049998832701596,0.999985304667965,0.999985304667965
2012-08-20,50,5,634.1,500.0,24,107.1875,1,1,1,pass,0.8,1.0499998958727292,0.9999510012550616,0.9999510012550616
2012-08-20,50,6,634.1,500.0,24,124.375,1,1,1,pass,0.8,1.0499985812177226,0.9999240215343916,0.9999240215343916
2012-08-20,50,7,634.1,500.0,24,132.03125,1,1,1,pass,0.8,1.049998670956701,0.9999994625288472,0.9999994625288472
2012-08-20,50,8,634.1,500.0,24,84.84375,1,1,1,pass,0.8,1.050000050103005,0.999970490664776,0.999970490664776
2012-08-20,50,9,634.1,500.0,24,115.859375,1,1,1,pass,0.8,1.0499999601428531,0.9999989120522506,0.9999989120522506
2012-08-21,51,0,634.1,500.0,24,120.546875,1,1,1,pass,0.8,1.0499984015098858,0.999985921563176,0.999985921563176
2012-08-21,51,1,634.1,500.0,24,96.953125,1,1,1,pass,0.8,1.0499994072946883,0.999996333879158,0.999996333879158
2012-08-21,51,2,634.1,500.0,24,107.34375,1,1,1,pass,0.8,1.0499995347572944,0.9999234093856538,0.9999234093856538
2012-08-21,51,3,634.1,500.0,24,85.46875,1,1,1,pass,0.8,1.0500005634694347,0.9999933702113616,0.9999933702113616
2012-08-21,51,4,634.1,500.0,24,117.03125,1,1,1,pass,0.8,1.0500009466960427,0.999940546325458,0.999940546325458
2012-08-21,51,5,634.1,500.0,24,78.59375,1,1,1,pass,0.8,1.049999984978369,0.9999720399366722,0.9999720399366722
2012-08-21,51,6,634.1,500.0,24,124.375,1,1,1,pass,0.8,1.0499999744181372,0.9999976672366724,0.9999976672366724
2012-08-21,51,7,634.1,500.0,24,114.6875,1,1,1,pass,0.8,1.050000195349341,0.9999975320643374,0.9999975320643374
2012-08-21,51,8,634.1,500.0,24,86.484375,1,1,1,pass,0.8,1.0500008424142868,0.9999414524802852,0.9999414524802852
2012-08-21,51,9,634.1,500.0,24,120.078125,1,1,1,pass,0.8,1.050000572855725,0.9999941425546072,0.9999941425546072
2012-08-22,52,0,634.1,500.0,24,128.4375,1,1,1,pass,0.8,1.049999734899525,0.9999915631837908,0.9999915631837908
2012-08-22,52,1,634.1,500.0,24,118.4375,1,1,1,pass,0.8,1.050000739516226,0.999999032726238,0.999999032726238
2012-08-22,52,2,634.1,500.0,24,101.25,1,1,1,pass,0.8,1.0499997983142253,0.9999854827858105,0.9999854827858105
2012-08-22,52,3,634.1,500.0,24,95.234375,1,1,1,pass,0.8,1.0500001385236426,0.9999627514641884,0.9999627514641884
2012-08-22,52,4,634.1,500.0,24,124.609375,1,1,1,pass,0.8,1.0499994006170212,0.9999820843353469,0.9999820843353469
2012-08-22,52,5,634.1,500.0,24,84.6875,1,1,1,pass,0.8,1.049999481060866,0.9999642065538256,0.9999642065538256
2012-08-22,52,6,634.1,500.0,24,124.21875,1,1,1,pass,0.8,1.049999739832668,0.9999977966808,0.9999977966808
2012-08-22,52,7,634.1,500.0,24,134.819287109375,1,1,1,pass,0.8,1.0499645357541725,0.9999857332841988,0.9999857332841988
2012-08-22,52,8,634.1,500.0,24,87.65625,1,1,1,pass,0.8,1.0499994386615843,0.9999299055671728,0.9999299055671728
2012-08-22,52,9,634.1,500.0,24,129.609375,1,1,1,pass,0.8,1.0499989642908625,1.0000002196153222,1.0000002196153222
2012-08-23,53,0,634.1,500.0,24,127.34375,1,1,1,pass,0.8,1.0500006146159502,0.9999796829549432,0.9999796829549432
2012-08-23,53,1,634.1,500.0,24,99.0625,1,1,1,pass,0.8,1.0500000143779695,1.0000004779360638,1.0000004779360638
2012-08-23,53,2,634.1,500.0,24,97.96875,1,1,1,pass,0.8,1.0499999838815777,0.9999870916301729,0.9999870916301729
2012-08-23,53,3,634.1,500.0,24,96.171875,1,1,1,pass,0.8,1.04999996252524,0.9999512729184722,0.9999512729184722
2012-08-23,53,4,634.1,500.0,24,98.4375,1,1,1,pass,0.8,1.04999978003335,0.9999972101707836,0.9999972101707836
2012-08-23,53,5,634.1,500.0,24,104.296875,1,1,1,pass,0.8,1.0499997679677564,0.9999950408165964,0.9999950408165964
2012-08-23,53,6,634.1,500.0,24,122.578125,1,1,1,pass,0.8,1.0500008006197328,0.9999769427231358,0.9999769427231358
2012-08-23,53,7,634.1,500.0,24,116.484375,1,1,1,pass,0.8,1.0500000103563476,0.999962515111492,0.999962515111492
2012-08-23,53,8,634.1,500.0,24,108.203125,1,1,1,pass,0.8,1.049999343706542,0.999989732855711,0.999989732855711
2012-08-23,53,9,634.1,500.0,24,122.109375,1,1,1,pass,0.8,1.0499988978433883,1.0000007645817943,1.0000007645817943
2012-08-24,54,0,634.1,500.0,24,114.6875,1,1,1,pass,0.8,1.0499985040598807,0.9999832007591364,0.9999832007591364
2012-08-24,54,1,634.1,500.0,24,98.59375,1,1,1,pass,0.8,1.0499997202924294,0.9998438319515895,0.9998438319515895
2012-08-24,54,2,634.1,500.0,24,103.828125,1,1,1,pass,0.8,1.0500009180867529,0.9999987234050124,0.9999987234050124
2012-08-24,54,3,634.1,500.0,24,51.328125,1,1,1,pass,0.8,1.0500000948710084,0.999952608607041,0.999952608607041
2012-08-24,54,4,634.1,500.0,24,106.5625,1,1,1,pass,0.8,1.0499994599452778,0.999974270108308,0.999974270108308
2012-08-24,54,5,634.1,500.0,24,63.203125,1,1,1,pass,0.8,1.0500008646044894,0.9999590214182807,0.9999590214182807
2012-08-24,54,6,634.1,500.0,24,114.140625,1,1,1,pass,0.8,1.049999262090297,1.0000002020507202,1.0000002020507202
2012-08-24,54,7,634.1,500.0,24,79.21875,1,1,1,pass,0.8,1.0499996657795545,0.999996338343458,0.999996338343458
2012-08-24,54,8,634.1,500.0,24,110.3125,1,1,1,pass,0.8,1.0499987257527388,0.9999763391935448,0.9999763391935448
2012-08-24,54,9,634.1,500.0,24,104.296875,1,1,1,pass,0.8,1.050000158875385,0.9999881704674768,0.9999881704674768
2012-08-25,55,0,634.1,500.0,24,114.6875,1,1,1,pass,0.8,1.0499987192883544,0.9999603396694818,0.9999603396694818
2012-08-25,55,1,634.1,500.0,24,108.59375,1,1,1,pass,0.8,1.049998925303865,0.9999779281733776,0.9999779281733776
2012-08-25,55,2,634.1,500.0,24,101.015625,1,1,1,pass,0.8,1.050000756666329,0.9999567064399152,0.9999567064399152
2012-08-25,55,3,634.1,500.0,24,95.078125,1,1,1,pass,0.8,1.0499997051176924,0.999975230819898,0.999975230819898
2012-08-25,55,4,634.1,500.0,24,134.9162353515625,1,1,1,pass,0.8,1.0499687148330763,0.9999962192174724,0.9999962192174724
2012-08-25,55,5,634.1,500.0,24,85.46875,1,1,1,pass,0.8,1.0500004606194764,0.9999053501377368,0.9999053501377368
2012-08-25,55,6,634.1,500.0,24,134.0625,1,1,1,pass,0.8,1.049999386320166,0.9999949307707726,0.9999949307707726
2012-08-25,55,7,634.1,500.0,24,116.5625,1,1,1,pass,0.8,1.049999127638266,0.9999620980416398,0.9999620980416398
2012-08-25,55,8,634.1,500.0,24,129.453125,1,1,1,pass,0.8,1.0500004539937444,0.9999851239500596,0.9999851239500596
2012-08-25,55,9,634.1,500.0,24,122.34375,1,1,1,pass,0.8,1.0499997916001031,0.9999977040828408,0.9999977040828408
2012-08-26,56,0,634.1,500.0,24,130.46875,1,1,1,pass,0.8,1.049999673034785,0.9999919296042006,0.9999919296042006
2012-08-26,56,1,634.1,500.0,24,133.9908203125,1,1,1,pass,0.8,1.0488363069177626,0.9999937985189506,0.9999937985189506
2012-08-26,56,2,634.1,500.0,24,133.5942138671875,1,1,1,pass,0.8,1.0493938732078627,0.99999651792194,0.99999651792194
2012-08-26,56,3,634.1,500.0,24,123.125,1,1,1,pass,0.8,1.0499993592349164,0.999967381605298,0.999967381605298
2012-08-26,56,4,634.1,500.0,24,133.1006591796875,1,1,1,pass,0.8,1.049819839066338,0.9999784032098528,0.9999784032098528
2012-08-26,56,5,634.1,500.0,24,116.875,1,1,1,pass,0.8,1.050000337198972,0.9999918399801913,0.9999918399801913
2012-08-26,56,6,634.1,500.0,24,135.700634765625,1,1,1,pass,0.8,1.0495081261972252,0.9999611006074226,0.9999611006074226
2012-08-26,56,7,634.1,500.0,24,133.95556640625,1,1,1,pass,0.8,1.049634491099669,0.9999818423104452,0.9999818423104452
2012-08-26,56,8,634.1,500.0,24,134.54606933593752,1,1,1,pass,0.8,1.0496480249550637,0.999996463634832,0.999996463634832
2012-08-26,56,9,634.1,500.0,24,134.09658203125,1,1,1,pass,0.8,1.0486583202204816,0.999997227020512,0.999997227020512
2012-08-27,57,0,634.1,500.0,24,121.328125,1,1,1,pass,0.8,1.0499990600177151,0.999949345911682,0.999949345911682
2012-08-27,57,1,634.1,500.0,24,127.5,1,1,1,pass,0.8,1.0500002149727368,0.9999766166252608,0.9999766166252608
2012-08-27,57,2,634.1,500.0,24,118.28125,1,1,1,pass,0.8,1.0499999705958096,0.9999758909328432,0.9999758909328432
2012-08-27,57,3,634.1,500.0,24,112.734375,1,1,1,pass,0.8,1.049999540654919,0.9999934721232372,0.9999934721232372
2012-08-27,57,4,634.1,500.0,24,135.6125,1,1,1,pass,0.8,1.0499388393239928,0.9999363122411002,0.9999363122411002
2012-08-27,57,5,634.1,500.0,24,104.453125,1,1,1,pass,0.8,1.0500001146671256,0.9999598946669924,0.9999598946669924
2012-08-27,57,6,634.1,500.0,24,129.375,1,1,1,pass,0.8,1.0499997578460678,0.999964272113356,0.999964272113356
2012-08-27,57,7,634.1,500.0,24,135.6741943359375,1,1,1,pass,0.8,1.0498066139298674,0.9999707618502628,0.9999707618502628
2012-08-27,57,8,634.1,500.0,24,108.59375,1,1,1,pass,0.8,1.0499989869353252,0.9999916517939208,0.9999916517939208
2012-08-27,57,9,634.1,500.0,24,120.390625,1,1,1,pass,0.8,1.049999730215727,0.9999708703281536,0.9999708703281536
2012-08-28,58,0,634.1,500.0,24,111.796875,1,1,1,pass,0.8,1.0499990970948774,0.999973465468704,0.999973465468704
2012-08-28,58,1,634.1,500.0,24,109.375,1,1,1,pass,0.8,1.049998443497875,0.999983635721542,0.999983635721542
2012-08-28,58,2,634.1,500.0,24,86.640625,1,1,1,pass,0.8,1.0500007304679977,0.9999981688089964,0.9999981688089964
2012-08-28,58,3,634.1,500.0,24,86.09375,1,1,1,pass,0.8,1.0499995092137433,0.999992741421129,0.999992741421129
2012-08-28,58,4,634.1,500.0,24,116.328125,1,1,1,pass,0.8,1.0500000237149738,0.9999865644751428,0.9999865644751428
2012-08-28,58,5,634.1,500.0,24,86.015625,1,1,1,pass,0.8,1.050000002878777,0.9999441434095316,0.9999441434095316
2012-08-28,58,6,634.1,500.0,24,120.078125,1,1,1,pass,0.8,1.0499988090848278,0.9999983337603684,0.9999983337603684
2012-08-28,58,7,634.1,500.0,24,120.859375,1,1,1,pass,0.8,1.0499985644611052,0.9999885683435052,0.9999885683435052
2012-08-28,58,8,634.1,500.0,24,90.859375,1,1,1,pass,0.8,1.0500001380455826,0.9999854382278512,0.9999854382278512
2012-08-28,58,9,634.1,500.0,24,120.546875,1,1,1,pass,0.8,1.0500006072260952,0.9999819512635924,0.9999819512635924
2012-08-29,59,0,634.1,500.0,24,135.665380859375,1,1,1,pass,0.8,1.0499397098746726,0.9999962515223504,0.9999962515223504
2012-08-29,59,1,634.1,500.0,24,136.158935546875,1,1,1,pass,0.8,1.049215514551975,0.9999819509623492,0.9999819509623492
2012-08-29,59,2,634.1,500.0,24,115.9375,1,1,1,pass,0.8,1.050000949013674,0.9999516368716448,0.9999516368716448
2012-08-29,59,3,634.1,500.0,24,87.34375,1,1,1,pass,0.8,1.0499999773373527,0.999992582601112,0.999992582601112
2012-08-29,59,4,634.1,500.0,24,135.9738525390625,1,1,1,pass,0.8,1.0498213573613198,0.9999974686495012,0.9999974686495012
2012-08-29,59,5,634.1,500.0,24,119.0625,1,1,1,pass,0.8,1.0499986816142626,0.9999868178074052,0.9999868178074052
2012-08-29,59,6,634.1,500.0,24,135.947412109375,1,1,1,pass,0.8,1.049164676600668,0.9999956449211131,0.9999956449211131
2012-08-29,59,7,634.1,500.0,24,111.25,1,1,1,pass,0.8,1.049998525140632,0.9999809650678168,0.9999809650678168
2012-08-29,59,8,634.1,500.0,24,109.921875,1,1,1,pass,0.8,1.0499985213034415,0.999943865774892,0.999943865774892
2012-08-29,59,9,634.1,500.0,24,136.04436035156252,1,1,1,pass,0.8,1.0499982854365373,0.9999961580729776,0.9999961580729776
2012-08-30,60,0,634.1,500.0,24,98.75,1,1,1,pass,0.8,1.0500003413307284,0.9999921753310772,0.9999921753310772
2012-08-30,60,1,634.1,500.0,24,106.015625,1,1,1,pass,0.8,1.050000031302887,0.9999072645918624,0.9999072645918624
2012-08-30,60,2,634.1,500.0,24,81.40625,1,1,1,pass,0.8,1.050000103036991,0.999987751825198,0.999987751825198
2012-08-30,60,3,634.1,500.0,24,86.484375,1,1,1,pass,0.8,1.0500000320806195,0.9999810710929298,0.9999810710929298
2012-08-30,60,4,634.1,500.0,24,94.84375,1,1,1,pass,0.8,1.0500001955985263,0.9999796905550452,0.9999796905550452
2012-08-30,60,5,634.1,500.0,24,82.8125,1,1,1,pass,0.8,1.0500006475609207,0.9999713699976598,0.9999713699976598
2012-08-30,60,6,634.1,500.0,24,116.40625,1,1,1,pass,0.8,1.050000260238746,0.9998616426201186,0.9998616426201186
2012-08-30,60,7,634.1,500.0,24,108.515625,1,1,1,pass,0.8,1.049999385257542,0.999987515413149,0.999987515413149
2012-08-30,60,8,634.1,500.0,24,82.734375,1,1,1,pass,0.8,1.0499997905497136,0.9999885873664128,0.9999885873664128
2012-08-30,60,9,634.1,500.0,24,108.4375,1,1,1,pass,0.8,1.0499998872601644,0.999939444332115,0.999939444332115
2012-08-31,61,0,634.1,500.0,24,110.0,1,1,1,pass,0.8,1.049998834931621,0.9999710481451184,0.9999710481451184
2012-08-31,61,1,634.1,500.0,24,115.234375,1,1,1,pass,0.8,1.0499994225056395,0.999995615353598,0.999995615353598
2012-08-31,61,2,634.1,500.0,24,102.109375,1,1,1,pass,0.8,1.050000292321014,0.999987147328446,0.999987147328446
2012-08-31,61,3,634.1,500.0,24,87.65625,1,1,1,pass,0.8,1.0500002058960018,0.9999956738067848,0.9999956738067848
2012-08-31,61,4,634.1,500.0,24,119.375,1,1,1,pass,0.8,1.0499995471515235,0.9999742191247352,0.9999742191247352
2012-08-31,61,5,634.1,500.0,24,86.328125,1,1,1,pass,0.8,1.0500002163287097,0.999927658590654,0.999927658590654
2012-08-31,61,6,634.1,500.0,24,113.4375,1,1,1,pass,0.8,1.0499995080332245,0.9999605664240476,0.9999605664240476
2012-08-31,61,7,634.1,500.0,24,96.71875,1,1,1,pass,0.8,1.0500006271371105,0.9999647189171812,0.9999647189171812
2012-08-31,61,8,634.1,500.0,24,85.9375,1,1,1,pass,0.8,1.0499999958979327,0.9999699371571368,0.9999699371571368
2012-08-31,61,9,634.1,500.0,24,117.5,1,1,1,pass,0.8,1.049998529436217,0.9999905150239308,0.9999905150239308
2012-09-01,62,0,634.1,500.0,24,129.921875,1,1,1,pass,0.8,1.0500007641400926,0.9999805973577258,0.9999805973577258
2012-09-01,62,1,634.1,500.0,24,134.713525390625,1,1,1,pass,0.8,1.049178830069991,0.9999884155440372,0.9999884155440372
2012-09-01,62,2,634.1,500.0,24,95.9375,1,1,1,pass,0.8,1.0499997270850523,0.9999981607221552,0.9999981607221552
2012-09-01,62,3,634.1,500.0,24,117.8125,1,1,1,pass,0.8,1.0500003130784243,0.9999681961241852,0.9999681961241852
2012-09-01,62,4,634.1,500.0,24,134.4931884765625,1,1,1,pass,0.8,1.0498839708165344,0.9999422338795622,0.9999422338795622
2012-09-01,62,5,634.1,500.0,24,71.25,1,1,1,pass,0.8,1.04999987170217,0.999968298001879,0.999968298001879
2012-09-01,62,6,634.1,500.0,24,117.03125,1,1,1,pass,0.8,1.04999854311815,0.999972058828883,0.999972058828883
2012-09-01,62,7,634.1,500.0,24,132.2016845703125,1,1,1,pass,0.8,1.0490554799154257,0.9999876774722236,0.9999876774722236
2012-09-01,62,8,634.1,500.0,24,131.796875,1,1,1,pass,0.8,1.0499997046772735,0.9999866591937888,0.9999866591937888
2012-09-01,62,9,634.1,500.0,24,133.07421875,1,1,1,pass,0.8,1.0496039441166172,0.9999908725737524,0.9999908725737524
2012-09-02,63,0,634.1,500.0,24,131.171875,1,1,1,pass,0.8,1.0499995033475942,0.9999974704816078,0.9999974704816078
2012-09-02,63,1,634.1,500.0,24,125.3125,1,1,1,pass,0.8,1.0500000250915489,0.9999779499902732,0.9999779499902732
2012-09-02,63,2,634.1,500.0,24,82.03125,1,1,1,pass,0.8,1.0499997876421334,0.9999467554260696,0.9999467554260696
2012-09-02,63,3,634.1,500.0,24,100.078125,1,1,1,pass,0.8,1.0500005213677603,0.999993156730045,0.999993156730045
2012-09-02,63,4,634.1,500.0,24,120.625,1,1,1,pass,0.8,1.0499999154176511,0.9999604693810544,0.9999604693810544
2012-09-02,63,5,634.1,500.0,24,101.796875,1,1,1,pass,0.8,1.0500005559773449,0.9999775411798564,0.9999775411798564
2012-09-02,63,6,634.1,500.0,24,121.25,1,1,1,pass,0.8,1.0499988918530072,0.9999915428424456,0.9999915428424456
2012-09-02,63,7,634.1,500.0,24,124.765625,1,1,1,pass,0.8,1.0500007045939526,0.9999961066441746,0.9999961066441746
2012-09-02,63,8,634.1,500.0,24,124.21875,1,1,1,pass,0.8,1.0499984292474045,0.9999810414881816,0.9999810414881816
2012-09-02,63,9,634.1,500.0,24,134.375,1,1,1,pass,0.8,1.0499993589728995,0.9999578318266492,0.9999578318266492
2012-09-03,64,0,634.1,500.0,24,106.484375,1,1,1,pass,0.8,1.0500008877863247,0.999989249793954,0.999989249793954
2012-09-03,64,1,634.1,500.0,24,118.671875,1,1,1,pass,0.8,1.0499993124743945,0.99999363960295,0.99999363960295
2012-09-03,64,2,634.1,500.0,24,71.328125,1,1,1,pass,0.8,1.0499993259031646,0.9999424160658174,0.9999424160658174
2012-09-03,64,3,634.1,500.0,24,59.375,1,1,1,pass,0.8,1.050000185801154,0.9998529565592574,0.9998529565592574
2012-09-03,64,4,634.1,500.0,24,89.375,1,1,1,pass,0.8,1.0500003841049972,1.000000411493987,1.000000411493987
2012-09-03,64,5,634.1,500.0,24,67.34375,1,1,1,pass,0.8,1.0500006888023348,0.9999859213982591,0.9999859213982591
2012-09-03,64,6,634.1,500.0,24,118.4375,1,1,1,pass,0.8,1.0499989906309029,0.9999693064228432,0.9999693064228432
2012-09-03,64,7,634.1,500.0,24,116.875,1,1,1,pass,0.8,1.0500006764252268,0.9999485624770464,0.9999485624770464
2012-09-03,64,8,634.1,500.0,24,83.203125,1,1,1,pass,0.8,1.0499995481993514,0.9999390968330066,0.9999390968330066
2012-09-03,64,9,634.1,500.0,24,118.75,1,1,1,pass,0.8,1.049999780387574,0.9999853273670444,0.9999853273670444
2012-09-04,65,0,634.1,500.0,24,96.796875,1,1,1,pass,0.8,1.0500008683719804,0.9999400258740864,0.9999400258740864
2012-09-04,65,1,634.1,500.0,24,104.296875,1,1,1,pass,0.8,1.0499994683100493,0.9999463945364456,0.9999463945364456
2012-09-04,65,2,634.1,500.0,24,99.296875,1,1,1,pass,0.8,1.0500003065259755,0.9999827911154408,0.9999827911154408
2012-09-04,65,3,634.1,500.0,24,51.71875,1,1,1,pass,0.8,1.0499996275459094,0.999931444422662,0.999931444422662
2012-09-04,65,4,634.1,500.0,24,93.671875,1,1,1,pass,0.8,1.0500000285160538,0.9999218270247008,0.9999218270247008
2012-09-04,65,5,634.1,500.0,24,94.140625,1,1,1,pass,0.8,1.0499999649190093,0.9999750636503676,0.9999750636503676
2012-09-04,65,6,634.1,500.0,24,115.390625,1,1,1,pass,0.8,1.0500003004353455,1.0000006942495523,1.0000006942495523
2012-09-04,65,7,634.1,500.0,24,96.09375,1,1,1,pass,0.8,1.0500002104759043,0.999984117750962,0.999984117750962
2012-09-04,65,8,634.1,500.0,24,80.390625,1,1,1,pass,0.8,1.050000292730154,0.9999909412199728,0.9999909412199728
2012-09-04,65,9,634.1,500.0,24,104.296875,1,1,1,pass,0.8,1.0500000604133286,0.9999867574984024,0.9999867574984024
2012-09-05,66,0,634.1,500.0,24,87.890625,1,1,1,pass,0.8,1.0499999633293635,0.9999944002341112,0.9999944002341112
2012-09-05,66,1,634.1,500.0,24,88.90625,1,1,1,pass,0.8,1.0500002843060752,0.99999702754524,0.99999702754524
2012-09-05,66,2,634.1,500.0,24,97.265625,1,1,1,pass,0.8,1.0499993689950595,0.9999795064355348,0.9999795064355348
2012-09-05,66,3,634.1,500.0,24,48.59375,1,1,1,pass,0.8,1.0499992983194226,0.999992853902076,0.999992853902076
2012-09-05,66,4,634.1,500.0,24,79.140625,1,1,1,pass,0.8,1.0499996388210429,0.9999942496923374,0.9999942496923374
2012-09-05,66,5,634.1,500.0,24,69.765625,1,1,1,pass,0.8,1.0500009140558044,0.999981381985846,0.999981381985846
2012-09-05,66,6,634.1,500.0,24,112.890625,1,1,1,pass,0.8,1.0500002947925462,0.9999939827363163,0.9999939827363163
2012-09-05,66,7,634.1,500.0,24,104.84375,1,1,1,pass,0.8,1.0499999007434286,0.9999922373379908,0.9999922373379908
2012-09-05,66,8,634.1,500.0,24,67.5,1,1,1,pass,0.8,1.0500000814440156,0.9999458505466372,0.9999458505466372
2012-09-05,66,9,634.1,500.0,24,102.890625,1,1,1,pass,0.8,1.0499999205560515,0.9999897684230864,0.9999897684230864
2012-09-06,67,0,634.1,500.0,24,103.046875,1,1,1,pass,0.8,1.0499993661203069,0.9999853015149348,0.9999853015149348
2012-09-06,67,1,634.1,500.0,24,99.296875,1,1,1,pass,0.8,1.05000019165247,0.99998167245226,0.99998167245226
2012-09-06,67,2,634.1,500.0,24,75.078125,1,1,1,pass,0.8,1.0499997954212694,0.9998759647418362,0.9998759647418362
2012-09-06,67,3,634.1,500.0,24,72.578125,1,1,1,pass,0.8,1.049999679485716,0.999869563689371,0.999869563689371
2012-09-06,67,4,634.1,500.0,24,93.4375,1,1,1,pass,0.8,1.049999346875285,0.9999997618754958,0.9999997618754958
2012-09-06,67,5,634.1,500.0,24,83.984375,1,1,1,pass,0.8,1.050000019947554,0.9999958205310466,0.9999958205310466
2012-09-06,67,6,634.1,500.0,24,121.484375,1,1,1,pass,0.8,1.049999283733969,0.9999764347216636,0.9999764347216636
2012-09-06,67,7,634.1,500.0,24,102.109375,1,1,1,pass,0.8,1.0500007047802424,0.9999778660464148,0.9999778660464148
2012-09-06,67,8,634.1,500.0,24,100.234375,1,1,1,pass,0.8,1.0500009989769736,0.9999910003865428,0.9999910003865428
2012-09-06,67,9,634.1,500.0,24,116.40625,1,1,1,pass,0.8,1.050000224023204,0.999929966410238,0.999929966410238
2012-09-07,68,0,634.1,500.0,24,120.546875,1,1,1,pass,0.8,1.0500004044956426,0.99996361066828,0.99996361066828
2012-09-07,68,1,634.1,500.0,24,114.921875,1,1,1,pass,0.8,1.0500009051553452,0.9999533769917108,0.9999533769917108
2012-09-07,68,2,634.1,500.0,24,135.3569091796875,1,1,1,pass,0.8,1.049807395220339,0.9999879632667508,0.9999879632667508
2012-09-07,68,3,634.1,500.0,24,118.046875,1,1,1,pass,0.8,1.0499996877965312,0.9999881777114328,0.9999881777114328
2012-09-07,68,4,634.1,500.0,24,129.296875,1,1,1,pass,0.8,1.0499990485190849,0.9999752435051652,0.9999752435051652
2012-09-07,68,5,634.1,500.0,24,136.405712890625,1,1,1,pass,0.8,1.0498493133773723,0.9999837357793449,0.9999837357793449
2012-09-07,68,6,634.1,500.0,24,126.015625,1,1,1,pass,0.8,1.0499993795350386,0.9999866438600812,0.9999866438600812
2012-09-07,68,7,634.1,500.0,24,116.171875,1,1,1,pass,0.8,1.0499985967145429,0.9999762744928784,0.9999762744928784
2012-09-07,68,8,634.1,500.0,24,134.960302734375,1,1,1,pass,0.8,1.0498405717957764,0.9999577161338156,0.9999577161338156
2012-09-07,68,9,634.1,500.0,24,136.35283203125002,1,1,1,pass,0.8,1.0498275554947114,0.9999785069792188,0.9999785069792188
2012-09-08,69,0,634.1,500.0,24,112.5,1,1,1,pass,0.8,1.0499989324330088,0.9999762993628886,0.9999762993628886
2012-09-08,69,1,634.1,500.0,24,118.515625,1,1,1,pass,0.8,1.0500004466561494,0.9999367894311888,0.9999367894311888
2012-09-08,69,2,634.1,500.0,24,76.328125,1,1,1,pass,0.8,1.0499992928627695,0.9999504959742468,0.9999504959742468
2012-09-08,69,3,634.1,500.0,24,67.265625,1,1,1,pass,0.8,1.049999411861371,0.9999950620450913,0.9999950620450913
2012-09-08,69,4,634.1,500.0,24,112.96875,1,1,1,pass,0.8,1.0499988538872589,0.999954890647062,0.999954890647062
2012-09-08,69,5,634.1,500.0,24,83.4375,1,1,1,pass,0.8,1.049999886074931,0.999973264019571,0.999973264019571
2012-09-08,69,6,634.1,500.0,24,88.359375,1,1,1,pass,0.8,1.0500005786883195,0.9999835916402235,0.9999835916402235
2012-09-08,69,7,634.1,500.0,24,103.828125,1,1,1,pass,0.8,1.0499994445917906,0.9999907489652848,0.9999907489652848
2012-09-08,69,8,634.1,500.0,24,118.90625,1,1,1,pass,0.8,1.05000027959368,0.9999858316659844,0.9999858316659844
2012-09-08,69,9,634.1,500.0,24,114.21875,1,1,1,pass,0.8,1.0499997956395937,0.9999825316106052,0.9999825316106052
2012-09-09,70,0,634.1,500.0,24,117.8125,1,1,1,pass,0.8,1.0500005886700836,0.9999327481846828,0.9999327481846828
2012-09-09,70,1,634.1,500.0,24,133.515625,1,1,1,pass,0.8,1.049999935279716,0.9999811899374772,0.9999811899374772
2012-09-09,70,2,634.1,500.0,24,112.1875,1,1,1,pass,0.8,1.049999779644164,0.999949482483571,0.999949482483571
2012-09-09,70,3,634.1,500.0,24,92.578125,1,1,1,pass,0.8,1.0500003077353852,0.9999993552605576,0.9999993552605576
2012-09-09,70,4,634.1,500.0,24,117.734375,1,1,1,pass,0.8,1.049998740830501,1.0000002438239313,1.0000002438239313
2012-09-09,70,5,634.1,500.0,24,73.28125,1,1,1,pass,0.8,1.0499995758284684,0.9999601497644316,0.9999601497644316
2012-09-09,70,6,634.1,500.0,24,119.921875,1,1,1,pass,0.8,1.0499993861771648,0.9999490075875884,0.9999490075875884
2012-09-09,70,7,634.1,500.0,24,125.625,1,1,1,pass,0.8,1.050000850680511,0.999978711380205,0.999978711380205
2012-09-09,70,8,634.1,500.0,24,115.546875,1,1,1,pass,0.8,1.0499994025341042,0.9999921906061492,0.9999921906061492
2012-09-09,70,9,634.1,500.0,24,108.671875,1,1,1,pass,0.8,1.0500009009306537,0.9999900379336464,0.9999900379336464
2012-09-10,71,0,634.1,500.0,24,95.0,1,1,1,pass,0.8,1.0500001535116132,0.9999366804270934,0.9999366804270934
2012-09-10,71,1,634.1,500.0,24,96.015625,1,1,1,pass,0.8,1.0500001691665632,0.9999944354351188,0.9999944354351188
2012-09-10,71,2,634.1,500.0,24,83.515625,1,1,1,pass,0.8,1.0499994409008508,0.9999765877056108,0.9999765877056108
2012-09-10,71,3,634.1,500.0,24,66.25,1,1,1,pass,0.8,1.0499994309765954,0.9999979870128504,0.9999979870128504
2012-09-10,71,4,634.1,500.0,24,74.6875,1,1,1,pass,0.8,1.0500005889564628,0.9999849492448692,0.9999849492448692
2012-09-10,71,5,634.1,500.0,24,54.375,1,1,1,pass,0.8,1.049999310685535,0.9999376233806964,0.9999376233806964
2012-09-10,71,6,634.1,500.0,24,97.890625,1,1,1,pass,0.8,1.0500003139498146,0.9999788149412914,0.9999788149412914
2012-09-10,71,7,634.1,500.0,24,78.515625,1,1,1,pass,0.8,1.0500009767566731,0.99991778132785,0.99991778132785
2012-09-10,71,8,634.1,500.0,24,73.515625,1,1,1,pass,0.8,1.0500009773999874,0.999982683901798,0.999982683901798
2012-09-10,71,9,634.1,500.0,24,99.609375,1,1,1,pass,0.8,1.0500009448130871,0.999971121203682,0.999971121203682
2012-09-11,72,0,634.1,500.0,24,115.3125,1,1,1,pass,0.8,1.050000213862252,0.9999758734149464,0.9999758734149464
2012-09-11,72,1,634.1,500.0,24,118.828125,1,1,1,pass,0.8,1.050000753694723,0.999972045039031,0.999972045039031
2012-09-11,72,2,634.1,500.0,24,87.03125,1,1,1,pass,0.8,1.050000983300146,0.9999615159375776,0.9999615159375776
2012-09-11,72,3,634.1,500.0,24,83.125,1,1,1,pass,0.8,1.0499994787185998,0.9999208287293352,0.9999208287293352
2012-09-11,72,4,634.1,500.0,24,105.234375,1,1,1,pass,0.8,1.0500004811575554,0.9999769298914282,0.9999769298914282
2012-09-11,72,5,634.1,500.0,24,106.015625,1,1,1,pass,0.8,1.049999483001676,0.9999375319967486,0.9999375319967486
2012-09-11,72,6,634.1,500.0,24,119.140625,1,1,1,pass,0.8,1.049999714815487,0.9999582944834252,0.9999582944834252
2012-09-11,72,7,634.1,500.0,24,93.90625,1,1,1,pass,0.8,1.0500002811218987,0.9999804869634896,0.9999804869634896
2012-09-11,72,8,634.1,500.0,24,109.296875,1,1,1,pass,0.8,1.0499987666501651,0.9999789160616652,0.9999789160616652
2012-09-11,72,9,634.1,500.0,24,126.640625,1,1,1,pass,0.8,1.0499996549902086,0.9999734494111318,0.9999734494111318
2012-09-12,73,0,634.1,500.0,24,99.921875,1,1,1,pass,0.8,1.0500002661008607,0.9999846281704096,0.9999846281704096
2012-09-12,73,1,634.1,500.0,24,112.578125,1,1,1,pass,0.8,1.050000226350693,0.9999569436490234,0.9999569436490234
2012-09-12,73,2,634.1,500.0,24,92.65625,1,1,1,pass,0.8,1.0500009351832853,0.9999130193103822,0.9999130193103822
2012-09-12,73,3,634.1,500.0,24,75.859375,1,1,1,pass,0.8,1.0499992641848743,0.9999929971062388,0.9999929971062388
2012-09-12,73,4,634.1,500.0,24,97.5,1,1,1,pass,0.8,1.0500005267891208,0.999945303702232,0.999945303702232
2012-09-12,73,5,634.1,500.0,24,72.65625,1,1,1,pass,0.8,1.0499996171517056,0.9999825934986776,0.9999825934986776
2012-09-12,73,6,634.1,500.0,24,106.796875,1,1,1,pass,0.8,1.0500000368136715,0.9999736788547294,0.9999736788547294
2012-09-12,73,7,634.1,500.0,24,87.1875,1,1,1,pass,0.8,1.0499999596212517,0.9999882362749364,0.9999882362749364
2012-09-12,73,8,634.1,500.0,24,73.28125,1,1,1,pass,0.8,1.049999548415888,0.9999957760972747,0.9999957760972747
2012-09-12,73,9,634.1,500.0,24,105.390625,1,1,1,pass,0.8,1.0499999887067466,0.9999894632157896,0.9999894632157896
2012-09-13,74,0,634.1,500.0,24,134.9338623046875,1,1,1,pass,0.8,1.0480918963022103,0.9999837719028714,0.9999837719028714
2012-09-13,74,1,634.1,500.0,24,135.4802978515625,1,1,1,pass,0.8,1.0482504330150133,0.9999957942278338,0.9999957942278338
2012-09-13,74,2,634.1,500.0,24,136.42333984375,1,1,1,pass,0.8,1.0486923383116111,0.9999927513606488,0.9999927513606488
2012-09-13,74,3,634.1,500.0,24,136.053173828125,1,1,1,pass,0.8,1.048810001137236,0.9999876693635136,0.9999876693635136
2012-09-13,74,4,634.1,500.0,24,134.396240234375,1,1,1,pass,0.8,1.0481588044853216,0.9999851177125292,0.9999851177125292
2012-09-13,74,5,634.1,500.0,24,135.700634765625,1,0,0,replay_loading,0.8,1.0483763816045737,1.000001011932033,1.000001011932033
2012-09-13,74,6,634.1,500.0,24,135.700634765625,1,1,1,pass,0.8,1.0487885471151923,0.999976673477882,0.999976673477882
2012-09-13,74,7,634.1,500.0,24,135.42741699218752,1,1,1,pass,0.8,1.0478633085680324,0.9999918182113048,0.9999918182113048
2012-09-13,74,8,634.1,500.0,24,134.9779296875,1,1,1,pass,0.8,1.048354755524764,0.9999638716290324,0.9999638716290324
2012-09-13,74,9,634.1,500.0,24,133.25048828125,1,1,1,pass,0.8,1.047955659009607,0.9999623509472778,0.9999623509472778
2012-09-14,75,0,634.1,500.0,24,96.40625,1,1,1,pass,0.8,1.0499997204395388,0.9999980874734642,0.9999980874734642
2012-09-14,75,1,634.1,500.0,24,113.984375,1,1,1,pass,0.8,1.0500005444444709,0.9999693861547492,0.9999693861547492
2012-09-14,75,2,634.1,500.0,24,100.0,1,1,1,pass,0.8,1.0500002020495207,0.9999719450219128,0.9999719450219128
2012-09-14,75,3,634.1,500.0,24,47.03125,1,1,1,pass,0.8,1.0499995921545,0.9999073758072928,0.9999073758072928
2012-09-14,75,4,634.1,500.0,24,76.953125,1,1,1,pass,0.8,1.0499993348300494,0.9999668872496614,0.9999668872496614
2012-09-14,75,5,634.1,500.0,24,72.109375,1,1,1,pass,0.8,1.049999608323425,0.9999990699825052,0.9999990699825052
2012-09-14,75,6,634.1,500.0,24,110.703125,1,1,1,pass,0.8,1.0500003766531425,0.999994420403404,0.999994420403404
2012-09-14,75,7,634.1,500.0,24,80.859375,1,1,1,pass,0.8,1.0500006220711875,0.9999908152419522,0.9999908152419522
2012-09-14,75,8,634.1,500.0,24,90.078125,1,1,1,pass,0.8,1.050000180148127,0.9999567366545612,0.9999567366545612
2012-09-14,75,9,634.1,500.0,24,106.015625,1,1,1,pass,0.8,1.0499995818830183,0.9999939621414348,0.9999939621414348
2012-09-15,76,0,634.1,500.0,24,127.65625,1,1,1,pass,0.8,1.0499986401307153,0.9999863301446532,0.9999863301446532
2012-09-15,76,1,634.1,500.0,24,134.466748046875,1,1,1,pass,0.8,1.0499061597111548,0.9999950524462276,0.9999950524462276
2012-09-15,76,2,634.1,500.0,24,113.515625,1,1,1,pass,0.8,1.0500003833665357,0.9999815974306462,0.9999815974306462
2012-09-15,76,3,634.1,500.0,24,102.8125,1,1,1,pass,0.8,1.050000240571066,0.9999737909519176,0.9999737909519176
2012-09-15,76,4,634.1,500.0,24,129.53125,1,1,1,pass,0.8,1.0499991013477994,0.9999936143730936,0.9999936143730936
2012-09-15,76,5,634.1,500.0,24,104.84375,1,1,1,pass,0.8,1.0500006149237058,0.9999258470877416,0.9999258470877416
2012-09-15,76,6,634.1,500.0,24,134.4226806640625,1,1,1,pass,0.8,1.0497119773307542,0.999971529797386,0.999971529797386
2012-09-15,76,7,634.1,500.0,24,134.5813232421875,1,1,1,pass,0.8,1.0497761424547356,0.9999802640543362,0.9999802640543362
2012-09-15,76,8,634.1,500.0,24,126.796875,1,1,1,pass,0.8,1.0499987219404776,0.9999440270477484,0.9999440270477484
2012-09-15,76,9,634.1,500.0,24,120.78125,1,1,1,pass,0.8,1.0500004108556336,0.9999780008587952,0.9999780008587952
2012-09-16,77,0,634.1,500.0,24,113.4375,1,1,1,pass,0.8,1.049998693071246,0.9999900316994744,0.9999900316994744
2012-09-16,77,1,634.1,500.0,24,110.46875,1,1,1,pass,0.8,1.0500006641019233,1.0000000919042868,1.0000000919042868
2012-09-16,77,2,634.1,500.0,24,96.953125,1,1,1,pass,0.8,1.049999845360064,0.9999863230211258,0.9999863230211258
2012-09-16,77,3,634.1,500.0,24,122.03125,1,1,1,pass,0.8,1.0499987859500206,0.9999665791052922,0.9999665791052922
2012-09-16,77,4,634.1,500.0,24,108.671875,1,1,1,pass,0.8,1.049999434734138,0.9999536122134276,0.9999536122134276
2012-09-16,77,5,634.1,500.0,24,83.203125,1,1,1,pass,0.8,1.04999992725602,0.999986785563258,0.999986785563258
2012-09-16,77,6,634.1,500.0,24,123.4375,1,1,1,pass,0.8,1.0499990035621705,0.9999949659512966,0.9999949659512966
2012-09-16,77,7,634.1,500.0,24,113.359375,1,1,1,pass,0.8,1.050000663309452,0.9999896479730226,0.9999896479730226
2012-09-16,77,8,634.1,500.0,24,82.890625,1,1,1,pass,0.8,1.0499998296127786,0.999977530723096,0.999977530723096
2012-09-16,77,9,634.1,500.0,24,125.15625,1,1,1,pass,0.8,1.049999359000517,0.9999885918178502,0.9999885918178502
2012-09-17,78,0,634.1,500.0,24,135.594873046875,1,1,1,pass,0.8,1.0498067799464226,0.9999838307643016,0.9999838307643016
2012-09-17,78,1,634.1,500.0,24,136.30876464843752,1,1,1,pass,0.8,1.0499075215364833,0.9999975193542604,0.9999975193542604
2012-09-17,78,2,634.1,500.0,24,128.90625,1,1,1,pass,0.8,1.0500005004603288,0.9999847454198624,0.9999847454198624
2012-09-17,78,3,634.1,500.0,24,110.78125,1,1,1,pass,0.8,1.050000043798524,0.9999763392060566,0.9999763392060566
2012-09-17,78,4,634.1,500.0,24,136.1853759765625,1,1,1,pass,0.8,1.0497857008685534,0.9999324261064472,0.9999324261064472
2012-09-17,78,5,634.1,500.0,24,111.40625,1,1,1,pass,0.8,1.050000714603063,0.9999358916436012,0.9999358916436012
2012-09-17,78,6,634.1,500.0,24,136.3616455078125,1,1,1,pass,0.8,1.0498434461445834,0.9999677166976342,0.9999677166976342
2012-09-17,78,7,634.1,500.0,24,133.515625,1,1,1,pass,0.8,1.049999353901787,0.9999846579887902,0.9999846579887902
2012-09-17,78,8,634.1,500.0,24,122.578125,1,1,1,pass,0.8,1.0499985461337489,0.9999881230103556,0.9999881230103556
2012-09-17,78,9,634.1,500.0,24,135.947412109375,1,1,1,pass,0.8,1.0497043227608536,0.9999756682229548,0.9999756682229548
2012-09-18,79,0,634.1,500.0,24,81.796875,1,1,1,pass,0.8,1.0500006923177778,0.9999289330997008,0.9999289330997008
2012-09-18,79,1,634.1,500.0,24,110.9375,1,1,1,pass,0.8,1.0499997127242735,0.9999789099128442,0.9999789099128442
2012-09-18,79,2,634.1,500.0,24,69.140625,1,1,1,pass,0.8,1.0499996601218504,0.9999903199905976,0.9999903199905976
2012-09-18,79,3,634.1,500.0,24,64.53125,1,1,1,pass,0.8,1.0499999971043108,0.9999536612159858,0.9999536612159858
2012-09-18,79,4,634.1,500.0,24,88.59375,1,1,1,pass,0.8,1.0499994826978154,0.9999927572406035,0.9999927572406035
2012-09-18,79,5,634.1,500.0,24,77.421875,1,1,1,pass,0.8,1.05000072591466,0.9999349403913226,0.9999349403913226
2012-09-18,79,6,634.1,500.0,24,103.984375,1,1,1,pass,0.8,1.0500003116784835,0.9999871696103504,0.9999871696103504
2012-09-18,79,7,634.1,500.0,24,72.265625,1,1,1,pass,0.8,1.0500001943281376,0.9999953167942672,0.9999953167942672
2012-09-18,79,8,634.1,500.0,24,66.796875,1,1,1,pass,0.8,1.0500009229726772,0.999875704625104,0.999875704625104
2012-09-18,79,9,634.1,500.0,24,107.109375,1,1,1,pass,0.8,1.0500006985957486,0.9999814320582332,0.9999814320582332
2012-09-19,80,0,634.1,500.0,24,120.3125,1,1,1,pass,0.8,1.0500007959428792,0.9999412426717516,0.9999412426717516
2012-09-19,80,1,634.1,500.0,24,126.171875,1,1,1,pass,0.8,1.0500003674202325,0.9999860003684744,0.9999860003684744
2012-09-19,80,2,634.1,500.0,24,99.296875,1,1,1,pass,0.8,1.0499994982344247,0.9999713309544904,0.9999713309544904
2012-09-19,80,3,634.1,500.0,24,94.21875,1,1,1,pass,0.8,1.0500003973070715,0.9999846111502396,0.9999846111502396
2012-09-19,80,4,634.1,500.0,24,116.953125,1,1,1,pass,0.8,1.0499986734146731,0.9999827678026956,0.9999827678026956
2012-09-19,80,5,634.1,500.0,24,94.296875,1,1,1,pass,0.8,1.049999782833155,0.9999968484785564,0.9999968484785564
2012-09-19,80,6,634.1,500.0,24,132.734375,1,1,1,pass,0.8,1.0500005607316,0.9999997891237692,0.9999997891237692
2012-09-19,80,7,634.1,500.0,24,102.265625,1,1,1,pass,0.8,1.050000512702424,0.9999893218300356,0.9999893218300356
2012-09-19,80,8,634.1,500.0,24,90.625,1,1,1,pass,0.8,1.049999694051711,0.99998955746443,0.99998955746443
2012-09-19,80,9,634.1,500.0,24,117.109375,1,1,1,pass,0.8,1.049998664654193,0.9999788856269152,0.9999788856269152
2012-09-20,81,0,634.1,500.0,24,82.890625,1,1,1,pass,0.8,1.0499996154968685,0.99997787673771,0.99997787673771
2012-09-20,81,1,634.1,500.0,24,98.203125,1,1,1,pass,0.8,1.05000052203956,0.9999965978531918,0.9999965978531918
2012-09-20,81,2,634.1,500.0,24,71.796875,1,1,1,pass,0.8,1.049999843110906,0.999940030690738,0.999940030690738
2012-09-20,81,3,634.1,500.0,24,60.859375,1,1,1,pass,0.8,1.0499997212738863,0.99994661121741,0.99994661121741
2012-09-20,81,4,634.1,500.0,24,100.46875,1,1,1,pass,0.8,1.0500003479030593,0.9999776961729006,0.9999776961729006
2012-09-20,81,5,634.1,500.0,24,67.578125,1,1,1,pass,0.8,1.050000300002043,0.9999311365355078,0.9999311365355078
2012-09-20,81,6,634.1,500.0,24,117.65625,1,1,1,pass,0.8,1.049998428351264,0.9999991182990168,0.9999991182990168
2012-09-20,81,7,634.1,500.0,24,90.46875,1,1,1,pass,0.8,1.050000943515653,0.99997011030149,0.99997011030149
2012-09-20,81,8,634.1,500.0,24,68.359375,1,1,1,pass,0.8,1.0499997071440954,0.9999008512000166,0.9999008512000166
2012-09-20,81,9,634.1,500.0,24,107.65625,1,1,1,pass,0.8,1.0499993322780676,0.9999559862225949,0.9999559862225949
2012-09-21,82,0,634.1,500.0,24,125.78125,1,1,1,pass,0.8,1.0500000275132773,0.999980356800804,0.999980356800804
2012-09-21,82,1,634.1,500.0,24,130.3125,1,1,1,pass,0.8,1.0500009396468348,0.9999977715033838,0.9999977715033838
2012-09-21,82,2,634.1,500.0,24,109.453125,1,1,1,pass,0.8,1.0499996278399737,0.9999693661706954,0.9999693661706954
2012-09-21,82,3,634.1,500.0,24,89.6875,1,1,1,pass,0.8,1.050000875876805,0.9999809946033398,0.9999809946033398
2012-09-21,82,4,634.1,500.0,24,115.078125,1,1,1,pass,0.8,1.050000009100072,0.9999838490972632,0.9999838490972632
2012-09-21,82,5,634.1,500.0,24,103.359375,1,1,1,pass,0.8,1.0499999894973413,0.9999965235692536,0.9999965235692536
2012-09-21,82,6,634.1,500.0,24,126.796875,1,1,1,pass,0.8,1.0500000723870948,0.9999591478849756,0.9999591478849756
2012-09-21,82,7,634.1,500.0,24,119.921875,1,1,1,pass,0.8,1.04999947526834,1.0000009461001778,1.0000009461001778
2012-09-21,82,8,634.1,500.0,24,115.3125,1,1,1,pass,0.8,1.049998776939476,0.999992394570676,0.999992394570676
2012-09-21,82,9,634.1,500.0,24,135.86809082031252,1,1,1,pass,0.8,1.0499951810999193,0.9999760801998284,0.9999760801998284
2012-09-22,83,0,634.1,500.0,24,125.78125,1,1,1,pass,0.8,1.049998830223715,0.9999993012141196,0.9999993012141196
2012-09-22,83,1,634.1,500.0,24,126.5625,1,1,1,pass,0.8,1.049998477434141,0.9999716274190662,0.9999716274190662
2012-09-22,83,2,634.1,500.0,24,80.703125,1,1,1,pass,0.8,1.0499996277385462,0.9999962490873564,0.9999962490873564
2012-09-22,83,3,634.1,500.0,24,71.953125,1,1,1,pass,0.8,1.0499992250203136,0.9999385845675908,0.9999385845675908
2012-09-22,83,4,634.1,500.0,24,119.84375,1,1,1,pass,0.8,1.0499991202987269,0.9999524863276528,0.9999524863276528
2012-09-22,83,5,634.1,500.0,24,76.40625,1,1,1,pass,0.8,1.0499996061545491,0.9999728870221,0.9999728870221
2012-09-22,83,6,634.1,500.0,24,121.953125,1,1,1,pass,0.8,1.0500005870147595,0.9999826595148834,0.9999826595148834
2012-09-22,83,7,634.1,500.0,24,131.40625,1,1,1,pass,0.8,1.0499999043037826,0.9999929370791378,0.9999929370791378
2012-09-22,83,8,634.1,500.0,24,97.96875,1,1,1,pass,0.8,1.0499994095592045,0.9999642522428152,0.9999642522428152
2012-09-22,83,9,634.1,500.0,24,126.015625,1,1,1,pass,0.8,1.0500003166432743,0.9999941538431698,0.9999941538431698
2012-09-23,84,0,634.1,500.0,24,115.15625,1,1,1,pass,0.8,1.0499995673005666,0.999999472764658,0.999999472764658
2012-09-23,84,1,634.1,500.0,24,114.84375,1,1,1,pass,0.8,1.0499986753391934,1.000000276465637,1.000000276465637
2012-09-23,84,2,634.1,500.0,24,78.515625,1,1,1,pass,0.8,1.0500000269668186,0.999948267914863,0.999948267914863
2012-09-23,84,3,634.1,500.0,24,84.765625,1,1,1,pass,0.8,1.0500005433011834,0.9998390668902626,0.9998390668902626
2012-09-23,84,4,634.1,500.0,24,117.96875,1,1,1,pass,0.8,1.0500009883991983,0.99992253159664,0.99992253159664
2012-09-23,84,5,634.1,500.0,24,118.515625,1,1,1,pass,0.8,1.049999822768056,0.9999846220562638,0.9999846220562638
2012-09-23,84,6,634.1,500.0,24,121.953125,1,1,1,pass,0.8,1.050000566144057,0.9999778746835556,0.9999778746835556
2012-09-23,84,7,634.1,500.0,24,93.125,1,1,1,pass,0.8,1.050000403870597,0.9999582822389228,0.9999582822389228
2012-09-23,84,8,634.1,500.0,24,103.828125,1,1,1,pass,0.8,1.049999496172981,0.999951071092544,0.999951071092544
2012-09-23,84,9,634.1,500.0,24,115.78125,1,1,1,pass,0.8,1.049998867399984,0.9999923582927396,0.9999923582927396
2012-09-24,85,0,634.1,500.0,24,113.59375,1,1,1,pass,0.8,1.0499994303148212,0.999995931851948,0.999995931851948
2012-09-24,85,1,634.1,500.0,24,103.671875,1,1,1,pass,0.8,1.050000051396057,0.9999941928553338,0.9999941928553338
2012-09-24,85,2,634.1,500.0,24,101.40625,1,1,1,pass,0.8,1.0499999307317571,0.9999380521642002,0.9999380521642002
2012-09-24,85,3,634.1,500.0,24,50.078125,1,1,1,pass,0.8,1.05000072681543,0.99999931476244,0.99999931476244
2012-09-24,85,4,634.1,500.0,24,87.65625,1,1,1,pass,0.8,1.0500002521329324,0.9999635811397092,0.9999635811397092
2012-09-24,85,5,634.1,500.0,24,50.859375,1,1,1,pass,0.8,1.0500003987704742,0.9999693158923108,0.9999693158923108
2012-09-24,85,6,634.1,500.0,24,93.4375,1,1,1,pass,0.8,1.0500000573181232,0.9999870910812152,0.9999870910812152
2012-09-24,85,7,634.1,500.0,24,82.1875,1,1,1,pass,0.8,1.050000921545528,0.9999892284923764,0.9999892284923764
2012-09-24,85,8,634.1,500.0,24,62.890625,1,1,1,pass,0.8,1.0500009356604676,0.9999669972588712,0.9999669972588712
2012-09-24,85,9,634.1,500.0,24,100.46875,1,1,1,pass,0.8,1.0500006690596746,0.9999568436110065,0.9999568436110065
2012-09-25,86,0,634.1,500.0,24,136.7141845703125,1,1,1,pass,0.8,1.04997549161835,0.9999942036142544,0.9999942036142544
2012-09-25,86,1,634.1,500.0,24,136.370458984375,1,1,1,pass,0.8,1.0499419745115817,0.9999453589424392,0.9999453589424392
2012-09-25,86,2,634.1,500.0,24,134.85454101562502,1,1,1,pass,0.8,1.04973007615967,0.9999934334695836,0.9999934334695836
2012-09-25,86,3,634.1,500.0,24,125.46875,1,1,1,pass,0.8,1.0499991842769096,1.000000713321479,1.000000713321479
2012-09-25,86,4,634.1,500.0,24,135.4802978515625,1,1,1,pass,0.8,1.0498193944215746,0.9999987536527918,0.9999987536527918
2012-09-25,86,5,634.1,500.0,24,117.34375,1,1,1,pass,0.8,1.0499989833396204,1.0000005574662154,1.0000005574662154
2012-09-25,86,6,634.1,500.0,24,136.0619873046875,1,1,1,pass,0.8,1.0497856170845774,0.9999781159140476,0.9999781159140476
2012-09-25,86,7,634.1,500.0,24,133.359375,1,1,1,pass,0.8,1.049999251269986,0.9999900123029564,0.9999900123029564
2012-09-25,86,8,634.1,500.0,24,135.9385986328125,1,1,1,pass,0.8,1.0499799892847648,0.9999875009451212,0.9999875009451212
2012-09-25,86,9,634.1,500.0,24,135.8504638671875,1,1,1,pass,0.8,1.0492775521413111,0.9998860493105328,0.9998860493105328
2012-09-26,87,0,634.1,500.0,24,116.09375,1,1,1,pass,0.8,1.0499997160652716,0.9999958204245024,0.9999958204245024
2012-09-26,87,1,634.1,500.0,24,104.921875,1,1,1,pass,0.8,1.049999996663519,0.9999799465293004,0.9999799465293004
2012-09-26,87,2,634.1,500.0,24,71.5625,1,1,1,pass,0.8,1.0500000201193578,0.999921431740478,0.999921431740478
2012-09-26,87,3,634.1,500.0,24,72.109375,1,1,1,pass,0.8,1.0500002803450523,0.999967871982635,0.999967871982635
2012-09-26,87,4,634.1,500.0,24,114.453125,1,1,1,pass,0.8,1.0500006357722993,0.9999966736708492,0.9999966736708492
2012-09-26,87,5,634.1,500.0,24,83.671875,1,1,1,pass,0.8,1.0500009287375176,0.99997072702121,0.99997072702121
2012-09-26,87,6,634.1,500.0,24,105.0,1,1,1,pass,0.8,1.0499995113338334,0.9999572138539216,0.9999572138539216
2012-09-26,87,7,634.1,500.0,24,81.328125,1,1,1,pass,0.8,1.0499998377655422,0.9999676743945431,0.9999676743945431
2012-09-26,87,8,634.1,500.0,24,117.265625,1,1,1,pass,0.8,1.0500006865674127,0.9999818029304626,0.9999818029304626
2012-09-26,87,9,634.1,500.0,24,112.96875,1,1,1,pass,0.8,1.0499988162695657,0.9999893627482872,0.9999893627482872
2012-09-27,88,0,634.1,500.0,24,114.609375,1,1,1,pass,0.8,1.0499998326407398,0.999998337303882,0.999998337303882
2012-09-27,88,1,634.1,500.0,24,107.96875,1,1,1,pass,0.8,1.0499989107431096,0.9999744326674784,0.9999744326674784
2012-09-27,88,2,634.1,500.0,24,95.390625,1,1,1,pass,0.8,1.0499995276983658,0.9998997814068844,0.9998997814068844
2012-09-27,88,3,634.1,500.0,24,103.28125,1,1,1,pass,0.8,1.0499995455747475,0.9999593959586116,0.9999593959586116
2012-09-27,88,4,634.1,500.0,24,108.359375,1,1,1,pass,0.8,1.0499994611942138,0.9999773917128224,0.9999773917128224
2012-09-27,88,5,634.1,500.0,24,86.328125,1,1,1,pass,0.8,1.0499995443923813,0.9999600043405388,0.9999600043405388
2012-09-27,88,6,634.1,500.0,24,113.4375,1,1,1,pass,0.8,1.0499996671827942,0.9999193001971072,0.9999193001971072
2012-09-27,88,7,634.1,500.0,24,114.140625,1,1,1,pass,0.8,1.0499995737432013,0.999996288348911,0.999996288348911
2012-09-27,88,8,634.1,500.0,24,93.59375,1,1,1,pass,0.8,1.0500002557230774,0.9999928596209704,0.9999928596209704
2012-09-27,88,9,634.1,500.0,24,117.578125,1,1,1,pass,0.8,1.0499986155078382,0.9999239245630966,0.9999239245630966
2012-09-28,89,0,634.1,500.0,24,117.109375,1,1,1,pass,0.8,1.050000983330599,0.9999540591372744,0.9999540591372744
2012-09-28,89,1,634.1,500.0,24,125.78125,1,1,1,pass,0.8,1.049999396431225,0.9999639164527124,0.9999639164527124
2012-09-28,89,2,634.1,500.0,24,88.59375,1,1,1,pass,0.8,1.050000943882194,0.9998991696456424,0.9998991696456424
2012-09-28,89,3,634.1,500.0,24,87.421875,1,1,1,pass,0.8,1.05000027273713,0.9999710101682384,0.9999710101682384
2012-09-28,89,4,634.1,500.0,24,131.71875,1,1,1,pass,0.8,1.049998903627533,0.9999860096781537,0.9999860096781537
2012-09-28,89,5,634.1,500.0,24,97.34375,1,1,1,pass,0.8,1.0500009222588018,0.999940381694066,0.999940381694066
2012-09-28,89,6,634.1,500.0,24,116.328125,1,1,1,pass,0.8,1.049999153681156,0.9999933637009476,0.9999933637009476
2012-09-28,89,7,634.1,500.0,24,113.046875,1,1,1,pass,0.8,1.0499995762610153,0.9999954886367516,0.9999954886367516
2012-09-28,89,8,634.1,500.0,24,122.734375,1,1,1,pass,0.8,1.05000070977529,0.9999691019455336,0.9999691019455336
2012-09-28,89,9,634.1,500.0,24,132.578125,1,1,1,pass,0.8,1.0499987296233615,0.9999681327824732,0.9999681327824732
2012-09-29,90,0,634.1,500.0,24,120.546875,1,1,1,pass,0.8,1.0499994876304442,0.9999480208289976,0.9999480208289976
2012-09-29,90,1,634.1,500.0,24,132.8125,1,1,1,pass,0.8,1.0500000866331252,0.9999731318392984,0.9999731318392984
2012-09-29,90,2,634.1,500.0,24,102.109375,1,1,1,pass,0.8,1.0499997931691574,0.9999990111489953,0.9999990111489953
2012-09-29,90,3,634.1,500.0,24,120.078125,1,1,1,pass,0.8,1.050000412647596,0.999952747359195,0.999952747359195
2012-09-29,90,4,634.1,500.0,24,134.0525146484375,1,1,1,pass,0.8,1.0495848601215128,0.9999928961186892,0.9999928961186892
2012-09-29,90,5,634.1,500.0,24,96.71875,1,1,1,pass,0.8,1.049999720830538,0.9999910049462856,0.9999910049462856
2012-09-29,90,6,634.1,500.0,24,122.65625,1,1,1,pass,0.8,1.0499999182489816,0.9999453114202016,0.9999453114202016
2012-09-29,90,7,634.1,500.0,24,112.578125,1,1,1,pass,0.8,1.0499989395044491,0.9999512921504332,0.9999512921504332
2012-09-29,90,8,634.1,500.0,24,114.140625,1,1,1,pass,0.8,1.0499995787136915,0.9999085397834334,0.9999085397834334
2012-09-29,90,9,634.1,500.0,24,119.53125,1,1,1,pass,0.8,1.0499985604085718,0.9999912191830294,0.9999912191830294
2012-09-30,91,0,634.1,500.0,24,91.796875,1,1,1,pass,0.8,1.0499996752732128,0.9999804300238234,0.9999804300238234
2012-09-30,91,1,634.1,500.0,24,104.0625,1,1,1,pass,0.8,1.0499996594716563,0.9999582449903054,0.9999582449903054
2012-09-30,91,2,634.1,500.0,24,71.484375,1,1,1,pass,0.8,1.0500000529894171,0.9999659530738412,0.9999659530738412
2012-09-30,91,3,634.1,500.0,24,82.265625,1,1,1,pass,0.8,1.0500002140223923,0.9999602129392672,0.9999602129392672
2012-09-30,91,4,634.1,500.0,24,104.921875,1,1,1,pass,0.8,1.0500004617014018,0.999961520417068,0.999961520417068
2012-09-30,91,5,634.1,500.0,24,104.0625,1,1,1,pass,0.8,1.0499999731031824,0.999996037111734,0.999996037111734
2012-09-30,91,6,634.1,500.0,24,123.359375,1,1,1,pass,0.8,1.0500007420614494,0.999964996783794,0.999964996783794
2012-09-30,91,7,634.1,500.0,24,82.8125,1,1,1,pass,0.8,1.0500001326853794,0.9999575138041924,0.9999575138041924
2012-09-30,91,8,634.1,500.0,24,105.46875,1,1,1,pass,0.8,1.0500003179019668,0.999958458276622,0.999958458276622
2012-09-30,91,9,634.1,500.0,24,114.609375,1,1,1,pass,0.8,1.0499985806449204,0.9999938606253682,0.9999938606253682
2012-10-01,92,0,634.1,500.0,24,130.078125,1,1,1,pass,0.8,1.0500003117203165,0.9999888608407724,0.9999888608407724
2012-10-01,92,1,634.1,500.0,24,134.296875,1,1,1,pass,0.8,1.0500003922745256,0.9999418844813038,0.9999418844813038
2012-10-01,92,2,634.1,500.0,24,98.359375,1,1,1,pass,0.8,1.0499992996352627,0.9999856311153946,0.9999856311153946
2012-10-01,92,3,634.1,500.0,24,111.09375,1,1,1,pass,0.8,1.049999035089127,0.9999859928257931,0.9999859928257931
2012-10-01,92,4,634.1,500.0,24,134.80166015625,1,1,1,pass,0.8,1.04967042907227,0.999981745351482,0.999981745351482
2012-10-01,92,5,634.1,500.0,24,116.171875,1,1,1,pass,0.8,1.0499987090365448,0.9999813457864448,0.9999813457864448
2012-10-01,92,6,634.1,500.0,24,130.546875,1,1,1,pass,0.8,1.0499985832849803,0.9999940508812856,0.9999940508812856
2012-10-01,92,7,634.1,500.0,24,133.59375,1,1,1,pass,0.8,1.0499994850952437,0.9999933834655644,0.9999933834655644
2012-10-01,92,8,634.1,500.0,24,120.0,1,1,1,pass,0.8,1.0500006415978564,0.9999791226019014,0.9999791226019014
2012-10-01,92,9,634.1,500.0,24,130.390625,1,1,1,pass,0.8,1.049998461510043,0.9999733004276514,0.9999733004276514
2012-10-02,93,0,634.1,500.0,24,95.46875,1,1,1,pass,0.8,1.0499997065670674,0.9999606901053522,0.9999606901053522
2012-10-02,93,1,634.1,500.0,24,111.875,1,1,1,pass,0.8,1.0500006001499156,0.999979118511707,0.999979118511707
2012-10-02,93,2,634.1,500.0,24,81.09375,1,1,1,pass,0.8,1.050000430828521,0.999893530062436,0.999893530062436
2012-10-02,93,3,634.1,500.0,24,85.703125,1,1,1,pass,0.8,1.0499996719039757,0.999983620087337,0.999983620087337
2012-10-02,93,4,634.1,500.0,24,92.1875,1,1,1,pass,0.8,1.050000493840563,0.9999894781832678,0.9999894781832678
2012-10-02,93,5,634.1,500.0,24,60.234375,1,1,1,pass,0.8,1.0500002103892287,0.9999731162532006,0.9999731162532006
2012-10-02,93,6,634.1,500.0,24,109.53125,1,1,1,pass,0.8,1.049999127258161,0.9999229916912196,0.9999229916912196
2012-10-02,93,7,634.1,500.0,24,78.28125,1,1,1,pass,0.8,1.0500000686445066,0.9999720311858395,0.9999720311858395
2012-10-02,93,8,634.1,500.0,24,59.609375,1,1,1,pass,0.8,1.0499994705835267,0.9999994129195832,0.9999994129195832
2012-10-02,93,9,634.1,500.0,24,99.53125,1,1,1,pass,0.8,1.0500008561258438,0.9999849068140028,0.9999849068140028
2012-10-03,94,0,634.1,500.0,24,96.5625,1,1,1,pass,0.8,1.0500000621358108,1.0000004693555555,1.0000004693555555
2012-10-03,94,1,634.1,500.0,24,111.5625,1,1,1,pass,0.8,1.0500000242531442,0.9999810989782708,0.9999810989782708
2012-10-03,94,2,634.1,500.0,24,77.265625,1,1,1,pass,0.8,1.0500006640106612,0.9999428774522264,0.9999428774522264
2012-10-03,94,3,634.1,500.0,24,70.3125,1,1,1,pass,0.8,1.0500000238224092,0.9999051781453464,0.9999051781453464
2012-10-03,94,4,634.1,500.0,24,114.53125,1,1,1,pass,0.8,1.0500005146253253,0.99996993404472,0.99996993404472
2012-10-03,94,5,634.1,500.0,24,58.203125,1,1,1,pass,0.8,1.0499995365282335,0.999980209906018,0.999980209906018
2012-10-03,94,6,634.1,500.0,24,100.078125,1,1,1,pass,0.8,1.0500009776170725,0.9999554609249756,0.9999554609249756
2012-10-03,94,7,634.1,500.0,24,86.875,1,1,1,pass,0.8,1.0500000071666828,0.9999808174421988,0.9999808174421988
2012-10-03,94,8,634.1,500.0,24,83.515625,1,1,1,pass,0.8,1.050000382910429,0.9999145959440912,0.9999145959440912
2012-10-03,94,9,634.1,500.0,24,85.78125,1,1,1,pass,0.8,1.0500005134667405,0.999988249131192,0.999988249131192
2012-10-04,95,0,634.1,500.0,24,96.953125,1,1,1,pass,0.8,1.0499995026472635,0.9999753427557168,0.9999753427557168
2012-10-04,95,1,634.1,500.0,24,120.859375,1,1,1,pass,0.8,1.0500009297711073,0.9999951911500676,0.9999951911500676
2012-10-04,95,2,634.1,500.0,24,77.1875,1,1,1,pass,0.8,1.0500005084524575,0.9999267596673436,0.9999267596673436
2012-10-04,95,3,634.1,500.0,24,75.859375,1,1,1,pass,0.8,1.0500005223035216,0.999976636156031,0.999976636156031
2012-10-04,95,4,634.1,500.0,24,127.578125,1,1,1,pass,0.8,1.0499986204921734,0.9999738394501044,0.9999738394501044
2012-10-04,95,5,634.1,500.0,24,72.1875,1,1,1,pass,0.8,1.050000211818036,0.9999936046858124,0.9999936046858124
2012-10-04,95,6,634.1,500.0,24,105.9375,1,1,1,pass,0.8,1.049999967355375,0.9999133559335908,0.9999133559335908
2012-10-04,95,7,634.1,500.0,24,101.171875,1,1,1,pass,0.8,1.0500000285337991,0.9999973696408488,0.9999973696408488
2012-10-04,95,8,634.1,500.0,24,89.296875,1,1,1,pass,0.8,1.0500009149499785,0.9999973986843662,0.9999973986843662
2012-10-04,95,9,634.1,500.0,24,118.671875,1,1,1,pass,0.8,1.0499992258571529,0.9999962363305764,0.9999962363305764
2012-10-05,96,0,634.1,500.0,24,121.5625,1,1,1,pass,0.8,1.0499988407502283,0.9999767323901956,0.9999767323901956
2012-10-05,96,1,634.1,500.0,24,119.140625,1,1,1,pass,0.8,1.0500004598991517,0.9998840617795132,0.9998840617795132
2012-10-05,96,2,634.1,500.0,24,96.171875,1,1,1,pass,0.8,1.0500008945139854,1.000000252436268,1.000000252436268
2012-10-05,96,3,634.1,500.0,24,93.984375,1,1,1,pass,0.8,1.050000881224746,0.9999529649957803,0.9999529649957803
2012-10-05,96,4,634.1,500.0,24,114.84375,1,1,1,pass,0.8,1.0499988716863429,0.9999899653589204,0.9999899653589204
2012-10-05,96,5,634.1,500.0,24,107.03125,1,1,1,pass,0.8,1.0500005598715492,0.9999695708672196,0.9999695708672196
2012-10-05,96,6,634.1,500.0,24,119.0625,1,1,1,pass,0.8,1.0500000601811004,0.9999671262851996,0.9999671262851996
2012-10-05,96,7,634.1,500.0,24,124.453125,1,1,1,pass,0.8,1.0500001963915322,0.9999844890856048,0.9999844890856048
2012-10-05,96,8,634.1,500.0,24,131.68168945312502,1,1,1,pass,0.8,1.049619668389991,0.9999933198667356,0.9999933198667356
2012-10-05,96,9,634.1,500.0,24,116.71875,1,1,1,pass,0.8,1.049999058177064,0.9999830809545336,0.9999830809545336
2012-10-06,97,0,634.1,500.0,24,134.4403076171875,1,1,1,pass,0.8,1.0478909263789746,0.9999663658082284,0.9999663658082284
2012-10-06,97,1,634.1,500.0,24,134.6694580078125,1,1,1,pass,0.8,1.0482463563959206,0.9999981262937256,0.9999981262937256
2012-10-06,97,2,634.1,500.0,24,134.28166503906252,1,1,1,pass,0.8,1.047883624047728,0.999989669705655,0.999989669705655
2012-10-06,97,3,634.1,500.0,24,135.03081054687502,1,1,1,pass,0.8,1.0483121686063854,0.9999538363322328,0.9999538363322328
2012-10-06,97,4,634.1,500.0,24,133.4531982421875,1,1,1,pass,0.8,1.0479636598858662,0.9999959256514478,0.9999959256514478
2012-10-06,97,5,634.1,500.0,24,133.5589599609375,1,1,1,pass,0.8,1.0484662417423367,0.999943962616974,0.999943962616974
2012-10-06,97,6,634.1,500.0,24,136.017919921875,1,1,1,pass,0.8,1.0483420336732847,0.9999703658666956,0.9999703658666956
2012-10-06,97,7,634.1,500.0,24,133.902685546875,1,1,1,pass,0.8,1.048030240460032,0.9999986818090802,0.9999986818090802
2012-10-06,97,8,634.1,500.0,24,135.33046875,1,1,1,pass,0.8,1.0482253825657104,0.9999894784885408,0.9999894784885408
2012-10-06,97,9,634.1,500.0,24,133.67353515625,1,1,1,pass,0.8,1.0480863234941782,0.9999877776977888,0.9999877776977888
2012-10-07,98,0,634.1,500.0,24,92.34375,1,1,1,pass,0.8,1.0500004732033883,0.9999795728243548,0.9999795728243548
2012-10-07,98,1,634.1,500.0,24,121.5625,1,1,1,pass,0.8,1.0499999777750255,0.999990145032634,0.999990145032634
2012-10-07,98,2,634.1,500.0,24,101.40625,1,1,1,pass,0.8,1.0500005109122537,0.9999610600487204,0.9999610600487204
2012-10-07,98,3,634.1,500.0,24,70.390625,1,1,1,pass,0.8,1.049999613405794,0.9998565298306672,0.9998565298306672
2012-10-07,98,4,634.1,500.0,24,123.203125,1,1,1,pass,0.8,1.0499991824732058,0.9999908644649398,0.9999908644649398
2012-10-07,98,5,634.1,500.0,24,51.40625,1,1,1,pass,0.8,1.049999710777869,0.9999455875032948,0.9999455875032948
2012-10-07,98,6,634.1,500.0,24,133.28125,1,1,1,pass,0.8,1.0499995647367772,0.9999629534246468,0.9999629534246468
2012-10-07,98,7,634.1,500.0,24,87.109375,1,1,1,pass,0.8,1.0499995171650909,0.9999746508353882,0.9999746508353882
2012-10-07,98,8,634.1,500.0,24,90.234375,1,1,1,pass,0.8,1.0499993609658935,0.9999134180298388,0.9999134180298388
2012-10-07,98,9,634.1,500.0,24,113.75,1,1,1,pass,0.8,1.0499994653094578,0.9999693079805188,0.9999693079805188
2012-10-08,99,0,634.1,500.0,24,126.5625,1,1,1,pass,0.8,1.0499991922576235,0.9999995313189592,0.9999995313189592
2012-10-08,99,1,634.1,500.0,24,129.0625,1,1,1,pass,0.8,1.049998858576151,0.999941974832398,0.999941974832398
2012-10-08,99,2,634.1,500.0,24,124.453125,1,1,1,pass,0.8,1.0499989185663787,0.9999876829679544,0.9999876829679544
2012-10-08,99,3,634.1,500.0,24,122.65625,1,1,1,pass,0.8,1.0499986610794927,0.9999494610107827,0.9999494610107827
2012-10-08,99,4,634.1,500.0,24,134.819287109375,1,1,1,pass,0.8,1.0498797066441088,1.0000000647933938,1.0000000647933938
2012-10-08,99,5,634.1,500.0,24,112.890625,1,1,1,pass,0.8,1.0500006484739532,0.9999833230536488,0.9999833230536488
2012-10-08,99,6,634.1,500.0,24,133.75,1,1,1,pass,0.8,1.0499988451580613,0.9999853011184344,0.9999853011184344
2012-10-08,99,7,634.1,500.0,24,121.25,1,1,1,pass,0.8,1.0500008376218963,0.9999788410856448,0.9999788410856448
2012-10-08,99,8,634.1,500.0,24,113.359375,1,1,1,pass,0.8,1.0500005952704536,0.9999180128902794,0.9999180128902794
2012-10-08,99,9,634.1,500.0,24,136.0091064453125,1,1,1,pass,0.8,1.0498550778607811,0.9999610236812312,0.9999610236812312
2012-10-09,100,0,634.1,500.0,24,107.03125,1,1,1,pass,0.8,1.0500000090185944,0.999960326928441,0.999960326928441
2012-10-09,100,1,634.1,500.0,24,128.59375,1,1,1,pass,0.8,1.0499990579954872,0.9999732093248672,0.9999732093248672
2012-10-09,100,2,634.1,500.0,24,98.046875,1,1,1,pass,0.8,1.0499997569119426,0.9999319872995268,0.9999319872995268
2012-10-09,100,3,634.1,500.0,24,81.640625,1,1,1,pass,0.8,1.0500007298544127,0.9999757278011516,0.9999757278011516
2012-10-09,100,4,634.1,500.0,24,101.5625,1,1,1,pass,0.8,1.050000847698575,0.9999884097922288,0.9999884097922288
2012-10-09,100,5,634.1,500.0,24,79.21875,1,1,1,pass,0.8,1.0499994770317869,0.9999821186337652,0.9999821186337652
2012-10-09,100,6,634.1,500.0,24,128.671875,1,1,1,pass,0.8,1.050000960160292,0.9999922024483584,0.9999922024483584
2012-10-09,100,7,634.1,500.0,24,99.0625,1,1,1,pass,0.8,1.0500001236090883,0.9999649315588994,0.9999649315588994
2012-10-09,100,8,634.1,500.0,24,68.125,1,1,1,pass,0.8,1.0500009335673182,0.9998967941680984,0.9998967941680984
2012-10-09,100,9,634.1,500.0,24,109.296875,1,1,1,pass,0.8,1.0500005175740856,0.9999998527023878,0.9999998527023878
2012-10-10,101,0,634.1,500.0,24,97.65625,1,1,1,pass,0.8,1.050000508242779,0.9999721697550604,0.9999721697550604
2012-10-10,101,1,634.1,500.0,24,68.828125,1,1,1,pass,0.8,1.0500002345973842,0.9999934406142376,0.9999934406142376
2012-10-10,101,2,634.1,500.0,24,80.234375,1,1,1,pass,0.8,1.050000160452629,0.9998808031364128,0.9998808031364128
2012-10-10,101,3,634.1,500.0,24,56.953125,1,1,1,pass,0.8,1.0499996072247553,0.9999949390950944,0.9999949390950944
2012-10-10,101,4,634.1,500.0,24,81.09375,1,1,1,pass,0.8,1.0500005899506428,0.9999267075820502,0.9999267075820502
2012-10-10,101,5,634.1,500.0,24,66.875,1,1,1,pass,0.8,1.0500003115843888,0.9999696287198944,0.9999696287198944
2012-10-10,101,6,634.1,500.0,24,89.375,1,1,1,pass,0.8,1.0500000565255796,0.9999738398210588,0.9999738398210588
2012-10-10,101,7,634.1,500.0,24,68.359375,1,1,1,pass,0.8,1.0500008215130374,0.999999053322016,0.999999053322016
2012-10-10,101,8,634.1,500.0,24,49.765625,1,1,1,pass,0.8,1.050000349553257,0.999850609315206,0.999850609315206
2012-10-10,101,9,634.1,500.0,24,80.234375,1,1,1,pass,0.8,1.0499993268049028,0.9999108182547176,0.9999108182547176
2012-10-11,102,0,634.1,500.0,24,135.277587890625,1,1,1,pass,0.8,1.0488420356143129,0.9999855912531898,0.9999855912531898
2012-10-11,102,1,634.1,500.0,24,135.5860595703125,1,1,1,pass,0.8,1.0484539504257775,0.9999586697343888,0.9999586697343888
2012-10-11,102,2,634.1,500.0,24,136.9433349609375,1,1,1,pass,0.8,1.0493207052660474,0.9999924811692812,0.9999924811692812
2012-10-11,102,3,634.1,500.0,24,135.4450439453125,1,1,1,pass,0.8,1.0492724335518202,0.999972694692686,0.999972694692686
2012-10-11,102,4,634.1,500.0,24,136.1677490234375,1,1,1,pass,0.8,1.0496122557387977,0.9999798001262478,0.9999798001262478
2012-10-11,102,5,634.1,500.0,24,136.5026611328125,1,1,1,pass,0.8,1.0499428071025254,0.9998841517771336,0.9998841517771336
2012-10-11,102,6,634.1,500.0,24,135.6389404296875,1,1,1,pass,0.8,1.0490106189098978,0.999988204532866,0.999988204532866
2012-10-11,102,7,634.1,500.0,24,135.3216552734375,1,1,1,pass,0.8,1.0487239264671384,0.999936722513466,0.999936722513466
2012-10-11,102,8,634.1,500.0,24,135.7094482421875,1,1,1,pass,0.8,1.0494875933640806,0.999982314984641,0.999982314984641
2012-10-11,102,9,634.1,500.0,24,135.5331787109375,1,1,1,pass,0.8,1.048558725509403,0.9999209084757872,0.9999209084757872
2013-01-01,103,0,634.1,500.0,24,129.0112060546875,1,1,1,pass,0.8,1.0480101451249637,0.9999908659776094,0.9999908659776094
2013-01-01,103,1,634.1,500.0,24,117.578125,1,1,1,pass,0.8,1.049999590015814,0.9999105080657504,0.9999105080657504
2013-01-01,103,2,634.1,500.0,24,115.625,1,1,1,pass,0.8,1.0500003944719491,0.999978223462768,0.999978223462768
2013-01-01,103,3,634.1,500.0,24,115.234375,1,1,1,pass,0.8,1.0499991713777992,0.9999770449931016,0.9999770449931016
2013-01-01,103,4,634.1,500.0,24,129.813232421875,1,1,1,pass,0.8,1.0480330943964489,0.9999854521522014,0.9999854521522014
2013-01-01,103,5,634.1,500.0,24,132.7657470703125,1,1,1,pass,0.8,1.0495737925550714,0.9999924144032216,0.9999924144032216
2013-01-01,103,6,634.1,500.0,24,128.9142578125,1,1,1,pass,0.8,1.0486883610616384,0.9999693915720482,0.9999693915720482
2013-01-01,103,7,634.1,500.0,24,124.09328613281252,1,1,1,pass,0.8,1.0476310271030709,0.9999746013268208,0.9999746013268208
2013-01-01,103,8,634.1,500.0,24,133.726416015625,1,1,1,pass,0.8,1.0496878861777816,0.999988297935524,0.999988297935524
2013-01-01,103,9,634.1,500.0,24,129.21391601562502,1,1,1,pass,0.8,1.0479424499142556,0.999998953778446,0.999998953778446
2013-01-02,104,0,634.1,500.0,24,132.0077880859375,1,1,1,pass,0.8,1.048481240792449,0.9999790820769427,0.9999790820769427
2013-01-02,104,1,634.1,500.0,24,134.140625,1,1,1,pass,0.8,1.0500004405840797,0.9999846599303844,0.9999846599303844
2013-01-02,104,2,634.1,500.0,24,136.00029296875002,1,1,1,pass,0.8,1.049739346889038,0.9999889813137068,0.9999889813137068
2013-01-02,104,3,634.1,500.0,24,136.317578125,1,1,1,pass,0.8,1.0499015074099625,0.999979183107828,0.999979183107828
2013-01-02,104,4,634.1,500.0,24,132.9067626953125,1,1,1,pass,0.8,1.0487819742762006,0.9999885697285136,0.9999885697285136
2013-01-02,104,5,634.1,500.0,24,130.9375,1,1,1,pass,0.8,1.0499988138596772,0.9999885680166074,0.9999885680166074
2013-01-02,104,6,634.1,500.0,24,136.49384765625,1,1,1,pass,0.8,1.0497340025353985,0.9999825873752856,0.9999825873752856
2013-01-02,104,7,634.1,500.0,24,133.40031738281252,1,1,1,pass,0.8,1.049865770862269,0.9999906844826016,0.9999906844826016
2013-01-02,104,8,634.1,500.0,24,131.796875,1,1,1,pass,0.8,1.0499985221919017,0.9999654248449816,0.9999654248449816
2013-01-02,104,9,634.1,500.0,24,135.6389404296875,1,1,1,pass,0.8,1.0494709136412437,0.9999857167115642,0.9999857167115642
2013-01-03,105,0,634.1,500.0,24,134.008447265625,1,1,1,pass,0.8,1.0499776198993258,0.9999934735237348,0.9999934735237348
2013-01-03,105,1,634.1,500.0,24,111.875,1,1,1,pass,0.8,1.049999735362997,0.9999763749705312,0.9999763749705312
2013-01-03,105,2,634.1,500.0,24,119.375,1,1,1,pass,0.8,1.0499993674614705,0.999992572530519,0.999992572530519
2013-01-03,105,3,634.1,500.0,24,113.046875,1,1,1,pass,0.8,1.0499995733286924,0.9999772448194784,0.9999772448194784
2013-01-03,105,4,634.1,500.0,24,134.9779296875,1,1,1,pass,0.8,1.0497459075653912,1.0000001741227402,1.0000001741227402
2013-01-03,105,5,634.1,500.0,24,110.859375,1,1,1,pass,0.8,1.0499990793763023,0.9999815597486408,0.9999815597486408
2013-01-03,105,6,634.1,500.0,24,123.671875,1,1,1,pass,0.8,1.04999896622262,0.9999838779068416,0.9999838779068416
2013-01-03,105,7,634.1,500.0,24,131.484375,1,1,1,pass,0.8,1.0499995841095184,0.999987924768016,0.999987924768016
2013-01-03,105,8,634.1,500.0,24,111.875,1,1,1,pass,0.8,1.0500009056074662,0.9999947739782552,0.9999947739782552
2013-01-03,105,9,634.1,500.0,24,127.8125,1,1,1,pass,0.8,1.0499993216611954,0.999960115928837,0.999960115928837
2013-01-04,106,0,634.1,500.0,24,107.578125,1,1,1,pass,0.8,1.05000038969051,0.9999261721321748,0.9999261721321748
2013-01-04,106,1,634.1,500.0,24,92.8125,1,1,1,pass,0.8,1.0500005677769355,0.9999844929709858,0.9999844929709858
2013-01-04,106,2,634.1,500.0,24,93.359375,1,1,1,pass,0.8,1.0500003416519577,0.9999334372442112,0.9999334372442112
2013-01-04,106,3,634.1,500.0,24,74.375,1,1,1,pass,0.8,1.050000057576679,0.9999849115507538,0.9999849115507538
2013-01-04,106,4,634.1,500.0,24,101.25,1,1,1,pass,0.8,1.050000923732702,1.0000000487729306,1.0000000487729306
2013-01-04,106,5,634.1,500.0,24,61.875,1,1,1,pass,0.8,1.0500004940166745,0.9999024792968908,0.9999024792968908
2013-01-04,106,6,634.1,500.0,24,133.1447265625,1,1,1,pass,0.8,1.0496331597506314,0.9999743746585004,0.9999743746585004
2013-01-04,106,7,634.1,500.0,24,129.21391601562502,1,1,1,pass,0.8,1.048938905611937,0.9999815215021444,0.9999815215021444
2013-01-04,106,8,634.1,500.0,24,86.015625,1,1,1,pass,0.8,1.049999445554168,0.999989007161574,0.999989007161574
2013-01-04,106,9,634.1,500.0,24,102.65625,1,1,1,pass,0.8,1.0500005867469309,0.9999799929469512,0.9999799929469512
2013-01-05,107,0,634.1,500.0,24,128.7820556640625,1,1,1,pass,0.8,1.048508505991451,1.0000007155603936,1.0000007155603936
2013-01-05,107,1,634.1,500.0,24,100.390625,1,1,1,pass,0.8,1.0500008138376289,0.9999836946694536,0.9999836946694536
2013-01-05,107,2,634.1,500.0,24,88.984375,1,1,1,pass,0.8,1.0500006117167031,0.9999063700576788,0.9999063700576788
2013-01-05,107,3,634.1,500.0,24,130.8091552734375,1,1,1,pass,0.8,1.0497950713454738,0.9999376707287626,0.9999376707287626
2013-01-05,107,4,634.1,500.0,24,127.44240722656252,1,1,1,pass,0.8,1.048377660087482,0.99997708002341,0.99997708002341
2013-01-05,107,5,634.1,500.0,24,130.5447509765625,1,1,1,pass,0.8,1.048720780673816,0.9999913715788792,0.9999913715788792
2013-01-05,107,6,634.1,500.0,24,124.595654296875,1,1,1,pass,0.8,1.0481700354043315,0.9999723329466416,0.9999723329466416
2013-01-05,107,7,634.1,500.0,24,128.4118896484375,1,1,1,pass,0.8,1.0490536036198248,0.9999737650184786,0.9999737650184786
2013-01-05,107,8,634.1,500.0,24,127.421875,1,1,1,pass,0.8,1.0499999404387053,0.999961784526761,0.999961784526761
2013-01-05,107,9,634.1,500.0,24,127.54816894531253,1,1,1,pass,0.8,1.0495838564847124,0.9999922011582209,0.9999922011582209
2013-01-06,108,0,634.1,500.0,24,126.4376708984375,1,1,1,pass,0.8,1.0477907728960898,0.9999973033869184,0.9999973033869184
2013-01-06,108,1,634.1,500.0,24,130.390625,1,1,1,pass,0.8,1.04999984311469,0.999987433279482,0.999987433279482
2013-01-06,108,2,634.1,500.0,24,90.9375,1,1,1,pass,0.8,1.0500009467879188,0.9999989371879692,0.9999989371879692
2013-01-06,108,3,634.1,500.0,24,107.421875,1,1,1,pass,0.8,1.050000132788253,0.9999501518302456,0.9999501518302456
2013-01-06,108,4,634.1,500.0,24,131.752197265625,1,1,1,pass,0.8,1.0491935390332827,0.9999976011896844,0.9999976011896844
2013-01-06,108,5,634.1,500.0,24,120.703125,1,1,1,pass,0.8,1.0499991446857158,0.9999825464140714,0.9999825464140714
2013-01-06,108,6,634.1,500.0,24,126.97529296875,1,1,1,pass,0.8,1.0480627925391748,0.9999611694455652,0.9999611694455652
2013-01-06,108,7,634.1,500.0,24,127.54816894531253,1,1,1,pass,0.8,1.0481596809056206,0.9999982751601564,0.9999982751601564
2013-01-06,108,8,634.1,500.0,24,131.02067871093752,1,1,1,pass,0.8,1.0498219984451445,0.999999237785367,0.999999237785367
2013-01-06,108,9,634.1,500.0,24,130.676953125,1,1,1,pass,0.8,1.049163810736604,0.9999917400924884,0.9999917400924884
2013-01-07,109,0,634.1,500.0,24,101.328125,1,1,1,pass,0.8,1.0499996811291947,0.9999754285413384,0.9999754285413384
2013-01-07,109,1,634.1,500.0,24,126.25,1,1,1,pass,0.8,1.0499989553690827,0.9999928844568772,0.9999928844568772
2013-01-07,109,2,634.1,500.0,24,81.953125,1,1,1,pass,0.8,1.0499993114043646,0.9999735818132804,0.9999735818132804
2013-01-07,109,3,634.1,500.0,24,115.546875,1,1,1,pass,0.8,1.050000087712928,0.9999801339502454,0.9999801339502454
2013-01-07,109,4,634.1,500.0,24,128.73798828125,1,1,1,pass,0.8,1.0486969141812883,0.9999013980321936,0.9999013980321936
2013-01-07,109,5,634.1,500.0,24,97.03125,1,1,1,pass,0.8,1.049999984888037,0.9999921027944584,0.9999921027944584
2013-01-07,109,6,634.1,500.0,24,130.88847656250002,1,1,1,pass,0.8,1.0499960193230125,0.9999793560113156,0.9999793560113156
2013-01-07,109,7,634.1,500.0,24,119.6875,1,1,1,pass,0.8,1.0499997961363434,0.9999940662082764,0.9999940662082764
2013-01-07,109,8,634.1,500.0,24,117.109375,1,1,1,pass,0.8,1.0500008041014774,0.9999857919939116,0.9999857919939116
2013-01-07,109,9,634.1,500.0,24,134.51962890625,1,1,1,pass,0.8,1.0497834964397283,0.9998766357105384,0.9998766357105384
2013-01-08,110,1,634.1,500.0,24,122.3463623046875,1,1,1,pass,0.8,1.0480468012670516,0.9999958378747812,0.9999958378747812
2013-01-08,110,2,634.1,500.0,24,129.002392578125,1,1,1,pass,0.8,1.0493912309620876,0.9999743507843112,0.9999743507843112
2013-01-08,110,3,634.1,500.0,24,121.4650146484375,1,1,1,pass,0.8,1.0480437907347495,0.999980342454543,0.999980342454543
2013-01-08,110,4,634.1,500.0,24,110.8271484375,1,1,1,pass,0.8,1.047975934902562,0.9999766342588092,0.9999766342588092
2013-01-08,110,5,634.1,500.0,24,126.20852050781252,1,1,1,pass,0.8,1.048465349648516,0.9999961174166396,0.9999961174166396
2013-01-08,110,6,634.1,500.0,24,121.528564453125,1,1,1,pass,0.8,1.048050874978663,0.999973139665579,0.999973139665579
2013-01-08,110,7,634.1,500.0,24,122.4539794921875,1,1,1,pass,0.8,1.047635815968075,0.9999862062542432,0.9999862062542432
2013-01-08,110,8,634.1,500.0,24,124.01396484375,1,1,1,pass,0.8,1.0480592120676695,0.9999942817625912,0.9999942817625912
2013-01-08,110,9,634.1,500.0,24,117.2345458984375,1,1,1,pass,0.8,1.0481022691824289,1.0000001484042609,1.0000001484042609
2013-01-09,111,0,634.1,500.0,24,132.54541015625,1,1,1,pass,0.8,1.0478509784811232,0.99996547293704,0.99996547293704
2013-01-09,111,1,634.1,500.0,24,135.136572265625,1,1,1,pass,0.8,1.049464217710222,0.9999810401118652,0.9999810401118652
2013-01-09,111,2,634.1,500.0,24,122.34375,1,1,1,pass,0.8,1.050000116619564,0.9999885132814657,0.9999885132814657
2013-01-09,111,3,634.1,500.0,24,134.5284423828125,1,1,1,pass,0.8,1.049949887872822,0.999960958739126,0.999960958739126
2013-01-09,111,4,634.1,500.0,24,133.162353515625,1,1,1,pass,0.8,1.0487078242703975,0.9999900863766676,0.9999900863766676
2013-01-09,111,5,634.1,500.0,24,124.140625,1,1,1,pass,0.8,1.0499993131996872,0.9999874758713164,0.9999874758713164
2013-01-09,111,6,634.1,500.0,24,134.28166503906252,1,1,1,pass,0.8,1.0497081075613228,0.9999875326460418,0.9999875326460418
2013-01-09,111,7,634.1,500.0,24,134.466748046875,1,1,1,pass,0.8,1.0493392089119806,0.9999824679502204,0.9999824679502204
2013-01-09,111,8,634.1,500.0,24,112.03125,1,1,1,pass,0.8,1.0499989969947932,0.9999329334202924,0.9999329334202924
2013-01-09,111,9,634.1,500.0,24,132.265625,1,1,1,pass,0.8,1.050000407801657,0.999966497794638,0.999966497794638
2013-01-10,112,0,634.1,500.0,24,135.0219970703125,1,1,1,pass,0.8,1.0488489633741478,0.999998648863146,0.999998648863146
2013-01-10,112,1,634.1,500.0,24,136.0091064453125,1,1,1,pass,0.8,1.049001597203255,0.9999800307369276,0.9999800307369276
2013-01-10,112,2,634.1,500.0,24,136.194189453125,1,1,1,pass,0.8,1.049213896185689,0.9999553210796532,0.9999553210796532
2013-01-10,112,3,634.1,500.0,24,135.73588867187502,1,1,1,pass,0.8,1.0487260877977866,0.9999728655252142,0.9999728655252142
2013-01-10,112,4,634.1,500.0,24,134.1406494140625,1,1,1,pass,0.8,1.0482016553693148,0.9999875569902172,0.9999875569902172
2013-01-10,112,5,634.1,500.0,24,136.599609375,1,1,1,pass,0.8,1.0494922451160364,0.999974897629305,0.999974897629305
2013-01-10,112,6,634.1,500.0,24,135.69182128906252,1,1,1,pass,0.8,1.0491843560570135,0.9999878440358884,0.9999878440358884
2013-01-10,112,7,634.1,500.0,24,134.01726074218752,1,1,1,pass,0.8,1.0481469250711677,0.9999959751031764,0.9999959751031764
2013-01-10,112,8,634.1,500.0,24,136.7846923828125,1,1,1,pass,0.8,1.0495569809316294,0.9999960915706606,0.9999960915706606
2013-01-10,112,9,634.1,500.0,24,135.6830078125,1,1,1,pass,0.8,1.0485454923139832,0.9999138560377724,0.9999138560377724
2013-01-11,113,0,634.1,500.0,24,130.483056640625,1,1,1,pass,0.8,1.0493657161337098,0.9999984826079508,0.9999984826079508
2013-01-11,113,1,634.1,500.0,24,129.44306640625,1,1,1,pass,0.8,1.0493330503279883,0.999987014537824,0.999987014537824
2013-01-11,113,2,634.1,500.0,24,79.765625,1,1,1,pass,0.8,1.0499994948181277,0.9999383938784496,0.9999383938784496
2013-01-11,113,3,634.1,500.0,24,130.4566162109375,1,1,1,pass,0.8,1.0494906063279863,0.999976539393744,0.999976539393744
2013-01-11,113,4,634.1,500.0,24,128.6762939453125,1,1,1,pass,0.8,1.0483970962857394,0.9999501852379176,0.9999501852379176
2013-01-11,113,5,634.1,500.0,24,93.515625,1,1,1,pass,0.8,1.0500001851941043,0.999976219705348,0.999976219705348
2013-01-11,113,6,634.1,500.0,24,128.0769775390625,1,1,1,pass,0.8,1.048870888772074,0.999971583756446,0.999971583756446
2013-01-11,113,7,634.1,500.0,24,129.354931640625,1,1,1,pass,0.8,1.0483829870609933,0.9999706512658966,0.9999706512658966
2013-01-11,113,8,634.1,500.0,24,120.46875,1,1,1,pass,0.8,1.050000811927848,0.9999647190530238,0.9999647190530238
2013-01-11,113,9,634.1,500.0,24,129.86611328125,1,1,1,pass,0.8,1.0491860486277942,0.9999909641313326,0.9999909641313326
2013-01-12,114,0,634.1,500.0,24,123.185498046875,1,1,1,pass,0.8,1.0476875521899982,0.9999997360050444,0.9999997360050444
2013-01-12,114,1,634.1,500.0,24,127.8302001953125,1,1,1,pass,0.8,1.0480526090007345,0.9999964698366604,0.9999964698366604
2013-01-12,114,2,634.1,500.0,24,129.1169677734375,1,1,1,pass,0.8,1.047936153135414,0.9999660319210186,0.9999660319210186
2013-01-12,114,3,634.1,500.0,24,125.77666015625,1,1,1,pass,0.8,1.048072656430404,0.9999904320463398,0.9999904320463398
2013-01-12,114,4,634.1,500.0,24,121.20246582031253,1,1,1,pass,0.8,1.047611433825629,0.999997600373583,0.999997600373583
2013-01-12,114,5,634.1,500.0,24,127.310205078125,1,1,1,pass,0.8,1.0480694701197732,0.9999649735251456,0.9999649735251456
2013-01-12,114,6,634.1,500.0,24,124.5427734375,1,1,1,pass,0.8,1.0480519362127805,0.9999959645530092,0.9999959645530092
2013-01-12,114,7,634.1,500.0,24,121.845849609375,1,1,1,pass,0.8,1.0477898602601916,0.999997011562742,0.999997011562742
2013-01-12,114,8,634.1,500.0,24,126.358349609375,1,1,1,pass,0.8,1.0481508999157847,0.999982980845311,0.999982980845311
2013-01-12,114,9,634.1,500.0,24,125.76784667968752,1,1,1,pass,0.8,1.047659149664157,0.9999647808590872,0.9999647808590872
2013-01-13,115,0,634.1,500.0,24,131.5671142578125,1,1,1,pass,0.8,1.0478033919859386,0.9999965368163944,0.9999965368163944
2013-01-13,115,1,634.1,500.0,24,134.66064453125,1,1,1,pass,0.8,1.0485562769455143,1.0000004823054989,1.0000004823054989
2013-01-13,115,2,634.1,500.0,24,130.8267822265625,1,1,1,pass,0.8,1.0481550951453324,0.999994238296284,0.999994238296284
2013-01-13,115,3,634.1,500.0,24,135.4009765625,1,1,1,pass,0.8,1.0487213607475354,0.99996630836496,0.99996630836496
2013-01-13,115,4,634.1,500.0,24,131.7962646484375,1,1,1,pass,0.8,1.047989677203119,0.9999944648682376,0.9999944648682376
2013-01-13,115,5,634.1,500.0,24,133.95556640625,1,1,1,pass,0.8,1.0483248599914288,0.9999926121687648,0.9999926121687648
2013-01-13,115,6,634.1,500.0,24,134.0525146484375,1,1,1,pass,0.8,1.0481556958993457,0.9999682500827436,0.9999682500827436
2013-01-13,115,7,634.1,500.0,24,132.9420166015625,1,1,1,pass,0.8,1.0484206483797958,0.9999621432500062,0.9999621432500062
2013-01-13,115,8,634.1,500.0,24,135.0572509765625,1,1,1,pass,0.8,1.0485833624152727,0.9999860273022558,0.9999860273022558
2013-01-13,115,9,634.1,500.0,24,132.51015625,1,1,1,pass,0.8,1.0478339078778265,0.999961158002569,0.999961158002569
2013-01-14,116,0,634.1,500.0,24,81.40625,1,1,1,pass,0.8,1.0500005596124844,0.999991806344294,0.999991806344294
2013-01-14,116,1,634.1,500.0,24,71.640625,1,1,1,pass,0.8,1.0499992642473976,0.9999966273232416,0.9999966273232416
2013-01-14,116,2,634.1,500.0,24,71.015625,1,1,1,pass,0.8,1.049999760402024,0.9999567673119312,0.9999567673119312
2013-01-14,116,3,634.1,500.0,24,78.828125,1,1,1,pass,0.8,1.050000658086242,0.9999844168249612,0.9999844168249612
2013-01-14,116,4,634.1,500.0,24,104.0625,1,1,1,pass,0.8,1.0499997211083147,0.9999277192947712,0.9999277192947712
2013-01-14,116,5,634.1,500.0,24,78.4375,1,1,1,pass,0.8,1.0499995167122098,0.9999309576200752,0.9999309576200752
2013-01-14,116,6,634.1,500.0,24,119.53125,1,1,1,pass,0.8,1.050000804228755,0.999998135469532,0.999998135469532
2013-01-14,116,7,634.1,500.0,24,103.828125,1,1,1,pass,0.8,1.0499997954195517,0.9999884200295924,0.9999884200295924
2013-01-14,116,8,634.1,500.0,24,66.5625,1,1,1,pass,0.8,1.0499992853227231,0.9999793040543048,0.9999793040543048
2013-01-14,116,9,634.1,500.0,24,105.78125,1,1,1,pass,0.8,1.049999318592857,0.999993667109784,0.999993667109784
2013-01-15,117,0,634.1,500.0,24,132.578125,1,1,1,pass,0.8,1.050000314456408,0.9999778742157602,0.9999778742157602
2013-01-15,117,1,634.1,500.0,24,99.140625,1,1,1,pass,0.8,1.0499995121926844,0.9999851768921462,0.9999851768921462
2013-01-15,117,2,634.1,500.0,24,117.8125,1,1,1,pass,0.8,1.049998959315337,0.9999256168329356,0.9999256168329356
2013-01-15,117,3,634.1,500.0,24,108.28125,1,1,1,pass,0.8,1.0500009496989948,0.9999947186721904,0.9999947186721904
2013-01-15,117,4,634.1,500.0,24,125.390625,1,1,1,pass,0.8,1.049999562458522,0.9999919296110666,0.9999919296110666
2013-01-15,117,5,634.1,500.0,24,113.4375,1,1,1,pass,0.8,1.0500002326606814,0.999972307256044,0.999972307256044
2013-01-15,117,6,634.1,500.0,24,132.421875,1,1,1,pass,0.8,1.0499989326620514,0.9999979721104432,0.9999979721104432
2013-01-15,117,7,634.1,500.0,24,111.09375,1,1,1,pass,0.8,1.0499997941267631,0.999883386198244,0.999883386198244
2013-01-15,117,8,634.1,500.0,24,104.21875,1,1,1,pass,0.8,1.0499994252302305,0.9999832507846363,0.9999832507846363
2013-01-15,117,9,634.1,500.0,24,134.0625,1,1,1,pass,0.8,1.0499988946443397,0.999964651341813,0.999964651341813
2013-01-16,118,0,634.1,500.0,24,131.1793212890625,1,1,1,pass,0.8,1.0499258910597469,0.9999845983464573,0.9999845983464573
2013-01-16,118,1,634.1,500.0,24,72.34375,1,1,1,pass,0.8,1.05000016420128,0.999997646852384,0.999997646852384
2013-01-16,118,2,634.1,500.0,24,76.5625,1,1,1,pass,0.8,1.0499993792802182,0.999957265751625,0.999957265751625
2013-01-16,118,3,634.1,500.0,24,89.921875,1,1,1,pass,0.8,1.050000750106937,0.9999206094829374,0.9999206094829374
2013-01-16,118,4,634.1,500.0,24,115.46875,1,1,1,pass,0.8,1.0500005603875593,0.9999847955023444,0.9999847955023444
2013-01-16,118,5,634.1,500.0,24,104.6875,1,1,1,pass,0.8,1.050000361991251,0.9999771555364464,0.9999771555364464
2013-01-16,118,6,634.1,500.0,24,95.15625,1,1,1,pass,0.8,1.0500003667593334,0.9999295037753656,0.9999295037753656
2013-01-16,118,7,634.1,500.0,24,106.25,1,1,1,pass,0.8,1.050000554185151,0.9999663021064916,0.9999663021064916
2013-01-16,118,8,634.1,500.0,24,92.734375,1,1,1,pass,0.8,1.050000419706175,0.9999444017973644,0.9999444017973644
2013-01-16,118,9,634.1,500.0,24,107.65625,1,1,1,pass,0.8,1.0500007295386782,0.9999656162587548,0.9999656162587548
2013-01-17,119,0,634.1,500.0,24,117.421875,1,1,1,pass,0.8,1.0500005837814352,0.9999576815194928,0.9999576815194928
2013-01-17,119,1,634.1,500.0,24,72.890625,1,1,1,pass,0.8,1.050000325351934,0.9999982423051984,0.9999982423051984
2013-01-17,119,2,634.1,500.0,24,91.953125,1,1,1,pass,0.8,1.050000981325405,0.9999867439821836,0.9999867439821836
2013-01-17,119,3,634.1,500.0,24,116.71875,1,1,1,pass,0.8,1.0500003767662514,0.9999539240399172,0.9999539240399172
2013-01-17,119,4,634.1,500.0,24,120.859375,1,1,1,pass,0.8,1.049999013561509,0.9999463474756628,0.9999463474756628
2013-01-17,119,5,634.1,500.0,24,129.989501953125,1,1,1,pass,0.8,1.049538754649513,0.9999774308577992,0.9999774308577992
2013-01-17,119,6,634.1,500.0,24,128.5352783203125,1,1,1,pass,0.8,1.0484645743074803,0.9999916117548968,0.9999916117548968
2013-01-17,119,7,634.1,500.0,24,114.921875,1,1,1,pass,0.8,1.0499989947610389,0.9999544011426148,0.9999544011426148
2013-01-17,119,8,634.1,500.0,24,132.457275390625,1,1,1,pass,0.8,1.0491763300016286,0.9999429494769432,0.9999429494769432
2013-01-17,119,9,634.1,500.0,24,126.015625,1,1,1,pass,0.8,1.049999252128784,0.9999916122959788,0.9999916122959788
2013-01-18,120,0,634.1,500.0,24,114.178125,1,1,1,pass,0.8,1.0474006347753388,0.9999529082433304,0.9999529082433304
2013-01-18,120,1,634.1,500.0,24,126.90478515625,1,1,1,pass,0.8,1.0480816362797312,0.9999991982417497,0.9999991982417497
2013-01-18,120,2,634.1,500.0,24,127.9535888671875,1,1,1,pass,0.8,1.049600613381081,0.9999850031730378,0.9999850031730378
2013-01-18,120,3,634.1,500.0,24,120.523828125,1,1,1,pass,0.8,1.0482366082674852,0.9999204753579308,0.9999204753579308
2013-01-18,120,4,634.1,500.0,24,116.77810058593752,1,1,1,pass,0.8,1.0479502782119987,0.999986926378121,0.999986926378121
2013-01-18,120,5,634.1,500.0,24,120.27705078125,1,1,1,pass,0.8,1.0478525974563708,0.9999829659023582,0.9999829659023582
2013-01-18,120,6,634.1,500.0,24,116.68996582031252,1,1,1,pass,0.8,1.0480183590054324,0.9999870549730704,0.9999870549730704
2013-01-18,120,7,634.1,500.0,24,121.18483886718752,1,1,1,pass,0.8,1.0478377592381007,0.999983594111371,0.999983594111371
2013-01-18,120,8,634.1,500.0,24,123.12380371093752,1,1,1,pass,0.8,1.0480742250545008,0.9999766539575028,0.9999766539575028
2013-01-18,120,9,634.1,500.0,24,118.64655761718753,1,1,1,pass,0.8,1.047889042594092,0.9999899447298572,0.9999899447298572
2013-01-19,121,0,634.1,500.0,24,134.572509765625,1,1,1,pass,0.8,1.0483344655937747,0.99999761175068,0.99999761175068
2013-01-19,121,1,634.1,500.0,24,134.67827148437502,1,1,1,pass,0.8,1.0485767394945604,0.9999775562736806,0.9999775562736806
2013-01-19,121,2,634.1,500.0,24,134.94267578125002,1,1,1,pass,0.8,1.0488692591277005,0.9999712857761304,0.9999712857761304
2013-01-19,121,3,634.1,500.0,24,136.21181640625,1,1,1,pass,0.8,1.049631933270342,0.999995283110074,0.999995283110074
2013-01-19,121,4,634.1,500.0,24,135.066064453125,1,1,1,pass,0.8,1.0488750794718826,0.9999833953017776,0.9999833953017776
2013-01-19,121,5,634.1,500.0,24,135.2864013671875,1,1,1,pass,0.8,1.0495774783030816,0.9999925823380084,0.9999925823380084
2013-01-19,121,6,634.1,500.0,24,135.1806396484375,1,1,1,pass,0.8,1.0480065451317109,0.9999958783886717,0.9999958783886717
2013-01-19,121,7,634.1,500.0,24,133.57658691406252,1,1,1,pass,0.8,1.0484524993739928,0.9999676444283028,0.9999676444283028
2013-01-19,121,8,634.1,500.0,24,135.25114746093752,1,1,1,pass,0.8,1.0487622252005353,0.9999715674500984,0.9999715674500984
2013-01-19,121,9,634.1,500.0,24,135.348095703125,1,1,1,pass,0.8,1.0489907103187033,0.9999789851023876,0.9999789851023876
2013-01-20,122,0,634.1,500.0,24,135.0043701171875,1,1,1,pass,0.8,1.047918089742248,1.0000004324875067,1.0000004324875067
2013-01-20,122,1,634.1,500.0,24,134.7399658203125,1,1,1,pass,0.8,1.048060965150725,0.9999852497244442,0.9999852497244442
2013-01-20,122,2,634.1,500.0,24,135.82402343750002,1,1,1,pass,0.8,1.0481806520111276,0.9999989802855512,0.9999989802855512
2013-01-20,122,3,634.1,500.0,24,135.312841796875,1,1,1,pass,0.8,1.0483464413542314,0.9999714710167976,0.9999714710167976
2013-01-20,122,4,634.1,500.0,24,135.0925048828125,1,1,1,pass,0.8,1.0481924658302515,0.9999646174077272,0.9999646174077272
2013-01-20,122,5,634.1,500.0,24,135.4009765625,1,1,1,pass,0.8,1.048271910413044,0.99999626771494,0.99999626771494
2013-01-20,122,6,634.1,500.0,24,134.960302734375,1,1,1,pass,0.8,1.048174895362263,0.9999275393733028,0.9999275393733028
2013-01-20,122,7,634.1,500.0,24,132.05185546875,1,1,1,pass,0.8,1.0480191912114267,0.9999472318224352,0.9999472318224352
2013-01-20,122,8,634.1,500.0,24,134.2111572265625,1,1,1,pass,0.8,1.04834705708289,0.9999977285824456,0.9999977285824456
2013-01-20,122,9,634.1,500.0,24,134.63420410156252,1,1,1,pass,0.8,1.047972372512975,0.9999933081307802,0.9999933081307802
2013-01-21,123,0,634.1,500.0,24,129.84375,1,1,1,pass,0.8,1.0499988191867673,0.9999985877276732,0.9999985877276732
2013-01-21,123,1,634.1,500.0,24,123.046875,1,1,1,pass,0.8,1.0499986802968666,0.9999614761664816,0.9999614761664816
2013-01-21,123,2,634.1,500.0,24,127.34375,1,1,1,pass,0.8,1.049999930395609,0.9999732093880892,0.9999732093880892
2013-01-21,123,3,634.1,500.0,24,128.4375,1,1,1,pass,0.8,1.0500005262011871,0.9999972279115644,0.9999972279115644
2013-01-21,123,4,634.1,500.0,24,132.25456542968752,1,1,1,pass,0.8,1.0489640569462926,0.9999767401696742,0.9999767401696742
2013-01-21,123,5,634.1,500.0,24,135.9375,1,1,1,pass,0.8,1.0500003606489847,0.9999808971101508,0.9999808971101508
2013-01-21,123,6,634.1,500.0,24,135.806396484375,1,1,1,pass,0.8,1.0491740408521062,0.9999686450854024,0.9999686450854024
2013-01-21,123,7,634.1,500.0,24,134.2728515625,1,1,1,pass,0.8,1.0497448839507757,0.999992439604168,0.999992439604168
2013-01-21,123,8,634.1,500.0,24,129.453125,1,1,1,pass,0.8,1.0500005532230496,0.999996980942134,0.999996980942134
2013-01-21,123,9,634.1,500.0,24,134.713525390625,1,1,1,pass,0.8,1.0493895090560383,0.9999948829494484,0.9999948829494484
2013-01-22,124,0,634.1,500.0,24,111.40625,1,1,1,pass,0.8,1.0500004203413138,0.9999883117457102,0.9999883117457102
2013-01-22,124,1,634.1,500.0,24,124.6875,1,1,1,pass,0.8,1.0499987339004548,0.9999932474870772,0.9999932474870772
2013-01-22,124,2,634.1,500.0,24,75.625,1,1,1,pass,0.8,1.0499993848366884,0.9999987129427372,0.9999987129427372
2013-01-22,124,3,634.1,500.0,24,129.921875,1,1,1,pass,0.8,1.0499984632600166,0.9999831847729298,0.9999831847729298
2013-01-22,124,4,634.1,500.0,24,129.8572998046875,1,1,1,pass,0.8,1.0483142557205218,0.9999372030007544,0.9999372030007544
2013-01-22,124,5,634.1,500.0,24,99.453125,1,1,1,pass,0.8,1.0500004232194275,0.9999814045385382,0.9999814045385382
2013-01-22,124,6,634.1,500.0,24,114.140625,1,1,1,pass,0.8,1.0499989757925188,0.9999956026281288,0.9999956026281288
2013-01-22,124,7,634.1,500.0,24,129.453125,1,1,1,pass,0.8,1.0499997543574011,0.9999561918198324,0.9999561918198324
2013-01-22,124,8,634.1,500.0,24,130.412548828125,1,1,1,pass,0.8,1.0497162027753335,0.9999932395374016,0.9999932395374016
2013-01-22,124,9,634.1,500.0,24,118.671875,1,1,1,pass,0.8,1.0500009386631373,0.9999890034155496,0.9999890034155496
2013-01-23,125,0,634.1,500.0,24,134.6165771484375,1,1,1,pass,0.8,1.049019304673932,0.9999888449416544,0.9999888449416544
2013-01-23,125,1,634.1,500.0,24,135.50673828125,1,1,1,pass,0.8,1.0488070039631483,0.9999964348775056,0.9999964348775056
2013-01-23,125,2,634.1,500.0,24,135.64775390625002,1,1,1,pass,0.8,1.048357111188058,0.999974523430312,0.999974523430312
2013-01-23,125,3,634.1,500.0,24,135.89453125,1,1,1,pass,0.8,1.0491707872897602,0.9999799215847148,0.9999799215847148
2013-01-23,125,4,634.1,500.0,24,133.79692382812502,1,1,1,pass,0.8,1.0480137077089346,0.9999910496780986,0.9999910496780986
2013-01-23,125,5,634.1,500.0,24,129.0625,1,1,1,pass,0.8,1.0500008981827087,0.999901606936606,0.999901606936606
2013-01-23,125,6,634.1,500.0,24,135.55961914062502,1,1,1,pass,0.8,1.0495754084652962,0.9999539225759732,0.9999539225759732
2013-01-23,125,7,634.1,500.0,24,134.66064453125,1,1,1,pass,0.8,1.0490136936803158,0.9999959368766036,0.9999959368766036
2013-01-23,125,8,634.1,500.0,24,136.83757324218752,1,1,1,pass,0.8,1.0495379135230072,0.9999925231733696,0.9999925231733696
2013-01-23,125,9,634.1,500.0,24,134.466748046875,1,1,1,pass,0.8,1.0487833259773196,0.9999502357171978,0.9999502357171978
2013-01-24,126,0,634.1,500.0,24,102.109375,1,1,1,pass,0.8,1.050000655359472,0.9999735536959502,0.9999735536959502
2013-01-24,126,1,634.1,500.0,24,120.78125,1,1,1,pass,0.8,1.0499999187607334,0.9999874817349704,0.9999874817349704
2013-01-24,126,2,634.1,500.0,24,103.125,1,1,1,pass,0.8,1.0499997390854974,0.9999817958074464,0.9999817958074464
2013-01-24,126,3,634.1,500.0,24,105.703125,1,1,1,pass,0.8,1.0500003756663563,0.9999928040542052,0.9999928040542052
2013-01-24,126,4,634.1,500.0,24,124.84375,1,1,1,pass,0.8,1.0499984411655778,0.9999808242944797,0.9999808242944797
2013-01-24,126,5,634.1,500.0,24,99.453125,1,1,1,pass,0.8,1.0499998153207557,0.9999801263715375,0.9999801263715375
2013-01-24,126,6,634.1,500.0,24,133.5677734375,1,1,1,pass,0.8,1.049108830934002,0.9999806589970146,0.9999806589970146
2013-01-24,126,7,634.1,500.0,24,132.109375,1,1,1,pass,0.8,1.0499999944108285,0.9998572170512288,0.9998572170512288
2013-01-24,126,8,634.1,500.0,24,105.703125,1,1,1,pass,0.8,1.0500001149000804,0.9999198968525852,0.9999198968525852
2013-01-24,126,9,634.1,500.0,24,104.6875,1,1,1,pass,0.8,1.0500007959104654,0.9999765741475172,0.9999765741475172
2013-01-25,127,0,634.1,500.0,24,131.1,1,1,1,pass,0.8,1.0493738801074697,0.9999546263297368,0.9999546263297368
2013-01-25,127,1,634.1,500.0,24,132.0077880859375,1,1,1,pass,0.8,1.0496984266001712,0.9999863751397158,0.9999863751397158
2013-01-25,127,2,634.1,500.0,24,73.671875,1,1,1,pass,0.8,1.0500001927076728,1.0000001074511822,1.0000001074511822
2013-01-25,127,3,634.1,500.0,24,104.765625,1,1,1,pass,0.8,1.0499994286759116,0.9999967960646232,0.9999967960646232
2013-01-25,127,4,634.1,500.0,24,129.7603515625,1,1,1,pass,0.8,1.0489301497440229,0.9999767112518592,0.9999767112518592
2013-01-25,127,5,634.1,500.0,24,123.046875,1,1,1,pass,0.8,1.049999263048292,0.9999874296902248,0.9999874296902248
2013-01-25,127,6,634.1,500.0,24,128.4118896484375,1,1,1,pass,0.8,1.0491628459017668,0.999988466256989,0.999988466256989
2013-01-25,127,7,634.1,500.0,24,129.9983154296875,1,1,1,pass,0.8,1.0484584232767906,0.999961938398676,0.999961938398676
2013-01-25,127,8,634.1,500.0,24,127.96875,1,1,1,pass,0.8,1.0499996191205512,0.9999551091867114,0.9999551091867114
2013-01-25,127,9,634.1,500.0,24,131.5671142578125,1,1,1,pass,0.8,1.0491959894299208,0.9999777469408164,0.9999777469408164
2013-04-01,128,0,634.1,500.0,24,135.947412109375,1,1,1,pass,0.8,1.0498772539973624,0.9999874417984392,0.9999874417984392
2013-04-01,128,1,634.1,500.0,24,135.1982666015625,1,1,1,pass,0.8,1.049263928352797,0.9999910196017444,0.9999910196017444
2013-04-01,128,2,634.1,500.0,24,134.572509765625,1,1,1,pass,0.8,1.049299252626319,0.9999946046066142,0.9999946046066142
2013-04-01,128,3,634.1,500.0,24,135.64775390625002,1,1,1,pass,0.8,1.0495735126001056,1.0000003040666112,1.0000003040666112
2013-04-01,128,4,634.1,500.0,24,135.4626708984375,1,1,1,pass,0.8,1.04980969888443,0.9999900014665914,0.9999900014665914
2013-04-01,128,5,634.1,500.0,24,131.953125,1,1,1,pass,0.8,1.0499995746685196,0.9999873747992624,0.9999873747992624
2013-04-01,128,6,634.1,500.0,24,135.6125,1,1,1,pass,0.8,1.0497766351646685,0.999961950354506,0.999961950354506
2013-04-01,128,7,634.1,500.0,24,133.1182861328125,1,1,1,pass,0.8,1.0490259393309036,0.9999426620514958,0.9999426620514958
2013-04-01,128,8,634.1,500.0,24,134.078955078125,1,1,1,pass,0.8,1.048691265700169,0.9998998620187812,0.9998998620187812
2013-04-01,128,9,634.1,500.0,24,133.6999755859375,1,1,1,pass,0.8,1.04929882645934,0.9999545582466092,0.9999545582466092
2013-04-02,129,0,634.1,500.0,24,77.03125,1,1,1,pass,0.8,1.0500000616157863,0.999920897725881,0.999920897725881
2013-04-02,129,1,634.1,500.0,24,86.71875,1,1,1,pass,0.8,1.0499996929855986,0.9999861493713984,0.9999861493713984
2013-04-02,129,2,634.1,500.0,24,90.234375,1,1,1,pass,0.8,1.0499993622110724,0.9999866612044118,0.9999866612044118
2013-04-02,129,3,634.1,500.0,24,61.953125,1,1,1,pass,0.8,1.0500006959109007,0.9999782583000548,0.9999782583000548
2013-04-02,129,4,634.1,500.0,24,88.359375,1,1,1,pass,0.8,1.05000022328331,0.9999636561475936,0.9999636561475936
2013-04-02,129,5,634.1,500.0,24,86.015625,1,1,1,pass,0.8,1.05000040124871,0.9999743946469226,0.9999743946469226
2013-04-02,129,6,634.1,500.0,24,112.65625,1,1,1,pass,0.8,1.050000496544235,0.999997847094432,0.999997847094432
2013-04-02,129,7,634.1,500.0,24,106.953125,1,1,1,pass,0.8,1.0500001481974457,0.9999976278984544,0.9999976278984544
2013-04-02,129,8,634.1,500.0,24,103.4375,1,1,1,pass,0.8,1.0499993654784336,0.999985824922088,0.999985824922088
2013-04-02,129,9,634.1,500.0,24,107.421875,1,1,1,pass,0.8,1.0500004387531987,0.9999524927929162,0.9999524927929162
2013-04-03,130,0,634.1,500.0,24,136.00029296875002,1,1,1,pass,0.8,1.048108770528938,0.9999753641143532,0.9999753641143532
2013-04-03,130,1,634.1,500.0,24,135.876904296875,1,1,1,pass,0.8,1.0482315099530706,0.99997965774874,0.99997965774874
2013-04-03,130,2,634.1,500.0,24,134.94267578125002,1,1,1,pass,0.8,1.0479701381767734,0.9999914357264418,0.9999914357264418
2013-04-03,130,3,634.1,500.0,24,136.44096679687502,1,1,1,pass,0.8,1.0483665726304212,0.999992894332136,0.999992894332136
2013-04-03,130,4,634.1,500.0,24,134.6518310546875,1,1,1,pass,0.8,1.0484395662799155,0.9999911199840904,0.9999911199840904
2013-04-03,130,5,634.1,500.0,24,135.630126953125,1,1,1,pass,0.8,1.0482167350760094,0.9999945504459076,0.9999945504459076
2013-04-03,130,6,634.1,500.0,24,134.4226806640625,1,1,1,pass,0.8,1.0479148363655155,0.9999757873221148,0.9999757873221148
2013-04-03,130,7,634.1,500.0,24,134.73115234375,1,1,1,pass,0.8,1.0479177212903752,0.9999690479177846,0.9999690479177846
2013-04-03,130,8,634.1,500.0,24,135.630126953125,1,1,1,pass,0.8,1.0482092404414785,0.9999637946737864,0.9999637946737864
2013-04-03,130,9,634.1,500.0,24,135.3921630859375,1,1,1,pass,0.8,1.04799402986016,0.999995757021327,0.999995757021327
2013-04-04,131,0,634.1,500.0,24,135.78876953125,1,1,1,pass,0.8,1.0488246525188412,0.9999758408030356,0.9999758408030356
2013-04-04,131,1,634.1,500.0,24,136.14130859375,1,1,1,pass,0.8,1.0489628015280317,0.9999995471972136,0.9999995471972136
2013-04-04,131,2,634.1,500.0,24,135.2687744140625,1,1,1,pass,0.8,1.048186433236049,0.9999951542770964,0.9999951542770964
2013-04-04,131,3,634.1,500.0,24,135.9914794921875,1,1,1,pass,0.8,1.04839597746645,0.9999904633248464,0.9999904633248464
2013-04-04,131,4,634.1,500.0,24,135.489111328125,1,1,1,pass,0.8,1.0491124995375685,0.9999909812782292,0.9999909812782292
2013-04-04,131,5,634.1,500.0,24,134.63420410156252,1,1,1,pass,0.8,1.0488100553829556,0.9999769224232816,0.9999769224232816
2013-04-04,131,6,634.1,500.0,24,135.11894531250002,1,1,1,pass,0.8,1.048017337297178,0.9999343524412936,0.9999343524412936
2013-04-04,131,7,634.1,500.0,24,135.60368652343752,1,1,1,pass,0.8,1.047987907752736,0.9999367312385786,0.9999367312385786
2013-04-04,131,8,634.1,500.0,24,135.7975830078125,1,1,1,pass,0.8,1.048662980562017,0.999950680006828,0.999950680006828
2013-04-04,131,9,634.1,500.0,24,134.50200195312502,1,1,1,pass,0.8,1.0485844280313974,0.9999748737172628,0.9999748737172628
2013-04-05,132,0,634.1,500.0,24,129.21875,1,1,1,pass,0.8,1.0499989292967202,0.9999394042007655,0.9999394042007655
2013-04-05,132,1,634.1,500.0,24,123.046875,1,1,1,pass,0.8,1.049999020628955,0.9999690217879684,0.9999690217879684
2013-04-05,132,2,634.1,500.0,24,128.28125,1,1,1,pass,0.8,1.0499996792313755,0.9999974634827554,0.9999974634827554
2013-04-05,132,3,634.1,500.0,24,128.671875,1,1,1,pass,0.8,1.0499994845908371,0.99999711937404,0.99999711937404
2013-04-05,132,4,634.1,500.0,24,135.101318359375,1,1,1,pass,0.8,1.0499327273717771,1.0000002655266975,1.0000002655266975
2013-04-05,132,5,634.1,500.0,24,133.671875,1,1,1,pass,0.8,1.0500004174735706,0.9999756878152894,0.9999756878152894
2013-04-05,132,6,634.1,500.0,24,136.335205078125,1,1,1,pass,0.8,1.0498018574396482,0.9999945820627296,0.9999945820627296
2013-04-05,132,7,634.1,500.0,24,135.6213134765625,1,1,1,pass,0.8,1.0498234432451992,0.999996865432557,0.999996865432557
2013-04-05,132,8,634.1,500.0,24,128.4375,1,1,1,pass,0.8,1.049998772140491,0.9999941344980452,0.9999941344980452
2013-04-05,132,9,634.1,500.0,24,135.20708007812502,1,1,1,pass,0.8,1.049533846772993,0.9999874290768408,0.9999874290768408
2013-04-06,133,0,634.1,500.0,24,134.41386718750002,1,1,1,pass,0.8,1.0485786223071227,0.9999960754428516,0.9999960754428516
2013-04-06,133,1,634.1,500.0,24,134.1759033203125,1,1,1,pass,0.8,1.0484793326843136,0.9999675721399172,0.9999675721399172
2013-04-06,133,2,634.1,500.0,24,135.171826171875,1,1,1,pass,0.8,1.0490971045726802,0.9999984964570272,0.9999984964570272
2013-04-06,133,3,634.1,500.0,24,133.2064208984375,1,1,1,pass,0.8,1.0483030620844034,0.999990854003565,0.999990854003565
2013-04-06,133,4,634.1,500.0,24,134.45793457031252,1,1,1,pass,0.8,1.0492831524448625,0.999982110617311,0.999982110617311
2013-04-06,133,5,634.1,500.0,24,135.6741943359375,1,1,1,pass,0.8,1.0486144861213484,0.9999497162117772,0.9999497162117772
2013-04-06,133,6,634.1,500.0,24,135.38334960937502,1,1,1,pass,0.8,1.0486305064613517,0.9999657279216404,0.9999657279216404
2013-04-06,133,7,634.1,500.0,24,132.9067626953125,1,1,1,pass,0.8,1.0481669097153157,1.0000003991026818,1.0000003991026818
2013-04-06,133,8,634.1,500.0,24,134.643017578125,1,1,1,pass,0.8,1.0488889200162497,0.9999624970875376,0.9999624970875376
2013-04-06,133,9,634.1,500.0,24,134.9162353515625,1,1,1,pass,0.8,1.0484828413636471,0.9999560744829132,0.9999560744829132
2013-04-07,134,0,634.1,500.0,24,133.7881103515625,1,1,1,pass,0.8,1.0486614250236974,0.9999782740303664,0.9999782740303664
2013-04-07,134,1,634.1,500.0,24,135.86809082031252,1,1,1,pass,0.8,1.0495887509034494,0.999985440202894,0.999985440202894
2013-04-07,134,2,634.1,500.0,24,135.2335205078125,1,1,1,pass,0.8,1.0499848658098736,0.999979226584754,0.999979226584754
2013-04-07,134,3,634.1,500.0,24,121.25,1,1,1,pass,0.8,1.0499992234456386,0.9999934142368644,0.9999934142368644
2013-04-07,134,4,634.1,500.0,24,134.80166015625,1,1,1,pass,0.8,1.0487447090707718,0.9999904833355264,0.9999904833355264
2013-04-07,134,5,634.1,500.0,24,128.515625,1,1,1,pass,0.8,1.050000992806582,0.999963242309768,0.999963242309768
2013-04-07,134,6,634.1,500.0,24,134.44912109375,1,1,1,pass,0.8,1.0487845581422632,0.9999959717744444,0.9999959717744444
2013-04-07,134,7,634.1,500.0,24,134.37861328125,1,1,1,pass,0.8,1.0491775947474864,0.9999876529787126,0.9999876529787126
2013-04-07,134,8,634.1,500.0,24,134.32573242187502,1,1,1,pass,0.8,1.049629594200474,0.9999933239537172,0.9999933239537172
2013-04-07,134,9,634.1,500.0,24,134.1318359375,1,1,1,pass,0.8,1.049826214647218,0.9999753678826994,0.9999753678826994
2013-04-08,135,0,634.1,500.0,24,135.77995605468752,1,1,1,pass,0.8,1.0493123107902758,0.9999277950108882,0.9999277950108882
2013-04-08,135,1,634.1,500.0,24,131.640625,1,1,1,pass,0.8,1.0500006788271024,0.9999629892369776,0.9999629892369776
2013-04-08,135,2,634.1,500.0,24,136.511474609375,1,1,1,pass,0.8,1.0496784857876058,0.9999753570623968,0.9999753570623968
2013-04-08,135,3,634.1,500.0,24,134.296875,1,1,1,pass,0.8,1.0499993660259557,0.9999367288446068,0.9999367288446068
2013-04-08,135,4,634.1,500.0,24,126.796875,1,1,1,pass,0.8,1.0499987647532574,0.999990221256882,0.999990221256882
2013-04-08,135,5,634.1,500.0,24,135.078125,1,1,1,pass,0.8,1.0499997879333722,0.9999739919335352,0.9999739919335352
2013-04-08,135,6,634.1,500.0,24,135.841650390625,1,1,1,pass,0.8,1.049932779077552,0.9999675312999666,0.9999675312999666
2013-04-08,135,7,634.1,500.0,24,134.89860839843752,1,1,1,pass,0.8,1.0497726680074009,0.9999641277480132,0.9999641277480132
2013-04-08,135,8,634.1,500.0,24,124.53125,1,1,1,pass,0.8,1.050000009208255,0.999990054692804,0.999990054692804
2013-04-08,135,9,634.1,500.0,24,134.819287109375,1,1,1,pass,0.8,1.0493118961327963,0.9999977318293496,0.9999977318293496
2013-04-09,136,0,634.1,500.0,24,136.1501220703125,1,1,1,pass,0.8,1.0491352371568083,0.9999974485917624,0.9999974485917624
2013-04-09,136,1,634.1,500.0,24,136.0267333984375,1,1,1,pass,0.8,1.0496689489362114,0.9999549073663933,0.9999549073663933
2013-04-09,136,2,634.1,500.0,24,136.581982421875,1,1,1,pass,0.8,1.0487929645003085,0.9999539159215154,0.9999539159215154
2013-04-09,136,3,634.1,500.0,24,136.92570800781252,1,1,1,pass,0.8,1.0483097540581043,0.9999914139429223,0.9999914139429223
2013-04-09,136,4,634.1,500.0,24,135.524365234375,1,1,1,pass,0.8,1.0492433820464742,0.999954027704608,0.999954027704608
2013-04-09,136,5,634.1,500.0,24,136.39689941406252,1,1,1,pass,0.8,1.048902702453446,0.99995140163852,0.99995140163852
2013-04-09,136,6,634.1,500.0,24,136.158935546875,1,1,1,pass,0.8,1.0486291550695457,0.9999985045529228,0.9999985045529228
2013-04-09,136,7,634.1,500.0,24,135.312841796875,1,1,1,pass,0.8,1.048411401251158,0.9999913231997086,0.9999913231997086
2013-04-09,136,8,634.1,500.0,24,136.758251953125,1,1,1,pass,0.8,1.049670646647073,0.999986667970788,0.999986667970788
2013-04-09,136,9,634.1,500.0,24,134.9162353515625,1,1,1,pass,0.8,1.049754025494531,0.999996675725036,0.999996675725036
2013-04-10,137,0,634.1,500.0,24,126.5625,1,1,1,pass,0.8,1.0500004601737585,0.9999990293992368,0.9999990293992368
2013-04-10,137,1,634.1,500.0,24,111.171875,1,1,1,pass,0.8,1.049999098202321,0.9999927346677286,0.9999927346677286
2013-04-10,137,2,634.1,500.0,24,97.65625,1,1,1,pass,0.8,1.0500002266973725,0.99996565561633,0.99996565561633
2013-04-10,137,3,634.1,500.0,24,101.40625,1,1,1,pass,0.8,1.0499995681991965,1.0000008466667365,1.0000008466667365
2013-04-10,137,4,634.1,500.0,24,109.453125,1,1,1,pass,0.8,1.049999960379571,0.9999921817090496,0.9999921817090496
2013-04-10,137,5,634.1,500.0,24,99.609375,1,1,1,pass,0.8,1.050000005360766,0.9999732365315708,0.9999732365315708
2013-04-10,137,6,634.1,500.0,24,118.4375,1,1,1,pass,0.8,1.0499994486643485,0.9999993301105872,0.9999993301105872
2013-04-10,137,7,634.1,500.0,24,124.921875,1,1,1,pass,0.8,1.0499993207573235,0.9999980013315763,0.9999980013315763
2013-04-10,137,8,634.1,500.0,24,106.640625,1,1,1,pass,0.8,1.0499999341714588,0.9999663527176278,0.9999663527176278
2013-04-10,137,9,634.1,500.0,24,129.296875,1,1,1,pass,0.8,1.0499984575567796,0.9999968310203567,0.9999968310203567
2013-04-11,138,0,634.1,500.0,24,101.171875,1,1,1,pass,0.8,1.050000099096586,0.9999817741485234,0.9999817741485234
2013-04-11,138,1,634.1,500.0,24,97.890625,1,1,1,pass,0.8,1.0500004434055925,0.9999726782059376,0.9999726782059376
2013-04-11,138,2,634.1,500.0,24,91.640625,1,1,1,pass,0.8,1.049999389011356,0.9999965189000528,0.9999965189000528
2013-04-11,138,3,634.1,500.0,24,87.8125,1,1,1,pass,0.8,1.0499994939549688,0.999945158468466,0.999945158468466
2013-04-11,138,4,634.1,500.0,24,94.453125,1,1,1,pass,0.8,1.0500006277385847,0.9999840581165408,0.9999840581165408
2013-04-11,138,5,634.1,500.0,24,77.96875,1,1,1,pass,0.8,1.0500003599165069,0.9999825940964534,0.9999825940964534
2013-04-11,138,6,634.1,500.0,24,124.53125,1,1,1,pass,0.8,1.049999889247841,0.9999848523368114,0.9999848523368114
2013-04-11,138,7,634.1,500.0,24,113.671875,1,1,1,pass,0.8,1.049998467763603,0.9999397306405174,0.9999397306405174
2013-04-11,138,8,634.1,500.0,24,91.796875,1,1,1,pass,0.8,1.0499995314208337,0.9999243519600566,0.9999243519600566
2013-04-11,138,9,634.1,500.0,24,117.03125,1,1,1,pass,0.8,1.0499990827413377,0.9999965886125308,0.9999965886125308
2013-04-12,139,0,634.1,500.0,24,136.13249511718752,1,1,1,pass,0.8,1.0496388582580891,0.999973694379371,0.999973694379371
2013-04-12,139,1,634.1,500.0,24,123.203125,1,1,1,pass,0.8,1.050000459342703,0.9999905727785192,0.9999905727785192
2013-04-12,139,2,634.1,500.0,24,113.984375,1,1,1,pass,0.8,1.049999247182343,0.9999483836707171,0.9999483836707171
2013-04-12,139,3,634.1,500.0,24,104.53125,1,1,1,pass,0.8,1.05000001013844,0.9999715707120356,0.9999715707120356
2013-04-12,139,4,634.1,500.0,24,106.71875,1,1,1,pass,0.8,1.050000841049689,0.9999686919918068,0.9999686919918068
2013-04-12,139,5,634.1,500.0,24,111.953125,1,1,1,pass,0.8,1.050000511874729,0.9999856687522768,0.9999856687522768
2013-04-12,139,6,634.1,500.0,24,133.88505859375002,1,1,1,pass,0.8,1.049717650073761,0.9999444455260036,0.9999444455260036
2013-04-12,139,7,634.1,500.0,24,115.15625,1,1,1,pass,0.8,1.0500003934336484,1.0000004632029016,1.0000004632029016
2013-04-12,139,8,634.1,500.0,24,108.515625,1,1,1,pass,0.8,1.04999839397792,0.9999735559974692,0.9999735559974692
2013-04-12,139,9,634.1,500.0,24,126.25,1,1,1,pass,0.8,1.049998643596803,0.9999991418160432,0.9999991418160432
2013-04-13,140,0,634.1,500.0,24,122.421875,1,1,1,pass,0.8,1.0500006577419057,0.9999654135047122,0.9999654135047122
2013-04-13,140,1,634.1,500.0,24,124.140625,1,1,1,pass,0.8,1.0500006905427106,0.9999904591042428,0.9999904591042428
2013-04-13,140,2,634.1,500.0,24,119.0625,1,1,1,pass,0.8,1.0499990830002903,0.9999930689082795,0.9999930689082795
2013-04-13,140,3,634.1,500.0,24,115.546875,1,1,1,pass,0.8,1.0500004308406818,0.9999853855832948,0.9999853855832948
2013-04-13,140,4,634.1,500.0,24,134.219970703125,1,1,1,pass,0.8,1.0499637664469843,0.9999255136354064,0.9999255136354064
2013-04-13,140,5,634.1,500.0,24,104.21875,1,1,1,pass,0.8,1.0500009699060362,0.9999995926838956,0.9999995926838956
2013-04-13,140,6,634.1,500.0,24,128.90625,1,1,1,pass,0.8,1.0500008395052538,0.9999804845971776,0.9999804845971776
2013-04-13,140,7,634.1,500.0,24,135.55961914062502,1,1,1,pass,0.8,1.049119717769377,0.999969685157884,0.999969685157884
2013-04-13,140,8,634.1,500.0,24,119.6875,1,1,1,pass,0.8,1.049998875046685,0.9999849756105054,0.9999849756105054
2013-04-13,140,9,634.1,500.0,24,134.296875,1,1,1,pass,0.8,1.0499992197503671,0.9999854988060208,0.9999854988060208
2013-04-14,141,0,634.1,500.0,24,134.4931884765625,1,1,1,pass,0.8,1.049949078831965,0.999979854952576,0.999979854952576
2013-04-14,141,1,634.1,500.0,24,117.8125,1,1,1,pass,0.8,1.0499986579375542,0.999996724341924,0.999996724341924
2013-04-14,141,2,634.1,500.0,24,135.6125,1,1,1,pass,0.8,1.049881496634285,0.9999812551533396,0.9999812551533396
2013-04-14,141,3,634.1,500.0,24,94.21875,1,1,1,pass,0.8,1.04999996371012,0.9999861112613676,0.9999861112613676
2013-04-14,141,4,634.1,500.0,24,127.03125,1,1,1,pass,0.8,1.049999116696196,0.999997620405376,0.999997620405376
2013-04-14,141,5,634.1,500.0,24,110.859375,1,1,1,pass,0.8,1.0499996885533238,0.9999445471910356,0.9999445471910356
2013-04-14,141,6,634.1,500.0,24,132.4484619140625,1,1,1,pass,0.8,1.0497741463057042,1.0000000536163636,1.0000000536163636
2013-04-14,141,7,634.1,500.0,24,134.114208984375,1,1,1,pass,0.8,1.0492643940917186,0.9999766043247904,0.9999766043247904
2013-04-14,141,8,634.1,500.0,24,126.953125,1,1,1,pass,0.8,1.050000278049727,0.9999913340598564,0.9999913340598564
2013-04-14,141,9,634.1,500.0,24,133.5677734375,1,1,1,pass,0.8,1.0498355024683297,0.999951926534157,0.999951926534157
2013-04-15,142,0,634.1,500.0,24,130.3125,1,1,1,pass,0.8,1.0499991874544266,0.9999953939350428,0.9999953939350428
2013-04-15,142,1,634.1,500.0,24,130.3125,1,1,1,pass,0.8,1.0499992095133566,1.0000005508802785,1.0000005508802785
2013-04-15,142,2,634.1,500.0,24,131.953125,1,1,1,pass,0.8,1.0500002051789683,0.9999957536157696,0.9999957536157696
2013-04-15,142,3,634.1,500.0,24,112.03125,1,1,1,pass,0.8,1.0499992265422888,1.0000001364616715,1.0000001364616715
2013-04-15,142,4,634.1,500.0,24,131.953125,1,1,1,pass,0.8,1.0500003982085628,0.999997878304832,0.999997878304832
2013-04-15,142,5,634.1,500.0,24,119.453125,1,1,1,pass,0.8,1.049998863800698,0.9999565958498398,0.9999565958498398
2013-04-15,142,6,634.1,500.0,24,134.5813232421875,1,1,1,pass,0.8,1.0494332685864325,0.99998916024953,0.99998916024953
2013-04-15,142,7,634.1,500.0,24,133.40031738281252,1,1,1,pass,0.8,1.0492054884213422,0.9999960180278256,0.9999960180278256
2013-04-15,142,8,634.1,500.0,24,121.015625,1,1,1,pass,0.8,1.0500006515712823,0.9999814330540728,0.9999814330540728
2013-04-15,142,9,634.1,500.0,24,134.94267578125002,1,1,1,pass,0.8,1.0496961345783726,0.9999969142312626,0.9999969142312626
2013-04-16,143,0,634.1,500.0,24,135.33046875,1,1,1,pass,0.8,1.0487235165177404,0.9999732107309972,0.9999732107309972
2013-04-16,143,1,634.1,500.0,24,135.524365234375,1,1,1,pass,0.8,1.0489175013081191,0.9999878518756364,0.9999878518756364
2013-04-16,143,2,634.1,500.0,24,136.5379150390625,1,1,1,pass,0.8,1.0499282867851758,0.999988552787275,0.999988552787275
2013-04-16,143,3,634.1,500.0,24,136.3263916015625,1,1,1,pass,0.8,1.0497050703782675,0.9999797416479106,0.9999797416479106
2013-04-16,143,4,634.1,500.0,24,136.2911376953125,1,1,1,pass,0.8,1.049703676582704,0.999940352559446,0.999940352559446
2013-04-16,143,5,634.1,500.0,24,136.1677490234375,1,1,1,pass,0.8,1.0495431785174871,0.999952619299856,0.999952619299856
2013-04-16,143,6,634.1,500.0,24,134.37861328125,1,1,1,pass,0.8,1.0487697324750864,0.999971990550616,0.999971990550616
2013-04-16,143,7,634.1,500.0,24,134.2287841796875,1,1,1,pass,0.8,1.0491817699360215,0.999975663857977,0.999975663857977
2013-04-16,143,8,634.1,500.0,24,136.123681640625,1,1,1,pass,0.8,1.0495196792266923,0.999980050477488,0.999980050477488
2013-04-16,143,9,634.1,500.0,24,135.5860595703125,1,1,1,pass,0.8,1.049833849702724,0.9999945459612616,0.9999945459612616
2013-04-17,144,0,634.1,500.0,24,135.91215820312502,1,1,1,pass,0.8,1.049847887323634,0.9999871363995062,0.9999871363995062
2013-04-17,144,1,634.1,500.0,24,117.5,1,1,1,pass,0.8,1.0499993893078874,0.9999800987303916,0.9999800987303916
2013-04-17,144,2,634.1,500.0,24,136.652490234375,1,1,1,pass,0.8,1.049955437119961,0.9999999090704188,0.9999999090704188
2013-04-17,144,3,634.1,500.0,24,113.359375,1,1,1,pass,0.8,1.0500000176977409,0.9999578043729248,0.9999578043729248
2013-04-17,144,4,634.1,500.0,24,116.015625,1,1,1,pass,0.8,1.0500008829086145,0.9999618382176084,0.9999618382176084
2013-04-17,144,5,634.1,500.0,24,123.828125,1,1,1,pass,0.8,1.049998589887444,0.9999854964234924,0.9999854964234924
2013-04-17,144,6,634.1,500.0,24,129.84375,1,1,1,pass,0.8,1.0499994666710744,0.9999714058845688,0.9999714058845688
2013-04-17,144,7,634.1,500.0,24,124.375,1,1,1,pass,0.8,1.0499990700842052,0.9999948315649986,0.9999948315649986
2013-04-17,144,8,634.1,500.0,24,136.6260498046875,1,1,1,pass,0.8,1.0497953353964036,0.9999288439409512,0.9999288439409512
2013-04-17,144,9,634.1,500.0,24,120.078125,1,1,1,pass,0.8,1.0500003642916476,0.9999657982470604,0.9999657982470604
2013-04-18,145,0,634.1,500.0,24,133.046875,1,1,1,pass,0.8,1.0499989531017937,0.9999997268812018,0.9999997268812018
2013-04-18,145,1,634.1,500.0,24,135.95622558593752,1,1,1,pass,0.8,1.0497636612050458,0.999989530517242,0.999989530517242
2013-04-18,145,2,634.1,500.0,24,128.125,1,1,1,pass,0.8,1.0499998668540456,0.9999997672430624,0.9999997672430624
2013-04-18,145,3,634.1,500.0,24,134.98674316406252,1,1,1,pass,0.8,1.0499851780367744,0.9999826889015744,0.9999826889015744
2013-04-18,145,4,634.1,500.0,24,132.34375,1,1,1,pass,0.8,1.050000090651113,0.9999993476459674,0.9999993476459674
2013-04-18,145,5,634.1,500.0,24,136.335205078125,1,1,1,pass,0.8,1.0498230999694582,0.9999850459138506,0.9999850459138506
2013-04-18,145,6,634.1,500.0,24,135.348095703125,1,1,1,pass,0.8,1.049148542734068,0.9999842177400202,0.9999842177400202
2013-04-18,145,7,634.1,500.0,24,135.25114746093752,1,1,1,pass,0.8,1.0486182278725764,0.9999516207525584,0.9999516207525584
2013-04-18,145,8,634.1,500.0,24,130.15625,1,1,1,pass,0.8,1.0499997775402374,0.999995421891022,0.999995421891022
2013-04-18,145,9,634.1,500.0,24,135.25114746093752,1,1,1,pass,0.8,1.049740104735417,0.9999856049908028,0.9999856049908028
2013-04-19,146,0,634.1,500.0,24,133.515625,1,1,1,pass,0.8,1.0500008864518389,0.9999965463089876,0.9999965463089876
2013-04-19,146,1,634.1,500.0,24,131.015625,1,1,1,pass,0.8,1.0499987331730145,0.9999827064862238,0.9999827064862238
2013-04-19,146,2,634.1,500.0,24,136.70537109375002,1,1,1,pass,0.8,1.0496908358225805,0.999937510611007,0.999937510611007
2013-04-19,146,3,634.1,500.0,24,135.20708007812502,1,1,1,pass,0.8,1.0493190319149917,0.9999995605702592,0.9999995605702592
2013-04-19,146,4,634.1,500.0,24,135.55961914062502,1,1,1,pass,0.8,1.0499983912299224,0.999986907564389,0.999986907564389
2013-04-19,146,5,634.1,500.0,24,135.9914794921875,1,1,1,pass,0.8,1.04998512061763,0.9999540796605952,0.9999540796605952
2013-04-19,146,6,634.1,500.0,24,135.5508056640625,1,1,1,pass,0.8,1.0497623288473397,0.9999890664926976,0.9999890664926976
2013-04-19,146,7,634.1,500.0,24,134.98674316406252,1,1,1,pass,0.8,1.0494663718433552,0.9999999040448824,0.9999999040448824
2013-04-19,146,8,634.1,500.0,24,135.0396240234375,1,1,1,pass,0.8,1.0492668275807755,0.999989533998658,0.999989533998658
2013-04-19,146,9,634.1,500.0,24,135.2335205078125,1,1,1,pass,0.8,1.0499254280095156,0.999952544484132,0.999952544484132
2013-04-20,147,0,634.1,500.0,24,132.61591796875,1,1,1,pass,0.8,1.0482263202871474,0.9999747786005472,0.9999747786005472
2013-04-20,147,1,634.1,500.0,24,130.6505126953125,1,1,1,pass,0.8,1.048018974301686,0.9999905100316672,0.9999905100316672
2013-04-20,147,2,634.1,500.0,24,134.4050537109375,1,1,1,pass,0.8,1.0480173751625137,0.9999671387020914,0.9999671387020914
2013-04-20,147,3,634.1,500.0,24,130.412548828125,1,1,1,pass,0.8,1.0483058243876824,0.9999947343819054,0.9999947343819054
2013-04-20,147,4,634.1,500.0,24,133.04777832031252,1,1,1,pass,0.8,1.048145340488701,0.9999402887331732,0.9999402887331732
2013-04-20,147,5,634.1,500.0,24,133.7881103515625,1,1,1,pass,0.8,1.0483255736693766,0.9999129493696672,0.9999129493696672
2013-04-20,147,6,634.1,500.0,24,132.069482421875,1,1,1,pass,0.8,1.0480342783171754,1.000000214829303,1.000000214829303
2013-04-20,147,7,634.1,500.0,24,131.90202636718752,1,1,1,pass,0.8,1.0477606613347847,0.9999883586547808,0.9999883586547808
2013-04-20,147,8,634.1,500.0,24,134.2111572265625,1,1,1,pass,0.8,1.0482492955770224,0.9999696704030784,0.9999696704030784
2013-04-20,147,9,634.1,500.0,24,130.99423828125,1,1,1,pass,0.8,1.0480424301506546,0.9999930280217074,0.9999930280217074
2013-04-21,148,0,634.1,500.0,24,134.7928466796875,1,1,1,pass,0.8,1.0487471518819214,0.9999976064234684,0.9999976064234684
2013-04-21,148,1,634.1,500.0,24,126.40625,1,1,1,pass,0.8,1.0499995975242935,0.9999882012756736,0.9999882012756736
2013-04-21,148,2,634.1,500.0,24,134.5548828125,1,1,1,pass,0.8,1.0494866988859657,0.999995095961363,0.999995095961363
2013-04-21,148,3,634.1,500.0,24,135.42741699218752,1,1,1,pass,0.8,1.0498907193758735,0.999989412486013,0.999989412486013
2013-04-21,148,4,634.1,500.0,24,133.691162109375,1,1,1,pass,0.8,1.04981617871559,0.9999632308902144,0.9999632308902144
2013-04-21,148,5,634.1,500.0,24,128.359375,1,1,1,pass,0.8,1.050000647993053,0.9999990953948176,0.9999990953948176
2013-04-21,148,6,634.1,500.0,24,134.7928466796875,1,1,1,pass,0.8,1.049342698671783,0.9999906983443236,0.9999906983443236
2013-04-21,148,7,634.1,500.0,24,133.7352294921875,1,1,1,pass,0.8,1.0495224155089489,0.9999677109863356,0.9999677109863356
2013-04-21,148,8,634.1,500.0,24,126.25,1,1,1,pass,0.8,1.0500000300913837,0.9999627914458006,0.9999627914458006
2013-04-21,148,9,634.1,500.0,24,133.1006591796875,1,1,1,pass,0.8,1.0489577601257365,0.9999626675051064,0.9999626675051064
2013-04-22,149,0,634.1,500.0,24,130.0,1,1,1,pass,0.8,1.0500003720775708,0.9999819723153032,0.9999819723153032
2013-04-22,149,1,634.1,500.0,24,110.078125,1,1,1,pass,0.8,1.049999237505463,0.9999967014205864,0.9999967014205864
2013-04-22,149,2,634.1,500.0,24,126.25,1,1,1,pass,0.8,1.050000518267414,0.999982235334712,0.999982235334712
2013-04-22,149,3,634.1,500.0,24,111.328125,1,1,1,pass,0.8,1.0499994895403797,0.9999525793913566,0.9999525793913566
2013-04-22,149,4,634.1,500.0,24,97.578125,1,1,1,pass,0.8,1.0500006020502763,0.9999986075465664,0.9999986075465664
2013-04-22,149,5,634.1,500.0,24,102.34375,1,1,1,pass,0.8,1.0499998796949364,0.9999956586258658,0.9999956586258658
2013-04-22,149,6,634.1,500.0,24,125.234375,1,1,1,pass,0.8,1.0499992947082244,0.9999849648784732,0.9999849648784732
2013-04-22,149,7,634.1,500.0,24,127.03125,1,1,1,pass,0.8,1.0499999782916425,0.9999586499886456,0.9999586499886456
2013-04-22,149,8,634.1,500.0,24,123.515625,1,1,1,pass,0.8,1.04999888695387,1.0000006296208597,1.0000006296208597
2013-04-22,149,9,634.1,500.0,24,132.109375,1,1,1,pass,0.8,1.049998507810065,0.9999956215705345,0.9999956215705345
2013-04-23,150,0,634.1,500.0,24,108.125,1,1,1,pass,0.8,1.0500006448957206,0.999985700696172,0.999985700696172
2013-04-23,150,1,634.1,500.0,24,121.09375,1,1,1,pass,0.8,1.0499995359597671,0.9999877242757722,0.9999877242757722
2013-04-23,150,2,634.1,500.0,24,99.6875,1,1,1,pass,0.8,1.0500000293309493,0.9999752145068076,0.9999752145068076
2013-04-23,150,3,634.1,500.0,24,86.25,1,1,1,pass,0.8,1.0499997531902912,0.9998972946356004,0.9998972946356004
2013-04-23,150,4,634.1,500.0,24,112.734375,1,1,1,pass,0.8,1.049999224144166,0.9999751180283246,0.9999751180283246
2013-04-23,150,5,634.1,500.0,24,88.28125,1,1,1,pass,0.8,1.0500003932701547,0.9999891349622162,0.9999891349622162
2013-04-23,150,6,634.1,500.0,24,126.875,1,1,1,pass,0.8,1.0499990118546674,0.9999685190395248,0.9999685190395248
2013-04-23,150,7,634.1,500.0,24,125.625,1,1,1,pass,0.8,1.049999672750607,0.9999937587018606,0.9999937587018606
2013-04-23,150,8,634.1,500.0,24,135.4979248046875,1,1,1,pass,0.8,1.049835127751765,0.9999728553123678,0.9999728553123678
2013-04-23,150,9,634.1,500.0,24,121.875,1,1,1,pass,0.8,1.0499984550045138,0.9999972040793026,0.9999972040793026
2013-04-24,151,0,634.1,500.0,24,112.96875,1,1,1,pass,0.8,1.0500009557804624,0.9999900748852232,0.9999900748852232
2013-04-24,151,1,634.1,500.0,24,117.8125,1,1,1,pass,0.8,1.0500006170461165,0.9999378539524164,0.9999378539524164
2013-04-24,151,2,634.1,500.0,24,98.203125,1,1,1,pass,0.8,1.0500005885571704,0.9999312978132986,0.9999312978132986
2013-04-24,151,3,634.1,500.0,24,86.09375,1,1,1,pass,0.8,1.050000955426088,0.9999852501371346,0.9999852501371346
2013-04-24,151,4,634.1,500.0,24,100.0,1,1,1,pass,0.8,1.049999664468573,0.999974114703177,0.999974114703177
2013-04-24,151,5,634.1,500.0,24,95.078125,1,1,1,pass,0.8,1.0500009200555749,0.9999962980851964,0.9999962980851964
2013-04-24,151,6,634.1,500.0,24,113.515625,1,1,1,pass,0.8,1.049999317019665,0.9999824590386228,0.9999824590386228
2013-04-24,151,7,634.1,500.0,24,135.312841796875,1,1,1,pass,0.8,1.0492814536104,0.999983206179517,0.999983206179517
2013-04-24,151,8,634.1,500.0,24,112.8125,1,1,1,pass,0.8,1.0499992696746192,0.99999797711102,0.99999797711102
2013-04-24,151,9,634.1,500.0,24,132.34375,1,1,1,pass,0.8,1.0499986344423895,0.9999925654299628,0.9999925654299628
2013-04-25,152,0,634.1,500.0,24,118.046875,1,1,1,pass,0.8,1.049999124922646,0.9999871121925262,0.9999871121925262
2013-04-25,152,1,634.1,500.0,24,128.28125,1,1,1,pass,0.8,1.0499987605202876,0.9999621677475043,0.9999621677475043
2013-04-25,152,2,634.1,500.0,24,134.375,1,1,1,pass,0.8,1.0499998949863512,0.9999848898375996,0.9999848898375996
2013-04-25,152,3,634.1,500.0,24,132.890625,1,1,1,pass,0.8,1.0500004910210936,0.9999525013739252,0.9999525013739252
2013-04-25,152,4,634.1,500.0,24,131.71875,1,1,1,pass,0.8,1.0500008936487106,0.9999902910125658,0.9999902910125658
2013-04-25,152,5,634.1,500.0,24,115.15625,1,1,1,pass,0.8,1.049998405207465,0.9999958416313084,0.9999958416313084
2013-04-25,152,6,634.1,500.0,24,128.90625,1,1,1,pass,0.8,1.0499985661770108,0.999992893250268,0.999992893250268
2013-04-25,152,7,634.1,500.0,24,134.0348876953125,1,1,1,pass,0.8,1.0495936861972166,0.999999083103193,0.999999083103193
2013-04-25,152,8,634.1,500.0,24,136.2470703125,1,1,1,pass,0.8,1.0498256447021552,0.9999262936388268,0.9999262936388268
2013-04-25,152,9,634.1,500.0,24,113.359375,1,1,1,pass,0.8,1.0499983955232612,0.9999796100106668,0.9999796100106668
2013-04-26,153,0,634.1,500.0,24,105.3125,1,1,1,pass,0.8,1.05000089539013,0.9999822134099204,0.9999822134099204
2013-04-26,153,1,634.1,500.0,24,115.9375,1,1,1,pass,0.8,1.050000825443044,0.9999708330841738,0.9999708330841738
2013-04-26,153,2,634.1,500.0,24,100.0,1,1,1,pass,0.8,1.049999992523633,0.9999563577196918,0.9999563577196918
2013-04-26,153,3,634.1,500.0,24,100.234375,1,1,1,pass,0.8,1.0500003690582005,0.9999744191716264,0.9999744191716264
2013-04-26,153,4,634.1,500.0,24,110.546875,1,1,1,pass,0.8,1.049998700147481,0.9999912756051088,0.9999912756051088
2013-04-26,153,5,634.1,500.0,24,82.1875,1,1,1,pass,0.8,1.0499994084331563,0.9999419198538744,0.9999419198538744
2013-04-26,153,6,634.1,500.0,24,113.359375,1,1,1,pass,0.8,1.049999700333608,0.9999526413802876,0.9999526413802876
2013-04-26,153,7,634.1,500.0,24,128.4375,1,1,1,pass,0.8,1.0499989016961888,0.9999867131669832,0.9999867131669832
2013-04-26,153,8,634.1,500.0,24,115.3125,1,1,1,pass,0.8,1.0499990008273612,0.999996793459482,0.999996793459482
2013-04-26,153,9,634.1,500.0,24,121.328125,1,1,1,pass,0.8,1.0499999679521286,0.9999624647583312,0.9999624647583312
2013-04-27,154,0,634.1,500.0,24,121.796875,1,1,1,pass,0.8,1.0500002791249006,0.9999579499821608,0.9999579499821608
2013-04-27,154,1,634.1,500.0,24,127.34375,1,1,1,pass,0.8,1.05000025676074,0.9999418376917724,0.9999418376917724
2013-04-27,154,2,634.1,500.0,24,128.90625,1,1,1,pass,0.8,1.0500000425217757,0.9999819504843463,0.9999819504843463
2013-04-27,154,3,634.1,500.0,24,123.90625,1,1,1,pass,0.8,1.0500001859523491,0.9999611875012526,0.9999611875012526
2013-04-27,154,4,634.1,500.0,24,123.28125,1,1,1,pass,0.8,1.0499992588373637,0.999902209092847,0.999902209092847
2013-04-27,154,5,634.1,500.0,24,77.734375,1,1,1,pass,0.8,1.0499998612547785,0.9999920890144928,0.9999920890144928
2013-04-27,154,6,634.1,500.0,24,129.921875,1,1,1,pass,0.8,1.0499996718567135,0.9999968081618348,0.9999968081618348
2013-04-27,154,7,634.1,500.0,24,134.10539550781252,1,1,1,pass,0.8,1.0489390191272132,0.9999861318293892,0.9999861318293892
2013-04-27,154,8,634.1,500.0,24,120.390625,1,1,1,pass,0.8,1.0499991895547154,0.9999826795644556,0.9999826795644556
2013-04-27,154,9,634.1,500.0,24,107.109375,1,1,1,pass,0.8,1.0500009602384748,0.9999881375678442,0.9999881375678442
2013-04-28,155,0,634.1,500.0,24,129.375,1,1,1,pass,0.8,1.0500006937044608,0.999971889523802,0.999971889523802
2013-04-28,155,1,634.1,500.0,24,135.9738525390625,1,1,1,pass,0.8,1.0498783597474626,0.9999919987202496,0.9999919987202496
2013-04-28,155,2,634.1,500.0,24,133.81455078125,1,1,1,pass,0.8,1.0498445423409832,0.9999799597129184,0.9999799597129184
2013-04-28,155,3,634.1,500.0,24,110.234375,1,1,1,pass,0.8,1.0499994827488168,0.9999976956381078,0.9999976956381078
2013-04-28,155,4,634.1,500.0,24,122.265625,1,1,1,pass,0.8,1.0499991296882945,0.9999974958674565,0.9999974958674565
2013-04-28,155,5,634.1,500.0,24,103.90625,1,1,1,pass,0.8,1.049999289959068,0.9999768656456468,0.9999768656456468
2013-04-28,155,6,634.1,500.0,24,124.0625,1,1,1,pass,0.8,1.049998938004511,0.999997314483478,0.999997314483478
2013-04-28,155,7,634.1,500.0,24,135.85927734375,1,1,1,pass,0.8,1.0497396734430755,0.9999901498696472,0.9999901498696472
2013-04-28,155,8,634.1,500.0,24,135.6565673828125,1,1,1,pass,0.8,1.0498691430463691,0.9999374297666588,0.9999374297666588
2013-04-28,155,9,634.1,500.0,24,134.50200195312502,1,1,1,pass,0.8,1.049801942076596,0.9999900824195748,0.9999900824195748
2013-04-29,156,0,634.1,500.0,24,118.515625,1,1,1,pass,0.8,1.0499997416205595,0.9999872376052528,0.9999872376052528
2013-04-29,156,1,634.1,500.0,24,129.921875,1,1,1,pass,0.8,1.0500004935573055,0.9999417786100924,0.9999417786100924
2013-04-29,156,2,634.1,500.0,24,129.53125,1,1,1,pass,0.8,1.0499993619203394,0.9999844978571332,0.9999844978571332
2013-04-29,156,3,634.1,500.0,24,93.75,1,1,1,pass,0.8,1.0499995899819787,0.9999931526377852,0.9999931526377852
2013-04-29,156,4,634.1,500.0,24,109.609375,1,1,1,pass,0.8,1.050000835235714,0.999988235456659,0.999988235456659
2013-04-29,156,5,634.1,500.0,24,93.125,1,1,1,pass,0.8,1.0500000712812083,0.99998463896595,0.99998463896595
2013-04-29,156,6,634.1,500.0,24,129.140625,1,1,1,pass,0.8,1.0499994530957704,0.9999840994113584,0.9999840994113584
2013-04-29,156,7,634.1,500.0,24,128.59375,1,1,1,pass,0.8,1.04999957943707,0.999988596786539,0.999988596786539
2013-04-29,156,8,634.1,500.0,24,118.90625,1,1,1,pass,0.8,1.049999454638564,0.9999968648579574,0.9999968648579574
2013-04-29,156,9,634.1,500.0,24,128.046875,1,1,1,pass,0.8,1.0500008841837167,0.9999847826787366,0.9999847826787366
2013-04-30,157,0,634.1,500.0,24,133.046875,1,1,1,pass,0.8,1.0499993617697825,0.9999719745190196,0.9999719745190196
2013-04-30,157,1,634.1,500.0,24,136.299951171875,1,1,1,pass,0.8,1.0496792765811944,0.9999284890445092,0.9999284890445092
2013-04-30,157,2,634.1,500.0,24,136.9962158203125,1,1,1,pass,0.8,1.0498156291793992,0.9999889722602372,0.9999889722602372
2013-04-30,157,3,634.1,500.0,24,127.34375,1,1,1,pass,0.8,1.0499995638025743,0.9999815080270108,0.9999815080270108
2013-04-30,157,4,634.1,500.0,24,120.0,1,1,1,pass,0.8,1.050000929842559,0.9999800784800515,0.9999800784800515
2013-04-30,157,5,634.1,500.0,24,132.109375,1,1,1,pass,0.8,1.050000927008079,0.9999588688149044,0.9999588688149044
2013-04-30,157,6,634.1,500.0,24,136.053173828125,1,1,1,pass,0.8,1.0493673054007433,1.0000006703417057,1.0000006703417057
2013-04-30,157,7,634.1,500.0,24,127.8125,1,1,1,pass,0.8,1.0499997392913478,0.999974158646549,0.999974158646549
2013-04-30,157,8,634.1,500.0,24,124.140625,1,1,1,pass,0.8,1.050000468537501,0.99992613983768,0.99992613983768
2013-04-30,157,9,634.1,500.0,24,134.66064453125,1,1,1,pass,0.8,1.0490244245701943,0.9999992337246862,0.9999992337246862
2013-05-01,158,0,634.1,500.0,24,122.578125,1,1,1,pass,0.8,1.050000557440662,0.9999958957039308,0.9999958957039308
2013-05-01,158,1,634.1,500.0,24,110.625,1,1,1,pass,0.8,1.049998613162561,0.9999446770948524,0.9999446770948524
2013-05-01,158,2,634.1,500.0,24,116.171875,1,1,1,pass,0.8,1.0500003168792893,0.9999846991050334,0.9999846991050334
2013-05-01,158,3,634.1,500.0,24,116.171875,1,1,1,pass,0.8,1.0499992744834272,0.9999769367175002,0.9999769367175002
2013-05-01,158,4,634.1,500.0,24,88.59375,1,1,1,pass,0.8,1.0499997001797945,0.999988895856198,0.999988895856198
2013-05-01,158,5,634.1,500.0,24,106.09375,1,1,1,pass,0.8,1.049999711579212,0.9999887702338648,0.9999887702338648
2013-05-01,158,6,634.1,500.0,24,114.921875,1,1,1,pass,0.8,1.0499996543716577,0.9998838333566238,0.9998838333566238
2013-05-01,158,7,634.1,500.0,24,121.796875,1,1,1,pass,0.8,1.0499991260597297,0.9999686984009388,0.9999686984009388
2013-05-01,158,8,634.1,500.0,24,116.40625,1,1,1,pass,0.8,1.049999986339461,0.9999979803553958,0.9999979803553958
2013-05-01,158,9,634.1,500.0,24,127.8125,1,1,1,pass,0.8,1.0500006055681474,0.9999903622243216,0.9999903622243216
2013-05-02,159,0,634.1,500.0,24,109.140625,1,1,1,pass,0.8,1.0499996430021357,0.9999551949150852,0.9999551949150852
2013-05-02,159,1,634.1,500.0,24,125.234375,1,1,1,pass,0.8,1.049999913851973,0.9999963500529064,0.9999963500529064
2013-05-02,159,2,634.1,500.0,24,108.4375,1,1,1,pass,0.8,1.0499999353868756,0.999983706885273,0.999983706885273
2013-05-02,159,3,634.1,500.0,24,90.9375,1,1,1,pass,0.8,1.0499994105960404,0.999940715900972,0.999940715900972
2013-05-02,159,4,634.1,500.0,24,95.78125,1,1,1,pass,0.8,1.049999396555519,0.9999997123520992,0.9999997123520992
2013-05-02,159,5,634.1,500.0,24,109.6875,1,1,1,pass,0.8,1.0500007453087687,0.9999931794041024,0.9999931794041024
2013-05-02,159,6,634.1,500.0,24,115.78125,1,1,1,pass,0.8,1.0499984757592384,0.9999842516690614,0.9999842516690614
2013-05-02,159,7,634.1,500.0,24,117.578125,1,1,1,pass,0.8,1.0499993130743797,0.9999905777014554,0.9999905777014554
2013-05-02,159,8,634.1,500.0,24,120.9375,1,1,1,pass,0.8,1.0500000651813834,0.9999696798701369,0.9999696798701369
2013-05-02,159,9,634.1,500.0,24,131.171875,1,1,1,pass,0.8,1.049999406224011,0.9999751307241976,0.9999751307241976
2013-05-03,160,0,634.1,500.0,24,113.90625,1,1,1,pass,0.8,1.0499998872235512,0.9999696969093076,0.9999696969093076
2013-05-03,160,1,634.1,500.0,24,121.796875,1,1,1,pass,0.8,1.0499994856896144,0.9999812829931954,0.9999812829931954
2013-05-03,160,2,634.1,500.0,24,116.5625,1,1,1,pass,0.8,1.049998532611605,0.9999971626820776,0.9999971626820776
2013-05-03,160,3,634.1,500.0,24,119.6875,1,1,1,pass,0.8,1.0499998909671775,1.0000003830846864,1.0000003830846864
2013-05-03,160,4,634.1,500.0,24,106.71875,1,1,1,pass,0.8,1.049999621859233,0.9999546470873434,0.9999546470873434
2013-05-03,160,5,634.1,500.0,24,83.4375,1,1,1,pass,0.8,1.0500002071870234,0.9999697811501111,0.9999697811501111
2013-05-03,160,6,634.1,500.0,24,117.890625,1,1,1,pass,0.8,1.049998890425485,0.9999930195897152,0.9999930195897152
2013-05-03,160,7,634.1,500.0,24,118.203125,1,1,1,pass,0.8,1.0499996329195431,0.9999736081822008,0.9999736081822008
2013-05-03,160,8,634.1,500.0,24,127.890625,1,1,1,pass,0.8,1.050000301045132,0.9999771044161068,0.9999771044161068
2013-05-03,160,9,634.1,500.0,24,119.0625,1,1,1,pass,0.8,1.0499988297700502,0.9999398161075248,0.9999398161075248
2013-05-04,161,0,634.1,500.0,24,134.9779296875,1,1,1,pass,0.8,1.049611443628168,0.9999254796313626,0.9999254796313626
2013-05-04,161,1,634.1,500.0,24,134.54606933593752,1,1,1,pass,0.8,1.049573334263912,0.99999352594069,0.99999352594069
2013-05-04,161,2,634.1,500.0,24,115.78125,1,1,1,pass,0.8,1.0499985558513951,0.999991655210589,0.999991655210589
2013-05-04,161,3,634.1,500.0,24,134.625390625,1,1,1,pass,0.8,1.049727430501492,0.999988939508714,0.999988939508714
2013-05-04,161,4,634.1,500.0,24,115.859375,1,1,1,pass,0.8,1.0499984678992684,0.9999881162614864,0.9999881162614864
2013-05-04,161,5,634.1,500.0,24,115.078125,1,1,1,pass,0.8,1.050000819454978,0.9999668789272714,0.9999668789272714
2013-05-04,161,6,634.1,500.0,24,135.4802978515625,1,1,1,pass,0.8,1.0497492328161857,0.9999934727635424,0.9999934727635424
2013-05-04,161,7,634.1,500.0,24,131.640625,1,1,1,pass,0.8,1.0499998377878637,0.9999932700513996,0.9999932700513996
2013-05-04,161,8,634.1,500.0,24,134.7928466796875,1,1,1,pass,0.8,1.0498009807776905,0.9999661653932926,0.9999661653932926
2013-05-04,161,9,634.1,500.0,24,134.537255859375,1,1,1,pass,0.8,1.0494788075606465,0.999999244183562,0.999999244183562
2013-05-05,162,0,634.1,500.0,24,135.947412109375,1,1,1,pass,0.8,1.049600675004407,0.9999991742501052,0.9999991742501052
2013-05-05,162,1,634.1,500.0,24,135.982666015625,1,1,1,pass,0.8,1.0499990395033252,0.99996928846141,0.99996928846141
2013-05-05,162,2,634.1,500.0,24,130.234375,1,1,1,pass,0.8,1.0499993979919988,0.9999841918300788,0.9999841918300788
2013-05-05,162,3,634.1,500.0,24,126.71875,1,1,1,pass,0.8,1.049998561358377,0.9999856856849638,0.9999856856849638
2013-05-05,162,4,634.1,500.0,24,128.203125,1,1,1,pass,0.8,1.0499995352561602,0.9999920538853178,0.9999920538853178
2013-05-05,162,5,634.1,500.0,24,122.96875,1,1,1,pass,0.8,1.0500009667504016,0.9999984844640194,0.9999984844640194
2013-05-05,162,6,634.1,500.0,24,135.312841796875,1,1,1,pass,0.8,1.0494263590329544,0.9999878932157868,0.9999878932157868
2013-05-05,162,7,634.1,500.0,24,122.8125,1,1,1,pass,0.8,1.049999773205506,0.9999796843827032,0.9999796843827032
2013-05-05,162,8,634.1,500.0,24,118.046875,1,1,1,pass,0.8,1.049999072661998,0.9999776452798724,0.9999776452798724
2013-05-05,162,9,634.1,500.0,24,134.290478515625,1,1,1,pass,0.8,1.048945124013885,0.999979778613479,0.999979778613479
2013-05-06,163,0,634.1,500.0,24,132.734375,1,1,1,pass,0.8,1.0500009397717636,0.999994141453834,0.999994141453834
2013-05-06,163,1,634.1,500.0,24,123.59375,1,1,1,pass,0.8,1.0500000410932069,0.9999871909761506,0.9999871909761506
2013-05-06,163,2,634.1,500.0,24,135.8152099609375,1,1,1,pass,0.8,1.049973933366429,0.9999966841956108,0.9999966841956108
2013-05-06,163,3,634.1,500.0,24,108.59375,1,1,1,pass,0.8,1.0499997020520335,0.9998904518189964,0.9998904518189964
2013-05-06,163,4,634.1,500.0,24,102.8125,1,1,1,pass,0.8,1.0499994262687973,1.000000610013614,1.000000610013614
2013-05-06,163,5,634.1,500.0,24,112.8125,1,1,1,pass,0.8,1.0500009650569682,0.9999911528040618,0.9999911528040618
2013-05-06,163,6,634.1,500.0,24,135.4097900390625,1,1,1,pass,0.8,1.0492056362531226,0.9999962761294784,0.9999962761294784
2013-05-06,163,7,634.1,500.0,24,133.90625,1,1,1,pass,0.8,1.0499992225666683,0.9999988502433838,0.9999988502433838
2013-05-06,163,8,634.1,500.0,24,120.859375,1,1,1,pass,0.8,1.0499987091922154,0.9999666296570732,0.9999666296570732
2013-05-06,163,9,634.1,500.0,24,135.69182128906252,1,1,1,pass,0.8,1.0498616309346185,0.9999903642665916,0.9999903642665916
2013-05-07,164,0,634.1,500.0,24,136.017919921875,1,1,1,pass,0.8,1.048829095766537,0.9999541905569006,0.9999541905569006
2013-05-07,164,1,634.1,500.0,24,136.84638671875,1,1,1,pass,0.8,1.049851808238116,0.9999924184438602,0.9999924184438602
2013-05-07,164,2,634.1,500.0,24,136.335205078125,1,1,1,pass,0.8,1.0492789755022738,0.9999581479178276,0.9999581479178276
2013-05-07,164,3,634.1,500.0,24,136.48503417968752,1,1,1,pass,0.8,1.0493993068791836,0.9999719708983844,0.9999719708983844
2013-05-07,164,4,634.1,500.0,24,137.3046875,1,1,1,pass,0.8,1.049448376660023,0.9999962259432624,0.9999962259432624
2013-05-07,164,5,634.1,500.0,24,136.14130859375,1,1,1,pass,0.8,1.04978096902925,0.9999795294645122,0.9999795294645122
2013-05-07,164,6,634.1,500.0,24,134.66064453125,1,1,1,pass,0.8,1.048717898382722,0.9999952280062832,0.9999952280062832
2013-05-07,164,7,634.1,500.0,24,136.0796142578125,1,1,1,pass,0.8,1.049327945100125,0.999996319281694,0.999996319281694
2013-05-07,164,8,634.1,500.0,24,136.28232421875,1,1,1,pass,0.8,1.049525846650791,0.999999468968058,0.999999468968058
2013-05-07,164,9,634.1,500.0,24,135.64775390625002,1,1,1,pass,0.8,1.0491500168427608,0.9999774170857748,0.9999774170857748
2013-05-08,165,0,634.1,500.0,24,135.4009765625,1,1,1,pass,0.8,1.0497262735387578,0.999987513422074,0.999987513422074
2013-05-08,165,1,634.1,500.0,24,130.3125,1,1,1,pass,0.8,1.0499986703743374,0.9999935738982512,0.9999935738982512
2013-05-08,165,2,634.1,500.0,24,136.52910156250002,1,1,1,pass,0.8,1.0495685448945082,0.999991356222216,0.999991356222216
2013-05-08,165,3,634.1,500.0,24,136.5026611328125,1,1,1,pass,0.8,1.0498345863720038,0.9999924416331516,0.9999924416331516
2013-05-08,165,4,634.1,500.0,24,136.934521484375,1,1,1,pass,0.8,1.0499920812536128,0.9999698210662188,0.9999698210662188
2013-05-08,165,5,634.1,500.0,24,134.53125,1,1,1,pass,0.8,1.0499986752786692,0.999908034986582,0.999908034986582
2013-05-08,165,6,634.1,500.0,24,136.0619873046875,1,1,1,pass,0.8,1.0495528695170138,0.9999987502836112,0.9999987502836112
2013-05-08,165,7,634.1,500.0,24,134.9162353515625,1,1,1,pass,0.8,1.0490994741693829,0.9999975610249828,0.9999975610249828
2013-05-08,165,8,634.1,500.0,24,137.5073974609375,1,1,1,pass,0.8,1.0499260177437917,0.9999299311430396,0.9999299311430396
2013-05-08,165,9,634.1,500.0,24,136.08842773437502,1,1,1,pass,0.8,1.049972090713375,0.9999892638359128,0.9999892638359128
2013-05-09,166,0,634.1,500.0,24,121.875,1,1,1,pass,0.8,1.0500003965483031,0.9999739306073864,0.9999739306073864
2013-05-09,166,1,634.1,500.0,24,114.6875,1,1,1,pass,0.8,1.0500007030987435,0.9999827181858756,0.9999827181858756
2013-05-09,166,2,634.1,500.0,24,104.21875,1,1,1,pass,0.8,1.050000553321642,0.9999844084267296,0.9999844084267296
2013-05-09,166,3,634.1,500.0,24,108.984375,1,1,1,pass,0.8,1.0499991698088744,0.9999747122971848,0.9999747122971848
2013-05-09,166,4,634.1,500.0,24,110.625,1,1,1,pass,0.8,1.0499991172452108,0.9999851027433272,0.9999851027433272
2013-05-09,166,5,634.1,500.0,24,106.796875,1,1,1,pass,0.8,1.050000631403717,0.9999940841007312,0.9999940841007312
2013-05-09,166,6,634.1,500.0,24,124.0625,1,1,1,pass,0.8,1.049999448387569,0.9999685485103242,0.9999685485103242
2013-05-09,166,7,634.1,500.0,24,123.828125,1,1,1,pass,0.8,1.049999715545339,0.9999895971906084,0.9999895971906084
2013-05-09,166,8,634.1,500.0,24,108.671875,1,1,1,pass,0.8,1.0499985230485207,0.9999952084131252,0.9999952084131252
2013-05-09,166,9,634.1,500.0,24,123.75,1,1,1,pass,0.8,1.0500004242384375,1.0000002609623966,1.0000002609623966
2013-05-10,167,0,634.1,500.0,24,116.796875,1,1,1,pass,0.8,1.0500007215062348,0.999937199547733,0.999937199547733
2013-05-10,167,1,634.1,500.0,24,111.328125,1,1,1,pass,0.8,1.0499985283636055,0.9999848086807518,0.9999848086807518
2013-05-10,167,2,634.1,500.0,24,127.265625,1,1,1,pass,0.8,1.0500002425082675,0.9999870173018276,0.9999870173018276
2013-05-10,167,3,634.1,500.0,24,102.5,1,1,1,pass,0.8,1.0499992849962796,0.9998728131992152,0.9998728131992152
2013-05-10,167,4,634.1,500.0,24,119.0625,1,1,1,pass,0.8,1.0499987640799038,0.999987001000303,0.999987001000303
2013-05-10,167,5,634.1,500.0,24,102.8125,1,1,1,pass,0.8,1.049999643496211,0.9999101946645248,0.9999101946645248
2013-05-10,167,6,634.1,500.0,24,124.296875,1,1,1,pass,0.8,1.0499999485033134,0.9999338505820612,0.9999338505820612
2013-05-10,167,7,634.1,500.0,24,111.171875,1,1,1,pass,0.8,1.0500004120691395,0.9999796872276234,0.9999796872276234
2013-05-10,167,8,634.1,500.0,24,121.328125,1,1,1,pass,0.8,1.049999117419793,0.9999927656246504,0.9999927656246504
2013-05-10,167,9,634.1,500.0,24,135.6389404296875,1,1,1,pass,0.8,1.0497275117392222,0.9999739350998402,0.9999739350998402
2013-05-11,168,0,634.1,500.0,24,133.779296875,1,1,1,pass,0.8,1.047838592271815,0.9999869750105042,0.9999869750105042
2013-05-11,168,1,634.1,500.0,24,134.6694580078125,1,1,1,pass,0.8,1.048433482053492,0.999973131071816,0.999973131071816
2013-05-11,168,2,634.1,500.0,24,135.08369140625,1,1,1,pass,0.8,1.048692400136617,0.9999988017982436,0.9999988017982436
2013-05-11,168,3,634.1,500.0,24,132.457275390625,1,1,1,pass,0.8,1.0481919503412156,0.999968438751622,0.999968438751622
2013-05-11,168,4,634.1,500.0,24,135.0043701171875,1,1,1,pass,0.8,1.048597253852282,0.9999731012381996,0.9999731012381996
2013-05-11,168,5,634.1,500.0,24,135.42741699218752,1,1,1,pass,0.8,1.0482611249385227,0.999992021681238,0.999992021681238
2013-05-11,168,6,634.1,500.0,24,133.8233642578125,1,1,1,pass,0.8,1.0479641961365669,0.9999912705682972,0.9999912705682972
2013-05-11,168,7,634.1,500.0,24,133.726416015625,1,1,1,pass,0.8,1.047875628848523,0.9999918224029992,0.9999918224029992
2013-05-11,168,8,634.1,500.0,24,135.277587890625,1,1,1,pass,0.8,1.048597995414936,0.999998313162903,0.999998313162903
2013-05-11,168,9,634.1,500.0,24,132.9067626953125,1,1,1,pass,0.8,1.047934182133589,0.9999418030550514,0.9999418030550514
2013-05-12,169,0,634.1,500.0,24,136.0091064453125,1,1,1,pass,0.8,1.0497679943677236,0.9999998948028472,0.9999998948028472
2013-05-12,169,1,634.1,500.0,24,134.6875,1,1,1,pass,0.8,1.0500008301907344,0.9999888433857672,0.9999888433857672
2013-05-12,169,2,634.1,500.0,24,115.78125,1,1,1,pass,0.8,1.0499994009972466,0.9999939185134236,0.9999939185134236
2013-05-12,169,3,634.1,500.0,24,135.876904296875,1,1,1,pass,0.8,1.0499214817453304,1.0000006508481671,1.0000006508481671
2013-05-12,169,4,634.1,500.0,24,134.9338623046875,1,1,1,pass,0.8,1.049243139169703,0.9999870351376566,0.9999870351376566
2013-05-12,169,5,634.1,500.0,24,126.484375,1,1,1,pass,0.8,1.0500007055371343,0.999947411760725,0.999947411760725
2013-05-12,169,6,634.1,500.0,24,134.9691162109375,1,1,1,pass,0.8,1.049607913164334,0.9999943798584492,0.9999943798584492
2013-05-12,169,7,634.1,500.0,24,135.01318359375,1,1,1,pass,0.8,1.0489187242323237,0.99999173205444,0.99999173205444
2013-05-12,169,8,634.1,500.0,24,119.609375,1,1,1,pass,0.8,1.050000357681256,0.9999722267424344,0.9999722267424344
2013-05-12,169,9,634.1,500.0,24,134.6875,1,1,1,pass,0.8,1.0500004544851025,0.9999766078474596,0.9999766078474596
2013-05-13,170,0,634.1,500.0,24,134.9779296875,1,1,1,pass,0.8,1.049373434049708,0.9999849822557072,0.9999849822557072
2013-05-13,170,1,634.1,500.0,24,135.4979248046875,1,1,1,pass,0.8,1.0493070522538903,0.9999985604329094,0.9999985604329094
2013-05-13,170,2,634.1,500.0,24,135.20708007812502,1,1,1,pass,0.8,1.048859379718172,0.999971930870744,0.999971930870744
2013-05-13,170,3,634.1,500.0,24,135.771142578125,1,1,1,pass,0.8,1.048985254823295,0.999967653279462,0.999967653279462
2013-05-13,170,4,634.1,500.0,24,136.44096679687502,1,1,1,pass,0.8,1.049814204961391,0.9999953612984468,0.9999953612984468
2013-05-13,170,5,634.1,500.0,24,135.1806396484375,1,1,1,pass,0.8,1.0496352987733888,0.9999924367954974,0.9999924367954974
2013-05-13,170,6,634.1,500.0,24,135.348095703125,1,1,1,pass,0.8,1.0483451825646994,0.9999553843293304,0.9999553843293304
2013-05-13,170,7,634.1,500.0,24,133.17998046875002,1,1,1,pass,0.8,1.049033046001971,0.9999936651418508,0.9999936651418508
2013-05-13,170,8,634.1,500.0,24,136.00029296875002,1,1,1,pass,0.8,1.0484055788461544,0.9999494316464396,0.9999494316464396
2013-05-13,170,9,634.1,500.0,24,134.607763671875,1,1,1,pass,0.8,1.049321589156521,0.9999897624225956,0.9999897624225956
2013-05-14,171,0,634.1,500.0,24,134.765625,1,1,1,pass,0.8,1.0500003149613877,0.999977830204407,0.999977830204407
2013-05-14,171,1,634.1,500.0,24,136.26469726562502,1,1,1,pass,0.8,1.049688997778763,0.999973563851072,0.999973563851072
2013-05-14,171,2,634.1,500.0,24,133.046875,1,1,1,pass,0.8,1.0499993143190671,0.999986945221848,0.999986945221848
2013-05-14,171,3,634.1,500.0,24,125.234375,1,1,1,pass,0.8,1.0500004484037944,0.9999777131519526,0.9999777131519526
2013-05-14,171,4,634.1,500.0,24,121.71875,1,1,1,pass,0.8,1.049999335335099,0.999986825164212,0.999986825164212
2013-05-14,171,5,634.1,500.0,24,105.390625,1,1,1,pass,0.8,1.0499994348501804,0.999985498779744,0.999985498779744
2013-05-14,171,6,634.1,500.0,24,136.2558837890625,1,1,1,pass,0.8,1.0496792599988565,0.9999990322844726,0.9999990322844726
2013-05-14,171,7,634.1,500.0,24,133.9996337890625,1,1,1,pass,0.8,1.0485967354618833,0.9999594167197836,0.9999594167197836
2013-05-14,171,8,634.1,500.0,24,127.03125,1,1,1,pass,0.8,1.0499994323026165,0.9999657024473771,0.9999657024473771
2013-05-14,171,9,634.1,500.0,24,135.20708007812502,1,1,1,pass,0.8,1.0497265593030811,0.999981854346891,0.999981854346891
2013-05-15,172,0,634.1,500.0,24,129.53125,1,1,1,pass,0.8,1.050000449099278,0.9999780690487434,0.9999780690487434
2013-05-15,172,1,634.1,500.0,24,114.53125,1,1,1,pass,0.8,1.0499999800211348,0.9999266525048678,0.9999266525048678
2013-05-15,172,2,634.1,500.0,24,123.828125,1,1,1,pass,0.8,1.050000953580699,0.99998678786142,0.99998678786142
2013-05-15,172,3,634.1,500.0,24,111.171875,1,1,1,pass,0.8,1.0500004596606318,0.9999931554259588,0.9999931554259588
2013-05-15,172,4,634.1,500.0,24,118.671875,1,1,1,pass,0.8,1.0500006261852983,0.9999978157438504,0.9999978157438504
2013-05-15,172,5,634.1,500.0,24,111.015625,1,1,1,pass,0.8,1.0500003231779298,0.9999840441854786,0.9999840441854786
2013-05-15,172,6,634.1,500.0,24,111.796875,1,1,1,pass,0.8,1.0500000789353927,0.9999181185652204,0.9999181185652204
2013-05-15,172,7,634.1,500.0,24,134.73115234375,1,1,1,pass,0.8,1.0495012347553463,0.9999957571440574,0.9999957571440574
2013-05-15,172,8,634.1,500.0,24,123.359375,1,1,1,pass,0.8,1.0499996020409668,0.9999903832977975,0.9999903832977975
2013-05-15,172,9,634.1,500.0,24,134.960302734375,1,1,1,pass,0.8,1.0499727229397031,0.9999575328988622,0.9999575328988622
2013-05-16,173,0,634.1,500.0,24,128.203125,1,1,1,pass,0.8,1.049998537670868,0.9999652338561108,0.9999652338561108
2013-05-16,173,1,634.1,500.0,24,136.08842773437502,1,1,1,pass,0.8,1.0493715559862051,0.9999912312981624,0.9999912312981624
2013-05-16,173,2,634.1,500.0,24,135.73588867187502,1,1,1,pass,0.8,1.0489884102478335,0.9999864023984328,0.9999864023984328
2013-05-16,173,3,634.1,500.0,24,134.078955078125,1,1,1,pass,0.8,1.0497613323963293,0.9999625143472354,0.9999625143472354
2013-05-16,173,4,634.1,500.0,24,136.317578125,1,1,1,pass,0.8,1.0496157812951143,0.9999937995811274,0.9999937995811274
2013-05-16,173,5,634.1,500.0,24,135.5860595703125,1,1,1,pass,0.8,1.0490164684450332,0.999994127121659,0.999994127121659
2013-05-16,173,6,634.1,500.0,24,134.67827148437502,1,1,1,pass,0.8,1.0491389654113563,0.9999258629090008,0.9999258629090008
2013-05-16,173,7,634.1,500.0,24,134.6518310546875,1,1,1,pass,0.8,1.0486080737548409,0.9999947786445522,0.9999947786445522
2013-05-16,173,8,634.1,500.0,24,136.26469726562502,1,1,1,pass,0.8,1.049840393859801,1.000000592997674,1.000000592997674
2013-05-16,173,9,634.1,500.0,24,135.1101318359375,1,1,1,pass,0.8,1.049487304185701,0.999990495111639,0.999990495111639
2013-05-17,174,0,634.1,500.0,24,117.96875,1,1,1,pass,0.8,1.049998622129651,0.9999812051551996,0.9999812051551996
2013-05-17,174,1,634.1,500.0,24,128.125,1,1,1,pass,0.8,1.049999740231238,0.9999535105663018,0.9999535105663018
2013-05-17,174,2,634.1,500.0,24,122.34375,1,1,1,pass,0.8,1.0500000334067745,0.9999597535462202,0.9999597535462202
2013-05-17,174,3,634.1,500.0,24,115.703125,1,1,1,pass,0.8,1.0499995276803027,0.999983845830384,0.999983845830384
2013-05-17,174,4,634.1,500.0,24,111.09375,1,1,1,pass,0.8,1.049999669392136,0.9999620566465388,0.9999620566465388
2013-05-17,174,5,634.1,500.0,24,108.203125,1,1,1,pass,0.8,1.0500004926002628,0.9999870110835312,0.9999870110835312
2013-05-17,174,6,634.1,500.0,24,125.0,1,1,1,pass,0.8,1.049999953919447,0.9999945614043976,0.9999945614043976
2013-05-17,174,7,634.1,500.0,24,125.3125,1,1,1,pass,0.8,1.0499997955565723,0.999947396542702,0.999947396542702
2013-05-17,174,8,634.1,500.0,24,123.59375,1,1,1,pass,0.8,1.0500009671024728,0.999955209823444,0.999955209823444
2013-05-17,174,9,634.1,500.0,24,135.5508056640625,1,1,1,pass,0.8,1.049906377629711,0.9999872763014608,0.9999872763014608
2013-05-18,175,0,634.1,500.0,24,128.515625,1,1,1,pass,0.8,1.049999838356917,0.9999620674427716,0.9999620674427716
2013-05-18,175,1,634.1,500.0,24,133.046875,1,1,1,pass,0.8,1.050000863263237,0.9999456622194844,0.9999456622194844
2013-05-18,175,2,634.1,500.0,24,134.81047363281252,1,1,1,pass,0.8,1.0498183460914925,0.999994451770747,0.999994451770747
2013-05-18,175,3,634.1,500.0,24,126.25,1,1,1,pass,0.8,1.0500003349302092,0.9999969502175498,0.9999969502175498
2013-05-18,175,4,634.1,500.0,24,135.60368652343752,1,1,1,pass,0.8,1.0498816266013065,0.999935341937009,0.999935341937009
2013-05-18,175,5,634.1,500.0,24,100.9375,1,1,1,pass,0.8,1.0499997421597966,0.99995547630311,0.99995547630311
2013-05-18,175,6,634.1,500.0,24,121.40625,1,1,1,pass,0.8,1.0499993610372471,0.999923947365012,0.999923947365012
2013-05-18,175,7,634.1,500.0,24,131.7610107421875,1,1,1,pass,0.8,1.0487277175081415,0.9999791036270376,0.9999791036270376
2013-05-18,175,8,634.1,500.0,24,135.2864013671875,1,1,1,pass,0.8,1.049925756249839,0.9999949457987548,0.9999949457987548
2013-05-18,175,9,634.1,500.0,24,133.28125,1,1,1,pass,0.8,1.0500002703151083,0.9999505668032792,0.9999505668032792
2013-05-19,176,0,634.1,500.0,24,132.96875,1,1,1,pass,0.8,1.0500003695735256,0.999961516582643,0.999961516582643
2013-05-19,176,1,634.1,500.0,24,134.7575927734375,1,1,1,pass,0.8,1.0497831191801823,0.999999533215996,0.999999533215996
2013-05-19,176,2,634.1,500.0,24,131.5625,1,1,1,pass,0.8,1.0500001936445642,0.99999987633274,0.99999987633274
2013-05-19,176,3,634.1,500.0,24,125.15625,1,1,1,pass,0.8,1.0499999416344077,0.9999745173695604,0.9999745173695604
2013-05-19,176,4,634.1,500.0,24,122.421875,1,1,1,pass,0.8,1.0499988767062187,0.9999801576926144,0.9999801576926144
2013-05-19,176,5,634.1,500.0,24,123.203125,1,1,1,pass,0.8,1.0499985125110092,0.9999446803985388,0.9999446803985388
2013-05-19,176,6,634.1,500.0,24,135.2599609375,1,1,1,pass,0.8,1.0498929320977752,0.9999563621854138,0.9999563621854138
2013-05-19,176,7,634.1,500.0,24,131.81389160156252,1,1,1,pass,0.8,1.0492331773697765,0.999936441792611,0.999936441792611
2013-05-19,176,8,634.1,500.0,24,135.234375,1,1,1,pass,0.8,1.0500003873384656,0.9999996628399486,0.9999996628399486
2013-05-19,176,9,634.1,500.0,24,134.1318359375,1,1,1,pass,0.8,1.0494483572850453,0.9999442651608256,0.9999442651608256
2013-05-20,177,0,634.1,500.0,24,114.0625,1,1,1,pass,0.8,1.0499992182139977,0.9999936562198946,0.9999936562198946
2013-05-20,177,1,634.1,500.0,24,121.640625,1,1,1,pass,0.8,1.0500007016603647,0.9999777087629514,0.9999777087629514
2013-05-20,177,2,634.1,500.0,24,117.421875,1,1,1,pass,0.8,1.0499988252106291,0.9999912625081748,0.9999912625081748
2013-05-20,177,3,634.1,500.0,24,115.0,1,1,1,pass,0.8,1.0499986567894155,0.999938987212568,0.999938987212568
2013-05-20,177,4,634.1,500.0,24,125.9375,1,1,1,pass,0.8,1.0499996166128631,0.9999971042324164,0.9999971042324164
2013-05-20,177,5,634.1,500.0,24,108.90625,1,1,1,pass,0.8,1.0499986727896815,0.999965722849279,0.999965722849279
2013-05-20,177,6,634.1,500.0,24,122.8125,1,1,1,pass,0.8,1.050000987393957,0.9999912797227448,0.9999912797227448
2013-05-20,177,7,634.1,500.0,24,133.9643798828125,1,1,1,pass,0.8,1.049404727405528,1.000000458198012,1.000000458198012
2013-05-20,177,8,634.1,500.0,24,112.8125,1,1,1,pass,0.8,1.050000139714801,0.999926161847514,0.999926161847514
2013-05-20,177,9,634.1,500.0,24,134.765625,1,1,1,pass,0.8,1.0499996398903984,0.999907271082082,0.999907271082082
2013-05-21,178,0,634.1,500.0,24,111.875,1,1,1,pass,0.8,1.050000315193711,0.9999133556536348,0.9999133556536348
2013-05-21,178,1,634.1,500.0,24,120.859375,1,1,1,pass,0.8,1.0499997647938557,0.9999581396522812,0.9999581396522812
2013-05-21,178,2,634.1,500.0,24,128.046875,1,1,1,pass,0.8,1.0499997729011572,0.9999888801042112,0.9999888801042112
2013-05-21,178,3,634.1,500.0,24,123.59375,1,1,1,pass,0.8,1.0500001452695098,0.9999889212622756,0.9999889212622756
2013-05-21,178,4,634.1,500.0,24,115.859375,1,1,1,pass,0.8,1.0499987123657282,0.999986015547168,0.999986015547168
2013-05-21,178,5,634.1,500.0,24,118.515625,1,1,1,pass,0.8,1.0500001507997965,0.9999287069303664,0.9999287069303664
2013-05-21,178,6,634.1,500.0,24,136.3263916015625,1,1,1,pass,0.8,1.0496680422212792,0.9999880944218548,0.9999880944218548
2013-05-21,178,7,634.1,500.0,24,134.2640380859375,1,1,1,pass,0.8,1.0495238625262042,0.9999920000693548,0.9999920000693548
2013-05-21,178,8,634.1,500.0,24,124.609375,1,1,1,pass,0.8,1.050000452913262,0.999956763150874,0.999956763150874
2013-05-21,178,9,634.1,500.0,24,134.643017578125,1,1,1,pass,0.8,1.049729972523801,0.9999443040362804,0.9999443040362804
2013-05-22,179,0,634.1,500.0,24,134.625390625,1,1,1,pass,0.8,1.0482966065564343,0.9999958998959676,0.9999958998959676
2013-05-22,179,1,634.1,500.0,24,134.748779296875,1,1,1,pass,0.8,1.0477261590150275,0.999975050644218,0.999975050644218
2013-05-22,179,2,634.1,500.0,24,133.44438476562502,1,1,1,pass,0.8,1.0473823071723716,0.9999702119317782,0.9999702119317782
2013-05-22,179,3,634.1,500.0,24,132.7128662109375,1,1,1,pass,0.8,1.0479148291288778,0.999995604289099,0.999995604289099
2013-05-22,179,4,634.1,500.0,24,134.2728515625,1,1,1,pass,0.8,1.0478891481637158,0.9999752445930205,0.9999752445930205
2013-05-22,179,5,634.1,500.0,24,134.466748046875,1,1,1,pass,0.8,1.0479789120872955,1.0000005441076552,1.0000005441076552
2013-05-22,179,6,634.1,500.0,24,134.50200195312502,1,1,1,pass,0.8,1.0477952132421433,0.9999654579054126,0.9999654579054126
2013-05-22,179,7,634.1,500.0,24,131.2674560546875,1,1,1,pass,0.8,1.04770108751642,0.999999015688668,0.999999015688668
2013-05-22,179,8,634.1,500.0,24,135.7623291015625,1,1,1,pass,0.8,1.0479537374356205,0.9999632171509296,0.9999632171509296
2013-05-22,179,9,634.1,500.0,24,133.32099609375,1,1,1,pass,0.8,1.0476418444680904,0.9999976767547254,0.9999976767547254
2013-05-23,180,0,634.1,500.0,24,134.0525146484375,1,1,1,pass,0.8,1.0479932673211012,0.999995619147082,0.999995619147082
2013-05-23,180,1,634.1,500.0,24,134.32573242187502,1,1,1,pass,0.8,1.0479628333969369,0.9999742678706158,0.9999742678706158
2013-05-23,180,2,634.1,500.0,24,132.5894775390625,1,1,1,pass,0.8,1.0476210936547588,0.9999652202686,0.9999652202686
2013-05-23,180,3,634.1,500.0,24,133.2769287109375,1,1,1,pass,0.8,1.04785954428468,0.9999799841801692,0.9999799841801692
2013-05-23,180,4,634.1,500.0,24,133.88505859375002,1,1,1,pass,0.8,1.0479661073998046,0.9999930511419496,0.9999930511419496
2013-05-23,180,5,634.1,500.0,24,134.5989501953125,1,1,1,pass,0.8,1.047885467275308,0.9999253455471152,0.9999253455471152
2013-05-23,180,6,634.1,500.0,24,134.2287841796875,1,1,1,pass,0.8,1.0481082620149864,0.9999870841046724,0.9999870841046724
2013-05-23,180,7,634.1,500.0,24,129.284423828125,1,1,1,pass,0.8,1.0478048387785928,0.9999893141286088,0.9999893141286088
2013-05-23,180,8,634.1,500.0,24,133.1887939453125,1,1,1,pass,0.8,1.0480587053488697,0.999973130798749,0.999973130798749
2013-05-23,180,9,634.1,500.0,24,133.1711669921875,1,1,1,pass,0.8,1.047603362173312,0.999986329172928,0.999986329172928
2013-05-24,181,0,634.1,500.0,24,134.59013671875002,1,1,1,pass,0.8,1.0481847660171786,0.9999824243108866,0.9999824243108866
2013-05-24,181,1,634.1,500.0,24,135.16301269531252,1,1,1,pass,0.8,1.0487575102365103,0.999999422755484,0.999999422755484
2013-05-24,181,2,634.1,500.0,24,136.2470703125,1,1,1,pass,0.8,1.0486759268381112,0.9999900725541468,0.9999900725541468
2013-05-24,181,3,634.1,500.0,24,135.7447021484375,1,1,1,pass,0.8,1.0483059641499584,0.999978290552963,0.999978290552963
2013-05-24,181,4,634.1,500.0,24,134.5108154296875,1,1,1,pass,0.8,1.048238642241328,0.999997345685415,0.999997345685415
2013-05-24,181,5,634.1,500.0,24,136.158935546875,1,1,1,pass,0.8,1.0487364492678033,0.9999976657433532,0.9999976657433532
2013-05-24,181,6,634.1,500.0,24,135.7623291015625,1,1,1,pass,0.8,1.0487042633283166,0.9999863236748596,0.9999863236748596
2013-05-24,181,7,634.1,500.0,24,132.61591796875,1,1,1,pass,0.8,1.0476997005039672,0.9999733263796668,0.9999733263796668
2013-05-24,181,8,634.1,500.0,24,136.00029296875002,1,1,1,pass,0.8,1.048336266819126,0.9999851773740224,0.9999851773740224
2013-05-24,181,9,634.1,500.0,24,135.171826171875,1,1,1,pass,0.8,1.0479826753528358,0.9999744446116966,0.9999744446116966
2013-05-25,182,0,634.1,500.0,24,125.46875,1,1,1,pass,0.8,1.0500002031982607,0.9999957791872562,0.9999957791872562
2013-05-25,182,1,634.1,500.0,24,135.50673828125,1,1,1,pass,0.8,1.0488899171785095,0.99995873282508,0.99995873282508
2013-05-25,182,2,634.1,500.0,24,135.4979248046875,1,1,1,pass,0.8,1.049897873585817,0.9999766339870574,0.9999766339870574
2013-05-25,182,3,634.1,500.0,24,133.4355712890625,1,1,1,pass,0.8,1.0492497712196849,0.999950961436754,0.999950961436754
2013-05-25,182,4,634.1,500.0,24,133.7176025390625,1,1,1,pass,0.8,1.0478417322074085,0.9999924004556608,0.9999924004556608
2013-05-25,182,5,634.1,500.0,24,135.3040283203125,1,1,1,pass,0.8,1.049845438143317,0.9999656766230626,0.9999656766230626
2013-05-25,182,6,634.1,500.0,24,135.3921630859375,1,1,1,pass,0.8,1.0492054783450844,0.999980828365001,0.999980828365001
2013-05-25,182,7,634.1,500.0,24,131.5318603515625,1,1,1,pass,0.8,1.0483400023088378,0.9999942459348024,0.9999942459348024
2013-05-25,182,8,634.1,500.0,24,135.01318359375,1,1,1,pass,0.8,1.049434052267311,0.9999411898220824,0.9999411898220824
2013-05-25,182,9,634.1,500.0,24,133.0125244140625,1,1,1,pass,0.8,1.048803654897266,0.9999713293630494,0.9999713293630494
2013-05-26,183,0,634.1,500.0,24,135.0484375,1,1,1,pass,0.8,1.0497775449329636,0.9999901683636409,0.9999901683636409
2013-05-26,183,1,634.1,500.0,24,135.3745361328125,1,1,1,pass,0.8,1.049466199962899,1.0000002969343678,1.0000002969343678
2013-05-26,183,2,634.1,500.0,24,134.7047119140625,1,1,1,pass,0.8,1.04948424932279,0.9999741296904232,0.9999741296904232
2013-05-26,183,3,634.1,500.0,24,135.51555175781252,1,1,1,pass,0.8,1.0494563095259504,0.9999997429102804,0.9999997429102804
2013-05-26,183,4,634.1,500.0,24,134.0877685546875,1,1,1,pass,0.8,1.0495401996396494,0.9999934413435332,0.9999934413435332
2013-05-26,183,5,634.1,500.0,24,120.390625,1,1,1,pass,0.8,1.0500008908109817,0.9999952923906992,0.9999952923906992
2013-05-26,183,6,634.1,500.0,24,134.37861328125,1,1,1,pass,0.8,1.049761922778309,0.9999825778274304,0.9999825778274304
2013-05-26,183,7,634.1,500.0,24,132.8626953125,1,1,1,pass,0.8,1.0490609958074182,0.9999700580570988,0.9999700580570988
2013-05-26,183,8,634.1,500.0,24,135.25114746093752,1,1,1,pass,0.8,1.048937507920228,0.9999599609736716,0.9999599609736716
2013-05-26,183,9,634.1,500.0,24,134.80166015625,1,1,1,pass,0.8,1.0491434224737248,1.0000005951309183,1.0000005951309183
2013-05-27,184,0,634.1,500.0,24,135.57724609375,1,1,1,pass,0.8,1.0485476064430066,0.9999988688996068,0.9999988688996068
2013-05-27,184,1,634.1,500.0,24,135.16301269531252,1,1,1,pass,0.8,1.048047387989547,0.9999725247893642,0.9999725247893642
2013-05-27,184,2,634.1,500.0,24,135.5684326171875,1,1,1,pass,0.8,1.0484612562313786,0.9999933712536418,0.9999933712536418
2013-05-27,184,3,634.1,500.0,24,135.82402343750002,1,1,1,pass,0.8,1.0492537674675249,0.9999615834229126,0.9999615834229126
2013-05-27,184,4,634.1,500.0,24,134.889794921875,1,1,1,pass,0.8,1.049631484361242,0.9999978943516742,0.9999978943516742
2013-05-27,184,5,634.1,500.0,24,134.9514892578125,1,1,1,pass,0.8,1.0492335773265442,1.0000006608803302,1.0000006608803302
2013-05-27,184,6,634.1,500.0,24,134.7928466796875,1,1,1,pass,0.8,1.0483172711288524,0.999994260757337,0.999994260757337
2013-05-27,184,7,634.1,500.0,24,132.845068359375,1,1,1,pass,0.8,1.0478504416624952,0.9999917933010922,0.9999917933010922
2013-05-27,184,8,634.1,500.0,24,133.6823486328125,1,1,1,pass,0.8,1.0483128726722235,0.9999761004163152,0.9999761004163152
2013-05-27,184,9,634.1,500.0,24,133.9996337890625,1,1,1,pass,0.8,1.048593452999274,0.9999884253386836,0.9999884253386836
2013-05-28,185,0,634.1,500.0,24,134.6870849609375,1,1,1,pass,0.8,1.0485401425127858,0.9999916018210578,0.9999916018210578
2013-05-28,185,1,634.1,500.0,24,136.2911376953125,1,1,1,pass,0.8,1.0485972863315676,0.9999758126442296,0.9999758126442296
2013-05-28,185,2,634.1,500.0,24,136.017919921875,1,1,1,pass,0.8,1.0492452031850712,0.9999763180584172,0.9999763180584172
2013-05-28,185,3,634.1,500.0,24,135.8857177734375,1,1,1,pass,0.8,1.049036771717275,0.999979669824592,0.999979669824592
2013-05-28,185,4,634.1,500.0,24,134.5636962890625,1,1,1,pass,0.8,1.0486882994145132,0.9999961648416804,0.9999961648416804
2013-05-28,185,5,634.1,500.0,24,135.3569091796875,1,1,1,pass,0.8,1.0499467228397472,0.9999321642788566,0.9999321642788566
2013-05-28,185,6,634.1,500.0,24,134.06132812500002,1,1,1,pass,0.8,1.0488013356030683,0.9999993136507814,0.9999993136507814
2013-05-28,185,7,634.1,500.0,24,132.4396484375,1,1,1,pass,0.8,1.0480801353758382,0.9999580382286029,0.9999580382286029
2013-05-28,185,8,634.1,500.0,24,136.13249511718752,1,1,1,pass,0.8,1.049024474468645,0.9999892973497756,0.9999892973497756
2013-05-28,185,9,634.1,500.0,24,133.1887939453125,1,1,1,pass,0.8,1.0480597515559416,0.9999148612170978,0.9999148612170978
2013-05-29,186,0,634.1,500.0,24,121.640625,1,1,1,pass,0.8,1.0500008797726113,0.9999680461604484,0.9999680461604484
2013-05-29,186,1,634.1,500.0,24,128.828125,1,1,1,pass,0.8,1.0500009262522072,0.9999665110718312,0.9999665110718312
2013-05-29,186,2,634.1,500.0,24,135.703125,1,1,1,pass,0.8,1.0499997833861825,0.999978370211284,0.999978370211284
2013-05-29,186,3,634.1,500.0,24,122.109375,1,1,1,pass,0.8,1.049999057813863,0.9999783492613136,0.9999783492613136
2013-05-29,186,4,634.1,500.0,24,122.5,1,1,1,pass,0.8,1.049999050498183,0.9999672556209254,0.9999672556209254
2013-05-29,186,5,634.1,500.0,24,128.984375,1,1,1,pass,0.8,1.049998863827976,0.9999409317908874,0.9999409317908874
2013-05-29,186,6,634.1,500.0,24,136.17656250000002,1,1,1,pass,0.8,1.0499316947145434,0.9999987335192496,0.9999987335192496
2013-05-29,186,7,634.1,500.0,24,134.80166015625,1,1,1,pass,0.8,1.0489925876973798,0.9999927106356072,0.9999927106356072
2013-05-29,186,8,634.1,500.0,24,132.890625,1,1,1,pass,0.8,1.0499987574075746,0.9999595007867226,0.9999595007867226
2013-05-29,186,9,634.1,500.0,24,135.38334960937502,1,1,1,pass,0.8,1.0496937395999597,0.9999892596113464,0.9999892596113464
2013-05-30,187,0,634.1,500.0,24,120.625,1,1,1,pass,0.8,1.0500004099483968,0.9999870529916682,0.9999870529916682
2013-05-30,187,1,634.1,500.0,24,132.96875,1,1,1,pass,0.8,1.0499989543827708,1.0000006898497635,1.0000006898497635
2013-05-30,187,2,634.1,500.0,24,124.21875,1,1,1,pass,0.8,1.0499997630614393,0.9999892978979338,0.9999892978979338
2013-05-30,187,3,634.1,500.0,24,132.578125,1,1,1,pass,0.8,1.0500009400192618,0.9999824156501554,0.9999824156501554
2013-05-30,187,4,634.1,500.0,24,119.296875,1,1,1,pass,0.8,1.0499991769570796,1.0000001411630477,1.0000001411630477
2013-05-30,187,5,634.1,500.0,24,115.0,1,1,1,pass,0.8,1.0499999586549469,0.9999683099871122,0.9999683099871122
2013-05-30,187,6,634.1,500.0,24,133.984375,1,1,1,pass,0.8,1.0499986832264308,0.9999696414240484,0.9999696414240484
2013-05-30,187,7,634.1,500.0,24,134.9514892578125,1,1,1,pass,0.8,1.0495684623335402,0.9999299686299804,0.9999299686299804
2013-05-30,187,8,634.1,500.0,24,130.078125,1,1,1,pass,0.8,1.049998694649584,0.9999820700163004,0.9999820700163004
2013-05-30,187,9,634.1,500.0,24,136.599609375,1,1,1,pass,0.8,1.0499836130065403,0.9999984043167942,0.9999984043167942
2013-05-31,188,0,634.1,500.0,24,129.296875,1,1,1,pass,0.8,1.049998613391829,0.9999762289721702,0.9999762289721702
2013-05-31,188,1,634.1,500.0,24,128.4375,1,1,1,pass,0.8,1.0500001283740097,1.0000002988600885,1.0000002988600885
2013-05-31,188,2,634.1,500.0,24,118.828125,1,1,1,pass,0.8,1.0499999797801938,0.9999899790943886,0.9999899790943886
2013-05-31,188,3,634.1,500.0,24,114.21875,1,1,1,pass,0.8,1.049999773283399,0.9999483449965864,0.9999483449965864
2013-05-31,188,4,634.1,500.0,24,118.4375,1,1,1,pass,0.8,1.04999993074161,0.999999044682195,0.999999044682195
2013-05-31,188,5,634.1,500.0,24,120.859375,1,1,1,pass,0.8,1.0500003934487645,0.9999732791006916,0.9999732791006916
2013-05-31,188,6,634.1,500.0,24,135.71826171875,1,1,1,pass,0.8,1.0499417788254928,0.99999259279434,0.99999259279434
2013-05-31,188,7,634.1,500.0,24,134.7399658203125,1,1,1,pass,0.8,1.049717922155017,0.9999747362169514,0.9999747362169514
2013-05-31,188,8,634.1,500.0,24,127.03125,1,1,1,pass,0.8,1.0499988423779103,0.9999884801491312,0.9999884801491312
2013-05-31,188,9,634.1,500.0,24,124.296875,1,1,1,pass,0.8,1.0499998903784868,0.9999212969040248,0.9999212969040248
2013-06-01,189,0,634.1,500.0,24,133.3826904296875,1,1,1,pass,0.8,1.047795963329346,0.9999840207623272,0.9999840207623272
2013-06-01,189,1,634.1,500.0,24,135.29521484375002,1,1,1,pass,0.8,1.0479838804849453,0.9999499691405002,0.9999499691405002
2013-06-01,189,2,634.1,500.0,24,134.9338623046875,1,1,1,pass,0.8,1.0479108522377651,0.9999705716154366,0.9999705716154366
2013-06-01,189,3,634.1,500.0,24,131.8843994140625,1,1,1,pass,0.8,1.048283993542848,0.9999790054095152,0.9999790054095152
2013-06-01,189,4,634.1,500.0,24,133.514892578125,1,1,1,pass,0.8,1.0479824710277597,0.9999621598032964,0.9999621598032964
2013-06-01,189,5,634.1,500.0,24,134.6870849609375,1,1,1,pass,0.8,1.048185354642938,0.9999779041810184,0.9999779041810184
2013-06-01,189,6,634.1,500.0,24,134.76640625000002,1,1,1,pass,0.8,1.0482031286273406,1.0000006341288554,1.0000006341288554
2013-06-01,189,7,634.1,500.0,24,132.16643066406252,1,1,1,pass,0.8,1.0477811879715937,0.9999761287568926,0.9999761287568926
2013-06-01,189,8,634.1,500.0,24,134.7047119140625,1,1,1,pass,0.8,1.048081389187361,0.9999274929048384,0.9999274929048384
2013-06-01,189,9,634.1,500.0,24,132.5806640625,1,1,1,pass,0.8,1.0478908624887429,0.9999045725036032,0.9999045725036032
2013-06-02,190,0,634.1,500.0,24,129.87492675781252,1,1,1,pass,0.8,1.0481898411924273,0.9999813027639092,0.9999813027639092
2013-06-02,190,1,634.1,500.0,24,131.6199951171875,1,1,1,pass,0.8,1.048094456134906,0.9999876226298736,0.9999876226298736
2013-06-02,190,2,634.1,500.0,24,131.805078125,1,1,1,pass,0.8,1.0479946257854795,0.9999986887647488,0.9999986887647488
2013-06-02,190,3,634.1,500.0,24,129.3284912109375,1,1,1,pass,0.8,1.0482307998758948,0.9999874761250028,0.9999874761250028
2013-06-02,190,4,634.1,500.0,24,131.9549072265625,1,1,1,pass,0.8,1.0483220709088612,0.9999942820056852,0.9999942820056852
2013-06-02,190,5,634.1,500.0,24,132.087109375,1,1,1,pass,0.8,1.0483315856982427,0.999976705474718,0.999976705474718
2013-06-02,190,6,634.1,500.0,24,132.3955810546875,1,1,1,pass,0.8,1.0482435608749734,0.9999912257474324,0.9999912257474324
2013-06-02,190,7,634.1,500.0,24,127.451220703125,1,1,1,pass,0.8,1.0477578940566188,0.999990113148154,0.999990113148154
2013-06-02,190,8,634.1,500.0,24,130.7033935546875,1,1,1,pass,0.8,1.0482037746528938,0.9999915808764716,0.9999915808764716
2013-06-02,190,9,634.1,500.0,24,131.223388671875,1,1,1,pass,0.8,1.0477057141595625,0.9999789203835984,0.9999789203835984
2013-06-03,191,0,634.1,500.0,24,119.140625,1,1,1,pass,0.8,1.0499998410340594,0.9999195016671968,0.9999195016671968
2013-06-03,191,1,634.1,500.0,24,135.6741943359375,1,1,1,pass,0.8,1.0497808522173426,0.9999478118552236,0.9999478118552236
2013-06-03,191,2,634.1,500.0,24,124.6875,1,1,1,pass,0.8,1.0499987884050843,0.9999821280548952,0.9999821280548952
2013-06-03,191,3,634.1,500.0,24,134.748779296875,1,1,1,pass,0.8,1.0492807411455085,0.9999979273817632,0.9999979273817632
2013-06-03,191,4,634.1,500.0,24,137.0667236328125,1,1,1,pass,0.8,1.0498003708388988,0.999984642741559,0.999984642741559
2013-06-03,191,5,634.1,500.0,24,134.51962890625,1,1,1,pass,0.8,1.04975543080721,0.9999941734944968,0.9999941734944968
2013-06-03,191,6,634.1,500.0,24,136.317578125,1,1,1,pass,0.8,1.0498036407841211,0.9999493479040732,0.9999493479040732
2013-06-03,191,7,634.1,500.0,24,134.043701171875,1,1,1,pass,0.8,1.0486535231083154,0.9999687285109998,0.9999687285109998
2013-06-03,191,8,634.1,500.0,24,136.2030029296875,1,1,1,pass,0.8,1.04955535648386,0.9999974021928776,0.9999974021928776
2013-06-03,191,9,634.1,500.0,24,134.94267578125002,1,1,1,pass,0.8,1.049332547736453,0.999997373997546,0.999997373997546
2013-06-04,192,0,634.1,500.0,24,115.15625,1,1,1,pass,0.8,1.0499994158546655,0.9999677924305336,0.9999677924305336
2013-06-04,192,1,634.1,500.0,24,115.234375,1,1,1,pass,0.8,1.0499998496655136,0.999983212118704,0.999983212118704
2013-06-04,192,2,634.1,500.0,24,116.40625,1,1,1,pass,0.8,1.049998894839147,0.9999815196106512,0.9999815196106512
2013-06-04,192,3,634.1,500.0,24,130.46875,1,1,1,pass,0.8,1.0499986780379933,0.9999892410626924,0.9999892410626924
2013-06-04,192,4,634.1,500.0,24,135.6125,1,1,1,pass,0.8,1.0489556839663845,0.99999037017,0.99999037017
2013-06-04,192,5,634.1,500.0,24,116.328125,1,1,1,pass,0.8,1.0499984924880013,0.999960376557422,0.999960376557422
2013-06-04,192,6,634.1,500.0,24,126.328125,1,1,1,pass,0.8,1.0500007573179566,0.9999985866400232,0.9999985866400232
2013-06-04,192,7,634.1,500.0,24,133.937939453125,1,1,1,pass,0.8,1.049130227331448,0.9999991401909906,0.9999991401909906
2013-06-04,192,8,634.1,500.0,24,130.78125,1,1,1,pass,0.8,1.0499987778004778,0.9999859934202864,0.9999859934202864
2013-06-04,192,9,634.1,500.0,24,133.515625,1,1,1,pass,0.8,1.0499995766892,0.9999949263305666,0.9999949263305666
2013-06-05,193,0,634.1,500.0,24,133.5413330078125,1,1,1,pass,0.8,1.0495904986395543,0.9999940896915652,0.9999940896915652
2013-06-05,193,1,634.1,500.0,24,135.7975830078125,1,1,1,pass,0.8,1.0497276941519276,0.9999418754910008,0.9999418754910008
2013-06-05,193,2,634.1,500.0,24,136.035546875,1,1,1,pass,0.8,1.0498300226257224,0.9999716789476558,0.9999716789476558
2013-06-05,193,3,634.1,500.0,24,133.13591308593752,1,1,1,pass,0.8,1.0479693630500853,0.9999970238094376,0.9999970238094376
2013-06-05,193,4,634.1,500.0,24,135.753515625,1,1,1,pass,0.8,1.0498106946137635,0.9999736155288692,0.9999736155288692
2013-06-05,193,5,634.1,500.0,24,133.95556640625,1,1,1,pass,0.8,1.048987141112525,0.9999861840776176,0.9999861840776176
2013-06-05,193,6,634.1,500.0,24,135.55961914062502,1,1,1,pass,0.8,1.0486107611744355,0.999964316334098,0.999964316334098
2013-06-05,193,7,634.1,500.0,24,132.281005859375,1,1,1,pass,0.8,1.048888478756921,0.9999773451993792,0.9999773451993792
2013-06-05,193,8,634.1,500.0,24,136.4497802734375,1,1,1,pass,0.8,1.049390392302951,0.9999707284060548,0.9999707284060548
2013-06-05,193,9,634.1,500.0,24,135.0572509765625,1,1,1,pass,0.8,1.0490315271343753,0.9999831877336106,0.9999831877336106
2013-06-06,194,0,634.1,500.0,24,135.876904296875,1,1,1,pass,0.8,1.0485936038356194,0.9999760654022142,0.9999760654022142
2013-06-06,194,1,634.1,500.0,24,136.0267333984375,1,1,1,pass,0.8,1.0483995170625446,0.9999917337985847,0.9999917337985847
2013-06-06,194,2,634.1,500.0,24,135.0219970703125,1,1,1,pass,0.8,1.0482648449922407,0.9999914289723096,0.9999914289723096
2013-06-06,194,3,634.1,500.0,24,134.5108154296875,1,1,1,pass,0.8,1.048614615200535,0.999967622562422,0.999967622562422
2013-06-06,194,4,634.1,500.0,24,134.6165771484375,1,1,1,pass,0.8,1.0479586091018511,0.999975682798728,0.999975682798728
2013-06-06,194,5,634.1,500.0,24,134.8809814453125,1,1,1,pass,0.8,1.0487494902043637,0.9999942259748624,0.9999942259748624
2013-06-06,194,6,634.1,500.0,24,135.85927734375,1,1,1,pass,0.8,1.048669032411411,0.999995388674536,0.999995388674536
2013-06-06,194,7,634.1,500.0,24,133.09184570312502,1,1,1,pass,0.8,1.0473168250530027,0.9999597612268104,0.9999597612268104
2013-06-06,194,8,634.1,500.0,24,135.47148437500002,1,1,1,pass,0.8,1.048606299355057,0.9999465660490308,0.9999465660490308
2013-06-06,194,9,634.1,500.0,24,133.021337890625,1,1,1,pass,0.8,1.0483589391321324,0.999951571083982,0.999951571083982
2013-06-07,195,0,634.1,500.0,24,135.841650390625,1,1,1,pass,0.8,1.0484354070167432,0.9999955273857702,0.9999955273857702
2013-06-07,195,1,634.1,500.0,24,135.5508056640625,1,1,1,pass,0.8,1.0484057486691738,0.9999954329193482,0.9999954329193482
2013-06-07,195,2,634.1,500.0,24,134.9162353515625,1,1,1,pass,0.8,1.0479431236467882,0.999899789405016,0.999899789405016
2013-06-07,195,3,634.1,500.0,24,134.960302734375,1,1,1,pass,0.8,1.0484583307494253,0.999998988120406,0.999998988120406
2013-06-07,195,4,634.1,500.0,24,135.1982666015625,1,1,1,pass,0.8,1.0487612993336954,0.9999556927814972,0.9999556927814972
2013-06-07,195,5,634.1,500.0,24,136.9521484375,1,1,1,pass,0.8,1.0491751894082355,0.9999993572014264,0.9999993572014264
2013-06-07,195,6,634.1,500.0,24,136.158935546875,1,1,1,pass,0.8,1.0488360315547105,0.999949211968623,0.999949211968623
2013-06-07,195,7,634.1,500.0,24,132.7481201171875,1,1,1,pass,0.8,1.047962339928739,0.9999151988318788,0.9999151988318788
2013-06-07,195,8,634.1,500.0,24,136.0972412109375,1,1,1,pass,0.8,1.0485466779110948,0.9999793000797887,0.9999793000797887
2013-06-07,195,9,634.1,500.0,24,134.98674316406252,1,1,1,pass,0.8,1.047769796214199,0.9999837684407212,0.9999837684407212
2013-06-08,196,0,634.1,500.0,24,134.73115234375,1,1,1,pass,0.8,1.0493418148706914,0.999986214701052,0.999986214701052
2013-06-08,196,1,634.1,500.0,24,133.9114990234375,1,1,1,pass,0.8,1.0483315733628404,0.9999962413517022,0.9999962413517022
2013-06-08,196,2,634.1,500.0,24,133.26811523437502,1,1,1,pass,0.8,1.0479602664918333,0.9999834082997692,0.9999834082997692
2013-06-08,196,3,634.1,500.0,24,134.7047119140625,1,1,1,pass,0.8,1.0481594539734902,0.999981739921878,0.999981739921878
2013-06-08,196,4,634.1,500.0,24,135.08369140625,1,1,1,pass,0.8,1.0481466874838032,0.9999920524311748,0.9999920524311748
2013-06-08,196,5,634.1,500.0,24,134.643017578125,1,1,1,pass,0.8,1.0490831313770923,0.999992367534973,0.999992367534973
2013-06-08,196,6,634.1,500.0,24,134.36979980468752,1,1,1,pass,0.8,1.0483109487569895,0.9999925689591974,0.9999925689591974
2013-06-08,196,7,634.1,500.0,24,132.316259765625,1,1,1,pass,0.8,1.0477625129175527,0.9999854342603076,0.9999854342603076
2013-06-08,196,8,634.1,500.0,24,133.5237060546875,1,1,1,pass,0.8,1.0482049924648404,0.9999730306517032,0.9999730306517032
2013-06-08,196,9,634.1,500.0,24,132.950830078125,1,1,1,pass,0.8,1.0480581492042478,0.9999768552960544,0.9999768552960544
2013-06-09,197,0,634.1,500.0,24,133.409130859375,1,1,1,pass,0.8,1.0485140901521814,1.0000000033909169,1.0000000033909169
2013-06-09,197,1,634.1,500.0,24,135.9914794921875,1,1,1,pass,0.8,1.0489730308514766,0.9999867113802332,0.9999867113802332
2013-06-09,197,2,634.1,500.0,24,132.29863281250002,1,1,1,pass,0.8,1.0479554132713134,0.9999733399826312,0.9999733399826312
2013-06-09,197,3,634.1,500.0,24,133.2064208984375,1,1,1,pass,0.8,1.048610935938472,0.999997728965226,0.999997728965226
2013-06-09,197,4,634.1,500.0,24,135.4979248046875,1,1,1,pass,0.8,1.0487996698342346,0.9999894268771664,0.9999894268771664
2013-06-09,197,5,634.1,500.0,24,135.2335205078125,1,1,1,pass,0.8,1.0493368126482576,0.9999901145083896,0.9999901145083896
2013-06-09,197,6,634.1,500.0,24,135.3569091796875,1,1,1,pass,0.8,1.0484140265051818,0.9999868855303498,0.9999868855303498
2013-06-09,197,7,634.1,500.0,24,132.33388671875,1,1,1,pass,0.8,1.0479555455589291,0.9999938347384232,0.9999938347384232
2013-06-09,197,8,634.1,500.0,24,133.84099121093752,1,1,1,pass,0.8,1.04826150472545,0.9998861534417088,0.9998861534417088
2013-06-09,197,9,634.1,500.0,24,132.845068359375,1,1,1,pass,0.8,1.0486850389245197,1.0000001023081115,1.0000001023081115
2013-06-10,198,0,634.1,500.0,24,131.5847412109375,1,1,1,pass,0.8,1.0485988518568274,0.9999831314794672,0.9999831314794672
2013-06-10,198,1,634.1,500.0,24,132.87150878906252,1,1,1,pass,0.8,1.047994843296091,0.999976832896968,0.999976832896968
2013-06-10,198,2,634.1,500.0,24,132.6247314453125,1,1,1,pass,0.8,1.0481649193928375,0.9999844429344992,0.9999844429344992
2013-06-10,198,3,634.1,500.0,24,131.81389160156252,1,1,1,pass,0.8,1.0480163905630056,0.9999887770578912,0.9999887770578912
2013-06-10,198,4,634.1,500.0,24,133.902685546875,1,1,1,pass,0.8,1.0489609203528136,0.9999615541004628,0.9999615541004628
2013-06-10,198,5,634.1,500.0,24,133.585400390625,1,1,1,pass,0.8,1.0482098426988005,0.9999959097571252,0.9999959097571252
2013-06-10,198,6,634.1,500.0,24,133.3474365234375,1,1,1,pass,0.8,1.0485541762110822,0.999997328181112,0.999997328181112
2013-06-10,198,7,634.1,500.0,24,128.94951171875002,1,1,1,pass,0.8,1.0477007256795174,0.9999389686256284,0.9999389686256284
2013-06-10,198,8,634.1,500.0,24,134.008447265625,1,1,1,pass,0.8,1.047941435929708,0.9999738103250058,0.9999738103250058
2013-06-10,198,9,634.1,500.0,24,131.4789794921875,1,1,1,pass,0.8,1.048262359439533,0.9999926892734732,0.9999926892734732
2013-06-11,199,0,634.1,500.0,24,127.109375,1,1,1,pass,0.8,1.050000615804637,1.0000004273563017,1.0000004273563017
2013-06-11,199,1,634.1,500.0,24,126.015625,1,1,1,pass,0.8,1.0499988251796235,0.9999743269985436,0.9999743269985436
2013-06-11,199,2,634.1,500.0,24,120.546875,1,1,1,pass,0.8,1.050000318934013,0.999939653342963,0.999939653342963
2013-06-11,199,3,634.1,500.0,24,125.546875,1,1,1,pass,0.8,1.0499990450997176,0.99988140871973,0.99988140871973
2013-06-11,199,4,634.1,500.0,24,135.64775390625002,1,1,1,pass,0.8,1.0499466826279489,0.9999765628251116,0.9999765628251116
2013-06-11,199,5,634.1,500.0,24,113.046875,1,1,1,pass,0.8,1.050000369346658,0.9999989445517165,0.9999989445517165
2013-06-11,199,6,634.1,500.0,24,135.15419921875,1,1,1,pass,0.8,1.049807832728245,0.9999494798904068,0.9999494798904068
2013-06-11,199,7,634.1,500.0,24,134.889794921875,1,1,1,pass,0.8,1.0498064265012492,1.000000305046593,1.000000305046593
2013-06-11,199,8,634.1,500.0,24,128.90625,1,1,1,pass,0.8,1.0499999073897035,0.9999686796799772,0.9999686796799772
2013-06-11,199,9,634.1,500.0,24,134.0701416015625,1,1,1,pass,0.8,1.049718077032709,0.999992308678583,0.999992308678583
2013-06-12,200,0,634.1,500.0,24,132.4484619140625,1,1,1,pass,0.8,1.0474908762156068,0.9999998750201652,0.9999998750201652
2013-06-12,200,1,634.1,500.0,24,133.8938720703125,1,1,1,pass,0.8,1.0474518268813915,0.999986265025656,0.999986265025656
2013-06-12,200,2,634.1,500.0,24,134.3874267578125,1,1,1,pass,0.8,1.0478918664561994,0.9999750686087572,0.9999750686087572
2013-06-12,200,3,634.1,500.0,24,132.43083496093752,1,1,1,pass,0.8,1.0479564402234822,0.999979638015286,0.999979638015286
2013-06-12,200,4,634.1,500.0,24,134.85454101562502,1,1,1,pass,0.8,1.0481968491464977,0.9999982329496352,0.9999982329496352
2013-06-12,200,5,634.1,500.0,24,132.369140625,1,1,1,pass,0.8,1.048071021184,0.9999951439968616,0.9999951439968616
2013-06-12,200,6,634.1,500.0,24,134.8281005859375,1,1,1,pass,0.8,1.048191690163208,0.9999912049103592,0.9999912049103592
2013-06-12,200,7,634.1,500.0,24,132.07829589843752,1,1,1,pass,0.8,1.0477483868781965,0.999988392527842,0.999988392527842
2013-06-12,200,8,634.1,500.0,24,134.73115234375,1,1,1,pass,0.8,1.0480229028840142,0.999997101856184,0.999997101856184
2013-06-12,200,9,634.1,500.0,24,133.5589599609375,1,1,1,pass,0.8,1.0477037654534038,0.9999980293341356,0.9999980293341356
2013-06-13,201,0,634.1,500.0,24,131.796875,1,1,1,pass,0.8,1.049999619054385,0.9999991461760802,0.9999991461760802
2013-06-13,201,1,634.1,500.0,24,129.375,1,1,1,pass,0.8,1.049999139340229,0.99999934725712,0.99999934725712
2013-06-13,201,2,634.1,500.0,24,136.44096679687502,1,1,1,pass,0.8,1.0496503419259984,0.9999893477287444,0.9999893477287444
2013-06-13,201,3,634.1,500.0,24,135.6213134765625,1,1,1,pass,0.8,1.049906337588454,0.999997818526394,0.999997818526394
2013-06-13,201,4,634.1,500.0,24,136.52910156250002,1,1,1,pass,0.8,1.0498951527036655,0.99999825641687,0.99999825641687
2013-06-13,201,5,634.1,500.0,24,133.4375,1,1,1,pass,0.8,1.0499993594521295,0.9999841614631718,0.9999841614631718
2013-06-13,201,6,634.1,500.0,24,135.69182128906252,1,1,1,pass,0.8,1.0497136315681774,1.0000009356244368,1.0000009356244368
2013-06-13,201,7,634.1,500.0,24,133.03896484375,1,1,1,pass,0.8,1.049990884833807,0.99998073317271,0.99998073317271
2013-06-13,201,8,634.1,500.0,24,130.625,1,1,1,pass,0.8,1.0499995674469265,0.9999923550770896,0.9999923550770896
2013-06-13,201,9,634.1,500.0,24,135.01318359375,1,1,1,pass,0.8,1.0498925993826769,0.9999955591564584,0.9999955591564584
2013-06-14,202,0,634.1,500.0,24,117.890625,1,1,1,pass,0.8,1.0500007399074098,0.999985612274589,0.999985612274589
2013-06-14,202,1,634.1,500.0,24,135.29521484375002,1,1,1,pass,0.8,1.049873502814465,0.9999793998009412,0.9999793998009412
2013-06-14,202,2,634.1,500.0,24,135.73588867187502,1,1,1,pass,0.8,1.0497602297104147,0.9999833755195302,0.9999833755195302
2013-06-14,202,3,634.1,500.0,24,131.875,1,1,1,pass,0.8,1.0500001666581291,1.0000005891765729,1.0000005891765729
2013-06-14,202,4,634.1,500.0,24,135.2687744140625,1,1,1,pass,0.8,1.0496398128293931,0.999993227297762,0.999993227297762
2013-06-14,202,5,634.1,500.0,24,132.61591796875,1,1,1,pass,0.8,1.049625873741754,0.999909470206196,0.999909470206196
2013-06-14,202,6,634.1,500.0,24,135.91215820312502,1,1,1,pass,0.8,1.049805049311706,0.9999563863022068,0.9999563863022068
2013-06-14,202,7,634.1,500.0,24,132.96845703125,1,1,1,pass,0.8,1.049009824153959,0.9999829711288994,0.9999829711288994
2013-06-14,202,8,634.1,500.0,24,134.453125,1,1,1,pass,0.8,1.0500002496235012,0.9999499126143888,0.9999499126143888
2013-06-14,202,9,634.1,500.0,24,134.45793457031252,1,1,1,pass,0.8,1.0493626349183178,0.9999996587719509,0.9999996587719509
2013-06-15,203,0,634.1,500.0,24,132.87150878906252,1,1,1,pass,0.8,1.0488403216186686,0.999994517717378,0.999994517717378
2013-06-15,203,1,634.1,500.0,24,132.3955810546875,1,1,1,pass,0.8,1.0487589280288183,0.9999911366563472,0.9999911366563472
2013-06-15,203,2,634.1,500.0,24,132.61591796875,1,1,1,pass,0.8,1.0488932418941832,0.9999917655056204,0.9999917655056204
2013-06-15,203,3,634.1,500.0,24,132.986083984375,1,1,1,pass,0.8,1.0480430655526942,0.9999609748276808,0.9999609748276808
2013-06-15,203,4,634.1,500.0,24,134.625390625,1,1,1,pass,0.8,1.0483727910799667,0.9999796830248509,0.9999796830248509
2013-06-15,203,5,634.1,500.0,24,134.30810546875,1,1,1,pass,0.8,1.048137145463465,0.999988903148751,0.999988903148751
2013-06-15,203,6,634.1,500.0,24,132.4837158203125,1,1,1,pass,0.8,1.0482353594613492,0.9999905818385786,0.9999905818385786
2013-06-15,203,7,634.1,500.0,24,131.38203125,1,1,1,pass,0.8,1.0481128636343986,0.9999628235290532,0.9999628235290532
2013-06-15,203,8,634.1,500.0,24,135.08369140625,1,1,1,pass,0.8,1.0489492176222526,0.999986929425204,0.999986929425204
2013-06-15,203,9,634.1,500.0,24,133.9203125,1,1,1,pass,0.8,1.0487361391181411,0.9999587239657716,0.9999587239657716
2013-06-16,204,0,634.1,500.0,24,134.5989501953125,1,1,1,pass,0.8,1.0496534136404094,0.9999485216619666,0.9999485216619666
2013-06-16,204,1,634.1,500.0,24,134.1406494140625,1,1,1,pass,0.8,1.0488191890867398,0.9999740023003696,0.9999740023003696
2013-06-16,204,2,634.1,500.0,24,135.0925048828125,1,1,1,pass,0.8,1.049428108726652,0.9999752873229564,0.9999752873229564
2013-06-16,204,3,634.1,500.0,24,133.127099609375,1,1,1,pass,0.8,1.0494163026036836,0.9999970366243672,0.9999970366243672
2013-06-16,204,4,634.1,500.0,24,134.6165771484375,1,1,1,pass,0.8,1.0489938538906554,0.9999930120201131,0.9999930120201131
2013-06-16,204,5,634.1,500.0,24,132.880322265625,1,1,1,pass,0.8,1.0498994999121904,0.9999761590393588,0.9999761590393588
2013-06-16,204,6,634.1,500.0,24,133.67353515625,1,1,1,pass,0.8,1.049305045039833,0.999991795075278,0.999991795075278
2013-06-16,204,7,634.1,500.0,24,130.9677978515625,1,1,1,pass,0.8,1.048341013738629,0.9999785400170418,0.9999785400170418
2013-06-16,204,8,634.1,500.0,24,133.9643798828125,1,1,1,pass,0.8,1.0488709684131337,0.9999945392973,0.9999945392973
2013-06-16,204,9,634.1,500.0,24,132.2898193359375,1,1,1,pass,0.8,1.0483359634083462,0.9999949724850556,0.9999949724850556
2013-06-17,205,0,634.1,500.0,24,135.0396240234375,1,1,1,pass,0.8,1.0494576101247632,0.9999998753809743,0.9999998753809743
2013-06-17,205,1,634.1,500.0,24,135.6213134765625,1,1,1,pass,0.8,1.0486948101189486,0.9999893524463768,0.9999893524463768
2013-06-17,205,2,634.1,500.0,24,135.3921630859375,1,1,1,pass,0.8,1.049361711518513,0.9999952793114704,0.9999952793114704
2013-06-17,205,3,634.1,500.0,24,132.457275390625,1,1,1,pass,0.8,1.0481956338124825,0.9999923411627346,0.9999923411627346
2013-06-17,205,4,634.1,500.0,24,134.572509765625,1,1,1,pass,0.8,1.0490537449106518,0.9999941047699908,0.9999941047699908
2013-06-17,205,5,634.1,500.0,24,135.524365234375,1,1,1,pass,0.8,1.0494015979251905,0.9999179282637908,0.9999179282637908
2013-06-17,205,6,634.1,500.0,24,133.902685546875,1,1,1,pass,0.8,1.0481544774687883,0.9999945752733476,0.9999945752733476
2013-06-17,205,7,634.1,500.0,24,131.69931640625,1,1,1,pass,0.8,1.0477584956219954,0.9999934755040424,0.9999934755040424
2013-06-17,205,8,634.1,500.0,24,133.84099121093752,1,1,1,pass,0.8,1.0495150816074807,0.9999863152089408,0.9999863152089408
2013-06-17,205,9,634.1,500.0,24,133.92912597656252,1,1,1,pass,0.8,1.0480423229379348,0.9999360419240716,0.9999360419240716
2013-06-18,206,0,634.1,500.0,24,129.296875,1,1,1,pass,0.8,1.0499987304745595,0.9999918462971608,0.9999918462971608
2013-06-18,206,1,634.1,500.0,24,124.765625,1,1,1,pass,0.8,1.049998408412,0.9999807683460876,0.9999807683460876
2013-06-18,206,2,634.1,500.0,24,127.421875,1,1,1,pass,0.8,1.0500006871002194,0.9999674500052628,0.9999674500052628
2013-06-18,206,3,634.1,500.0,24,134.2111572265625,1,1,1,pass,0.8,1.0498440072403754,0.9999915090907164,0.9999915090907164
2013-06-18,206,4,634.1,500.0,24,130.625,1,1,1,pass,0.8,1.0499996495372022,0.9999935520640064,0.9999935520640064
2013-06-18,206,5,634.1,500.0,24,101.71875,1,1,1,pass,0.8,1.0499999408885106,0.9999926126450778,0.9999926126450778
2013-06-18,206,6,634.1,500.0,24,134.8369140625,1,1,1,pass,0.8,1.049984285973379,0.99998677564572,0.99998677564572
2013-06-18,206,7,634.1,500.0,24,132.3603271484375,1,1,1,pass,0.8,1.0492800438632937,0.9999997936038404,0.9999997936038404
2013-06-18,206,8,634.1,500.0,24,129.21875,1,1,1,pass,0.8,1.050000334215441,1.000000115032089,1.000000115032089
2013-06-18,206,9,634.1,500.0,24,134.343359375,1,1,1,pass,0.8,1.0489533055760956,0.9999877025084396,0.9999877025084396
2013-06-19,207,0,634.1,500.0,24,133.6294677734375,1,1,1,pass,0.8,1.0481677811024652,0.9999865981417904,0.9999865981417904
2013-06-19,207,1,634.1,500.0,24,135.25114746093752,1,1,1,pass,0.8,1.0487556293947982,1.0000002119621871,1.0000002119621871
2013-06-19,207,2,634.1,500.0,24,135.594873046875,1,1,1,pass,0.8,1.0486167725233382,0.9999700626749756,0.9999700626749756
2013-06-19,207,3,634.1,500.0,24,130.8972900390625,1,1,1,pass,0.8,1.0478312129300753,0.9999675599039368,0.9999675599039368
2013-06-19,207,4,634.1,500.0,24,134.5108154296875,1,1,1,pass,0.8,1.048986238532923,0.9999903777408746,0.9999903777408746
2013-06-19,207,5,634.1,500.0,24,132.0606689453125,1,1,1,pass,0.8,1.0491607775118958,0.9999972180373752,0.9999972180373752
2013-06-19,207,6,634.1,500.0,24,135.418603515625,1,1,1,pass,0.8,1.0490751891503267,0.9999906304196098,0.9999906304196098
2013-06-19,207,7,634.1,500.0,24,130.71220703125002,1,1,1,pass,0.8,1.0475649791241044,0.9999781388825024,0.9999781388825024
2013-06-19,207,8,634.1,500.0,24,134.63420410156252,1,1,1,pass,0.8,1.0488529604464547,1.0000000175972192,1.0000000175972192
2013-06-19,207,9,634.1,500.0,24,133.514892578125,1,1,1,pass,0.8,1.048564816392575,0.9999894228693644,0.9999894228693644
2013-06-20,208,0,634.1,500.0,24,134.98674316406252,1,1,1,pass,0.8,1.04899325467216,0.9999980839439702,0.9999980839439702
2013-06-20,208,1,634.1,500.0,24,134.80166015625,1,1,1,pass,0.8,1.048230317427208,0.9999846562925776,0.9999846562925776
2013-06-20,208,2,634.1,500.0,24,135.136572265625,1,1,1,pass,0.8,1.0486272015828275,0.9999543154333456,0.9999543154333456
2013-06-20,208,3,634.1,500.0,24,132.1488037109375,1,1,1,pass,0.8,1.0479391172062578,0.999924011313132,0.999924011313132
2013-06-20,208,4,634.1,500.0,24,133.44438476562502,1,1,1,pass,0.8,1.0478522168116278,0.9999943025607496,0.9999943025607496
2013-06-20,208,5,634.1,500.0,24,134.63420410156252,1,1,1,pass,0.8,1.0490939084784885,0.9999856699403296,0.9999856699403296
2013-06-20,208,6,634.1,500.0,24,134.76640625000002,1,1,1,pass,0.8,1.0483218030397836,0.9999890725203964,0.9999890725203964
2013-06-20,208,7,634.1,500.0,24,129.4166259765625,1,1,1,pass,0.8,1.0471814263560892,0.999996605046742,0.999996605046742
2013-06-20,208,8,634.1,500.0,24,135.64775390625002,1,1,1,pass,0.8,1.048744479342962,0.9999678795634932,0.9999678795634932
2013-06-20,208,9,634.1,500.0,24,134.5108154296875,1,1,1,pass,0.8,1.0482647161880398,0.9999760236824266,0.9999760236824266
2013-06-21,209,0,634.1,500.0,24,135.2687744140625,1,1,1,pass,0.8,1.049067030236114,0.9999984512140332,0.9999984512140332
2013-06-21,209,1,634.1,500.0,24,135.4009765625,1,1,1,pass,0.8,1.048762440915333,0.9999969357523985,0.9999969357523985
2013-06-21,209,2,634.1,500.0,24,136.35283203125002,1,1,1,pass,0.8,1.0490436581071334,0.999988384172362,0.999988384172362
2013-06-21,209,3,634.1,500.0,24,133.8586181640625,1,1,1,pass,0.8,1.047843939326124,0.9999995206950376,0.9999995206950376
2013-06-21,209,4,634.1,500.0,24,135.6125,1,1,1,pass,0.8,1.0489755702487344,0.99998900433329,0.99998900433329
2013-06-21,209,5,634.1,500.0,24,133.6470947265625,1,1,1,pass,0.8,1.0487991511642432,0.9999796615697164,0.9999796615697164
2013-06-21,209,6,634.1,500.0,24,135.1982666015625,1,1,1,pass,0.8,1.0487376902845198,0.999995445336618,0.999995445336618
2013-06-21,209,7,634.1,500.0,24,131.399658203125,1,1,1,pass,0.8,1.0477570504171148,0.9999371620759666,0.9999371620759666
2013-06-21,209,8,634.1,500.0,24,132.95964355468752,1,1,1,pass,0.8,1.0484765917762449,0.9999416417760586,0.9999416417760586
2013-06-21,209,9,634.1,500.0,24,134.4755615234375,1,1,1,pass,0.8,1.047978791575313,0.9999985211118174,0.9999985211118174
2013-06-22,210,0,634.1,500.0,24,133.9820068359375,1,1,1,pass,0.8,1.0479365908503666,0.999999978418633,0.999999978418633
2013-06-22,210,1,634.1,500.0,24,131.3555908203125,1,1,1,pass,0.8,1.0480173424091337,0.9999740813433712,0.9999740813433712
2013-06-22,210,2,634.1,500.0,24,129.5928955078125,1,1,1,pass,0.8,1.0477095044310625,0.9999994731553914,0.9999994731553914
2013-06-22,210,3,634.1,500.0,24,127.53935546875,1,1,1,pass,0.8,1.0478726653174084,0.9999838793963376,0.9999838793963376
2013-06-22,210,4,634.1,500.0,24,132.3250732421875,1,1,1,pass,0.8,1.047895930727066,0.999961199641796,0.999961199641796
2013-06-22,210,5,634.1,500.0,24,130.6857666015625,1,1,1,pass,0.8,1.047538397746268,0.9999707884615502,0.9999707884615502
2013-06-22,210,6,634.1,500.0,24,130.694580078125,1,1,1,pass,0.8,1.0477855249968024,0.9999915169518364,0.9999915169518364
2013-06-22,210,7,634.1,500.0,24,126.6315673828125,1,1,1,pass,0.8,1.0476435922378375,0.9999979113833763,0.9999979113833763
2013-06-22,210,8,634.1,500.0,24,132.1311767578125,1,1,1,pass,0.8,1.0475804023214643,0.9999697865304964,0.9999697865304964
2013-06-22,210,9,634.1,500.0,24,131.082373046875,1,1,1,pass,0.8,1.047406647700083,0.9999963798714014,0.9999963798714014
2013-06-23,211,0,634.1,500.0,24,130.4389892578125,1,1,1,pass,0.8,1.047721980644127,0.999993805898827,0.999993805898827
2013-06-23,211,1,634.1,500.0,24,130.165771484375,1,1,1,pass,0.8,1.0476669590296552,0.9999870480592348,0.9999870480592348
2013-06-23,211,2,634.1,500.0,24,129.989501953125,1,1,1,pass,0.8,1.0476702866064704,1.000000029175107,1.000000029175107
2013-06-23,211,3,634.1,500.0,24,126.5434326171875,1,1,1,pass,0.8,1.0479934361295822,0.9999893913158734,0.9999893913158734
2013-06-23,211,4,634.1,500.0,24,130.165771484375,1,1,1,pass,0.8,1.0476319557004494,0.9999460159969308,0.9999460159969308
2013-06-23,211,5,634.1,500.0,24,129.4518798828125,1,1,1,pass,0.8,1.0482257585064991,0.9999714677635316,0.9999714677635316
2013-06-23,211,6,634.1,500.0,24,129.7691650390625,1,1,1,pass,0.8,1.0479592990727875,0.9999666358397212,0.9999666358397212
2013-06-23,211,7,634.1,500.0,24,126.04987792968753,1,1,1,pass,0.8,1.0479881136466622,0.9999649066658026,0.9999649066658026
2013-06-23,211,8,634.1,500.0,24,129.91899414062502,1,1,1,pass,0.8,1.047912703813312,1.000000406348866,1.000000406348866
2013-06-23,211,9,634.1,500.0,24,125.15090332031252,1,1,1,pass,0.8,1.047935829089602,0.9999917727350374,0.9999917727350374
2013-06-24,212,0,634.1,500.0,24,135.189453125,1,1,1,pass,0.8,1.0493492457603109,0.999987110570384,0.999987110570384
2013-06-24,212,1,634.1,500.0,24,134.63420410156252,1,1,1,pass,0.8,1.0486723106120304,0.999998167631734,0.999998167631734
2013-06-24,212,2,634.1,500.0,24,133.902685546875,1,1,1,pass,0.8,1.0488026990760904,0.9999713146097408,0.9999713146097408
2013-06-24,212,3,634.1,500.0,24,132.61591796875,1,1,1,pass,0.8,1.0476204414501094,0.9999859910514024,0.9999859910514024
2013-06-24,212,4,634.1,500.0,24,134.30810546875,1,1,1,pass,0.8,1.0489635410504845,0.999996321703967,0.999996321703967
2013-06-24,212,5,634.1,500.0,24,133.66472167968752,1,1,1,pass,0.8,1.0485631452745598,0.9999932914425934,0.9999932914425934
2013-06-24,212,6,634.1,500.0,24,134.7928466796875,1,1,1,pass,0.8,1.0482895442738982,0.9999879786465372,0.9999879786465372
2013-06-24,212,7,634.1,500.0,24,131.24101562500002,1,1,1,pass,0.8,1.0484974344052145,0.9999976809583616,0.9999976809583616
2013-06-24,212,8,634.1,500.0,24,135.20708007812502,1,1,1,pass,0.8,1.0485472517417225,0.9999221180744002,0.9999221180744002
2013-06-24,212,9,634.1,500.0,24,131.3027099609375,1,1,1,pass,0.8,1.0476817760495845,0.999996805646305,0.999996805646305
2013-06-25,213,0,634.1,500.0,24,134.80166015625,1,1,1,pass,0.8,1.048456764781875,0.9999860474064348,0.9999860474064348
2013-06-25,213,1,634.1,500.0,24,133.7176025390625,1,1,1,pass,0.8,1.0477554655298251,0.9999496385883844,0.9999496385883844
2013-06-25,213,2,634.1,500.0,24,135.08369140625,1,1,1,pass,0.8,1.048408671491198,0.9999941182680512,0.9999941182680512
2013-06-25,213,3,634.1,500.0,24,131.02067871093752,1,1,1,pass,0.8,1.047475516735591,0.999999593266372,0.999999593266372
2013-06-25,213,4,634.1,500.0,24,134.7047119140625,1,1,1,pass,0.8,1.0480462872669172,0.9999925896359516,0.9999925896359516
2013-06-25,213,5,634.1,500.0,24,133.3826904296875,1,1,1,pass,0.8,1.0482939123765815,0.99999960142678,0.99999960142678
2013-06-25,213,6,634.1,500.0,24,133.92912597656252,1,1,1,pass,0.8,1.0486548484121163,0.9999766748694652,0.9999766748694652
2013-06-25,213,7,634.1,500.0,24,132.95964355468752,1,1,1,pass,0.8,1.0478704228387006,0.9999625828779344,0.9999625828779344
2013-06-25,213,8,634.1,500.0,24,134.80166015625,1,1,1,pass,0.8,1.0482503249985913,0.9999781378884974,0.9999781378884974
2013-06-25,213,9,634.1,500.0,24,132.51015625,1,1,1,pass,0.8,1.0479820724173083,0.9999472345702868,0.9999472345702868
2013-06-26,214,0,634.1,500.0,24,134.6958984375,1,1,1,pass,0.8,1.0483298648746793,0.9999363685198396,0.9999363685198396
2013-06-26,214,1,634.1,500.0,24,134.2111572265625,1,1,1,pass,0.8,1.0481147607113186,0.9999999316391446,0.9999999316391446
2013-06-26,214,2,634.1,500.0,24,135.7447021484375,1,1,1,pass,0.8,1.048551855895723,0.9999892381941188,0.9999892381941188
2013-06-26,214,3,634.1,500.0,24,133.3298095703125,1,1,1,pass,0.8,1.0477303665780324,0.9999971572578004,0.9999971572578004
2013-06-26,214,4,634.1,500.0,24,135.806396484375,1,1,1,pass,0.8,1.0490490271610124,0.9999901412387188,0.9999901412387188
2013-06-26,214,5,634.1,500.0,24,134.2728515625,1,1,1,pass,0.8,1.048372138909843,0.9999970378712016,0.9999970378712016
2013-06-26,214,6,634.1,500.0,24,135.9738525390625,1,1,1,pass,0.8,1.0488894368081276,0.9999591535859036,0.9999591535859036
2013-06-26,214,7,634.1,500.0,24,131.10881347656252,1,1,1,pass,0.8,1.0477148592395569,0.9999862162099976,0.9999862162099976
2013-06-26,214,8,634.1,500.0,24,134.54606933593752,1,1,1,pass,0.8,1.048187853438407,0.999993327592782,0.999993327592782
2013-06-26,214,9,634.1,500.0,24,134.925048828125,1,1,1,pass,0.8,1.0478786478386584,0.999968532075923,0.999968532075923
2013-06-27,215,0,634.1,500.0,24,135.60368652343752,1,1,1,pass,0.8,1.0480674054503694,0.9999594259646406,0.9999594259646406
2013-06-27,215,1,634.1,500.0,24,134.7752197265625,1,1,1,pass,0.8,1.04778850616524,0.999981806907946,0.999981806907946
2013-06-27,215,2,634.1,500.0,24,134.889794921875,1,1,1,pass,0.8,1.047825018447465,0.999971645043788,0.999971645043788
2013-06-27,215,3,634.1,500.0,24,133.8233642578125,1,1,1,pass,0.8,1.047684110996662,0.9999167896979986,0.9999167896979986
2013-06-27,215,4,634.1,500.0,24,134.2464111328125,1,1,1,pass,0.8,1.0481019278305677,0.999982381872376,0.999982381872376
2013-06-27,215,5,634.1,500.0,24,133.40031738281252,1,1,1,pass,0.8,1.048323368545566,0.99999241374804,0.99999241374804
2013-06-27,215,6,634.1,500.0,24,134.3169189453125,1,1,1,pass,0.8,1.047948175027973,0.9999963493559356,0.9999963493559356
2013-06-27,215,7,634.1,500.0,24,131.523046875,1,1,1,pass,0.8,1.0474915763435608,0.9999910162696516,0.9999910162696516
2013-06-27,215,8,634.1,500.0,24,134.3345458984375,1,1,1,pass,0.8,1.0476649253405623,0.9999955119506276,0.9999955119506276
2013-06-27,215,9,634.1,500.0,24,134.23759765625002,1,1,1,pass,0.8,1.0477438702697912,0.9999833883009512,0.9999833883009512
2013-06-28,216,0,634.1,500.0,24,133.81455078125,1,1,1,pass,0.8,1.047827803398189,0.9999410139044568,0.9999410139044568
2013-06-28,216,1,634.1,500.0,24,132.7657470703125,1,1,1,pass,0.8,1.0479038758760304,0.999999605012016,0.999999605012016
2013-06-28,216,2,634.1,500.0,24,134.431494140625,1,1,1,pass,0.8,1.047395223628384,0.9999959779957742,0.9999959779957742
2013-06-28,216,3,634.1,500.0,24,133.373876953125,1,1,1,pass,0.8,1.0476659061696187,0.9999986429277886,0.9999986429277886
2013-06-28,216,4,634.1,500.0,24,133.9996337890625,1,1,1,pass,0.8,1.047920365211226,0.9999762235226972,0.9999762235226972
2013-06-28,216,5,634.1,500.0,24,133.31218261718752,1,1,1,pass,0.8,1.0479791697887255,0.9999761634959414,0.9999761634959414
2013-06-28,216,6,634.1,500.0,24,134.98674316406252,1,1,1,pass,0.8,1.0478678434411255,0.9999790993408404,0.9999790993408404
2013-06-28,216,7,634.1,500.0,24,131.822705078125,1,1,1,pass,0.8,1.0477133037873214,0.9999911157121176,0.9999911157121176
2013-06-28,216,8,634.1,500.0,24,133.409130859375,1,1,1,pass,0.8,1.047510695185652,0.9999689148565006,0.9999689148565006
2013-06-28,216,9,634.1,500.0,24,132.0430419921875,1,1,1,pass,0.8,1.0474985754888144,0.99997109073592,0.99997109073592
2013-06-29,217,0,634.1,500.0,24,132.4660888671875,1,1,1,pass,0.8,1.047745081738404,0.9999914219120324,0.9999914219120324
2013-06-29,217,1,634.1,500.0,24,131.59355468750002,1,1,1,pass,0.8,1.0480583381272532,0.999990896394208,0.999990896394208
2013-06-29,217,2,634.1,500.0,24,132.89794921875,1,1,1,pass,0.8,1.0477453435144193,0.9999722926759328,0.9999722926759328
2013-06-29,217,3,634.1,500.0,24,128.473583984375,1,1,1,pass,0.8,1.0480441308224886,0.9999741807178896,0.9999741807178896
2013-06-29,217,4,634.1,500.0,24,130.6064453125,1,1,1,pass,0.8,1.0479780984027207,0.9999678475627078,0.9999678475627078
2013-06-29,217,5,634.1,500.0,24,131.7610107421875,1,1,1,pass,0.8,1.0479332098548766,0.9999788524960174,0.9999788524960174
2013-06-29,217,6,634.1,500.0,24,130.43017578125,1,1,1,pass,0.8,1.0479612434559809,0.9999742589397752,0.9999742589397752
2013-06-29,217,7,634.1,500.0,24,127.0369873046875,1,1,1,pass,0.8,1.047740902899401,0.9999866365172366,0.9999866365172366
2013-06-29,217,8,634.1,500.0,24,132.16643066406252,1,1,1,pass,0.8,1.0477701893931683,0.999995584700323,0.999995584700323
2013-06-29,217,9,634.1,500.0,24,129.8572998046875,1,1,1,pass,0.8,1.0478213791037445,0.9999943137914284,0.9999943137914284
2013-06-30,218,0,634.1,500.0,24,131.4525390625,1,1,1,pass,0.8,1.0480922868620322,0.9999963090754098,0.9999963090754098
2013-06-30,218,1,634.1,500.0,24,130.5976318359375,1,1,1,pass,0.8,1.0478040349202973,0.9999993474602746,0.9999993474602746
2013-06-30,218,2,634.1,500.0,24,133.6294677734375,1,1,1,pass,0.8,1.048172944048214,0.9999749922102772,0.9999749922102772
2013-06-30,218,3,634.1,500.0,24,129.58408203125,1,1,1,pass,0.8,1.0478375954011945,0.9999941263796486,0.9999941263796486
2013-06-30,218,4,634.1,500.0,24,133.409130859375,1,1,1,pass,0.8,1.0483891051921397,0.999901485428003,0.999901485428003
2013-06-30,218,5,634.1,500.0,24,133.2416748046875,1,1,1,pass,0.8,1.0481190015347777,0.9999918081024411,0.9999918081024411
2013-06-30,218,6,634.1,500.0,24,129.1345947265625,1,1,1,pass,0.8,1.0478784446956984,0.9999620812891564,0.9999620812891564
2013-06-30,218,7,634.1,500.0,24,126.7020751953125,1,1,1,pass,0.8,1.0475287076580793,0.999993989401362,0.999993989401362
2013-06-30,218,8,634.1,500.0,24,129.354931640625,1,1,1,pass,0.8,1.0481050311322124,1.0000002426163317,1.0000002426163317
2013-06-30,218,9,634.1,500.0,24,129.87492675781252,1,1,1,pass,0.8,1.0478552009636313,0.999969431815556,0.999969431815556
