date,group,site,energy_only,fixed_recovery,myopic_recovery,network_lp,lp_minus_myopic_kw,lp_minus_fixed_kw,charge_mean_kw,charge_min_kw,charge_max_kw,export_mean_kw,charge_cv
2012-07-01,0,611.3,238.28125,154.53125,154.53125,154.53125,0.0,0.0,220.9716796875,156.796875,281.875,185.546875,0.5660369019997791
2012-07-01,0,634.1,258.28125,174.375,164.25676271906244,174.375,10.118237280937564,0.0,77.7880859375,57.65625,89.53125,220.36865234375,0.4097671207080535
2012-07-01,1,611.3,300.0,150.15625,150.15625,150.15625,0.0,0.0,247.4267578125,191.71875,288.125,200.82275390625,0.3896355060880548
2012-07-01,1,634.1,254.609375,172.34375,166.06352541437494,172.34375,6.280224585625064,0.0,76.05224609375,65.078125,89.140625,230.32958984375,0.3163943372604411
2012-07-01,2,611.3,244.375,156.796875,156.796875,156.796875,0.0,0.0,231.3427734375,138.828125,286.640625,186.22314453125,0.6389328605500327
2012-07-01,2,634.1,256.484375,177.890625,174.55090334406242,177.890625,3.3397216559375806,0.0,79.2626953125,61.328125,90.625,217.79052734375,0.36961744594344853
2012-07-01,3,611.3,289.296875,153.4375,153.4375,153.4375,0.0,0.0,224.08935546875,169.453125,273.046875,196.97998046875,0.46228768779892576
2012-07-01,3,634.1,257.34375,173.90625,162.21203615656242,173.90625,11.69421384343758,0.0,75.93505859375,59.53125,91.015625,225.7470703125,0.41462238369289134
2012-07-01,4,611.3,268.359375,156.484375,156.484375,156.484375,0.0,0.0,231.26953125,112.265625,289.296875,195.85205078125,0.7654758888607381
2012-07-01,4,634.1,261.328125,177.03125,161.78898928156244,177.03125,15.242260718437564,0.0,75.34912109375,50.9375,88.90625,228.76708984375,0.5039043514888377
2012-07-01,5,611.3,228.90625,141.09375,141.09375,141.09375,0.0,0.0,233.03466796875,167.734375,291.484375,184.39208984375,0.5310368670836345
2012-07-01,5,634.1,253.671875,168.359375,168.359375,168.359375,0.0,0.0,79.64599609375,66.953125,92.890625,219.0625,0.32565981056309967
2012-07-01,6,611.3,271.875,159.296875,159.296875,159.296875,0.0,0.0,232.05322265625,180.625,290.546875,193.95751953125,0.47369251649149385
2012-07-01,6,634.1,256.09375,184.921875,166.93605959406244,184.921875,17.985815405937558,0.0,75.009765625,62.03125,88.671875,231.70654296875,0.35516208826975654
2012-07-01,7,611.3,277.65625,157.8125,157.8125,157.8125,0.0,0.0,223.3447265625,165.78125,290.78125,202.48291015625,0.5596729411250301
2012-07-01,7,634.1,257.578125,181.328125,156.07785646906245,181.328125,25.250268530937547,0.0,73.3056640625,58.984375,86.796875,231.4697265625,0.37940451608605874
2012-07-01,8,611.3,278.203125,158.671875,158.671875,158.671875,0.0,0.0,227.33642578125,133.046875,289.375,199.4384765625,0.6876510196849125
2012-07-01,8,634.1,259.921875,175.390625,160.86357424249994,175.390625,14.527050757500064,0.0,73.76220703125,54.0625,88.046875,230.72998046875,0.4607288253400854
2012-07-01,9,611.3,271.484375,159.6875,159.6875,159.6875,0.0,0.0,224.08447265625,120.078125,280.859375,201.7431640625,0.7175028599444354
2012-07-01,9,634.1,260.78125,187.578125,154.69414064874994,187.578125,32.883984351250064,0.0,73.19091796875,52.109375,87.65625,231.91162109375,0.4856733046465859
2012-07-02,0,611.3,195.546875,124.53125,124.53125,124.53125,0.0,0.0,211.29150390625,111.875,289.296875,165.3076171875,0.8397018891905945
2012-07-02,0,634.1,258.203125,137.8125,137.8125,137.8125,0.0,0.0,81.728515625,57.734375,93.59375,204.8291015625,0.43876209821962003
2012-07-02,1,611.3,298.4375,144.375,144.375,144.375,0.0,0.0,234.9169921875,140.78125,291.171875,191.0986328125,0.6401862359959261
2012-07-02,1,634.1,255.078125,160.390625,160.390625,160.390625,0.0,0.0,76.8017578125,64.6875,87.03125,225.4150390625,0.2909275859876661
2012-07-02,2,611.3,246.484375,157.265625,157.265625,157.265625,0.0,0.0,216.61865234375,109.53125,288.359375,184.482421875,0.8255435211378723
2012-07-02,2,634.1,259.453125,174.6875,168.37265627374993,174.6875,6.314843726250075,0.0,77.29736328125,55.078125,90.15625,217.490234375,0.453807523451565
2012-07-02,3,611.3,253.359375,158.984375,158.984375,158.984375,0.0,0.0,213.65478515625,138.046875,286.484375,187.67822265625,0.6947539222744049
2012-07-02,3,634.1,257.421875,173.515625,163.38422853937493,173.515625,10.13139646062507,0.0,76.39404296875,59.453125,91.40625,221.00830078125,0.4182672333897926
2012-07-02,4,611.3,262.109375,156.015625,156.015625,156.015625,0.0,0.0,226.689453125,139.140625,291.484375,193.63525390625,0.6720372205229828
2012-07-02,4,634.1,257.96875,175.3125,163.28728029718744,175.3125,12.025219702812564,0.0,75.29052734375,58.203125,87.265625,226.28662109375,0.386004734265054
2012-07-02,5,611.3,262.265625,141.5625,141.5625,141.5625,0.0,0.0,219.0234375,116.25,290.234375,184.38720703125,0.7943641876226146
2012-07-02,5,634.1,256.015625,148.75,148.75,148.75,0.0,0.0,78.02978515625,62.65625,90.3125,218.0712890625,0.35443196395607146
2012-07-02,6,611.3,256.5625,159.21875,159.21875,159.21875,0.0,0.0,232.1533203125,145.46875,291.09375,195.95703125,0.6272794194973184
2012-07-02,6,634.1,255.703125,172.1875,163.50761721124994,172.1875,8.679882788750064,0.0,75.25146484375,62.890625,87.421875,228.43994140625,0.3259903318950135
2012-07-02,7,611.3,270.546875,143.671875,143.671875,143.671875,0.0,0.0,214.06982421875,112.8125,284.0625,189.3408203125,0.7999726286737452
2012-07-02,7,634.1,260.078125,154.84375,154.84375,154.84375,0.0,0.0,74.78271484375,53.671875,90.234375,224.12353515625,0.48891645718389865
2012-07-02,8,611.3,300.0,166.5625,166.5625,166.5625,0.0,0.0,228.77685546875,148.90625,289.765625,193.96484375,0.6157064040039698
2012-07-02,8,634.1,255.9375,174.375,167.12114260187494,174.375,7.253857398125064,0.0,75.078125,62.5,89.375,228.7158203125,0.35796045785639957
2012-07-02,9,611.3,255.546875,158.59375,158.59375,158.59375,0.0,0.0,228.05419921875,163.984375,287.421875,192.24365234375,0.5412638768453394
2012-07-02,9,634.1,256.953125,173.359375,166.26623537531242,173.359375,7.093139624687581,0.0,75.93994140625,60.390625,89.375,227.1728515625,0.38167497186947436
2012-07-03,0,611.3,238.515625,130.15625,130.15625,130.15625,0.0,0.0,200.0439453125,105.9375,286.953125,176.8701171875,0.9048792989821572
2012-07-03,0,634.1,261.71875,137.34375,137.34375,137.34375,0.0,0.0,77.43408203125,50.0,92.265625,213.9404296875,0.5458271589368477
2012-07-03,1,611.3,290.390625,159.21875,159.21875,159.21875,0.0,0.0,233.05908203125,138.90625,286.5625,190.6298828125,0.6335571594682645
2012-07-03,1,634.1,254.140625,163.90625,163.90625,163.90625,0.0,0.0,77.47802734375,66.171875,86.40625,222.39013671875,0.2611627540570348
2012-07-03,2,611.3,247.265625,110.625,110.625,110.625,0.0,0.0,221.6748046875,97.65625,291.171875,178.7646484375,0.8729707702812838
2012-07-03,2,634.1,256.875,118.203125,118.203125,118.203125,0.0,0.0,78.43505859375,60.546875,91.328125,216.26708984375,0.3924424938525228
2012-07-03,3,611.3,281.5625,141.796875,141.796875,141.796875,0.0,0.0,209.85595703125,135.78125,283.359375,192.75390625,0.7032353385995324
2012-07-03,3,634.1,259.6875,154.6875,154.6875,154.6875,0.0,0.0,75.27587890625,54.453125,89.6875,222.76611328125,0.4680699250802711
2012-07-03,4,611.3,289.296875,157.890625,157.890625,157.890625,0.0,0.0,221.46240234375,141.5625,281.171875,195.86669921875,0.6303976364498242
2012-07-03,4,634.1,258.203125,177.734375,163.63100588312494,177.734375,14.103369116875058,0.0,74.6044921875,57.65625,86.796875,227.87841796875,0.3906014791543949
2012-07-03,5,611.3,240.859375,151.328125,151.328125,151.328125,0.0,0.0,216.02783203125,128.203125,287.1875,185.34912109375,0.7359439453014636
2012-07-03,5,634.1,257.890625,154.296875,154.296875,154.296875,0.0,0.0,77.25341796875,58.359375,91.484375,219.78515625,0.428783617229719
2012-07-03,6,611.3,256.640625,149.53125,149.53125,149.53125,0.0,0.0,222.255859375,148.046875,284.609375,190.029296875,0.6144382442110813
2012-07-03,6,634.1,255.78125,155.78125,155.78125,155.78125,0.0,0.0,75.625,62.8125,89.53125,225.595703125,0.35330578512396693
2012-07-03,7,611.3,300.0,160.3125,160.3125,160.3125,0.0,0.0,225.478515625,147.890625,289.375,203.369140625,0.6274849495430724
2012-07-03,7,634.1,258.90625,175.703125,162.72321779718743,175.703125,12.97990720281257,0.0,73.662109375,56.25,86.875,230.66162109375,0.4157497017101949
2012-07-03,8,611.3,277.578125,126.796875,126.796875,126.796875,0.0,0.0,220.830078125,107.34375,289.296875,188.43505859375,0.823950824746827
2012-07-03,8,634.1,255.546875,130.625,130.625,130.625,0.0,0.0,75.2978515625,63.28125,90.078125,225.11962890625,0.35587834770767135
2012-07-03,9,611.3,250.234375,135.703125,135.703125,135.703125,0.0,0.0,241.97021484375,145.234375,290.625,189.287109375,0.6008616601588118
2012-07-03,9,634.1,254.21875,147.1875,147.1875,147.1875,0.0,0.0,77.96875,67.734375,86.875,223.76220703125,0.24549098196392785
2012-07-04,0,611.3,240.859375,154.6875,154.6875,154.6875,0.0,0.0,223.00048828125,129.609375,284.6875,187.041015625,0.6954160782124128
2012-07-04,0,634.1,258.984375,162.421875,162.421875,162.421875,0.0,0.0,77.47802734375,56.015625,89.6875,220.78369140625,0.43459902316054827
2012-07-04,1,611.3,273.28125,157.109375,157.109375,157.109375,0.0,0.0,227.12890625,125.078125,287.5,197.6123046875,0.7151087797747012
2012-07-04,1,634.1,260.46875,170.46875,161.39238283624994,170.46875,9.076367163750064,0.0,74.0576171875,52.890625,88.671875,229.24560546875,0.48315421639084855
2012-07-04,2,611.3,251.875,130.859375,130.859375,130.859375,0.0,0.0,223.0224609375,103.59375,290.15625,182.16796875,0.8365188834154351
2012-07-04,2,634.1,255.703125,136.71875,136.71875,136.71875,0.0,0.0,77.93212890625,62.890625,90.9375,218.66455078125,0.3598884746718461
2012-07-04,3,611.3,244.609375,157.890625,157.890625,157.890625,0.0,0.0,217.5830078125,135.9375,279.21875,195.966796875,0.6585130495276138
2012-07-04,3,634.1,259.6875,181.484375,157.21479494562493,181.484375,24.26958005437507,0.0,74.41650390625,54.53125,87.734375,227.14599609375,0.44617958728388174
2012-07-04,4,611.3,283.59375,157.65625,157.65625,157.65625,0.0,0.0,241.26708984375,159.84375,288.28125,203.4814453125,0.5323457089948697
2012-07-04,4,634.1,258.046875,180.546875,162.52932131281244,180.546875,18.017553687187558,0.0,73.89892578125,58.046875,84.765625,233.58642578125,0.36155802966731637
2012-07-04,5,611.3,238.125,157.890625,157.890625,157.890625,0.0,0.0,231.2109375,145.859375,282.96875,183.44970703125,0.5930055752660922
2012-07-04,5,634.1,254.53125,174.21875,168.96315920343744,174.21875,5.255590796562558,0.0,78.310546875,65.78125,88.75,220.69091796875,0.2933034044145155
2012-07-04,6,611.3,281.484375,161.015625,161.015625,161.015625,0.0,0.0,231.61376953125,172.65625,287.734375,202.80029296875,0.4968535559561079
2012-07-04,6,634.1,256.5625,184.765625,159.64731447687493,184.765625,25.118310523125075,0.0,73.82568359375,61.25,86.171875,231.9921875,0.33757730083666787
2012-07-04,7,611.3,290.078125,160.78125,160.78125,160.78125,0.0,0.0,223.80615234375,142.734375,285.46875,203.87451171875,0.6377589423045456
2012-07-04,7,634.1,259.21875,191.09375,151.46840822687494,191.09375,39.62534177312506,0.0,71.8212890625,55.546875,85.390625,234.85595703125,0.4155279080834863
2012-07-04,8,611.3,269.84375,156.09375,156.09375,156.09375,0.0,0.0,221.09130859375,132.578125,290.625,193.9697265625,0.7148488830486203
2012-07-04,8,634.1,256.09375,159.53125,159.53125,159.53125,0.0,0.0,74.25537109375,62.03125,88.59375,229.2578125,0.35771823113595264
2012-07-04,9,611.3,253.4375,147.34375,147.34375,147.34375,0.0,0.0,218.82080078125,107.65625,283.828125,193.69873046875,0.805096564727934
2012-07-04,9,634.1,261.640625,167.578125,160.00866701593742,167.578125,7.569457984062581,0.0,74.0625,50.234375,87.96875,229.60205078125,0.509493670886076
2012-07-05,0,611.3,214.296875,157.734375,157.734375,157.734375,0.0,0.0,217.939453125,123.75,286.484375,176.8701171875,0.7466953443563203
2012-07-05,0,634.1,260.546875,174.84375,171.10483400812493,174.84375,3.738915991875075,0.0,79.46533203125,52.65625,90.078125,214.697265625,0.470920765614919
2012-07-05,1,611.3,278.125,162.03125,162.03125,162.03125,0.0,0.0,245.58837890625,161.640625,290.46875,195.41748046875,0.5245693040271192
2012-07-05,1,634.1,253.359375,177.65625,171.36042482843743,177.65625,6.295825171562569,0.0,76.884765625,67.578125,85.9375,227.4853515625,0.23879080401371777
2012-07-05,2,611.3,255.46875,146.171875,146.171875,146.171875,0.0,0.0,226.689453125,139.375,289.765625,184.1650390625,0.6634213587214061
2012-07-05,2,634.1,254.921875,156.25,156.25,156.25,0.0,0.0,78.60595703125,64.53125,90.46875,219.21875,0.32996863061775944
2012-07-05,3,611.3,233.28125,155.9375,155.9375,155.9375,0.0,0.0,217.01904296875,143.203125,286.25,189.7216796875,0.6591443453217986
2012-07-05,3,634.1,258.125,165.9375,162.74965822687494,165.9375,3.187841773125058,0.0,76.8798828125,57.890625,90.859375,221.4013671875,0.4288345506510003
2012-07-05,4,611.3,243.828125,157.5,157.5,157.5,0.0,0.0,229.53857421875,153.359375,287.734375,195.1318359375,0.5854135866154714
2012-07-05,4,634.1,258.515625,180.390625,159.35646975031244,180.390625,21.034155249687558,0.0,74.64599609375,57.109375,86.09375,229.765625,0.38829108748977925
2012-07-05,5,611.3,243.75,143.828125,143.828125,143.828125,0.0,0.0,231.69921875,151.25,275.625,179.99755859375,0.5367950771305741
2012-07-05,5,634.1,253.125,163.59375,163.59375,163.59375,0.0,0.0,79.6728515625,70.15625,89.84375,218.876953125,0.2471042471042471
2012-07-05,6,611.3,271.5625,151.328125,151.328125,151.328125,0.0,0.0,231.19873046875,159.921875,279.375,194.3798828125,0.5166686026251597
2012-07-05,6,634.1,256.484375,164.6875,163.18151857843742,164.6875,1.5059814215625806,0.0,74.85107421875,64.453125,87.1875,232.12646484375,0.30372810593952837
2012-07-05,7,611.3,300.0,162.96875,162.96875,162.96875,0.0,0.0,214.71435546875,133.28125,288.203125,209.80224609375,0.7215254642000296
2012-07-05,7,634.1,259.921875,184.6875,145.67795412531245,184.6875,39.00954587468755,0.0,70.146484375,54.140625,83.125,236.69189453125,0.4131978282054852
2012-07-05,8,611.3,263.59375,158.4375,158.4375,158.4375,0.0,0.0,231.4111328125,158.75,285.3125,187.880859375,0.5469162112548267
2012-07-05,8,634.1,257.34375,170.390625,170.390625,170.390625,0.0,0.0,77.74658203125,59.53125,89.765625,223.03955078125,0.3888836552048987
2012-07-05,9,611.3,248.828125,159.53125,159.53125,159.53125,0.0,0.0,220.94970703125,157.265625,289.140625,195.400390625,0.5968552833670346
2012-07-05,9,634.1,258.125,179.375,157.30292971124993,179.375,22.07207028875007,0.0,73.62548828125,57.96875,88.984375,230.771484375,0.4212620618761813
2012-07-06,0,611.3,283.75,157.1875,157.1875,157.1875,0.0,0.0,236.87744140625,112.8125,289.921875,190.8447265625,0.7476835867044576
2012-07-06,0,634.1,261.25,179.140625,169.75637209406244,179.140625,9.384252905937558,0.0,78.1591796875,51.015625,89.609375,222.68798828125,0.4937839695133379
2012-07-06,1,611.3,243.75,159.921875,159.921875,159.921875,0.0,0.0,239.52880859375,189.6875,291.328125,192.9150390625,0.4243357013994353
2012-07-06,1,634.1,254.921875,172.03125,169.72993166437493,172.03125,2.3013183356250693,0.0,76.67724609375,64.453125,86.5625,227.978515625,0.2883433629445665
2012-07-06,2,611.3,249.6875,158.515625,158.515625,158.515625,0.0,0.0,234.3212890625,161.5625,291.015625,193.5595703125,0.5524599387359603
2012-07-06,2,634.1,257.890625,172.265625,162.58220217218744,172.265625,9.683422827812564,0.0,75.3662109375,58.359375,87.890625,229.53369140625,0.39183673469387753
2012-07-06,3,611.3,251.875,158.515625,158.515625,158.515625,0.0,0.0,222.77099609375,159.765625,272.5,195.79345703125,0.5060549935888303
2012-07-06,3,634.1,258.046875,177.578125,158.97749025812493,177.578125,18.60063474187507,0.0,75.32470703125,58.046875,90.859375,227.16796875,0.4356140407739928
2012-07-06,4,611.3,298.59375,156.25,156.25,156.25,0.0,0.0,237.470703125,170.078125,287.5,207.92724609375,0.4944688900769009
2012-07-06,4,634.1,257.265625,176.171875,158.14020998468743,176.171875,18.03166501531257,0.0,72.55859375,59.609375,85.15625,237.13134765625,0.35208613728129207
2012-07-06,5,611.3,229.375,153.046875,153.046875,153.046875,0.0,0.0,227.8857421875,187.578125,288.203125,187.70263671875,0.4415589980930342
2012-07-06,5,634.1,255.3125,173.75,163.84252932062492,173.75,9.90747067937508,0.0,77.0703125,63.75,87.890625,223.89404296875,0.31322858590978203
2012-07-06,6,611.3,277.5,160.15625,160.15625,160.15625,0.0,0.0,242.33642578125,188.671875,288.203125,197.54638671875,0.4107151852187667
2012-07-06,6,634.1,255.390625,185.703125,164.02761232843744,185.703125,21.675512671562558,0.0,74.970703125,63.515625,85.546875,234.28466796875,0.29386479093395856
2012-07-06,7,611.3,282.65625,163.046875,163.046875,163.046875,0.0,0.0,228.6279296875,181.25,288.515625,207.216796875,0.4691711338444781
2012-07-06,7,634.1,256.484375,198.359375,154.48261721124993,198.359375,43.87675778875007,0.0,71.06689453125,61.328125,84.140625,240.576171875,0.32100037788999963
2012-07-06,8,611.3,291.5625,159.53125,159.53125,159.53125,0.0,0.0,235.76904296875,187.265625,290.234375,197.490234375,0.4367356659866834
2012-07-06,8,634.1,254.921875,187.03125,168.61062014093744,187.03125,18.420629859062558,0.0,74.89013671875,64.453125,89.296875,232.1435546875,0.3317359413202934
2012-07-06,9,611.3,235.46875,145.859375,145.859375,145.859375,0.0,0.0,237.42919921875,172.96875,286.015625,193.63525390625,0.4761287801667849
2012-07-06,9,634.1,255.46875,170.46875,164.25676271906244,170.46875,6.211987280937564,0.0,75.107421875,63.4375,88.90625,232.28271484375,0.339097646599922
2012-07-07,0,611.3,267.890625,153.515625,153.515625,153.515625,0.0,0.0,227.8369140625,109.453125,291.40625,190.2783203125,0.7986112599387069
2012-07-07,0,634.1,261.484375,173.984375,165.52590334406244,173.984375,8.458471655937558,0.0,77.16552734375,50.546875,89.375,221.57470703125,0.5031796753883634
2012-07-07,1,611.3,300.0,159.0625,159.0625,159.0625,0.0,0.0,230.90576171875,155.546875,291.25,198.0224609375,0.587699172120661
2012-07-07,1,634.1,258.359375,174.296875,168.46960451593742,174.296875,5.827270484062581,0.0,75.9375,57.421875,87.890625,226.4599609375,0.4012345679012346
2012-07-07,2,611.3,262.578125,157.03125,157.03125,157.03125,0.0,0.0,249.43115234375,159.609375,289.375,193.28369140625,0.5202462634705922
2012-07-07,2,634.1,253.046875,178.828125,173.29057619562494,178.828125,5.537548804375064,0.0,78.25927734375,68.28125,87.5,223.8525390625,0.24557791296209638
2012-07-07,3,611.3,278.515625,156.09375,156.09375,156.09375,0.0,0.0,238.19091796875,169.0625,287.03125,197.3583984375,0.4952697231532446
2012-07-07,3,634.1,257.34375,175.546875,166.07233889093743,175.546875,9.47453610906257,0.0,77.00439453125,59.453125,89.453125,225.751953125,0.3895881550997115
2012-07-07,4,611.3,260.546875,156.484375,156.484375,156.484375,0.0,0.0,241.1572265625,189.21875,288.515625,196.07421875,0.4117516046083136
2012-07-07,4,634.1,255.078125,176.796875,166.47775881281245,176.796875,10.319116187187547,0.0,75.9228515625,64.21875,88.75,230.7275390625,0.323107595343752
2012-07-07,5,611.3,243.90625,142.109375,142.109375,142.109375,0.0,0.0,238.34228515625,183.28125,285.078125,190.83251953125,0.4271037131882202
2012-07-07,5,634.1,255.46875,168.828125,168.79570314874994,168.828125,0.03242185125006358,0.0,78.017578125,68.203125,91.875,224.55810546875,0.3034171986481412
2012-07-07,6,611.3,300.0,159.609375,159.609375,159.609375,0.0,0.0,237.95166015625,181.484375,288.046875,206.37939453125,0.44783255527625304
2012-07-07,6,634.1,256.484375,186.328125,164.49472658624993,186.328125,21.833398413750075,0.0,74.07470703125,61.328125,88.125,234.47021484375,0.3617547213341683
2012-07-07,7,611.3,300.0,163.203125,163.203125,163.203125,0.0,0.0,226.38671875,132.96875,286.25,212.2900390625,0.6770770425329997
2012-07-07,7,634.1,259.921875,195.165625,150.15520021906244,195.859375,45.704174780937564,0.6937499999999943,70.5712890625,54.0625,87.265625,240.10986328125,0.47049055559399433
2012-07-07,8,611.3,300.0,158.984375,158.984375,158.984375,0.0,0.0,243.24462890625,197.34375,290.9375,201.4990234375,0.38477211365712166
2012-07-07,8,634.1,255.234375,177.65625,171.43974611749994,177.65625,6.216503882500064,0.0,76.01806640625,63.828125,87.96875,230.10009765625,0.317564312554196
2012-07-07,9,611.3,272.34375,148.28125,148.28125,148.28125,0.0,0.0,245.41259765625,197.265625,290.78125,200.98876953125,0.38105470498701766
2012-07-07,9,634.1,255.3125,171.5625,162.98762209406243,171.5625,8.57487790593757,0.0,74.5166015625,63.75,84.765625,234.62646484375,0.28202607954917763
2012-07-08,0,611.3,278.75,106.5625,106.5625,106.5625,0.0,0.0,213.80126953125,101.484375,287.421875,180.9765625,0.8696744430360956
2012-07-08,0,634.1,260.9375,121.25,121.25,121.25,0.0,0.0,78.8818359375,51.796875,93.59375,213.1103515625,0.5298669142680285
2012-07-08,1,611.3,300.0,120.234375,120.234375,120.234375,0.0,0.0,222.0263671875,117.8125,288.359375,182.26806640625,0.7681379340678675
2012-07-08,1,634.1,257.34375,141.40625,141.40625,141.40625,0.0,0.0,78.7451171875,59.453125,92.421875,215.9033203125,0.41867675327091214
2012-07-08,2,611.3,263.75,156.71875,156.71875,156.71875,0.0,0.0,227.7587890625,141.796875,289.21875,185.63720703125,0.647271947689999
2012-07-08,2,634.1,254.375,167.265625,167.265625,167.265625,0.0,0.0,78.09326171875,65.625,88.203125,219.85107421875,0.28911745396567357
2012-07-08,3,611.3,295.3125,139.765625,139.765625,139.765625,0.0,0.0,220.4736328125,150.625,282.65625,196.11572265625,0.5988527894049122
2012-07-08,3,634.1,258.671875,153.28125,153.28125,153.28125,0.0,0.0,76.2060546875,56.71875,92.65625,222.80029296875,0.47158326392003586
2012-07-08,4,611.3,290.78125,146.015625,146.015625,146.015625,0.0,0.0,244.9609375,158.90625,290.546875,202.85888671875,0.5373943549673098
2012-07-08,4,634.1,258.125,170.546875,169.46552736749993,170.546875,1.0813476325000693,0.0,75.43212890625,57.96875,86.484375,230.27587890625,0.378030229472117
2012-07-08,5,611.3,249.6875,150.859375,150.859375,150.859375,0.0,0.0,230.23193359375,126.015625,290.9375,187.34619140625,0.716329279026118
2012-07-08,5,634.1,253.90625,159.765625,159.765625,159.765625,0.0,0.0,79.34326171875,67.109375,89.453125,217.431640625,0.2816086648819964
2012-07-08,6,611.3,300.0,148.671875,148.671875,148.671875,0.0,0.0,235.888671875,150.703125,290.78125,198.44970703125,0.5938315048644173
2012-07-08,6,634.1,256.953125,166.875,166.875,166.875,0.0,0.0,76.6650390625,61.5625,88.125,227.11181640625,0.346474746831412
2012-07-08,7,611.3,300.0,159.53125,159.53125,159.53125,0.0,0.0,229.951171875,177.34375,286.015625,197.97119140625,0.47258674141079543
2012-07-08,7,634.1,258.359375,174.21875,168.62824709406243,174.21875,5.590502905937569,0.0,76.96533203125,60.9375,90.078125,222.99072265625,0.3786201427438541
2012-07-08,8,611.3,271.640625,157.8125,157.8125,157.8125,0.0,0.0,231.85302734375,137.03125,289.84375,189.14306640625,0.6590921056788147
2012-07-08,8,634.1,255.0,173.125,172.02143557062493,173.125,1.1035644293750693,0.0,78.20068359375,64.375,86.796875,220.73974609375,0.28672223783210016
2012-07-08,9,611.3,269.0625,150.625,150.625,150.625,0.0,0.0,226.1669921875,163.90625,285.3125,193.505859375,0.536799153695028
2012-07-08,9,634.1,257.734375,172.65625,162.95236818781245,172.65625,9.703881812187547,0.0,75.65185546875,58.671875,88.125,227.3291015625,0.3893245554587408
2012-07-09,0,611.3,279.296875,146.5625,146.5625,146.5625,0.0,0.0,221.21337890625,122.734375,286.015625,188.486328125,0.7381165226412387
2012-07-09,0,634.1,260.625,158.4375,158.4375,158.4375,0.0,0.0,76.84326171875,52.5,88.4375,220.43701171875,0.4676727561556791
2012-07-09,1,611.3,280.78125,145.703125,145.703125,145.703125,0.0,0.0,229.6630859375,129.140625,287.03125,182.91259765625,0.6874880408206655
2012-07-09,1,634.1,253.359375,160.3125,160.3125,160.3125,0.0,0.0,79.43115234375,67.578125,89.0625,216.025390625,0.27047794682649456
2012-07-09,2,611.3,290.546875,149.21875,149.21875,149.21875,0.0,0.0,229.61669921875,123.75,289.53125,190.7080078125,0.7219912600610308
2012-07-09,2,634.1,260.46875,151.328125,151.328125,151.328125,0.0,0.0,77.18994140625,52.890625,92.421875,221.1572265625,0.5121295505582439
2012-07-09,3,611.3,232.03125,153.59375,153.59375,153.59375,0.0,0.0,220.93505859375,139.296875,279.375,182.3388671875,0.6340239792253716
2012-07-09,3,634.1,254.921875,165.234375,165.234375,165.234375,0.0,0.0,78.32275390625,64.53125,88.515625,218.08349609375,0.30622486830211026
2012-07-09,4,611.3,296.71875,146.953125,146.953125,146.953125,0.0,0.0,241.32080078125,139.296875,287.265625,194.1259765625,0.6131620213465527
2012-07-09,4,634.1,252.96875,159.53125,159.53125,159.53125,0.0,0.0,77.57568359375,68.4375,90.15625,224.94873046875,0.27996852871754524
2012-07-09,5,611.3,261.015625,134.0625,134.0625,134.0625,0.0,0.0,234.2724609375,101.640625,289.0625,179.71435546875,0.8000166739615249
2012-07-09,5,634.1,251.796875,142.8125,142.8125,142.8125,0.0,0.0,79.833984375,70.78125,91.015625,215.859375,0.2534556574923547
2012-07-09,6,611.3,300.0,133.4375,133.4375,133.4375,0.0,0.0,238.720703125,152.03125,290.859375,195.03173828125,0.581550419308652
2012-07-09,6,634.1,252.5,145.46875,145.46875,145.46875,0.0,0.0,77.529296875,69.375,87.65625,224.76318359375,0.23579795944073562
2012-07-09,7,611.3,277.1875,158.125,158.125,158.125,0.0,0.0,221.06689453125,137.265625,291.09375,193.3203125,0.695844239030801
2012-07-09,7,634.1,258.984375,170.859375,161.56865236749994,170.859375,9.290722632500064,0.0,74.9169921875,56.015625,86.71875,225.7470703125,0.4098285863260119
2012-07-09,8,611.3,279.6875,149.921875,149.921875,149.921875,0.0,0.0,226.0205078125,125.3125,291.015625,183.505859375,0.733133141783145
2012-07-09,8,634.1,255.78125,155.15625,155.15625,155.15625,0.0,0.0,78.42041015625,62.8125,90.78125,218.28125,0.35665141184894616
2012-07-09,9,611.3,250.625,122.34375,122.34375,122.34375,0.0,0.0,230.068359375,140.546875,290.9375,185.55908203125,0.6536779999151068
2012-07-09,9,634.1,257.1875,133.671875,133.671875,133.671875,0.0,0.0,77.71240234375,59.765625,88.359375,221.9970703125,0.36794320002513276
2012-07-10,0,611.3,258.359375,154.84375,154.84375,154.84375,0.0,0.0,236.63330078125,133.90625,289.53125,191.9921875,0.6576631416043333
2012-07-10,0,634.1,259.84375,169.453125,165.64047853937493,169.453125,3.812646460625075,0.0,76.02294921875,54.21875,89.53125,227.52197265625,0.4644978965284691
2012-07-10,1,611.3,254.84375,157.421875,157.421875,157.421875,0.0,0.0,243.06396484375,119.21875,286.328125,186.3037109375,0.6875119276007192
2012-07-10,1,634.1,252.65625,170.546875,170.546875,170.546875,0.0,0.0,79.74853515625,69.0625,90.3125,218.701171875,0.26646257462115414
2012-07-10,2,611.3,231.484375,133.59375,133.59375,133.59375,0.0,0.0,236.82861328125,120.703125,288.75,183.14453125,0.7095716715633215
2012-07-10,2,634.1,253.59375,148.515625,148.515625,148.515625,0.0,0.0,79.66796875,67.1875,89.6875,218.291015625,0.2824221622946801
2012-07-10,3,611.3,267.96875,156.875,156.875,156.875,0.0,0.0,226.1865234375,147.1875,276.484375,184.41650390625,0.5716382790406493
2012-07-10,3,634.1,255.546875,172.03125,171.87160646906244,172.03125,0.1596435309375579,0.0,79.43115234375,63.28125,91.640625,217.79052734375,0.3570308898109728
2012-07-10,4,611.3,263.359375,145.703125,145.703125,145.703125,0.0,0.0,257.14111328125,160.390625,290.078125,189.16259765625,0.5043436980773796
2012-07-10,4,634.1,252.265625,170.390625,170.390625,170.390625,0.0,0.0,78.5205078125,69.765625,90.0,225.390625,0.25769541695168213
2012-07-10,5,611.3,226.875,133.203125,133.203125,133.203125,0.0,0.0,242.6708984375,149.0625,290.078125,178.1005859375,0.5810982112316143
2012-07-10,5,634.1,251.328125,149.765625,149.765625,149.765625,0.0,0.0,81.5283203125,71.71875,90.3125,213.9599609375,0.2280649218422471
2012-07-10,6,611.3,284.375,160.3125,160.3125,160.3125,0.0,0.0,241.34033203125,140.46875,281.40625,187.83203125,0.5839782303015589
2012-07-10,6,634.1,252.1875,174.140625,174.140625,174.140625,0.0,0.0,79.26513671875,70.46875,88.59375,221.8896484375,0.2286629500723812
2012-07-10,7,611.3,244.84375,158.59375,158.59375,158.59375,0.0,0.0,239.4091796875,161.5625,291.484375,190.166015625,0.5426770818461789
2012-07-10,7,634.1,254.765625,169.921875,169.921875,169.921875,0.0,0.0,78.1689453125,64.84375,88.046875,223.251953125,0.29683303141982637
2012-07-10,8,611.3,248.4375,156.875,156.875,156.875,0.0,0.0,247.5048828125,152.65625,289.84375,184.44091796875,0.5542819941210124
2012-07-10,8,634.1,251.875,168.203125,168.203125,168.203125,0.0,0.0,79.81201171875,70.625,88.125,219.90966796875,0.2192652411978832
2012-07-10,9,611.3,232.96875,149.453125,149.453125,149.453125,0.0,0.0,241.044921875,136.484375,286.171875,182.98583984375,0.6209942065389135
2012-07-10,9,634.1,253.75,163.671875,163.671875,163.671875,0.0,0.0,78.5498046875,69.765625,91.25,223.818359375,0.2735127742897992
2012-07-11,0,611.3,239.453125,112.578125,112.578125,112.578125,0.0,0.0,215.234375,127.1875,288.59375,176.93115234375,0.7499092558983667
2012-07-11,0,634.1,257.1875,128.28125,128.28125,128.28125,0.0,0.0,79.638671875,59.84375,91.484375,212.8369140625,0.39730226854690376
2012-07-11,1,611.3,276.015625,156.796875,156.796875,156.796875,0.0,0.0,239.96826171875,139.84375,289.765625,189.05517578125,0.6247570988188135
2012-07-11,1,634.1,253.359375,169.6875,169.6875,169.6875,0.0,0.0,79.5849609375,67.65625,88.359375,218.0419921875,0.26013865881342413
2012-07-11,2,611.3,218.671875,113.359375,113.359375,113.359375,0.0,0.0,229.9169921875,104.84375,289.0625,171.24755859375,0.8012402573958842
2012-07-11,2,634.1,250.9375,123.28125,123.28125,123.28125,0.0,0.0,82.70263671875,72.734375,93.046875,206.025390625,0.2456088560885609
2012-07-11,3,611.3,232.1875,136.328125,136.328125,136.328125,0.0,0.0,224.52392578125,144.765625,282.734375,183.29345703125,0.6144946447017887
2012-07-11,3,634.1,253.75,153.359375,153.359375,153.359375,0.0,0.0,79.1796875,66.796875,91.640625,217.77099609375,0.31376418352244695
2012-07-11,4,611.3,265.9375,137.03125,137.03125,137.03125,0.0,0.0,237.36572265625,136.5625,288.59375,182.86376953125,0.6404937001799949
2012-07-11,4,634.1,253.671875,166.484375,166.484375,166.484375,0.0,0.0,81.2060546875,67.03125,91.796875,212.62451171875,0.3049726414527088
2012-07-11,5,611.3,225.78125,94.765625,94.765625,94.765625,0.0,0.0,225.44921875,105.703125,289.53125,173.37646484375,0.8153859481937105
2012-07-11,5,634.1,253.671875,108.4375,108.4375,108.4375,0.0,0.0,82.3193359375,69.765625,92.421875,206.9921875,0.2752239160092532
2012-07-11,6,611.3,239.21875,130.390625,130.390625,130.390625,0.0,0.0,228.62548828125,126.640625,289.6875,178.0908203125,0.7131614074430028
2012-07-11,6,634.1,253.046875,142.8125,142.8125,142.8125,0.0,0.0,81.6845703125,68.28125,91.796875,210.09033203125,0.2878833163966764
2012-07-11,7,611.3,226.640625,132.65625,132.65625,132.65625,0.0,0.0,223.83544921875,126.796875,278.984375,174.140625,0.6799079436754906
2012-07-11,7,634.1,252.890625,152.109375,152.109375,152.109375,0.0,0.0,80.16845703125,68.515625,92.109375,214.77294921875,0.2943021591497396
2012-07-11,8,611.3,222.03125,128.28125,128.28125,128.28125,0.0,0.0,219.19677734375,119.921875,291.25,170.48583984375,0.7816179009389306
2012-07-11,8,634.1,253.125,138.828125,138.828125,138.828125,0.0,0.0,81.80908203125,68.046875,92.1875,207.529296875,0.2950849025634904
2012-07-11,9,611.3,213.203125,129.0625,129.0625,129.0625,0.0,0.0,230.54931640625,122.1875,288.125,173.291015625,0.7197483930405685
2012-07-11,9,634.1,253.75,146.5625,146.5625,146.5625,0.0,0.0,81.552734375,68.4375,92.1875,211.11572265625,0.29122260807088973
2012-07-12,0,611.3,220.625,158.203125,158.203125,158.203125,0.0,0.0,238.27392578125,187.578125,289.53125,182.14111328125,0.4278820045698126
2012-07-12,0,634.1,256.015625,182.578125,172.03024904718745,182.578125,10.547875952812547,0.0,79.87548828125,62.265625,88.515625,220.16357421875,0.32863648867561207
2012-07-12,1,611.3,229.375,156.09375,156.09375,156.09375,0.0,0.0,256.88232421875,217.34375,290.703125,184.24560546875,0.28557579904770053
2012-07-12,1,634.1,251.40625,175.078125,175.078125,175.078125,0.0,0.0,79.7900390625,71.5625,87.421875,223.14208984375,0.1987638455418885
2012-07-12,2,611.3,219.609375,157.890625,157.890625,157.890625,0.0,0.0,251.591796875,196.640625,288.671875,181.6943359375,0.3657959088615456
2012-07-12,2,634.1,252.8125,181.71875,177.70612795343743,181.71875,4.012622046562569,0.0,80.4638671875,68.75,90.234375,220.33447265625,0.2670064931124461
2012-07-12,3,611.3,213.75,158.046875,158.046875,158.046875,0.0,0.0,254.05517578125,197.5,288.4375,181.1181640625,0.35794389829042583
2012-07-12,3,634.1,253.359375,181.640625,174.86818850031244,181.640625,6.772436499687558,0.0,79.80712890625,67.65625,89.21875,222.568359375,0.27018263024258926
2012-07-12,4,611.3,223.828125,156.484375,156.484375,156.484375,0.0,0.0,260.4736328125,213.046875,287.734375,182.64404296875,0.2867372762208267
2012-07-12,4,634.1,251.328125,177.03125,176.62207033624992,177.03125,0.40917966375008064,0.0,80.107421875,71.640625,87.265625,222.4462890625,0.19505059124710472
2012-07-12,5,611.3,220.15625,159.296875,159.296875,159.296875,0.0,0.0,253.17138671875,213.515625,290.546875,181.8994140625,0.3042652291728946
2012-07-12,5,634.1,251.953125,184.609375,177.34477541437494,184.609375,7.264599585625064,0.0,81.201171875,72.65625,87.109375,218.28369140625,0.17799158147925437
2012-07-12,6,611.3,216.40625,158.984375,158.984375,158.984375,0.0,0.0,249.853515625,208.59375,289.453125,181.60400390625,0.3236271252687121
2012-07-12,6,634.1,254.453125,185.15625,178.66679689874994,185.15625,6.489453101250064,0.0,80.9814453125,65.390625,87.5,218.28369140625,0.27301778715706965
2012-07-12,7,611.3,226.40625,157.578125,157.578125,157.578125,0.0,0.0,250.51025390625,191.484375,285.078125,186.59423828125,0.3736124511495093
2012-07-12,7,634.1,255.78125,180.546875,168.25808107843744,180.546875,12.288793921562558,0.0,76.31591796875,62.8125,87.109375,231.86279296875,0.3183723087750728
2012-07-12,8,611.3,215.78125,157.5,157.5,157.5,0.0,0.0,252.86376953125,210.078125,291.09375,182.56103515625,0.320392380253541
2012-07-12,8,634.1,251.953125,180.234375,180.12102053156244,180.234375,0.11335446843756358,0.0,80.89111328125,70.46875,88.90625,219.2578125,0.22792985844928018
2012-07-12,9,611.3,228.4375,156.796875,156.796875,156.796875,0.0,0.0,254.04296875,203.203125,285.78125,184.47265625,0.3250557392173445
2012-07-12,9,634.1,254.84375,178.046875,173.55498049249994,178.046875,4.491894507500064,0.0,78.98681640625,64.609375,87.1875,224.89501953125,0.2858467530059036
2012-07-13,0,611.3,226.953125,157.109375,157.109375,157.109375,0.0,0.0,234.765625,170.859375,289.921875,178.4326171875,0.5071547420965058
2012-07-13,0,634.1,257.265625,175.390625,175.390625,175.390625,0.0,0.0,82.3779296875,59.765625,91.25,210.8740234375,0.3821942979076522
2012-07-13,1,611.3,245.15625,142.96875,142.96875,142.96875,0.0,0.0,240.45166015625,161.015625,284.921875,173.64990234375,0.5153062778584411
2012-07-13,1,634.1,243.75,164.6875,164.6875,164.6875,0.0,0.0,83.876953125,78.90625,93.046875,206.74560546875,0.16858772848992898
2012-07-13,2,611.3,233.59375,161.015625,161.015625,161.015625,0.0,0.0,246.03271484375,175.46875,291.40625,176.11572265625,0.47122798313073677
2012-07-13,2,634.1,254.375,173.125,173.125,173.125,0.0,0.0,82.53662109375,73.28125,90.9375,211.9091796875,0.2139201940426539
2012-07-13,3,611.3,239.765625,154.84375,154.84375,154.84375,0.0,0.0,242.10693359375,169.765625,287.265625,178.01025390625,0.48532273841096335
2012-07-13,3,634.1,251.71875,174.53125,174.53125,174.53125,0.0,0.0,82.3095703125,70.78125,91.171875,212.4169921875,0.24773091297383876
2012-07-13,4,611.3,208.984375,136.09375,136.09375,136.09375,0.0,0.0,245.61767578125,159.921875,290.9375,176.84814453125,0.5334128522439242
2012-07-13,4,634.1,249.765625,166.09375,166.09375,166.09375,0.0,0.0,82.314453125,73.359375,90.703125,212.34130859375,0.21070115078894294
2012-07-13,5,611.3,202.96875,134.375,134.375,134.375,0.0,0.0,239.8583984375,165.3125,291.09375,174.6923828125,0.5243979398652362
2012-07-13,5,634.1,253.75,143.75,143.75,143.75,0.0,0.0,83.193359375,73.203125,91.796875,208.85498046875,0.22350041084634348
2012-07-13,6,611.3,256.328125,170.078125,170.078125,170.078125,0.0,0.0,250.1953125,202.109375,291.09375,185.64453125,0.35565964090554253
2012-07-13,6,634.1,253.75,180.9375,180.9375,180.9375,0.0,0.0,81.2353515625,71.484375,88.28125,216.74072265625,0.2067680471238805
2012-07-13,7,611.3,229.921875,158.125,158.125,158.125,0.0,0.0,247.18017578125,193.28125,290.78125,184.2041015625,0.39444910859795546
2012-07-13,7,634.1,253.671875,179.296875,171.31635744562493,179.296875,7.980517554375069,0.0,78.36181640625,67.03125,88.671875,225.9326171875,0.27616288126616195
2012-07-13,8,611.3,205.15625,157.34375,157.34375,157.34375,0.0,0.0,246.6748046875,179.0625,290.3125,179.14794921875,0.45099863417724023
2012-07-13,8,634.1,253.4375,179.6875,179.6875,179.6875,0.0,0.0,81.89697265625,72.1875,89.21875,213.5400390625,0.20795945744522285
2012-07-13,9,611.3,202.5,129.0625,129.0625,129.0625,0.0,0.0,233.2470703125,160.15625,288.671875,176.6943359375,0.5509849483974962
2012-07-13,9,634.1,254.0625,152.03125,152.03125,152.03125,0.0,0.0,80.302734375,66.875,91.484375,217.18505859375,0.30645749726377236
2012-07-14,0,611.3,226.796875,118.828125,118.828125,118.828125,0.0,0.0,222.53662109375,127.96875,287.578125,176.923828125,0.7172274577349672
2012-07-14,0,634.1,260.234375,132.03125,132.03125,132.03125,0.0,0.0,81.298828125,53.28125,93.515625,208.701171875,0.4948948948948949
2012-07-14,1,611.3,249.453125,132.96875,132.96875,132.96875,0.0,0.0,226.0693359375,129.21875,279.140625,178.73046875,0.6631676710080131
2012-07-14,1,634.1,251.328125,143.203125,143.203125,143.203125,0.0,0.0,81.7919921875,71.640625,90.390625,209.638671875,0.22924004537042564
2012-07-14,2,611.3,237.265625,138.671875,138.671875,138.671875,0.0,0.0,231.31591796875,136.796875,290.390625,184.755859375,0.6639999155646089
2012-07-14,2,634.1,254.0625,140.15625,140.15625,140.15625,0.0,0.0,80.0732421875,66.25,88.671875,214.482421875,0.2800170742118422
2012-07-14,3,611.3,261.875,160.390625,160.390625,160.390625,0.0,0.0,222.998046875,139.6875,288.90625,184.765625,0.6691482373549376
2012-07-14,3,634.1,256.25,172.5,172.5,172.5,0.0,0.0,80.0439453125,61.796875,91.5625,214.02587890625,0.37186604038309035
2012-07-14,4,611.3,278.28125,148.125,148.125,148.125,0.0,0.0,243.14697265625,152.734375,286.796875,187.53662109375,0.5513640516903798
2012-07-14,4,634.1,244.453125,158.75,158.75,158.75,0.0,0.0,81.21826171875,74.375,87.65625,212.783203125,0.16352541557699823
2012-07-14,5,611.3,219.53125,123.203125,123.203125,123.203125,0.0,0.0,225.68603515625,117.1875,289.765625,175.70556640625,0.7646823379236486
2012-07-14,5,634.1,252.8125,131.171875,131.171875,131.171875,0.0,0.0,81.77001953125,70.078125,91.5625,208.65234375,0.26274146836652434
2012-07-14,6,611.3,284.765625,159.296875,159.296875,159.296875,0.0,0.0,234.53857421875,165.3125,289.296875,192.06787109375,0.5286310595730064
2012-07-14,6,634.1,253.75,173.4375,173.4375,173.4375,0.0,0.0,79.10888671875,66.953125,88.4375,218.9990234375,0.2715797919945684
2012-07-14,7,611.3,249.453125,133.4375,133.4375,133.4375,0.0,0.0,225.73486328125,157.96875,280.703125,189.0771484375,0.5437103211083592
2012-07-14,7,634.1,255.390625,141.71875,141.71875,141.71875,0.0,0.0,77.65625,63.59375,91.71875,221.8701171875,0.36217303822937624
2012-07-14,8,611.3,251.875,130.3125,130.3125,130.3125,0.0,0.0,230.10498046875,136.328125,286.484375,179.62158203125,0.6525554105526732
2012-07-14,8,634.1,252.34375,136.25,136.25,136.25,0.0,0.0,80.7958984375,69.6875,90.546875,212.98828125,0.2581736870731855
2012-07-14,9,611.3,232.265625,134.53125,134.53125,134.53125,0.0,0.0,239.57275390625,147.265625,286.09375,186.1767578125,0.5794821102834025
2012-07-14,9,634.1,254.140625,148.671875,148.671875,148.671875,0.0,0.0,78.6572265625,69.921875,89.375,221.86279296875,0.24731516543547086
2012-07-15,0,611.3,208.359375,118.90625,118.90625,118.90625,0.0,0.0,201.59912109375,123.59375,288.359375,175.7763671875,0.8172933696639418
2012-07-15,0,634.1,258.90625,128.046875,128.046875,128.046875,0.0,0.0,78.7939453125,56.25,90.390625,210.23681640625,0.4332899547623474
2012-07-15,1,611.3,256.09375,139.6875,139.6875,139.6875,0.0,0.0,220.56884765625,114.921875,289.84375,182.216796875,0.7930488682273507
2012-07-15,1,634.1,257.578125,148.203125,148.203125,148.203125,0.0,0.0,78.56689453125,59.0625,89.375,213.92333984375,0.38581771852956714
2012-07-15,2,611.3,240.46875,119.453125,119.453125,119.453125,0.0,0.0,223.24462890625,105.078125,289.0625,176.7236328125,0.8241379687448738
2012-07-15,2,634.1,253.046875,121.5625,121.5625,121.5625,0.0,0.0,81.45751953125,68.203125,92.03125,206.99951171875,0.2925221040011989
2012-07-15,3,611.3,246.484375,130.859375,130.859375,130.859375,0.0,0.0,210.380859375,149.921875,289.921875,187.40966796875,0.6654597781181822
2012-07-15,3,634.1,257.578125,136.875,136.875,136.875,0.0,0.0,77.50732421875,58.984375,92.421875,217.3388671875,0.43141084196931995
2012-07-15,4,611.3,300.0,148.515625,148.515625,148.515625,0.0,0.0,230.4052734375,148.671875,289.921875,199.24072265625,0.6130502045054782
2012-07-15,4,634.1,258.828125,171.71875,163.90422365656244,171.71875,7.814526343437564,0.0,75.13427734375,56.40625,86.25,227.94189453125,0.3972055239642567
2012-07-15,5,611.3,245.0,101.015625,101.015625,101.015625,0.0,0.0,226.44775390625,112.578125,289.0625,178.03955078125,0.7793602363265878
2012-07-15,5,634.1,252.578125,104.375,104.375,104.375,0.0,0.0,80.50537109375,69.21875,92.5,211.3916015625,0.2891887793783169
2012-07-15,6,611.3,281.796875,147.578125,147.578125,147.578125,0.0,0.0,217.76611328125,142.34375,282.34375,194.10400390625,0.6428915770709778
2012-07-15,6,634.1,256.71875,153.984375,153.984375,153.984375,0.0,0.0,75.8642578125,60.78125,89.21875,222.89306640625,0.3748471390873399
2012-07-15,7,611.3,249.21875,158.75,158.75,158.75,0.0,0.0,219.18212890625,168.828125,283.984375,195.05126953125,0.525390690265881
2012-07-15,7,634.1,257.421875,184.140625,161.12797853937494,184.140625,23.012646460625064,0.0,75.72509765625,59.453125,90.546875,223.4326171875,0.4106135345133314
2012-07-15,8,611.3,263.828125,136.171875,136.171875,136.171875,0.0,0.0,226.015625,147.734375,285.0,191.09375,0.6073280331835464
2012-07-15,8,634.1,254.6875,139.53125,139.53125,139.53125,0.0,0.0,77.25830078125,64.921875,89.0625,221.33056640625,0.3124664243956391
2012-07-15,9,611.3,281.25,135.78125,135.78125,135.78125,0.0,0.0,231.65771484375,129.921875,290.625,190.30029296875,0.6937093595539958
2012-07-15,9,634.1,256.484375,145.234375,145.234375,145.234375,0.0,0.0,78.095703125,61.40625,89.921875,220.11962890625,0.36513692634738026
2012-07-16,0,611.3,210.15625,122.65625,122.65625,122.65625,0.0,0.0,214.27978515625,99.921875,285.703125,171.435546875,0.8670031560118037
2012-07-16,0,634.1,256.875,132.65625,132.65625,132.65625,0.0,0.0,80.2587890625,60.546875,91.5625,209.21875,0.3864452150635761
2012-07-16,1,611.3,300.0,138.984375,138.984375,138.984375,0.0,0.0,223.291015625,109.140625,290.390625,183.125,0.8117209709162475
2012-07-16,1,634.1,255.703125,144.21875,144.21875,144.21875,0.0,0.0,79.43603515625,63.28125,90.390625,213.8525390625,0.34127301226296214
2012-07-16,2,611.3,238.359375,119.0625,119.0625,119.0625,0.0,0.0,211.99462890625,91.71875,285.390625,175.73974609375,0.9135697257954924
2012-07-16,2,634.1,257.265625,121.09375,121.09375,121.09375,0.0,0.0,78.193359375,59.6875,91.40625,214.80712890625,0.4056450605719995
2012-07-16,3,611.3,230.46875,124.6875,124.6875,124.6875,0.0,0.0,207.1240234375,108.4375,283.515625,180.10498046875,0.8452815955114453
2012-07-16,3,634.1,257.65625,128.828125,128.828125,128.828125,0.0,0.0,77.7587890625,58.90625,91.09375,214.1650390625,0.4139403453689168
2012-07-16,4,611.3,272.65625,136.25,136.25,136.25,0.0,0.0,234.73876953125,135.625,290.625,185.46630859375,0.6603084795473692
2012-07-16,4,634.1,253.203125,148.125,148.125,148.125,0.0,0.0,78.53271484375,67.96875,89.6875,220.79345703125,0.2765567196194858
2012-07-16,5,611.3,217.1875,124.375,124.375,124.375,0.0,0.0,220.10498046875,108.359375,285.234375,171.22314453125,0.8035938106594199
2012-07-16,5,634.1,253.4375,128.828125,128.828125,128.828125,0.0,0.0,81.3330078125,67.578125,92.421875,208.14697265625,0.30545716515579036
2012-07-16,6,611.3,299.375,155.78125,155.78125,155.78125,0.0,0.0,238.49853515625,149.53125,289.765625,194.51171875,0.5879884122060826
2012-07-16,6,634.1,253.28125,167.1875,167.1875,167.1875,0.0,0.0,77.1875,67.8125,88.4375,225.6005859375,0.26720647773279355
2012-07-16,7,611.3,297.96875,127.890625,127.890625,127.890625,0.0,0.0,212.72216796875,122.421875,283.046875,187.15087890625,0.7550929060839425
2012-07-16,7,634.1,258.671875,132.96875,132.96875,132.96875,0.0,0.0,75.439453125,56.640625,88.125,223.91845703125,0.4173462783171521
2012-07-16,8,611.3,300.0,116.328125,116.328125,116.328125,0.0,0.0,216.201171875,102.65625,282.890625,179.90478515625,0.8336419892497403
2012-07-16,8,634.1,255.46875,124.84375,124.84375,124.84375,0.0,0.0,78.857421875,63.828125,93.28125,214.4482421875,0.3734984520123839
2012-07-16,9,611.3,219.453125,143.28125,143.28125,143.28125,0.0,0.0,226.34521484375,136.328125,291.5625,179.79736328125,0.6858301603908922
2012-07-16,9,634.1,254.921875,152.578125,152.578125,152.578125,0.0,0.0,78.26416015625,64.53125,89.453125,220.322265625,0.31843279158998034
2012-07-17,0,611.3,245.234375,115.3125,115.3125,115.3125,0.0,0.0,211.0546875,98.828125,290.625,168.57666015625,0.9087543957060892
2012-07-17,0,634.1,257.265625,125.703125,125.703125,125.703125,0.0,0.0,80.2783203125,60.9375,94.0625,207.5341796875,0.4126269691624597
2012-07-17,1,611.3,258.203125,105.546875,105.546875,105.546875,0.0,0.0,214.35546875,89.375,288.125,170.99609375,0.9271981776765376
2012-07-17,1,634.1,254.21875,116.484375,116.484375,116.484375,0.0,0.0,80.5419921875,66.25,91.875,207.93212890625,0.31815701727796303
2012-07-17,2,611.3,236.25,123.4375,123.4375,123.4375,0.0,0.0,218.7548828125,101.875,288.046875,176.85791015625,0.8510524318653602
2012-07-17,2,634.1,254.296875,125.390625,125.390625,125.390625,0.0,0.0,79.10888671875,65.859375,91.015625,214.130859375,0.3179952473536401
2012-07-17,3,611.3,268.90625,109.6875,109.6875,109.6875,0.0,0.0,219.37255859375,92.109375,290.9375,175.49560546875,0.9063491180234823
2012-07-17,3,634.1,255.78125,118.28125,118.28125,118.28125,0.0,0.0,79.37744140625,62.8125,92.34375,211.9921875,0.3720358010641897
2012-07-17,4,611.3,233.203125,117.34375,117.34375,117.34375,0.0,0.0,225.771484375,127.109375,289.84375,177.97119140625,0.7207924218175527
2012-07-17,4,634.1,253.203125,129.375,129.375,129.375,0.0,0.0,79.62890625,67.96875,90.46875,215.70068359375,0.282560706401766
2012-07-17,5,611.3,239.84375,84.765625,84.765625,84.765625,0.0,0.0,213.40576171875,78.59375,290.15625,165.29052734375,0.9913626431455995
2012-07-17,5,634.1,252.96875,82.96875,82.96875,82.96875,0.0,0.0,81.99951171875,68.4375,93.59375,202.83203125,0.30678536338464285
2012-07-17,6,611.3,288.90625,125.390625,125.390625,125.390625,0.0,0.0,227.83203125,129.140625,279.6875,184.87548828125,0.6607801114444921
2012-07-17,6,634.1,253.75,134.921875,134.921875,134.921875,0.0,0.0,78.564453125,66.875,89.609375,219.1455078125,0.289372280919826
2012-07-17,7,611.3,295.390625,143.90625,143.90625,143.90625,0.0,0.0,227.78076171875,132.890625,283.828125,195.80078125,0.6626437582396382
2012-07-17,7,634.1,255.859375,148.046875,148.046875,148.046875,0.0,0.0,75.35888671875,62.65625,86.484375,227.14599609375,0.31619528946771636
2012-07-17,8,611.3,289.84375,118.4375,118.4375,118.4375,0.0,0.0,212.4609375,103.28125,289.921875,177.56591796875,0.8784703070417356
2012-07-17,8,634.1,254.0625,123.90625,123.90625,123.90625,0.0,0.0,78.00537109375,66.328125,91.328125,214.78759765625,0.320490751463178
2012-07-17,9,611.3,222.8125,116.171875,116.171875,116.171875,0.0,0.0,222.490234375,107.65625,291.171875,174.08447265625,0.8248255278058201
2012-07-17,9,634.1,253.515625,128.59375,128.59375,128.59375,0.0,0.0,80.1904296875,67.8125,91.875,212.4755859375,0.3000669792364367
2012-07-18,0,611.3,246.40625,115.234375,115.234375,115.234375,0.0,0.0,220.33935546875,84.84375,291.5625,171.93115234375,0.9381835104320174
2012-07-18,0,634.1,257.65625,128.984375,128.984375,128.984375,0.0,0.0,80.8837890625,60.703125,93.59375,208.8037109375,0.40664050709326893
2012-07-18,1,611.3,222.65625,117.1875,117.1875,117.1875,0.0,0.0,214.33837890625,102.96875,289.453125,166.80419921875,0.8700465868577222
2012-07-18,1,634.1,255.0,125.703125,125.703125,125.703125,0.0,0.0,81.97265625,64.296875,94.21875,205.9033203125,0.3650226352156302
2012-07-18,2,611.3,223.90625,129.921875,129.921875,129.921875,0.0,0.0,218.1591796875,102.34375,291.40625,174.73876953125,0.8666263792833322
2012-07-18,2,634.1,256.09375,135.78125,135.78125,135.78125,0.0,0.0,80.40771484375,62.1875,92.734375,209.736328125,0.3798998026415667
2012-07-18,3,611.3,267.5,116.953125,116.953125,116.953125,0.0,0.0,224.384765625,93.984375,290.859375,179.4384765625,0.8773991382687035
2012-07-18,3,634.1,255.9375,129.921875,129.921875,129.921875,0.0,0.0,79.5654296875,62.5,92.1875,213.7646484375,0.3731205891377723
2012-07-18,4,611.3,217.578125,118.59375,118.59375,118.59375,0.0,0.0,232.05322265625,123.828125,290.625,177.1630859375,0.7187871518900778
2012-07-18,4,634.1,251.5625,134.453125,134.453125,134.453125,0.0,0.0,81.16943359375,71.25,91.09375,212.16552734375,0.24447318555057598
2012-07-18,5,611.3,209.84375,99.453125,99.453125,99.453125,0.0,0.0,216.97509765625,113.75,282.03125,166.9921875,0.7755786346809492
2012-07-18,5,634.1,251.796875,111.484375,111.484375,111.484375,0.0,0.0,82.41943359375,70.78125,92.1875,205.35888671875,0.25972333303711603
2012-07-18,6,611.3,254.6875,143.984375,143.984375,143.984375,0.0,0.0,234.091796875,129.84375,289.6875,180.6982421875,0.682825080305369
2012-07-18,6,634.1,252.8125,154.609375,154.609375,154.609375,0.0,0.0,79.86572265625,68.671875,91.171875,216.64794921875,0.28172286247057743
2012-07-18,7,611.3,237.5,159.375,159.375,159.375,0.0,0.0,217.48046875,143.125,280.46875,183.55224609375,0.6315222272114953
2012-07-18,7,634.1,256.484375,165.703125,165.703125,165.703125,0.0,0.0,77.05078125,61.25,89.53125,221.95068359375,0.3670468948035488
2012-07-18,8,611.3,258.359375,114.453125,114.453125,114.453125,0.0,0.0,222.8662109375,98.828125,289.765625,176.3134765625,0.8567359726573626
2012-07-18,8,634.1,255.703125,121.953125,121.953125,121.953125,0.0,0.0,79.43115234375,62.890625,92.03125,214.9755859375,0.3668664515137544
2012-07-18,9,611.3,209.765625,156.015625,156.015625,156.015625,0.0,0.0,225.09521484375,115.15625,290.78125,177.4755859375,0.7802253820540352
2012-07-18,9,634.1,254.21875,175.390625,171.88041994562494,175.390625,3.5102050543750636,0.0,79.169921875,65.9375,91.171875,217.25830078125,0.31873689404218575
2012-07-19,0,611.3,256.015625,160.078125,160.078125,160.078125,0.0,0.0,221.6650390625,127.5,290.234375,190.5712890625,0.7341454281119898
2012-07-19,0,634.1,260.3125,182.109375,162.40593264093744,182.109375,19.703442359062564,0.0,75.71533203125,53.203125,88.28125,224.37255859375,0.46328958823719085
2012-07-19,1,611.3,240.9375,148.984375,148.984375,148.984375,0.0,0.0,235.1806640625,139.0625,288.90625,184.7119140625,0.637143153742344
2012-07-19,1,634.1,255.9375,171.71875,171.71875,171.71875,0.0,0.0,78.2421875,62.421875,89.21875,221.2451171875,0.34248627059410885
2012-07-19,2,611.3,238.671875,143.828125,143.828125,143.828125,0.0,0.0,217.0361328125,120.625,285.3125,177.4267578125,0.7588022227721658
2012-07-19,2,634.1,255.15625,164.84375,164.84375,164.84375,0.0,0.0,78.5205078125,63.984375,91.875,217.0947265625,0.35520179093339965
2012-07-19,3,611.3,262.421875,159.53125,159.53125,159.53125,0.0,0.0,224.67041015625,143.203125,283.828125,190.17333984375,0.6259168704156479
2012-07-19,3,634.1,257.265625,180.859375,165.18217775812494,180.859375,15.677197241875064,0.0,75.74951171875,59.765625,90.859375,225.986328125,0.4104811937989493
2012-07-19,4,611.3,246.015625,157.34375,157.34375,157.34375,0.0,0.0,225.71044921875,141.171875,289.0625,191.36474609375,0.6552227666547684
2012-07-19,4,634.1,256.875,179.921875,163.70151369562493,179.921875,16.220361304375075,0.0,75.6640625,60.46875,89.21875,226.826171875,0.37996902426432627
2012-07-19,5,611.3,240.3125,153.28125,153.28125,153.28125,0.0,0.0,228.14208984375,132.1875,288.046875,177.666015625,0.6831679989726797
2012-07-19,5,634.1,252.96875,170.15625,170.15625,170.15625,0.0,0.0,80.9033203125,68.515625,90.0,213.40576171875,0.26555615909228075
2012-07-19,6,611.3,272.734375,169.6875,169.6875,169.6875,0.0,0.0,234.34326171875,157.5,289.765625,183.3642578125,0.5644097638221842
2012-07-19,6,634.1,254.453125,177.578125,176.26953127374992,177.578125,1.3085937262500806,0.0,79.43359375,65.46875,91.015625,219.26025390625,0.32161298254241455
2012-07-19,7,611.3,259.921875,159.609375,159.609375,159.609375,0.0,0.0,215.59814453125,144.296875,288.671875,197.67578125,0.669648620185938
2012-07-19,7,634.1,258.28125,186.875,155.17888185968744,186.875,31.696118140312564,0.0,73.3740234375,57.578125,87.578125,229.21142578125,0.4088640447195049
2012-07-19,8,611.3,287.5,159.765625,159.765625,159.765625,0.0,0.0,225.87890625,141.40625,283.203125,190.85205078125,0.6277561608300908
2012-07-19,8,634.1,255.703125,175.078125,165.53471682062494,175.078125,9.543408179375064,0.0,75.8837890625,62.890625,88.75,226.29638671875,0.34077601183964995
2012-07-19,9,611.3,248.75,156.328125,156.328125,156.328125,0.0,0.0,234.7314453125,169.453125,289.140625,190.771484375,0.5098912071225012
2012-07-19,9,634.1,254.765625,176.328125,166.95368654718743,176.328125,9.37443845281257,0.0,77.15576171875,64.84375,88.125,225.22216796875,0.3017435053634149
2012-07-20,0,611.3,256.171875,126.015625,126.015625,126.015625,0.0,0.0,221.34765625,133.984375,288.125,182.939453125,0.6963734227477278
2012-07-20,0,634.1,260.3125,144.765625,144.765625,144.765625,0.0,0.0,77.734375,59.140625,92.1875,219.36279296875,0.42512562814070354
2012-07-20,1,611.3,261.875,142.34375,142.34375,142.34375,0.0,0.0,221.5478515625,119.921875,286.015625,177.841796875,0.7496969563396734
2012-07-20,1,634.1,255.78125,148.984375,148.984375,148.984375,0.0,0.0,80.087890625,63.125,91.25,212.6220703125,0.35117668577002803
2012-07-20,2,611.3,218.4375,115.859375,115.859375,115.859375,0.0,0.0,219.32861328125,89.609375,291.328125,172.8955078125,0.9197101417010809
2012-07-20,2,634.1,256.328125,122.8125,122.8125,122.8125,0.0,0.0,80.60546875,61.640625,91.640625,209.83642578125,0.3721831839108311
2012-07-20,3,611.3,234.453125,154.140625,154.140625,154.140625,0.0,0.0,218.61083984375,126.09375,289.53125,181.513671875,0.7476184626380622
2012-07-20,3,634.1,258.90625,157.5,157.5,157.5,0.0,0.0,78.19580078125,56.25,89.921875,216.33544921875,0.43060975990508604
2012-07-20,4,611.3,287.03125,157.265625,157.265625,157.265625,0.0,0.0,233.17138671875,143.984375,283.359375,192.880859375,0.5977362915807218
2012-07-20,4,634.1,255.15625,179.140625,172.33872072687493,179.140625,6.801904273125075,0.0,77.12158203125,63.984375,86.640625,224.1455078125,0.2937731488809396
2012-07-20,5,611.3,212.5,111.328125,111.328125,111.328125,0.0,0.0,221.46728515625,120.703125,282.421875,176.23291015625,0.7302150739144334
2012-07-20,5,634.1,254.765625,118.515625,118.515625,118.515625,0.0,0.0,80.50537109375,64.84375,92.265625,211.26708984375,0.34062168309325247
2012-07-20,6,611.3,286.171875,141.40625,141.40625,141.40625,0.0,0.0,235.37109375,142.65625,285.625,193.13720703125,0.6074184714961414
2012-07-20,6,634.1,255.390625,155.859375,155.859375,155.859375,0.0,0.0,77.32666015625,63.59375,90.859375,224.84619140625,0.35260316357781074
2012-07-20,7,611.3,247.421875,136.25,136.25,136.25,0.0,0.0,213.7158203125,113.4375,289.375,188.46435546875,0.8232310539422879
2012-07-20,7,634.1,257.96875,142.03125,142.03125,142.03125,0.0,0.0,75.0244140625,58.203125,88.984375,223.3056640625,0.4102831109664823
2012-07-20,8,611.3,274.609375,126.640625,126.640625,126.640625,0.0,0.0,213.525390625,97.8125,280.234375,181.97265625,0.8543334095586553
2012-07-20,8,634.1,256.5625,132.03125,132.03125,132.03125,0.0,0.0,76.71875,61.25,90.390625,218.291015625,0.37983706720977595
2012-07-20,9,611.3,245.9375,155.390625,155.390625,155.390625,0.0,0.0,229.287109375,136.5625,286.015625,184.99267578125,0.6518165168874314
2012-07-20,9,634.1,256.328125,159.453125,159.453125,159.453125,0.0,0.0,78.2421875,61.71875,89.296875,220.69091796875,0.35247129306040936
2012-07-21,0,611.3,242.109375,156.5625,156.5625,156.5625,0.0,0.0,236.20849609375,104.84375,287.96875,192.25341796875,0.7752684726772849
2012-07-21,0,634.1,261.796875,177.265625,164.12456057062494,177.265625,13.141064429375064,0.0,76.75537109375,49.84375,87.5,226.31103515625,0.4906008460828907
2012-07-21,1,611.3,290.15625,148.046875,148.046875,148.046875,0.0,0.0,253.1396484375,201.640625,288.046875,201.04736328125,0.3413382713191752
2012-07-21,1,634.1,255.0,171.40625,167.15639650812494,171.40625,4.249853491875058,0.0,75.517578125,64.375,88.75,233.49853515625,0.3227725332988491
2012-07-21,2,611.3,241.484375,159.921875,159.921875,159.921875,0.0,0.0,243.28125,164.765625,290.3125,185.64697265625,0.5160565189466924
2012-07-21,2,634.1,257.65625,180.078125,176.67495119562494,180.078125,3.403173804375058,0.0,79.82177734375,58.828125,87.5,218.93798828125,0.3591986542284753
2012-07-21,3,611.3,297.65625,139.609375,139.609375,139.609375,0.0,0.0,230.64208984375,170.234375,291.484375,190.60546875,0.5257063014046639
2012-07-21,3,634.1,255.9375,167.65625,161.18085939874993,167.65625,6.475390601250069,0.0,76.75537109375,62.34375,93.59375,225.54443359375,0.40713763160405864
2012-07-21,4,611.3,263.359375,157.34375,157.34375,157.34375,0.0,0.0,250.46630859375,191.015625,280.15625,194.8583984375,0.355898665574953
2012-07-21,4,634.1,255.78125,179.921875,166.51301271906243,179.921875,13.40886228093757,0.0,76.064453125,62.734375,85.546875,232.64404296875,0.2999101296700475
2012-07-21,5,611.3,235.234375,157.421875,157.421875,157.421875,0.0,0.0,250.23681640625,195.0,290.625,188.01513671875,0.3821380137955257
2012-07-21,5,634.1,253.515625,179.609375,167.16520998468744,179.609375,12.444165015312564,0.0,77.75390625,67.34375,90.234375,228.193359375,0.2943983923637277
2012-07-21,6,611.3,240.078125,167.96875,167.96875,167.96875,0.0,0.0,240.06103515625,168.125,287.578125,193.7060546875,0.49759480926278105
2012-07-21,6,634.1,257.5,182.578125,166.79504396906242,182.578125,15.78308103093758,0.0,75.0732421875,59.375,87.8125,233.99169921875,0.3787967479674797
2012-07-21,7,611.3,280.46875,159.140625,159.140625,159.140625,0.0,0.0,233.3544921875,144.84375,278.359375,203.75,0.5721579376870122
2012-07-21,7,634.1,259.0625,185.46875,152.56127932062492,185.46875,32.90747067937508,0.0,71.24267578125,55.859375,89.21875,242.38525390625,0.46824988862616085
2012-07-21,8,611.3,271.171875,157.34375,157.34375,157.34375,0.0,0.0,239.39697265625,158.4375,288.984375,195.2099609375,0.5453154797719694
2012-07-21,8,634.1,258.125,179.6875,163.93066408624992,179.6875,15.75683591375008,0.0,75.88134765625,57.890625,91.875,229.296875,0.44786203790096846
2012-07-21,9,611.3,287.5,158.125,158.125,158.125,0.0,0.0,235.78369140625,113.203125,288.125,203.59619140625,0.7418743593195067
2012-07-21,9,634.1,261.25,182.5,153.88330080499992,182.5,28.61669919500008,0.0,71.962890625,51.09375,85.546875,239.0673828125,0.4787623829556249
2012-07-22,0,611.3,274.921875,158.671875,158.671875,158.671875,0.0,0.0,236.03759765625,101.71875,289.53125,200.888671875,0.7956889150919002
2012-07-22,0,634.1,262.03125,178.24374999999998,161.11035158624992,184.0625,22.95214841375008,5.818750000000023,74.97314453125,49.375,89.21875,229.94384765625,0.5314402943762415
2012-07-22,1,611.3,275.9375,158.90625,158.90625,158.90625,0.0,0.0,251.0400390625,188.671875,291.484375,194.61181640625,0.40954622371773675
2012-07-22,1,634.1,253.984375,177.578125,175.41462404718743,177.578125,2.1635009528125693,0.0,78.70361328125,66.484375,91.25,223.13232421875,0.31466947916989796
2012-07-22,2,611.3,270.078125,157.265625,157.265625,157.265625,0.0,0.0,249.150390625,196.015625,289.921875,195.0146484375,0.37690589111433387
2012-07-22,2,634.1,254.296875,179.53125,174.39226076593744,179.53125,5.138989234062564,0.0,78.14208984375,65.703125,87.34375,224.9609375,0.2769394195019839
2012-07-22,3,611.3,282.5,140.0,140.0,140.0,0.0,0.0,239.8974609375,163.203125,290.078125,203.74267578125,0.528871791740449
2012-07-22,3,634.1,257.8125,167.8125,165.18217775812494,167.8125,2.6303222418750636,0.0,75.73974609375,58.59375,92.65625,230.2490234375,0.44973084485704157
2012-07-22,4,611.3,261.09375,156.484375,156.484375,156.484375,0.0,0.0,247.3388671875,199.84375,288.359375,198.99658203125,0.357871878393051
2012-07-22,4,634.1,254.453125,176.875,165.09404299249994,176.875,11.780957007500064,0.0,75.72998046875,65.46875,89.0625,232.314453125,0.3115509848802347
2012-07-22,5,611.3,265.46875,156.71875,156.71875,156.71875,0.0,0.0,235.2197265625,158.59375,289.765625,194.8828125,0.557656778693459
2012-07-22,5,634.1,258.125,177.34375,164.30964357843743,177.34375,13.03410642156257,0.0,77.119140625,57.890625,88.984375,225.1318359375,0.4031910852222363
2012-07-22,6,611.3,287.65625,157.109375,157.109375,157.109375,0.0,0.0,241.728515625,199.375,272.890625,206.71142578125,0.30412475255524585
2012-07-22,6,634.1,255.15625,175.390625,162.10627443781243,175.390625,13.28435056218757,0.0,73.6181640625,63.984375,84.84375,237.041015625,0.2833454931352391
2012-07-22,7,611.3,296.796875,161.953125,161.953125,161.953125,0.0,0.0,235.24169921875,126.5625,281.171875,211.337890625,0.657236261740439
2012-07-22,7,634.1,260.390625,191.78125,151.96196291437494,194.921875,42.959912085625064,3.140625,70.49072265625,53.125,85.3125,243.22265625,0.4566203719738164
2012-07-22,8,611.3,290.9375,160.546875,160.546875,160.546875,0.0,0.0,235.25146484375,126.640625,289.453125,206.5966796875,0.6920785811392812
2012-07-22,8,634.1,260.3125,190.390625,158.22834475031243,190.390625,32.16228024968757,0.0,73.53271484375,53.125,90.703125,233.3740234375,0.5110395431455228
2012-07-22,9,611.3,280.9375,159.140625,159.140625,159.140625,0.0,0.0,241.162109375,171.328125,284.921875,197.5390625,0.4710265235877708
2012-07-22,9,634.1,257.1875,185.703125,164.41540529718742,185.703125,21.28771970281258,0.0,75.87890625,59.84375,86.171875,230.10498046875,0.346975546975547
2012-07-23,0,611.3,230.078125,158.046875,158.046875,158.046875,0.0,0.0,220.57861328125,138.046875,290.3125,180.1123046875,0.690300944116703
2012-07-23,0,634.1,259.53125,171.484375,170.67297365656242,171.484375,0.8114013434375806,0.0,78.63525390625,54.84375,91.875,218.50341796875,0.4709242758235276
2012-07-23,1,611.3,233.359375,157.03125,157.03125,157.03125,0.0,0.0,229.22607421875,163.75,284.0625,184.31884765625,0.5248639379706255
2012-07-23,1,634.1,255.0,175.46875,175.46875,175.46875,0.0,0.0,79.267578125,64.53125,90.0,217.8271484375,0.32130097326598495
2012-07-23,2,611.3,240.234375,136.328125,136.328125,136.328125,0.0,0.0,228.72802734375,133.671875,285.859375,179.94384765625,0.6653644582492768
2012-07-23,2,634.1,254.921875,158.125,158.125,158.125,0.0,0.0,80.39306640625,64.453125,92.1875,214.4970703125,0.3449846639740047
2012-07-23,3,611.3,226.953125,149.296875,149.296875,149.296875,0.0,0.0,216.5087890625,152.890625,286.640625,183.5791015625,0.6177578313524729
2012-07-23,3,634.1,258.515625,167.34375,167.34375,167.34375,0.0,0.0,78.22021484375,57.03125,90.3125,217.89306640625,0.4254814444895284
2012-07-23,4,611.3,245.625,155.9375,155.9375,155.9375,0.0,0.0,226.9873046875,160.078125,289.6875,184.86572265625,0.5709983436229483
2012-07-23,4,634.1,256.953125,173.671875,167.08588869562493,173.671875,6.585986304375069,0.0,77.26806640625,60.390625,89.6875,223.38134765625,0.3791588991753294
2012-07-23,5,611.3,219.921875,134.453125,134.453125,134.453125,0.0,0.0,233.3154296875,130.46875,289.84375,180.12939453125,0.6830881275767532
2012-07-23,5,634.1,253.046875,150.9375,150.9375,150.9375,0.0,0.0,80.67138671875,68.359375,91.328125,215.5859375,0.2847199104197561
2012-07-23,6,611.3,254.140625,163.828125,163.828125,163.828125,0.0,0.0,247.3828125,170.78125,288.828125,190.95703125,0.4771830096320859
2012-07-23,6,634.1,253.125,181.484375,174.31293947687493,181.484375,7.171435523125069,0.0,78.09326171875,68.125,90.15625,225.66650390625,0.2821146090599306
2012-07-23,7,611.3,240.625,159.921875,159.921875,159.921875,0.0,0.0,219.8486328125,140.703125,281.09375,193.57666015625,0.6385785674625208
2012-07-23,7,634.1,259.375,188.359375,159.03037111749993,188.359375,29.329003882500075,0.0,74.912109375,55.234375,88.671875,227.25830078125,0.4463564072480772
2012-07-23,8,611.3,254.921875,160.234375,160.234375,160.234375,0.0,0.0,231.77001953125,162.578125,291.5625,190.16845703125,0.5565188080014326
2012-07-23,8,634.1,255.78125,188.59375,170.18823244562492,188.59375,18.40551755437508,0.0,76.8798828125,62.8125,90.0,224.82666015625,0.3536360749444268
2012-07-23,9,611.3,227.265625,153.046875,153.046875,153.046875,0.0,0.0,229.36279296875,162.34375,287.265625,188.77685546875,0.5446475140238645
2012-07-23,9,634.1,257.734375,173.75,166.84792482843744,173.75,6.902075171562558,0.0,77.44384765625,58.75,88.4375,222.61962890625,0.38334226537624916
2012-07-24,0,611.3,231.484375,157.03125,157.03125,157.03125,0.0,0.0,226.38671875,111.09375,279.609375,187.9638671875,0.7443706323871969
2012-07-24,0,634.1,261.40625,178.359375,165.18217775812494,178.359375,13.177197241875064,0.0,77.02392578125,50.78125,88.75,224.7265625,0.49294747852546833
2012-07-24,1,611.3,242.734375,161.171875,161.171875,161.171875,0.0,0.0,233.85986328125,172.578125,291.328125,186.103515625,0.5077827307937237
2012-07-24,1,634.1,256.40625,182.34375,175.61733400812494,182.34375,6.726415991875058,0.0,78.408203125,61.484375,91.09375,222.451171875,0.37763108730850664
2012-07-24,2,611.3,231.09375,138.359375,138.359375,138.359375,0.0,0.0,238.9990234375,158.515625,289.6875,176.28173828125,0.548838539644922
2012-07-24,2,634.1,252.5,163.984375,163.984375,163.984375,0.0,0.0,81.92138671875,69.375,91.640625,213.45703125,0.2717925793473402
2012-07-24,3,611.3,226.171875,156.875,156.875,156.875,0.0,0.0,224.7265625,154.296875,287.8125,184.07958984375,0.5941248044498523
2012-07-24,3,634.1,258.4375,178.28125,167.94079592218742,178.28125,10.34045407781258,0.0,78.3740234375,57.265625,90.859375,219.67529296875,0.4286337299856707
2012-07-24,4,611.3,242.734375,155.3125,155.3125,155.3125,0.0,0.0,249.31884765625,195.390625,283.984375,189.90234375,0.3553431713359642
2012-07-24,4,634.1,252.734375,174.765625,173.18481447687492,174.765625,1.5808105231250806,0.0,78.017578125,68.828125,86.71875,227.16552734375,0.22931530854925522
2012-07-24,5,611.3,196.09375,133.59375,133.59375,133.59375,0.0,0.0,234.6923828125,165.234375,290.46875,174.7412109375,0.5336107354623947
2012-07-24,5,634.1,253.671875,161.484375,161.484375,161.484375,0.0,0.0,82.12890625,67.109375,92.421875,212.3095703125,0.30820451843043994
2012-07-24,6,611.3,235.703125,162.5,162.5,162.5,0.0,0.0,242.8466796875,198.359375,286.09375,193.984375,0.3612747562079019
2012-07-24,6,634.1,254.53125,177.5,168.72519533624993,177.5,8.774804663750075,0.0,76.88232421875,65.234375,88.28125,229.39208984375,0.2997681877361786
2012-07-24,7,611.3,240.625,158.984375,158.984375,158.984375,0.0,0.0,240.615234375,178.125,287.96875,191.31591796875,0.4565120337676042
2012-07-24,7,634.1,256.015625,182.578125,166.15166017999994,182.578125,16.426464820000064,0.0,76.4599609375,62.34375,87.734375,228.71826171875,0.3320773995785172
2012-07-24,8,611.3,228.046875,158.984375,158.984375,158.984375,0.0,0.0,236.97998046875,174.453125,291.09375,185.76416015625,0.49219611196390123
2012-07-24,8,634.1,256.953125,182.1875,169.16586916437493,182.1875,13.021630835625075,0.0,77.3876953125,60.3125,88.90625,225.59326171875,0.36948703388226384
2012-07-24,9,611.3,217.890625,151.484375,151.484375,151.484375,0.0,0.0,238.93310546875,171.796875,290.78125,184.22607421875,0.4979819551023328
2012-07-24,9,634.1,254.140625,173.046875,173.046875,173.046875,0.0,0.0,79.12841796875,66.09375,89.21875,221.640625,0.29224645953534295
2012-07-25,0,611.3,228.984375,119.21875,119.21875,119.21875,0.0,0.0,208.1591796875,99.140625,279.21875,172.490234375,0.8650981679998123
2012-07-25,0,634.1,258.515625,128.984375,128.984375,128.984375,0.0,0.0,79.1162109375,57.109375,92.734375,211.0400390625,0.4502869838918719
2012-07-25,1,611.3,242.34375,134.140625,134.140625,134.140625,0.0,0.0,222.8564453125,119.765625,291.40625,175.44677734375,0.7701847023509564
2012-07-25,1,634.1,254.84375,141.71875,141.71875,141.71875,0.0,0.0,80.2001953125,64.609375,91.640625,211.57958984375,0.33704718417047186
2012-07-25,2,611.3,237.5,95.78125,95.78125,95.78125,0.0,0.0,219.33349609375,89.6875,288.046875,167.00439453125,0.9043733790447356
2012-07-25,2,634.1,252.65625,95.703125,95.703125,95.703125,0.0,0.0,81.98974609375,69.0625,92.8125,204.482421875,0.28967036893666437
2012-07-25,3,611.3,227.65625,94.296875,94.296875,94.296875,0.0,0.0,211.5771484375,88.75,287.109375,168.8720703125,0.937527405321825
2012-07-25,3,634.1,254.6875,98.046875,98.046875,98.046875,0.0,0.0,80.390625,64.921875,93.4375,207.07763671875,0.35471331389698735
2012-07-25,4,611.3,212.265625,132.8125,132.8125,132.8125,0.0,0.0,229.794921875,124.921875,291.40625,174.40673828125,0.7244910968509626
2012-07-25,4,634.1,253.515625,141.640625,141.640625,141.640625,0.0,0.0,81.0546875,67.34375,91.953125,210.81298828125,0.3036144578313253
2012-07-25,5,611.3,203.359375,101.953125,101.953125,101.953125,0.0,0.0,216.37939453125,75.9375,287.578125,166.26953125,0.978099719053583
2012-07-25,5,634.1,253.90625,102.8125,102.8125,102.8125,0.0,0.0,82.529296875,70.859375,92.890625,202.4462890625,0.26695065672701457
2012-07-25,6,611.3,258.984375,121.40625,121.40625,121.40625,0.0,0.0,225.90087890625,114.6875,290.3125,183.93310546875,0.777442747679106
2012-07-25,6,634.1,254.296875,130.234375,130.234375,130.234375,0.0,0.0,78.37890625,67.1875,91.875,219.90478515625,0.31497632693745325
2012-07-25,7,611.3,242.421875,124.765625,124.765625,124.765625,0.0,0.0,218.0712890625,108.59375,287.578125,175.81787109375,0.8207608427934887
2012-07-25,7,634.1,256.5625,130.078125,130.078125,130.078125,0.0,0.0,78.8134765625,61.25,91.171875,214.18701171875,0.3796542965119881
2012-07-25,8,611.3,274.921875,96.71875,96.71875,96.71875,0.0,0.0,218.46435546875,81.875,288.203125,174.033203125,0.9444475486964005
2012-07-25,8,634.1,254.921875,98.125,98.125,98.125,0.0,0.0,79.8193359375,64.609375,94.21875,209.9072265625,0.370954915274974
2012-07-25,9,611.3,231.953125,113.125,113.125,113.125,0.0,0.0,217.9248046875,102.734375,291.171875,171.7529296875,0.8646904617866505
2012-07-25,9,634.1,254.375,125.625,125.625,125.625,0.0,0.0,80.07568359375,65.625,93.046875,210.7177734375,0.34244946492271106
2012-07-26,0,611.3,231.5625,159.453125,159.453125,159.453125,0.0,0.0,223.9111328125,85.78125,287.578125,186.07177734375,0.9012364524500076
2012-07-26,0,634.1,263.125,169.78281249999998,164.38896486749994,183.28125,18.892285132500064,13.498437500000023,76.78466796875,47.03125,92.65625,223.8916015625,0.5941941432704843
2012-07-26,1,611.3,238.984375,160.703125,160.703125,160.703125,0.0,0.0,230.6396484375,151.875,286.328125,189.70703125,0.5829575526622208
2012-07-26,1,634.1,258.125,177.109375,173.47565920343743,177.109375,3.6337157965625693,0.0,77.7001953125,57.890625,89.921875,222.236328125,0.4122415635015396
2012-07-26,2,611.3,212.421875,139.84375,139.84375,139.84375,0.0,0.0,222.85400390625,131.40625,291.015625,173.26416015625,0.7162060012488908
2012-07-26,2,634.1,254.21875,164.296875,164.296875,164.296875,0.0,0.0,82.0068359375,66.015625,91.953125,209.51904296875,0.31628460851443885
2012-07-26,3,611.3,214.921875,149.296875,149.296875,149.296875,0.0,0.0,219.3310546875,134.375,282.65625,171.3232421875,0.6760613548832343
2012-07-26,3,634.1,255.0,168.90625,168.90625,168.90625,0.0,0.0,81.56005859375,64.375,92.96875,210.72509765625,0.35058520669320803
2012-07-26,4,611.3,236.015625,157.265625,157.265625,157.265625,0.0,0.0,241.15478515625,154.609375,290.78125,182.51220703125,0.5646658635107363
2012-07-26,4,634.1,250.9375,178.359375,178.359375,178.359375,0.0,0.0,81.03759765625,72.5,90.0,216.11572265625,0.21594914590425693
2012-07-26,5,611.3,217.96875,132.734375,132.734375,132.734375,0.0,0.0,237.2509765625,141.171875,290.390625,174.62646484375,0.6289489390602812
2012-07-26,5,634.1,250.9375,164.53125,164.53125,164.53125,0.0,0.0,82.19482421875,72.421875,91.328125,211.8896484375,0.23001752457896457
2012-07-26,6,611.3,238.28125,147.65625,147.65625,147.65625,0.0,0.0,235.29052734375,146.875,285.9375,182.95654296875,0.5910246433203632
2012-07-26,6,634.1,255.0,167.96875,167.96875,167.96875,0.0,0.0,80.17578125,68.125,91.171875,217.83935546875,0.2874543239951279
2012-07-26,7,611.3,241.171875,158.59375,158.59375,158.59375,0.0,0.0,241.0546875,156.015625,290.859375,187.2314453125,0.5593906984281316
2012-07-26,7,634.1,252.34375,183.90625,173.63430178156244,183.90625,10.271948218437558,0.0,79.11376953125,69.6875,88.125,221.19140625,0.23305045517667028
2012-07-26,8,611.3,230.0,157.8125,157.8125,157.8125,0.0,0.0,230.52978515625,137.109375,289.84375,180.41015625,0.6625364045538787
2012-07-26,8,634.1,255.234375,173.515625,173.515625,173.515625,0.0,0.0,80.21484375,63.90625,90.78125,215.703125,0.3350377404431458
2012-07-26,9,611.3,232.5,138.046875,138.046875,138.046875,0.0,0.0,235.4052734375,164.6875,283.828125,189.12353515625,0.5061085644355022
2012-07-26,9,634.1,256.71875,166.953125,166.953125,166.953125,0.0,0.0,78.0615234375,60.78125,89.140625,222.89306640625,0.3632951773315819
2012-07-27,0,611.3,254.296875,119.53125,119.53125,119.53125,0.0,0.0,204.404296875,87.890625,283.4375,178.54736328125,0.9566671444269266
2012-07-27,0,634.1,262.96875,134.609375,134.609375,134.609375,0.0,0.0,77.3388671875,47.34375,92.65625,214.814453125,0.585895574215544
2012-07-27,1,611.3,224.84375,125.625,125.625,125.625,0.0,0.0,216.90185546875,86.484375,282.265625,169.97802734375,0.902625980662517
2012-07-27,1,634.1,253.203125,136.25,136.25,136.25,0.0,0.0,81.36962890625,67.96875,92.34375,205.01220703125,0.2995589426625461
2012-07-27,2,611.3,220.546875,101.171875,101.171875,101.171875,0.0,0.0,213.3544921875,87.265625,285.0,171.29638671875,0.9267879620093832
2012-07-27,2,634.1,254.84375,98.359375,98.359375,98.359375,0.0,0.0,80.31982421875,64.6875,93.125,207.46826171875,0.3540533146904161
2012-07-27,3,611.3,241.328125,123.359375,123.359375,123.359375,0.0,0.0,220.6787109375,115.46875,290.078125,179.0283203125,0.7912379688018586
2012-07-27,3,634.1,255.46875,124.453125,124.453125,124.453125,0.0,0.0,78.05419921875,63.359375,92.109375,217.74658203125,0.3683338025085233
2012-07-27,4,611.3,254.375,129.6875,129.6875,129.6875,0.0,0.0,233.14453125,107.8125,290.546875,177.3974609375,0.7837815196448019
2012-07-27,4,634.1,251.71875,139.296875,139.296875,139.296875,0.0,0.0,80.263671875,70.9375,91.09375,212.978515625,0.25112544105122275
2012-07-27,5,611.3,215.0,146.5625,146.5625,146.5625,0.0,0.0,217.32421875,97.578125,290.78125,168.2177734375,0.8890087175339265
2012-07-27,5,634.1,254.21875,142.734375,142.734375,142.734375,0.0,0.0,81.38671875,65.859375,91.40625,205.36865234375,0.31389488840892726
2012-07-27,6,611.3,296.875,155.9375,155.9375,155.9375,0.0,0.0,221.5673828125,127.1875,283.671875,186.1572265625,0.7062608810630936
2012-07-27,6,634.1,254.609375,169.140625,169.140625,169.140625,0.0,0.0,78.3642578125,65.078125,93.046875,218.13720703125,0.35690697239703406
2012-07-27,7,611.3,256.09375,131.40625,131.40625,131.40625,0.0,0.0,228.06640625,112.734375,291.484375,183.4423828125,0.7837629528132226
2012-07-27,7,634.1,254.140625,134.296875,134.296875,134.296875,0.0,0.0,78.1494140625,66.09375,89.296875,218.828125,0.29690721649484536
2012-07-27,8,611.3,245.3125,112.96875,112.96875,112.96875,0.0,0.0,210.5859375,94.53125,290.9375,176.18896484375,0.9326655537006121
2012-07-27,8,634.1,256.71875,114.53125,114.53125,114.53125,0.0,0.0,78.5009765625,60.78125,91.640625,212.2314453125,0.39310816694656964
2012-07-27,9,611.3,229.53125,125.078125,125.078125,125.078125,0.0,0.0,217.275390625,119.6875,289.921875,173.8916015625,0.7834958874556159
2012-07-27,9,634.1,256.5625,130.9375,130.9375,130.9375,0.0,0.0,79.404296875,61.09375,91.71875,214.0283203125,0.3856844176608043
2012-07-28,0,611.3,286.640625,161.328125,161.328125,161.328125,0.0,0.0,224.1064453125,87.65625,290.234375,189.87548828125,0.9039370764973745
2012-07-28,0,634.1,262.96875,169.921875,168.70756838312494,169.921875,1.2143066168750636,0.0,76.6162109375,47.265625,87.890625,221.66259765625,0.5302402651201326
2012-07-28,1,611.3,270.859375,156.015625,156.015625,156.015625,0.0,0.0,240.205078125,121.71875,291.25,190.673828125,0.7057771272919462
2012-07-28,1,634.1,252.8125,164.21875,164.21875,164.21875,0.0,0.0,78.2275390625,68.671875,86.875,220.13916015625,0.23269458835278697
2012-07-28,2,611.3,250.0,126.25,126.25,126.25,0.0,0.0,224.94384765625,137.734375,283.984375,186.259765625,0.6501622583761139
2012-07-28,2,634.1,253.28125,136.40625,136.40625,136.40625,0.0,0.0,79.384765625,67.8125,86.484375,214.8095703125,0.23520728256858162
2012-07-28,3,611.3,236.796875,139.453125,139.453125,139.453125,0.0,0.0,216.9140625,109.375,288.359375,185.8447265625,0.8251395641995318
2012-07-28,3,634.1,256.25,139.765625,139.765625,139.765625,0.0,0.0,77.95166015625,61.71875,89.609375,216.92626953125,0.35779385511603873
2012-07-28,4,611.3,296.015625,155.15625,155.15625,155.15625,0.0,0.0,248.15185546875,159.765625,291.171875,194.04541015625,0.5295396633314641
2012-07-28,4,634.1,252.734375,160.9375,160.9375,160.9375,0.0,0.0,78.26904296875,68.90625,86.71875,222.177734375,0.22758039864000748
2012-07-28,5,611.3,220.78125,133.671875,133.671875,133.671875,0.0,0.0,222.48291015625,102.8125,290.9375,174.06005859375,0.8455705648037397
2012-07-28,5,634.1,254.375,132.8125,132.8125,132.8125,0.0,0.0,82.04833984375,70.859375,92.421875,205.54931640625,0.26280239235873476
2012-07-28,6,611.3,300.0,167.421875,167.421875,167.421875,0.0,0.0,230.15625,149.765625,290.46875,194.3798828125,0.6113374066530889
2012-07-28,6,634.1,256.484375,174.765625,170.17060549249993,174.765625,4.595019507500069,0.0,76.533203125,62.109375,88.828125,225.341796875,0.3491131810641827
2012-07-28,7,611.3,268.984375,130.390625,130.390625,130.390625,0.0,0.0,228.9892578125,120.390625,290.078125,190.48583984375,0.7410282107597501
2012-07-28,7,634.1,254.21875,133.359375,133.359375,133.359375,0.0,0.0,77.0068359375,67.1875,87.578125,222.70263671875,0.2647898040707628
2012-07-28,8,611.3,271.875,150.3125,150.3125,150.3125,0.0,0.0,211.8359375,100.703125,290.390625,189.6826171875,0.8954453254656094
2012-07-28,8,634.1,258.125,146.5625,146.5625,146.5625,0.0,0.0,74.99755859375,57.8125,88.984375,221.708984375,0.41563852990006184
2012-07-28,9,611.3,262.421875,156.40625,156.40625,156.40625,0.0,0.0,233.43505859375,147.1875,287.65625,190.5908203125,0.6017465878784709
2012-07-28,9,634.1,253.28125,176.5625,169.76518557062494,176.5625,6.797314429375064,0.0,76.7529296875,67.890625,86.40625,225.94970703125,0.24123671989312298
2012-07-29,0,611.3,246.484375,159.21875,159.21875,159.21875,0.0,0.0,213.82568359375,137.5,288.125,190.1904296875,0.7044289416895972
2012-07-29,0,634.1,260.703125,174.140625,160.83713381281245,174.140625,13.303491187187547,0.0,76.494140625,54.765625,91.40625,219.64599609375,0.47899910634495085
2012-07-29,1,611.3,297.265625,158.203125,158.203125,158.203125,0.0,0.0,224.345703125,110.859375,289.296875,190.52001953125,0.795368476037087
2012-07-29,1,634.1,256.09375,170.078125,170.078125,170.078125,0.0,0.0,78.310546875,62.1875,88.671875,215.92041015625,0.3381967826412271
2012-07-29,2,611.3,245.78125,158.4375,158.4375,158.4375,0.0,0.0,224.453125,140.9375,287.734375,186.80908203125,0.6540201879568396
2012-07-29,2,634.1,255.859375,176.015625,169.80925295343744,176.015625,6.206372046562564,0.0,78.56689453125,62.65625,88.59375,216.89453125,0.3301326869892172
2012-07-29,3,611.3,277.8125,159.921875,159.921875,159.921875,0.0,0.0,234.53125,146.25,290.46875,200.029296875,0.6149233844103931
2012-07-29,3,634.1,258.203125,174.765625,165.64047853937493,174.765625,9.125146460625075,0.0,76.36474609375,57.734375,87.890625,224.482421875,0.39489753508743886
2012-07-29,4,611.3,277.265625,158.046875,158.046875,158.046875,0.0,0.0,245.60546875,138.203125,291.171875,194.78759765625,0.6228230616302187
2012-07-29,4,634.1,252.421875,180.546875,170.46145021906244,180.546875,10.085424780937558,0.0,77.470703125,69.53125,87.109375,225.2587890625,0.22690028992814823
2012-07-29,5,611.3,226.5625,147.890625,147.890625,147.890625,0.0,0.0,227.548828125,144.609375,290.15625,180.615234375,0.6396292004634995
2012-07-29,5,634.1,252.734375,171.40625,171.40625,171.40625,0.0,0.0,80.85693359375,68.90625,89.53125,211.8994140625,0.2550801654639331
2012-07-29,6,611.3,300.0,166.953125,166.953125,166.953125,0.0,0.0,221.92138671875,170.703125,282.5,206.15966796875,0.5037679182389245
2012-07-29,6,634.1,257.5,179.453125,161.29543459406244,179.453125,18.157690405937558,0.0,73.57421875,60.078125,86.71875,231.50390625,0.3620918502787364
2012-07-29,7,611.3,271.953125,138.359375,138.359375,138.359375,0.0,0.0,224.50439453125,146.25,290.78125,195.33935546875,0.6437791576497711
2012-07-29,7,634.1,257.65625,151.71875,151.71875,151.71875,0.0,0.0,76.89697265625,58.90625,89.375,221.77001953125,0.3962282122106867
2012-07-29,8,611.3,300.0,147.65625,147.65625,147.65625,0.0,0.0,226.95556640625,132.109375,290.3125,194.9755859375,0.6970665117629974
2012-07-29,8,634.1,256.953125,162.109375,162.109375,162.109375,0.0,0.0,76.3623046875,60.3125,88.515625,223.26416015625,0.369333077562504
2012-07-29,9,611.3,281.875,156.953125,156.953125,156.953125,0.0,0.0,225.8154296875,123.359375,284.53125,203.49365234375,0.7137327826669838
2012-07-29,9,634.1,260.546875,178.4375,157.53208010187493,178.4375,20.905419898125075,0.0,74.2236328125,52.578125,91.25,228.70361328125,0.5210183540556542
2012-07-30,0,611.3,258.28125,108.359375,108.359375,108.359375,0.0,0.0,207.39013671875,115.0,288.90625,176.89208984375,0.8385463877476544
2012-07-30,0,634.1,261.09375,117.734375,117.734375,117.734375,0.0,0.0,78.1884765625,51.484375,91.640625,212.958984375,0.5135827140448386
2012-07-30,1,611.3,258.4375,135.234375,135.234375,135.234375,0.0,0.0,215.64208984375,123.515625,289.84375,184.65087890625,0.7713156792373793
2012-07-30,1,634.1,256.484375,142.1875,142.1875,142.1875,0.0,0.0,76.94091796875,61.25,90.46875,218.99169921875,0.3797556719022688
2012-07-30,2,611.3,245.9375,157.734375,157.734375,157.734375,0.0,0.0,222.67822265625,138.359375,287.65625,184.0283203125,0.6704601519586882
2012-07-30,2,634.1,256.953125,171.328125,171.328125,171.328125,0.0,0.0,78.60107421875,60.390625,87.1875,216.23779296875,0.3409225034943314
2012-07-30,3,611.3,237.109375,150.078125,150.078125,150.078125,0.0,0.0,205.49072265625,123.125,289.0625,186.05224609375,0.8075182074160321
2012-07-30,3,634.1,259.296875,150.625,150.625,150.625,0.0,0.0,75.91796875,55.46875,87.96875,218.20068359375,0.4280936454849498
2012-07-30,4,611.3,263.59375,157.65625,157.65625,157.65625,0.0,0.0,228.53759765625,114.921875,287.421875,182.744140625,0.7547992180239079
2012-07-30,4,634.1,253.75,180.9375,175.13259279718744,180.9375,5.804907202812558,0.0,78.82568359375,66.875,90.546875,218.32763671875,0.3003066249574132
2012-07-30,5,611.3,220.390625,106.875,106.875,106.875,0.0,0.0,211.74072265625,86.5625,288.4375,170.771484375,0.9534065883383874
2012-07-30,5,634.1,256.484375,110.859375,110.859375,110.859375,0.0,0.0,80.146484375,61.25,93.515625,208.349609375,0.40258316071646155
2012-07-30,6,611.3,291.40625,143.90625,143.90625,143.90625,0.0,0.0,210.1904296875,134.296875,288.4375,194.951171875,0.7333379794178456
2012-07-30,6,634.1,258.4375,150.15625,150.15625,150.15625,0.0,0.0,73.82080078125,57.265625,88.75,226.98486328125,0.4264973376988458
2012-07-30,7,611.3,267.1875,127.8125,127.8125,127.8125,0.0,0.0,213.0712890625,136.328125,287.34375,189.43603515625,0.7087563306368448
2012-07-30,7,634.1,258.4375,134.84375,134.84375,134.84375,0.0,0.0,76.0205078125,57.1875,89.296875,221.05712890625,0.4223778020425204
2012-07-30,8,611.3,300.0,108.203125,108.203125,108.203125,0.0,0.0,211.8896484375,93.203125,286.25,184.45068359375,0.9110727042285978
2012-07-30,8,634.1,257.578125,111.328125,111.328125,111.328125,0.0,0.0,76.279296875,58.984375,92.34375,218.798828125,0.43733196773780564
2012-07-30,9,611.3,235.3125,156.25,156.25,156.25,0.0,0.0,222.0654296875,134.375,290.9375,186.19873046875,0.7050286945623254
2012-07-30,9,634.1,259.84375,176.09375,166.30148928156245,176.09375,9.792260718437547,0.0,77.2216796875,54.296875,87.03125,219.58251953125,0.42390135946885865
2012-07-31,0,611.3,221.5625,150.9375,150.9375,150.9375,0.0,0.0,215.89599609375,118.046875,285.46875,182.21923828125,0.7754746638622203
2012-07-31,0,634.1,259.6875,168.203125,164.36252443781245,168.203125,3.8406005621875465,0.0,76.640625,54.609375,90.546875,221.63330078125,0.4689092762487258
2012-07-31,1,611.3,241.71875,157.5,157.5,157.5,0.0,0.0,219.76806640625,147.8125,286.09375,187.138671875,0.6292144817090105
2012-07-31,1,634.1,258.203125,171.25,165.85200197687493,171.25,5.397998023125069,0.0,76.17431640625,57.734375,88.59375,224.111328125,0.4051152206660043
2012-07-31,2,611.3,236.953125,157.34375,157.34375,157.34375,0.0,0.0,213.51318359375,132.8125,287.96875,191.845703125,0.726682293751072
2012-07-31,2,634.1,259.921875,179.765625,163.64863283624993,179.765625,16.11699216375007,0.0,76.3525390625,54.0625,89.375,220.64453125,0.46249280552535654
2012-07-31,3,611.3,248.671875,156.5625,156.5625,156.5625,0.0,0.0,212.1533203125,131.171875,290.9375,189.41162109375,0.753066813965799
2012-07-31,3,634.1,260.0,176.796875,158.96867678156244,176.796875,17.828198218437564,0.0,74.5947265625,53.75,90.15625,225.556640625,0.488053937291353
2012-07-31,4,611.3,256.25,156.5625,156.5625,156.5625,0.0,0.0,234.9658203125,147.34375,283.75,191.03271484375,0.5805365640780532
2012-07-31,4,634.1,253.4375,175.15625,172.96447756281242,175.15625,2.1917724371875806,0.0,77.34130859375,67.734375,88.515625,225.4296875,0.2686953502320149
2012-07-31,5,611.3,219.53125,135.0,135.0,135.0,0.0,0.0,222.59521484375,135.078125,288.75,177.16796875,0.6903646833013436
2012-07-31,5,634.1,253.75,156.40625,156.40625,156.40625,0.0,0.0,80.51025390625,66.875,90.46875,213.30078125,0.29305273372350427
2012-07-31,6,611.3,270.3125,173.046875,173.046875,173.046875,0.0,0.0,220.15869140625,123.75,279.453125,197.95166015625,0.7072313339321556
2012-07-31,6,634.1,260.546875,182.265625,161.85949709406242,182.265625,20.40612790593758,0.0,74.40673828125,52.65625,88.046875,229.1650390625,0.47563736588246874
2012-07-31,7,611.3,283.046875,162.5,162.5,162.5,0.0,0.0,226.45751953125,165.15625,289.921875,194.9951171875,0.5509449421606994
2012-07-31,7,634.1,255.46875,175.625,164.52998049249993,175.625,11.09501950750007,0.0,75.28564453125,63.359375,87.34375,228.62548828125,0.3185783312254759
2012-07-31,8,611.3,273.203125,156.015625,156.015625,156.015625,0.0,0.0,217.56103515625,133.75,289.6875,184.98291015625,0.7167528867841954
2012-07-31,8,634.1,257.34375,170.46875,168.01130373468743,170.46875,2.4574462653125693,0.0,76.62353515625,59.53125,91.796875,222.0361328125,0.42109287876374063
2012-07-31,9,611.3,277.5,151.25,151.25,151.25,0.0,0.0,226.8896484375,141.71875,289.921875,191.884765625,0.6531947403533691
2012-07-31,9,634.1,259.296875,172.96875,162.84660646906244,172.96875,10.122143530937564,0.0,76.06201171875,55.390625,87.578125,225.1123046875,0.42317445032900014
2012-08-01,0,611.3,253.90625,132.65625,132.65625,132.65625,0.0,0.0,204.40673828125,95.703125,285.9375,182.83447265625,0.9306658704090773
2012-08-01,0,634.1,262.265625,140.859375,140.859375,140.859375,0.0,0.0,75.2587890625,48.828125,90.9375,220.546875,0.5595276714461818
2012-08-01,1,611.3,265.546875,132.5,132.5,132.5,0.0,0.0,209.72412109375,90.546875,286.328125,175.4638671875,0.9335180377868061
2012-08-01,1,634.1,257.421875,142.03125,142.03125,142.03125,0.0,0.0,78.69140625,59.375,91.875,211.5576171875,0.413005708612559
2012-08-01,2,611.3,252.734375,128.671875,128.671875,128.671875,0.0,0.0,212.11669921875,133.203125,276.796875,181.91650390625,0.676956366607967
2012-08-01,2,634.1,256.40625,132.34375,132.34375,132.34375,0.0,0.0,78.31787109375,61.484375,89.53125,214.45556640625,0.3581159013684965
2012-08-01,3,611.3,247.96875,157.578125,157.578125,157.578125,0.0,0.0,199.58740234375,107.65625,284.6875,188.26416015625,0.8869860919132487
2012-08-01,3,634.1,260.46875,159.0625,156.92395021906242,159.0625,2.1385497809375806,0.0,73.486328125,52.890625,89.296875,223.4423828125,0.4954152823920266
2012-08-01,4,611.3,259.84375,139.6875,139.6875,139.6875,0.0,0.0,228.03466796875,138.59375,285.9375,190.1318359375,0.6461462693917754
2012-08-01,4,634.1,254.53125,158.75,158.75,158.75,0.0,0.0,76.64306640625,65.3125,89.921875,224.22119140625,0.32109068900710347
2012-08-01,5,611.3,211.40625,120.46875,120.46875,120.46875,0.0,0.0,226.56494140625,115.390625,283.28125,180.908203125,0.7410264975592935
2012-08-01,5,634.1,255.234375,124.609375,124.609375,124.609375,0.0,0.0,79.951171875,64.21875,88.671875,213.2568359375,0.30585073897642606
2012-08-01,6,611.3,281.71875,157.890625,157.890625,157.890625,0.0,0.0,204.72412109375,141.09375,284.6875,194.41650390625,0.7014012283107746
2012-08-01,6,634.1,259.296875,171.40625,157.47919924249993,171.40625,13.92705075750007,0.0,73.3349609375,55.390625,90.0,226.6015625,0.47193554830547974
2012-08-01,7,611.3,279.765625,142.34375,142.34375,142.34375,0.0,0.0,205.7763671875,117.03125,276.09375,196.10107421875,0.7729872102128468
2012-08-01,7,634.1,256.875,144.21875,144.21875,144.21875,0.0,0.0,72.81005859375,60.546875,88.125,227.75146484375,0.37876806491633974
2012-08-01,8,611.3,300.0,128.203125,128.203125,128.203125,0.0,0.0,199.8046875,84.453125,289.84375,184.05029296875,1.027956989247312
2012-08-01,8,634.1,257.96875,128.828125,128.828125,128.828125,0.0,0.0,74.77783203125,58.28125,92.5,219.296875,0.4576055372359529
2012-08-01,9,611.3,235.546875,119.375,119.375,119.375,0.0,0.0,205.263671875,91.796875,288.828125,182.02392578125,0.959893429754032
2012-08-01,9,634.1,260.46875,123.75,123.75,123.75,0.0,0.0,75.68603515625,52.890625,91.40625,218.3642578125,0.5088868101028999
2012-08-02,0,611.3,269.53125,142.65625,142.65625,142.65625,0.0,0.0,206.3427734375,99.53125,284.609375,189.4482421875,0.8969450294611798
2012-08-02,0,634.1,262.1875,152.5,152.5,152.5,0.0,0.0,74.43603515625,49.0625,89.765625,223.08349609375,0.5468201646495457
2012-08-02,1,611.3,251.015625,137.34375,137.34375,137.34375,0.0,0.0,214.35546875,119.53125,285.390625,177.4072265625,0.7737585421412301
2012-08-02,1,634.1,257.421875,144.21875,144.21875,144.21875,0.0,0.0,79.86572265625,59.375,90.078125,209.19677734375,0.3844343227463088
2012-08-02,2,611.3,251.484375,116.25,116.25,116.25,0.0,0.0,206.22802734375,98.828125,276.5625,178.53271484375,0.8618342389695872
2012-08-02,2,634.1,255.78125,114.609375,114.609375,114.609375,0.0,0.0,77.8173828125,62.8125,90.9375,212.72216796875,0.3614231034699128
2012-08-02,3,611.3,243.203125,117.96875,117.96875,117.96875,0.0,0.0,210.5908203125,106.484375,284.296875,181.16455078125,0.8443506689234622
2012-08-02,3,634.1,256.25,119.53125,119.53125,119.53125,0.0,0.0,77.705078125,61.953125,93.203125,214.79248046875,0.40216161870051526
2012-08-02,4,611.3,251.25,133.203125,133.203125,133.203125,0.0,0.0,219.931640625,128.203125,291.328125,184.91943359375,0.7417077394431864
2012-08-02,4,634.1,256.171875,141.015625,141.015625,141.015625,0.0,0.0,76.62841796875,62.1875,89.140625,222.51953125,0.35173798069264345
2012-08-02,5,611.3,232.34375,108.828125,108.828125,108.828125,0.0,0.0,222.36083984375,94.375,291.5625,172.42919921875,0.8867905883902986
2012-08-02,5,634.1,251.796875,111.953125,111.953125,111.953125,0.0,0.0,81.064453125,70.78125,90.703125,206.9775390625,0.24575352367184677
2012-08-02,6,611.3,264.609375,139.140625,139.140625,139.140625,0.0,0.0,213.47900390625,113.90625,275.46875,188.45703125,0.7568074473073272
2012-08-02,6,634.1,258.671875,145.859375,145.859375,145.859375,0.0,0.0,75.52734375,56.71875,90.3125,223.27392578125,0.4447892423066977
2012-08-02,7,611.3,300.0,153.28125,153.28125,153.28125,0.0,0.0,216.67236328125,138.515625,288.828125,194.50439453125,0.6937317603578632
2012-08-02,7,634.1,257.421875,154.53125,154.53125,154.53125,0.0,0.0,74.2822265625,59.296875,88.828125,226.3134765625,0.39755472293433247
2012-08-02,8,611.3,300.0,134.453125,134.453125,134.453125,0.0,0.0,205.6689453125,115.703125,287.890625,188.96484375,0.8372070938486741
2012-08-02,8,634.1,258.203125,133.984375,133.984375,133.984375,0.0,0.0,74.658203125,58.28125,88.359375,222.00927734375,0.4028776978417266
2012-08-02,9,611.3,238.90625,156.71875,156.71875,156.71875,0.0,0.0,214.00390625,124.375,288.203125,183.0322265625,0.7655380122296249
2012-08-02,9,634.1,257.109375,161.875,161.875,161.875,0.0,0.0,76.80908203125,60.0,87.578125,219.52880859375,0.359047709863005
2012-08-03,0,611.3,246.5625,138.90625,138.90625,138.90625,0.0,0.0,200.26611328125,51.796875,287.65625,185.3271484375,1.1777298272562142
2012-08-03,0,634.1,265.3125,143.046875,143.046875,143.046875,0.0,0.0,74.6337890625,41.953125,91.25,221.76513671875,0.6605168465816159
2012-08-03,1,611.3,246.640625,102.65625,102.65625,102.65625,0.0,0.0,219.1650390625,99.53125,285.859375,181.2158203125,0.8501726634733207
2012-08-03,1,634.1,255.15625,112.96875,112.96875,112.96875,0.0,0.0,77.4365234375,64.296875,91.40625,218.720703125,0.35008512516552115
2012-08-03,2,611.3,247.890625,119.453125,119.453125,119.453125,0.0,0.0,206.93359375,111.5625,280.625,185.537109375,0.8169891458235017
2012-08-03,2,634.1,258.75,118.75,118.75,118.75,0.0,0.0,76.2744140625,56.640625,90.78125,218.10791015625,0.4476025862620831
2012-08-03,3,611.3,246.328125,123.75,123.75,123.75,0.0,0.0,215.18310546875,102.265625,284.453125,177.86376953125,0.846662657847264
2012-08-03,3,634.1,257.578125,126.71875,126.71875,126.71875,0.0,0.0,78.48388671875,59.21875,92.8125,216.41845703125,0.42803372009829843
2012-08-03,4,611.3,259.609375,154.53125,154.53125,154.53125,0.0,0.0,244.37744140625,165.78125,290.625,190.810546875,0.5108644614723717
2012-08-03,4,634.1,252.96875,160.625,160.625,160.625,0.0,0.0,78.4228515625,68.515625,88.125,222.33154296875,0.25004669696781023
2012-08-03,5,611.3,204.921875,115.703125,115.703125,115.703125,0.0,0.0,226.84814453125,117.8125,287.578125,174.92919921875,0.7483668220024323
2012-08-03,5,634.1,253.203125,118.125,118.125,118.125,0.0,0.0,80.8544921875,67.96875,91.640625,211.748046875,0.2927713026148922
2012-08-03,6,611.3,270.078125,131.25,131.25,131.25,0.0,0.0,213.16162109375,141.796875,284.84375,191.71630859375,0.6710723734695514
2012-08-03,6,634.1,259.296875,141.25,141.25,141.25,0.0,0.0,74.521484375,55.390625,91.484375,227.2314453125,0.4843401913248591
2012-08-03,7,611.3,264.21875,154.453125,154.453125,154.453125,0.0,0.0,214.1259765625,122.34375,288.671875,190.1708984375,0.776776959387043
2012-08-03,7,634.1,257.34375,157.5,157.5,157.5,0.0,0.0,76.083984375,59.609375,88.046875,221.87744140625,0.37376460017969454
2012-08-03,8,611.3,263.4375,119.765625,119.765625,119.765625,0.0,0.0,210.80322265625,124.6875,285.859375,185.66650390625,0.7645607736406277
2012-08-03,8,634.1,258.671875,122.890625,122.890625,122.890625,0.0,0.0,75.97900390625,56.796875,90.0,220.6201171875,0.437003952315157
2012-08-03,9,611.3,239.375,129.53125,129.53125,129.53125,0.0,0.0,234.18212890625,128.59375,288.828125,186.640625,0.6842297307159017
2012-08-03,9,634.1,254.21875,137.1875,137.1875,137.1875,0.0,0.0,78.00048828125,65.859375,87.5,221.6748046875,0.27744217346395816
2012-08-04,0,611.3,268.515625,134.84375,134.84375,134.84375,0.0,0.0,214.9951171875,91.09375,285.546875,180.9326171875,0.9044536803615635
2012-08-04,0,634.1,262.734375,145.15625,145.15625,145.15625,0.0,0.0,77.82470703125,47.8125,89.53125,216.59423828125,0.5360604824795306
2012-08-04,1,611.3,265.859375,131.484375,131.484375,131.484375,0.0,0.0,230.0927734375,139.453125,286.953125,186.58447265625,0.6410457738259449
2012-08-04,1,634.1,253.75,138.90625,138.90625,138.90625,0.0,0.0,79.71923828125,67.34375,89.53125,213.9990234375,0.2783205218509785
2012-08-04,2,611.3,259.53125,131.09375,131.09375,131.09375,0.0,0.0,215.66162109375,110.78125,290.078125,188.6962890625,0.8313805399898115
2012-08-04,2,634.1,256.40625,129.453125,129.453125,129.453125,0.0,0.0,76.13525390625,61.484375,90.46875,221.02783203125,0.38069584736251405
2012-08-04,3,611.3,285.859375,130.3125,130.3125,130.3125,0.0,0.0,222.41943359375,103.75,289.375,186.96044921875,0.8345718582264031
2012-08-04,3,634.1,254.21875,128.359375,128.359375,128.359375,0.0,0.0,78.212890625,65.859375,90.546875,216.7822265625,0.3156448994880759
2012-08-04,4,611.3,276.953125,141.5625,141.5625,141.5625,0.0,0.0,238.671875,132.109375,290.703125,190.49560546875,0.6644844517184942
2012-08-04,4,634.1,252.1875,146.875,146.875,146.875,0.0,0.0,79.4921875,70.234375,87.03125,216.81396484375,0.2113022113022113
2012-08-04,5,611.3,221.25,124.453125,124.453125,124.453125,0.0,0.0,222.84912109375,95.703125,286.484375,176.7041015625,0.8561005269558167
2012-08-04,5,634.1,252.96875,122.5,122.5,122.5,0.0,0.0,81.97509765625,71.5625,91.71875,205.7763671875,0.24588259820710606
2012-08-04,6,611.3,300.0,134.6875,134.6875,134.6875,0.0,0.0,218.7109375,144.0625,285.703125,194.98779296875,0.6476156456510092
2012-08-04,6,634.1,258.046875,142.96875,142.96875,142.96875,0.0,0.0,75.693359375,58.125,88.515625,224.26513671875,0.4014965810863114
2012-08-04,7,611.3,255.546875,128.4375,128.4375,128.4375,0.0,0.0,223.49853515625,121.09375,286.40625,190.53466796875,0.7396580916489158
2012-08-04,7,634.1,256.796875,129.140625,129.140625,129.140625,0.0,0.0,77.265625,60.703125,87.890625,219.9267578125,0.3518705763397371
2012-08-04,8,611.3,298.203125,117.578125,117.578125,117.578125,0.0,0.0,220.751953125,126.25,290.234375,189.88525390625,0.742844503428445
2012-08-04,8,634.1,256.484375,117.65625,117.65625,117.65625,0.0,0.0,77.23388671875,61.40625,90.859375,218.701171875,0.38134977082345506
2012-08-04,9,611.3,245.625,152.734375,152.734375,152.734375,0.0,0.0,231.13037109375,135.546875,283.4375,187.3583984375,0.6398580346674272
2012-08-04,9,634.1,253.828125,158.75,158.75,158.75,0.0,0.0,78.09814453125,66.71875,88.28125,220.556640625,0.2760949076244959
2012-08-05,0,611.3,270.78125,136.484375,136.484375,136.484375,0.0,0.0,221.6259765625,98.75,286.875,183.7060546875,0.8488400273193946
2012-08-05,0,634.1,260.46875,136.875,136.875,136.875,0.0,0.0,77.8955078125,54.921875,89.84375,216.7236328125,0.44831693098476777
2012-08-05,1,611.3,276.875,119.921875,119.921875,119.921875,0.0,0.0,224.0673828125,99.765625,289.0625,182.1923828125,0.8448211989801477
2012-08-05,1,634.1,254.0625,128.125,128.125,128.125,0.0,0.0,80.8837890625,66.25,91.71875,208.33251953125,0.3148807727135527
2012-08-05,2,611.3,264.765625,133.046875,133.046875,133.046875,0.0,0.0,232.4267578125,126.640625,290.703125,193.5107421875,0.705867523791517
2012-08-05,2,634.1,255.703125,128.203125,128.203125,128.203125,0.0,0.0,77.2900390625,62.890625,86.09375,221.16943359375,0.30020847810979845
2012-08-05,3,611.3,251.640625,128.203125,128.203125,128.203125,0.0,0.0,223.74267578125,119.84375,291.25,177.43896484375,0.7660865295433467
2012-08-05,3,634.1,251.25,130.234375,130.234375,130.234375,0.0,0.0,82.12890625,71.796875,91.09375,206.33544921875,0.23495838287752677
2012-08-05,4,611.3,276.796875,150.859375,150.859375,150.859375,0.0,0.0,243.99658203125,165.0,281.953125,196.30126953125,0.47932280045226683
2012-08-05,4,634.1,251.796875,167.1875,167.1875,167.1875,0.0,0.0,78.6865234375,70.703125,87.109375,220.791015625,0.20850139621470679
2012-08-05,5,611.3,216.953125,122.1875,122.1875,122.1875,0.0,0.0,223.08349609375,78.203125,290.625,172.73681640625,0.9522079343365253
2012-08-05,5,634.1,250.859375,120.3125,120.3125,120.3125,0.0,0.0,83.60107421875,75.3125,91.484375,200.28076171875,0.19344099523990305
2012-08-05,6,611.3,300.0,155.546875,155.546875,155.546875,0.0,0.0,230.869140625,146.71875,286.5625,195.9326171875,0.6057273380990652
2012-08-05,6,634.1,254.375,158.515625,158.515625,158.515625,0.0,0.0,77.07763671875,66.25,87.5,224.765625,0.27569605017262677
2012-08-05,7,611.3,293.90625,149.0625,149.0625,149.0625,0.0,0.0,232.28271484375,164.765625,291.25,202.05810546875,0.5445277109193529
2012-08-05,7,634.1,255.78125,146.5625,146.5625,146.5625,0.0,0.0,75.166015625,62.8125,86.71875,228.115234375,0.3180459919449136
2012-08-05,8,611.3,277.65625,139.453125,139.453125,139.453125,0.0,0.0,223.57666015625,109.53125,283.4375,184.93896484375,0.7778372298721294
2012-08-05,8,634.1,254.21875,143.984375,143.984375,143.984375,0.0,0.0,79.5361328125,65.9375,90.390625,212.46337890625,0.3074467432009331
2012-08-05,9,611.3,245.9375,130.234375,130.234375,130.234375,0.0,0.0,232.09716796875,129.375,288.515625,190.390625,0.6856637950077313
2012-08-05,9,634.1,255.390625,132.8125,132.8125,132.8125,0.0,0.0,77.4365234375,63.59375,89.6875,222.1875,0.3369695441074469
2012-08-06,0,611.3,268.75,116.328125,116.328125,116.328125,0.0,0.0,203.52294921875,89.375,291.328125,179.326171875,0.992286745918453
2012-08-06,0,634.1,262.109375,118.75,118.75,118.75,0.0,0.0,76.5576171875,49.21875,91.25,215.15869140625,0.5490146055233114
2012-08-06,1,611.3,252.5,113.671875,113.671875,113.671875,0.0,0.0,206.4599609375,90.390625,291.25,168.84033203125,0.9728732587564742
2012-08-06,1,634.1,254.375,118.203125,118.203125,118.203125,0.0,0.0,81.6748046875,65.625,92.578125,201.43798828125,0.3300053805225085
2012-08-06,2,611.3,229.21875,95.78125,95.78125,95.78125,0.0,0.0,202.0166015625,91.015625,284.21875,174.24560546875,0.9563725134749717
2012-08-06,2,634.1,260.78125,92.65625,92.65625,92.65625,0.0,0.0,79.1455078125,52.1875,91.09375,206.31103515625,0.4915787525448825
2012-08-06,3,611.3,248.75,111.796875,111.796875,111.796875,0.0,0.0,212.08984375,88.828125,283.59375,174.23828125,0.9183166037388342
2012-08-06,3,634.1,254.84375,116.71875,116.71875,116.71875,0.0,0.0,80.3466796875,64.765625,91.5625,206.4013671875,0.3335156487389851
2012-08-06,4,611.3,246.015625,138.046875,138.046875,138.046875,0.0,0.0,224.23828125,107.96875,288.359375,171.1376953125,0.8044595418517551
2012-08-06,4,634.1,251.640625,144.296875,144.296875,144.296875,0.0,0.0,81.708984375,71.09375,91.25,205.546875,0.24668339906776623
2012-08-06,5,611.3,237.109375,85.546875,85.546875,85.546875,0.0,0.0,208.72802734375,75.703125,286.25,166.55517578125,1.0087139598806947
2012-08-06,5,634.1,253.75,78.984375,78.984375,78.984375,0.0,0.0,81.85791015625,66.796875,91.953125,201.09375,0.3073160547585672
2012-08-06,6,611.3,300.0,144.453125,144.453125,144.453125,0.0,0.0,215.33203125,135.625,290.3125,189.9609375,0.7183673469387755
2012-08-06,6,634.1,259.6875,148.046875,148.046875,148.046875,0.0,0.0,76.52587890625,54.609375,91.09375,221.12060546875,0.476758653692774
2012-08-06,7,611.3,278.4375,147.265625,147.265625,147.265625,0.0,0.0,208.8134765625,104.453125,284.0625,178.2861328125,0.8601426400093535
2012-08-06,7,634.1,255.390625,149.921875,149.921875,149.921875,0.0,0.0,78.1884765625,63.515625,88.984375,213.57421875,0.32573534003622057
2012-08-06,8,611.3,247.8125,94.609375,94.609375,94.609375,0.0,0.0,210.8837890625,81.328125,290.9375,167.44873046875,0.9939567945541689
2012-08-06,8,634.1,253.59375,97.34375,97.34375,97.34375,0.0,0.0,80.9521484375,67.1875,94.53125,202.7197265625,0.33777670547077626
2012-08-06,9,611.3,235.15625,118.125,118.125,118.125,0.0,0.0,216.71875,87.1875,287.65625,177.2412109375,0.9250180245133381
2012-08-06,9,634.1,256.484375,122.109375,122.109375,122.109375,0.0,0.0,79.580078125,65.390625,91.09375,211.21337890625,0.3229844152656768
2012-08-07,0,611.3,277.421875,134.21875,134.21875,134.21875,0.0,0.0,195.8251953125,97.03125,289.53125,183.193359375,0.9830195736192495
2012-08-07,0,634.1,260.859375,135.546875,135.546875,135.546875,0.0,0.0,74.91943359375,51.953125,91.171875,218.57421875,0.5234789976211425
2012-08-07,1,611.3,292.1875,103.515625,103.515625,103.515625,0.0,0.0,204.66552734375,78.75,285.546875,173.2861328125,1.0104138087342391
2012-08-07,1,634.1,255.9375,109.609375,109.609375,109.609375,0.0,0.0,79.10888671875,62.421875,92.265625,208.32763671875,0.37724902015245504
2012-08-07,2,611.3,223.203125,87.65625,87.65625,87.65625,0.0,0.0,196.00341796875,71.953125,287.96875,171.318359375,1.102101316592554
2012-08-07,2,634.1,258.671875,88.75,88.75,88.75,0.0,0.0,78.3740234375,56.640625,91.640625,207.3876953125,0.44657653728739644
2012-08-07,3,611.3,247.8125,128.75,128.75,128.75,0.0,0.0,205.5615234375,96.5625,288.671875,175.8837890625,0.9345590156535785
2012-08-07,3,634.1,257.34375,126.484375,126.484375,126.484375,0.0,0.0,78.23974609375,59.609375,91.5625,211.2255859375,0.40840016226167813
2012-08-07,4,611.3,254.296875,119.609375,119.609375,119.609375,0.0,0.0,227.28515625,113.75,287.109375,178.22265625,0.762739537681533
2012-08-07,4,634.1,251.796875,126.640625,126.640625,126.640625,0.0,0.0,80.0927734375,70.703125,91.25,212.67578125,0.2565384380905932
2012-08-07,5,611.3,248.515625,93.4375,93.4375,93.4375,0.0,0.0,210.09765625,72.8125,288.59375,167.27294921875,1.027052152087013
2012-08-07,5,634.1,253.828125,88.203125,88.203125,88.203125,0.0,0.0,82.392578125,66.71875,93.671875,198.4521484375,0.32713049662202204
2012-08-07,6,611.3,291.09375,123.90625,123.90625,123.90625,0.0,0.0,209.9365234375,115.0,282.890625,186.93603515625,0.7997208977788115
2012-08-07,6,634.1,256.328125,130.234375,130.234375,130.234375,0.0,0.0,76.2646484375,61.71875,89.609375,220.08544921875,0.36570843203790254
2012-08-07,7,611.3,295.9375,125.46875,125.46875,125.46875,0.0,0.0,213.18115234375,128.671875,284.453125,192.7587890625,0.7307458857751463
2012-08-07,7,634.1,258.28125,128.125,128.125,128.125,0.0,0.0,74.93408203125,57.65625,87.890625,222.75146484375,0.403479620760434
2012-08-07,8,611.3,300.0,90.703125,90.703125,90.703125,0.0,0.0,204.83642578125,88.359375,287.1875,175.24658203125,0.9706678108723377
2012-08-07,8,634.1,256.71875,89.140625,89.140625,89.140625,0.0,0.0,78.89404296875,61.171875,92.65625,208.73046875,0.39907163855794525
2012-08-07,9,611.3,243.59375,114.765625,114.765625,114.765625,0.0,0.0,214.28955078125,104.453125,286.171875,173.8330078125,0.8480056509404942
2012-08-07,9,634.1,253.203125,122.890625,122.890625,122.890625,0.0,0.0,80.15380859375,68.046875,91.640625,208.85498046875,0.2943559440772441
2012-08-08,0,611.3,286.953125,118.984375,118.984375,118.984375,0.0,0.0,200.90087890625,97.578125,285.078125,181.1083984375,0.9332960663029081
2012-08-08,0,634.1,261.40625,126.09375,126.09375,126.09375,0.0,0.0,75.95458984375,57.65625,92.65625,217.1142578125,0.4608016457201633
2012-08-08,1,611.3,300.0,117.578125,117.578125,117.578125,0.0,0.0,212.13134765625,101.09375,290.3125,177.75390625,0.8919886291705509
2012-08-08,1,634.1,255.9375,121.25,121.25,121.25,0.0,0.0,79.69970703125,62.890625,93.28125,208.10546875,0.381314136927554
2012-08-08,2,611.3,223.359375,118.125,118.125,118.125,0.0,0.0,203.84521484375,82.421875,286.953125,172.18017578125,1.0033654709862867
2012-08-08,2,634.1,257.421875,114.375,114.375,114.375,0.0,0.0,79.81201171875,59.375,93.828125,205.322265625,0.4316784436083326
2012-08-08,3,611.3,276.875,128.90625,128.90625,128.90625,0.0,0.0,210.10009765625,64.6875,284.296875,183.41796875,1.0452606993039497
2012-08-08,3,634.1,257.890625,125.546875,125.546875,125.546875,0.0,0.0,76.55517578125,58.359375,93.515625,215.62255859375,0.4592276046815703
2012-08-08,4,611.3,261.796875,93.359375,93.359375,93.359375,0.0,0.0,227.55615234375,89.6875,290.0,177.3828125,0.8802772323967084
2012-08-08,4,634.1,253.046875,105.3125,105.3125,105.3125,0.0,0.0,80.25390625,68.515625,94.375,209.88525390625,0.3222195181309321
2012-08-08,5,611.3,234.296875,106.953125,106.953125,106.953125,0.0,0.0,213.7109375,89.921875,288.90625,165.68115234375,0.931091208188631
2012-08-08,5,634.1,249.6875,109.609375,109.609375,109.609375,0.0,0.0,83.2177734375,73.359375,93.59375,196.77490234375,0.24314968022061845
2012-08-08,6,611.3,292.96875,116.484375,116.484375,116.484375,0.0,0.0,219.98779296875,121.796875,286.640625,188.525390625,0.7493313505055101
2012-08-08,6,634.1,257.1875,123.125,123.125,123.125,0.0,0.0,77.46826171875,59.921875,91.484375,219.08447265625,0.4074249156975828
2012-08-08,7,611.3,296.171875,121.171875,121.171875,121.171875,0.0,0.0,215.16845703125,117.265625,285.9375,179.8876953125,0.7839061418537892
2012-08-08,7,634.1,253.90625,121.40625,121.40625,121.40625,0.0,0.0,78.61083984375,66.5625,90.15625,213.57421875,0.30013354452001617
2012-08-08,8,611.3,300.0,96.171875,96.171875,96.171875,0.0,0.0,205.51025390625,66.71875,290.546875,170.67138671875,1.0891336113190064
2012-08-08,8,634.1,253.515625,99.453125,99.453125,99.453125,0.0,0.0,79.75830078125,67.34375,94.921875,204.47998046875,0.345771220423031
2012-08-08,9,611.3,239.53125,110.0,110.0,110.0,0.0,0.0,212.1923828125,89.21875,291.328125,173.203125,0.9524817635823918
2012-08-08,9,634.1,256.796875,114.21875,114.21875,114.21875,0.0,0.0,79.951171875,60.625,91.484375,208.44482421875,0.38597776963478686
2012-08-09,0,611.3,217.421875,101.015625,101.015625,101.015625,0.0,0.0,202.11181640625,79.453125,282.8125,179.91943359375,1.0061726158120432
2012-08-09,0,634.1,263.515625,115.9375,115.9375,115.9375,0.0,0.0,75.20751953125,46.015625,91.484375,222.04345703125,0.6045771790293784
2012-08-09,1,611.3,238.28125,139.6875,139.6875,139.6875,0.0,0.0,226.61865234375,114.6875,291.5625,178.6181640625,0.7804962132230159
2012-08-09,1,634.1,255.3125,152.109375,152.109375,152.109375,0.0,0.0,79.15283203125,63.75,93.203125,217.0166015625,0.37210450016964314
2012-08-09,2,611.3,200.9375,112.578125,112.578125,112.578125,0.0,0.0,213.53759765625,123.28125,290.9375,176.7529296875,0.7851369119076201
2012-08-09,2,634.1,257.734375,116.953125,116.953125,116.953125,0.0,0.0,78.41552734375,58.671875,91.875,216.23046875,0.4234253868426788
2012-08-09,3,611.3,224.21875,131.796875,131.796875,131.796875,0.0,0.0,223.98681640625,102.421875,286.171875,175.10009765625,0.8203607826039566
2012-08-09,3,634.1,253.90625,140.0,140.0,140.0,0.0,0.0,80.99853515625,66.640625,93.203125,211.650390625,0.32793802935768757
2012-08-09,4,611.3,217.03125,131.328125,131.328125,131.328125,0.0,0.0,233.96728515625,132.96875,291.015625,177.49267578125,0.6755084365510836
2012-08-09,4,634.1,253.671875,142.5,142.5,142.5,0.0,0.0,80.31494140625,67.03125,90.15625,214.853515625,0.2879289904854546
2012-08-09,5,611.3,222.03125,118.984375,118.984375,118.984375,0.0,0.0,231.86767578125,123.28125,291.25,176.0400390625,0.7244164130858244
2012-08-09,5,634.1,251.40625,122.109375,122.109375,122.109375,0.0,0.0,82.58056640625,71.484375,89.765625,208.05419921875,0.22137472283813747
2012-08-09,6,611.3,219.0625,160.3125,160.3125,160.3125,0.0,0.0,222.607421875,146.40625,283.59375,184.82421875,0.6162754990129414
2012-08-09,6,634.1,258.984375,171.40625,167.50012209406242,171.40625,3.9061279059375806,0.0,77.4072265625,56.09375,91.171875,221.77001953125,0.4531634390967009
2012-08-09,7,611.3,226.875,160.234375,160.234375,160.234375,0.0,0.0,222.29248046875,155.859375,288.359375,182.5537109375,0.5960615479236911
2012-08-09,7,634.1,256.5625,179.921875,167.26215822687493,179.921875,12.65971677312507,0.0,77.82958984375,61.09375,89.6875,220.01953125,0.3673891903761097
2012-08-09,8,611.3,216.328125,136.71875,136.71875,136.71875,0.0,0.0,222.54150390625,102.1875,286.640625,176.640625,0.8288482002786524
2012-08-09,8,634.1,254.21875,142.734375,142.734375,142.734375,0.0,0.0,78.505859375,65.9375,92.578125,218.0224609375,0.33934568976240825
2012-08-09,9,611.3,211.328125,118.28125,118.28125,118.28125,0.0,0.0,215.1513671875,124.296875,286.484375,179.1943359375,0.7538297437759571
2012-08-09,9,634.1,259.296875,127.421875,127.421875,127.421875,0.0,0.0,77.79296875,55.390625,91.5625,218.83544921875,0.4649761486316847
2012-08-10,1,611.3,249.296875,165.625,165.625,165.625,0.0,0.0,222.7587890625,144.765625,280.234375,193.55712890625,0.6081409877030315
2012-08-10,1,634.1,259.0625,184.765625,163.33134767999994,184.765625,21.434277320000064,0.0,75.37353515625,55.859375,87.734375,226.51611328125,0.42289379069089494
2012-08-10,2,611.3,260.9375,159.921875,159.921875,159.921875,0.0,0.0,222.24853515625,146.953125,287.34375,199.88525390625,0.631683016049125
2012-08-10,2,634.1,258.90625,188.4375,157.16191408624994,188.4375,31.275585913750064,0.0,73.9208984375,56.171875,87.96875,229.51904296875,0.43014730167118037
2012-08-10,3,611.3,265.234375,156.71875,156.71875,156.71875,0.0,0.0,225.08544921875,120.78125,286.015625,203.52783203125,0.7340962091219697
2012-08-10,3,634.1,260.78125,177.578125,155.13481447687494,177.578125,22.443310523125064,0.0,72.76611328125,52.1875,83.828125,233.28125,0.4348263714141922
2012-08-10,4,611.3,245.46875,158.203125,158.203125,158.203125,0.0,0.0,246.2841796875,158.125,288.90625,194.30419921875,0.5310176649021591
2012-08-10,4,634.1,254.84375,182.65625,166.29267580499993,182.65625,16.36357419500007,0.0,76.53076171875,64.609375,87.8125,229.47509765625,0.3031869078380706
2012-08-10,5,611.3,260.078125,157.34375,157.34375,157.34375,0.0,0.0,234.05029296875,137.421875,291.015625,185.634765625,0.6562425026338573
2012-08-10,5,634.1,253.59375,179.6875,168.39028322687494,179.6875,11.297216773125058,0.0,79.130859375,67.109375,89.453125,219.1552734375,0.28236455633715907
2012-08-10,6,611.3,291.171875,168.828125,168.828125,168.828125,0.0,0.0,226.8017578125,177.03125,281.796875,201.2451171875,0.4619259833365627
2012-08-10,6,634.1,256.40625,180.3125,157.43513185968743,180.3125,22.87736814031257,0.0,72.98583984375,61.484375,86.484375,235.15380859375,0.3425321960194012
2012-08-10,7,611.3,274.53125,160.15625,160.15625,160.15625,0.0,0.0,243.57177734375,167.03125,282.34375,201.77490234375,0.47342307576653603
2012-08-10,7,634.1,255.390625,189.21875,162.25610353937492,189.21875,26.96264646062508,0.0,74.3505859375,63.59375,85.703125,235.45166015625,0.29736651999737307
2012-08-10,8,611.3,300.0,163.671875,163.671875,163.671875,0.0,0.0,220.5078125,132.578125,288.359375,198.29833984375,0.7064658990256865
2012-08-10,8,634.1,259.921875,187.734375,158.43105471124994,187.734375,29.303320288750058,0.0,73.26171875,53.984375,89.0625,231.8408203125,0.4788056518261797
2012-08-10,9,611.3,270.625,153.984375,153.984375,153.984375,0.0,0.0,224.0771484375,134.21875,279.84375,201.05224609375,0.6498877775598702
2012-08-10,9,634.1,259.84375,174.21875,153.01076662531244,174.21875,21.207983374687558,0.0,72.81494140625,54.21875,86.015625,233.80615234375,0.43668063704945514
2012-08-11,0,611.3,290.703125,164.0625,164.0625,164.0625,0.0,0.0,216.552734375,46.328125,285.625,206.62109375,1.1050281848928973
2012-08-11,0,634.1,266.328125,148.3484375,142.28476564874993,201.953125,59.668359351250075,53.60468750000001,68.98193359375,41.09375,87.109375,240.67138671875,0.6670677756149354
2012-08-11,1,611.3,294.0625,161.328125,161.328125,161.328125,0.0,0.0,241.259765625,178.59375,288.828125,200.6640625,0.4569115563651083
2012-08-11,1,634.1,256.71875,177.265625,169.47434084406245,177.265625,7.7912841559375465,0.0,74.921875,60.859375,89.53125,234.1650390625,0.38269030239833157
2012-08-11,2,611.3,282.5,160.390625,160.390625,160.390625,0.0,0.0,231.3427734375,143.59375,291.09375,203.88427734375,0.6375820511196943
2012-08-11,2,634.1,259.140625,189.453125,154.29753420343744,189.453125,35.155590796562564,0.0,71.19873046875,55.625,84.0625,239.31640625,0.39941021156945444
2012-08-11,3,611.3,300.0,158.59375,158.59375,158.59375,0.0,0.0,237.51220703125,155.703125,286.875,206.9189453125,0.5522742457727297
2012-08-11,3,634.1,258.4375,184.0625,161.51577150812494,184.0625,22.546728491875058,0.0,72.41455078125,57.578125,88.671875,239.8828125,0.4293853882202218
2012-08-11,4,611.3,300.0,156.09375,156.09375,156.09375,0.0,0.0,255.99365234375,199.375,288.515625,196.14501953125,0.3482142005626818
2012-08-11,4,634.1,254.609375,175.3125,172.11838381281245,175.3125,3.1941161871875465,0.0,76.42822265625,65.46875,85.390625,231.92138671875,0.2606612362242453
2012-08-11,5,611.3,281.875,154.140625,154.140625,154.140625,0.0,0.0,251.41845703125,198.4375,291.40625,191.89208984375,0.369776949145959
2012-08-11,5,634.1,254.921875,174.21875,171.80991213312493,174.21875,2.408837866875075,0.0,79.30419921875,68.75,89.375,222.8662109375,0.260074500507958
2012-08-11,6,611.3,271.09375,168.59375,168.59375,168.59375,0.0,0.0,261.5087890625,211.640625,289.0625,200.1806640625,0.29605840506376385
2012-08-11,6,634.1,253.59375,180.15625,174.06616213312492,180.15625,6.090087866875081,0.0,76.36962890625,68.203125,83.671875,233.37158203125,0.2025510693392155
2012-08-11,7,611.3,300.0,160.859375,160.859375,160.859375,0.0,0.0,221.62841796875,154.84375,287.96875,211.13525390625,0.6006675552715937
2012-08-11,7,634.1,258.359375,191.5625,148.53352053156243,191.5625,43.02897946843757,0.0,67.9296875,57.34375,84.375,249.0625,0.39792984473835535
2012-08-11,8,611.3,300.0,158.671875,158.671875,158.671875,0.0,0.0,242.70263671875,150.546875,286.640625,208.51318359375,0.5607427749444226
2012-08-11,8,634.1,258.671875,184.296875,161.41000978937493,184.296875,22.886865210625075,0.0,72.5048828125,56.71875,88.671875,241.025390625,0.4407030776483265
2012-08-11,9,611.3,300.0,157.03125,157.03125,157.03125,0.0,0.0,236.05712890625,162.1875,283.828125,209.32861328125,0.5153016372079554
2012-08-11,9,634.1,257.890625,178.4375,153.10771486749994,178.4375,25.329785132500064,0.0,70.96435546875,58.4375,88.671875,242.8076171875,0.42605015997522966
2012-08-12,0,611.3,274.140625,159.53125,159.53125,159.53125,0.0,0.0,217.10693359375,109.53125,281.25,204.88525390625,0.7909408840959439
2012-08-12,0,634.1,261.5625,182.47421875,146.25083010187493,187.109375,40.858544898125075,4.635156249999994,70.5419921875,50.546875,87.8125,238.29833984375,0.5282757665951409
2012-08-12,1,611.3,288.75,153.28125,153.28125,153.28125,0.0,0.0,237.90771484375,131.25,290.234375,200.24658203125,0.6682606955575852
2012-08-12,1,634.1,260.0,173.671875,166.96250002374993,173.671875,6.709374976250075,0.0,75.91552734375,53.828125,90.0,227.56591796875,0.47647531757517286
2012-08-12,2,611.3,300.0,160.078125,160.078125,160.078125,0.0,0.0,223.212890625,85.390625,287.1875,215.5615234375,0.9040556503478147
2012-08-12,2,634.1,263.125,169.50078125,153.75109865656242,188.359375,34.60827634343758,18.85859375000001,70.244140625,46.953125,84.53125,241.0009765625,0.534964548866954
2012-08-12,3,611.3,271.328125,159.53125,159.53125,159.53125,0.0,0.0,223.2177734375,168.671875,291.171875,203.7158203125,0.5487914251339823
2012-08-12,3,634.1,257.421875,186.953125,152.98432619562493,186.953125,33.96879880437507,0.0,73.06396484375,59.375,87.421875,233.095703125,0.38386741069936847
2012-08-12,4,611.3,284.375,143.28125,143.28125,143.28125,0.0,0.0,253.994140625,203.28125,291.25,197.94677734375,0.34634165096697295
2012-08-12,4,634.1,252.5,169.296875,169.296875,169.296875,0.0,0.0,77.22900390625,69.375,85.625,228.76953125,0.2104131761135523
2012-08-12,5,611.3,300.0,156.796875,156.796875,156.796875,0.0,0.0,253.26171875,186.5625,291.328125,199.35546875,0.4136654584715046
2012-08-12,5,634.1,253.359375,177.890625,173.29938967218743,177.890625,4.591235327812569,0.0,78.38134765625,67.65625,88.984375,224.5654296875,0.2721071484192493
2012-08-12,6,611.3,300.0,160.9375,160.9375,160.9375,0.0,0.0,228.14208984375,162.34375,278.984375,209.0234375,0.5112630689053688
2012-08-12,6,634.1,257.8125,176.71875,154.81752932062494,176.71875,21.901220679375058,0.0,71.572265625,58.4375,87.734375,238.74267578125,0.4093327875562833
2012-08-12,7,611.3,300.0,162.421875,162.421875,162.421875,0.0,0.0,234.69482421875,138.90625,288.125,213.42041015625,0.6357990658580479
2012-08-12,7,634.1,259.53125,196.5625,156.69479982843745,196.5625,39.86770017156255,0.0,71.4794921875,54.921875,89.0625,241.16455078125,0.4776282532959902
2012-08-12,8,611.3,270.9375,158.90625,158.90625,158.90625,0.0,0.0,251.4111328125,219.140625,282.34375,202.0654296875,0.2513935015245975
2012-08-12,8,634.1,253.671875,184.296875,167.26215822687493,184.296875,17.03471677312507,0.0,75.98876953125,67.03125,84.609375,231.11572265625,0.23132530120481928
2012-08-12,9,611.3,284.765625,159.6875,159.6875,159.6875,0.0,0.0,244.6435546875,162.34375,290.78125,206.23779296875,0.5249985030836477
2012-08-12,9,634.1,257.8125,187.65625,161.45407717218745,187.65625,26.202172827812547,0.0,73.9501953125,58.4375,85.9375,235.078125,0.3718719049191152
2012-08-13,0,611.3,257.109375,150.625,150.625,150.625,0.0,0.0,196.83837890625,117.03125,273.984375,185.3564453125,0.7973705426356589
2012-08-13,0,634.1,261.71875,161.484375,161.484375,161.484375,0.0,0.0,74.64599609375,52.5,88.90625,220.87158203125,0.4877187244480785
2012-08-13,1,611.3,239.921875,128.359375,128.359375,128.359375,0.0,0.0,220.70556640625,101.328125,289.21875,173.603515625,0.8513180163936239
2012-08-13,1,634.1,252.96875,136.015625,136.015625,136.015625,0.0,0.0,80.595703125,68.4375,91.015625,209.1015625,0.28014055494971524
2012-08-13,2,611.3,233.125,120.15625,120.15625,120.15625,0.0,0.0,208.86962890625,83.203125,289.609375,175.55908203125,0.9882061412224001
2012-08-13,2,634.1,256.484375,129.6875,129.6875,129.6875,0.0,0.0,78.70849609375,61.25,93.203125,210.5078125,0.40596792704488355
2012-08-13,3,611.3,221.015625,104.296875,104.296875,104.296875,0.0,0.0,199.35546875,95.859375,285.15625,168.88427734375,0.9495444302929362
2012-08-13,3,634.1,256.71875,109.375,109.375,109.375,0.0,0.0,80.10009765625,60.859375,93.4375,205.08056640625,0.40671766893230515
2012-08-13,4,611.3,253.75,133.203125,133.203125,133.203125,0.0,0.0,223.4521484375,101.71875,284.609375,177.021484375,0.8184778095841618
2012-08-13,4,634.1,253.75,140.46875,140.46875,140.46875,0.0,0.0,79.58984375,67.109375,90.859375,213.60595703125,0.2984049079754601
2012-08-13,5,611.3,212.65625,87.8125,87.8125,87.8125,0.0,0.0,214.7607421875,87.109375,291.40625,163.7158203125,0.9512766296068935
2012-08-13,5,634.1,253.125,95.078125,95.078125,95.078125,0.0,0.0,84.0185546875,74.140625,93.828125,195.12939453125,0.23432324054164003
2012-08-13,6,611.3,277.578125,147.578125,147.578125,147.578125,0.0,0.0,234.39697265625,129.0625,290.15625,193.35205078125,0.6872689018737826
2012-08-13,6,634.1,256.09375,157.421875,157.421875,157.421875,0.0,0.0,77.67333984375,62.03125,91.796875,221.93603515625,0.38321546440358323
2012-08-13,7,611.3,282.34375,139.0625,139.0625,139.0625,0.0,0.0,209.09423828125,104.21875,286.015625,179.07470703125,0.8694494716562555
2012-08-13,7,634.1,254.765625,146.40625,146.40625,146.40625,0.0,0.0,77.66845703125,64.765625,90.859375,216.11572265625,0.3359632854493446
2012-08-13,8,611.3,300.0,122.03125,122.03125,122.03125,0.0,0.0,215.400390625,104.609375,287.96875,179.3408203125,0.8512490365870246
2012-08-13,8,634.1,255.859375,130.859375,130.859375,130.859375,0.0,0.0,78.74755859375,62.65625,91.09375,212.19482421875,0.3611223066191288
2012-08-13,9,611.3,228.90625,121.015625,121.015625,121.015625,0.0,0.0,221.93115234375,107.8125,291.5625,179.9169921875,0.8279594732847101
2012-08-13,9,634.1,255.0,127.1875,127.1875,127.1875,0.0,0.0,79.296875,64.375,91.25,214.04541015625,0.3389162561576355
2012-08-14,0,611.3,239.375,150.546875,150.546875,150.546875,0.0,0.0,196.43310546875,84.53125,286.171875,182.32177734375,1.0265103965995104
2012-08-14,0,634.1,263.203125,155.9375,155.9375,155.9375,0.0,0.0,74.794921875,46.796875,91.40625,219.13818359375,0.5964225094659877
2012-08-14,1,611.3,284.84375,108.984375,108.984375,108.984375,0.0,0.0,224.1162109375,102.890625,291.40625,184.04052734375,0.8411512233381991
2012-08-14,1,634.1,257.109375,119.921875,119.921875,119.921875,0.0,0.0,79.0234375,60.0,91.875,214.7705078125,0.40336134453781514
2012-08-14,2,611.3,230.78125,157.34375,157.34375,157.34375,0.0,0.0,217.8271484375,101.015625,288.046875,179.833984375,0.8586223128824729
2012-08-14,2,634.1,259.375,156.953125,156.953125,156.953125,0.0,0.0,78.70849609375,55.3125,92.34375,214.7998046875,0.47048605725984055
2012-08-14,3,611.3,266.40625,102.1875,102.1875,102.1875,0.0,0.0,216.787109375,93.75,289.0625,175.67626953125,0.9009414838506239
2012-08-14,3,634.1,256.015625,112.734375,112.734375,112.734375,0.0,0.0,80.04150390625,62.34375,92.34375,209.3408203125,0.37480555131920085
2012-08-14,4,611.3,270.703125,112.96875,112.96875,112.96875,0.0,0.0,226.7822265625,116.953125,285.0,182.64892578125,0.7410054903649478
2012-08-14,4,634.1,253.75,128.4375,128.4375,128.4375,0.0,0.0,78.55224609375,66.875,91.484375,219.30419921875,0.3132867132867133
2012-08-14,5,611.3,215.0,103.828125,103.828125,103.828125,0.0,0.0,221.1767578125,77.8125,291.171875,172.158203125,0.964655495948959
2012-08-14,5,634.1,252.65625,112.96875,112.96875,112.96875,0.0,0.0,82.3291015625,69.0625,92.734375,204.482421875,0.28752743016428445
2012-08-14,6,611.3,285.15625,109.921875,109.921875,109.921875,0.0,0.0,228.779296875,98.90625,285.625,176.4111328125,0.8161523028983652
2012-08-14,6,634.1,251.40625,123.984375,123.984375,123.984375,0.0,0.0,81.73095703125,71.40625,92.890625,208.28125,0.2628670430444783
2012-08-14,7,611.3,272.5,131.09375,131.09375,131.09375,0.0,0.0,213.3984375,104.453125,280.625,185.9716796875,0.8255537250594911
2012-08-14,7,634.1,255.625,139.21875,139.21875,139.21875,0.0,0.0,76.73828125,63.359375,90.625,218.63525390625,0.3553066938152202
2012-08-14,8,611.3,288.671875,111.25,111.25,111.25,0.0,0.0,221.30859375,83.4375,289.53125,178.1689453125,0.9312505515841497
2012-08-14,8,634.1,253.203125,118.671875,118.671875,118.671875,0.0,0.0,79.74609375,67.890625,92.109375,212.3681640625,0.30369826108253734
2012-08-14,9,611.3,220.703125,134.921875,134.921875,134.921875,0.0,0.0,232.6025390625,114.53125,290.46875,176.46728515625,0.7563868421605054
2012-08-14,9,634.1,251.796875,143.59375,143.59375,143.59375,0.0,0.0,81.08154296875,70.78125,90.0,211.9140625,0.2370298997320165
2012-08-15,0,611.3,243.828125,148.59375,148.59375,148.59375,0.0,0.0,214.82666015625,104.6875,285.546875,179.1748046875,0.8418851499551101
2012-08-15,0,634.1,259.921875,166.953125,166.953125,166.953125,0.0,0.0,78.8623046875,53.984375,91.40625,214.91455078125,0.4745217014426351
2012-08-15,1,611.3,243.046875,144.84375,144.84375,144.84375,0.0,0.0,227.04345703125,131.09375,287.421875,178.02490234375,0.6885383399464499
2012-08-15,1,634.1,252.5,164.921875,164.921875,164.921875,0.0,0.0,81.357421875,69.296875,89.765625,210.11962890625,0.25159044532469094
2012-08-15,2,611.3,211.25,144.453125,144.453125,144.453125,0.0,0.0,214.66552734375,125.0,290.9375,171.142578125,0.7730048790473916
2012-08-15,2,634.1,255.234375,163.28125,163.28125,163.28125,0.0,0.0,82.0751953125,63.90625,92.34375,205.60546875,0.34648105181747874
2012-08-15,3,611.3,246.71875,126.953125,126.953125,126.953125,0.0,0.0,223.99658203125,131.40625,281.09375,180.87890625,0.668257964664465
2012-08-15,3,634.1,253.984375,151.953125,151.953125,151.953125,0.0,0.0,79.75341796875,66.40625,92.421875,215.28564453125,0.3262007530535403
2012-08-15,4,611.3,259.453125,148.671875,148.671875,148.671875,0.0,0.0,228.3935546875,133.984375,289.140625,175.52734375,0.6793372528059861
2012-08-15,4,634.1,253.28125,167.734375,167.734375,167.734375,0.0,0.0,81.591796875,68.125,92.5,210.576171875,0.2987432675044883
2012-08-15,5,611.3,192.265625,130.703125,130.703125,130.703125,0.0,0.0,221.85302734375,118.125,291.5625,169.70458984375,0.7817675606078948
2012-08-15,5,634.1,252.65625,155.546875,155.546875,155.546875,0.0,0.0,83.134765625,68.984375,92.421875,203.1201171875,0.28192176670973806
2012-08-15,6,611.3,253.828125,140.9375,140.9375,140.9375,0.0,0.0,231.37939453125,128.28125,291.328125,177.81005859375,0.7046732719234381
2012-08-15,6,634.1,253.828125,164.140625,164.140625,164.140625,0.0,0.0,82.1630859375,71.875,93.046875,208.662109375,0.25768110774350744
2012-08-15,7,611.3,236.875,160.3125,160.3125,160.3125,0.0,0.0,218.16162109375,97.34375,290.46875,176.494140625,0.8852381964883224
2012-08-15,7,634.1,253.75,172.265625,172.265625,172.265625,0.0,0.0,79.6044921875,66.875,92.109375,212.44873046875,0.3169968717413973
2012-08-15,8,611.3,262.5,144.21875,144.21875,144.21875,0.0,0.0,217.79541015625,129.375,290.0,172.1337890625,0.7375040634913518
2012-08-15,8,634.1,254.453125,165.390625,165.390625,165.390625,0.0,0.0,80.92041015625,65.859375,93.046875,210.068359375,0.33597827726655605
2012-08-15,9,611.3,223.828125,143.359375,143.359375,143.359375,0.0,0.0,223.82080078125,118.125,290.859375,178.0322265625,0.7717530023888216
2012-08-15,9,634.1,254.21875,167.109375,167.109375,167.109375,0.0,0.0,80.89111328125,65.859375,92.265625,210.458984375,0.32644191591464705
2012-08-16,0,611.3,232.03125,98.125,98.125,98.125,0.0,0.0,191.92626953125,72.5,273.671875,168.4130859375,1.0481726940836757
2012-08-16,0,634.1,262.265625,102.96875,102.96875,102.96875,0.0,0.0,78.91357421875,48.90625,93.046875,204.951171875,0.5593540203570213
2012-08-16,1,611.3,251.40625,115.234375,115.234375,115.234375,0.0,0.0,220.87890625,100.15625,291.40625,170.3515625,0.8658590503139093
2012-08-16,1,634.1,250.46875,124.296875,124.296875,124.296875,0.0,0.0,82.99560546875,73.828125,92.265625,198.9111328125,0.22215031622297396
2012-08-16,2,611.3,232.03125,80.9375,80.9375,80.9375,0.0,0.0,202.7734375,57.65625,287.5,165.32470703125,1.1335002889616643
2012-08-16,2,634.1,254.296875,69.765625,69.765625,69.765625,0.0,0.0,80.61767578125,65.703125,93.359375,201.02294921875,0.3430544199145998
2012-08-16,3,611.3,262.421875,69.296875,69.296875,69.296875,0.0,0.0,211.8896484375,43.203125,286.640625,168.23486328125,1.1488881207512387
2012-08-16,3,634.1,252.65625,58.59375,58.59375,58.59375,0.0,0.0,81.24755859375,69.0625,95.859375,201.669921875,0.3298176026923886
2012-08-16,4,611.3,237.03125,112.03125,112.03125,112.03125,0.0,0.0,218.583984375,91.953125,291.5625,170.56396484375,0.9131930482955815
2012-08-16,4,634.1,251.328125,117.578125,117.578125,117.578125,0.0,0.0,82.353515625,71.71875,91.875,201.60400390625,0.2447527570259694
2012-08-16,5,611.3,241.09375,92.734375,92.734375,92.734375,0.0,0.0,217.10205078125,69.53125,291.484375,167.59521484375,1.0223446724768064
2012-08-16,5,634.1,252.96875,86.796875,86.796875,86.796875,0.0,0.0,82.60009765625,69.375,92.1875,198.67431640625,0.2761800608872994
2012-08-16,6,611.3,249.453125,101.40625,101.40625,101.40625,0.0,0.0,217.5244140625,98.90625,290.3125,168.515625,0.879929964757907
2012-08-16,6,634.1,253.203125,108.828125,108.828125,108.828125,0.0,0.0,83.48388671875,68.046875,93.046875,198.07861328125,0.299458985231759
2012-08-16,7,611.3,244.609375,106.015625,106.015625,106.015625,0.0,0.0,213.7646484375,99.0625,286.71875,174.23583984375,0.8778638159848329
2012-08-16,7,634.1,252.890625,107.1875,107.1875,107.1875,0.0,0.0,80.2099609375,69.53125,93.046875,208.16650390625,0.2931758689961648
2012-08-16,8,611.3,257.265625,102.65625,102.65625,102.65625,0.0,0.0,208.7158203125,91.5625,289.375,170.40771484375,0.9477599719265412
2012-08-16,8,634.1,255.078125,103.4375,103.4375,103.4375,0.0,0.0,80.37109375,64.21875,93.515625,204.228515625,0.3645200486026732
2012-08-16,9,611.3,216.40625,102.734375,102.734375,102.734375,0.0,0.0,212.3388671875,97.890625,287.34375,170.068359375,0.892220663646607
2012-08-16,9,634.1,254.53125,111.09375,111.09375,111.09375,0.0,0.0,81.1083984375,66.171875,93.125,205.68359375,0.33230991511648905
2012-08-17,0,611.3,282.578125,125.078125,125.078125,125.078125,0.0,0.0,208.92333984375,58.4375,278.828125,186.962890625,1.0548875255623722
2012-08-17,0,634.1,264.84375,127.5,127.5,127.5,0.0,0.0,75.615234375,42.890625,90.390625,219.27490234375,0.6281802918765337
2012-08-17,1,611.3,262.265625,118.59375,118.59375,118.59375,0.0,0.0,222.24365234375,76.875,287.109375,174.51171875,0.9459634629961222
2012-08-17,1,634.1,251.953125,121.71875,121.71875,121.71875,0.0,0.0,80.95947265625,70.390625,93.125,206.1572265625,0.28081179699044057
2012-08-17,2,611.3,236.796875,92.734375,92.734375,92.734375,0.0,0.0,215.42236328125,55.859375,287.03125,169.93896484375,1.0731099198748824
2012-08-17,2,634.1,252.578125,90.3125,90.3125,90.3125,0.0,0.0,81.552734375,69.21875,93.75,203.4375,0.3008022991258532
2012-08-17,3,611.3,230.15625,126.71875,126.71875,126.71875,0.0,0.0,208.3154296875,51.5625,283.984375,170.693359375,1.1157208822633196
2012-08-17,3,634.1,254.921875,126.796875,126.796875,126.796875,0.0,0.0,80.55419921875,64.453125,95.0,203.544921875,0.37920897105622065
2012-08-17,4,611.3,279.84375,119.140625,119.140625,119.140625,0.0,0.0,221.2353515625,90.390625,288.75,180.73486328125,0.8965989097088879
2012-08-17,4,634.1,255.078125,125.78125,125.78125,125.78125,0.0,0.0,78.79150390625,64.140625,92.5,214.580078125,0.3599293527096954
2012-08-17,5,611.3,242.890625,120.703125,120.703125,120.703125,0.0,0.0,218.51318359375,64.375,290.703125,167.49755859375,1.0357641643296873
2012-08-17,5,634.1,251.09375,126.09375,126.09375,126.09375,0.0,0.0,83.4521484375,72.8125,93.046875,196.0693359375,0.24246679538938623
2012-08-17,6,611.3,267.65625,124.0625,124.0625,124.0625,0.0,0.0,216.1328125,99.765625,284.21875,181.34765625,0.853424905114766
2012-08-17,6,634.1,255.46875,129.84375,129.84375,129.84375,0.0,0.0,78.2177734375,63.359375,91.5625,216.1376953125,0.3605718209626069
2012-08-17,7,611.3,232.1875,108.75,108.75,108.75,0.0,0.0,207.2412109375,82.96875,278.515625,175.27099609375,0.9435713780835473
2012-08-17,7,634.1,255.078125,111.40625,111.40625,111.40625,0.0,0.0,78.78173828125,64.21875,91.25,210.27099609375,0.3431156837831975
2012-08-17,8,611.3,284.140625,120.546875,120.546875,120.546875,0.0,0.0,220.458984375,90.78125,290.15625,178.38623046875,0.9043632336655593
2012-08-17,8,634.1,251.953125,121.328125,121.328125,121.328125,0.0,0.0,79.74853515625,70.390625,93.046875,210.654296875,0.2840961273534364
2012-08-17,9,611.3,227.65625,141.328125,141.328125,141.328125,0.0,0.0,224.98291015625,112.96875,290.390625,185.31005859375,0.7886015647889922
2012-08-17,9,634.1,253.28125,147.5,147.5,147.5,0.0,0.0,78.5009765625,67.8125,87.65625,216.78955078125,0.2527834795048827
2012-08-18,0,611.3,256.328125,128.90625,128.90625,128.90625,0.0,0.0,207.900390625,116.875,290.234375,184.13330078125,0.8338578608671144
2012-08-18,0,634.1,262.1875,132.34375,132.34375,132.34375,0.0,0.0,76.5380859375,53.515625,88.046875,217.79541015625,0.45116427432216905
2012-08-18,1,611.3,256.09375,157.65625,157.65625,157.65625,0.0,0.0,219.8828125,120.703125,290.625,183.564453125,0.7727837981879553
2012-08-18,1,634.1,256.40625,166.953125,166.953125,166.953125,0.0,0.0,79.70458984375,61.484375,89.140625,210.86181640625,0.3469844089809171
2012-08-18,2,611.3,248.28125,142.734375,142.734375,142.734375,0.0,0.0,214.50927734375,101.796875,290.859375,185.05615234375,0.881372136166532
2012-08-18,2,634.1,255.9375,146.25,146.25,146.25,0.0,0.0,77.74658203125,62.421875,88.90625,214.28955078125,0.340650023551578
2012-08-18,3,611.3,259.765625,146.25,146.25,146.25,0.0,0.0,218.92822265625,137.8125,291.25,181.11083984375,0.700857560246674
2012-08-18,3,634.1,254.765625,155.46875,155.46875,155.46875,0.0,0.0,80.791015625,64.84375,91.5625,209.1162109375,0.33071437205366855
2012-08-18,4,611.3,300.0,153.59375,153.59375,153.59375,0.0,0.0,224.951171875,119.140625,289.296875,195.00244140625,0.7564141523768179
2012-08-18,4,634.1,255.625,162.109375,162.109375,162.109375,0.0,0.0,75.9765625,63.046875,88.75,224.42138671875,0.33830334190231365
2012-08-18,5,611.3,233.046875,122.03125,122.03125,122.03125,0.0,0.0,219.84619140625,90.078125,291.171875,175.60302734375,0.9147019955801842
2012-08-18,5,634.1,245.703125,128.4375,128.4375,128.4375,0.0,0.0,83.18359375,74.453125,90.078125,199.88037109375,0.1878375205447288
2012-08-18,6,611.3,290.703125,136.640625,136.640625,136.640625,0.0,0.0,223.90380859375,151.71875,280.078125,194.68017578125,0.5732791050146656
2012-08-18,6,634.1,258.046875,149.0625,149.0625,149.0625,0.0,0.0,77.2998046875,63.203125,87.34375,220.7861328125,0.3122986545385636
2012-08-18,7,611.3,300.0,134.0625,134.0625,134.0625,0.0,0.0,221.44775390625,119.6875,286.484375,198.28125,0.7532109586020617
2012-08-18,7,634.1,255.703125,135.46875,135.46875,135.46875,0.0,0.0,75.98388671875,62.890625,86.875,221.12548828125,0.3156508048709957
2012-08-18,8,611.3,277.8125,153.046875,153.046875,153.046875,0.0,0.0,222.7685546875,123.125,286.328125,182.6611328125,0.7326129364574886
2012-08-18,8,634.1,253.828125,156.328125,156.328125,156.328125,0.0,0.0,80.05859375,66.71875,89.6875,210.7763671875,0.28689924371798
2012-08-18,9,611.3,236.71875,132.65625,132.65625,132.65625,0.0,0.0,216.298828125,112.890625,286.796875,185.42724609375,0.804009210348097
2012-08-18,9,634.1,255.78125,133.90625,133.90625,133.90625,0.0,0.0,78.095703125,62.8125,87.890625,215.29052734375,0.3211204201575591
2012-08-19,0,611.3,260.9375,158.28125,158.28125,158.28125,0.0,0.0,205.78857421875,69.296875,281.796875,186.6357421875,1.0326132090021474
2012-08-19,0,634.1,264.140625,160.7578125,164.66218264093743,168.515625,3.8534423590625693,7.7578125,77.0166015625,44.53125,90.546875,214.130859375,0.5974767006910543
2012-08-19,1,611.3,230.0,131.71875,131.71875,131.71875,0.0,0.0,215.3125,109.6875,290.78125,174.95849609375,0.8410740203193033
2012-08-19,1,634.1,253.75,135.78125,135.78125,135.78125,0.0,0.0,81.25244140625,66.796875,90.0,204.81201171875,0.2855683422974069
2012-08-19,2,611.3,282.34375,132.578125,132.578125,132.578125,0.0,0.0,214.67529296875,111.09375,288.4375,179.853515625,0.826102284745994
2012-08-19,2,634.1,253.90625,138.90625,138.90625,138.90625,0.0,0.0,80.07080078125,66.5625,91.71875,208.88671875,0.31417507698874897
2012-08-19,3,611.3,275.78125,123.359375,123.359375,123.359375,0.0,0.0,212.61474609375,124.53125,291.40625,186.8701171875,0.7848703021116814
2012-08-19,3,634.1,255.078125,123.671875,123.671875,123.671875,0.0,0.0,79.31396484375,64.140625,92.03125,211.4208984375,0.3516483516483517
2012-08-19,4,611.3,288.59375,126.640625,126.640625,126.640625,0.0,0.0,238.80859375,140.46875,291.484375,191.5966796875,0.6323709822523923
2012-08-19,4,634.1,253.203125,133.828125,133.828125,133.828125,0.0,0.0,79.2138671875,67.96875,85.9375,216.57958984375,0.22683843925291253
2012-08-19,5,611.3,221.171875,141.640625,141.640625,141.640625,0.0,0.0,211.16943359375,99.84375,287.65625,169.853515625,0.8893924504306607
2012-08-19,5,634.1,247.109375,138.28125,138.28125,138.28125,0.0,0.0,84.5947265625,75.78125,91.09375,193.9501953125,0.181010101010101
2012-08-19,6,611.3,279.453125,114.84375,114.84375,114.84375,0.0,0.0,228.56201171875,98.59375,287.96875,185.0,0.8285497601982503
2012-08-19,6,634.1,252.8125,120.703125,120.703125,120.703125,0.0,0.0,80.59814453125,68.75,90.390625,210.0244140625,0.2685002877654257
2012-08-19,7,611.3,230.390625,130.15625,130.15625,130.15625,0.0,0.0,212.0263671875,122.5,290.546875,180.66162109375,0.7925753632867374
2012-08-19,7,634.1,255.3125,139.296875,139.296875,139.296875,0.0,0.0,79.306640625,63.828125,90.78125,211.46484375,0.3398596231991134
2012-08-19,8,611.3,262.265625,116.875,116.875,116.875,0.0,0.0,219.0283203125,88.984375,287.8125,181.05224609375,0.9077735916356422
2012-08-19,8,634.1,252.890625,119.53125,119.53125,119.53125,0.0,0.0,80.2099609375,68.59375,91.796875,207.8564453125,0.28927984415900654
2012-08-19,9,611.3,230.234375,139.84375,139.84375,139.84375,0.0,0.0,230.44921875,103.90625,291.015625,179.1357421875,0.8119332146792101
2012-08-19,9,634.1,252.421875,144.53125,144.53125,144.53125,0.0,0.0,80.9326171875,70.859375,90.703125,209.76806640625,0.24518853695324283
2012-08-20,0,611.3,245.15625,135.0,135.0,135.0,0.0,0.0,198.97216796875,104.140625,285.859375,177.73193359375,0.9132872795985226
2012-08-20,0,634.1,260.625,142.109375,142.109375,142.109375,0.0,0.0,76.90185546875,52.578125,91.40625,213.09326171875,0.5049049176164323
2012-08-20,1,611.3,281.015625,129.375,129.375,129.375,0.0,0.0,219.8291015625,99.453125,289.6875,178.447265625,0.8653739366073611
2012-08-20,1,634.1,253.203125,128.984375,128.984375,128.984375,0.0,0.0,80.55419921875,68.515625,89.765625,207.978515625,0.2637975450825883
2012-08-20,2,611.3,232.578125,104.765625,104.765625,104.765625,0.0,0.0,199.4775390625,92.65625,284.6875,173.671875,0.9626710400704966
2012-08-20,2,634.1,256.40625,104.0625,104.0625,104.0625,0.0,0.0,78.7353515625,61.40625,92.03125,208.43017578125,0.3889612403100775
2012-08-20,3,611.3,226.484375,91.40625,91.40625,91.40625,0.0,0.0,205.93505859375,80.703125,289.84375,166.09375,1.0155659091178528
2012-08-20,3,634.1,254.921875,92.265625,92.265625,92.265625,0.0,0.0,82.19970703125,64.453125,92.96875,198.7939453125,0.34690665003415605
2012-08-20,4,611.3,271.640625,111.875,111.875,111.875,0.0,0.0,215.40771484375,98.28125,285.859375,175.90576171875,0.8708050458455645
2012-08-20,4,634.1,252.890625,119.6875,119.6875,119.6875,0.0,0.0,79.72412109375,68.59375,92.734375,210.04150390625,0.3028020211299954
2012-08-20,5,611.3,252.890625,108.515625,108.515625,108.515625,0.0,0.0,218.16162109375,89.0625,287.8125,171.0498046875,0.9110218332792444
2012-08-20,5,634.1,251.5625,107.1875,107.1875,107.1875,0.0,0.0,82.861328125,71.25,91.71875,198.07861328125,0.2470241602828521
2012-08-20,6,611.3,285.9375,113.90625,113.90625,113.90625,0.0,0.0,230.27587890625,116.953125,289.296875,186.96533203125,0.7484229386880971
2012-08-20,6,634.1,252.421875,124.375,124.375,124.375,0.0,0.0,79.248046875,69.53125,90.859375,215.69091796875,0.2691312384473198
2012-08-20,7,611.3,250.78125,132.890625,132.890625,132.890625,0.0,0.0,216.11572265625,107.1875,290.625,177.84912109375,0.8487929417878244
2012-08-20,7,634.1,254.53125,132.03125,132.03125,132.03125,0.0,0.0,79.94140625,65.3125,89.609375,209.970703125,0.3039335450769607
2012-08-20,8,611.3,290.625,88.671875,88.671875,88.671875,0.0,0.0,206.11328125,78.4375,285.390625,170.55908203125,1.0040746707097508
2012-08-20,8,634.1,255.625,84.84375,84.84375,84.84375,0.0,0.0,80.6689453125,62.96875,93.125,200.947265625,0.3738272501664548
2012-08-20,9,611.3,224.375,108.59375,108.59375,108.59375,0.0,0.0,214.62158203125,97.734375,290.0,173.095703125,0.895835466220751
2012-08-20,9,634.1,255.15625,115.859375,115.859375,115.859375,0.0,0.0,80.654296875,68.515625,91.875,207.333984375,0.2896234410945635
2012-08-21,0,611.3,240.78125,113.984375,113.984375,113.984375,0.0,0.0,212.77587890625,91.484375,289.53125,175.966796875,0.9307769095728202
2012-08-21,0,634.1,260.546875,120.546875,120.546875,120.546875,0.0,0.0,79.75830078125,53.046875,91.71875,209.06982421875,0.48486332608895283
2012-08-21,1,611.3,279.921875,94.84375,94.84375,94.84375,0.0,0.0,209.68505859375,69.140625,291.484375,164.35546875,1.0603700210742022
2012-08-21,1,634.1,254.453125,96.953125,96.953125,96.953125,0.0,0.0,82.43408203125,65.625,93.515625,196.31103515625,0.33833851621501554
2012-08-21,2,611.3,212.109375,106.25,106.25,106.25,0.0,0.0,204.404296875,72.34375,290.234375,164.5458984375,1.0659786918924083
2012-08-21,2,634.1,254.609375,107.34375,107.34375,107.34375,0.0,0.0,82.255859375,65.078125,93.046875,197.81005859375,0.34002137005817407
2012-08-21,3,611.3,223.59375,88.984375,88.984375,88.984375,0.0,0.0,209.6240234375,85.15625,287.265625,169.08935546875,0.9641517784351634
2012-08-21,3,634.1,252.65625,85.46875,85.46875,85.46875,0.0,0.0,82.33154296875,69.296875,93.828125,199.3896484375,0.2979568840257391
2012-08-21,4,611.3,252.65625,112.1875,112.1875,112.1875,0.0,0.0,217.392578125,98.671875,291.40625,164.24072265625,0.8865729302367369
2012-08-21,4,634.1,251.015625,117.03125,117.03125,117.03125,0.0,0.0,83.31298828125,72.265625,93.515625,197.39501953125,0.2550622710622711
2012-08-21,5,611.3,204.21875,85.0,85.0,85.0,0.0,0.0,208.09326171875,88.828125,290.546875,162.6220703125,0.9693670440546723
2012-08-21,5,634.1,252.578125,78.59375,78.59375,78.59375,0.0,0.0,84.00390625,69.21875,92.03125,193.095703125,0.2715647523831667
2012-08-21,6,611.3,238.828125,117.265625,117.265625,117.265625,0.0,0.0,211.65771484375,103.125,288.046875,174.17236328125,0.8736836034373378
2012-08-21,6,634.1,254.375,124.375,124.375,124.375,0.0,0.0,80.908203125,66.171875,91.328125,205.703125,0.3109233554616777
2012-08-21,7,611.3,212.96875,113.984375,113.984375,113.984375,0.0,0.0,215.93505859375,92.5,291.09375,167.4462890625,0.9196920189492012
2012-08-21,7,634.1,252.8125,114.6875,114.6875,114.6875,0.0,0.0,81.6455078125,68.75,91.484375,202.96630859375,0.27845224567908616
2012-08-21,8,611.3,277.890625,92.109375,92.109375,92.109375,0.0,0.0,214.833984375,68.75,289.6875,167.24365234375,1.028410382290104
2012-08-21,8,634.1,251.796875,86.484375,86.484375,86.484375,0.0,0.0,82.05322265625,70.78125,92.8125,198.53271484375,0.2684995090600732
2012-08-21,9,611.3,220.625,115.546875,115.546875,115.546875,0.0,0.0,214.53369140625,100.234375,287.578125,171.181640625,0.8732602733490378
2012-08-21,9,634.1,254.609375,120.078125,120.078125,120.078125,0.0,0.0,80.537109375,65.15625,90.390625,207.12646484375,0.31332605796047047
2012-08-22,0,611.3,260.0,122.578125,122.578125,122.578125,0.0,0.0,215.4150390625,103.75,283.046875,178.8232421875,0.8323322075390439
2012-08-22,0,634.1,261.09375,128.4375,128.4375,128.4375,0.0,0.0,79.4921875,51.40625,91.640625,212.66845703125,0.5061425061425061
2012-08-22,1,611.3,252.34375,112.65625,112.65625,112.65625,0.0,0.0,211.943359375,71.5625,290.859375,164.45556640625,1.0346956641938903
2012-08-22,1,634.1,251.71875,118.4375,118.4375,118.4375,0.0,0.0,85.4345703125,75.078125,93.4375,192.03857421875,0.2148939818254558
2012-08-22,2,611.3,240.390625,102.34375,102.34375,102.34375,0.0,0.0,214.57275390625,72.265625,279.765625,166.6552734375,0.967037968346437
2012-08-22,2,634.1,246.875,101.25,101.25,101.25,0.0,0.0,85.0390625,74.140625,93.203125,194.27734375,0.22416169039963252
2012-08-22,3,611.3,226.484375,89.84375,89.84375,89.84375,0.0,0.0,211.982421875,84.53125,290.9375,165.55908203125,0.9736951213894135
2012-08-22,3,634.1,235.859375,95.234375,95.234375,95.234375,0.0,0.0,85.712890625,77.03125,94.140625,191.94580078125,0.19961262390338386
2012-08-22,4,611.3,268.59375,115.546875,115.546875,115.546875,0.0,0.0,230.96923828125,105.625,291.5625,177.5537109375,0.8050314465408805
2012-08-22,4,634.1,249.921875,124.609375,124.609375,124.609375,0.0,0.0,82.1533203125,73.28125,91.015625,207.4267578125,0.21586924219910847
2012-08-22,5,611.3,203.59375,90.0,90.0,90.0,0.0,0.0,213.4033203125,63.828125,289.84375,163.7158203125,1.0591007893833657
2012-08-22,5,634.1,245.234375,84.6875,84.6875,84.6875,0.0,0.0,85.66650390625,78.203125,93.515625,192.46337890625,0.17874547579013367
2012-08-22,6,611.3,243.359375,118.984375,118.984375,118.984375,0.0,0.0,220.537109375,95.0,282.96875,175.908203125,0.8523225435061772
2012-08-22,6,634.1,252.03125,124.21875,124.21875,124.21875,0.0,0.0,84.3408203125,71.875,91.25,198.50341796875,0.22972268858912753
2012-08-22,7,611.3,219.53125,132.03125,132.03125,132.03125,0.0,0.0,223.92822265625,95.3125,290.625,173.88916015625,0.8722102899008951
2012-08-22,7,634.1,250.703125,135.859375,135.859375,135.859375,0.0,0.0,82.85888671875,72.96875,90.0,204.2431640625,0.2055452429358555
2012-08-22,8,611.3,233.046875,91.25,91.25,91.25,0.0,0.0,214.02099609375,68.75,289.84375,162.12890625,1.0330470095707425
2012-08-22,8,634.1,239.6875,87.65625,87.65625,87.65625,0.0,0.0,85.16357421875,75.3125,94.453125,192.1484375,0.2247513115271049
2012-08-22,9,611.3,223.671875,125.078125,125.078125,125.078125,0.0,0.0,222.5048828125,85.46875,290.0,167.32177734375,0.919221400513507
2012-08-22,9,634.1,253.203125,129.609375,129.609375,129.609375,0.0,0.0,83.662109375,73.671875,93.203125,200.55419921875,0.2334539512081242
2012-08-23,0,611.3,228.359375,120.46875,120.46875,120.46875,0.0,0.0,219.8583984375,104.140625,291.328125,173.916015625,0.851400270948542
2012-08-23,0,634.1,258.59375,127.34375,127.34375,127.34375,0.0,0.0,81.669921875,59.0625,91.015625,204.2724609375,0.3912471601100084
2012-08-23,1,611.3,218.359375,93.359375,93.359375,93.359375,0.0,0.0,208.603515625,77.421875,290.234375,161.8798828125,1.020176958007584
2012-08-23,1,634.1,244.296875,99.0625,99.0625,99.0625,0.0,0.0,85.654296875,76.25,92.65625,189.72900390625,0.19154030327214686
2012-08-23,2,611.3,190.859375,90.859375,90.859375,90.859375,0.0,0.0,196.3525390625,96.40625,270.78125,155.10986328125,0.8880710218088678
2012-08-23,2,634.1,221.09375,97.96875,97.96875,97.96875,0.0,0.0,87.63671875,80.9375,93.90625,182.958984375,0.14798306217963003
2012-08-23,3,611.3,220.859375,95.859375,95.859375,95.859375,0.0,0.0,193.50341796875,64.765625,282.03125,150.7861328125,1.1227999343923087
2012-08-23,3,634.1,228.671875,96.171875,96.171875,96.171875,0.0,0.0,87.86865234375,78.203125,94.6875,177.87353515625,0.18760245616959795
2012-08-23,4,611.3,225.625,89.921875,89.921875,89.921875,0.0,0.0,210.7666015625,102.421875,290.15625,159.67529296875,0.8907216494845361
2012-08-23,4,634.1,251.25,98.4375,98.4375,98.4375,0.0,0.0,85.43701171875,71.796875,93.515625,192.5048828125,0.2542077439634233
2012-08-23,5,611.3,198.515625,100.859375,100.859375,100.859375,0.0,0.0,202.470703125,81.40625,281.875,157.5830078125,0.990112381227994
2012-08-23,5,634.1,247.578125,104.296875,104.296875,104.296875,0.0,0.0,86.62109375,76.484375,93.28125,186.2109375,0.1939120631341601
2012-08-23,6,611.3,239.21875,114.453125,114.453125,114.453125,0.0,0.0,213.8232421875,95.46875,281.640625,168.05908203125,0.8706811901988993
2012-08-23,6,634.1,252.421875,122.578125,122.578125,122.578125,0.0,0.0,85.0537109375,73.984375,91.71875,194.84619140625,0.20850795108789252
2012-08-23,7,611.3,201.09375,110.234375,110.234375,110.234375,0.0,0.0,209.765625,85.078125,290.234375,161.03515625,0.9780260707635009
2012-08-23,7,634.1,250.9375,116.484375,116.484375,116.484375,0.0,0.0,84.40673828125,72.421875,92.34375,194.35791015625,0.23602232956353222
2012-08-23,8,611.3,232.578125,105.390625,105.390625,105.390625,0.0,0.0,210.70068359375,82.1875,289.765625,162.58544921875,0.9851801212008853
2012-08-23,8,634.1,231.484375,108.203125,108.203125,108.203125,0.0,0.0,85.44921875,78.125,92.5,189.8193359375,0.16822857142857142
2012-08-23,9,611.3,218.203125,115.0,115.0,115.0,0.0,0.0,212.7880859375,98.984375,290.15625,164.0673828125,0.8984143738956837
2012-08-23,9,634.1,252.96875,122.109375,122.109375,122.109375,0.0,0.0,85.34912109375,74.140625,91.328125,193.25439453125,0.20137875797362625
2012-08-24,0,611.3,214.6875,110.0,110.0,110.0,0.0,0.0,209.83642578125,101.953125,290.625,173.52294921875,0.8991378608244424
2012-08-24,0,634.1,261.015625,114.6875,114.6875,114.6875,0.0,0.0,81.27685546875,51.640625,88.4375,202.20947265625,0.45273497341623864
2012-08-24,1,611.3,256.40625,97.265625,97.265625,97.265625,0.0,0.0,200.1171875,77.265625,290.15625,157.568359375,1.0638297872340425
2012-08-24,1,634.1,248.90625,98.59375,98.59375,98.59375,0.0,0.0,85.97412109375,78.125,92.96875,182.90771484375,0.17265369870793695
2012-08-24,2,611.3,198.28125,104.0625,104.0625,104.0625,0.0,0.0,200.82763671875,63.203125,288.28125,157.42919921875,1.120752744380554
2012-08-24,2,634.1,250.625,103.828125,103.828125,103.828125,0.0,0.0,85.29541015625,73.046875,93.75,185.0732421875,0.24272261499270115
2012-08-24,3,611.3,232.03125,68.75,68.75,68.75,0.0,0.0,197.548828125,51.328125,288.90625,157.021484375,1.2026298877848633
2012-08-24,3,634.1,238.671875,51.328125,51.328125,51.328125,0.0,0.0,85.966796875,76.25,94.140625,181.31591796875,0.2081108712938771
2012-08-24,4,611.3,250.78125,105.46875,105.46875,105.46875,0.0,0.0,214.46044921875,93.046875,291.40625,167.70263671875,0.9249228737634189
2012-08-24,4,634.1,250.625,106.5625,106.5625,106.5625,0.0,0.0,83.6767578125,70.78125,92.890625,194.619140625,0.26422360973332554
2012-08-24,5,611.3,206.25,78.203125,78.203125,78.203125,0.0,0.0,199.29931640625,49.609375,285.546875,154.78515625,1.183834968701383
2012-08-24,5,634.1,251.328125,63.203125,63.203125,63.203125,0.0,0.0,85.45654296875,74.453125,93.4375,183.25439453125,0.22215238693826245
2012-08-24,6,611.3,235.0,113.4375,113.4375,113.4375,0.0,0.0,211.37451171875,102.65625,289.84375,165.39794921875,0.8855727139375599
2012-08-24,6,634.1,250.78125,114.140625,114.140625,114.140625,0.0,0.0,84.14306640625,72.734375,92.96875,193.46923828125,0.240475845060206
2012-08-24,7,611.3,209.53125,89.21875,89.21875,89.21875,0.0,0.0,203.98193359375,62.96875,291.40625,163.3740234375,1.119890845112566
2012-08-24,7,634.1,253.125,79.21875,79.21875,79.21875,0.0,0.0,83.11767578125,68.125,92.5,192.47802734375,0.29325892201498016
2012-08-24,8,611.3,221.015625,109.765625,109.765625,109.765625,0.0,0.0,204.52392578125,75.390625,287.1875,161.99951171875,1.0355603834170914
2012-08-24,8,634.1,252.5,110.3125,110.3125,110.3125,0.0,0.0,83.28125,69.296875,92.1875,191.94091796875,0.274859287054409
2012-08-24,9,611.3,228.28125,103.828125,103.828125,103.828125,0.0,0.0,215.93505859375,84.84375,290.859375,170.50537109375,0.954062885117641
2012-08-24,9,634.1,251.953125,104.296875,104.296875,104.296875,0.0,0.0,81.25244140625,70.46875,91.40625,203.59619140625,0.25768456476668367
2012-08-25,0,611.3,207.34375,114.53125,114.53125,114.53125,0.0,0.0,211.56005859375,104.84375,291.5625,171.3232421875,0.8825803473544516
2012-08-25,0,634.1,260.234375,114.6875,114.6875,114.6875,0.0,0.0,82.3193359375,53.4375,91.328125,199.3310546875,0.46028827332582006
2012-08-25,1,611.3,240.15625,103.90625,103.90625,103.90625,0.0,0.0,217.5341796875,73.75,291.328125,172.64892578125,1.0002020156674374
2012-08-25,1,634.1,246.40625,108.59375,108.59375,108.59375,0.0,0.0,83.43017578125,75.078125,92.1875,196.9189453125,0.20507418137125802
2012-08-25,2,611.3,208.125,101.953125,101.953125,101.953125,0.0,0.0,209.0869140625,72.734375,284.296875,167.55615234375,1.0118399850540623
2012-08-25,2,634.1,251.328125,101.015625,101.015625,101.015625,0.0,0.0,83.58154296875,71.71875,91.796875,195.6591796875,0.2402219950343216
2012-08-25,3,611.3,240.546875,102.265625,102.265625,102.265625,0.0,0.0,209.3896484375,68.046875,290.0,169.0185546875,1.060000466385281
2012-08-25,3,634.1,250.859375,95.078125,95.078125,95.078125,0.0,0.0,82.8515625,72.578125,93.828125,197.8662109375,0.2564827911362565
2012-08-25,4,611.3,286.953125,133.75,133.75,133.75,0.0,0.0,223.48876953125,112.734375,288.4375,182.10205078125,0.7861832402966976
2012-08-25,4,634.1,244.53125,135.859375,135.859375,135.859375,0.0,0.0,82.646484375,74.6875,90.0,202.15576171875,0.18527708850289495
2012-08-25,5,611.3,199.21875,92.109375,92.109375,92.109375,0.0,0.0,203.80859375,103.59375,288.125,164.57763671875,0.905414470531864
2012-08-25,5,634.1,247.8125,85.46875,85.46875,85.46875,0.0,0.0,85.02685546875,73.828125,93.046875,189.54345703125,0.22603152726333017
2012-08-25,6,611.3,274.453125,135.0,135.0,135.0,0.0,0.0,223.84765625,105.3125,290.234375,181.52587890625,0.8261059244394032
2012-08-25,6,634.1,252.421875,134.0625,134.0625,134.0625,0.0,0.0,81.99462890625,69.453125,91.953125,203.84521484375,0.2744082179544439
2012-08-25,7,611.3,229.765625,110.390625,110.390625,110.390625,0.0,0.0,216.89208984375,103.125,290.15625,173.64013671875,0.8623239793334009
2012-08-25,7,634.1,250.78125,116.5625,116.5625,116.5625,0.0,0.0,83.24951171875,72.734375,89.296875,197.91748046875,0.19895011583917416
2012-08-25,8,611.3,235.9375,134.6875,134.6875,134.6875,0.0,0.0,216.14013671875,95.15625,288.984375,172.34130859375,0.8967706227197253
2012-08-25,8,634.1,245.234375,129.453125,129.453125,129.453125,0.0,0.0,82.96630859375,74.53125,92.734375,198.2373046875,0.21940381955683724
2012-08-25,9,611.3,227.8125,123.515625,123.515625,123.515625,0.0,0.0,213.07861328125,114.296875,290.234375,180.0341796875,0.825692908784674
2012-08-25,9,634.1,256.171875,122.34375,122.34375,122.34375,0.0,0.0,78.88427734375,61.953125,88.359375,210.849609375,0.3347466806969763
2012-08-26,0,611.3,210.78125,123.75,123.75,123.75,0.0,0.0,201.875,61.09375,284.453125,180.9375,1.1064241486068112
2012-08-26,0,634.1,264.6875,130.46875,130.46875,130.46875,0.0,0.0,77.79052734375,43.28125,90.15625,213.2080078125,0.6025797947462574
2012-08-26,1,611.3,268.046875,151.640625,151.640625,151.640625,0.0,0.0,226.7578125,142.1875,290.625,185.97900390625,0.6546080964685616
2012-08-26,1,634.1,252.734375,169.765625,169.765625,169.765625,0.0,0.0,80.96923828125,68.90625,89.453125,210.60302734375,0.25376149555254035
2012-08-26,2,611.3,270.3125,152.890625,152.890625,152.890625,0.0,0.0,224.8486328125,136.484375,290.703125,192.3291015625,0.6858780863862407
2012-08-26,2,634.1,256.796875,152.109375,152.109375,152.109375,0.0,0.0,78.2666015625,60.703125,89.453125,217.08984375,0.3673342067502651
2012-08-26,3,611.3,242.578125,119.453125,119.453125,119.453125,0.0,0.0,216.75537109375,101.71875,288.984375,179.716796875,0.8639491794600318
2012-08-26,3,634.1,252.03125,123.125,123.125,123.125,0.0,0.0,82.109375,70.234375,94.296875,204.3603515625,0.29305423406279735
2012-08-26,4,611.3,253.4375,133.59375,133.59375,133.59375,0.0,0.0,230.56884765625,122.96875,286.25,188.4375,0.7081670037377834
2012-08-26,4,634.1,253.046875,138.59375,138.59375,138.59375,0.0,0.0,79.6484375,68.203125,88.671875,214.58740234375,0.25698871996076506
2012-08-26,5,611.3,220.625,114.84375,114.84375,114.84375,0.0,0.0,209.2822265625,101.328125,287.890625,170.8154296875,0.8914397704206621
2012-08-26,5,634.1,253.28125,116.875,116.875,116.875,0.0,0.0,83.3837890625,67.8125,92.1875,199.2236328125,0.29232300755402
2012-08-26,6,611.3,290.46875,144.53125,144.53125,144.53125,0.0,0.0,222.236328125,120.0,289.296875,186.6015625,0.7617875818429494
2012-08-26,6,634.1,252.578125,150.703125,150.703125,150.703125,0.0,0.0,79.61181640625,69.140625,90.625,213.57177734375,0.26986414793461927
2012-08-26,7,611.3,216.171875,140.078125,140.078125,140.078125,0.0,0.0,216.95068359375,127.734375,276.484375,181.3671875,0.6856396925604582
2012-08-26,7,634.1,253.75,145.078125,145.078125,145.078125,0.0,0.0,79.5263671875,66.796875,89.0625,213.08837890625,0.27997789648185667
2012-08-26,8,611.3,248.125,145.859375,145.859375,145.859375,0.0,0.0,217.890625,117.34375,290.078125,183.642578125,0.7927572606669057
2012-08-26,8,634.1,256.09375,145.234375,145.234375,145.234375,0.0,0.0,78.7646484375,62.1875,90.390625,212.30224609375,0.3580683156654888
2012-08-26,9,611.3,231.171875,135.15625,135.15625,135.15625,0.0,0.0,235.30517578125,150.78125,288.4375,186.54052734375,0.5850115686701736
2012-08-26,9,634.1,255.78125,165.625,165.625,165.625,0.0,0.0,80.2685546875,69.765625,88.359375,214.19677734375,0.23164426059979318
2012-08-27,0,611.3,250.703125,110.859375,110.859375,110.859375,0.0,0.0,211.25,97.734375,288.515625,168.77197265625,0.9031065088757396
2012-08-27,0,634.1,259.53125,121.328125,121.328125,121.328125,0.0,0.0,81.7236328125,60.078125,92.96875,202.03857421875,0.40246161199737107
2012-08-27,1,611.3,281.71875,120.703125,120.703125,120.703125,0.0,0.0,212.0068359375,98.828125,287.65625,171.5283203125,0.890669983187084
2012-08-27,1,634.1,254.0625,127.5,127.5,127.5,0.0,0.0,82.03369140625,66.328125,93.515625,202.451171875,0.33141870777655424
2012-08-27,2,611.3,252.578125,111.25,111.25,111.25,0.0,0.0,209.287109375,105.078125,286.5625,172.71484375,0.8671550557603471
2012-08-27,2,634.1,254.53125,118.28125,118.28125,118.28125,0.0,0.0,81.103515625,65.390625,90.46875,204.0625,0.30921131848284167
2012-08-27,3,611.3,237.265625,102.265625,102.265625,102.265625,0.0,0.0,209.0283203125,73.90625,291.09375,164.21875,1.039033848022612
2012-08-27,3,634.1,254.53125,112.734375,112.734375,112.734375,0.0,0.0,83.330078125,65.390625,94.140625,195.26611328125,0.3450134770889488
2012-08-27,4,611.3,271.328125,124.21875,124.21875,124.21875,0.0,0.0,221.533203125,110.9375,283.984375,177.48046875,0.7811329072074058
2012-08-27,4,634.1,252.265625,137.5,137.5,137.5,0.0,0.0,81.7431640625,69.765625,91.328125,205.9619140625,0.26378352547637535
2012-08-27,5,611.3,225.9375,96.09375,96.09375,96.09375,0.0,0.0,209.111328125,101.40625,282.1875,163.85986328125,0.8645215523280251
2012-08-27,5,634.1,250.859375,104.453125,104.453125,104.453125,0.0,0.0,84.1015625,72.65625,92.578125,194.38720703125,0.2368787738039944
2012-08-27,6,611.3,244.296875,117.8125,117.8125,117.8125,0.0,0.0,205.21240234375,101.71875,290.625,181.591796875,0.9205401225388139
2012-08-27,6,634.1,256.5625,129.375,129.375,129.375,0.0,0.0,78.49365234375,61.171875,91.40625,211.669921875,0.3851824204534851
2012-08-27,7,611.3,247.109375,137.34375,137.34375,137.34375,0.0,0.0,216.4990234375,103.515625,285.078125,173.16162109375,0.8386296488418774
2012-08-27,7,634.1,254.21875,141.5625,141.5625,141.5625,0.0,0.0,81.4599609375,65.9375,90.9375,204.8974609375,0.30689923874602887
2012-08-27,8,611.3,261.5625,99.921875,99.921875,99.921875,0.0,0.0,205.283203125,67.578125,286.953125,162.62451171875,1.0686456400742115
2012-08-27,8,634.1,253.671875,108.59375,108.59375,108.59375,0.0,0.0,82.18994140625,67.03125,95.078125,196.34521484375,0.3412446160701025
2012-08-27,9,611.3,240.78125,112.109375,112.109375,112.109375,0.0,0.0,215.25146484375,87.421875,291.09375,171.51611328125,0.9462043621763244
2012-08-27,9,634.1,252.578125,120.390625,120.390625,120.390625,0.0,0.0,81.62353515625,70.234375,92.65625,204.20654296875,0.2746986510334101
2012-08-28,0,611.3,246.796875,101.015625,101.015625,101.015625,0.0,0.0,206.62841796875,94.609375,290.078125,170.43701171875,0.9459916110356236
2012-08-28,0,634.1,258.046875,111.796875,111.796875,111.796875,0.0,0.0,82.03857421875,58.046875,92.34375,199.0673828125,0.41805791149599736
2012-08-28,1,611.3,262.578125,98.4375,98.4375,98.4375,0.0,0.0,207.5341796875,72.8125,286.953125,164.97802734375,1.0318330470790298
2012-08-28,1,634.1,252.34375,109.375,109.375,109.375,0.0,0.0,83.48388671875,69.609375,93.359375,193.3349609375,0.2844860359701711
2012-08-28,2,611.3,204.53125,86.71875,86.71875,86.71875,0.0,0.0,202.02880859375,63.515625,288.125,158.83544921875,1.111769042065957
2012-08-28,2,634.1,251.328125,86.640625,86.640625,86.640625,0.0,0.0,84.326171875,71.71875,92.96875,190.63232421875,0.2519976838448176
2012-08-28,3,611.3,237.265625,87.1875,87.1875,87.1875,0.0,0.0,197.119140625,50.46875,290.9375,157.33642578125,1.2199157790438444
2012-08-28,3,634.1,251.09375,86.09375,86.09375,86.09375,0.0,0.0,85.6201171875,72.1875,94.453125,183.359375,0.2600513259195894
2012-08-28,4,611.3,299.6875,108.90625,108.90625,108.90625,0.0,0.0,216.78955078125,90.46875,290.15625,172.34375,0.9211121997364776
2012-08-28,4,634.1,252.1875,116.328125,116.328125,116.328125,0.0,0.0,82.11181640625,69.921875,92.96875,201.8212890625,0.2806767163202807
2012-08-28,5,611.3,235.390625,87.265625,87.265625,87.265625,0.0,0.0,203.54736328125,57.34375,290.234375,160.30029296875,1.1441593801350558
2012-08-28,5,634.1,247.734375,86.015625,86.015625,86.015625,0.0,0.0,85.20263671875,75.0,93.515625,186.94091796875,0.21731281698616006
2012-08-28,6,611.3,236.640625,109.609375,109.609375,109.609375,0.0,0.0,215.7470703125,86.71875,291.484375,170.59814453125,0.9491003734298971
2012-08-28,6,634.1,253.359375,120.078125,120.078125,120.078125,0.0,0.0,82.79296875,72.03125,92.34375,199.38232421875,0.24534088228355744
2012-08-28,7,611.3,240.15625,113.90625,113.90625,113.90625,0.0,0.0,216.08154296875,103.75,288.828125,176.09619140625,0.8565198232908131
2012-08-28,7,634.1,252.578125,120.859375,120.859375,120.859375,0.0,0.0,80.61279296875,69.21875,91.484375,205.98876953125,0.27620460946727643
2012-08-28,8,611.3,252.03125,88.4375,88.4375,88.4375,0.0,0.0,203.06884765625,61.015625,289.921875,161.81884765625,1.1272346922827223
2012-08-28,8,634.1,253.75,90.859375,90.859375,90.859375,0.0,0.0,82.587890625,66.875,93.59375,193.08349609375,0.323518978361121
2012-08-28,9,611.3,235.390625,114.21875,114.21875,114.21875,0.0,0.0,208.53515625,75.078125,290.3125,164.60693359375,1.032125128781493
2012-08-28,9,634.1,252.34375,120.546875,120.546875,120.546875,0.0,0.0,82.6953125,69.6875,93.515625,197.705078125,0.28814359943316015
2012-08-29,0,611.3,223.4375,126.5625,126.5625,126.5625,0.0,0.0,214.09423828125,114.6875,291.5625,170.50048828125,0.8261548812333938
2012-08-29,0,634.1,261.171875,137.5,137.5,137.5,0.0,0.0,82.00927734375,51.328125,92.265625,203.4619140625,0.4991813283319937
2012-08-29,1,611.3,239.53125,148.90625,148.90625,148.90625,0.0,0.0,221.26220703125,135.0,291.484375,171.99951171875,0.7072349910072935
2012-08-29,1,634.1,251.015625,160.15625,160.15625,160.15625,0.0,0.0,84.11376953125,75.625,91.40625,200.0244140625,0.18761791426000637
2012-08-29,2,611.3,206.640625,100.9375,100.9375,100.9375,0.0,0.0,211.35986328125,115.9375,289.84375,163.65966796875,0.8227969459300244
2012-08-29,2,634.1,246.640625,115.9375,115.9375,115.9375,0.0,0.0,85.51513671875,74.140625,93.828125,194.12353515625,0.23022239986296286
2012-08-29,3,611.3,244.765625,81.640625,81.640625,81.640625,0.0,0.0,214.56787109375,89.6875,290.46875,167.71728515625,0.9357470388112007
2012-08-29,3,634.1,250.859375,87.34375,87.34375,87.34375,0.0,0.0,84.49462890625,72.578125,93.828125,196.8701171875,0.25149527579531333
2012-08-29,4,611.3,257.734375,130.9375,130.9375,130.9375,0.0,0.0,221.52587890625,124.453125,288.828125,172.578125,0.7420126299084167
2012-08-29,4,634.1,251.015625,141.40625,141.40625,141.40625,0.0,0.0,83.28369140625,72.34375,92.5,203.19580078125,0.2420191715768182
2012-08-29,5,611.3,225.859375,111.484375,111.484375,111.484375,0.0,0.0,216.44287109375,108.671875,290.3125,166.494140625,0.8392081664880717
2012-08-29,5,634.1,239.53125,119.0625,119.0625,119.0625,0.0,0.0,84.94384765625,76.015625,92.578125,196.0791015625,0.19498174920242578
2012-08-29,6,611.3,252.109375,150.078125,150.078125,150.078125,0.0,0.0,219.34814453125,122.5,283.828125,174.3798828125,0.7354888975457733
2012-08-29,6,634.1,248.828125,161.484375,161.484375,161.484375,0.0,0.0,83.98681640625,73.59375,91.484375,200.7177734375,0.21301706345745763
2012-08-29,7,611.3,237.5,100.15625,100.15625,100.15625,0.0,0.0,219.49951171875,93.125,290.78125,171.73095703125,0.900486057815298
2012-08-29,7,634.1,252.34375,111.25,111.25,111.25,0.0,0.0,81.79443359375,69.609375,92.96875,204.88037109375,0.2855863654001134
2012-08-29,8,611.3,242.65625,96.484375,96.484375,96.484375,0.0,0.0,213.759765625,89.453125,291.25,162.87841796875,0.9440358170770706
2012-08-29,8,634.1,250.15625,109.921875,109.921875,109.921875,0.0,0.0,84.4091796875,73.28125,93.90625,195.81787109375,0.244345461907792
2012-08-29,9,611.3,239.53125,125.78125,125.78125,125.78125,0.0,0.0,219.892578125,113.828125,288.59375,169.3701171875,0.7947772793889062
2012-08-29,9,634.1,252.421875,136.09375,136.09375,136.09375,0.0,0.0,82.57080078125,71.328125,93.046875,205.11962890625,0.26303184412051683
2012-08-30,0,611.3,259.21875,97.421875,97.421875,97.421875,0.0,0.0,209.052734375,90.390625,283.59375,170.80078125,0.924183678236091
2012-08-30,0,634.1,257.96875,98.75,98.75,98.75,0.0,0.0,81.44287109375,58.125,91.875,200.888671875,0.4144009112983003
2012-08-30,1,611.3,222.96875,98.359375,98.359375,98.359375,0.0,0.0,203.818359375,76.484375,288.359375,160.009765625,1.0395285324133965
2012-08-30,1,634.1,250.625,106.015625,106.015625,106.015625,0.0,0.0,85.98388671875,77.421875,93.4375,186.80419921875,0.18626309662398138
2012-08-30,2,611.3,220.703125,89.21875,89.21875,89.21875,0.0,0.0,198.76220703125,77.03125,289.6875,156.47216796875,1.069902841069608
2012-08-30,2,634.1,242.578125,81.40625,81.40625,81.40625,0.0,0.0,85.99365234375,75.234375,93.28125,184.2041015625,0.20986287369048634
2012-08-30,3,611.3,233.671875,92.5,92.5,92.5,0.0,0.0,199.80712890625,72.421875,289.609375,158.30322265625,1.0869857406434427
2012-08-30,3,634.1,233.515625,86.484375,86.484375,86.484375,0.0,0.0,86.00341796875,77.65625,94.140625,183.05908203125,0.19167116132511994
2012-08-30,4,611.3,236.875,94.609375,94.609375,94.609375,0.0,0.0,217.6416015625,96.71875,290.625,170.76416015625,0.890942947524286
2012-08-30,4,634.1,241.953125,94.84375,94.84375,94.84375,0.0,0.0,83.59619140625,75.0,92.34375,197.12890625,0.20747057620980697
2012-08-30,5,611.3,196.875,89.140625,89.140625,89.140625,0.0,0.0,197.49755859375,71.171875,290.15625,156.70654296875,1.1087953519995055
2012-08-30,5,634.1,244.0625,82.8125,82.8125,82.8125,0.0,0.0,86.19384765625,74.84375,93.671875,182.9541015625,0.21843931454468205
2012-08-30,6,611.3,238.4375,112.734375,112.734375,112.734375,0.0,0.0,209.8681640625,100.234375,287.890625,167.7880859375,0.8941625369349248
2012-08-30,6,634.1,251.25,116.40625,116.40625,116.40625,0.0,0.0,84.84619140625,75.15625,91.71875,191.8798828125,0.1952061692515754
2012-08-30,7,611.3,233.28125,108.203125,108.203125,108.203125,0.0,0.0,210.73974609375,72.265625,288.515625,165.10498046875,1.0261471981834822
2012-08-30,7,634.1,250.9375,108.515625,108.515625,108.515625,0.0,0.0,82.80029296875,72.421875,92.5,195.4833984375,0.24248857437711926
2012-08-30,8,611.3,240.625,90.3125,90.3125,90.3125,0.0,0.0,204.1748046875,65.0,288.046875,159.66552734375,1.0924309458328352
2012-08-30,8,634.1,244.765625,82.734375,82.734375,82.734375,0.0,0.0,84.4482421875,74.6875,93.828125,188.193359375,0.22665510263081814
2012-08-30,9,611.3,219.21875,106.640625,106.640625,106.640625,0.0,0.0,213.49853515625,92.421875,288.984375,162.69287109375,0.9206737641368111
2012-08-30,9,634.1,252.8125,108.4375,108.4375,108.4375,0.0,0.0,83.14697265625,70.78125,93.28125,197.021484375,0.2706051619344041
2012-08-31,0,611.3,264.0625,101.25,101.25,101.25,0.0,0.0,208.21533203125,73.4375,289.6875,171.73583984375,1.0385882628832737
2012-08-31,0,634.1,259.296875,110.0,110.0,110.0,0.0,0.0,80.28564453125,55.46875,92.1875,203.85009765625,0.45735137600729814
2012-08-31,1,611.3,222.1875,110.859375,110.859375,110.859375,0.0,0.0,220.03173828125,82.265625,286.484375,169.27490234375,0.9281331484049931
2012-08-31,1,634.1,251.484375,115.234375,115.234375,115.234375,0.0,0.0,82.42431640625,71.328125,91.796875,201.30615234375,0.24833387636622137
2012-08-31,2,611.3,236.40625,104.375,104.375,104.375,0.0,0.0,210.1904296875,76.796875,289.453125,165.05615234375,1.0117313633935001
2012-08-31,2,634.1,251.5625,102.109375,102.109375,102.109375,0.0,0.0,82.36572265625,71.171875,92.8125,198.291015625,0.2627382399146338
2012-08-31,3,611.3,231.328125,94.765625,94.765625,94.765625,0.0,0.0,201.71142578125,45.625,290.234375,159.01611328125,1.2126699023250747
2012-08-31,3,634.1,252.265625,87.65625,87.65625,87.65625,0.0,0.0,84.951171875,69.84375,94.6875,186.32568359375,0.29244740774801703
2012-08-31,4,611.3,298.28125,113.359375,113.359375,113.359375,0.0,0.0,225.5615234375,96.71875,285.46875,178.251953125,0.8368005195367464
2012-08-31,4,634.1,247.109375,119.375,119.375,119.375,0.0,0.0,82.3876953125,73.046875,92.1875,203.00537109375,0.2323238309725597
2012-08-31,5,611.3,197.265625,96.953125,96.953125,96.953125,0.0,0.0,204.130859375,64.140625,291.328125,158.47412109375,1.1129502942161413
2012-08-31,5,634.1,253.203125,86.328125,86.328125,86.328125,0.0,0.0,84.30419921875,68.046875,92.96875,188.81591796875,0.29561842981668646
2012-08-31,6,611.3,238.828125,109.453125,109.453125,109.453125,0.0,0.0,216.57470703125,83.125,291.328125,173.35205078125,0.9613455230021757
2012-08-31,6,634.1,252.578125,113.4375,113.4375,113.4375,0.0,0.0,81.16455078125,69.140625,90.859375,204.384765625,0.267589111144533
2012-08-31,7,611.3,244.765625,103.671875,103.671875,103.671875,0.0,0.0,205.5419921875,73.984375,288.59375,176.66015625,1.0441145029100842
2012-08-31,7,634.1,255.234375,96.71875,96.71875,96.71875,0.0,0.0,78.7451171875,63.90625,90.78125,208.0224609375,0.34129100266633594
2012-08-31,8,611.3,254.453125,94.765625,94.765625,94.765625,0.0,0.0,209.34326171875,68.828125,285.625,176.875,1.035604744189301
2012-08-31,8,634.1,254.765625,85.9375,85.9375,85.9375,0.0,0.0,79.9609375,64.765625,91.25,205.47607421875,0.3312164142647777
2012-08-31,9,611.3,240.859375,119.6875,119.6875,119.6875,0.0,0.0,211.298828125,87.5,287.5,174.541015625,0.9465267828257152
2012-08-31,9,634.1,254.6875,117.5,117.5,117.5,0.0,0.0,79.619140625,64.921875,90.3125,209.18701171875,0.31890101803017296
2012-09-01,0,611.3,213.359375,129.921875,129.921875,129.921875,0.0,0.0,206.4111328125,120.3125,290.78125,177.51220703125,0.825869940624039
2012-09-01,0,634.1,260.3125,129.921875,129.921875,129.921875,0.0,0.0,79.5751953125,53.28125,89.453125,208.69140625,0.4545621893600049
2012-09-01,1,611.3,269.765625,156.484375,156.484375,156.484375,0.0,0.0,225.07080078125,138.203125,289.296875,183.41796875,0.6713165345106249
2012-09-01,1,634.1,252.34375,159.84375,159.84375,159.84375,0.0,0.0,80.54443359375,69.765625,91.171875,210.81787109375,0.2657694522748628
2012-09-01,2,611.3,230.15625,102.5,102.5,102.5,0.0,0.0,218.29833984375,106.875,290.859375,178.73779296875,0.8428116087904713
2012-09-01,2,634.1,252.421875,95.9375,95.9375,95.9375,0.0,0.0,81.2548828125,69.453125,88.90625,205.57373046875,0.23940868938164775
2012-09-01,3,611.3,233.75,120.625,120.625,120.625,0.0,0.0,211.52099609375,81.09375,289.0625,173.40576171875,0.9832061773566176
2012-09-01,3,634.1,253.359375,117.8125,117.8125,117.8125,0.0,0.0,81.845703125,67.65625,93.59375,201.21826171875,0.31690729029948694
2012-09-01,4,611.3,290.234375,137.03125,137.03125,137.03125,0.0,0.0,237.2216796875,121.796875,290.78125,190.517578125,0.7123479406376716
2012-09-01,4,634.1,248.90625,138.046875,138.046875,138.046875,0.0,0.0,79.8046875,73.59375,91.09375,213.16162109375,0.219285364659814
2012-09-01,5,611.3,205.3125,82.8125,82.8125,82.8125,0.0,0.0,211.630859375,63.828125,290.9375,171.30859375,1.0731392183101842
2012-09-01,5,634.1,247.109375,71.25,71.25,71.25,0.0,0.0,83.8623046875,74.0625,91.796875,195.078125,0.2114701601164483
2012-09-01,6,611.3,300.0,113.125,113.125,113.125,0.0,0.0,216.17431640625,83.203125,284.53125,188.78173828125,0.9313230560731831
2012-09-01,6,634.1,257.65625,117.03125,117.03125,117.03125,0.0,0.0,77.900390625,58.828125,91.25,213.68896484375,0.41619656512473363
2012-09-01,7,611.3,299.375,162.734375,162.734375,162.734375,0.0,0.0,231.5966796875,132.109375,288.59375,200.37841796875,0.6756762454934536
2012-09-01,7,634.1,253.515625,161.09375,161.09375,161.09375,0.0,0.0,76.376953125,67.265625,83.984375,223.0908203125,0.21889783915100372
2012-09-01,8,611.3,259.296875,133.90625,133.90625,133.90625,0.0,0.0,212.10205078125,72.5,289.453125,182.46826171875,1.0228714159098495
2012-09-01,8,634.1,256.5625,131.796875,131.796875,131.796875,0.0,0.0,79.37744140625,61.09375,91.09375,207.30712890625,0.37794113123981177
2012-09-01,9,611.3,244.375,142.109375,142.109375,142.109375,0.0,0.0,223.01513671875,113.125,289.609375,187.0947265625,0.791356037965122
2012-09-01,9,634.1,255.625,145.15625,145.15625,145.15625,0.0,0.0,78.525390625,65.234375,86.875,214.27978515625,0.2755876134809103
2012-09-02,0,611.3,271.484375,129.609375,129.609375,129.609375,0.0,0.0,215.10498046875,97.34375,290.78125,178.16162109375,0.8992702055455298
2012-09-02,0,634.1,257.96875,131.171875,131.171875,131.171875,0.0,0.0,80.546875,58.203125,91.328125,204.7412109375,0.41125121241513096
2012-09-02,1,611.3,249.375,115.546875,115.546875,115.546875,0.0,0.0,216.90673828125,105.9375,288.59375,177.7001953125,0.8420957847937419
2012-09-02,1,634.1,254.296875,125.3125,125.3125,125.3125,0.0,0.0,81.8212890625,65.703125,92.265625,202.67333984375,0.32464044876767917
2012-09-02,2,611.3,216.328125,88.4375,88.4375,88.4375,0.0,0.0,200.83984375,72.34375,288.125,167.5390625,1.0743946319167559
2012-09-02,2,634.1,253.90625,82.03125,82.03125,82.03125,0.0,0.0,82.36083984375,66.640625,92.65625,195.6396484375,0.31587372165406846
2012-09-02,3,611.3,257.34375,107.34375,107.34375,107.34375,0.0,0.0,208.30810546875,67.8125,284.21875,175.10986328125,1.0388758013665718
2012-09-02,3,634.1,250.78125,100.078125,100.078125,100.078125,0.0,0.0,83.232421875,72.734375,91.71875,194.81689453125,0.22808870116156282
2012-09-02,4,611.3,226.796875,120.15625,120.15625,120.15625,0.0,0.0,217.75390625,127.890625,291.5625,177.79052734375,0.7516369181092475
2012-09-02,4,634.1,246.953125,120.625,120.625,120.625,0.0,0.0,82.7587890625,74.0625,91.09375,200.60791015625,0.2057938521446693
2012-09-02,5,611.3,204.453125,104.296875,104.296875,104.296875,0.0,0.0,210.95458984375,76.09375,291.328125,168.78173828125,1.0202877081717916
2012-09-02,5,634.1,250.078125,101.796875,101.796875,101.796875,0.0,0.0,83.41552734375,73.28125,92.34375,195.24169921875,0.22852459976000233
2012-09-02,6,611.3,239.453125,119.0625,119.0625,119.0625,0.0,0.0,215.72998046875,98.828125,289.375,178.2763671875,0.88326562022566
2012-09-02,6,634.1,251.640625,121.25,121.25,121.25,0.0,0.0,81.7822265625,70.9375,90.703125,203.09814453125,0.24168607081019763
2012-09-02,7,611.3,243.359375,128.671875,128.671875,128.671875,0.0,0.0,217.3876953125,117.8125,285.234375,185.46630859375,0.7701534107499831
2012-09-02,7,634.1,253.203125,124.765625,124.765625,124.765625,0.0,0.0,79.49462890625,69.453125,87.734375,211.025390625,0.2299683670648936
2012-09-02,8,611.3,256.40625,125.859375,125.859375,125.859375,0.0,0.0,209.57275390625,92.8125,287.8125,174.92919921875,0.9304644633683204
2012-09-02,8,634.1,252.65625,124.21875,124.21875,124.21875,0.0,0.0,81.171875,69.0625,89.296875,200.73486328125,0.2492781520692974
2012-09-02,9,611.3,241.640625,138.046875,138.046875,138.046875,0.0,0.0,220.4736328125,106.875,291.40625,185.3759765625,0.8369765021150312
2012-09-02,9,634.1,253.828125,134.375,134.375,134.375,0.0,0.0,79.27490234375,66.640625,88.28125,211.5283203125,0.27298204551753874
2012-09-03,0,611.3,279.21875,104.0625,104.0625,104.0625,0.0,0.0,201.9580078125,67.421875,285.703125,167.61474609375,1.0808249316989436
2012-09-03,0,634.1,257.734375,106.484375,106.484375,106.484375,0.0,0.0,81.03271484375,58.75,92.8125,198.18603515625,0.4203549154891386
2012-09-03,1,611.3,268.4375,110.0,110.0,110.0,0.0,0.0,209.3017578125,95.234375,281.640625,167.4169921875,0.8906100548232824
2012-09-03,1,634.1,252.1875,118.671875,118.671875,118.671875,0.0,0.0,82.85888671875,70.46875,92.1875,198.3447265625,0.26211732814755884
2012-09-03,2,611.3,220.3125,81.796875,81.796875,81.796875,0.0,0.0,199.5361328125,61.015625,287.8125,159.052734375,1.1366205799583997
2012-09-03,2,634.1,244.21875,71.328125,71.328125,71.328125,0.0,0.0,85.02197265625,74.765625,93.75,186.33544921875,0.22328786791098348
2012-09-03,3,611.3,243.125,72.421875,72.421875,72.421875,0.0,0.0,193.85986328125,60.234375,288.671875,153.3984375,1.1783640828663182
2012-09-03,3,634.1,252.109375,59.375,59.375,59.375,0.0,0.0,85.6494140625,70.078125,95.078125,179.47509765625,0.29188757767516105
2012-09-03,4,611.3,267.34375,90.78125,90.78125,90.78125,0.0,0.0,209.91455078125,71.796875,287.578125,170.05126953125,1.0279480350309953
2012-09-03,4,634.1,252.421875,89.375,89.375,89.375,0.0,0.0,82.421875,69.53125,92.890625,197.939453125,0.2834123222748815
2012-09-03,5,611.3,229.6875,78.359375,78.359375,78.359375,0.0,0.0,202.5537109375,52.265625,289.375,159.8486328125,1.1706000048212521
2012-09-03,5,634.1,248.984375,67.34375,67.34375,67.34375,0.0,0.0,84.2431640625,73.59375,93.59375,188.3544921875,0.2374079870167507
2012-09-03,6,611.3,250.234375,113.203125,113.203125,113.203125,0.0,0.0,216.6845703125,94.453125,287.65625,175.99609375,0.8916330531581675
2012-09-03,6,634.1,251.640625,118.4375,118.4375,118.4375,0.0,0.0,82.041015625,71.015625,91.484375,201.10595703125,0.24949410784430426
2012-09-03,7,611.3,245.3125,118.984375,118.984375,118.984375,0.0,0.0,211.376953125,90.9375,282.578125,170.88623046875,0.9066297066297067
2012-09-03,7,634.1,251.796875,116.875,116.875,116.875,0.0,0.0,81.416015625,70.703125,91.25,201.0693359375,0.2523689576586302
2012-09-03,8,611.3,266.328125,91.953125,91.953125,91.953125,0.0,0.0,207.85400390625,60.703125,289.140625,165.712890625,1.0990286244523533
2012-09-03,8,634.1,251.09375,83.203125,83.203125,83.203125,0.0,0.0,82.83447265625,72.34375,93.75,191.5771484375,0.25842199888001416
2012-09-03,9,611.3,246.5625,119.140625,119.140625,119.140625,0.0,0.0,214.05517578125,86.5625,291.09375,170.33935546875,0.955507145545582
2012-09-03,9,634.1,251.5625,118.75,118.75,118.75,0.0,0.0,82.3583984375,72.109375,91.5625,199.1796875,0.2362008655955416
2012-09-04,0,611.3,233.828125,96.25,96.25,96.25,0.0,0.0,204.14306640625,71.015625,284.6875,165.2783203125,1.0466771111137687
2012-09-04,0,634.1,260.390625,96.796875,96.796875,96.796875,0.0,0.0,82.45361328125,52.96875,92.96875,195.5419921875,0.4851212507032245
2012-09-04,1,611.3,237.421875,96.40625,96.40625,96.40625,0.0,0.0,210.68359375,82.109375,291.25,164.5361328125,0.9926763697042736
2012-09-04,1,634.1,250.703125,104.296875,104.296875,104.296875,0.0,0.0,85.009765625,77.890625,92.265625,191.0400390625,0.1690982194141298
2012-09-04,2,611.3,240.703125,98.59375,98.59375,98.59375,0.0,0.0,203.24462890625,66.171875,289.140625,161.1181640625,1.0970462107652945
2012-09-04,2,634.1,251.5625,99.296875,99.296875,99.296875,0.0,0.0,84.28466796875,71.25,94.21875,190.1171875,0.2725139761897865
2012-09-04,3,611.3,252.5,66.25,66.25,66.25,0.0,0.0,194.68505859375,45.703125,290.15625,153.97705078125,1.2556337233362176
2012-09-04,3,634.1,236.09375,51.71875,51.71875,51.71875,0.0,0.0,86.4453125,76.953125,95.859375,177.32177734375,0.21870763669227294
2012-09-04,4,611.3,258.515625,89.140625,89.140625,89.140625,0.0,0.0,212.68310546875,84.609375,289.140625,165.10498046875,0.9616713539574127
2012-09-04,4,634.1,243.4375,93.671875,93.671875,93.671875,0.0,0.0,84.0625,75.0,93.90625,192.75390625,0.22490706319702602
2012-09-04,5,611.3,216.875,95.234375,95.234375,95.234375,0.0,0.0,200.95458984375,59.0625,289.21875,160.2734375,1.1453147209971937
2012-09-04,5,634.1,242.34375,94.140625,94.140625,94.140625,0.0,0.0,85.7470703125,76.875,93.28125,184.31640625,0.19133306759296168
2012-09-04,6,611.3,234.296875,110.078125,110.078125,110.078125,0.0,0.0,211.728515625,100.390625,290.9375,172.9541015625,0.8999584889995849
2012-09-04,6,634.1,253.4375,115.390625,115.390625,115.390625,0.0,0.0,83.3056640625,67.5,91.09375,198.41064453125,0.28321903757106853
2012-09-04,7,611.3,248.046875,98.90625,98.90625,98.90625,0.0,0.0,205.9130859375,68.671875,289.21875,163.88916015625,1.0710677954044248
2012-09-04,7,634.1,253.359375,96.09375,96.09375,96.09375,0.0,0.0,82.78564453125,67.65625,92.578125,193.46923828125,0.3010410215576986
2012-09-04,8,611.3,258.515625,88.828125,88.828125,88.828125,0.0,0.0,203.58154296875,65.3125,289.21875,159.3310546875,1.0998357058054613
2012-09-04,8,634.1,238.75,80.390625,80.390625,80.390625,0.0,0.0,85.02685546875,75.234375,93.359375,185.31494140625,0.21316794441094553
2012-09-04,9,611.3,240.625,103.4375,103.4375,103.4375,0.0,0.0,208.06884765625,95.9375,286.015625,165.55908203125,0.9135347609269581
2012-09-04,9,634.1,252.265625,104.296875,104.296875,104.296875,0.0,0.0,83.99658203125,69.765625,92.734375,193.2080078125,0.27344862665310277
2012-09-05,0,611.3,218.90625,92.109375,92.109375,92.109375,0.0,0.0,199.228515625,65.0,291.328125,159.88037109375,1.136022743983138
2012-09-05,0,634.1,259.453125,87.890625,87.890625,87.890625,0.0,0.0,83.9794921875,55.0,92.578125,187.412109375,0.4474678760393046
2012-09-05,1,611.3,228.4375,87.5,87.5,87.5,0.0,0.0,194.23828125,75.46875,290.625,155.28564453125,1.1076923076923078
2012-09-05,1,634.1,238.828125,88.90625,88.90625,88.90625,0.0,0.0,86.95556640625,78.125,92.734375,180.6884765625,0.16800965830923437
2012-09-05,2,611.3,198.828125,104.765625,104.765625,104.765625,0.0,0.0,191.455078125,79.375,289.765625,157.1142578125,1.0989033409844426
2012-09-05,2,634.1,231.328125,97.265625,97.265625,97.265625,0.0,0.0,86.8994140625,78.203125,92.734375,179.94873046875,0.16721919424622128
2012-09-05,3,611.3,203.984375,65.390625,65.390625,65.390625,0.0,0.0,175.6689453125,37.734375,282.265625,143.88671875,1.3920004447285765
2012-09-05,3,634.1,228.125,48.59375,48.59375,48.59375,0.0,0.0,88.8671875,78.671875,95.625,165.30517578125,0.19076923076923077
2012-09-05,4,611.3,204.6875,82.1875,82.1875,82.1875,0.0,0.0,189.56298828125,73.359375,288.90625,152.0849609375,1.1370725738940048
2012-09-05,4,634.1,246.484375,79.140625,79.140625,79.140625,0.0,0.0,86.97998046875,74.21875,93.75,178.291015625,0.22454879726050467
2012-09-05,5,611.3,222.5,79.453125,79.453125,79.453125,0.0,0.0,189.13818359375,48.203125,282.34375,153.505859375,1.2379341947309315
2012-09-05,5,634.1,241.09375,69.765625,69.765625,69.765625,0.0,0.0,87.0703125,79.296875,94.140625,174.99755859375,0.17048003589053387
2012-09-05,6,611.3,221.171875,110.078125,110.078125,110.078125,0.0,0.0,202.39013671875,72.578125,284.140625,163.9306640625,1.0453202089289377
2012-09-05,6,634.1,247.734375,112.890625,112.890625,112.890625,0.0,0.0,85.2392578125,73.90625,92.578125,187.2216796875,0.21905252907143266
2012-09-05,7,611.3,227.734375,109.6875,109.6875,109.6875,0.0,0.0,201.95068359375,64.609375,290.703125,158.39599609375,1.1195493175691196
2012-09-05,7,634.1,246.25,104.84375,104.84375,104.84375,0.0,0.0,84.8046875,74.296875,92.421875,185.77880859375,0.21372639336711194
2012-09-05,8,611.3,222.734375,78.046875,78.046875,78.046875,0.0,0.0,186.95068359375,49.53125,288.75,149.08203125,1.2795821090434214
2012-09-05,8,634.1,234.21875,67.5,67.5,67.5,0.0,0.0,87.14111328125,77.5,94.53125,172.39990234375,0.19544448491300814
2012-09-05,9,611.3,242.34375,103.515625,103.515625,103.515625,0.0,0.0,202.40966796875,76.875,291.171875,159.6728515625,1.058728454774627
2012-09-05,9,634.1,250.9375,102.890625,102.890625,102.890625,0.0,0.0,84.9951171875,72.421875,92.65625,186.81640625,0.2380651462055495
2012-09-06,0,611.3,199.0625,105.3125,105.3125,105.3125,0.0,0.0,194.78271484375,72.265625,284.140625,156.6650390625,1.0877505232944362
2012-09-06,0,634.1,258.359375,103.046875,103.046875,103.046875,0.0,0.0,84.72900390625,57.34375,92.8125,183.96240234375,0.41861403256014984
2012-09-06,1,611.3,208.4375,93.515625,93.515625,93.515625,0.0,0.0,181.61376953125,68.671875,278.046875,148.98193359375,1.1528586215703935
2012-09-06,1,634.1,250.78125,99.296875,99.296875,99.296875,0.0,0.0,88.662109375,79.84375,93.671875,172.60986328125,0.15596431325035798
2012-09-06,2,611.3,183.28125,86.015625,86.015625,86.015625,0.0,0.0,181.0888671875,47.1875,282.65625,146.50146484375,1.3002939035241459
2012-09-06,2,634.1,237.5,75.078125,75.078125,75.078125,0.0,0.0,88.2373046875,76.5625,94.6875,170.6591796875,0.20541198605500527
2012-09-06,3,611.3,193.359375,84.84375,84.84375,84.84375,0.0,0.0,170.23681640625,37.96875,274.609375,139.1259765625,1.3900672603938102
2012-09-06,3,634.1,223.125,72.578125,72.578125,72.578125,0.0,0.0,89.6044921875,80.390625,95.9375,160.66650390625,0.17350553103373112
2012-09-06,4,611.3,223.359375,96.09375,96.09375,96.09375,0.0,0.0,192.57568359375,82.734375,285.859375,158.0126953125,1.0547801062386692
2012-09-06,4,634.1,229.21875,93.4375,93.4375,93.4375,0.0,0.0,86.875,78.75,92.734375,180.9521484375,0.16097122302158273
2012-09-06,5,611.3,214.53125,93.4375,93.4375,93.4375,0.0,0.0,192.7783203125,60.625,288.046875,156.75048828125,1.179706694359312
2012-09-06,5,634.1,237.65625,83.984375,83.984375,83.984375,0.0,0.0,86.55517578125,77.421875,93.203125,179.75830078125,0.18232589625701634
2012-09-06,6,611.3,197.5,120.15625,120.15625,120.15625,0.0,0.0,196.35498046875,79.84375,284.453125,161.552734375,1.042038121526353
2012-09-06,6,634.1,243.359375,121.484375,121.484375,121.484375,0.0,0.0,86.2890625,76.875,91.484375,183.59375,0.16930737890448166
2012-09-06,7,611.3,198.359375,106.328125,106.328125,106.328125,0.0,0.0,201.22802734375,67.5,288.984375,158.623046875,1.1006636497094258
2012-09-06,7,634.1,242.265625,102.109375,102.109375,102.109375,0.0,0.0,84.90966796875,75.3125,92.578125,185.87646484375,0.20334109663877628
2012-09-06,8,611.3,191.484375,107.265625,107.265625,107.265625,0.0,0.0,182.93212890625,58.984375,279.53125,150.08544921875,1.2056213215177034
2012-09-06,8,634.1,239.296875,100.234375,100.234375,100.234375,0.0,0.0,87.60498046875,76.09375,93.828125,172.265625,0.20243569378257115
2012-09-06,9,611.3,204.296875,118.203125,118.203125,118.203125,0.0,0.0,201.71875,85.859375,288.90625,158.89404296875,1.006584043377227
2012-09-06,9,634.1,251.25,116.40625,116.40625,116.40625,0.0,0.0,85.6982421875,77.5,92.03125,185.576171875,0.16956298786393936
2012-09-07,0,611.3,226.71875,112.65625,112.65625,112.65625,0.0,0.0,203.14453125,86.5625,287.890625,163.51318359375,0.9910585520623018
2012-09-07,0,634.1,259.609375,120.546875,120.546875,120.546875,0.0,0.0,84.1650390625,54.6875,93.671875,191.2109375,0.4631896501711435
2012-09-07,1,611.3,193.828125,99.296875,99.296875,99.296875,0.0,0.0,198.53515625,76.71875,290.078125,157.40478515625,1.0746679783571078
2012-09-07,1,634.1,243.59375,114.921875,114.921875,114.921875,0.0,0.0,86.728515625,75.0,92.8125,184.45068359375,0.20538227677063395
2012-09-07,2,611.3,208.984375,132.421875,132.421875,132.421875,0.0,0.0,205.00244140625,75.390625,284.6875,163.12744140625,1.020948207076421
2012-09-07,2,634.1,236.328125,141.171875,141.171875,141.171875,0.0,0.0,85.7958984375,76.875,92.421875,187.431640625,0.18120767173183086
2012-09-07,3,611.3,180.390625,111.40625,111.40625,111.40625,0.0,0.0,187.1875,54.921875,280.390625,144.697265625,1.2045075125208682
2012-09-07,3,634.1,226.25,118.046875,118.046875,118.046875,0.0,0.0,88.03955078125,79.53125,95.0,173.19091796875,0.1757022822439755
2012-09-07,4,611.3,244.53125,113.671875,113.671875,113.671875,0.0,0.0,206.14013671875,66.484375,290.546875,166.3818359375,1.0869426185823414
2012-09-07,4,634.1,242.890625,129.296875,129.296875,129.296875,0.0,0.0,85.36865234375,75.15625,93.90625,189.60205078125,0.21963565647610606
2012-09-07,5,611.3,221.71875,128.59375,128.59375,128.59375,0.0,0.0,201.2109375,83.90625,290.15625,159.15771484375,1.025043680838672
2012-09-07,5,634.1,240.703125,141.015625,141.015625,141.015625,0.0,0.0,86.005859375,77.734375,92.96875,185.4052734375,0.1771318269558306
2012-09-07,6,611.3,195.9375,114.921875,114.921875,114.921875,0.0,0.0,201.708984375,81.5625,290.78125,162.1337890625,1.0372306947470347
2012-09-07,6,634.1,236.71875,126.015625,126.015625,126.015625,0.0,0.0,86.23046875,76.796875,91.71875,186.4208984375,0.17304643261608155
2012-09-07,7,611.3,191.875,111.171875,111.171875,111.171875,0.0,0.0,205.654296875,68.28125,291.40625,160.08544921875,1.0849518020798707
2012-09-07,7,634.1,250.78125,116.171875,116.171875,116.171875,0.0,0.0,84.75830078125,72.8125,93.046875,189.1357421875,0.2387303050378777
2012-09-07,8,611.3,212.421875,134.84375,134.84375,134.84375,0.0,0.0,206.62841796875,104.53125,291.25,166.81884765625,0.9036450640987771
2012-09-07,8,634.1,246.953125,139.765625,139.765625,139.765625,0.0,0.0,85.009765625,74.0625,90.78125,190.6689453125,0.19666858127512923
2012-09-07,9,611.3,210.078125,131.40625,131.40625,131.40625,0.0,0.0,206.38916015625,91.5625,290.390625,162.6513671875,0.963365153719673
2012-09-07,9,634.1,251.484375,141.5625,141.5625,141.5625,0.0,0.0,84.00634765625,71.25,92.8125,194.98779296875,0.25667703217181553
2012-09-08,0,611.3,205.234375,112.1875,112.1875,112.1875,0.0,0.0,195.27099609375,85.234375,288.4375,163.47412109375,1.040621131990548
2012-09-08,0,634.1,259.140625,112.5,112.5,112.5,0.0,0.0,84.65087890625,55.78125,90.9375,186.97265625,0.4153087416721945
2012-09-08,1,611.3,185.859375,112.65625,112.65625,112.65625,0.0,0.0,202.67578125,98.203125,288.75,162.18017578125,0.9401561144839549
2012-09-08,1,634.1,244.140625,118.515625,118.515625,118.515625,0.0,0.0,85.61767578125,78.359375,91.5625,187.84912109375,0.15421027117967437
2012-09-08,2,611.3,216.875,89.0625,89.0625,89.0625,0.0,0.0,200.30029296875,68.515625,290.703125,158.017578125,1.109271967139183
2012-09-08,2,634.1,234.6875,76.328125,76.328125,76.328125,0.0,0.0,85.4443359375,77.34375,93.515625,183.65478515625,0.18926795816903824
2012-09-08,3,611.3,182.8125,79.6875,79.6875,79.6875,0.0,0.0,192.06298828125,61.796875,288.28125,157.2216796875,1.1792192604456648
2012-09-08,3,634.1,244.21875,67.265625,67.265625,67.265625,0.0,0.0,86.142578125,74.84375,92.734375,179.814453125,0.2076862033783018
2012-09-08,4,611.3,217.5,108.515625,108.515625,108.515625,0.0,0.0,195.8837890625,88.671875,273.75,164.7314453125,0.9448363536655283
2012-09-08,4,634.1,222.65625,112.96875,112.96875,112.96875,0.0,0.0,86.2353515625,79.140625,92.03125,184.0478515625,0.14948190929165958
2012-09-08,5,611.3,186.25,93.59375,93.59375,93.59375,0.0,0.0,194.04052734375,82.65625,291.5625,155.72021484375,1.0766114319505782
2012-09-08,5,634.1,251.328125,83.4375,83.4375,83.4375,0.0,0.0,85.69580078125,71.71875,91.640625,182.17041015625,0.23247200934446313
2012-09-08,6,611.3,222.421875,92.8125,92.8125,92.8125,0.0,0.0,191.01318359375,70.15625,253.828125,160.4345703125,0.9615664821891895
2012-09-08,6,634.1,239.453125,88.359375,88.359375,88.359375,0.0,0.0,86.962890625,81.328125,92.96875,180.126953125,0.13385738349242
2012-09-08,7,611.3,195.78125,111.015625,111.015625,111.015625,0.0,0.0,202.080078125,76.71875,291.5625,161.85302734375,1.0631614555646838
2012-09-08,7,634.1,242.578125,103.828125,103.828125,103.828125,0.0,0.0,84.68505859375,75.78125,91.796875,186.9580078125,0.18911984316891053
2012-09-08,8,611.3,245.0,121.09375,121.09375,121.09375,0.0,0.0,198.7109375,82.96875,271.5625,164.47509765625,0.9490859052486731
2012-09-08,8,634.1,221.484375,118.90625,118.90625,118.90625,0.0,0.0,85.39306640625,79.609375,92.34375,184.78271484375,0.14912656888812648
2012-09-08,9,611.3,210.234375,114.453125,114.453125,114.453125,0.0,0.0,217.3193359375,109.21875,290.625,176.05224609375,0.8347450962769901
2012-09-08,9,634.1,253.203125,114.21875,114.21875,114.21875,0.0,0.0,81.77001953125,67.96875,90.546875,201.69921875,0.2761173976651838
2012-09-09,0,611.3,198.75,117.421875,117.421875,117.421875,0.0,0.0,197.8125,81.25,289.84375,164.6875,1.0545023696682465
2012-09-09,0,634.1,259.609375,117.8125,117.8125,117.8125,0.0,0.0,82.03369140625,54.6875,91.484375,196.015625,0.44855807862861224
2012-09-09,1,611.3,202.5,127.1875,127.1875,127.1875,0.0,0.0,204.3359375,100.390625,290.0,166.72119140625,0.9279296501624928
2012-09-09,1,634.1,251.484375,133.515625,133.515625,133.515625,0.0,0.0,84.5849609375,71.328125,92.03125,192.4609375,0.24476130000577268
2012-09-09,2,611.3,202.421875,115.546875,115.546875,115.546875,0.0,0.0,197.9833984375,80.15625,289.0625,160.5419921875,1.055170542826843
2012-09-09,2,634.1,233.828125,112.1875,112.1875,112.1875,0.0,0.0,85.9619140625,77.578125,90.78125,184.912109375,0.15359272933825618
2012-09-09,3,611.3,180.625,102.734375,102.734375,102.734375,0.0,0.0,184.68994140625,77.65625,289.375,153.4765625,1.1463469444407726
2012-09-09,3,634.1,251.484375,92.578125,92.578125,92.578125,0.0,0.0,86.66015625,71.328125,93.90625,179.2578125,0.26053639846743293
2012-09-09,4,611.3,188.046875,114.453125,114.453125,114.453125,0.0,0.0,203.76220703125,86.015625,291.09375,163.73779296875,1.0064581061813302
2012-09-09,4,634.1,236.171875,117.734375,117.734375,117.734375,0.0,0.0,85.19775390625,76.953125,90.625,188.896484375,0.16047224689801415
2012-09-09,5,611.3,194.765625,83.4375,83.4375,83.4375,0.0,0.0,190.79345703125,61.640625,281.09375,155.4248046875,1.1502130545496423
2012-09-09,5,634.1,251.953125,73.28125,73.28125,73.28125,0.0,0.0,86.78955078125,79.453125,91.953125,179.1650390625,0.14402655489605895
2012-09-09,6,611.3,205.0,119.53125,119.53125,119.53125,0.0,0.0,196.53076171875,97.96875,288.828125,162.60009765625,0.9711424986645797
2012-09-09,6,634.1,230.859375,119.921875,119.921875,119.921875,0.0,0.0,86.259765625,78.359375,92.65625,184.1796875,0.16574210347560286
2012-09-09,7,611.3,222.421875,132.1875,132.1875,132.1875,0.0,0.0,205.615234375,75.15625,289.765625,166.7431640625,1.043742578959867
2012-09-09,7,634.1,251.171875,125.625,125.625,125.625,0.0,0.0,82.63427734375,71.953125,91.875,194.74609375,0.24108488196885988
2012-09-09,8,611.3,202.96875,119.375,119.375,119.375,0.0,0.0,198.98193359375,86.796875,288.4375,163.61572265625,1.0133614713568826
2012-09-09,8,634.1,251.09375,115.546875,115.546875,115.546875,0.0,0.0,84.28955078125,72.109375,90.234375,189.1943359375,0.215032585083273
2012-09-09,9,611.3,232.734375,106.40625,106.40625,106.40625,0.0,0.0,215.37109375,103.125,289.765625,175.68115234375,0.8666001632356942
2012-09-09,9,634.1,253.984375,108.671875,108.671875,108.671875,0.0,0.0,82.3095703125,68.203125,88.28125,200.322265625,0.24393427062941211
2012-09-10,0,611.3,229.21875,97.65625,97.65625,97.65625,0.0,0.0,202.4169921875,71.171875,286.953125,161.689453125,1.0660233988662404
2012-09-10,0,634.1,256.71875,95.0,95.0,95.0,0.0,0.0,83.1103515625,60.78125,91.875,191.6015625,0.3741260795487927
2012-09-10,1,611.3,217.8125,93.671875,93.671875,93.671875,0.0,0.0,193.466796875,76.640625,284.84375,154.4384765625,1.07616980465398
2012-09-10,1,634.1,229.375,96.015625,96.015625,96.015625,0.0,0.0,86.86279296875,78.90625,93.59375,179.92919921875,0.1690885072655218
2012-09-10,2,611.3,195.625,93.671875,93.671875,93.671875,0.0,0.0,201.6357421875,61.484375,291.484375,158.408203125,1.1406707833878194
2012-09-10,2,634.1,248.90625,83.515625,83.515625,83.515625,0.0,0.0,85.00732421875,73.59375,92.734375,185.47607421875,0.2251644217237715
2012-09-10,3,611.3,247.109375,81.40625,81.40625,81.40625,0.0,0.0,186.4013671875,40.625,288.4375,152.18017578125,1.329456450556647
2012-09-10,3,634.1,240.0,66.25,66.25,66.25,0.0,0.0,87.01171875,75.9375,94.84375,171.4404296875,0.21728395061728395
2012-09-10,4,611.3,202.109375,81.09375,81.09375,81.09375,0.0,0.0,196.708984375,55.390625,285.625,155.48095703125,1.1704314153800328
2012-09-10,4,634.1,240.3125,74.6875,74.6875,74.6875,0.0,0.0,85.92529296875,75.859375,94.84375,181.29150390625,0.22094047449921864
2012-09-10,5,611.3,196.015625,71.015625,71.015625,71.015625,0.0,0.0,188.56201171875,53.59375,282.109375,151.34765625,1.211885803068557
2012-09-10,5,634.1,251.328125,54.375,54.375,54.375,0.0,0.0,86.8798828125,76.484375,93.90625,175.126953125,0.20052829764514135
2012-09-10,6,611.3,246.71875,99.21875,99.21875,99.21875,0.0,0.0,195.45166015625,76.484375,280.859375,162.3779296875,1.0456549708332812
2012-09-10,6,634.1,226.484375,97.890625,97.890625,97.890625,0.0,0.0,86.29150390625,78.4375,92.734375,182.03125,0.16568114301881454
2012-09-10,7,611.3,205.0,89.453125,89.453125,89.453125,0.0,0.0,199.501953125,55.46875,289.609375,158.2861328125,1.1736257281315776
2012-09-10,7,634.1,238.828125,78.515625,78.515625,78.515625,0.0,0.0,85.21484375,76.25,93.125,183.94775390625,0.19802887921155168
2012-09-10,8,611.3,219.84375,84.21875,84.21875,84.21875,0.0,0.0,194.25537109375,57.265625,291.25,154.03076171875,1.2045194615858332
2012-09-10,8,634.1,243.28125,73.515625,73.515625,73.515625,0.0,0.0,85.82763671875,76.796875,93.671875,179.1552734375,0.19661499075522684
2012-09-10,9,611.3,222.890625,101.796875,101.796875,101.796875,0.0,0.0,205.05615234375,82.03125,289.609375,161.29150390625,1.0122989367908466
2012-09-10,9,634.1,251.640625,99.609375,99.609375,99.609375,0.0,0.0,84.306640625,73.984375,91.875,189.20166015625,0.2122089655971273
2012-09-11,0,611.3,212.34375,109.375,109.375,109.375,0.0,0.0,205.078125,92.265625,288.4375,161.25,0.9565714285714285
2012-09-11,0,634.1,256.953125,115.3125,115.3125,115.3125,0.0,0.0,84.609375,60.625,91.71875,190.83251953125,0.3674976915974146
2012-09-11,1,611.3,192.578125,106.71875,106.71875,106.71875,0.0,0.0,204.521484375,115.390625,279.453125,159.47021484375,0.8021773384901877
2012-09-11,1,634.1,236.171875,118.828125,118.828125,118.828125,0.0,0.0,86.43310546875,79.6875,92.734375,188.4814453125,0.15094765980284156
2012-09-11,2,611.3,208.046875,88.4375,88.4375,88.4375,0.0,0.0,206.0986328125,86.5625,288.125,158.88671875,0.9779904759648417
2012-09-11,2,634.1,239.53125,87.03125,87.03125,87.03125,0.0,0.0,85.57861328125,76.015625,94.375,188.076171875,0.214532279690754
2012-09-11,3,611.3,201.484375,86.640625,86.640625,86.640625,0.0,0.0,190.986328125,69.453125,276.484375,153.6962890625,1.084010840108401
2012-09-11,3,634.1,224.140625,83.125,83.125,83.125,0.0,0.0,87.69775390625,80.078125,94.375,178.26904296875,0.16302441468778708
2012-09-11,4,611.3,230.78125,99.84375,99.84375,99.84375,0.0,0.0,206.10107421875,91.5625,289.375,163.41796875,0.9597839348961726
2012-09-11,4,634.1,238.515625,105.234375,105.234375,105.234375,0.0,0.0,85.7958984375,76.328125,93.203125,189.150390625,0.1966877240908315
2012-09-11,5,611.3,205.703125,101.015625,101.015625,101.015625,0.0,0.0,193.9111328125,66.953125,289.53125,153.271484375,1.1478357213003298
2012-09-11,5,634.1,248.125,106.015625,106.015625,106.015625,0.0,0.0,87.31689453125,78.203125,94.140625,179.5947265625,0.18252481476303647
2012-09-11,6,611.3,264.296875,113.4375,113.4375,113.4375,0.0,0.0,208.154296875,112.96875,289.921875,172.84912109375,0.8501055594651654
2012-09-11,6,634.1,231.484375,119.140625,119.140625,119.140625,0.0,0.0,85.60791015625,77.890625,90.15625,191.96533203125,0.14327677170968203
2012-09-11,7,611.3,196.25,94.140625,94.140625,94.140625,0.0,0.0,200.59326171875,74.921875,291.171875,155.14892578125,1.0780521645996373
2012-09-11,7,634.1,243.671875,93.90625,93.90625,93.90625,0.0,0.0,86.26220703125,75.0,94.21875,184.0771484375,0.22279455466561005
2012-09-11,8,611.3,235.0,105.9375,105.9375,105.9375,0.0,0.0,206.58935546875,75.703125,284.453125,162.734375,1.0104586440397547
2012-09-11,8,634.1,236.484375,109.296875,109.296875,109.296875,0.0,0.0,85.31494140625,76.875,93.28125,187.3876953125,0.19230218915438546
2012-09-11,9,611.3,235.546875,125.3125,125.3125,125.3125,0.0,0.0,212.72216796875,108.125,278.75,170.83984375,0.8021025811708806
2012-09-11,9,634.1,252.1875,126.640625,126.640625,126.640625,0.0,0.0,83.5693359375,70.0,90.546875,198.76220703125,0.24586619924043238
2012-09-12,0,611.3,207.1875,102.109375,102.109375,102.109375,0.0,0.0,202.47802734375,64.609375,291.484375,163.3203125,1.1204919515283054
2012-09-12,0,634.1,260.0,99.921875,99.921875,99.921875,0.0,0.0,83.10302734375,53.90625,93.203125,194.1064453125,0.47286935573900524
2012-09-12,1,611.3,213.28125,101.40625,101.40625,101.40625,0.0,0.0,195.08544921875,87.1875,281.25,155.087890625,0.994756404320022
2012-09-12,1,634.1,239.21875,112.578125,112.578125,112.578125,0.0,0.0,87.29736328125,79.453125,93.515625,181.85302734375,0.16108733954190788
2012-09-12,2,611.3,185.15625,94.765625,94.765625,94.765625,0.0,0.0,183.45947265625,64.609375,268.828125,147.47314453125,1.113154567835518
2012-09-12,2,634.1,220.0,92.65625,92.65625,92.65625,0.0,0.0,88.52783203125,81.171875,94.140625,173.095703125,0.1464934778412068
2012-09-12,3,611.3,210.3125,84.921875,84.921875,84.921875,0.0,0.0,189.93896484375,59.0625,273.4375,156.15234375,1.128652039229296
2012-09-12,3,634.1,222.5,75.859375,75.859375,75.859375,0.0,0.0,87.36572265625,80.546875,93.125,178.05419921875,0.14397093754366355
2012-09-12,4,611.3,213.75,94.0625,94.0625,94.0625,0.0,0.0,206.46728515625,72.03125,290.46875,161.89208984375,1.0579763270229043
2012-09-12,4,634.1,241.953125,97.5,97.5,97.5,0.0,0.0,85.17578125,75.390625,93.359375,189.2578125,0.21096078880990599
2012-09-12,5,611.3,220.46875,82.265625,82.265625,82.265625,0.0,0.0,196.61376953125,75.0,289.53125,156.21337890625,1.09113034408255
2012-09-12,5,634.1,250.859375,72.65625,72.65625,72.65625,0.0,0.0,86.51611328125,77.1875,93.90625,181.46484375,0.19324434912661906
2012-09-12,6,611.3,213.125,100.703125,100.703125,100.703125,0.0,0.0,193.388671875,85.390625,275.625,161.26953125,0.98368933999899
2012-09-12,6,634.1,230.703125,106.796875,106.796875,106.796875,0.0,0.0,87.1630859375,80.078125,92.890625,182.0361328125,0.146994566130749
2012-09-12,7,611.3,185.15625,91.875,91.875,91.875,0.0,0.0,197.15576171875,58.515625,276.25,155.76171875,1.10437743792954
2012-09-12,7,634.1,245.390625,87.1875,87.1875,87.1875,0.0,0.0,86.50146484375,80.15625,93.515625,181.64794921875,0.15444102621997685
2012-09-12,8,611.3,208.28125,80.15625,80.15625,80.15625,0.0,0.0,192.59033203125,62.65625,287.421875,152.744140625,1.1670659821258795
2012-09-12,8,634.1,247.265625,73.28125,73.28125,73.28125,0.0,0.0,86.63330078125,73.984375,94.53125,178.9697265625,0.23717063547978018
2012-09-12,9,611.3,209.296875,101.5625,101.5625,101.5625,0.0,0.0,207.763671875,96.40625,290.9375,162.44873046875,0.936310223266745
2012-09-12,9,634.1,251.953125,105.390625,105.390625,105.390625,0.0,0.0,84.85107421875,71.40625,92.34375,191.08642578125,0.24675586246583225
2012-09-13,0,611.3,209.375,158.359375,158.359375,158.359375,0.0,0.0,221.2548828125,96.796875,287.734375,171.3916015625,0.8629753051000817
2012-09-13,0,634.1,262.34375,174.0625,174.0625,174.0625,0.0,0.0,81.69921875,48.671875,92.34375,208.1396484375,0.5345445852259144
2012-09-13,1,611.3,199.609375,148.828125,148.828125,148.828125,0.0,0.0,224.36279296875,118.828125,290.703125,168.15185546875,0.7660583901892295
2012-09-13,1,634.1,248.75,171.796875,171.796875,171.796875,0.0,0.0,84.23095703125,73.59375,91.484375,201.2744140625,0.21239964059012784
2012-09-13,2,611.3,185.78125,144.0625,144.0625,144.0625,0.0,0.0,215.6689453125,90.703125,290.625,162.61962890625,0.9269849894722543
2012-09-13,2,634.1,249.765625,166.953125,166.953125,166.953125,0.0,0.0,84.4580078125,73.359375,94.53125,198.89404296875,0.2506793085506157
2012-09-13,3,611.3,199.0625,135.78125,135.78125,135.78125,0.0,0.0,207.978515625,85.15625,288.90625,159.17724609375,0.9796684979105038
2012-09-13,3,634.1,253.515625,163.75,163.75,163.75,0.0,0.0,85.98388671875,67.34375,94.921875,191.0986328125,0.32073596638178253
2012-09-13,4,611.3,225.15625,141.875,141.875,141.875,0.0,0.0,226.9873046875,133.125,290.0,172.03857421875,0.6911179469529116
2012-09-13,4,634.1,250.9375,168.671875,168.671875,168.671875,0.0,0.0,83.50830078125,72.5,90.625,205.38330078125,0.21704429177020904
2012-09-13,5,611.3,212.03125,137.96875,137.96875,137.96875,0.0,0.0,220.0732421875,110.546875,289.765625,166.8310546875,0.8143595660180604
2012-09-13,5,634.1,252.5,166.875,166.875,166.875,0.0,0.0,84.53369140625,69.375,92.734375,199.4091796875,0.27633212996389894
2012-09-13,6,611.3,198.28125,136.71875,136.71875,136.71875,0.0,0.0,214.4287109375,114.53125,288.515625,167.41943359375,0.8113856313332575
2012-09-13,6,634.1,245.078125,164.0625,164.0625,164.0625,0.0,0.0,85.859375,74.609375,92.5,195.0634765625,0.2083712465878071
2012-09-13,7,611.3,206.875,157.65625,157.65625,157.65625,0.0,0.0,220.498046875,105.46875,289.140625,167.4609375,0.8329864032950972
2012-09-13,7,634.1,251.5625,180.46875,180.46875,180.46875,0.0,0.0,83.3203125,71.09375,91.484375,202.392578125,0.24472573839662448
2012-09-13,8,611.3,242.421875,147.65625,147.65625,147.65625,0.0,0.0,225.31494140625,108.4375,290.859375,172.48291015625,0.8096306168665821
2012-09-13,8,634.1,251.171875,169.453125,169.453125,169.453125,0.0,0.0,83.78173828125,71.953125,93.359375,202.72216796875,0.25550018941049624
2012-09-13,9,611.3,191.484375,147.421875,147.421875,147.421875,0.0,0.0,224.71435546875,114.0625,290.078125,168.8330078125,0.7832860728137936
2012-09-13,9,634.1,253.59375,171.25,171.25,171.25,0.0,0.0,81.81884765625,67.109375,92.5,208.78662109375,0.31032733566078835
2012-09-14,0,611.3,215.3125,95.703125,95.703125,95.703125,0.0,0.0,199.32861328125,68.28125,290.15625,166.923828125,1.113111641864168
2012-09-14,0,634.1,261.015625,96.40625,96.40625,96.40625,0.0,0.0,82.3681640625,51.71875,91.796875,193.3740234375,0.4865730037346612
2012-09-14,1,611.3,253.4375,104.84375,104.84375,104.84375,0.0,0.0,212.78564453125,93.4375,288.203125,167.32666015625,0.9153137441628326
2012-09-14,1,634.1,247.65625,113.984375,113.984375,113.984375,0.0,0.0,83.525390625,76.015625,93.984375,194.4970703125,0.21512919443470127
2012-09-14,2,611.3,231.953125,106.40625,106.40625,106.40625,0.0,0.0,198.544921875,62.734375,290.859375,155.87158203125,1.1489843096748806
2012-09-14,2,634.1,234.296875,100.0,100.0,100.0,0.0,0.0,85.46142578125,77.421875,93.75,181.20849609375,0.19105842022568204
2012-09-14,3,611.3,232.265625,64.84375,64.84375,64.84375,0.0,0.0,196.40869140625,39.296875,289.609375,157.40966796875,1.2744471652848388
2012-09-14,3,634.1,242.65625,47.03125,47.03125,47.03125,0.0,0.0,85.068359375,75.234375,95.625,180.48583984375,0.23969693490988406
2012-09-14,4,611.3,296.328125,82.578125,82.578125,82.578125,0.0,0.0,205.5029296875,86.953125,287.890625,168.154296875,0.9777841138593865
2012-09-14,4,634.1,251.328125,76.953125,76.953125,76.953125,0.0,0.0,84.0673828125,69.0625,94.140625,190.84716796875,0.29830981007144103
2012-09-14,5,611.3,199.53125,80.78125,80.78125,80.78125,0.0,0.0,192.9443359375,51.796875,291.40625,150.732421875,1.2418575224598254
2012-09-14,5,634.1,250.78125,72.109375,72.109375,72.109375,0.0,0.0,85.92529296875,75.15625,95.0,176.93603515625,0.23094189515556188
2012-09-14,6,611.3,190.46875,102.578125,102.578125,102.578125,0.0,0.0,200.12939453125,81.796875,291.484375,160.2880859375,1.0477596281702513
2012-09-14,6,634.1,248.515625,110.703125,110.703125,110.703125,0.0,0.0,85.107421875,73.828125,91.328125,185.9521484375,0.20562248995983937
2012-09-14,7,611.3,206.015625,92.890625,92.890625,92.890625,0.0,0.0,201.37451171875,64.609375,291.328125,161.18896484375,1.1258562370427845
2012-09-14,7,634.1,250.9375,80.859375,80.859375,80.859375,0.0,0.0,82.96630859375,72.421875,91.796875,191.19140625,0.23352852897036755
2012-09-14,8,611.3,223.125,98.75,98.75,98.75,0.0,0.0,197.27294921875,62.421875,290.703125,160.52001953125,1.1571847579916588
2012-09-14,8,634.1,254.609375,90.078125,90.078125,90.078125,0.0,0.0,82.958984375,65.15625,92.734375,188.73046875,0.3324308416715715
2012-09-14,9,611.3,226.5625,109.453125,109.453125,109.453125,0.0,0.0,206.34521484375,78.90625,290.234375,163.60595703125,1.0241484163324224
2012-09-14,9,634.1,254.140625,106.015625,106.015625,106.015625,0.0,0.0,83.2861328125,70.9375,91.25,192.8564453125,0.2438881397666647
2012-09-15,0,611.3,248.671875,117.5,117.5,117.5,0.0,0.0,208.2421875,104.453125,291.171875,175.7666015625,0.8966422809979366
2012-09-15,0,634.1,261.875,127.65625,127.65625,127.65625,0.0,0.0,81.2548828125,49.765625,91.5625,203.388671875,0.514392163932456
2012-09-15,1,611.3,219.21875,132.265625,132.265625,132.265625,0.0,0.0,222.9541015625,127.8125,289.53125,178.3984375,0.725345480826088
2012-09-15,1,634.1,251.40625,137.34375,137.34375,137.34375,0.0,0.0,82.998046875,74.375,88.4375,202.587890625,0.1694316978468055
2012-09-15,2,611.3,226.796875,103.203125,103.203125,103.203125,0.0,0.0,201.55029296875,83.984375,285.9375,161.884765625,1.0019986675549633
2012-09-15,2,634.1,246.484375,113.515625,113.515625,113.515625,0.0,0.0,85.263671875,74.21875,92.109375,187.9052734375,0.20982705302943536
2012-09-15,3,611.3,197.1875,97.578125,97.578125,97.578125,0.0,0.0,194.423828125,83.046875,291.40625,161.59912109375,1.0716761263750063
2012-09-15,3,634.1,253.671875,102.8125,102.8125,102.8125,0.0,0.0,84.55810546875,67.03125,94.21875,189.0380859375,0.32152446946730184
2012-09-15,4,611.3,213.125,125.46875,125.46875,125.46875,0.0,0.0,215.54443359375,92.65625,290.9375,174.7509765625,0.9199089333650481
2012-09-15,4,634.1,250.78125,129.53125,129.53125,129.53125,0.0,0.0,83.28857421875,72.734375,94.0625,199.88037109375,0.25607504030485123
2012-09-15,5,611.3,201.25,101.796875,101.796875,101.796875,0.0,0.0,198.2958984375,75.9375,290.625,163.330078125,1.0826623328654799
2012-09-15,5,634.1,246.484375,104.84375,104.84375,104.84375,0.0,0.0,86.25,78.125,92.578125,185.3955078125,0.16757246376811594
2012-09-15,6,611.3,231.71875,135.703125,135.703125,135.703125,0.0,0.0,224.091796875,124.21875,290.15625,180.40283203125,0.7404889528042882
2012-09-15,6,634.1,242.265625,143.203125,143.203125,143.203125,0.0,0.0,82.46337890625,76.09375,88.984375,203.31787109375,0.1563193889332978
2012-09-15,7,611.3,200.46875,140.3125,140.3125,140.3125,0.0,0.0,201.0302734375,85.15625,278.28125,166.73583984375,0.9606762041242622
2012-09-15,7,634.1,250.859375,141.40625,141.40625,141.40625,0.0,0.0,85.2392578125,72.65625,90.859375,189.08447265625,0.2135533024001833
2012-09-15,8,611.3,230.3125,124.296875,124.296875,124.296875,0.0,0.0,209.970703125,97.734375,287.109375,170.13671875,0.9019115389981861
2012-09-15,8,634.1,250.859375,126.796875,126.796875,126.796875,0.0,0.0,83.74755859375,72.578125,91.015625,194.27001953125,0.22015567151561088
2012-09-15,9,611.3,227.96875,118.828125,118.828125,118.828125,0.0,0.0,218.33984375,113.984375,289.921875,173.26416015625,0.8057965828786117
2012-09-15,9,634.1,252.265625,120.78125,120.78125,120.78125,0.0,0.0,83.2177734375,75.46875,90.78125,199.1796875,0.18400516341019774
2012-09-16,0,611.3,232.578125,114.0625,114.0625,114.0625,0.0,0.0,195.4541015625,71.953125,283.046875,167.79296875,1.0800169876839292
2012-09-16,0,634.1,262.578125,113.4375,113.4375,113.4375,0.0,0.0,81.3623046875,48.125,91.5625,196.92138671875,0.5338774530396687
2012-09-16,1,611.3,222.96875,107.65625,107.65625,107.65625,0.0,0.0,206.83837890625,86.640625,291.484375,168.64013671875,0.9903565821933169
2012-09-16,1,634.1,249.21875,110.46875,110.46875,110.46875,0.0,0.0,84.3212890625,73.515625,91.09375,193.58154296875,0.20846603740807226
2012-09-16,2,611.3,198.75,103.046875,103.046875,103.046875,0.0,0.0,195.146484375,73.125,291.484375,155.693359375,1.118951108442176
2012-09-16,2,634.1,243.59375,96.953125,96.953125,96.953125,0.0,0.0,86.0009765625,75.0,92.109375,182.34375,0.19894396184636348
2012-09-16,3,611.3,201.71875,123.125,123.125,123.125,0.0,0.0,187.314453125,101.5625,275.0,161.00830078125,0.9259162713101506
2012-09-16,3,634.1,256.40625,122.03125,122.03125,122.03125,0.0,0.0,84.1943359375,61.484375,94.765625,187.8466796875,0.3952908426607899
2012-09-16,4,611.3,262.34375,102.96875,102.96875,102.96875,0.0,0.0,212.96630859375,90.15625,288.515625,169.86328125,0.9314119980282239
2012-09-16,4,634.1,234.21875,108.671875,108.671875,108.671875,0.0,0.0,83.80126953125,76.484375,90.9375,193.96484375,0.17246904588492354
2012-09-16,5,611.3,201.25,89.609375,89.609375,89.609375,0.0,0.0,195.322265625,58.75,289.140625,156.83349609375,1.1795410229488525
2012-09-16,5,634.1,234.453125,83.203125,83.203125,83.203125,0.0,0.0,85.94482421875,77.421875,92.421875,180.99365234375,0.17453057978013237
2012-09-16,6,611.3,251.5625,119.375,119.375,119.375,0.0,0.0,208.72802734375,128.59375,287.734375,175.56884765625,0.7624305514942394
2012-09-16,6,634.1,232.5,123.4375,123.4375,123.4375,0.0,0.0,84.52880859375,78.515625,91.953125,194.21875,0.15896947116078908
2012-09-16,7,611.3,196.5625,115.390625,115.390625,115.390625,0.0,0.0,199.1796875,76.171875,291.015625,159.0771484375,1.0786428711512062
2012-09-16,7,634.1,250.703125,113.359375,113.359375,113.359375,0.0,0.0,84.43603515625,72.890625,91.875,187.01416015625,0.22483735723579587
2012-09-16,8,611.3,204.6875,87.734375,87.734375,87.734375,0.0,0.0,196.1572265625,83.046875,289.375,157.59521484375,1.0518507455256019
2012-09-16,8,634.1,238.90625,82.890625,82.890625,82.890625,0.0,0.0,85.5810546875,76.25,92.34375,182.7099609375,0.1880527186626348
2012-09-16,9,611.3,193.671875,121.71875,121.71875,121.71875,0.0,0.0,206.27197265625,93.359375,289.921875,164.482421875,0.9529287836286381
2012-09-16,9,634.1,250.46875,125.15625,125.15625,125.15625,0.0,0.0,84.40673828125,73.203125,91.015625,191.5380859375,0.21103172996268765
2012-09-17,0,611.3,259.0625,132.421875,132.421875,132.421875,0.0,0.0,223.18603515625,112.890625,289.53125,179.50439453125,0.7914501679118764
2012-09-17,0,634.1,257.5,141.484375,141.484375,141.484375,0.0,0.0,81.25,59.21875,92.265625,208.7158203125,0.40673076923076923
2012-09-17,1,611.3,237.65625,122.1875,122.1875,122.1875,0.0,0.0,219.88037109375,122.421875,290.703125,171.51123046875,0.7653309350121582
2012-09-17,1,634.1,243.828125,139.140625,139.140625,139.140625,0.0,0.0,84.9072265625,78.046875,92.734375,197.37060546875,0.1729829202369314
2012-09-17,2,611.3,196.09375,121.71875,121.71875,121.71875,0.0,0.0,214.0283203125,106.25,290.078125,163.525390625,0.8588962653708393
2012-09-17,2,634.1,243.203125,128.90625,128.90625,128.90625,0.0,0.0,85.00244140625,75.078125,92.5,195.29052734375,0.204957348421748
2012-09-17,3,611.3,196.796875,98.90625,98.90625,98.90625,0.0,0.0,202.55615234375,102.96875,283.90625,159.755859375,0.893270818518206
2012-09-17,3,634.1,236.796875,110.78125,110.78125,110.78125,0.0,0.0,86.88232421875,76.796875,93.984375,187.392578125,0.1978250484727569
2012-09-17,4,611.3,214.140625,131.328125,131.328125,131.328125,0.0,0.0,220.37109375,114.453125,289.84375,167.7001953125,0.7958876185411681
2012-09-17,4,634.1,240.234375,142.734375,142.734375,142.734375,0.0,0.0,84.35546875,75.859375,92.265625,199.04541015625,0.19448946515397084
2012-09-17,5,611.3,219.765625,97.109375,97.109375,97.109375,0.0,0.0,214.169921875,93.828125,288.4375,163.232421875,0.9086680953900871
2012-09-17,5,634.1,250.78125,111.40625,111.40625,111.40625,0.0,0.0,84.95849609375,74.140625,93.515625,194.51416015625,0.22805253024512198
2012-09-17,6,611.3,220.390625,127.109375,127.109375,127.109375,0.0,0.0,216.31591796875,109.21875,291.171875,171.89208984375,0.8411453336794465
2012-09-17,6,634.1,252.734375,141.09375,141.09375,141.09375,0.0,0.0,84.4921875,68.828125,92.5,197.95166015625,0.2801664355062413
2012-09-17,7,611.3,210.0,121.796875,121.796875,121.796875,0.0,0.0,220.26611328125,115.390625,289.140625,171.1376953125,0.7888185677392181
2012-09-17,7,634.1,250.859375,133.515625,133.515625,133.515625,0.0,0.0,84.25537109375,74.296875,92.109375,198.7841796875,0.21141085451015618
2012-09-17,8,611.3,218.4375,111.953125,111.953125,111.953125,0.0,0.0,210.2001953125,105.78125,290.9375,163.60107421875,0.8808566981811424
2012-09-17,8,634.1,239.765625,122.578125,122.578125,122.578125,0.0,0.0,85.75927734375,76.015625,93.125,191.22802734375,0.19950465453924332
2012-09-17,9,611.3,225.390625,134.921875,134.921875,134.921875,0.0,0.0,223.0126953125,127.8125,284.140625,173.05419921875,0.7009830753399163
2012-09-17,9,634.1,249.921875,144.921875,144.921875,144.921875,0.0,0.0,84.16015625,76.796875,92.265625,200.06591796875,0.18380134601995823
2012-09-18,0,611.3,215.703125,86.796875,86.796875,86.796875,0.0,0.0,202.97119140625,65.0,291.25,161.259765625,1.1146902101350782
2012-09-18,0,634.1,259.140625,81.796875,81.796875,81.796875,0.0,0.0,83.14697265625,55.703125,92.421875,191.22314453125,0.44161259065684
2012-09-18,1,611.3,206.015625,106.71875,106.71875,106.71875,0.0,0.0,198.56201171875,89.0625,285.703125,158.44482421875,0.990323492887091
2012-09-18,1,634.1,250.859375,110.9375,110.9375,110.9375,0.0,0.0,86.43798828125,76.09375,93.203125,184.36279296875,0.1979381443298969
2012-09-18,2,611.3,226.640625,77.65625,77.65625,77.65625,0.0,0.0,194.39208984375,43.90625,290.78125,152.3779296875,1.2699848033859564
2012-09-18,2,634.1,235.078125,69.140625,69.140625,69.140625,0.0,0.0,86.81884765625,77.265625,95.390625,177.22900390625,0.20876803239503952
2012-09-18,3,611.3,236.953125,78.984375,78.984375,78.984375,0.0,0.0,203.74267578125,52.1875,290.3125,162.568359375,1.1687536697302674
2012-09-18,3,634.1,250.078125,64.53125,64.53125,64.53125,0.0,0.0,85.25634765625,73.28125,94.140625,185.33203125,0.24466653303170013
2012-09-18,4,611.3,198.125,85.3125,85.3125,85.3125,0.0,0.0,204.7998046875,79.609375,290.9375,158.4423828125,1.0318765944257684
2012-09-18,4,634.1,249.296875,88.59375,88.59375,88.59375,0.0,0.0,85.44677734375,73.4375,94.921875,188.11767578125,0.2514357553072945
2012-09-18,5,611.3,198.984375,85.15625,85.15625,85.15625,0.0,0.0,197.79052734375,66.953125,290.859375,155.576171875,1.1320372770474603
2012-09-18,5,634.1,251.71875,77.421875,77.421875,77.421875,0.0,0.0,86.32568359375,77.109375,92.1875,182.16552734375,0.17466557312141182
2012-09-18,6,611.3,201.328125,103.359375,103.359375,103.359375,0.0,0.0,198.6767578125,77.109375,290.859375,160.5859375,1.0758681707586817
2012-09-18,6,634.1,240.390625,103.984375,103.984375,103.984375,0.0,0.0,86.16943359375,76.015625,92.265625,184.404296875,0.18858195211786372
2012-09-18,7,611.3,209.765625,82.8125,82.8125,82.8125,0.0,0.0,200.87158203125,58.90625,289.296875,155.3564453125,1.1469547990325364
2012-09-18,7,634.1,238.828125,72.265625,72.265625,72.265625,0.0,0.0,85.27099609375,76.25,92.8125,182.75146484375,0.19423368740515934
2012-09-18,8,611.3,195.546875,78.828125,78.828125,78.828125,0.0,0.0,200.77880859375,53.046875,287.65625,156.455078125,1.1684966986466274
2012-09-18,8,634.1,240.15625,66.796875,66.796875,66.796875,0.0,0.0,85.89111328125,77.1875,93.984375,182.1435546875,0.19556010346493846
2012-09-18,9,611.3,233.046875,109.296875,109.296875,109.296875,0.0,0.0,207.67822265625,89.765625,288.4375,162.34130859375,0.9566331628754482
2012-09-18,9,634.1,250.3125,107.109375,107.109375,107.109375,0.0,0.0,85.0732421875,75.234375,91.640625,189.53369140625,0.19284853354760947
2012-09-19,0,611.3,218.75,110.390625,110.390625,110.390625,0.0,0.0,201.77490234375,81.25,290.859375,165.849609375,1.038827785642552
2012-09-19,0,634.1,258.515625,120.3125,120.3125,120.3125,0.0,0.0,83.78662109375,60.390625,92.421875,190.2392578125,0.38229552143127715
2012-09-19,1,611.3,212.5,114.921875,114.921875,114.921875,0.0,0.0,189.76318359375,75.859375,264.6875,152.87109375,0.9950724973304
2012-09-19,1,634.1,238.4375,126.171875,126.171875,126.171875,0.0,0.0,87.333984375,81.171875,92.96875,178.13232421875,0.13507771441350777
2012-09-19,2,611.3,198.59375,97.65625,97.65625,97.65625,0.0,0.0,190.31005859375,64.296875,291.328125,151.3720703125,1.19295454837013
2012-09-19,2,634.1,249.53125,99.296875,99.296875,99.296875,0.0,0.0,86.416015625,73.4375,93.203125,179.02587890625,0.22872640976381511
2012-09-19,3,611.3,267.65625,95.9375,95.9375,95.9375,0.0,0.0,188.54736328125,54.6875,275.625,155.14404296875,1.1717877999197193
2012-09-19,3,634.1,223.671875,94.21875,94.21875,94.21875,0.0,0.0,86.85546875,77.34375,93.359375,174.74609375,0.1843939734652575
2012-09-19,4,611.3,204.84375,108.046875,108.046875,108.046875,0.0,0.0,203.49853515625,73.828125,288.671875,161.123046875,1.0557508428010989
2012-09-19,4,634.1,241.015625,116.953125,116.953125,116.953125,0.0,0.0,84.98291015625,75.625,93.515625,187.646484375,0.21052026774684707
2012-09-19,5,611.3,203.125,90.703125,90.703125,90.703125,0.0,0.0,193.6767578125,60.078125,289.84375,151.35986328125,1.1863355603176604
2012-09-19,5,634.1,252.03125,94.296875,94.296875,94.296875,0.0,0.0,86.2255859375,77.65625,94.53125,177.90283203125,0.1957075712101478
2012-09-19,6,611.3,204.53125,120.625,120.625,120.625,0.0,0.0,188.85009765625,88.046875,284.21875,155.90576171875,1.0387703127221957
2012-09-19,6,634.1,243.59375,132.734375,132.734375,132.734375,0.0,0.0,87.08740234375,76.796875,93.59375,179.3994140625,0.19287376300075693
2012-09-19,7,611.3,217.578125,104.6875,104.6875,104.6875,0.0,0.0,201.58203125,57.421875,290.546875,158.6181640625,1.1564770855537254
2012-09-19,7,634.1,243.59375,102.265625,102.265625,102.265625,0.0,0.0,84.60693359375,75.0,93.28125,185.45166015625,0.21607271677968548
2012-09-19,8,611.3,199.609375,92.890625,92.890625,92.890625,0.0,0.0,182.09716796875,49.765625,287.34375,145.98876953125,1.3046777588587823
2012-09-19,8,634.1,241.09375,90.625,90.625,90.625,0.0,0.0,87.4853515625,75.625,94.921875,169.8876953125,0.2205726405090138
2012-09-19,9,611.3,199.21875,113.671875,113.671875,113.671875,0.0,0.0,197.23876953125,70.546875,290.859375,156.5234375,1.1169837477874462
2012-09-19,9,634.1,252.578125,117.109375,117.109375,117.109375,0.0,0.0,85.31494140625,69.21875,94.296875,183.30810546875,0.29394763199313206
2012-09-20,0,611.3,203.90625,91.171875,91.171875,91.171875,0.0,0.0,202.3681640625,60.390625,290.625,159.36279296875,1.1377005670165279
2012-09-20,0,634.1,257.109375,82.890625,82.890625,82.890625,0.0,0.0,84.07470703125,60.0,93.515625,188.837890625,0.3986409966024915
2012-09-20,1,611.3,212.96875,97.1875,97.1875,97.1875,0.0,0.0,197.60498046875,81.09375,280.9375,159.11376953125,1.011329519761796
2012-09-20,1,634.1,226.5625,98.203125,98.203125,98.203125,0.0,0.0,86.4208984375,79.453125,92.65625,184.033203125,0.15277699305045483
2012-09-20,2,611.3,190.859375,83.28125,83.28125,83.28125,0.0,0.0,189.26025390625,53.125,283.28125,148.0419921875,1.2160833838572773
2012-09-20,2,634.1,240.9375,71.796875,71.796875,71.796875,0.0,0.0,87.02392578125,75.703125,94.84375,176.494140625,0.2199466965913873
2012-09-20,3,611.3,253.75,73.75,73.75,73.75,0.0,0.0,192.14599609375,72.890625,289.609375,158.02978515625,1.1278858493322999
2012-09-20,3,634.1,233.515625,60.859375,60.859375,60.859375,0.0,0.0,86.45751953125,77.65625,93.671875,180.0390625,0.18524270748030383
2012-09-20,4,611.3,219.609375,100.546875,100.546875,100.546875,0.0,0.0,198.7451171875,66.171875,288.671875,157.18994140625,1.119524359383829
2012-09-20,4,634.1,230.78125,100.46875,100.46875,100.46875,0.0,0.0,86.18896484375,78.359375,93.90625,182.8662109375,0.1803812707135371
2012-09-20,5,611.3,198.828125,80.078125,80.078125,80.078125,0.0,0.0,186.728515625,45.546875,269.0625,151.35498046875,1.197008524658752
2012-09-20,5,634.1,251.09375,67.578125,67.578125,67.578125,0.0,0.0,87.53662109375,81.171875,94.0625,174.57763671875,0.14725979640217543
2012-09-20,6,611.3,194.0625,110.859375,110.859375,110.859375,0.0,0.0,194.62158203125,81.484375,291.40625,157.0166015625,1.078615602694532
2012-09-20,6,634.1,239.375,117.65625,117.65625,117.65625,0.0,0.0,86.61376953125,76.09375,92.96875,182.2607421875,0.19483045353327508
2012-09-20,7,611.3,198.125,99.0625,99.0625,99.0625,0.0,0.0,202.87353515625,61.015625,290.15625,163.26904296875,1.129475191643501
2012-09-20,7,634.1,251.796875,90.46875,90.46875,90.46875,0.0,0.0,84.25537109375,70.78125,92.5,189.14306640625,0.25777288400799747
2012-09-20,8,611.3,209.375,79.140625,79.140625,79.140625,0.0,0.0,183.515625,55.15625,275.0,149.6240234375,1.197956577266922
2012-09-20,8,634.1,231.484375,68.359375,68.359375,68.359375,0.0,0.0,87.92236328125,80.3125,94.0625,171.650390625,0.15638797101046845
2012-09-20,9,611.3,187.109375,102.578125,102.578125,102.578125,0.0,0.0,199.43603515625,97.65625,286.953125,158.19580078125,0.9491608417289965
2012-09-20,9,634.1,252.1875,107.65625,107.65625,107.65625,0.0,0.0,85.7275390625,76.5625,91.875,186.3037109375,0.1786182149569972
2012-09-21,0,611.3,239.765625,116.40625,116.40625,116.40625,0.0,0.0,226.884765625,113.984375,290.390625,178.76708984375,0.7775147419618645
2012-09-21,0,634.1,257.1875,125.78125,125.78125,125.78125,0.0,0.0,83.49853515625,63.984375,91.25,204.11376953125,0.3265401596444548
2012-09-21,1,611.3,203.59375,117.96875,117.96875,117.96875,0.0,0.0,210.84716796875,114.84375,285.625,165.10009765625,0.8099764945636442
2012-09-21,1,634.1,238.828125,130.3125,130.3125,130.3125,0.0,0.0,86.85302734375,78.828125,92.34375,192.21435546875,0.15561489810260015
2012-09-21,2,611.3,186.25,103.046875,103.046875,103.046875,0.0,0.0,199.75830078125,83.90625,272.03125,155.59326171875,0.9417631170481906
2012-09-21,2,634.1,221.796875,109.453125,109.453125,109.453125,0.0,0.0,88.0224609375,80.703125,94.84375,185.0537109375,0.16064791701336884
2012-09-21,3,611.3,192.1875,88.75,88.75,88.75,0.0,0.0,197.52197265625,87.34375,286.796875,157.51708984375,1.0097768988319633
2012-09-21,3,634.1,229.765625,89.6875,89.6875,89.6875,0.0,0.0,88.22265625,78.671875,93.828125,184.50927734375,0.17179543945096304
2012-09-21,4,611.3,221.484375,103.90625,103.90625,103.90625,0.0,0.0,225.33447265625,106.640625,284.140625,177.9150390625,0.7877179106579846
2012-09-21,4,634.1,248.4375,115.078125,115.078125,115.078125,0.0,0.0,84.267578125,73.671875,91.328125,201.474609375,0.20952601691968942
2012-09-21,5,611.3,225.078125,99.296875,99.296875,99.296875,0.0,0.0,209.01123046875,92.96875,270.3125,167.0068359375,0.8484890960273797
2012-09-21,5,634.1,244.765625,103.359375,103.359375,103.359375,0.0,0.0,87.2021484375,81.015625,94.296875,189.9462890625,0.1523041603673218
2012-09-21,6,611.3,205.9375,117.5,117.5,117.5,0.0,0.0,213.8818359375,115.15625,284.765625,171.89208984375,0.7930050453165308
2012-09-21,6,634.1,236.25,126.796875,126.796875,126.796875,0.0,0.0,86.40625,76.875,91.71875,193.76953125,0.1717902350813743
2012-09-21,7,611.3,198.984375,117.421875,117.421875,117.421875,0.0,0.0,217.18994140625,110.15625,289.140625,167.49755859375,0.824091455806477
2012-09-21,7,634.1,240.625,119.921875,119.921875,119.921875,0.0,0.0,85.13427734375,75.78125,91.71875,197.041015625,0.1872042671560896
2012-09-21,8,611.3,199.765625,113.90625,113.90625,113.90625,0.0,0.0,216.34033203125,104.21875,291.40625,169.775390625,0.8652455057384356
2012-09-21,8,634.1,232.5,115.3125,115.3125,115.3125,0.0,0.0,85.7080078125,77.890625,92.03125,194.765625,0.1649860422719763
2012-09-21,9,611.3,211.09375,134.765625,134.765625,134.765625,0.0,0.0,218.19580078125,110.15625,289.609375,171.2451171875,0.8224407818916227
2012-09-21,9,634.1,252.34375,136.015625,136.015625,136.015625,0.0,0.0,85.44677734375,74.140625,91.328125,196.70654296875,0.20114860424583558
2012-09-22,0,611.3,200.234375,126.25,126.25,126.25,0.0,0.0,199.912109375,98.90625,291.484375,165.5810546875,0.9633139563284646
2012-09-22,0,634.1,259.0625,125.78125,125.78125,125.78125,0.0,0.0,83.78662109375,55.9375,90.46875,190.1123046875,0.4121332206649378
2012-09-22,1,611.3,191.640625,125.0,125.0,125.0,0.0,0.0,199.14794921875,116.328125,271.328125,170.19287109375,0.7783158230253399
2012-09-22,1,634.1,243.984375,126.5625,126.5625,126.5625,0.0,0.0,85.888671875,80.859375,89.765625,188.3447265625,0.10369528140989198
2012-09-22,2,611.3,216.484375,88.90625,88.90625,88.90625,0.0,0.0,177.109375,59.921875,273.28125,150.38330078125,1.2046757829730923
2012-09-22,2,634.1,222.421875,80.703125,80.703125,80.703125,0.0,0.0,88.46923828125,80.546875,93.28125,169.19677734375,0.14394127549190056
2012-09-22,3,611.3,182.265625,85.703125,85.703125,85.703125,0.0,0.0,182.7197265625,65.0,283.359375,152.97119140625,1.1950509072445952
2012-09-22,3,634.1,227.890625,71.953125,71.953125,71.953125,0.0,0.0,87.3583984375,79.140625,94.21875,173.61328125,0.17260074897993405
2012-09-22,4,611.3,205.625,118.671875,118.671875,118.671875,0.0,0.0,198.84521484375,108.828125,291.25,166.58203125,0.9174064115314253
2012-09-22,4,634.1,232.109375,119.84375,119.84375,119.84375,0.0,0.0,85.61279296875,77.96875,90.9375,187.36572265625,0.1514814497961046
2012-09-22,5,611.3,194.84375,85.625,85.625,85.625,0.0,0.0,182.55126953125,79.6875,277.65625,155.09521484375,1.0844556190068608
2012-09-22,5,634.1,251.015625,76.40625,76.40625,76.40625,0.0,0.0,87.60009765625,79.921875,92.5,175.13671875,0.1435857417574761
2012-09-22,6,611.3,188.046875,114.921875,114.921875,114.921875,0.0,0.0,192.53173828125,109.53125,287.265625,163.02490234375,0.9231432520510772
2012-09-22,6,634.1,230.234375,121.953125,121.953125,121.953125,0.0,0.0,86.57958984375,78.59375,93.59375,183.6669921875,0.17325099399373994
2012-09-22,7,611.3,195.78125,135.390625,135.390625,135.390625,0.0,0.0,210.9423828125,115.15625,284.6875,172.197265625,0.8036850998819471
2012-09-22,7,634.1,248.515625,131.40625,131.40625,131.40625,0.0,0.0,82.548828125,73.671875,89.296875,198.33740234375,0.18928191174730866
2012-09-22,8,611.3,217.265625,103.828125,103.828125,103.828125,0.0,0.0,195.7470703125,75.46875,290.9375,162.3779296875,1.100750829404575
2012-09-22,8,634.1,232.734375,97.96875,97.96875,97.96875,0.0,0.0,85.576171875,77.8125,92.96875,182.54638671875,0.177108296245578
2012-09-22,9,611.3,241.015625,125.625,125.625,125.625,0.0,0.0,206.78955078125,106.328125,284.921875,170.48583984375,0.8636497798136976
2012-09-22,9,634.1,252.8125,126.015625,126.015625,126.015625,0.0,0.0,84.1064453125,71.171875,91.796875,192.6171875,0.24522496371552976
2012-09-23,0,611.3,210.546875,119.140625,119.140625,119.140625,0.0,0.0,197.40234375,92.5,288.28125,163.64501953125,0.9917878697932127
2012-09-23,0,634.1,258.671875,115.15625,115.15625,115.15625,0.0,0.0,83.7939453125,56.71875,92.03125,189.43603515625,0.42142066313151916
2012-09-23,1,611.3,189.765625,110.78125,110.78125,110.78125,0.0,0.0,189.16259765625,78.28125,286.171875,154.78515625,1.0990049173345724
2012-09-23,1,634.1,235.46875,114.84375,114.84375,114.84375,0.0,0.0,87.1337890625,77.109375,93.359375,179.2626953125,0.18649481647520313
2012-09-23,2,611.3,188.4375,88.28125,88.28125,88.28125,0.0,0.0,182.3974609375,63.75,279.453125,150.4931640625,1.1825993842859055
2012-09-23,2,634.1,225.859375,78.515625,78.515625,78.515625,0.0,0.0,87.83935546875,79.609375,92.734375,173.349609375,0.14942049528891854
2012-09-23,3,611.3,192.34375,94.140625,94.140625,94.140625,0.0,0.0,178.41552734375,58.28125,266.25,153.02490234375,1.1656426606822754
2012-09-23,3,634.1,218.59375,84.765625,84.765625,84.765625,0.0,0.0,88.00537109375,81.5625,94.765625,172.86865234375,0.15002635448164897
2012-09-23,4,611.3,208.90625,115.078125,115.078125,115.078125,0.0,0.0,198.22509765625,82.03125,268.203125,167.00439453125,0.9391942655155001
2012-09-23,4,634.1,219.6875,117.96875,117.96875,117.96875,0.0,0.0,85.6787109375,80.0,91.640625,186.11328125,0.1358636804012082
2012-09-23,5,611.3,196.015625,118.671875,118.671875,118.671875,0.0,0.0,182.91015625,74.6875,286.09375,154.2529296875,1.1557928457020823
2012-09-23,5,634.1,250.78125,118.515625,118.515625,118.515625,0.0,0.0,87.4853515625,78.75,91.796875,174.89990234375,0.14913210917006195
2012-09-23,6,611.3,206.484375,114.375,114.375,114.375,0.0,0.0,195.0927734375,93.90625,278.90625,164.89501953125,0.948266800150169
2012-09-23,6,634.1,225.46875,121.953125,121.953125,121.953125,0.0,0.0,86.19384765625,79.765625,91.953125,184.11865234375,0.14139640277581078
2012-09-23,7,611.3,203.515625,99.921875,99.921875,99.921875,0.0,0.0,198.64501953125,78.671875,286.640625,163.125,1.046936643519941
2012-09-23,7,634.1,244.921875,93.125,93.125,93.125,0.0,0.0,84.93896484375,75.78125,90.234375,186.63818359375,0.1701589491535167
2012-09-23,8,611.3,213.90625,107.1875,107.1875,107.1875,0.0,0.0,193.41796875,77.8125,290.546875,159.71435546875,1.0998687266484903
2012-09-23,8,634.1,231.796875,103.828125,103.828125,103.828125,0.0,0.0,85.8984375,78.125,92.421875,180.830078125,0.1664392905866303
2012-09-23,9,611.3,211.40625,116.40625,116.40625,116.40625,0.0,0.0,206.99951171875,96.40625,289.921875,172.23876953125,0.9348602969794898
2012-09-23,9,634.1,251.5625,115.78125,115.78125,115.78125,0.0,0.0,84.4580078125,76.484375,89.140625,191.8017578125,0.14985257559114298
2012-09-24,0,611.3,200.234375,107.96875,107.96875,107.96875,0.0,0.0,187.6611328125,82.8125,280.625,160.51513671875,1.0540941378502848
2012-09-24,0,634.1,260.234375,113.59375,113.59375,113.59375,0.0,0.0,84.82666015625,53.4375,91.953125,182.666015625,0.45405094258166645
2012-09-24,1,611.3,196.328125,104.453125,104.453125,104.453125,0.0,0.0,185.42236328125,72.109375,267.421875,154.43115234375,1.0533384244690516
2012-09-24,1,634.1,219.453125,103.671875,103.671875,103.671875,0.0,0.0,87.509765625,81.40625,93.90625,176.33056640625,0.14284120075884388
2012-09-24,2,611.3,192.421875,110.078125,110.078125,110.078125,0.0,0.0,187.40234375,68.359375,279.21875,156.23046875,1.1251693590411673
2012-09-24,2,634.1,225.625,101.40625,101.40625,101.40625,0.0,0.0,86.904296875,79.6875,91.875,177.5732421875,0.14024047645802898
2012-09-24,3,611.3,187.1875,70.234375,70.234375,70.234375,0.0,0.0,178.18603515625,52.1875,272.8125,148.23974609375,1.2381722271699664
2012-09-24,3,634.1,222.1875,50.078125,50.078125,50.078125,0.0,0.0,87.7587890625,80.625,93.515625,168.5302734375,0.14688699716241027
2012-09-24,4,611.3,221.09375,92.96875,92.96875,92.96875,0.0,0.0,197.55859375,87.34375,283.203125,162.138671875,0.991398912506179
2012-09-24,4,634.1,239.296875,87.65625,87.65625,87.65625,0.0,0.0,85.2197265625,76.09375,90.9375,185.22705078125,0.17418208903913368
2012-09-24,5,611.3,198.515625,69.84375,69.84375,69.84375,0.0,0.0,177.3291015625,38.046875,270.0,143.91845703125,1.308037558168351
2012-09-24,5,634.1,251.015625,50.859375,50.859375,50.859375,0.0,0.0,88.0224609375,81.015625,94.296875,167.12890625,0.1508847839352083
2012-09-24,6,611.3,196.484375,95.3125,95.3125,95.3125,0.0,0.0,181.69677734375,74.0625,286.71875,151.474609375,1.1703908737890167
2012-09-24,6,634.1,229.6875,93.4375,93.4375,93.4375,0.0,0.0,87.7978515625,78.671875,92.421875,173.95263671875,0.15660975474111563
2012-09-24,7,611.3,184.53125,94.140625,94.140625,94.140625,0.0,0.0,183.68896484375,58.828125,290.546875,149.73876953125,1.2614734379776447
2012-09-24,7,634.1,250.859375,82.1875,82.1875,82.1875,0.0,0.0,86.6357421875,72.65625,92.65625,173.96240234375,0.2308516034492476
2012-09-24,8,611.3,205.234375,79.296875,79.296875,79.296875,0.0,0.0,194.49462890625,43.671875,290.703125,156.1572265625,1.270118621728488
2012-09-24,8,634.1,234.296875,62.890625,62.890625,62.890625,0.0,0.0,85.46142578125,77.421875,93.90625,178.56201171875,0.19288673046707613
2012-09-24,9,611.3,210.46875,106.328125,106.328125,106.328125,0.0,0.0,200.17578125,78.4375,291.484375,160.87890625,1.064298955995707
2012-09-24,9,634.1,252.1875,100.46875,100.46875,100.46875,0.0,0.0,85.09765625,77.265625,90.546875,184.55078125,0.1560706908423227
2012-09-25,0,611.3,225.625,127.34375,127.34375,127.34375,0.0,0.0,207.12646484375,114.375,285.703125,166.142578125,0.8271667511403953
2012-09-25,0,634.1,256.328125,137.421875,137.421875,137.421875,0.0,0.0,85.21728515625,61.796875,93.28125,194.38720703125,0.36945996275605214
2012-09-25,1,611.3,259.921875,124.21875,124.21875,124.21875,0.0,0.0,212.22900390625,112.578125,288.203125,169.93408203125,0.8275259119511326
2012-09-25,1,634.1,230.46875,138.125,138.125,138.125,0.0,0.0,86.171875,78.203125,93.359375,193.17138671875,0.17588395285584768
2012-09-25,2,611.3,191.40625,131.40625,131.40625,131.40625,0.0,0.0,206.0400390625,113.984375,285.234375,164.22607421875,0.8311491338246795
2012-09-25,2,634.1,228.90625,143.046875,143.046875,143.046875,0.0,0.0,86.85791015625,78.828125,94.0625,189.74853515625,0.17539421536385869
2012-09-25,3,611.3,190.234375,110.234375,110.234375,110.234375,0.0,0.0,201.6650390625,133.359375,286.40625,161.41357421875,0.7589162490012349
2012-09-25,3,634.1,235.3125,125.46875,125.46875,125.46875,0.0,0.0,87.55859375,77.1875,93.59375,188.48388671875,0.18737452598706222
2012-09-25,4,611.3,231.875,128.203125,128.203125,128.203125,0.0,0.0,228.310546875,145.9375,288.125,177.10205078125,0.6227811283630609
2012-09-25,4,634.1,251.25,140.9375,140.9375,140.9375,0.0,0.0,83.06640625,71.875,90.859375,205.859375,0.22854455678344698
2012-09-25,5,611.3,208.203125,103.671875,103.671875,103.671875,0.0,0.0,204.775390625,112.5,289.296875,159.0625,0.8633697362773618
2012-09-25,5,634.1,253.59375,117.34375,117.34375,117.34375,0.0,0.0,86.95068359375,77.5,93.59375,188.7158203125,0.18509055173382002
2012-09-25,6,611.3,203.90625,125.234375,125.234375,125.234375,0.0,0.0,207.95654296875,137.578125,280.859375,167.0068359375,0.6889961140656735
2012-09-25,6,634.1,226.5625,142.578125,142.578125,142.578125,0.0,0.0,86.6162109375,79.453125,91.796875,191.9482421875,0.1425108517954789
2012-09-25,7,611.3,191.71875,122.109375,122.109375,122.109375,0.0,0.0,217.61474609375,140.546875,288.75,168.623046875,0.6810343860436416
2012-09-25,7,634.1,251.171875,133.359375,133.359375,133.359375,0.0,0.0,84.95361328125,72.03125,91.484375,199.2529296875,0.22898525734977154
2012-09-25,8,611.3,197.34375,118.828125,118.828125,118.828125,0.0,0.0,218.9794921875,130.0,291.171875,166.15234375,0.7360135572056102
2012-09-25,8,634.1,245.3125,136.5625,136.5625,136.5625,0.0,0.0,84.86572265625,74.53125,92.5,198.6572265625,0.211731538218118
2012-09-25,9,611.3,237.96875,138.671875,138.671875,138.671875,0.0,0.0,221.92626953125,152.1875,290.859375,172.82958984375,0.6248556121494813
2012-09-25,9,634.1,251.09375,157.96875,157.96875,157.96875,0.0,0.0,84.716796875,74.21875,91.40625,200.05126953125,0.20288184438040346
2012-09-26,0,611.3,203.4375,117.109375,117.109375,117.109375,0.0,0.0,192.15576171875,76.484375,285.234375,156.27197265625,1.0863582654655877
2012-09-26,0,634.1,258.203125,116.09375,116.09375,116.09375,0.0,0.0,85.6494140625,57.65625,93.046875,182.5390625,0.41320335214639986
2012-09-26,1,611.3,192.96875,99.921875,99.921875,99.921875,0.0,0.0,188.83544921875,74.375,288.75,155.4345703125,1.1352476501997493
2012-09-26,1,634.1,243.828125,104.921875,104.921875,104.921875,0.0,0.0,87.5732421875,75.234375,92.96875,179.5654296875,0.2025090604962364
2012-09-26,2,611.3,192.8125,81.015625,81.015625,81.015625,0.0,0.0,184.78271484375,70.390625,247.65625,155.28564453125,0.9593193018616143
2012-09-26,2,634.1,219.84375,71.5625,71.5625,71.5625,0.0,0.0,87.978515625,84.140625,92.109375,176.376953125,0.09057609057609058
2012-09-26,3,611.3,239.921875,78.515625,78.515625,78.515625,0.0,0.0,189.77783203125,57.890625,272.96875,159.69482421875,1.1333153229645068
2012-09-26,3,634.1,222.265625,72.109375,72.109375,72.109375,0.0,0.0,87.24365234375,80.390625,94.375,179.17236328125,0.16029103120190288
2012-09-26,4,611.3,200.546875,112.5,112.5,112.5,0.0,0.0,201.88232421875,89.609375,287.03125,160.7861328125,0.9779056971133497
2012-09-26,4,634.1,241.5625,114.453125,114.453125,114.453125,0.0,0.0,85.56640625,75.546875,92.421875,188.4814453125,0.1972152476603515
2012-09-26,5,611.3,210.546875,89.53125,89.53125,89.53125,0.0,0.0,189.84375,82.578125,291.015625,154.5556640625,1.0979423868312757
2012-09-26,5,634.1,250.546875,83.671875,83.671875,83.671875,0.0,0.0,87.23388671875,77.109375,93.125,178.93310546875,0.18359407797150934
2012-09-26,6,611.3,214.921875,94.0625,94.0625,94.0625,0.0,0.0,188.52783203125,87.734375,266.71875,155.53955078125,0.9493790549202937
2012-09-26,6,634.1,244.21875,105.0,105.0,105.0,0.0,0.0,87.822265625,81.484375,93.90625,178.4423828125,0.14144334482375182
2012-09-26,7,611.3,190.46875,90.3125,90.3125,90.3125,0.0,0.0,194.29931640625,75.15625,280.0,157.5,1.0542690205440723
2012-09-26,7,634.1,235.46875,81.328125,81.328125,81.328125,0.0,0.0,86.3427734375,79.609375,93.046875,182.27783203125,0.1556297008426172
2012-09-26,8,611.3,208.671875,117.8125,117.8125,117.8125,0.0,0.0,186.4453125,88.671875,279.921875,154.6337890625,1.0257699560025142
2012-09-26,8,634.1,227.34375,117.265625,117.265625,117.265625,0.0,0.0,87.46826171875,79.609375,92.421875,177.51220703125,0.14648170374298713
2012-09-26,9,611.3,213.4375,110.546875,110.546875,110.546875,0.0,0.0,204.14794921875,112.109375,285.859375,168.3544921875,0.8510984345663067
2012-09-26,9,634.1,252.1875,112.96875,112.96875,112.96875,0.0,0.0,85.1171875,73.75,91.25,190.55908203125,0.20559889857732905
2012-09-27,0,611.3,211.328125,112.96875,112.96875,112.96875,0.0,0.0,195.556640625,72.421875,283.90625,161.2890625,1.0814481897627966
2012-09-27,0,634.1,256.328125,114.609375,114.609375,114.609375,0.0,0.0,85.869140625,61.640625,92.109375,185.3759765625,0.35482770385533946
2012-09-27,1,611.3,211.015625,101.015625,101.015625,101.015625,0.0,0.0,191.4453125,81.015625,262.578125,158.2568359375,0.9483778820648847
2012-09-27,1,634.1,233.984375,107.96875,107.96875,107.96875,0.0,0.0,87.73681640625,82.109375,92.03125,181.2353515625,0.11308679077274118
2012-09-27,2,611.3,203.75,89.296875,89.296875,89.296875,0.0,0.0,181.26708984375,64.609375,253.515625,149.9560546875,1.042143116893612
2012-09-27,2,634.1,211.796875,95.390625,95.390625,95.390625,0.0,0.0,88.9990234375,83.359375,93.671875,173.37646484375,0.11587205793602896
2012-09-27,3,611.3,210.546875,97.578125,97.578125,97.578125,0.0,0.0,186.15478515625,69.765625,261.875,158.0859375,1.0319873047515378
2012-09-27,3,634.1,216.328125,103.28125,103.28125,103.28125,0.0,0.0,88.07861328125,82.1875,92.5,178.20556640625,0.117082906006597
2012-09-27,4,611.3,214.140625,105.3125,105.3125,105.3125,0.0,0.0,204.08935546875,71.5625,290.0,160.14892578125,1.0703032478019021
2012-09-27,4,634.1,234.21875,108.359375,108.359375,108.359375,0.0,0.0,86.025390625,77.421875,93.359375,187.51708984375,0.18526506981496196
2012-09-27,5,611.3,211.171875,91.40625,91.40625,91.40625,0.0,0.0,186.46240234375,53.359375,269.453125,153.0419921875,1.15891325695581
2012-09-27,5,634.1,251.40625,86.328125,86.328125,86.328125,0.0,0.0,88.24462890625,81.09375,93.59375,175.39794921875,0.14165168073039147
2012-09-27,6,611.3,210.15625,109.84375,109.84375,109.84375,0.0,0.0,186.1572265625,77.265625,251.5625,158.92578125,0.936288524590164
2012-09-27,6,634.1,216.25,113.4375,113.4375,113.4375,0.0,0.0,88.50341796875,83.59375,93.046875,178.16650390625,0.10681084659733525
2012-09-27,7,611.3,187.65625,114.609375,114.609375,114.609375,0.0,0.0,197.24609375,70.234375,289.296875,157.734375,1.110605010397069
2012-09-27,7,634.1,244.765625,114.140625,114.140625,114.140625,0.0,0.0,85.9814453125,74.6875,91.953125,184.6826171875,0.20080640581520814
2012-09-27,8,611.3,230.859375,97.890625,97.890625,97.890625,0.0,0.0,193.65478515625,67.34375,280.078125,157.98583984375,1.0985237200741291
2012-09-27,8,634.1,231.328125,93.59375,93.59375,93.59375,0.0,0.0,87.2119140625,79.609375,92.578125,181.201171875,0.14870387996192821
2012-09-27,9,611.3,201.40625,118.671875,118.671875,118.671875,0.0,0.0,207.41455078125,83.984375,290.625,165.322265625,0.9962687006367927
2012-09-27,9,634.1,251.796875,117.578125,117.578125,117.578125,0.0,0.0,85.36865234375,77.578125,90.078125,190.15625,0.1464237709840707
2012-09-28,0,611.3,199.53125,116.796875,116.796875,116.796875,0.0,0.0,184.716796875,66.015625,270.703125,154.0869140625,1.1081152524451494
2012-09-28,0,634.1,256.640625,117.109375,117.109375,117.109375,0.0,0.0,87.3095703125,61.015625,94.609375,177.1240234375,0.38476595268720987
2012-09-28,1,611.3,206.640625,119.6875,119.6875,119.6875,0.0,0.0,193.8525390625,95.15625,253.359375,162.1533203125,0.8161003501171256
2012-09-28,1,634.1,224.0625,125.78125,125.78125,125.78125,0.0,0.0,87.52685546875,83.359375,91.796875,182.14599609375,0.09639898468661962
2012-09-28,2,611.3,194.296875,90.703125,90.703125,90.703125,0.0,0.0,180.7421875,68.046875,250.0,149.3798828125,1.006699805489518
2012-09-28,2,634.1,217.265625,88.59375,88.59375,88.59375,0.0,0.0,89.13818359375,83.828125,93.75,172.44873046875,0.11130892059927146
2012-09-28,3,611.3,177.03125,92.5,92.5,92.5,0.0,0.0,190.14404296875,71.953125,285.3125,156.56005859375,1.122093396505014
2012-09-28,3,634.1,228.90625,87.421875,87.421875,87.421875,0.0,0.0,87.6513671875,78.828125,92.890625,179.47998046875,0.1604367444710601
2012-09-28,4,611.3,236.5625,124.84375,124.84375,124.84375,0.0,0.0,202.25830078125,84.21875,272.34375,165.60791015625,0.9301225179552176
2012-09-28,4,634.1,221.875,131.71875,131.71875,131.71875,0.0,0.0,86.37451171875,78.828125,93.359375,186.4990234375,0.16823539387772407
2012-09-28,5,611.3,208.203125,96.71875,96.71875,96.71875,0.0,0.0,191.9384765625,82.578125,287.65625,153.51806640625,1.0684576051285966
2012-09-28,5,634.1,251.40625,97.34375,97.34375,97.34375,0.0,0.0,87.55615234375,77.34375,93.28125,179.31640625,0.18202604355463847
2012-09-28,6,611.3,188.046875,111.25,111.25,111.25,0.0,0.0,189.86572265625,81.640625,279.84375,156.669921875,1.0439120986511334
2012-09-28,6,634.1,226.71875,116.328125,116.328125,116.328125,0.0,0.0,87.99560546875,79.609375,92.96875,179.23095703125,0.1518186610437533
2012-09-28,7,611.3,182.890625,112.890625,112.890625,112.890625,0.0,0.0,205.15625,85.46875,288.828125,161.3037109375,0.9912414318354913
2012-09-28,7,634.1,244.296875,113.046875,113.046875,113.046875,0.0,0.0,84.73876953125,74.84375,90.859375,189.814453125,0.18899997118902878
2012-09-28,8,611.3,192.34375,124.296875,124.296875,124.296875,0.0,0.0,189.912109375,79.765625,257.265625,157.5341796875,0.9346428755077903
2012-09-28,8,634.1,229.53125,122.734375,122.734375,122.734375,0.0,0.0,87.7783203125,82.8125,92.734375,179.11865234375,0.1130333203537854
2012-09-28,9,611.3,195.46875,131.640625,131.640625,131.640625,0.0,0.0,208.67919921875,104.765625,281.25,165.60302734375,0.845720971044165
2012-09-28,9,634.1,243.90625,132.578125,132.578125,132.578125,0.0,0.0,85.30517578125,76.40625,91.015625,190.8984375,0.17126012420938153
2012-09-29,0,611.3,198.203125,115.078125,115.078125,115.078125,0.0,0.0,189.63623046875,89.921875,277.1875,159.55322265625,0.9874991953653042
2012-09-29,0,634.1,257.265625,120.546875,120.546875,120.546875,0.0,0.0,86.97021484375,59.6875,92.890625,184.208984375,0.381775818993347
2012-09-29,1,611.3,185.859375,125.15625,125.15625,125.15625,0.0,0.0,196.87255859375,120.546875,259.921875,163.26904296875,0.7079452870199283
2012-09-29,1,634.1,229.6875,132.8125,132.8125,132.8125,0.0,0.0,87.6123046875,82.421875,93.28125,185.73974609375,0.1239480577383938
2012-09-29,2,611.3,186.484375,98.515625,98.515625,98.515625,0.0,0.0,185.21240234375,100.78125,260.15625,156.86767578125,0.8604985302453106
2012-09-29,2,634.1,215.390625,102.109375,102.109375,102.109375,0.0,0.0,88.85009765625,82.421875,92.34375,178.154296875,0.11166982661500838
2012-09-29,3,611.3,181.171875,118.984375,118.984375,118.984375,0.0,0.0,195.30029296875,108.125,287.8125,162.12890625,0.9200575035939746
2012-09-29,3,634.1,230.3125,120.078125,120.078125,120.078125,0.0,0.0,87.22900390625,78.515625,93.828125,185.2587890625,0.17554367600548573
2012-09-29,4,611.3,228.28125,145.234375,145.234375,145.234375,0.0,0.0,215.498046875,118.75,288.90625,170.99609375,0.7895953233334844
2012-09-29,4,634.1,244.0625,146.71875,146.71875,146.71875,0.0,0.0,84.53857421875,74.84375,93.90625,196.2255859375,0.22548878043145523
2012-09-29,5,611.3,179.21875,94.6875,94.6875,94.6875,0.0,0.0,189.072265625,72.421875,280.0,155.31494140625,1.0978771757657146
2012-09-29,5,634.1,249.765625,96.71875,96.71875,96.71875,0.0,0.0,88.30322265625,79.609375,93.59375,180.18310546875,0.15836766291575657
2012-09-29,6,611.3,232.1875,116.5625,116.5625,116.5625,0.0,0.0,205.87158203125,114.53125,290.78125,167.10205078125,0.8561162170174919
2012-09-29,6,634.1,232.890625,122.65625,122.65625,122.65625,0.0,0.0,86.279296875,77.8125,94.6875,190.27587890625,0.19558573853989814
2012-09-29,7,611.3,204.53125,109.453125,109.453125,109.453125,0.0,0.0,207.24365234375,115.625,291.484375,166.29638671875,0.848563384263786
2012-09-29,7,634.1,236.640625,112.578125,112.578125,112.578125,0.0,0.0,85.65185546875,76.796875,91.40625,191.51123046875,0.17056694125359861
2012-09-29,8,611.3,185.546875,111.25,111.25,111.25,0.0,0.0,192.9736328125,98.203125,284.53125,159.16015625,0.9655626122820778
2012-09-29,8,634.1,228.671875,114.140625,114.140625,114.140625,0.0,0.0,87.6171875,78.828125,93.046875,182.294921875,0.16228265715559517
2012-09-29,9,611.3,213.4375,117.578125,117.578125,117.578125,0.0,0.0,211.005859375,119.6875,288.90625,170.3173828125,0.8019623270236498
2012-09-29,9,634.1,251.40625,119.53125,119.53125,119.53125,0.0,0.0,85.0537109375,75.078125,92.265625,194.3896484375,0.20207819048165795
2012-09-30,0,611.3,206.25,101.796875,101.796875,101.796875,0.0,0.0,188.57421875,48.359375,288.671875,156.08642578125,1.2743656136716728
2012-09-30,0,634.1,259.0625,91.796875,91.796875,91.796875,0.0,0.0,84.79736328125,55.78125,94.21875,179.07958984375,0.45328649987044023
2012-09-30,1,611.3,191.71875,106.40625,106.40625,106.40625,0.0,0.0,182.9833984375,93.984375,262.5,155.46630859375,0.9209339559706471
2012-09-30,1,634.1,225.9375,104.0625,104.0625,104.0625,0.0,0.0,87.490234375,82.109375,93.28125,176.73583984375,0.12769282285969416
2012-09-30,2,611.3,175.0,86.71875,86.71875,86.71875,0.0,0.0,174.66796875,83.90625,249.921875,152.87841796875,0.9504640500950464
2012-09-30,2,634.1,209.921875,71.484375,71.484375,71.484375,0.0,0.0,88.27392578125,83.828125,92.734375,170.88134765625,0.10089332632685234
2012-09-30,3,611.3,176.015625,95.546875,95.546875,95.546875,0.0,0.0,168.83056640625,71.875,276.875,145.859375,1.2142351018755513
2012-09-30,3,634.1,240.78125,82.265625,82.265625,82.265625,0.0,0.0,88.5205078125,75.703125,93.75,165.8056640625,0.20387224888300512
2012-09-30,4,611.3,215.0,106.171875,106.171875,106.171875,0.0,0.0,188.20068359375,79.21875,269.84375,160.1123046875,1.0128815494181898
2012-09-30,4,634.1,220.546875,104.921875,104.921875,104.921875,0.0,0.0,86.52587890625,81.015625,92.8125,179.15771484375,0.13633926807934313
2012-09-30,5,611.3,183.28125,114.0625,114.0625,114.0625,0.0,0.0,173.8037109375,72.03125,279.53125,149.3603515625,1.1938755443180222
2012-09-30,5,634.1,249.140625,104.0625,104.0625,104.0625,0.0,0.0,88.2080078125,79.6875,93.75,169.24072265625,0.15942430113479103
2012-09-30,6,611.3,198.125,125.703125,125.703125,125.703125,0.0,0.0,190.4736328125,91.5625,277.265625,161.8115234375,0.9749544976800225
2012-09-30,6,634.1,229.375,123.359375,123.359375,123.359375,0.0,0.0,86.2646484375,79.921875,91.953125,181.45751953125,0.1394690666213845
2012-09-30,7,611.3,186.25,93.046875,93.046875,93.046875,0.0,0.0,188.65234375,61.71875,290.859375,153.07373046875,1.2146184905269697
2012-09-30,7,634.1,234.453125,82.8125,82.8125,82.8125,0.0,0.0,85.81787109375,77.421875,93.28125,177.2265625,0.1848027083155529
2012-09-30,8,611.3,190.78125,117.265625,117.265625,117.265625,0.0,0.0,179.521484375,77.265625,262.1875,156.357421875,1.030082141108633
2012-09-30,8,634.1,222.96875,105.46875,105.46875,105.46875,0.0,0.0,87.28515625,82.03125,92.65625,173.7109375,0.12172745580666816
2012-09-30,9,611.3,212.109375,121.25,121.25,121.25,0.0,0.0,200.9912109375,87.421875,290.859375,165.00244140625,1.012171124553604
2012-09-30,9,634.1,247.96875,114.609375,114.609375,114.609375,0.0,0.0,84.23095703125,76.015625,91.640625,187.7294921875,0.18550186951102868
2012-10-01,0,611.3,201.796875,130.703125,130.703125,130.703125,0.0,0.0,190.400390625,82.890625,279.765625,158.5498046875,1.0340052315740884
2012-10-01,0,634.1,256.875,130.078125,130.078125,130.078125,0.0,0.0,85.50048828125,60.546875,92.421875,183.310546875,0.37280488849547416
2012-10-01,1,611.3,186.5625,130.625,130.625,130.625,0.0,0.0,198.35205078125,98.515625,272.65625,163.22021484375,0.8779371038217737
2012-10-01,1,634.1,231.640625,134.296875,134.296875,134.296875,0.0,0.0,86.1328125,80.625,92.109375,186.66015625,0.13333333333333333
2012-10-01,2,611.3,198.671875,97.421875,97.421875,97.421875,0.0,0.0,197.86865234375,78.046875,285.9375,161.2548828125,1.0506496230582254
2012-10-01,2,634.1,229.296875,98.359375,98.359375,98.359375,0.0,0.0,86.0205078125,78.75,92.109375,185.37353515625,0.15530453539195097
2012-10-01,3,611.3,205.0,102.265625,102.265625,102.265625,0.0,0.0,182.86865234375,81.953125,290.0,156.69189453125,1.1376847389290148
2012-10-01,3,634.1,231.484375,111.09375,111.09375,111.09375,0.0,0.0,87.91015625,78.203125,93.828125,177.4267578125,0.1777382803821373
2012-10-01,4,611.3,218.984375,139.609375,139.609375,139.609375,0.0,0.0,206.64794921875,107.96875,291.25,169.11865234375,0.8869250853585057
2012-10-01,4,634.1,246.953125,144.84375,144.84375,144.84375,0.0,0.0,84.326171875,74.0625,91.40625,193.3984375,0.20567458019687318
2012-10-01,5,611.3,177.65625,112.5,112.5,112.5,0.0,0.0,190.146484375,102.96875,277.578125,156.7529296875,0.9182887370961943
2012-10-01,5,634.1,247.65625,116.171875,116.171875,116.171875,0.0,0.0,87.041015625,79.921875,94.53125,182.09228515625,0.16784472119376193
2012-10-01,6,611.3,210.3125,124.53125,124.53125,124.53125,0.0,0.0,187.81005859375,96.40625,278.828125,161.81396484375,0.9713104631663785
2012-10-01,6,634.1,225.390625,130.546875,130.546875,130.546875,0.0,0.0,87.44140625,79.765625,93.046875,180.9765625,0.15188742461469734
2012-10-01,7,611.3,217.265625,137.421875,137.421875,137.421875,0.0,0.0,208.310546875,112.5,289.921875,169.111328125,0.8517181566733861
2012-10-01,7,634.1,251.40625,133.59375,133.59375,133.59375,0.0,0.0,82.587890625,71.5625,92.1875,197.72216796875,0.2497339482085846
2012-10-01,8,611.3,194.140625,121.171875,121.171875,121.171875,0.0,0.0,194.9072265625,105.078125,286.796875,161.47216796875,0.9323345942831375
2012-10-01,8,634.1,229.921875,120.0,120.0,120.0,0.0,0.0,86.0107421875,78.515625,91.328125,184.03076171875,0.1489639511779733
2012-10-01,9,611.3,206.40625,132.109375,132.109375,132.109375,0.0,0.0,209.79736328125,116.5625,286.875,172.6806640625,0.8117952358232576
2012-10-01,9,634.1,245.625,130.390625,130.390625,130.390625,0.0,0.0,84.16748046875,74.453125,90.0,195.54443359375,0.184713560551124
2012-10-02,0,611.3,193.359375,102.8125,102.8125,102.8125,0.0,0.0,186.5869140625,77.5,288.90625,155.4736328125,1.1330175594692906
2012-10-02,0,634.1,257.265625,95.46875,95.46875,95.46875,0.0,0.0,86.14013671875,59.6875,92.1875,180.28076171875,0.37729218037014994
2012-10-02,1,611.3,198.203125,107.890625,107.890625,107.890625,0.0,0.0,195.87646484375,97.96875,287.1875,157.3876953125,0.9660106442646857
2012-10-02,1,634.1,230.78125,111.875,111.875,111.875,0.0,0.0,86.45751953125,78.59375,92.578125,183.08837890625,0.16174851043402141
2012-10-02,2,611.3,199.375,91.953125,91.953125,91.953125,0.0,0.0,188.96240234375,66.09375,290.15625,151.67236328125,1.185751753898629
2012-10-02,2,634.1,231.5625,81.09375,81.09375,81.09375,0.0,0.0,86.96533203125,78.125,93.90625,176.73583984375,0.18146598916369558
2012-10-02,3,611.3,207.734375,95.15625,95.15625,95.15625,0.0,0.0,188.828125,73.984375,281.640625,158.974609375,1.0997103847745138
2012-10-02,3,634.1,226.953125,85.703125,85.703125,85.703125,0.0,0.0,86.69189453125,79.375,92.65625,178.68408203125,0.15320059703173844
2012-10-02,4,611.3,218.125,93.203125,93.203125,93.203125,0.0,0.0,202.02392578125,86.953125,287.96875,162.42919921875,0.9950090031299472
2012-10-02,4,634.1,251.71875,92.1875,92.1875,92.1875,0.0,0.0,83.6474609375,70.9375,92.421875,192.16064453125,0.2568443173194793
2012-10-02,5,611.3,186.25,74.296875,74.296875,74.296875,0.0,0.0,186.6162109375,72.265625,287.03125,151.2646484375,1.1508412046364374
2012-10-02,5,634.1,247.734375,60.234375,60.234375,60.234375,0.0,0.0,87.17041015625,75.234375,92.578125,176.5576171875,0.19896373056994818
2012-10-02,6,611.3,204.53125,107.734375,107.734375,107.734375,0.0,0.0,189.84619140625,89.21875,291.171875,157.421875,1.063772328030761
2012-10-02,6,634.1,232.65625,109.53125,109.53125,109.53125,0.0,0.0,87.18994140625,77.890625,94.21875,179.80712890625,0.18727074174670288
2012-10-02,7,611.3,187.734375,91.171875,91.171875,91.171875,0.0,0.0,190.18798828125,62.109375,289.609375,151.533203125,1.1961849013491483
2012-10-02,7,634.1,239.140625,78.28125,78.28125,78.28125,0.0,0.0,86.19873046875,76.171875,92.96875,177.3193359375,0.19486220862718442
2012-10-02,8,611.3,203.28125,76.71875,76.71875,76.71875,0.0,0.0,186.2060546875,49.921875,283.359375,149.11376953125,1.253651501245575
2012-10-02,8,634.1,227.890625,59.609375,59.609375,59.609375,0.0,0.0,86.96533203125,79.140625,94.453125,172.70263671875,0.17607591027764521
2012-10-02,9,611.3,205.46875,99.21875,99.21875,99.21875,0.0,0.0,191.5673828125,97.1875,284.53125,156.99951171875,0.9779522340886498
2012-10-02,9,634.1,240.15625,99.53125,99.53125,99.53125,0.0,0.0,86.51611328125,76.875,91.953125,180.59326171875,0.17428111860484805
2012-10-03,0,611.3,200.078125,106.328125,106.328125,106.328125,0.0,0.0,182.1875,65.546875,287.421875,155.38818359375,1.2178387650085762
2012-10-03,0,634.1,259.21875,96.5625,96.5625,96.5625,0.0,0.0,85.595703125,55.546875,91.71875,177.314453125,0.4225898459783229
2012-10-03,1,611.3,180.0,111.40625,111.40625,111.40625,0.0,0.0,187.16064453125,87.109375,284.609375,155.98876953125,1.0552432136288334
2012-10-03,1,634.1,237.5,111.5625,111.5625,111.5625,0.0,0.0,86.8994140625,76.5625,91.328125,178.818359375,0.16991627802438614
2012-10-03,2,611.3,210.234375,89.0625,89.0625,89.0625,0.0,0.0,173.84521484375,52.109375,276.5625,146.4501953125,1.2911090201806001
2012-10-03,2,634.1,224.21875,77.265625,77.265625,77.265625,0.0,0.0,88.57421875,80.078125,94.453125,166.52099609375,0.16229327453142228
2012-10-03,3,611.3,196.40625,86.953125,86.953125,86.953125,0.0,0.0,174.0185546875,57.65625,274.140625,149.90234375,1.244030416117175
2012-10-03,3,634.1,222.890625,70.3125,70.3125,70.3125,0.0,0.0,88.34228515625,80.46875,93.28125,169.2333984375,0.14503247201879232
2012-10-03,4,611.3,218.515625,115.078125,115.078125,115.078125,0.0,0.0,191.91650390625,64.609375,286.71875,156.6455078125,1.15732295284255
2012-10-03,4,634.1,242.5,114.53125,114.53125,114.53125,0.0,0.0,86.07177734375,75.234375,92.96875,181.0693359375,0.20604169621330307
2012-10-03,5,611.3,192.890625,74.296875,74.296875,74.296875,0.0,0.0,179.93896484375,64.84375,279.609375,149.50439453125,1.1935470740675413
2012-10-03,5,634.1,244.921875,58.203125,58.203125,58.203125,0.0,0.0,87.73681640625,79.6875,93.28125,171.07666015625,0.1549378078303698
2012-10-03,6,611.3,190.078125,103.359375,103.359375,103.359375,0.0,0.0,181.46240234375,61.015625,266.171875,153.935546875,1.1305716630564937
2012-10-03,6,634.1,225.078125,100.078125,100.078125,100.078125,0.0,0.0,87.70751953125,81.5625,93.359375,173.62060546875,0.13450243562978428
2012-10-03,7,611.3,191.953125,94.375,94.375,94.375,0.0,0.0,185.67138671875,55.078125,291.09375,150.61279296875,1.2711469934649118
2012-10-03,7,634.1,246.015625,86.875,86.875,86.875,0.0,0.0,86.41845703125,76.71875,92.578125,173.7744140625,0.18351837726360992
2012-10-03,8,611.3,193.671875,89.296875,89.296875,89.296875,0.0,0.0,175.77392578125,56.328125,289.21875,148.046875,1.3249440948928428
2012-10-03,8,634.1,233.359375,83.515625,83.515625,83.515625,0.0,0.0,88.0224609375,77.578125,95.0,168.6669921875,0.1979253342208909
2012-10-03,9,611.3,191.171875,94.609375,94.609375,94.609375,0.0,0.0,186.72607421875,80.0,282.5,155.45654296875,1.0844762888485022
2012-10-03,9,634.1,250.78125,85.78125,85.78125,85.78125,0.0,0.0,86.59423828125,76.09375,91.328125,177.67333984375,0.17592827539541572
2012-10-04,0,611.3,200.46875,103.28125,103.28125,103.28125,0.0,0.0,186.4892578125,56.796875,286.171875,154.4482421875,1.2299636058963686
2012-10-04,0,634.1,257.96875,96.953125,96.953125,96.953125,0.0,0.0,85.2197265625,58.203125,92.265625,177.55615234375,0.39970205695295935
2012-10-04,1,611.3,237.421875,119.84375,119.84375,119.84375,0.0,0.0,190.70068359375,67.03125,284.453125,160.37109375,1.1401211097028587
2012-10-04,1,634.1,231.640625,120.859375,120.859375,120.859375,0.0,0.0,86.57470703125,78.984375,92.734375,179.8974609375,0.15882236823552634
2012-10-04,2,611.3,208.4375,87.03125,87.03125,87.03125,0.0,0.0,176.435546875,59.453125,277.8125,148.40576171875,1.2376155421486688
2012-10-04,2,634.1,224.84375,77.1875,77.1875,77.1875,0.0,0.0,88.203125,79.921875,94.296875,168.04931640625,0.1629760850310009
2012-10-04,3,611.3,180.15625,82.421875,82.421875,82.421875,0.0,0.0,165.1220703125,61.328125,256.328125,144.58740234375,1.1809444953721502
2012-10-04,3,634.1,213.28125,75.859375,75.859375,75.859375,0.0,0.0,89.4482421875,82.96875,93.984375,161.7333984375,0.12315082701020798
2012-10-04,4,611.3,195.078125,130.0,130.0,130.0,0.0,0.0,199.12353515625,66.40625,289.6875,159.0771484375,1.1213202388396415
2012-10-04,4,634.1,241.328125,127.578125,127.578125,127.578125,0.0,0.0,84.84130859375,75.546875,92.578125,184.98291015625,0.2007424246784265
2012-10-04,5,611.3,195.0,86.171875,86.171875,86.171875,0.0,0.0,184.99755859375,48.125,290.78125,152.37548828125,1.3116727152754866
2012-10-04,5,634.1,241.796875,72.1875,72.1875,72.1875,0.0,0.0,86.85791015625,78.046875,93.671875,172.9736328125,0.17989150293729095
2012-10-04,6,611.3,192.03125,105.15625,105.15625,105.15625,0.0,0.0,180.48828125,71.5625,261.171875,153.4326171875,1.0505356563142516
2012-10-04,6,634.1,221.953125,105.9375,105.9375,105.9375,0.0,0.0,87.81005859375,82.265625,91.875,173.18359375,0.1094336475102177
2012-10-04,7,611.3,204.21875,108.4375,108.4375,108.4375,0.0,0.0,196.40625,73.59375,289.53125,159.02099609375,1.0994431185361973
2012-10-04,7,634.1,239.140625,101.171875,101.171875,101.171875,0.0,0.0,84.98291015625,77.578125,90.625,181.8701171875,0.1535235140337269
2012-10-04,8,611.3,195.390625,100.390625,100.390625,100.390625,0.0,0.0,178.35693359375,47.65625,281.25,152.890625,1.3096981726096777
2012-10-04,8,634.1,226.71875,89.296875,89.296875,89.296875,0.0,0.0,87.59033203125,79.453125,93.359375,170.048828125,0.15876466817180923
2012-10-04,9,611.3,204.296875,124.6875,124.6875,124.6875,0.0,0.0,188.66455078125,80.15625,282.890625,158.98681640625,1.0745758763927171
2012-10-04,9,634.1,251.25,118.671875,118.671875,118.671875,0.0,0.0,86.3427734375,76.640625,90.46875,179.4384765625,0.1601538200531584
2012-10-05,0,611.3,201.875,127.34375,127.34375,127.34375,0.0,0.0,191.0009765625,72.34375,285.078125,157.87841796875,1.113786844594422
2012-10-05,0,634.1,257.578125,121.5625,121.5625,121.5625,0.0,0.0,85.00244140625,59.0625,92.34375,181.28662109375,0.3915328718729356
2012-10-05,1,611.3,211.71875,118.359375,118.359375,118.359375,0.0,0.0,198.52783203125,87.96875,285.546875,168.18359375,0.9952162524441384
2012-10-05,1,634.1,234.296875,119.140625,119.140625,119.140625,0.0,0.0,85.6982421875,78.828125,90.9375,187.3193359375,0.14130248988661614
2012-10-05,2,611.3,186.640625,99.6875,99.6875,99.6875,0.0,0.0,174.89013671875,65.390625,239.21875,150.07080078125,0.9939275493822852
2012-10-05,2,634.1,205.9375,96.171875,96.171875,96.171875,0.0,0.0,88.65478515625,85.390625,92.65625,169.19189453125,0.08195412111365076
2012-10-05,3,611.3,197.421875,103.046875,103.046875,103.046875,0.0,0.0,178.603515625,61.5625,261.328125,155.771484375,1.1184865219530866
2012-10-05,3,634.1,215.9375,93.984375,93.984375,93.984375,0.0,0.0,87.91748046875,82.109375,93.046875,173.0126953125,0.12440643136819306
2012-10-05,4,611.3,249.21875,116.484375,116.484375,116.484375,0.0,0.0,209.384765625,81.796875,285.78125,171.1865234375,0.9742082925236696
2012-10-05,4,634.1,239.453125,114.84375,114.84375,114.84375,0.0,0.0,83.92578125,76.09375,91.40625,190.85693359375,0.18245287409820804
2012-10-05,5,611.3,190.703125,114.0625,114.0625,114.0625,0.0,0.0,179.98291015625,60.0,275.9375,152.490234375,1.199766687917961
2012-10-05,5,634.1,251.484375,107.03125,107.03125,107.03125,0.0,0.0,87.78564453125,80.15625,94.53125,171.08642578125,0.1637511472036043
2012-10-05,6,611.3,204.765625,119.21875,119.21875,119.21875,0.0,0.0,189.560546875,75.078125,266.484375,160.8251953125,1.009736747205193
2012-10-05,6,634.1,218.75,119.0625,119.0625,119.0625,0.0,0.0,86.83837890625,81.5625,92.34375,179.31884765625,0.12415305462621946
2012-10-05,7,611.3,235.0,132.03125,132.03125,132.03125,0.0,0.0,200.0,74.21875,290.46875,164.7705078125,1.08125
2012-10-05,7,634.1,234.6875,124.453125,124.453125,124.453125,0.0,0.0,84.7314453125,77.34375,90.234375,185.44189453125,0.15213507750821184
2012-10-05,8,611.3,236.25,135.390625,135.390625,135.390625,0.0,0.0,188.1640625,77.03125,254.140625,164.18701171875,0.9412497405023874
2012-10-05,8,634.1,212.109375,143.28125,143.28125,143.28125,0.0,0.0,86.5966796875,77.5,92.578125,178.84521484375,0.1741189737806597
2012-10-05,9,611.3,203.671875,123.046875,123.046875,123.046875,0.0,0.0,194.99267578125,81.5625,285.546875,162.7783203125,1.0461130100539633
2012-10-05,9,634.1,251.015625,116.71875,116.71875,116.71875,0.0,0.0,85.46142578125,75.3125,92.265625,183.64013671875,0.1983716611912584
2012-10-06,0,611.3,216.328125,157.109375,157.109375,157.109375,0.0,0.0,227.2314453125,96.953125,289.140625,180.85205078125,0.8457786277585577
2012-10-06,0,634.1,262.34375,175.70546875,179.0625,179.0625,0.0,3.3570312500000057,82.8369140625,48.671875,91.328125,207.54150390625,0.5149425287356322
2012-10-06,1,611.3,223.75,148.4375,148.4375,148.4375,0.0,0.0,231.86767578125,188.28125,290.625,182.26806640625,0.44138860518252554
2012-10-06,1,634.1,244.6875,171.640625,171.640625,171.640625,0.0,0.0,84.59228515625,74.6875,90.78125,203.828125,0.19025080088891455
2012-10-06,2,611.3,221.328125,151.40625,151.40625,151.40625,0.0,0.0,221.806640625,182.421875,270.234375,179.03076171875,0.3958966230792938
2012-10-06,2,634.1,220.78125,173.046875,173.046875,173.046875,0.0,0.0,86.2109375,81.015625,90.15625,197.17529296875,0.10602628001812416
2012-10-06,3,611.3,211.796875,142.734375,142.734375,142.734375,0.0,0.0,213.12744140625,154.6875,265.3125,169.79736328125,0.5190556376507783
2012-10-06,3,634.1,218.125,169.0625,169.0625,169.0625,0.0,0.0,87.51220703125,81.71875,94.21875,192.490234375,0.14283721579020783
2012-10-06,4,611.3,236.953125,151.328125,151.328125,151.328125,0.0,0.0,235.7861328125,194.921875,278.203125,181.318359375,0.353206734452981
2012-10-06,4,634.1,225.078125,172.96875,172.96875,172.96875,0.0,0.0,84.63623046875,79.84375,90.15625,204.0673828125,0.12184498225978596
2012-10-06,5,611.3,212.03125,130.46875,130.46875,130.46875,0.0,0.0,216.81640625,168.828125,276.953125,174.8828125,0.4986938113683452
2012-10-06,5,634.1,244.84375,163.515625,163.515625,163.515625,0.0,0.0,87.43408203125,80.0,94.921875,193.81103515625,0.1706642839192472
2012-10-06,6,611.3,213.359375,137.421875,137.421875,137.421875,0.0,0.0,210.79833984375,163.046875,253.828125,169.27490234375,0.43065448270270895
2012-10-06,6,634.1,211.953125,166.640625,166.640625,166.640625,0.0,0.0,87.98828125,82.734375,92.8125,191.03271484375,0.11453940066592674
2012-10-06,7,611.3,211.5625,156.796875,156.796875,156.796875,0.0,0.0,235.21240234375,179.609375,289.296875,181.58935546875,0.4663338280933747
2012-10-06,7,634.1,247.109375,177.734375,177.734375,177.734375,0.0,0.0,83.64990234375,74.0625,90.46875,206.7236328125,0.19612993608265475
2012-10-06,8,611.3,211.953125,143.984375,143.984375,143.984375,0.0,0.0,214.35302734375,172.5,282.1875,170.17578125,0.5117142564266108
2012-10-06,8,634.1,227.265625,169.6875,169.6875,169.6875,0.0,0.0,87.51708984375,79.296875,93.828125,192.900390625,0.16603899907942088
2012-10-06,9,611.3,222.1875,143.515625,143.515625,143.515625,0.0,0.0,237.64892578125,196.484375,277.96875,186.63330078125,0.3428771021460638
2012-10-06,9,634.1,252.109375,169.453125,169.453125,169.453125,0.0,0.0,83.3544921875,72.421875,89.21875,208.49853515625,0.20151133501259447
2012-10-07,0,611.3,236.71875,108.828125,108.828125,108.828125,0.0,0.0,186.4208984375,65.0,289.140625,159.42626953125,1.2023363629220252
2012-10-07,0,634.1,261.40625,92.34375,92.34375,92.34375,0.0,0.0,86.142578125,73.671875,91.875,178.35693359375,0.21131390998752975
2012-10-07,1,611.3,212.109375,125.703125,125.703125,125.703125,0.0,0.0,193.04443359375,101.40625,281.40625,163.125,0.9324278180369542
2012-10-07,1,634.1,226.875,121.5625,121.5625,121.5625,0.0,0.0,86.0400390625,79.375,93.984375,183.09326171875,0.16979740082855685
2012-10-07,2,611.3,195.78125,112.890625,112.890625,112.890625,0.0,0.0,185.0439453125,61.015625,269.84375,162.431640625,1.1285326015251866
2012-10-07,2,634.1,220.546875,101.40625,101.40625,101.40625,0.0,0.0,86.75048828125,81.015625,91.953125,177.861328125,0.126079981988574
2012-10-07,3,611.3,199.6875,90.3125,90.3125,90.3125,0.0,0.0,174.23828125,63.125,278.28125,150.34912109375,1.2348391435937676
2012-10-07,3,634.1,225.15625,70.390625,70.390625,70.390625,0.0,0.0,87.83203125,79.84375,93.359375,167.60009765625,0.1538803646875695
2012-10-07,4,611.3,222.5,130.15625,130.15625,130.15625,0.0,0.0,194.482421875,86.953125,291.25,164.4921875,1.0504644740145619
2012-10-07,4,634.1,237.96875,123.203125,123.203125,123.203125,0.0,0.0,85.380859375,76.484375,92.265625,184.67041015625,0.1848335811506348
2012-10-07,5,611.3,204.21875,75.0,75.0,75.0,0.0,0.0,174.3212890625,54.0625,271.015625,149.86328125,1.2445589759390494
2012-10-07,5,634.1,251.875,51.40625,51.40625,51.40625,0.0,0.0,88.06640625,80.859375,95.3125,169.04541015625,0.16411621202040363
2012-10-07,6,611.3,218.75,141.171875,141.171875,141.171875,0.0,0.0,184.1845703125,86.328125,262.734375,162.15576171875,0.9577688820550887
2012-10-07,6,634.1,232.1875,133.28125,133.28125,133.28125,0.0,0.0,87.10205078125,82.03125,93.046875,177.99072265625,0.1264680326260616
2012-10-07,7,611.3,210.703125,102.578125,102.578125,102.578125,0.0,0.0,188.564453125,63.90625,283.59375,158.7451171875,1.1650525661608577
2012-10-07,7,634.1,244.84375,87.109375,87.109375,87.109375,0.0,0.0,85.21728515625,74.6875,92.5,180.44921875,0.2090244950580146
2012-10-07,8,611.3,206.40625,108.046875,108.046875,108.046875,0.0,0.0,182.0556640625,85.9375,287.34375,161.62841796875,1.106289392517098
2012-10-07,8,634.1,234.84375,90.234375,90.234375,90.234375,0.0,0.0,86.72607421875,77.265625,94.0625,176.3232421875,0.1936773358106016
2012-10-07,9,611.3,224.53125,123.28125,123.28125,123.28125,0.0,0.0,199.56787109375,92.5,285.703125,169.2041015625,0.9681073608749373
2012-10-07,9,634.1,252.8125,113.75,113.75,113.75,0.0,0.0,84.365234375,76.5625,91.640625,187.7099609375,0.17872438939692095
2012-10-08,0,611.3,217.8125,118.515625,118.515625,118.515625,0.0,0.0,202.70263671875,87.1875,286.640625,162.7197265625,0.9839690703024317
2012-10-08,0,634.1,257.265625,126.5625,126.5625,126.5625,0.0,0.0,86.2646484375,78.671875,93.4375,186.81640625,0.17116658176260827
2012-10-08,1,611.3,213.4375,118.203125,118.203125,118.203125,0.0,0.0,205.7275390625,96.5625,281.484375,166.46240234375,0.898867870790117
2012-10-08,1,634.1,226.875,129.0625,129.0625,129.0625,0.0,0.0,86.3232421875,79.375,92.8125,189.326171875,0.15566491317382206
2012-10-08,2,611.3,198.828125,113.515625,113.515625,113.515625,0.0,0.0,193.36181640625,92.1875,267.5,160.80322265625,0.9066552189997601
2012-10-08,2,634.1,219.6875,124.453125,124.453125,124.453125,0.0,0.0,87.78564453125,81.09375,93.984375,182.38525390625,0.1468420613510582
2012-10-08,3,611.3,223.75,113.984375,113.984375,113.984375,0.0,0.0,194.14306640625,98.203125,276.40625,158.03466796875,0.9178959017114976
2012-10-08,3,634.1,224.453125,122.65625,122.65625,122.65625,0.0,0.0,87.4951171875,79.84375,94.609375,181.0009765625,0.1687594173782019
2012-10-08,4,611.3,203.359375,132.734375,132.734375,132.734375,0.0,0.0,201.7626953125,115.9375,282.1875,165.08544921875,0.8239878028121295
2012-10-08,4,634.1,251.796875,138.4375,138.4375,138.4375,0.0,0.0,85.52001953125,70.703125,92.96875,191.94580078125,0.26035570527277396
2012-10-08,5,611.3,202.578125,104.53125,104.53125,104.53125,0.0,0.0,194.912109375,103.359375,290.3125,157.9541015625,0.9591662908963375
2012-10-08,5,634.1,232.421875,112.890625,112.890625,112.890625,0.0,0.0,87.578125,77.734375,93.4375,183.44970703125,0.1793041926851026
2012-10-08,6,611.3,198.984375,122.734375,122.734375,122.734375,0.0,0.0,194.08935546875,100.234375,260.625,163.17138671875,0.8263751745304972
2012-10-08,6,634.1,217.734375,133.75,133.75,133.75,0.0,0.0,87.96875,80.859375,93.046875,184.2626953125,0.13854351687388988
2012-10-08,7,611.3,205.078125,113.75,113.75,113.75,0.0,0.0,204.96337890625,90.0,283.125,165.244140625,0.9422414922635284
2012-10-08,7,634.1,251.09375,121.25,121.25,121.25,0.0,0.0,85.91796875,79.140625,92.421875,189.0576171875,0.15458058649693113
2012-10-08,8,611.3,212.265625,108.984375,108.984375,108.984375,0.0,0.0,198.2373046875,83.984375,290.390625,162.724609375,1.0412079115249144
2012-10-08,8,634.1,241.796875,113.359375,113.359375,113.359375,0.0,0.0,86.68701171875,75.46875,92.734375,185.66162109375,0.199171994254654
2012-10-08,9,611.3,204.765625,129.296875,129.296875,129.296875,0.0,0.0,205.791015625,105.859375,285.46875,165.478515625,0.8727755896170455
2012-10-08,9,634.1,229.375,140.390625,140.390625,140.390625,0.0,0.0,85.94482421875,78.515625,91.71875,190.0634765625,0.1536232707439707
2012-10-09,0,611.3,241.640625,102.96875,102.96875,102.96875,0.0,0.0,209.80224609375,69.765625,291.640625,167.56103515625,1.0575434921743179
2012-10-09,0,634.1,258.203125,107.03125,107.03125,107.03125,0.0,0.0,84.4677734375,75.859375,92.890625,190.419921875,0.20163015203190937
2012-10-09,1,611.3,207.96875,120.703125,120.703125,120.703125,0.0,0.0,197.81982421875,90.46875,291.015625,160.2880859375,1.0137855282806965
2012-10-09,1,634.1,232.03125,128.59375,128.59375,128.59375,0.0,0.0,86.7529296875,78.046875,92.734375,184.47265625,0.1693026397253335
2012-10-09,2,611.3,210.0,104.375,104.375,104.375,0.0,0.0,183.44482421875,64.921875,263.046875,154.501953125,1.0800250202957187
2012-10-09,2,634.1,216.953125,98.046875,98.046875,98.046875,0.0,0.0,88.14453125,82.03125,94.453125,173.90380859375,0.1409262131619765
2012-10-09,3,611.3,216.875,83.046875,83.046875,83.046875,0.0,0.0,188.11279296875,73.4375,280.625,155.0146484375,1.1014003711827232
2012-10-09,3,634.1,226.40625,81.640625,81.640625,81.640625,0.0,0.0,87.5341796875,79.53125,94.140625,176.15478515625,0.16689909075695877
2012-10-09,4,611.3,212.34375,100.46875,100.46875,100.46875,0.0,0.0,201.89208984375,88.359375,276.09375,161.50390625,0.9298748412842373
2012-10-09,4,634.1,243.75,101.5625,101.5625,101.5625,0.0,0.0,85.70556640625,74.921875,93.28125,186.5625,0.21421449935906567
2012-10-09,5,611.3,212.96875,87.1875,87.1875,87.1875,0.0,0.0,192.38525390625,81.328125,270.625,154.27490234375,0.9839469042271037
2012-10-09,5,634.1,248.125,79.21875,79.21875,79.21875,0.0,0.0,87.27294921875,80.3125,93.828125,179.21630859375,0.15486614261336615
2012-10-09,6,611.3,209.609375,121.328125,121.328125,121.328125,0.0,0.0,187.7099609375,100.46875,279.609375,156.03515625,0.9543479957339438
2012-10-09,6,634.1,231.875,128.671875,128.671875,128.671875,0.0,0.0,88.037109375,79.0625,93.828125,178.4912109375,0.16772046589018302
2012-10-09,7,611.3,206.875,104.21875,104.21875,104.21875,0.0,0.0,200.556640625,77.34375,286.71875,164.7119140625,1.0439694210449433
2012-10-09,7,634.1,243.359375,99.0625,99.0625,99.0625,0.0,0.0,85.673828125,77.1875,90.9375,185.53466796875,0.16049241992476918
2012-10-09,8,611.3,223.359375,78.671875,78.671875,78.671875,0.0,0.0,190.89111328125,59.84375,266.09375,157.13134765625,1.0804588880788857
2012-10-09,8,634.1,223.359375,68.125,68.125,68.125,0.0,0.0,86.94580078125,81.40625,93.515625,178.39599609375,0.13927498385421055
2012-10-09,9,611.3,242.578125,105.625,105.625,105.625,0.0,0.0,197.880859375,76.796875,281.796875,163.27880859375,1.0359769037161328
2012-10-09,9,634.1,235.625,109.296875,109.296875,109.296875,0.0,0.0,86.07421875,76.484375,91.484375,183.70849609375,0.17426820966643974
2012-10-10,0,611.3,198.203125,108.359375,108.359375,108.359375,0.0,0.0,192.7685546875,74.0625,291.25,160.7568359375,1.1266749411079309
2012-10-10,0,634.1,256.171875,97.65625,97.65625,97.65625,0.0,0.0,85.63232421875,77.96875,91.09375,180.38330078125,0.15327156094084105
2012-10-10,1,611.3,211.09375,78.828125,78.828125,78.828125,0.0,0.0,184.9462890625,66.796875,266.328125,154.37255859375,1.0788605222166485
2012-10-10,1,634.1,223.125,68.828125,68.828125,68.828125,0.0,0.0,87.32421875,81.5625,92.890625,174.90478515625,0.12972489375978527
2012-10-10,2,611.3,189.296875,93.828125,93.828125,93.828125,0.0,0.0,174.6923828125,68.671875,261.171875,150.439453125,1.101936998630405
2012-10-10,2,634.1,215.9375,80.234375,80.234375,80.234375,0.0,0.0,88.388671875,82.265625,92.578125,169.85595703125,0.1166721909181306
2012-10-10,3,611.3,251.796875,76.015625,76.015625,76.015625,0.0,0.0,185.72265625,55.78125,272.265625,158.19580078125,1.1656325586286675
2012-10-10,3,634.1,240.0,56.953125,56.953125,56.953125,0.0,0.0,86.45263671875,74.21875,94.0625,174.140625,0.22953319589957924
2012-10-10,4,611.3,226.171875,90.0,90.0,90.0,0.0,0.0,190.01220703125,79.140625,291.09375,156.181640625,1.1154710968919042
2012-10-10,4,634.1,237.734375,81.09375,81.09375,81.09375,0.0,0.0,86.28173828125,76.484375,93.28125,178.89892578125,0.1946747403865199
2012-10-10,5,611.3,192.5,84.53125,84.53125,84.53125,0.0,0.0,180.849609375,65.15625,286.25,149.02099609375,1.222528214266429
2012-10-10,5,634.1,235.625,66.875,66.875,66.875,0.0,0.0,87.3583984375,78.75,93.59375,170.53466796875,0.16991783578335476
2012-10-10,6,611.3,209.921875,101.328125,101.328125,101.328125,0.0,0.0,173.2763671875,60.46875,255.78125,150.03173828125,1.1271733310789867
2012-10-10,6,634.1,225.234375,89.375,89.375,89.375,0.0,0.0,88.505859375,82.96875,92.1875,166.86279296875,0.10415977049542094
2012-10-10,7,611.3,217.109375,85.9375,85.9375,85.9375,0.0,0.0,186.47216796875,56.640625,290.234375,152.72216796875,1.2527003495725264
2012-10-10,7,634.1,241.640625,68.359375,68.359375,68.359375,0.0,0.0,86.30859375,78.125,93.28125,172.66845703125,0.17560534057479069
2012-10-10,8,611.3,212.1875,70.390625,70.390625,70.390625,0.0,0.0,178.37158203125,48.203125,281.40625,147.8955078125,1.3074006651975747
2012-10-10,8,634.1,228.203125,49.765625,49.765625,49.765625,0.0,0.0,87.53662109375,79.375,93.828125,167.1240234375,0.16510946869334822
2012-10-10,9,611.3,196.484375,95.46875,95.46875,95.46875,0.0,0.0,180.78125,74.0625,277.421875,153.1494140625,1.1248919619706137
2012-10-10,9,634.1,228.046875,80.234375,80.234375,80.234375,0.0,0.0,87.294921875,79.921875,92.421875,172.66357421875,0.14319275086698735
2012-10-11,0,611.3,223.671875,145.234375,145.234375,145.234375,0.0,0.0,234.15283203125,133.75,288.828125,177.392578125,0.6622944666298262
2012-10-11,0,634.1,256.40625,168.28125,168.28125,168.28125,0.0,0.0,83.85009765625,73.671875,91.640625,205.9033203125,0.21429611297132042
2012-10-11,1,611.3,215.078125,155.3125,155.3125,155.3125,0.0,0.0,233.80126953125,150.3125,288.28125,176.92138671875,0.5901112097321568
2012-10-11,1,634.1,230.546875,173.671875,173.671875,173.671875,0.0,0.0,84.50927734375,77.8125,91.5625,203.6328125,0.16270403004477826
2012-10-11,2,611.3,203.203125,133.125,133.125,133.125,0.0,0.0,216.99951171875,130.078125,291.5625,164.6484375,0.7441693012162056
2012-10-11,2,634.1,232.34375,157.734375,157.734375,157.734375,0.0,0.0,86.76513671875,77.96875,93.203125,194.7265625,0.1755817552547905
2012-10-11,3,611.3,221.5625,134.765625,134.765625,134.765625,0.0,0.0,220.94482421875,138.75,288.046875,170.18798828125,0.6757201737035768
2012-10-11,3,634.1,243.671875,157.734375,157.734375,157.734375,0.0,0.0,85.84716796875,74.921875,92.8125,197.96142578125,0.2084008759207121
2012-10-11,4,611.3,206.953125,130.546875,130.546875,130.546875,0.0,0.0,225.06103515625,133.4375,285.078125,173.21533203125,0.6737755600151869
2012-10-11,4,634.1,228.828125,147.96875,147.96875,147.96875,0.0,0.0,85.4931640625,78.90625,92.8125,199.1259765625,0.16265920383802615
2012-10-11,5,611.3,202.5,120.859375,120.859375,120.859375,0.0,0.0,206.81640625,116.640625,279.0625,162.3681640625,0.785343280763056
2012-10-11,5,634.1,241.640625,138.203125,138.203125,138.203125,0.0,0.0,87.96630859375,79.765625,93.28125,189.248046875,0.15364547195470568
2012-10-11,6,611.3,207.65625,147.421875,147.421875,147.421875,0.0,0.0,216.78955078125,145.078125,285.46875,168.8037109375,0.647589445589378
2012-10-11,6,634.1,229.0625,166.09375,166.09375,166.09375,0.0,0.0,86.708984375,78.828125,92.34375,194.853515625,0.15587340916769907
2012-10-11,7,611.3,210.703125,147.734375,147.734375,147.734375,0.0,0.0,225.9912109375,145.390625,285.3125,173.51318359375,0.6191474191387767
2012-10-11,7,634.1,237.890625,167.734375,167.734375,167.734375,0.0,0.0,85.56884765625,76.484375,91.328125,199.7314453125,0.17347142571828011
2012-10-11,8,611.3,205.234375,135.390625,135.390625,135.390625,0.0,0.0,220.9033203125,137.578125,286.09375,171.064453125,0.6723105147985234
2012-10-11,8,634.1,235.703125,151.328125,151.328125,151.328125,0.0,0.0,85.849609375,77.03125,95.3125,197.734375,0.21294505744511433
2012-10-11,9,611.3,216.328125,143.59375,143.59375,143.59375,0.0,0.0,226.34521484375,143.046875,284.296875,175.51025390625,0.6240467689918132
2012-10-11,9,634.1,236.5625,169.453125,169.453125,169.453125,0.0,0.0,85.2001953125,76.796875,91.09375,200.30517578125,0.1678033125107456
2013-01-01,0,611.3,289.21875,156.953125,156.953125,156.953125,0.0,0.0,230.185546875,165.15625,290.703125,210.517578125,0.5454159772601926
2013-01-01,0,634.1,263.4375,178.59375,169.15705568781243,178.59375,9.43669431218757,0.0,77.6513671875,68.59375,91.71875,217.5927734375,0.29780544551342514
2013-01-01,1,611.3,243.125,121.953125,121.953125,121.953125,0.0,0.0,198.41064453125,101.640625,281.953125,173.44482421875,0.9087844073385916
2013-01-01,1,634.1,227.109375,117.578125,117.578125,117.578125,0.0,0.0,85.0,76.09375,94.21875,187.44384765625,0.21323529411764705
2013-01-01,2,611.3,229.140625,121.09375,121.09375,121.09375,0.0,0.0,192.95654296875,112.421875,288.125,171.259765625,0.9105839185171126
2013-01-01,2,634.1,245.78125,115.625,115.625,115.625,0.0,0.0,85.625,74.375,93.75,186.58935546875,0.22627737226277372
2013-01-01,3,611.3,257.96875,123.4375,123.4375,123.4375,0.0,0.0,196.51123046875,94.453125,275.78125,176.64306640625,0.9227367034823769
2013-01-01,3,634.1,225.78125,115.234375,115.234375,115.234375,0.0,0.0,84.6533203125,74.53125,94.296875,186.953125,0.2334890696198881
2013-01-01,4,611.3,278.515625,156.5625,156.5625,156.5625,0.0,0.0,216.8603515625,143.59375,290.859375,197.5634765625,0.6790804494179632
2013-01-01,4,634.1,252.96875,177.1875,171.49262697687493,177.1875,5.694873023125069,0.0,79.96337890625,68.984375,92.34375,209.00634765625,0.29212591213018657
2013-01-01,5,611.3,264.765625,140.390625,140.390625,140.390625,0.0,0.0,200.42236328125,105.390625,288.4375,176.19140625,0.9133056411630711
2013-01-01,5,634.1,239.296875,145.78125,145.78125,145.78125,0.0,0.0,84.36279296875,74.21875,94.84375,190.302734375,0.2444798147880191
2013-01-01,6,611.3,281.953125,157.8125,157.8125,157.8125,0.0,0.0,220.89599609375,122.109375,288.28125,196.748046875,0.7522629560450491
2013-01-01,6,634.1,243.59375,169.0625,169.0625,169.0625,0.0,0.0,81.14501953125,72.890625,92.421875,204.560546875,0.2406956103138069
2013-01-01,7,611.3,300.0,163.59375,163.59375,163.59375,0.0,0.0,226.54541015625,165.46875,289.84375,220.9716796875,0.5490069294020024
2013-01-01,7,634.1,256.71875,200.625,163.03168947687493,200.625,37.59331052312507,0.0,75.78369140625,62.1875,86.484375,223.74267578125,0.32060822782771176
2013-01-01,8,611.3,300.0,146.5625,146.5625,146.5625,0.0,0.0,191.79443359375,117.421875,275.078125,179.8583984375,0.822006390101707
2013-01-01,8,634.1,253.28125,143.203125,143.203125,143.203125,0.0,0.0,82.87109375,68.515625,93.203125,193.94775390625,0.2979024275276927
2013-01-01,9,611.3,290.859375,156.484375,156.484375,156.484375,0.0,0.0,220.29296875,148.046875,288.28125,202.01416015625,0.6365812572036528
2013-01-01,9,634.1,253.4375,176.796875,174.49802248468745,176.796875,2.2988525153125465,0.0,80.05126953125,67.65625,90.3125,208.4814453125,0.2830217450974412
2013-01-02,0,611.3,272.34375,161.328125,161.328125,161.328125,0.0,0.0,218.37890625,130.546875,285.625,182.1923828125,0.7101332617833825
2013-01-02,0,634.1,260.078125,175.625,175.625,175.625,0.0,0.0,83.8232421875,68.125,90.625,200.66650390625,0.26842197238888565
2013-01-02,1,611.3,198.671875,124.765625,124.765625,124.765625,0.0,0.0,187.734375,125.234375,244.84375,163.3544921875,0.6371202663337495
2013-01-02,1,634.1,208.984375,134.140625,134.140625,134.140625,0.0,0.0,88.46435546875,83.203125,91.25,181.77001953125,0.09096177728715331
2013-01-02,2,611.3,230.46875,131.328125,131.328125,131.328125,0.0,0.0,192.9638671875,119.609375,275.15625,160.3515625,0.8060932715908803
2013-01-02,2,634.1,223.984375,143.90625,143.90625,143.90625,0.0,0.0,88.03466796875,79.921875,91.640625,183.33740234375,0.13311517235641587
2013-01-02,3,611.3,218.984375,127.421875,127.421875,127.421875,0.0,0.0,191.35986328125,113.90625,280.78125,158.02490234375,0.8720480728748038
2013-01-02,3,634.1,226.953125,139.296875,139.296875,139.296875,0.0,0.0,88.17138671875,79.140625,93.515625,182.12646484375,0.16303475010383497
2013-01-02,4,611.3,214.0625,156.171875,156.171875,156.171875,0.0,0.0,204.59716796875,126.25,274.453125,173.30078125,0.7243654761762706
2013-01-02,4,634.1,223.046875,170.390625,170.390625,170.390625,0.0,0.0,86.46240234375,80.390625,91.25,190.51025390625,0.1255964986587604
2013-01-02,5,611.3,195.9375,118.125,118.125,118.125,0.0,0.0,192.7392578125,115.078125,249.84375,162.96875,0.699212119676741
2013-01-02,5,634.1,223.28125,130.9375,130.9375,130.9375,0.0,0.0,88.5302734375,83.828125,93.75,183.19580078125,0.11207324471898958
2013-01-02,6,611.3,219.0625,130.46875,130.46875,130.46875,0.0,0.0,198.74755859375,121.09375,263.046875,165.57373046875,0.71423833331286
2013-01-02,6,634.1,216.953125,144.609375,144.609375,144.609375,0.0,0.0,87.52685546875,82.03125,92.34375,186.43310546875,0.11782098128364621
2013-01-02,7,611.3,214.140625,134.296875,134.296875,134.296875,0.0,0.0,209.0625,137.890625,274.296875,175.5810546875,0.6524663677130045
2013-01-02,7,634.1,243.984375,137.5,137.5,137.5,0.0,0.0,85.3662109375,79.6875,90.3125,193.994140625,0.12446376480009151
2013-01-02,8,611.3,202.265625,129.921875,129.921875,129.921875,0.0,0.0,192.822265625,113.671875,258.046875,163.50341796875,0.7487465181058496
2013-01-02,8,634.1,214.21875,131.796875,131.796875,131.796875,0.0,0.0,87.85400390625,82.734375,92.34375,183.3544921875,0.10937890787828262
2013-01-02,9,611.3,200.390625,143.90625,143.90625,143.90625,0.0,0.0,198.45458984375,132.03125,250.46875,166.81640625,0.5967989961494458
2013-01-02,9,634.1,237.421875,151.796875,151.796875,151.796875,0.0,0.0,87.50244140625,83.59375,91.015625,187.31201171875,0.08481906196813704
2013-01-03,0,611.3,252.265625,133.828125,133.828125,133.828125,0.0,0.0,193.7744140625,97.578125,283.203125,168.857421875,0.957943807483936
2013-01-03,0,634.1,258.046875,134.6875,134.6875,134.6875,0.0,0.0,85.8642578125,78.59375,90.0,183.720703125,0.1328404890531703
2013-01-03,1,611.3,204.921875,98.90625,98.90625,98.90625,0.0,0.0,171.73828125,89.375,241.09375,150.0927734375,0.8834300011372683
2013-01-03,1,634.1,207.265625,111.875,111.875,111.875,0.0,0.0,89.41650390625,83.59375,93.203125,169.443359375,0.10746757679180888
2013-01-03,2,611.3,188.046875,113.359375,113.359375,113.359375,0.0,0.0,171.337890625,71.5625,239.53125,151.24267578125,0.9803362781419208
2013-01-03,2,634.1,204.375,119.375,119.375,119.375,0.0,0.0,89.1064453125,85.3125,92.265625,169.57275390625,0.07803167296838183
2013-01-03,3,611.3,258.90625,107.578125,107.578125,107.578125,0.0,0.0,176.09130859375,68.4375,269.21875,153.32763671875,1.1402110166789137
2013-01-03,3,634.1,220.390625,113.046875,113.046875,113.046875,0.0,0.0,88.18359375,78.203125,94.0625,171.982421875,0.17984496124031008
2013-01-03,4,611.3,253.59375,135.078125,135.078125,135.078125,0.0,0.0,182.70751953125,94.0625,265.78125,164.4091796875,0.9398559536058367
2013-01-03,4,634.1,218.359375,147.5,147.5,147.5,0.0,0.0,87.28515625,78.359375,93.28125,177.81982421875,0.17095547102260014
2013-01-03,5,611.3,242.1875,105.0,105.0,105.0,0.0,0.0,177.890625,76.953125,260.78125,156.85302734375,1.033377250768555
2013-01-03,5,634.1,225.546875,110.859375,110.859375,110.859375,0.0,0.0,88.18359375,80.46875,93.90625,172.81005859375,0.1523809523809524
2013-01-03,6,611.3,222.890625,115.9375,115.9375,115.9375,0.0,0.0,188.4375,95.46875,249.84375,168.31787109375,0.8192371475953566
2013-01-03,6,634.1,213.359375,123.671875,123.671875,123.671875,0.0,0.0,87.30224609375,81.875,92.421875,181.806640625,0.12080874744819486
2013-01-03,7,611.3,235.234375,131.015625,131.015625,131.015625,0.0,0.0,198.63525390625,85.234375,281.015625,168.92578125,0.9856319366772778
2013-01-03,7,634.1,233.59375,131.484375,131.484375,131.484375,0.0,0.0,85.12939453125,78.828125,90.234375,186.0107421875,0.13398720926897817
2013-01-03,8,611.3,195.390625,107.734375,107.734375,107.734375,0.0,0.0,164.755859375,65.546875,267.890625,147.49755859375,1.22814296722186
2013-01-03,8,634.1,219.53125,111.875,111.875,111.875,0.0,0.0,89.51904296875,81.328125,94.21875,164.09912109375,0.14399869092099163
2013-01-03,9,611.3,203.4375,125.0,125.0,125.0,0.0,0.0,178.9404296875,71.953125,256.328125,159.27490234375,1.0303708352661882
2013-01-03,9,634.1,215.703125,127.8125,127.8125,127.8125,0.0,0.0,87.9541015625,82.96875,92.109375,175.2978515625,0.10392494309665241
2013-01-04,0,611.3,300.0,121.171875,121.171875,121.171875,0.0,0.0,198.54248046875,66.40625,288.046875,171.5673828125,1.1163385512093749
2013-01-04,0,634.1,258.90625,107.578125,107.578125,107.578125,0.0,0.0,82.60009765625,70.46875,91.328125,189.2138671875,0.2525345077291402
2013-01-04,1,611.3,231.796875,102.578125,102.578125,102.578125,0.0,0.0,181.7041015625,73.359375,264.53125,162.87841796875,1.0521054470212023
2013-01-04,1,634.1,217.734375,92.8125,92.8125,92.8125,0.0,0.0,86.72119140625,81.5625,92.8125,176.53076171875,0.12972607753160104
2013-01-04,2,611.3,197.03125,106.015625,106.015625,106.015625,0.0,0.0,170.89599609375,65.546875,283.828125,149.814453125,1.2772753896484235
2013-01-04,2,634.1,236.796875,93.359375,93.359375,93.359375,0.0,0.0,88.15673828125,76.796875,92.8125,167.23388671875,0.1816721592954665
2013-01-04,3,611.3,209.53125,93.75,93.75,93.75,0.0,0.0,170.029296875,78.59375,247.5,156.884765625,0.9933949801849405
2013-01-04,3,634.1,208.59375,74.375,74.375,74.375,0.0,0.0,87.763671875,82.734375,94.0625,169.79736328125,0.12907533103371538
2013-01-04,4,611.3,250.9375,109.453125,109.453125,109.453125,0.0,0.0,193.85986328125,83.984375,260.859375,178.23974609375,0.9123858699074365
2013-01-04,4,634.1,215.703125,101.25,101.25,101.25,0.0,0.0,84.814453125,78.59375,89.765625,185.57373046875,0.13172135866436385
2013-01-04,5,611.3,259.765625,82.109375,82.109375,82.109375,0.0,0.0,174.892578125,56.09375,266.40625,154.53857421875,1.2025238706795467
2013-01-04,5,634.1,228.046875,61.875,61.875,61.875,0.0,0.0,87.57568359375,78.359375,95.0,167.64404296875,0.19001421761311366
2013-01-04,6,611.3,265.859375,147.890625,147.890625,147.890625,0.0,0.0,199.94384765625,114.84375,291.09375,173.5986328125,0.8814974907505769
2013-01-04,6,634.1,239.375,144.296875,144.296875,144.296875,0.0,0.0,83.99658203125,73.828125,93.59375,190.0390625,0.2353146345007993
2013-01-04,7,611.3,252.8125,158.75,158.75,158.75,0.0,0.0,212.724609375,99.0625,290.3125,188.154296875,0.8990497176697425
2013-01-04,7,634.1,251.796875,161.640625,161.640625,161.640625,0.0,0.0,81.220703125,70.78125,89.765625,200.45166015625,0.23373812672838765
2013-01-04,8,611.3,225.078125,100.0,100.0,100.0,0.0,0.0,176.7333984375,68.90625,288.359375,157.5732421875,1.241718469401851
2013-01-04,8,634.1,230.625,86.015625,86.015625,86.015625,0.0,0.0,86.9580078125,78.4375,91.5625,172.23388671875,0.15093492054579144
2013-01-04,9,611.3,240.46875,112.1875,112.1875,112.1875,0.0,0.0,189.2724609375,72.96875,280.703125,167.33642578125,1.0975414699584656
2013-01-04,9,634.1,227.734375,102.65625,102.65625,102.65625,0.0,0.0,85.4345703125,78.515625,92.109375,179.81201171875,0.1591129907984226
2013-01-05,0,611.3,300.0,157.96875,157.96875,157.96875,0.0,0.0,204.92919921875,120.15625,283.515625,196.98974609375,0.7971503115357581
2013-01-05,0,634.1,256.953125,174.53125,166.53063967218742,174.53125,8.00061032781258,0.0,78.5400390625,62.421875,93.125,208.955078125,0.39092322039166927
2013-01-05,1,611.3,300.0,108.125,108.125,108.125,0.0,0.0,201.49169921875,81.875,283.828125,190.04638671875,1.0022900485878035
2013-01-05,1,634.1,256.171875,100.390625,100.390625,100.390625,0.0,0.0,80.38330078125,62.734375,93.828125,201.2158203125,0.3868185269552012
2013-01-05,2,611.3,199.140625,100.625,100.625,100.625,0.0,0.0,180.3369140625,77.03125,281.640625,158.08837890625,1.1345950775729023
2013-01-05,2,634.1,251.25,88.984375,88.984375,88.984375,0.0,0.0,86.53564453125,71.796875,90.78125,176.36474609375,0.21938214134574693
2013-01-05,3,611.3,260.390625,142.578125,142.578125,142.578125,0.0,0.0,191.93359375,95.78125,282.5,174.30908203125,0.9728299582782131
2013-01-05,3,634.1,239.140625,137.03125,137.03125,137.03125,0.0,0.0,84.58251953125,73.59375,93.828125,184.296875,0.2392264396016741
2013-01-05,4,611.3,300.0,147.03125,147.03125,147.03125,0.0,0.0,212.76611328125,130.0,289.375,204.53857421875,0.7490619513706411
2013-01-05,4,634.1,253.984375,171.015625,167.10351564874992,171.015625,3.9121093512500806,0.0,78.7841796875,66.484375,93.828125,209.95849609375,0.3470715835140998
2013-01-05,5,611.3,260.234375,131.25,131.25,131.25,0.0,0.0,198.291015625,97.34375,272.109375,180.41015625,0.8813592711154888
2013-01-05,5,634.1,252.265625,163.828125,163.828125,163.828125,0.0,0.0,82.80029296875,69.84375,94.6875,193.89892578125,0.30004422821760285
2013-01-05,6,611.3,300.0,156.484375,156.484375,156.484375,0.0,0.0,215.8349609375,143.125,290.859375,209.42138671875,0.6844784290659005
2013-01-05,6,634.1,257.1875,176.484375,162.99643557062493,176.484375,13.487939429375075,0.0,77.5390625,61.640625,93.28125,216.46484375,0.4080604534005038
2013-01-05,7,611.3,300.0,160.15625,160.15625,160.15625,0.0,0.0,216.4697265625,129.21875,291.09375,203.79638671875,0.7477950962037309
2013-01-05,7,634.1,255.859375,157.265625,157.265625,157.265625,0.0,0.0,78.3349609375,63.28125,89.0625,211.30615234375,0.3291155020881381
2013-01-05,8,611.3,251.484375,137.34375,137.34375,137.34375,0.0,0.0,193.30322265625,107.5,279.53125,170.9765625,0.8899554163456559
2013-01-05,8,634.1,242.8125,127.421875,127.421875,127.421875,0.0,0.0,84.49462890625,75.15625,92.65625,186.50634765625,0.2071137565373169
2013-01-05,9,611.3,288.125,150.234375,150.234375,150.234375,0.0,0.0,213.85498046875,108.59375,287.5,194.99755859375,0.8365774302186197
2013-01-05,9,634.1,251.71875,140.15625,140.15625,140.15625,0.0,0.0,80.7177734375,70.15625,92.5,201.9287109375,0.276813259935878
2013-01-06,0,611.3,300.0,156.171875,156.171875,156.171875,0.0,0.0,225.38330078125,133.671875,291.09375,206.05712890625,0.6984629049904134
2013-01-06,0,634.1,257.1875,175.859375,167.03300783624994,175.859375,8.826367163750064,0.0,78.232421875,65.234375,92.34375,214.08203125,0.3465235301460492
2013-01-06,1,611.3,281.171875,133.515625,133.515625,133.515625,0.0,0.0,203.291015625,87.65625,282.109375,178.203125,0.9565259163183936
2013-01-06,1,634.1,238.828125,130.390625,130.390625,130.390625,0.0,0.0,83.65478515625,72.8125,94.140625,191.474609375,0.2549540347293156
2013-01-06,2,611.3,225.625,101.171875,101.171875,101.171875,0.0,0.0,183.7548828125,88.515625,284.765625,160.02685546875,1.0679988308133819
2013-01-06,2,634.1,237.1875,90.9375,90.9375,90.9375,0.0,0.0,86.5087890625,76.640625,93.75,178.6962890625,0.19777614720325112
2013-01-06,3,611.3,213.671875,117.96875,117.96875,117.96875,0.0,0.0,186.240234375,88.28125,290.703125,164.85107421875,1.086885847622044
2013-01-06,3,634.1,231.875,107.421875,107.421875,107.421875,0.0,0.0,85.6982421875,77.890625,94.765625,181.62109375,0.19691185687425217
2013-01-06,4,611.3,300.0,157.109375,157.109375,157.109375,0.0,0.0,207.72705078125,97.5,277.5,191.845703125,0.8665217135805371
2013-01-06,4,634.1,253.59375,156.40625,156.40625,156.40625,0.0,0.0,80.80810546875,67.5,90.0,201.8994140625,0.27843741502764435
2013-01-06,5,611.3,300.0,131.71875,131.71875,131.71875,0.0,0.0,203.49853515625,111.640625,258.75,186.95556640625,0.7229013952707161
2013-01-06,5,634.1,235.546875,120.703125,120.703125,120.703125,0.0,0.0,83.5302734375,70.703125,93.203125,193.056640625,0.26936341848366163
2013-01-06,6,611.3,300.0,156.5625,156.5625,156.5625,0.0,0.0,223.0126953125,141.796875,288.59375,205.2197265625,0.6582444770433298
2013-01-06,6,634.1,251.5625,177.109375,174.67429201593745,177.109375,2.4350829840625465,0.0,80.4931640625,68.515625,92.578125,207.03369140625,0.2989384288747346
2013-01-06,7,611.3,300.0,159.0625,159.0625,159.0625,0.0,0.0,217.18994140625,135.0,291.5625,204.7509765625,0.7208552062139589
2013-01-06,7,634.1,254.84375,184.21875,169.82687990656245,184.21875,14.391870093437547,0.0,79.052734375,65.78125,90.3125,210.439453125,0.3103150092649784
2013-01-06,8,611.3,300.0,146.484375,146.484375,146.484375,0.0,0.0,199.4775390625,99.453125,277.890625,184.0625,0.8945242699434558
2013-01-06,8,634.1,248.75,136.40625,136.40625,136.40625,0.0,0.0,83.06884765625,72.34375,91.71875,194.1845703125,0.23324026451138868
2013-01-06,9,611.3,286.328125,156.015625,156.015625,156.015625,0.0,0.0,214.20166015625,116.875,289.6875,187.96142578125,0.8067747928468035
2013-01-06,9,634.1,244.375,156.171875,156.171875,156.171875,0.0,0.0,81.6845703125,74.609375,90.46875,200.46630859375,0.19415386454659572
2013-01-07,0,611.3,300.0,107.578125,107.578125,107.578125,0.0,0.0,207.2802734375,74.921875,289.609375,182.44384765625,1.0357353183670586
2013-01-07,0,634.1,259.453125,101.328125,101.328125,101.328125,0.0,0.0,80.947265625,64.0625,91.71875,201.103515625,0.3416576185305827
2013-01-07,1,611.3,261.484375,127.1875,127.1875,127.1875,0.0,0.0,199.4482421875,91.875,275.9375,171.96533203125,0.9228584718583984
2013-01-07,1,634.1,223.828125,126.25,126.25,126.25,0.0,0.0,85.17822265625,78.046875,92.109375,186.67236328125,0.16509501562096937
2013-01-07,2,611.3,211.5625,89.0625,89.0625,89.0625,0.0,0.0,181.54296875,60.15625,282.734375,155.927734375,1.2260355029585799
2013-01-07,2,634.1,237.421875,81.953125,81.953125,81.953125,0.0,0.0,87.431640625,76.5625,93.671875,174.59228515625,0.19568859600134034
2013-01-07,3,611.3,249.375,117.890625,117.890625,117.890625,0.0,0.0,190.92529296875,115.3125,287.109375,167.1044921875,0.8998120276715728
2013-01-07,3,634.1,243.046875,115.546875,115.546875,115.546875,0.0,0.0,85.67138671875,75.0,93.203125,184.9853515625,0.21247613348151947
2013-01-07,4,611.3,300.0,158.4375,158.4375,158.4375,0.0,0.0,223.2958984375,138.90625,289.21875,199.63623046875,0.6731538781133148
2013-01-07,4,634.1,250.703125,168.59375,168.59375,168.59375,0.0,0.0,80.517578125,70.234375,90.390625,208.193359375,0.2503335354760461
2013-01-07,5,611.3,228.671875,102.34375,102.34375,102.34375,0.0,0.0,188.7451171875,84.921875,277.421875,158.67431640625,1.0198939335144224
2013-01-07,5,634.1,225.703125,97.03125,97.03125,97.03125,0.0,0.0,86.8359375,79.140625,94.453125,180.08056640625,0.1763382816014395
2013-01-07,6,611.3,282.578125,127.265625,127.265625,127.265625,0.0,0.0,213.53759765625,95.546875,291.171875,185.64697265625,0.9161150174355457
2013-01-07,6,634.1,252.03125,131.015625,131.015625,131.015625,0.0,0.0,82.48046875,70.546875,91.640625,198.99169921875,0.2557423632488752
2013-01-07,7,611.3,278.4375,122.96875,122.96875,122.96875,0.0,0.0,210.3515625,93.828125,290.234375,182.6318359375,0.9337047353760446
2013-01-07,7,634.1,238.28125,119.6875,119.6875,119.6875,0.0,0.0,83.08837890625,75.3125,90.234375,195.69580078125,0.17959039755531395
2013-01-07,8,611.3,285.46875,117.734375,117.734375,117.734375,0.0,0.0,202.40478515625,96.40625,287.890625,177.18994140625,0.9460466799348652
2013-01-07,8,634.1,232.5,117.109375,117.109375,117.109375,0.0,0.0,84.48486328125,74.296875,92.8125,189.6875,0.21915908105765064
2013-01-07,9,611.3,225.78125,146.09375,146.09375,146.09375,0.0,0.0,194.150390625,91.71875,277.65625,167.68798828125,0.9576983049142397
2013-01-07,9,634.1,236.484375,141.09375,141.09375,141.09375,0.0,0.0,85.66162109375,79.921875,89.921875,184.4873046875,0.1167383931370593
2013-01-08,1,611.3,300.0,146.328125,146.328125,146.328125,0.0,0.0,157.3779296875,55.9375,225.078125,220.7177734375,1.074741708293258
2013-01-08,1,634.1,265.0,153.70703125,127.04626467218743,170.703125,43.656860327812566,16.99609375,67.57080078125,42.578125,91.484375,227.91259765625,0.7237778660982043
2013-01-08,2,611.3,300.0,155.703125,155.703125,155.703125,0.0,0.0,176.95556640625,125.46875,249.765625,204.6484375,0.702418564865275
2013-01-08,2,634.1,260.078125,147.5,143.66848146906244,147.5,3.831518530937558,0.0,72.8857421875,53.75,90.625,218.9404296875,0.5059288537549407
2013-01-08,3,611.3,300.0,114.78671875,156.640625,156.640625,0.0,41.853906249999994,150.6640625,31.796875,282.734375,229.44580078125,1.6655431682654913
2013-01-08,3,634.1,266.5625,140.73359374999998,120.03073732843744,177.578125,57.54738767156256,36.84453125000002,64.66064453125,38.984375,91.328125,234.0966796875,0.8095148197092694
2013-01-08,4,611.3,300.0,96.4546875,148.75,148.75,0.0,52.295312499999994,137.19482421875,26.71875,247.109375,242.23388671875,1.6064062639024825
2013-01-08,4,634.1,267.03125,138.47734375,107.19831545343744,171.796875,64.59855954656256,33.31953125000001,60.0146484375,38.359375,91.25,241.005859375,0.8812952566918884
2013-01-08,5,611.3,300.0,155.859375,155.859375,155.859375,0.0,0.0,170.47607421875,71.484375,229.453125,215.0927734375,0.9266329643261203
2013-01-08,5,634.1,263.984375,161.88593749999998,134.78449709406243,173.203125,38.41862790593757,11.317187500000017,70.05615234375,44.84375,93.4375,225.439453125,0.6936400069698554
2013-01-08,6,611.3,300.0,159.453125,159.453125,159.453125,0.0,0.0,153.47412109375,49.375,259.375,219.53125,1.3683088621287562
2013-01-08,6,634.1,265.625,150.60468749999998,123.82934572687492,186.171875,62.34252927312508,35.56718750000002,66.78955078125,41.71875,91.40625,230.8447265625,0.7439412216251782
2013-01-08,7,611.3,300.0,160.546875,160.546875,160.546875,0.0,0.0,169.658203125,48.125,277.109375,227.41943359375,1.3496805387670523
2013-01-08,7,634.1,265.546875,149.4765625,128.87065432062494,190.0,61.129345679375064,40.5234375,66.6064453125,41.40625,88.984375,233.83056640625,0.7143171321750604
2013-01-08,8,611.3,300.0,122.4015625,144.296875,144.296875,0.0,21.895312500000003,157.12646484375,33.90625,286.5625,215.39794921875,1.607980235864448
2013-01-08,8,634.1,266.40625,141.86171875,128.77370607843744,169.765625,40.99191892156256,27.903906250000006,68.89892578125,39.296875,91.484375,225.60791015625,0.7574501257928493
2013-01-08,9,611.3,300.0,153.28125,153.28125,153.28125,0.0,0.0,140.966796875,49.53125,250.46875,229.47509765625,1.4254243158988569
2013-01-08,9,634.1,265.390625,150.04062499999998,113.56164553156243,173.828125,60.266479468437566,23.787500000000023,63.07373046875,41.5625,92.265625,235.53955078125,0.8038707180181923
2013-01-09,0,611.3,236.328125,169.6875,169.6875,169.6875,0.0,0.0,222.900390625,166.328125,261.5625,193.427734375,0.42725082146768895
2013-01-09,0,634.1,266.171875,193.4375,190.00092775812493,193.4375,3.4365722418750693,0.0,83.59130859375,79.84375,87.96875,201.181640625,0.09719910044101755
2013-01-09,1,611.3,198.203125,145.3125,145.3125,145.3125,0.0,0.0,194.7216796875,130.234375,255.9375,166.33544921875,0.645552797211565
2013-01-09,1,634.1,247.265625,151.484375,151.484375,151.484375,0.0,0.0,87.4267578125,83.046875,89.765625,185.7177734375,0.07685004188774086
2013-01-09,2,611.3,190.46875,112.5,112.5,112.5,0.0,0.0,183.7255859375,101.640625,279.296875,156.42333984375,0.9669652111515666
2013-01-09,2,634.1,239.53125,122.34375,122.34375,122.34375,0.0,0.0,88.82568359375,79.140625,92.890625,178.05908203125,0.15479757029381855
2013-01-09,3,611.3,220.78125,125.0,125.0,125.0,0.0,0.0,196.14501953125,116.328125,286.953125,164.31396484375,0.8698920849877397
2013-01-09,3,634.1,249.296875,136.015625,136.015625,136.015625,0.0,0.0,87.11669921875,77.96875,92.890625,185.91552734375,0.17128604657680127
2013-01-09,4,611.3,240.9375,168.984375,168.984375,168.984375,0.0,0.0,220.56396484375,138.828125,281.171875,186.8310546875,0.6453626733670567
2013-01-09,4,634.1,254.765625,172.96875,172.96875,172.96875,0.0,0.0,83.4326171875,77.734375,87.5,200.47607421875,0.11704804822379587
2013-01-09,5,611.3,202.265625,112.96875,112.96875,112.96875,0.0,0.0,184.0087890625,104.140625,229.296875,159.49462890625,0.6801645216929812
2013-01-09,5,634.1,257.03125,124.140625,124.140625,124.140625,0.0,0.0,88.95263671875,85.703125,92.578125,178.2666015625,0.07728832166872512
2013-01-09,6,611.3,217.5,135.546875,135.546875,135.546875,0.0,0.0,204.462890625,144.296875,255.390625,174.853515625,0.5433443186702966
2013-01-09,6,634.1,255.859375,143.125,143.125,143.125,0.0,0.0,86.23291015625,82.96875,89.140625,191.38916015625,0.07157215254381247
2013-01-09,7,611.3,218.984375,143.828125,143.828125,143.828125,0.0,0.0,215.04638671875,127.65625,290.78125,176.318359375,0.7585572698477572
2013-01-09,7,634.1,239.609375,154.609375,154.609375,154.609375,0.0,0.0,84.51416015625,77.578125,91.40625,197.20703125,0.16361903111188145
2013-01-09,8,611.3,219.140625,102.734375,102.734375,102.734375,0.0,0.0,181.23291015625,97.34375,246.953125,157.62939453125,0.8255088707178748
2013-01-09,8,634.1,249.296875,112.03125,112.03125,112.03125,0.0,0.0,88.994140625,83.828125,92.578125,176.86767578125,0.09832107977614397
2013-01-09,9,611.3,193.671875,127.578125,127.578125,127.578125,0.0,0.0,188.3349609375,124.140625,246.09375,160.69091796875,0.6475331207383785
2013-01-09,9,634.1,253.28125,132.265625,132.265625,132.265625,0.0,0.0,87.86376953125,83.046875,91.328125,182.05078125,0.09425102114534997
2013-01-10,0,611.3,238.203125,145.546875,145.546875,145.546875,0.0,0.0,208.18115234375,157.265625,259.921875,173.6279296875,0.4931102015925696
2013-01-10,0,634.1,257.03125,166.328125,166.328125,166.328125,0.0,0.0,86.98486328125,80.234375,91.71875,191.58935546875,0.13202728114737994
2013-01-10,1,611.3,204.53125,140.78125,140.78125,140.78125,0.0,0.0,195.79833984375,141.875,251.09375,165.46630859375,0.5578124415516403
2013-01-10,1,634.1,210.546875,164.296875,164.296875,164.296875,0.0,0.0,88.61083984375,83.671875,92.1875,185.205078125,0.09610139137622262
2013-01-10,2,611.3,210.9375,134.53125,134.53125,134.53125,0.0,0.0,199.59228515625,137.421875,262.734375,164.6044921875,0.6278424033368806
2013-01-10,2,634.1,216.796875,160.390625,160.390625,160.390625,0.0,0.0,88.01513671875,82.03125,93.125,187.30224609375,0.12604366037003134
2013-01-10,3,611.3,187.890625,141.484375,141.484375,141.484375,0.0,0.0,191.9677734375,129.84375,264.921875,160.37353515625,0.7036500063588961
2013-01-10,3,634.1,217.96875,168.4375,168.4375,168.4375,0.0,0.0,89.0087890625,81.71875,94.453125,183.2666015625,0.14306873662844918
2013-01-10,4,611.3,245.234375,150.625,150.625,150.625,0.0,0.0,220.9912109375,158.203125,265.78125,188.9990234375,0.4867982058817031
2013-01-10,4,634.1,223.046875,172.65625,172.65625,172.65625,0.0,0.0,84.93408203125,79.765625,90.78125,198.68896484375,0.12969616832906952
2013-01-10,5,611.3,190.78125,127.03125,127.03125,127.03125,0.0,0.0,188.76953125,136.25,259.921875,157.1875,0.6551474392136575
2013-01-10,5,634.1,218.984375,152.109375,152.109375,152.109375,0.0,0.0,89.71435546875,82.34375,93.828125,181.33056640625,0.1280104498326394
2013-01-10,6,611.3,218.125,136.953125,136.953125,136.953125,0.0,0.0,202.216796875,151.25,250.546875,169.521484375,0.4910416767276766
2013-01-10,6,634.1,231.953125,160.703125,160.703125,160.703125,0.0,0.0,87.84423828125,83.59375,92.03125,188.388671875,0.09605069342152803
2013-01-10,7,611.3,214.140625,158.984375,158.984375,158.984375,0.0,0.0,220.6982421875,170.15625,286.796875,179.21630859375,0.5285072678599084
2013-01-10,7,634.1,245.46875,176.484375,176.484375,176.484375,0.0,0.0,84.80712890625,74.453125,88.984375,199.46044921875,0.17134467570601952
2013-01-10,8,611.3,211.40625,148.515625,148.515625,148.515625,0.0,0.0,194.65087890625,128.59375,255.859375,164.5068359375,0.6538147976269614
2013-01-10,8,634.1,213.59375,170.703125,170.703125,170.703125,0.0,0.0,88.58154296875,83.046875,93.515625,184.345703125,0.11818206873742525
2013-01-10,9,611.3,189.296875,151.171875,151.171875,151.171875,0.0,0.0,196.3720703125,150.9375,251.5625,167.470703125,0.512420120844419
2013-01-10,9,634.1,220.546875,171.875,171.875,171.875,0.0,0.0,88.53515625,83.59375,91.640625,185.47607421875,0.09088903595852636
2013-01-11,0,611.3,300.0,156.25,156.25,156.25,0.0,0.0,188.14208984375,80.234375,276.40625,187.8466796875,1.0426793662328224
2013-01-11,0,634.1,258.28125,149.84375,149.84375,149.84375,0.0,0.0,77.46337890625,57.65625,91.5625,206.24267578125,0.43770682971414165
2013-01-11,1,611.3,279.453125,134.6875,134.6875,134.6875,0.0,0.0,208.642578125,100.3125,291.5625,188.47412109375,0.9166393634448865
2013-01-11,1,634.1,254.140625,149.765625,149.765625,149.765625,0.0,0.0,80.13427734375,66.09375,94.140625,204.560546875,0.34999847667793926
2013-01-11,2,611.3,218.359375,90.9375,90.9375,90.9375,0.0,0.0,188.97216796875,82.8125,290.390625,160.72021484375,1.0984587160704364
2013-01-11,2,634.1,249.84375,79.765625,79.765625,79.765625,0.0,0.0,85.361328125,73.359375,92.03125,182.978515625,0.2187392746825306
2013-01-11,3,611.3,260.546875,145.3125,145.3125,145.3125,0.0,0.0,199.92919921875,96.171875,285.9375,177.373046875,0.9491641328106873
2013-01-11,3,634.1,252.109375,145.9375,145.9375,145.9375,0.0,0.0,81.9384765625,70.15625,93.75,196.34521484375,0.2879446993623741
2013-01-11,4,611.3,300.0,147.734375,147.734375,147.734375,0.0,0.0,184.9365234375,125.859375,247.65625,215.80810546875,0.6585874587458745
2013-01-11,4,634.1,259.140625,171.328125,144.33830568781244,171.328125,26.989819312187564,0.0,71.83837890625,57.1875,91.484375,224.07470703125,0.47741716227697534
2013-01-11,5,611.3,300.0,101.71875,101.71875,101.71875,0.0,0.0,193.75,70.46875,290.3125,179.11865234375,1.1346774193548388
2013-01-11,5,634.1,254.84375,93.515625,93.515625,93.515625,0.0,0.0,80.8154296875,64.6875,94.21875,198.53759765625,0.36541598694942906
2013-01-11,6,611.3,300.0,150.3125,150.3125,150.3125,0.0,0.0,194.67529296875,116.09375,289.609375,203.5693359375,0.8913078919976423
2013-01-11,6,634.1,257.8125,162.578125,153.23991701593744,162.578125,9.338207984062564,0.0,75.546875,59.0625,90.703125,215.60791015625,0.4188210961737332
2013-01-11,7,611.3,300.0,159.765625,159.765625,159.765625,0.0,0.0,205.73486328125,107.890625,288.59375,199.3798828125,0.878330109530195
2013-01-11,7,634.1,257.109375,179.0625,161.76254885187493,179.0625,17.299951148125075,0.0,77.12158203125,60.0,88.75,213.22021484375,0.3727879958213302
2013-01-11,8,611.3,282.1875,128.90625,128.90625,128.90625,0.0,0.0,197.16552734375,82.96875,278.75,179.6923828125,0.9929791106873538
2013-01-11,8,634.1,254.0625,120.46875,120.46875,120.46875,0.0,0.0,81.35009765625,66.25,92.578125,197.59033203125,0.3236397467062813
2013-01-11,9,611.3,267.421875,150.078125,150.078125,150.078125,0.0,0.0,201.55029296875,114.21875,285.3125,193.17626953125,0.8488886197080734
2013-01-11,9,634.1,257.1875,154.6875,154.6875,154.6875,0.0,0.0,78.59375,59.921875,92.109375,208.58154296875,0.4095427435387674
2013-01-12,0,611.3,300.0,160.859375,160.859375,160.859375,0.0,0.0,242.00927734375,153.046875,288.984375,231.875,0.561703673065865
2013-01-12,0,634.1,260.0,191.484375,167.25334475031244,191.484375,24.231030249687564,0.0,73.89892578125,57.5,88.4375,234.3896484375,0.4186461396147874
2013-01-12,1,611.3,284.375,155.15625,155.15625,155.15625,0.0,0.0,235.048828125,184.6875,279.84375,207.5439453125,0.40483609622335787
2013-01-12,1,634.1,238.671875,174.6875,174.6875,174.6875,0.0,0.0,81.9775390625,72.109375,91.328125,207.53173828125,0.2344392161534338
2013-01-12,2,611.3,300.0,157.265625,157.265625,157.265625,0.0,0.0,213.48876953125,164.765625,262.1875,195.1513671875,0.4563325518897593
2013-01-12,2,634.1,235.0,179.21875,179.21875,179.21875,0.0,0.0,84.94873046875,72.03125,90.46875,196.4599609375,0.21704267854576806
2013-01-12,3,611.3,300.0,153.515625,153.515625,153.515625,0.0,0.0,227.451171875,158.203125,277.421875,216.171875,0.5241509595981281
2013-01-12,3,634.1,256.953125,173.984375,173.984375,173.984375,0.0,0.0,79.47509765625,61.953125,93.515625,215.2001953125,0.3971369766227383
2013-01-12,4,611.3,300.0,162.421875,162.421875,162.421875,0.0,0.0,233.28369140625,137.578125,287.109375,233.95263671875,0.6409845844714451
2013-01-12,4,634.1,260.234375,196.25,159.60324709406245,196.25,36.64675290593755,0.0,72.822265625,55.15625,87.109375,235.43212890625,0.43878235215234007
2013-01-12,5,611.3,300.0,156.09375,156.09375,156.09375,0.0,0.0,232.9052734375,195.625,264.0625,211.74560546875,0.29384263821044465
2013-01-12,5,634.1,245.46875,175.546875,175.546875,175.546875,0.0,0.0,82.021484375,69.765625,91.328125,207.9833984375,0.26288843909989285
2013-01-12,6,611.3,300.0,159.6875,159.6875,159.6875,0.0,0.0,233.18115234375,176.015625,276.875,225.37109375,0.4325365664687837
2013-01-12,6,634.1,257.1875,187.421875,173.44921877374992,187.421875,13.97265622625008,0.0,77.31689453125,60.703125,91.328125,223.876953125,0.39609712968518107
2013-01-12,7,611.3,300.0,160.234375,160.234375,160.234375,0.0,0.0,236.8408203125,145.625,291.015625,225.13671875,0.6138748582620348
2013-01-12,7,634.1,259.6875,189.0625,164.55642092218744,189.0625,24.506079077812558,0.0,75.63720703125,56.40625,88.125,228.3251953125,0.41935379748878343
2013-01-12,8,611.3,300.0,158.90625,158.90625,158.90625,0.0,0.0,223.0029296875,188.828125,270.078125,216.42822265625,0.3643449891616124
2013-01-12,8,634.1,255.078125,185.0,185.0,185.0,0.0,0.0,81.71630859375,64.765625,92.265625,207.60009765625,0.33653013056078396
2013-01-12,9,611.3,300.0,158.515625,158.515625,158.515625,0.0,0.0,232.509765625,189.6875,277.5,217.2119140625,0.3776723087907934
2013-01-12,9,634.1,255.703125,183.75,179.87424318781245,183.75,3.8757568121875465,0.0,79.4921875,63.359375,87.65625,215.6201171875,0.30565110565110565
2013-01-13,0,611.3,266.40625,159.21875,159.21875,159.21875,0.0,0.0,236.99462890625,161.484375,289.375,189.26025390625,0.5396351199612662
2013-01-13,0,634.1,259.0625,185.390625,179.99763185968743,185.390625,5.392993140312569,0.0,82.0166015625,68.4375,90.859375,211.1279296875,0.273382151574686
2013-01-13,1,611.3,212.1875,145.390625,145.390625,145.390625,0.0,0.0,213.4130859375,157.96875,264.609375,170.3369140625,0.49969112499142015
2013-01-13,1,634.1,218.046875,170.3125,170.3125,170.3125,0.0,0.0,86.66748046875,81.5625,93.125,193.79638671875,0.13341220879461393
2013-01-13,2,611.3,262.578125,156.015625,156.015625,156.015625,0.0,0.0,211.23046875,161.71875,255.46875,176.55517578125,0.44382801664355065
2013-01-13,2,634.1,219.6875,175.390625,175.390625,175.390625,0.0,0.0,87.10205078125,77.8125,93.046875,192.41455078125,0.1749025983126384
2013-01-13,3,611.3,199.84375,147.109375,147.109375,147.109375,0.0,0.0,208.1005859375,154.453125,277.96875,164.6923828125,0.5935380933386518
2013-01-13,3,634.1,224.921875,170.78125,170.78125,170.78125,0.0,0.0,87.4072265625,79.921875,93.28125,191.00341796875,0.15284062342885874
2013-01-13,4,611.3,264.0625,157.8125,157.8125,157.8125,0.0,0.0,236.2060546875,181.25,291.328125,187.60986328125,0.46602583979328166
2013-01-13,4,634.1,240.9375,181.328125,181.328125,181.328125,0.0,0.0,83.4765625,75.625,90.0,206.18408203125,0.17220402433317736
2013-01-13,5,611.3,204.296875,135.703125,135.703125,135.703125,0.0,0.0,208.271484375,162.8125,271.171875,167.44873046875,0.520279457964083
2013-01-13,5,634.1,223.984375,165.859375,165.859375,165.859375,0.0,0.0,87.91748046875,80.859375,94.21875,190.31005859375,0.15195356974257865
2013-01-13,6,611.3,233.984375,158.4375,158.4375,158.4375,0.0,0.0,228.26904296875,186.015625,280.703125,184.37744140625,0.41480657547139543
2013-01-13,6,634.1,227.578125,182.65625,182.65625,182.65625,0.0,0.0,84.82177734375,78.671875,92.109375,201.28173828125,0.15842040123190282
2013-01-13,7,611.3,218.671875,158.75,158.75,158.75,0.0,0.0,231.41357421875,164.21875,288.359375,182.36572265625,0.5364448711321173
2013-01-13,7,634.1,235.15625,176.484375,176.484375,176.484375,0.0,0.0,83.6083984375,77.1875,90.46875,204.17724609375,0.15885066869123401
2013-01-13,8,611.3,191.796875,150.3125,150.3125,150.3125,0.0,0.0,202.58056640625,151.09375,261.484375,166.48193359375,0.5449220868433421
2013-01-13,8,634.1,216.09375,171.796875,171.796875,171.796875,0.0,0.0,88.28369140625,82.1875,93.515625,187.90771484375,0.1283150355355217
2013-01-13,9,611.3,234.296875,153.28125,153.28125,153.28125,0.0,0.0,228.1201171875,178.28125,284.453125,181.82373046875,0.4654209208245039
2013-01-13,9,634.1,236.171875,173.828125,173.828125,173.828125,0.0,0.0,84.88037109375,78.90625,91.015625,201.15966796875,0.14266402047919002
2013-01-14,0,611.3,251.40625,97.8125,97.8125,97.8125,0.0,0.0,189.91455078125,73.671875,257.421875,161.54541015625,0.9675403977426115
2013-01-14,0,634.1,258.125,81.40625,81.40625,81.40625,0.0,0.0,87.158203125,79.375,93.4375,178.84033203125,0.16134453781512606
2013-01-14,1,611.3,212.8125,80.9375,80.9375,80.9375,0.0,0.0,176.62353515625,63.046875,242.96875,154.36279296875,1.0186744073536527
2013-01-14,1,634.1,206.171875,71.640625,71.640625,71.640625,0.0,0.0,89.00634765625,83.828125,93.28125,170.16845703125,0.10620731272457964
2013-01-14,2,611.3,195.46875,87.5,87.5,87.5,0.0,0.0,174.1162109375,53.203125,234.921875,154.130859375,1.0436635912392382
2013-01-14,2,634.1,210.46875,71.015625,71.015625,71.015625,0.0,0.0,89.0380859375,85.46875,92.96875,169.04052734375,0.08423361667123663
2013-01-14,3,611.3,200.546875,85.546875,85.546875,85.546875,0.0,0.0,173.310546875,49.0625,273.828125,150.0,1.2968952499013917
2013-01-14,3,634.1,223.90625,78.828125,78.828125,78.828125,0.0,0.0,88.89892578125,79.609375,92.8125,167.59765625,0.1485183862906105
2013-01-14,4,611.3,220.234375,113.125,113.125,113.125,0.0,0.0,192.05322265625,83.671875,284.921875,167.15576171875,1.0478866077671136
2013-01-14,4,634.1,228.75,104.0625,104.0625,104.0625,0.0,0.0,86.33056640625,78.90625,91.640625,182.0751953125,0.14750714063516304
2013-01-14,5,611.3,218.28125,92.890625,92.890625,92.890625,0.0,0.0,180.23193359375,77.5,254.53125,156.95068359375,0.9822413069097706
2013-01-14,5,634.1,224.84375,78.4375,78.4375,78.4375,0.0,0.0,88.2958984375,82.578125,93.046875,174.6435546875,0.11856439750041475
2013-01-14,6,611.3,234.0625,122.5,122.5,122.5,0.0,0.0,191.07421875,92.734375,261.40625,164.580078125,0.8827558008790759
2013-01-14,6,634.1,220.46875,119.53125,119.53125,119.53125,0.0,0.0,86.89453125,78.984375,90.9375,180.947265625,0.1375590020229265
2013-01-14,7,611.3,212.03125,111.09375,111.09375,111.09375,0.0,0.0,192.26318359375,60.46875,261.171875,163.19580078125,1.04389785526533
2013-01-14,7,634.1,220.0,103.828125,103.828125,103.828125,0.0,0.0,86.44775390625,80.546875,91.71875,179.54833984375,0.1292326809568189
2013-01-14,8,611.3,218.359375,84.140625,84.140625,84.140625,0.0,0.0,171.982421875,50.546875,250.390625,156.6552734375,1.1620010220884673
2013-01-14,8,634.1,213.75,66.5625,66.5625,66.5625,0.0,0.0,88.76220703125,82.65625,93.203125,168.203125,0.11882168495750474
2013-01-14,9,611.3,205.9375,112.1875,112.1875,112.1875,0.0,0.0,189.96826171875,75.78125,253.28125,167.74658203125,0.9343666062638959
2013-01-14,9,634.1,234.921875,105.78125,105.78125,105.78125,0.0,0.0,86.4990234375,82.03125,91.5625,181.0205078125,0.11018910527801298
2013-01-15,0,611.3,236.875,135.390625,135.390625,135.390625,0.0,0.0,182.79541015625,85.78125,270.46875,156.904296875,1.0103508607909393
2013-01-15,0,634.1,255.625,132.578125,132.578125,132.578125,0.0,0.0,87.451171875,78.90625,92.34375,175.06591796875,0.1536571747627024
2013-01-15,1,611.3,210.0,95.703125,95.703125,95.703125,0.0,0.0,173.85498046875,74.296875,250.9375,153.41552734375,1.0160228054654477
2013-01-15,1,634.1,210.390625,99.140625,99.140625,99.140625,0.0,0.0,88.80126953125,83.75,93.046875,170.1416015625,0.10469304154180299
2013-01-15,2,611.3,196.328125,117.03125,117.03125,117.03125,0.0,0.0,166.3525390625,93.984375,226.5625,150.53955078125,0.7969708532683671
2013-01-15,2,634.1,202.34375,117.8125,117.8125,117.8125,0.0,0.0,89.87548828125,85.859375,92.890625,166.9189453125,0.07823323282536061
2013-01-15,3,611.3,210.0,106.640625,106.640625,106.640625,0.0,0.0,175.5517578125,93.4375,282.734375,152.421875,1.0782966650905348
2013-01-15,3,634.1,227.5,108.28125,108.28125,108.28125,0.0,0.0,88.2666015625,79.21875,93.203125,172.744140625,0.15843336836864524
2013-01-15,4,611.3,230.625,122.96875,122.96875,122.96875,0.0,0.0,193.37158203125,101.015625,260.078125,173.11767578125,0.8225743324285083
2013-01-15,4,634.1,215.625,125.390625,125.390625,125.390625,0.0,0.0,86.14501953125,81.796875,93.28125,185.60302734375,0.1333144395635539
2013-01-15,5,611.3,193.125,110.390625,110.390625,110.390625,0.0,0.0,172.82470703125,77.734375,247.03125,151.73583984375,0.9795872240037294
2013-01-15,5,634.1,220.390625,113.4375,113.4375,113.4375,0.0,0.0,89.2041015625,83.359375,94.921875,170.60791015625,0.12961847939131863
2013-01-15,6,611.3,212.8125,130.15625,130.15625,130.15625,0.0,0.0,192.5537109375,111.953125,251.25,168.84521484375,0.7234182832509193
2013-01-15,6,634.1,226.171875,132.421875,132.421875,132.421875,0.0,0.0,86.708984375,82.109375,91.25,184.26025390625,0.1054172767203514
2013-01-15,7,611.3,250.390625,105.78125,105.78125,105.78125,0.0,0.0,193.49609375,75.390625,271.953125,165.322265625,1.0158473806399515
2013-01-15,7,634.1,221.875,111.09375,111.09375,111.09375,0.0,0.0,85.81298828125,79.140625,92.734375,182.5830078125,0.1584113346041139
2013-01-15,8,611.3,201.953125,102.890625,102.890625,102.890625,0.0,0.0,171.0009765625,76.484375,249.921875,153.57177734375,1.0142485937009222
2013-01-15,8,634.1,209.84375,104.21875,104.21875,104.21875,0.0,0.0,89.08447265625,83.828125,93.671875,169.345703125,0.11049905450957823
2013-01-15,9,611.3,200.0,130.859375,130.859375,130.859375,0.0,0.0,174.91943359375,101.25,263.125,156.42822265625,0.925426047147822
2013-01-15,9,634.1,225.078125,134.0625,134.0625,134.0625,0.0,0.0,88.51806640625,82.03125,92.421875,173.3349609375,0.11738422925228231
2013-01-16,0,611.3,258.59375,145.703125,145.703125,145.703125,0.0,0.0,209.423828125,62.96875,290.78125,178.58154296875,1.0878060153882023
2013-01-16,0,634.1,257.96875,133.4375,133.4375,133.4375,0.0,0.0,82.4267578125,74.765625,92.34375,195.0,0.21325750844144303
2013-01-16,1,611.3,207.578125,85.0,85.0,85.0,0.0,0.0,174.65087890625,67.734375,246.171875,158.13720703125,1.0216810881082516
2013-01-16,1,634.1,207.890625,72.34375,72.34375,72.34375,0.0,0.0,87.99072265625,82.5,92.734375,172.548828125,0.11631197802502705
2013-01-16,2,611.3,187.734375,88.203125,88.203125,88.203125,0.0,0.0,166.15966796875,58.828125,252.8125,146.4404296875,1.1674576470415374
2013-01-16,2,634.1,211.40625,76.5625,76.5625,76.5625,0.0,0.0,89.45068359375,83.4375,93.828125,163.63525390625,0.11616037555610143
2013-01-16,3,611.3,258.046875,100.078125,100.078125,100.078125,0.0,0.0,194.580078125,91.875,290.78125,167.5146484375,1.0222333751568382
2013-01-16,3,634.1,237.8125,89.921875,89.921875,89.921875,0.0,0.0,84.92431640625,75.9375,93.75,183.1982421875,0.20974557999137558
2013-01-16,4,611.3,260.546875,119.453125,119.453125,119.453125,0.0,0.0,211.77978515625,105.234375,290.546875,184.78271484375,0.8750244970891694
2013-01-16,4,634.1,244.765625,115.46875,115.46875,115.46875,0.0,0.0,82.66357421875,74.6875,92.03125,196.68701171875,0.2098112761747246
2013-01-16,5,611.3,244.140625,112.578125,112.578125,112.578125,0.0,0.0,189.04296875,76.71875,279.375,164.95361328125,1.072011571443331
2013-01-16,5,634.1,235.234375,104.6875,104.6875,104.6875,0.0,0.0,86.1865234375,75.9375,95.0,179.5654296875,0.22117727040960852
2013-01-16,6,611.3,280.15625,100.859375,100.859375,100.859375,0.0,0.0,201.58935546875,76.25,286.09375,171.23046875,1.040946579307505
2013-01-16,6,634.1,243.984375,95.15625,95.15625,95.15625,0.0,0.0,84.3408203125,73.203125,92.1875,187.646484375,0.22509118277079834
2013-01-16,7,611.3,242.65625,111.5625,111.5625,111.5625,0.0,0.0,198.25927734375,90.859375,282.8125,170.99609375,0.9681923972071373
2013-01-16,7,634.1,242.578125,106.25,106.25,106.25,0.0,0.0,83.91845703125,75.234375,91.09375,188.34716796875,0.18898554097692957
2013-01-16,8,611.3,233.359375,103.359375,103.359375,103.359375,0.0,0.0,185.712890625,75.546875,286.71875,163.57177734375,1.137087868749014
2013-01-16,8,634.1,229.6875,92.734375,92.734375,92.734375,0.0,0.0,86.49169921875,78.59375,92.8125,177.28515625,0.1643943884607785
2013-01-16,9,611.3,233.59375,114.0625,114.0625,114.0625,0.0,0.0,191.5576171875,73.59375,285.9375,161.1279296875,1.1085111264051388
2013-01-16,9,634.1,238.515625,107.65625,107.65625,107.65625,0.0,0.0,85.60791015625,76.328125,92.109375,180.2490234375,0.1843433623271068
2013-01-17,0,611.3,300.0,125.078125,125.078125,125.078125,0.0,0.0,202.7734375,80.15625,288.359375,181.82861328125,1.026777114236178
2013-01-17,0,634.1,259.609375,117.421875,117.421875,117.421875,0.0,0.0,80.70068359375,66.875,90.3125,200.76416015625,0.2904250491604901
2013-01-17,1,611.3,249.84375,84.375,84.375,84.375,0.0,0.0,198.1298828125,58.75,288.75,170.78125,1.1608546713655519
2013-01-17,1,634.1,235.625,72.890625,72.890625,72.890625,0.0,0.0,84.68994140625,76.640625,93.203125,185.34912109375,0.19556631785292167
2013-01-17,2,611.3,194.84375,102.34375,102.34375,102.34375,0.0,0.0,180.7421875,73.515625,287.34375,153.53515625,1.1830559757942511
2013-01-17,2,634.1,240.234375,91.953125,91.953125,91.953125,0.0,0.0,87.33154296875,75.859375,91.71875,174.02587890625,0.18159961980375164
2013-01-17,3,611.3,260.078125,124.21875,124.21875,124.21875,0.0,0.0,196.00830078125,74.140625,291.5625,170.7373046875,1.1092483029208444
2013-01-17,3,634.1,232.421875,116.71875,116.71875,116.71875,0.0,0.0,84.7119140625,77.34375,93.671875,185.01708984375,0.19274886160585625
2013-01-17,4,611.3,300.0,126.796875,126.796875,126.796875,0.0,0.0,212.86376953125,128.359375,287.1875,201.6357421875,0.7461491701934877
2013-01-17,4,634.1,253.671875,120.859375,120.859375,120.859375,0.0,0.0,78.72314453125,67.578125,91.71875,211.7626953125,0.30665219413862616
2013-01-17,5,611.3,290.9375,143.359375,143.359375,143.359375,0.0,0.0,207.880859375,72.65625,288.4375,181.1962890625,1.0380044158406538
2013-01-17,5,634.1,251.640625,143.984375,143.984375,143.984375,0.0,0.0,82.080078125,70.546875,93.828125,198.29833984375,0.28364069006543724
2013-01-17,6,611.3,283.4375,156.25,156.25,156.25,0.0,0.0,227.9736328125,150.625,286.640625,203.2763671875,0.5966287562380861
2013-01-17,6,634.1,250.625,175.625,171.66889650812493,175.625,3.9561034918750693,0.0,79.7998046875,70.9375,92.34375,211.55029296875,0.2682494034143058
2013-01-17,7,611.3,260.546875,122.421875,122.421875,122.421875,0.0,0.0,208.9404296875,100.078125,290.3125,183.1884765625,0.9104718281881704
2013-01-17,7,634.1,251.484375,114.921875,114.921875,114.921875,0.0,0.0,81.943359375,71.40625,88.90625,198.7939453125,0.21356214992253605
2013-01-17,8,611.3,248.515625,144.453125,144.453125,144.453125,0.0,0.0,192.4560546875,106.25,286.484375,169.892578125,0.9364962577698845
2013-01-17,8,634.1,231.484375,157.65625,157.65625,157.65625,0.0,0.0,85.380859375,76.5625,92.03125,184.775390625,0.18117351023676084
2013-01-17,9,611.3,299.0625,134.609375,134.609375,134.609375,0.0,0.0,207.34375,103.984375,289.296875,185.126953125,0.8937452901281085
2013-01-17,9,634.1,253.28125,126.015625,126.015625,126.015625,0.0,0.0,81.65283203125,68.046875,90.546875,198.8232421875,0.2755568844371356
2013-01-18,0,611.3,300.0,66.84140624999999,162.421875,162.421875,0.0,95.58046875000001,161.96044921875,18.515625,288.75,229.697265625,1.6685207796318908
2013-01-18,0,634.1,267.65625,134.52890624999998,122.62189943781244,196.640625,74.01872556218756,62.11171875000002,63.22998046875,37.265625,86.640625,239.24560546875,0.7808795706397931
2013-01-18,1,611.3,300.0,142.734375,142.734375,142.734375,0.0,0.0,211.25732421875,113.046875,286.875,201.37939453125,0.8228265014850169
2013-01-18,1,634.1,257.03125,169.0625,159.46223146906243,169.0625,9.60026853093757,0.0,76.91650390625,60.15625,91.71875,216.4404296875,0.4103475638787494
2013-01-18,2,611.3,293.75,145.859375,145.859375,145.859375,0.0,0.0,200.22216796875,76.25,277.5,206.03759765625,1.0051334577068929
2013-01-18,2,634.1,263.75,140.078125,140.078125,140.078125,0.0,0.0,74.97802734375,45.625,90.3125,217.744140625,0.5960079450359806
2013-01-18,3,611.3,300.0,149.21875,149.21875,149.21875,0.0,0.0,180.8935546875,119.84375,289.921875,212.98583984375,0.9402110832186142
2013-01-18,3,634.1,260.859375,172.03125,142.79594728937494,172.03125,29.235302710625064,0.0,71.7822265625,52.109375,93.203125,224.78271484375,0.572478062716822
2013-01-18,4,611.3,300.0,123.5296875,158.125,158.125,0.0,34.595312500000006,162.158203125,34.21875,285.15625,239.5947265625,1.547485697079193
2013-01-18,4,634.1,266.5625,142.42578125,120.38327639093744,182.421875,62.03859860906256,39.99609375,62.32666015625,39.453125,89.84375,242.275390625,0.8084923028712445
2013-01-18,5,611.3,300.0,152.96875,152.96875,152.96875,0.0,0.0,180.24658203125,84.375,288.984375,213.65966796875,1.1351636890652725
2013-01-18,5,634.1,263.203125,168.93671874999998,137.87802736749993,173.75,35.871972632500075,4.813281250000017,69.80224609375,46.796875,88.203125,228.11279296875,0.5931936623412962
2013-01-18,6,611.3,300.0,124.6578125,157.96875,157.96875,0.0,33.310937499999994,159.697265625,34.53125,287.265625,222.56103515625,1.582584235308506
2013-01-18,6,634.1,266.484375,142.42578125,124.62255861749992,181.953125,57.33056638250008,39.52734375,65.75439453125,39.453125,90.546875,233.07861328125,0.7770393197935618
2013-01-18,7,611.3,300.0,161.484375,161.484375,161.484375,0.0,0.0,176.46240234375,86.328125,277.734375,229.08447265625,1.0846857316786342
2013-01-18,7,634.1,263.125,170.06484375,131.38249514093744,193.4375,62.055004859062564,23.372656250000006,66.6796875,47.109375,88.28125,235.52490234375,0.6174575278265964
2013-01-18,8,611.3,300.0,157.34375,157.34375,157.34375,0.0,0.0,179.61181640625,92.578125,278.90625,208.74267578125,1.037393467357175
2013-01-18,8,634.1,262.734375,173.44921875,148.95656740656244,179.84375,30.887182593437558,6.39453125,73.49365234375,48.046875,91.484375,219.99267578125,0.5910374381290902
2013-01-18,9,611.3,300.0,156.640625,156.640625,156.640625,0.0,0.0,185.91796875,88.046875,267.578125,224.7412109375,0.9656476520642925
2013-01-18,9,634.1,263.203125,171.475,138.26582033624993,177.421875,39.15605466375007,5.946875000000006,68.6767578125,47.5,88.75,233.00048828125,0.6006398862424458
2013-01-19,0,611.3,215.9375,162.421875,162.421875,162.421875,0.0,0.0,223.1103515625,154.140625,286.71875,178.61572265625,0.5942266868010417
2013-01-19,0,634.1,258.4375,175.703125,175.703125,175.703125,0.0,0.0,85.0927734375,78.59375,90.703125,199.2236328125,0.14230791300854995
2013-01-19,1,611.3,216.640625,154.84375,154.84375,154.84375,0.0,0.0,218.3154296875,156.5625,281.015625,175.64208984375,0.5700610587998479
2013-01-19,1,634.1,227.109375,171.640625,171.640625,171.640625,0.0,0.0,85.87890625,79.0625,92.421875,196.513671875,0.15556060950648168
2013-01-19,2,611.3,197.734375,148.59375,148.59375,148.59375,0.0,0.0,194.51416015625,150.3125,222.96875,167.07763671875,0.3735267907572201
2013-01-19,2,634.1,229.375,167.1875,167.1875,167.1875,0.0,0.0,89.228515625,85.9375,91.40625,183.86962890625,0.061289263434387654
2013-01-19,3,611.3,181.484375,125.546875,125.546875,125.546875,0.0,0.0,188.68408203125,131.71875,243.203125,158.16162109375,0.5908520411464061
2013-01-19,3,634.1,218.359375,147.421875,147.421875,147.421875,0.0,0.0,90.05615234375,84.765625,93.75,180.693359375,0.0997641445495703
2013-01-19,4,611.3,219.0625,150.390625,150.390625,150.390625,0.0,0.0,219.87548828125,157.109375,266.25,180.5126953125,0.49637467938397306
2013-01-19,4,634.1,222.34375,167.734375,167.734375,167.734375,0.0,0.0,85.5810546875,80.46875,89.84375,197.4169921875,0.10954527300736007
2013-01-19,5,611.3,193.90625,124.53125,124.53125,124.53125,0.0,0.0,195.087890625,118.125,247.03125,164.072265625,0.6607598738549332
2013-01-19,5,634.1,222.8125,148.125,148.125,148.125,0.0,0.0,88.9892578125,84.296875,94.84375,183.61083984375,0.11851851851851852
2013-01-19,6,611.3,227.890625,159.140625,159.140625,159.140625,0.0,0.0,214.38232421875,177.03125,267.8125,177.39990234375,0.4234549202263953
2013-01-19,6,634.1,245.46875,180.625,180.625,180.625,0.0,0.0,86.552734375,81.328125,91.796875,194.2236328125,0.12095227349655872
2013-01-19,7,611.3,232.265625,161.875,161.875,161.875,0.0,0.0,235.3662109375,172.578125,287.421875,186.18896484375,0.4879364354915669
2013-01-19,7,634.1,231.875,174.53125,174.53125,174.53125,0.0,0.0,83.55712890625,78.125,88.984375,205.46630859375,0.129963476990504
2013-01-19,8,611.3,194.0625,153.4375,153.4375,153.4375,0.0,0.0,197.76123046875,146.171875,254.375,167.05322265625,0.5471402293742207
2013-01-19,8,634.1,212.8125,169.375,169.375,169.375,0.0,0.0,88.56689453125,82.8125,92.1875,185.9033203125,0.10585219284946384
2013-01-19,9,611.3,198.984375,145.9375,145.9375,145.9375,0.0,0.0,210.63720703125,146.171875,264.609375,171.2353515625,0.5622819523163763
2013-01-19,9,634.1,230.46875,165.859375,165.859375,165.859375,0.0,0.0,86.943359375,81.328125,90.78125,192.46337890625,0.10872739526002471
2013-01-20,0,611.3,232.890625,150.78125,150.78125,150.78125,0.0,0.0,221.24267578125,176.09375,285.546875,174.7509765625,0.49471976694143743
2013-01-20,0,634.1,256.640625,172.734375,172.734375,172.734375,0.0,0.0,86.40869140625,78.359375,91.5625,196.748046875,0.15279857598960248
2013-01-20,1,611.3,216.171875,153.046875,153.046875,153.046875,0.0,0.0,221.11328125,166.875,264.84375,178.5205078125,0.44307040014133026
2013-01-20,1,634.1,217.890625,173.75,173.75,173.75,0.0,0.0,86.3134765625,81.796875,90.859375,196.80908203125,0.10499519149176896
2013-01-20,2,611.3,203.515625,148.671875,148.671875,148.671875,0.0,0.0,205.07080078125,158.515625,232.734375,171.89208984375,0.36191768753645964
2013-01-20,2,634.1,200.703125,171.71875,171.71875,171.71875,0.0,0.0,88.583984375,85.0,92.421875,188.2763671875,0.0837834858339764
2013-01-20,3,611.3,202.03125,143.046875,143.046875,143.046875,0.0,0.0,206.02783203125,148.515625,285.703125,168.47900390625,0.6658687743663274
2013-01-20,3,634.1,229.375,169.21875,169.21875,169.21875,0.0,0.0,88.4033203125,78.59375,95.546875,188.89892578125,0.19177022921844794
2013-01-20,4,611.3,219.0625,154.0625,154.0625,154.0625,0.0,0.0,222.64404296875,166.328125,283.515625,178.798828125,0.5263446460880531
2013-01-20,4,634.1,237.03125,174.21875,174.21875,174.21875,0.0,0.0,85.92041015625,76.71875,92.578125,198.07373046875,0.18458216122524365
2013-01-20,5,611.3,193.75,139.53125,139.53125,139.53125,0.0,0.0,204.95361328125,147.65625,251.09375,169.09912109375,0.5046873697125636
2013-01-20,5,634.1,228.90625,167.578125,167.578125,167.578125,0.0,0.0,88.466796875,83.515625,93.671875,188.42529296875,0.11480295838392758
2013-01-20,6,611.3,225.546875,158.28125,158.28125,158.28125,0.0,0.0,227.18505859375,178.59375,286.953125,180.7373046875,0.47696523561334697
2013-01-20,6,634.1,231.640625,182.96875,182.96875,182.96875,0.0,0.0,85.54443359375,77.265625,92.34375,199.8974609375,0.17626073803476128
2013-01-20,7,611.3,258.359375,158.203125,158.203125,158.203125,0.0,0.0,244.1943359375,203.515625,289.296875,190.33935546875,0.35128271780208353
2013-01-20,7,634.1,234.375,182.578125,182.578125,182.578125,0.0,0.0,83.1591796875,76.953125,90.3125,209.140625,0.16064822969878456
2013-01-20,8,611.3,212.34375,142.109375,142.109375,142.109375,0.0,0.0,206.66259765625,171.171875,271.875,174.5166015625,0.4872827794776075
2013-01-20,8,634.1,221.953125,168.75,168.75,168.75,0.0,0.0,88.25439453125,80.546875,94.6875,189.27490234375,0.16022573238540486
2013-01-20,9,611.3,217.1875,148.4375,148.4375,148.4375,0.0,0.0,223.7548828125,170.78125,279.296875,180.4345703125,0.48497545008183307
2013-01-20,9,634.1,239.453125,171.640625,171.640625,171.640625,0.0,0.0,85.6884765625,76.09375,90.625,198.84765625,0.16958231238247193
2013-01-21,0,611.3,238.4375,121.953125,121.953125,121.953125,0.0,0.0,199.5703125,107.578125,282.34375,164.5947265625,0.8757095321980818
2013-01-21,0,634.1,256.875,129.84375,129.84375,129.84375,0.0,0.0,85.9228515625,76.5625,91.640625,187.28515625,0.17548445757799624
2013-01-21,1,611.3,246.875,111.171875,111.171875,111.171875,0.0,0.0,194.91455078125,112.96875,266.71875,167.0458984375,0.788807194659118
2013-01-21,1,634.1,218.90625,123.046875,123.046875,123.046875,0.0,0.0,86.77734375,79.6875,92.1875,185.34912109375,0.14404681521494486
2013-01-21,2,611.3,198.59375,115.3125,115.3125,115.3125,0.0,0.0,173.49365234375,87.890625,234.453125,152.03125,0.8447715407455356
2013-01-21,2,634.1,206.25,127.34375,127.34375,127.34375,0.0,0.0,89.78271484375,85.0,94.140625,171.5087890625,0.10180829367777022
2013-01-21,3,611.3,211.640625,111.875,111.875,111.875,0.0,0.0,178.00048828125,94.6875,279.140625,151.48193359375,1.0362506686417314
2013-01-21,3,634.1,225.546875,128.4375,128.4375,128.4375,0.0,0.0,88.984375,79.765625,94.453125,174.89990234375,0.16505706760316066
2013-01-21,4,611.3,282.421875,144.921875,144.921875,144.921875,0.0,0.0,219.521484375,155.234375,275.078125,191.15478515625,0.5459317585301837
2013-01-21,4,634.1,238.125,163.90625,163.90625,163.90625,0.0,0.0,83.203125,74.6875,92.03125,200.9228515625,0.2084507042253521
2013-01-21,5,611.3,222.34375,123.828125,123.828125,123.828125,0.0,0.0,187.9345703125,100.46875,279.21875,160.5322265625,0.9511288939697057
2013-01-21,5,634.1,225.703125,135.9375,135.9375,135.9375,0.0,0.0,87.88818359375,79.609375,93.984375,180.51025390625,0.1635600988916359
2013-01-21,6,611.3,264.0625,148.125,148.125,148.125,0.0,0.0,203.72314453125,122.96875,269.6875,173.9111328125,0.7201869494876865
2013-01-21,6,634.1,225.3125,163.28125,163.28125,163.28125,0.0,0.0,86.27685546875,77.578125,91.328125,189.89501953125,0.15937066696850505
2013-01-21,7,611.3,248.28125,140.46875,140.46875,140.46875,0.0,0.0,211.5966796875,110.0,290.0,178.388671875,0.85067497403946
2013-01-21,7,634.1,234.21875,142.03125,142.03125,142.03125,0.0,0.0,84.14794921875,77.421875,89.84375,195.6396484375,0.14761946209417703
2013-01-21,8,611.3,221.875,117.8125,117.8125,117.8125,0.0,0.0,183.80859375,105.078125,268.125,160.67626953125,0.8870470725746467
2013-01-21,8,634.1,219.609375,129.453125,129.453125,129.453125,0.0,0.0,88.0859375,81.328125,91.640625,178.60595703125,0.11707317073170732
2013-01-21,9,611.3,245.9375,143.90625,143.90625,143.90625,0.0,0.0,207.919921875,120.78125,275.625,174.96337890625,0.7447278192663567
2013-01-21,9,634.1,241.953125,153.359375,153.359375,153.359375,0.0,0.0,84.677734375,75.15625,90.78125,193.994140625,0.18452312305385768
2013-01-22,0,611.3,239.375,120.625,120.625,120.625,0.0,0.0,212.8173828125,71.640625,290.078125,172.56591796875,1.0264081679476884
2013-01-22,0,634.1,253.671875,111.40625,111.40625,111.40625,0.0,0.0,84.28466796875,75.859375,90.234375,192.6611328125,0.17055296469020653
2013-01-22,1,611.3,234.140625,133.125,133.125,133.125,0.0,0.0,214.17724609375,88.359375,291.015625,172.99560546875,0.946208122926807
2013-01-22,1,634.1,238.046875,124.6875,124.6875,124.6875,0.0,0.0,84.2626953125,76.09375,91.015625,194.033203125,0.1770875586718433
2013-01-22,2,611.3,183.515625,87.578125,87.578125,87.578125,0.0,0.0,184.6142578125,69.0625,258.671875,152.65380859375,1.027057049908752
2013-01-22,2,634.1,214.53125,75.625,75.625,75.625,0.0,0.0,88.8818359375,82.421875,93.515625,175.76416015625,0.12481459100148327
2013-01-22,3,611.3,224.6875,139.375,139.375,139.375,0.0,0.0,198.02001953125,87.03125,272.34375,165.05615234375,0.9358270968696446
2013-01-22,3,634.1,221.875,129.921875,129.921875,129.921875,0.0,0.0,86.7822265625,80.703125,94.140625,184.83642578125,0.1548416136836775
2013-01-22,4,611.3,288.828125,147.65625,147.65625,147.65625,0.0,0.0,226.58203125,117.578125,284.6875,186.337890625,0.7375226273597104
2013-01-22,4,634.1,245.46875,171.328125,171.328125,171.328125,0.0,0.0,81.6796875,73.90625,91.484375,205.95458984375,0.2152080344332855
2013-01-22,5,611.3,237.96875,106.171875,106.171875,106.171875,0.0,0.0,209.5751953125,55.546875,290.46875,165.29052734375,1.1209431280725053
2013-01-22,5,634.1,239.921875,99.453125,99.453125,99.453125,0.0,0.0,85.1708984375,75.546875,93.515625,188.88671875,0.21097288310497048
2013-01-22,6,611.3,254.53125,117.65625,117.65625,117.65625,0.0,0.0,217.177734375,103.984375,287.96875,177.29736328125,0.8471603939026036
2013-01-22,6,634.1,234.453125,114.140625,114.140625,114.140625,0.0,0.0,84.2724609375,77.421875,90.859375,196.15234375,0.15945303899414798
2013-01-22,7,611.3,234.921875,138.671875,138.671875,138.671875,0.0,0.0,220.029296875,93.359375,287.8125,177.79052734375,0.8837601526785318
2013-01-22,7,634.1,251.015625,129.453125,129.453125,129.453125,0.0,0.0,82.0654296875,72.265625,88.984375,201.9921875,0.20372463854346404
2013-01-22,8,611.3,285.46875,149.609375,149.609375,149.609375,0.0,0.0,219.5166015625,97.578125,289.21875,179.84375,0.8730119892341571
2013-01-22,8,634.1,248.203125,139.0625,139.0625,139.0625,0.0,0.0,83.44970703125,72.96875,93.4375,198.33984375,0.245282466867558
2013-01-22,9,611.3,248.75,123.515625,123.515625,123.515625,0.0,0.0,224.375,96.25,289.609375,179.5751953125,0.8617688022284122
2013-01-22,9,634.1,241.015625,118.671875,118.671875,118.671875,0.0,0.0,82.71484375,75.625,91.171875,201.2890625,0.18795749704840614
2013-01-23,0,611.3,213.4375,145.703125,145.703125,145.703125,0.0,0.0,215.91796875,152.265625,264.296875,172.62939453125,0.5188602442333785
2013-01-23,0,634.1,257.1875,164.765625,164.765625,164.765625,0.0,0.0,86.19384765625,81.328125,91.796875,195.28564453125,0.12145588443563235
2013-01-23,1,611.3,204.53125,151.796875,151.796875,151.796875,0.0,0.0,210.9814453125,152.34375,270.9375,171.9482421875,0.562105116989516
2013-01-23,1,634.1,221.171875,168.59375,168.59375,168.59375,0.0,0.0,86.76025390625,80.859375,90.9375,192.8515625,0.1161606213242536
2013-01-23,2,611.3,197.578125,149.53125,149.53125,149.53125,0.0,0.0,193.3740234375,148.515625,242.34375,163.5400390625,0.4852157664823372
2013-01-23,2,634.1,205.859375,172.1875,172.1875,172.1875,0.0,0.0,89.19921875,84.921875,92.34375,183.56201171875,0.08320560543026057
2013-01-23,3,611.3,203.28125,133.359375,133.359375,133.359375,0.0,0.0,192.28271484375,147.578125,252.8125,159.96826171875,0.5472898335428332
2013-01-23,3,634.1,212.109375,161.171875,161.171875,161.171875,0.0,0.0,89.45556640625,82.96875,94.296875,182.8662109375,0.1266340984143446
2013-01-23,4,611.3,232.34375,155.0,155.0,155.0,0.0,0.0,219.82421875,170.703125,277.03125,181.06689453125,0.4836961350510884
2013-01-23,4,634.1,231.796875,174.609375,174.609375,174.609375,0.0,0.0,85.57373046875,80.0,90.234375,197.41943359375,0.11959715842629312
2013-01-23,5,611.3,196.5625,110.15625,110.15625,110.15625,0.0,0.0,199.33349609375,127.578125,261.796875,162.16552734375,0.6733376609060957
2013-01-23,5,634.1,237.34375,129.0625,129.0625,129.0625,0.0,0.0,88.39599609375,81.5625,93.515625,186.50146484375,0.13522247079294059
2013-01-23,6,611.3,200.46875,131.796875,131.796875,131.796875,0.0,0.0,204.47509765625,141.71875,259.53125,168.251953125,0.5761704058362088
2013-01-23,6,634.1,222.8125,148.515625,148.515625,148.515625,0.0,0.0,87.71728515625,82.34375,92.578125,189.34814453125,0.11667455258982994
2013-01-23,7,611.3,224.296875,142.890625,142.890625,142.890625,0.0,0.0,219.67529296875,160.390625,284.296875,177.1728515625,0.5640427210793629
2013-01-23,7,634.1,236.5625,164.6875,164.6875,164.6875,0.0,0.0,85.4296875,76.796875,90.9375,197.75146484375,0.1655235482395976
2013-01-23,8,611.3,198.828125,130.234375,130.234375,130.234375,0.0,0.0,196.77001953125,130.0,252.8125,163.20068359375,0.6241423378041366
2013-01-23,8,634.1,213.671875,150.9375,150.9375,150.9375,0.0,0.0,88.7109375,82.96875,93.671875,185.09033203125,0.1206516952884192
2013-01-23,9,611.3,203.4375,153.203125,153.203125,153.203125,0.0,0.0,207.47802734375,160.46875,280.546875,170.7177734375,0.5787510443265124
2013-01-23,9,634.1,237.109375,169.453125,169.453125,169.453125,0.0,0.0,87.15576171875,79.53125,90.546875,191.1181640625,0.12639009496064316
2013-01-24,0,611.3,208.046875,102.421875,102.421875,102.421875,0.0,0.0,189.7802734375,79.53125,273.046875,158.1201171875,1.019682507011089
2013-01-24,0,634.1,253.984375,102.109375,102.109375,102.109375,0.0,0.0,87.01904296875,80.625,92.03125,179.0771484375,0.13107763095137895
2013-01-24,1,611.3,265.078125,114.140625,114.140625,114.140625,0.0,0.0,196.72119140625,94.21875,287.34375,165.126953125,0.9817193491939387
2013-01-24,1,634.1,230.0,120.78125,120.78125,120.78125,0.0,0.0,86.279296875,77.578125,92.34375,184.7412109375,0.17113752122241085
2013-01-24,2,611.3,216.25,104.375,104.375,104.375,0.0,0.0,183.02001953125,87.5,253.90625,158.22998046875,0.9092243046755153
2013-01-24,2,634.1,212.03125,103.125,103.125,103.125,0.0,0.0,87.98583984375,83.28125,91.640625,176.2158203125,0.09500818557673632
2013-01-24,3,611.3,203.203125,101.875,101.875,101.875,0.0,0.0,175.92529296875,85.859375,267.8125,153.30322265625,1.0342635895585561
2013-01-24,3,634.1,219.453125,105.703125,105.703125,105.703125,0.0,0.0,88.8427734375,81.328125,93.90625,172.75390625,0.14157735641659797
2013-01-24,4,611.3,288.75,125.859375,125.859375,125.859375,0.0,0.0,212.42431640625,127.8125,285.390625,184.6533203125,0.7418083186796768
2013-01-24,4,634.1,243.828125,124.84375,124.84375,124.84375,0.0,0.0,82.7587890625,73.046875,92.5,198.84033203125,0.2350581155230397
2013-01-24,5,611.3,256.328125,101.953125,101.953125,101.953125,0.0,0.0,192.744140625,78.828125,288.203125,162.57080078125,1.086284643056189
2013-01-24,5,634.1,234.0625,99.453125,99.453125,99.453125,0.0,0.0,86.2939453125,76.484375,93.4375,182.1044921875,0.1964578735924857
2013-01-24,6,611.3,265.0,156.640625,156.640625,156.640625,0.0,0.0,204.47021484375,106.25,280.390625,174.75341796875,0.8516674427768026
2013-01-24,6,634.1,236.328125,160.78125,160.78125,160.78125,0.0,0.0,85.21240234375,74.609375,92.1875,191.2109375,0.20628599260808528
2013-01-24,7,611.3,262.734375,133.515625,133.515625,133.515625,0.0,0.0,207.25341796875,110.703125,287.109375,178.525390625,0.8511620784299867
2013-01-24,7,634.1,251.328125,132.109375,132.109375,132.109375,0.0,0.0,83.78662109375,71.640625,90.0,197.00927734375,0.21912060374719544
2013-01-24,8,611.3,225.859375,107.421875,107.421875,107.421875,0.0,0.0,178.64501953125,83.28125,283.359375,157.48046875,1.1199759474122968
2013-01-24,8,634.1,227.890625,105.703125,105.703125,105.703125,0.0,0.0,87.94677734375,79.140625,91.875,173.07861328125,0.14479638009049775
2013-01-24,9,611.3,245.3125,108.125,108.125,108.125,0.0,0.0,200.70068359375,83.28125,282.109375,173.66943359375,0.9906698942912404
2013-01-24,9,634.1,244.6875,104.6875,104.6875,104.6875,0.0,0.0,84.580078125,74.6875,91.328125,190.29052734375,0.19674402493938345
2013-01-25,0,611.3,267.8125,158.046875,158.046875,158.046875,0.0,0.0,215.96435546875,112.890625,290.3125,182.3193359375,0.8215331396466159
2013-01-25,0,634.1,254.921875,150.15625,150.15625,150.15625,0.0,0.0,81.65771484375,73.59375,90.859375,200.37353515625,0.2114389930337549
2013-01-25,1,611.3,299.921875,145.390625,145.390625,145.390625,0.0,0.0,212.67578125,123.28125,284.296875,186.9873046875,0.757094315364129
2013-01-25,1,634.1,247.890625,141.171875,141.171875,141.171875,0.0,0.0,82.25341796875,71.640625,91.328125,200.49560546875,0.23935175566174943
2013-01-25,2,611.3,226.40625,87.03125,87.03125,87.03125,0.0,0.0,182.0263671875,53.28125,261.40625,158.42529296875,1.1433783095040102
2013-01-25,2,634.1,216.875,73.671875,73.671875,73.671875,0.0,0.0,87.32666015625,81.640625,94.21875,174.10888671875,0.1440353378623948
2013-01-25,3,611.3,248.59375,107.34375,107.34375,107.34375,0.0,0.0,184.06494140625,71.484375,281.796875,158.681640625,1.14259944557187
2013-01-25,3,634.1,227.03125,104.765625,104.765625,104.765625,0.0,0.0,86.70654296875,78.515625,93.984375,176.54296875,0.1784034914824722
2013-01-25,4,611.3,300.0,145.9375,145.9375,145.9375,0.0,0.0,222.51953125,132.890625,290.859375,203.41552734375,0.7099095936101115
2013-01-25,4,634.1,254.609375,162.421875,162.421875,162.421875,0.0,0.0,79.140625,66.171875,92.8125,211.85546875,0.3366238894373149
2013-01-25,5,611.3,300.0,131.25,131.25,131.25,0.0,0.0,202.138671875,104.453125,282.734375,187.93701171875,0.8819749746364559
2013-01-25,5,634.1,254.765625,123.046875,123.046875,123.046875,0.0,0.0,79.59228515625,65.46875,92.8125,206.74072265625,0.34354774393423515
2013-01-25,6,611.3,300.0,157.34375,157.34375,157.34375,0.0,0.0,219.9853515625,130.9375,290.859375,198.662109375,0.7269660178012562
2013-01-25,6,634.1,252.96875,153.90625,153.90625,153.90625,0.0,0.0,80.3076171875,68.828125,91.71875,208.8916015625,0.28503678482398004
2013-01-25,7,611.3,284.140625,160.0,160.0,160.0,0.0,0.0,216.48193359375,147.65625,281.71875,199.32861328125,0.6192780052102717
2013-01-25,7,634.1,253.28125,177.34375,167.87910158624993,177.34375,9.46464841375007,0.0,78.46923828125,67.8125,88.203125,213.93310546875,0.2598550138452444
2013-01-25,8,611.3,267.03125,138.4375,138.4375,138.4375,0.0,0.0,202.353515625,108.90625,290.46875,178.837890625,0.8972539935331306
2013-01-25,8,634.1,247.890625,127.96875,127.96875,127.96875,0.0,0.0,83.8916015625,73.828125,92.109375,191.63818359375,0.2179151388161341
2013-01-25,9,611.3,248.28125,150.15625,150.15625,150.15625,0.0,0.0,208.896484375,122.8125,290.859375,179.67529296875,0.8044504698237577
2013-01-25,9,634.1,252.109375,156.09375,156.09375,156.09375,0.0,0.0,82.28759765625,70.078125,90.3125,198.4033203125,0.24589823468328142
2013-04-01,0,611.3,214.53125,124.765625,124.765625,124.765625,0.0,0.0,196.51123046875,103.59375,277.734375,159.36279296875,0.8861611857226274
2013-04-01,0,634.1,257.109375,139.6875,139.6875,139.6875,0.0,0.0,87.4365234375,79.6875,92.1875,184.6533203125,0.14296085329759312
2013-04-01,1,611.3,201.640625,136.640625,136.640625,136.640625,0.0,0.0,197.01904296875,132.5,260.390625,165.1123046875,0.6491282419856503
2013-04-01,1,634.1,216.25,157.65625,157.65625,157.65625,0.0,0.0,87.5537109375,81.796875,94.21875,186.4697265625,0.14187719591768447
2013-04-01,2,611.3,226.875,145.546875,145.546875,145.546875,0.0,0.0,202.1826171875,113.90625,254.765625,174.5263671875,0.6966937957350207
2013-04-01,2,634.1,212.421875,155.9375,155.9375,155.9375,0.0,0.0,86.67236328125,80.703125,94.0625,189.27978515625,0.15413650319709304
2013-04-01,3,611.3,199.53125,139.140625,139.140625,139.140625,0.0,0.0,191.18896484375,103.125,259.453125,161.52099609375,0.8176629081482806
2013-04-01,3,634.1,215.0,148.671875,148.671875,148.671875,0.0,0.0,87.9296875,82.5,93.90625,182.38525390625,0.12972012438916036
2013-04-01,4,611.3,213.984375,131.796875,131.796875,131.796875,0.0,0.0,197.5048828125,111.875,260.546875,167.94921875,0.7527503770179732
2013-04-01,4,634.1,215.546875,141.25,141.25,141.25,0.0,0.0,87.20947265625,82.109375,93.984375,185.9716796875,0.13616640071666528
2013-04-01,5,611.3,224.375,114.921875,114.921875,114.921875,0.0,0.0,191.73095703125,104.453125,259.296875,161.92138671875,0.8076095399386245
2013-04-01,5,634.1,231.25,131.953125,131.953125,131.953125,0.0,0.0,88.34716796875,82.5,94.6875,181.50390625,0.13795009257468152
2013-04-01,6,611.3,230.0,127.421875,127.421875,127.421875,0.0,0.0,201.90185546875,123.359375,263.125,168.58642578125,0.6922453717699125
2013-04-01,6,634.1,216.953125,142.421875,142.421875,142.421875,0.0,0.0,87.02880859375,81.953125,92.65625,188.671875,0.12298370129323646
2013-04-01,7,611.3,237.03125,150.46875,150.46875,150.46875,0.0,0.0,220.439453125,158.28125,288.75,184.970703125,0.5918575289062153
2013-04-01,7,634.1,234.0625,162.96875,162.96875,162.96875,0.0,0.0,84.39208984375,77.5,92.109375,199.33349609375,0.17311308473399484
2013-04-01,8,611.3,206.484375,149.53125,149.53125,149.53125,0.0,0.0,200.82763671875,132.03125,271.875,173.5595703125,0.6963371789105144
2013-04-01,8,634.1,221.71875,172.1875,172.1875,172.1875,0.0,0.0,86.611328125,80.703125,92.8125,188.9306640625,0.139812831209832
2013-04-01,9,611.3,219.21875,144.53125,144.53125,144.53125,0.0,0.0,216.2890625,141.875,291.5625,176.53076171875,0.692071518873036
2013-04-01,9,634.1,232.34375,155.078125,155.078125,155.078125,0.0,0.0,84.8876953125,77.96875,91.328125,197.080078125,0.15737704918032788
2013-04-02,0,611.3,191.5625,85.234375,85.234375,85.234375,0.0,0.0,180.84716796875,48.515625,266.40625,145.54443359375,1.204832939588255
2013-04-02,0,634.1,256.484375,77.03125,77.03125,77.03125,0.0,0.0,88.359375,81.5625,94.921875,169.5556640625,0.15119363395225463
2013-04-02,1,611.3,207.1875,93.046875,93.046875,93.046875,0.0,0.0,185.8837890625,79.84375,251.484375,155.93505859375,0.923375975202921
2013-04-02,1,634.1,210.703125,86.71875,86.71875,86.71875,0.0,0.0,87.666015625,83.59375,92.65625,176.78955078125,0.10337529241394676
2013-04-02,2,611.3,179.765625,97.34375,97.34375,97.34375,0.0,0.0,181.98486328125,67.265625,274.0625,148.90869140625,1.1363410740397901
2013-04-02,2,634.1,222.890625,90.234375,90.234375,90.234375,0.0,0.0,88.13720703125,80.46875,92.65625,172.77099609375,0.1382787180410515
2013-04-02,3,611.3,201.71875,75.390625,75.390625,75.390625,0.0,0.0,173.427734375,70.78125,256.875,147.3583984375,1.0730333915197927
2013-04-02,3,634.1,213.59375,61.953125,61.953125,61.953125,0.0,0.0,89.23583984375,82.890625,94.21875,166.95068359375,0.12694591119258022
2013-04-02,4,611.3,221.796875,92.734375,92.734375,92.734375,0.0,0.0,182.04833984375,67.734375,270.9375,154.35546875,1.1162042190245014
2013-04-02,4,634.1,221.171875,88.359375,88.359375,88.359375,0.0,0.0,88.0322265625,80.859375,93.203125,174.14794921875,0.14021853680181928
2013-04-02,5,611.3,189.21875,92.1875,92.1875,92.1875,0.0,0.0,174.98291015625,70.3125,275.625,146.70166015625,1.173328868611611
2013-04-02,5,634.1,223.671875,86.015625,86.015625,86.015625,0.0,0.0,89.404296875,80.234375,93.984375,168.76953125,0.15379574003276897
2013-04-02,6,611.3,253.359375,110.078125,110.078125,110.078125,0.0,0.0,205.38818359375,92.421875,289.21875,167.275390625,0.9581703852508707
2013-04-02,6,634.1,239.84375,112.65625,112.65625,112.65625,0.0,0.0,85.38818359375,75.46875,91.796875,189.04541015625,0.19122230164403145
2013-04-02,7,611.3,215.46875,101.5625,101.5625,101.5625,0.0,0.0,193.6962890625,77.890625,278.359375,159.43359375,1.0349643298293378
2013-04-02,7,634.1,229.375,106.953125,106.953125,106.953125,0.0,0.0,86.87744140625,79.84375,93.671875,181.57470703125,0.1591681888436139
2013-04-02,8,611.3,227.265625,106.875,106.875,106.875,0.0,0.0,184.03076171875,67.734375,269.765625,156.015625,1.0978123880656416
2013-04-02,8,634.1,221.328125,103.4375,103.4375,103.4375,0.0,0.0,87.66357421875,80.46875,92.890625,174.39453125,0.1416993900910686
2013-04-02,9,611.3,213.75,107.109375,107.109375,107.109375,0.0,0.0,196.84814453125,92.1875,273.046875,164.76806640625,0.9187761227349961
2013-04-02,9,634.1,231.484375,107.421875,107.421875,107.421875,0.0,0.0,86.4990234375,80.625,90.390625,183.98193359375,0.11289867344058707
2013-04-03,0,611.3,188.515625,145.390625,145.390625,145.390625,0.0,0.0,220.49072265625,168.671875,272.1875,168.55712890625,0.4694783696699257
2013-04-03,0,634.1,254.53125,170.234375,170.234375,170.234375,0.0,0.0,86.95068359375,80.3125,92.421875,195.72021484375,0.1392671627123403
2013-04-03,1,611.3,204.921875,141.015625,141.015625,141.015625,0.0,0.0,222.4658203125,169.84375,285.15625,170.48095703125,0.5183380522815566
2013-04-03,1,634.1,228.984375,168.28125,168.28125,168.28125,0.0,0.0,86.513671875,78.75,92.734375,197.00927734375,0.16164352635737667
2013-04-03,2,611.3,228.203125,157.109375,157.109375,157.109375,0.0,0.0,223.85986328125,184.296875,275.3125,175.05859375,0.40657411143707806
2013-04-03,2,634.1,223.515625,178.984375,178.984375,178.984375,0.0,0.0,86.46240234375,80.234375,91.171875,197.50244140625,0.12650007059155724
2013-04-03,3,611.3,198.359375,137.109375,137.109375,137.109375,0.0,0.0,218.20556640625,143.125,282.96875,170.42236328125,0.6408807635073901
2013-04-03,3,634.1,227.890625,166.484375,166.484375,166.484375,0.0,0.0,87.28515625,79.0625,94.453125,194.50439453125,0.17632579995524725
2013-04-03,4,611.3,215.703125,132.578125,132.578125,132.578125,0.0,0.0,227.548828125,187.8125,265.625,175.751953125,0.34195957255053433
2013-04-03,4,634.1,218.4375,164.453125,164.453125,164.453125,0.0,0.0,86.0791015625,81.40625,91.484375,199.2822265625,0.11707981167394634
2013-04-03,5,611.3,199.921875,145.3125,145.3125,145.3125,0.0,0.0,215.5810546875,176.09375,277.03125,169.52880859375,0.46821136554098436
2013-04-03,5,634.1,226.875,170.234375,170.234375,170.234375,0.0,0.0,87.66357421875,80.0,91.640625,193.05908203125,0.1327874787645863
2013-04-03,6,611.3,213.828125,157.5,157.5,157.5,0.0,0.0,239.6533203125,187.265625,287.65625,180.2490234375,0.41889937042847536
2013-04-03,6,634.1,234.453125,180.3125,180.3125,180.3125,0.0,0.0,84.32373046875,77.34375,89.140625,205.888671875,0.1398998233880541
2013-04-03,7,611.3,202.96875,157.5,157.5,157.5,0.0,0.0,233.62548828125,183.203125,291.015625,177.41455078125,0.46147576102745236
2013-04-03,7,634.1,242.265625,180.078125,180.078125,180.078125,0.0,0.0,85.29296875,77.890625,90.078125,202.4072265625,0.14288985573620333
2013-04-03,8,611.3,208.90625,141.5625,141.5625,141.5625,0.0,0.0,218.9501953125,174.375,269.453125,172.83447265625,0.43424544501683726
2013-04-03,8,634.1,220.703125,168.515625,168.515625,168.515625,0.0,0.0,87.18017578125,80.859375,91.875,194.86572265625,0.12635470049567335
2013-04-03,9,611.3,197.421875,149.84375,149.84375,149.84375,0.0,0.0,225.05859375,175.859375,272.8125,173.5888671875,0.4307905927275883
2013-04-03,9,634.1,225.9375,172.265625,172.265625,172.265625,0.0,0.0,86.37451171875,80.546875,90.625,198.02978515625,0.11667938607648605
2013-04-04,0,611.3,191.25,144.6875,144.6875,144.6875,0.0,0.0,214.0283203125,119.53125,288.515625,162.55615234375,0.7895421257956334
2013-04-04,0,634.1,256.328125,166.640625,166.640625,166.640625,0.0,0.0,86.89697265625,78.359375,94.21875,193.06396484375,0.18250779647683532
2013-04-04,1,611.3,200.46875,146.71875,146.71875,146.71875,0.0,0.0,216.07666015625,158.28125,277.03125,169.48486328125,0.5495734704253997
2013-04-04,1,634.1,225.234375,166.640625,166.640625,166.640625,0.0,0.0,86.73095703125,79.453125,92.109375,194.57275390625,0.14592540464461648
2013-04-04,2,611.3,222.890625,158.90625,158.90625,158.90625,0.0,0.0,216.7626953125,164.6875,278.59375,170.80078125,0.5254882526524453
2013-04-04,2,634.1,225.46875,178.359375,178.359375,178.359375,0.0,0.0,86.65283203125,79.765625,92.5,194.90478515625,0.1469585552080692
2013-04-04,3,611.3,242.734375,135.625,135.625,135.625,0.0,0.0,207.79541015625,154.453125,276.328125,166.78955078125,0.5865143985055162
2013-04-04,3,634.1,224.0625,165.859375,165.859375,165.859375,0.0,0.0,88.02734375,80.15625,93.90625,190.0,0.15620146438872864
2013-04-04,4,611.3,205.46875,132.65625,132.65625,132.65625,0.0,0.0,213.13720703125,142.65625,287.65625,167.81494140625,0.6803129402870528
2013-04-04,4,634.1,230.234375,161.484375,161.484375,161.484375,0.0,0.0,87.11669921875,78.515625,92.421875,193.0712890625,0.15962783398256872
2013-04-04,5,611.3,199.921875,139.765625,139.765625,139.765625,0.0,0.0,218.51806640625,141.328125,283.28125,170.88623046875,0.6496173398134183
2013-04-04,5,634.1,237.109375,166.5625,166.5625,166.5625,0.0,0.0,86.4111328125,76.71875,92.1875,196.04248046875,0.179013392100356
2013-04-04,6,611.3,220.0,156.875,156.875,156.875,0.0,0.0,226.318359375,160.46875,290.15625,173.8427734375,0.5730312837108954
2013-04-04,6,634.1,233.046875,178.359375,178.359375,178.359375,0.0,0.0,85.49072265625,77.734375,91.796875,199.76806640625,0.16449153268412486
2013-04-04,7,611.3,213.203125,158.515625,158.515625,158.515625,0.0,0.0,232.9345703125,145.78125,287.578125,176.32568359375,0.6087412220941201
2013-04-04,7,634.1,230.15625,179.375,179.375,179.375,0.0,0.0,84.64111328125,78.515625,92.65625,203.13720703125,0.1670656782716548
2013-04-04,8,611.3,205.625,151.171875,151.171875,151.171875,0.0,0.0,213.642578125,159.53125,282.890625,169.33837890625,0.5774100653654523
2013-04-04,8,634.1,237.34375,169.453125,169.453125,169.453125,0.0,0.0,87.001953125,76.640625,91.71875,193.583984375,0.1733078908968459
2013-04-04,9,611.3,219.453125,149.0625,149.0625,149.0625,0.0,0.0,224.609375,159.6875,287.578125,175.39794921875,0.569391304347826
2013-04-04,9,634.1,237.8125,168.984375,168.984375,168.984375,0.0,0.0,85.517578125,76.484375,89.921875,199.3212890625,0.15713143770697727
2013-04-05,0,611.3,191.640625,118.90625,118.90625,118.90625,0.0,0.0,192.50732421875,93.671875,265.703125,155.18798828125,0.8936348302494579
2013-04-05,0,634.1,256.484375,129.21875,129.21875,129.21875,0.0,0.0,87.91015625,81.640625,93.046875,181.07421875,0.12974894467896023
2013-04-05,1,611.3,196.171875,112.65625,112.65625,112.65625,0.0,0.0,195.029296875,110.9375,255.625,161.95556640625,0.7418757197937008
2013-04-05,1,634.1,231.171875,123.046875,123.046875,123.046875,0.0,0.0,87.90771484375,83.046875,93.203125,184.13818359375,0.11553309078790235
2013-04-05,2,611.3,203.046875,121.484375,121.484375,121.484375,0.0,0.0,190.5615234375,82.96875,255.625,158.779296875,0.9060394086145489
2013-04-05,2,634.1,218.515625,128.28125,128.28125,128.28125,0.0,0.0,88.28857421875,83.046875,93.984375,180.73486328125,0.12388352736222105
2013-04-05,3,611.3,205.078125,117.578125,117.578125,117.578125,0.0,0.0,189.68994140625,82.96875,270.3125,157.11181640625,0.9876314400813416
2013-04-05,3,634.1,220.859375,128.671875,128.671875,128.671875,0.0,0.0,88.50341796875,81.015625,94.453125,179.73876953125,0.15183029433670794
2013-04-05,4,611.3,231.640625,127.734375,127.734375,127.734375,0.0,0.0,208.11767578125,100.15625,271.015625,169.16748046875,0.8209748372338553
2013-04-05,4,634.1,223.828125,137.109375,137.109375,137.109375,0.0,0.0,85.83251953125,79.0625,94.296875,190.6396484375,0.17748954688966637
2013-04-05,5,611.3,191.40625,119.53125,119.53125,119.53125,0.0,0.0,192.744140625,113.515625,260.78125,156.6943359375,0.7640472209555657
2013-04-05,5,634.1,222.1875,133.671875,133.671875,133.671875,0.0,0.0,88.5107421875,82.34375,92.890625,181.845703125,0.11915926518453136
2013-04-05,6,611.3,198.59375,128.125,128.125,128.125,0.0,0.0,207.81005859375,114.609375,279.453125,164.92919921875,0.7932424018139311
2013-04-05,6,634.1,231.171875,142.34375,142.34375,142.34375,0.0,0.0,86.53564453125,79.6875,92.109375,190.62255859375,0.14354633939906897
2013-04-05,7,611.3,210.46875,132.109375,132.109375,132.109375,0.0,0.0,202.40478515625,112.1875,262.65625,166.748046875,0.7434051022254388
2013-04-05,7,634.1,240.9375,141.015625,141.015625,141.015625,0.0,0.0,86.826171875,82.03125,92.1875,188.1787109375,0.11697221909796424
2013-04-05,8,611.3,220.0,116.71875,116.71875,116.71875,0.0,0.0,195.04638671875,107.421875,268.359375,166.99951171875,0.8251242317657809
2013-04-05,8,634.1,223.203125,128.4375,128.4375,128.4375,0.0,0.0,87.45361328125,81.25,92.34375,184.453125,0.12685296334552357
2013-04-05,9,611.3,225.234375,139.84375,139.84375,139.84375,0.0,0.0,212.158203125,132.109375,289.140625,173.25927734375,0.7401611047180667
2013-04-05,9,634.1,233.75,149.375,149.375,149.375,0.0,0.0,85.7080078125,77.578125,90.234375,194.248046875,0.1476670654588959
2013-04-06,0,611.3,196.953125,139.453125,139.453125,139.453125,0.0,0.0,211.9921875,155.078125,286.015625,171.09375,0.6176524783489957
2013-04-06,0,634.1,255.390625,167.578125,167.578125,167.578125,0.0,0.0,86.767578125,78.75,92.34375,193.15673828125,0.15666854248733822
2013-04-06,1,611.3,216.640625,130.703125,130.703125,130.703125,0.0,0.0,209.9365234375,155.15625,266.5625,174.443359375,0.5306663565530876
2013-04-06,1,634.1,219.140625,163.59375,163.59375,163.59375,0.0,0.0,86.884765625,81.25,92.8125,192.2998046875,0.13307856580869956
2013-04-06,2,611.3,208.671875,147.65625,147.65625,147.65625,0.0,0.0,203.642578125,147.96875,264.296875,169.7607421875,0.5712367525056347
2013-04-06,2,634.1,218.125,162.890625,162.890625,162.890625,0.0,0.0,87.56591796875,81.484375,91.328125,189.267578125,0.112415312125352
2013-04-06,3,611.3,222.578125,138.125,138.125,138.125,0.0,0.0,214.4189453125,156.328125,288.203125,174.83642578125,0.6150342723111607
2013-04-06,3,634.1,234.296875,166.953125,166.953125,166.953125,0.0,0.0,86.064453125,77.421875,94.140625,195.0537109375,0.19425848178826732
2013-04-06,4,611.3,227.421875,142.265625,142.265625,142.265625,0.0,0.0,213.369140625,151.71875,280.625,175.0,0.6041466428669504
2013-04-06,4,634.1,226.40625,156.328125,156.328125,156.328125,0.0,0.0,86.298828125,79.53125,90.625,194.27978515625,0.1285504130360982
2013-04-06,5,611.3,209.53125,131.09375,131.09375,131.09375,0.0,0.0,210.68603515625,145.546875,271.875,171.19384765625,0.5996036942188026
2013-04-06,5,634.1,238.75,163.75,163.75,163.75,0.0,0.0,87.18994140625,80.78125,93.515625,192.119140625,0.14605325791728502
2013-04-06,6,611.3,238.046875,154.140625,154.140625,154.140625,0.0,0.0,214.9365234375,155.546875,260.078125,175.59814453125,0.4863354460573843
2013-04-06,6,634.1,216.953125,171.71875,171.71875,171.71875,0.0,0.0,86.50634765625,80.390625,91.796875,194.4873046875,0.1318544859311941
2013-04-06,7,611.3,237.109375,156.484375,156.484375,156.484375,0.0,0.0,228.1201171875,154.140625,271.953125,184.12353515625,0.5164494103041589
2013-04-06,7,634.1,221.71875,176.5625,176.5625,176.5625,0.0,0.0,84.21630859375,78.984375,90.078125,202.080078125,0.13172923612117698
2013-04-06,8,611.3,216.09375,140.78125,140.78125,140.78125,0.0,0.0,213.486328125,156.40625,270.859375,174.94873046875,0.5361145418782306
2013-04-06,8,634.1,222.421875,168.203125,168.203125,168.203125,0.0,0.0,86.3623046875,80.0,92.8125,194.22607421875,0.14835755074348392
2013-04-06,9,611.3,215.078125,142.265625,142.265625,142.265625,0.0,0.0,219.11376953125,141.09375,283.203125,174.45556640625,0.64856432940757
2013-04-06,9,634.1,227.8125,168.828125,168.828125,168.828125,0.0,0.0,85.6396484375,79.140625,91.71875,197.12646484375,0.14687268373339415
2013-04-07,0,611.3,197.734375,156.171875,156.171875,156.171875,0.0,0.0,211.14013671875,133.75,286.796875,172.32177734375,0.724859220887342
2013-04-07,0,634.1,259.21875,174.53125,174.53125,174.53125,0.0,0.0,83.6474609375,55.625,91.640625,198.515625,0.43056447376101803
2013-04-07,1,611.3,191.71875,140.703125,140.703125,140.703125,0.0,0.0,206.865234375,123.046875,287.96875,167.44140625,0.7972430722749374
2013-04-07,1,634.1,230.390625,148.359375,148.359375,148.359375,0.0,0.0,85.61279296875,78.4375,91.796875,192.529296875,0.1560441440670716
2013-04-07,2,611.3,225.9375,130.46875,130.46875,130.46875,0.0,0.0,211.4892578125,114.375,287.578125,171.123046875,0.8189689007919101
2013-04-07,2,634.1,252.5,135.703125,135.703125,135.703125,0.0,0.0,85.244140625,78.515625,92.109375,193.74755859375,0.15946843853820597
2013-04-07,3,611.3,218.203125,113.828125,113.828125,113.828125,0.0,0.0,195.205078125,101.796875,274.453125,163.271484375,0.8844864675571564
2013-04-07,3,634.1,237.734375,121.25,121.25,121.25,0.0,0.0,87.63427734375,80.3125,92.65625,184.5263671875,0.14085527232205042
2013-04-07,4,611.3,227.734375,138.90625,138.90625,138.90625,0.0,0.0,207.6513671875,134.296875,279.53125,170.9765625,0.6994144896183601
2013-04-07,4,634.1,225.78125,167.34375,167.34375,167.34375,0.0,0.0,85.6982421875,79.6875,91.640625,192.90283203125,0.1394792319525953
2013-04-07,5,611.3,192.890625,118.359375,118.359375,118.359375,0.0,0.0,204.29443359375,118.984375,287.34375,162.15087890625,0.824101626453471
2013-04-07,5,634.1,238.125,128.515625,128.515625,128.515625,0.0,0.0,86.44287109375,77.265625,91.953125,189.64111328125,0.16990990482108057
2013-04-07,6,611.3,220.546875,147.96875,147.96875,147.96875,0.0,0.0,217.1875,150.46875,282.65625,177.77587890625,0.6086330935251798
2013-04-07,6,634.1,253.828125,170.703125,170.703125,170.703125,0.0,0.0,85.05859375,76.5625,90.78125,197.48291015625,0.16716417910447762
2013-04-07,7,611.3,199.453125,150.703125,150.703125,150.703125,0.0,0.0,218.2275390625,144.296875,288.75,173.447265625,0.6619381111135972
2013-04-07,7,634.1,252.34375,159.53125,159.53125,159.53125,0.0,0.0,84.21630859375,77.265625,90.546875,199.08447265625,0.1577040150746485
2013-04-07,8,611.3,207.5,135.703125,135.703125,135.703125,0.0,0.0,202.91259765625,127.8125,269.375,171.11328125,0.6976525934571006
2013-04-07,8,634.1,245.703125,145.625,145.625,145.625,0.0,0.0,86.2109375,80.859375,92.1875,189.814453125,0.13140009062075214
2013-04-07,9,611.3,247.734375,136.71875,136.71875,136.71875,0.0,0.0,214.6240234375,131.015625,278.046875,176.89453125,0.685064270276419
2013-04-07,9,634.1,240.15625,139.375,139.375,139.375,0.0,0.0,84.91943359375,75.859375,90.234375,196.17919921875,0.16927809562142426
2013-04-08,0,611.3,196.015625,142.8125,142.8125,142.8125,0.0,0.0,196.41357421875,79.296875,290.78125,155.33935546875,1.0767299349914854
2013-04-08,0,634.1,258.4375,156.796875,156.796875,156.796875,0.0,0.0,85.44921875,57.265625,93.90625,187.01416015625,0.4288
2013-04-08,1,611.3,184.53125,120.859375,120.859375,120.859375,0.0,0.0,191.68212890625,89.921875,278.75,152.54638671875,0.9851107459911097
2013-04-08,1,634.1,231.640625,131.640625,131.640625,131.640625,0.0,0.0,87.54638671875,79.765625,92.890625,179.365234375,0.149920522044675
2013-04-08,2,611.3,196.40625,132.578125,132.578125,132.578125,0.0,0.0,191.75537109375,96.953125,287.734375,152.529296875,0.9949199801382682
2013-04-08,2,634.1,234.609375,146.328125,146.328125,146.328125,0.0,0.0,87.5439453125,77.34375,92.734375,180.48583984375,0.17580456244073847
2013-04-08,3,611.3,198.046875,121.40625,121.40625,121.40625,0.0,0.0,186.89697265625,69.921875,267.8125,154.00146484375,1.0588219926064295
2013-04-08,3,634.1,219.53125,134.296875,134.296875,134.296875,0.0,0.0,88.3837890625,81.328125,94.0625,177.158203125,0.14408043754488703
2013-04-08,4,611.3,205.78125,108.046875,108.046875,108.046875,0.0,0.0,202.34375,88.203125,286.71875,160.673828125,0.981081081081081
2013-04-08,4,634.1,229.6875,126.796875,126.796875,126.796875,0.0,0.0,85.99365234375,78.59375,93.75,186.1328125,0.1762484740084604
2013-04-08,5,611.3,184.53125,114.921875,114.921875,114.921875,0.0,0.0,190.8056640625,79.453125,281.171875,151.4208984375,1.0571947693016353
2013-04-08,5,634.1,242.65625,135.078125,135.078125,135.078125,0.0,0.0,87.75634765625,75.234375,93.984375,179.4384765625,0.21365975796355544
2013-04-08,6,611.3,202.8125,120.0,120.0,120.0,0.0,0.0,208.59375,115.3125,289.765625,166.01318359375,0.8363295880149813
2013-04-08,6,634.1,250.625,137.890625,137.890625,137.890625,0.0,0.0,85.48583984375,73.125,92.421875,192.2412109375,0.22573182921605026
2013-04-08,7,611.3,209.375,123.59375,123.59375,123.59375,0.0,0.0,209.7509765625,111.015625,289.21875,165.33447265625,0.849593779826338
2013-04-08,7,634.1,248.4375,141.796875,141.796875,141.796875,0.0,0.0,85.10009765625,76.015625,90.625,192.24365234375,0.17167283472473246
2013-04-08,8,611.3,217.8125,115.46875,115.46875,115.46875,0.0,0.0,196.56982421875,90.46875,283.90625,162.04833984375,0.9840650810407998
2013-04-08,8,634.1,247.734375,124.53125,124.53125,124.53125,0.0,0.0,86.34033203125,73.90625,93.046875,185.1708984375,0.22168810971299308
2013-04-08,9,611.3,211.640625,146.09375,146.09375,146.09375,0.0,0.0,211.0693359375,105.0,288.90625,168.9892578125,0.8713072847988526
2013-04-08,9,634.1,251.328125,155.859375,155.859375,155.859375,0.0,0.0,85.24658203125,77.5,91.640625,192.88818359375,0.16587908468654236
2013-04-09,0,611.3,200.859375,137.578125,137.578125,137.578125,0.0,0.0,203.93310546875,107.890625,283.046875,161.56005859375,0.8588907112329555
2013-04-09,0,634.1,259.609375,162.734375,162.734375,162.734375,0.0,0.0,85.56396484375,56.015625,94.140625,193.39111328125,0.4455730875681228
2013-04-09,1,611.3,181.328125,127.421875,127.421875,127.421875,0.0,0.0,204.5166015625,124.6875,275.234375,161.27685546875,0.7361107795153397
2013-04-09,1,634.1,226.796875,146.09375,146.09375,146.09375,0.0,0.0,87.2265625,80.3125,92.1875,189.27001953125,0.1361397223466189
2013-04-09,2,611.3,192.1875,150.859375,150.859375,150.859375,0.0,0.0,208.02978515625,128.671875,286.328125,163.3837890625,0.7578542172775177
2013-04-09,2,634.1,235.390625,168.984375,168.984375,168.984375,0.0,0.0,86.6748046875,77.109375,93.59375,191.60400390625,0.19018646836797926
2013-04-09,3,611.3,220.9375,139.609375,139.609375,139.609375,0.0,0.0,192.783203125,116.25,268.671875,155.25390625,0.7906387720986778
2013-04-09,3,634.1,220.0,167.65625,167.65625,167.65625,0.0,0.0,88.7255859375,81.171875,94.0625,182.7734375,0.14528644543503386
2013-04-09,4,611.3,196.171875,137.8125,137.8125,137.8125,0.0,0.0,203.9453125,109.53125,281.40625,161.9677734375,0.8427504309519249
2013-04-09,4,634.1,226.796875,158.671875,158.671875,158.671875,0.0,0.0,87.2607421875,79.375,91.953125,188.6376953125,0.14414414414414414
2013-04-09,5,611.3,202.34375,143.359375,143.359375,143.359375,0.0,0.0,205.73486328125,127.265625,285.625,161.6357421875,0.7697255218407718
2013-04-09,5,634.1,251.796875,165.625,165.625,165.625,0.0,0.0,87.27294921875,78.828125,93.203125,189.66064453125,0.16471312277953395
2013-04-09,6,611.3,196.875,145.46875,145.46875,145.46875,0.0,0.0,217.03857421875,134.609375,290.0,166.9970703125,0.7159585597138326
2013-04-09,6,634.1,235.390625,169.609375,169.609375,169.609375,0.0,0.0,85.6689453125,77.109375,91.875,196.34765625,0.17235679680820748
2013-04-09,7,611.3,216.796875,156.40625,156.40625,156.40625,0.0,0.0,216.71875,128.90625,287.96875,169.07470703125,0.7339581831290555
2013-04-09,7,634.1,240.9375,175.078125,175.078125,175.078125,0.0,0.0,85.45654296875,75.703125,90.46875,196.42333984375,0.1727851898408708
2013-04-09,8,611.3,213.125,128.125,128.125,128.125,0.0,0.0,201.28173828125,118.4375,272.265625,162.021484375,0.7642428285523682
2013-04-09,8,634.1,221.875,146.796875,146.796875,146.796875,0.0,0.0,87.34130859375,80.703125,93.828125,187.36328125,0.15027253668763102
2013-04-09,9,611.3,238.4375,136.5625,136.5625,136.5625,0.0,0.0,219.77783203125,120.46875,284.0625,172.94189453125,0.7443596494151364
2013-04-09,9,634.1,250.859375,142.421875,142.421875,142.421875,0.0,0.0,84.6826171875,75.46875,90.78125,198.115234375,0.18082223375425244
2013-04-10,0,611.3,195.703125,118.046875,118.046875,118.046875,0.0,0.0,190.1904296875,73.28125,290.703125,152.9833984375,1.143179892685682
2013-04-10,0,634.1,258.28125,126.5625,126.5625,126.5625,0.0,0.0,86.083984375,61.015625,93.28125,181.42333984375,0.3748156551332955
2013-04-10,1,611.3,188.4375,108.046875,108.046875,108.046875,0.0,0.0,189.21142578125,76.71875,270.859375,152.685546875,1.0260512767577192
2013-04-10,1,634.1,245.234375,111.171875,111.171875,111.171875,0.0,0.0,87.52685546875,80.859375,92.96875,177.8076171875,0.13835039468913002
2013-04-10,2,611.3,184.765625,93.984375,93.984375,93.984375,0.0,0.0,189.658203125,78.90625,284.453125,152.17529296875,1.0837752947839967
2013-04-10,2,634.1,228.4375,97.65625,97.65625,97.65625,0.0,0.0,87.55859375,78.984375,93.671875,179.30908203125,0.16774481374079858
2013-04-10,3,611.3,205.78125,98.203125,98.203125,98.203125,0.0,0.0,191.630859375,86.40625,284.765625,156.07177734375,1.0351118585333536
2013-04-10,3,634.1,228.671875,101.40625,101.40625,101.40625,0.0,0.0,87.44140625,78.90625,93.515625,180.869140625,0.16707616707616707
2013-04-10,4,611.3,208.59375,104.921875,104.921875,104.921875,0.0,0.0,183.9990234375,89.140625,278.984375,153.6376953125,1.0317649868641032
2013-04-10,4,634.1,225.546875,109.453125,109.453125,109.453125,0.0,0.0,88.310546875,79.765625,93.984375,176.23779296875,0.16100851487338272
2013-04-10,5,611.3,188.671875,94.609375,94.609375,94.609375,0.0,0.0,190.7373046875,80.3125,291.25,153.2861328125,1.1059058444051917
2013-04-10,5,634.1,251.640625,99.609375,99.609375,99.609375,0.0,0.0,87.8076171875,77.890625,93.28125,179.4091796875,0.17527665016960461
2013-04-10,6,611.3,214.6875,110.15625,110.15625,110.15625,0.0,0.0,202.05810546875,96.09375,280.390625,162.236328125,0.9120984014595894
2013-04-10,6,634.1,251.015625,118.4375,118.4375,118.4375,0.0,0.0,85.98876953125,72.265625,91.796875,188.11279296875,0.22713721927259306
2013-04-10,7,611.3,196.171875,115.703125,115.703125,115.703125,0.0,0.0,197.119140625,113.203125,269.84375,160.13671875,0.7946494921971761
2013-04-10,7,634.1,252.1875,124.921875,124.921875,124.921875,0.0,0.0,86.10107421875,70.0,92.109375,186.88720703125,0.25678396234440126
2013-04-10,8,611.3,210.3125,104.0625,104.0625,104.0625,0.0,0.0,183.67431640625,77.65625,285.15625,151.20361328125,1.129717012481225
2013-04-10,8,634.1,228.828125,106.640625,106.640625,106.640625,0.0,0.0,88.1982421875,78.90625,95.15625,173.4326171875,0.18424403476720366
2013-04-10,9,611.3,204.6875,123.59375,123.59375,123.59375,0.0,0.0,202.8076171875,89.53125,290.546875,163.388671875,0.9911640784880221
2013-04-10,9,634.1,250.78125,129.296875,129.296875,129.296875,0.0,0.0,85.7861328125,77.8125,91.09375,187.4755859375,0.15481814559735899
2013-04-11,0,611.3,193.046875,98.4375,98.4375,98.4375,0.0,0.0,186.76513671875,69.140625,285.46875,152.998046875,1.158289650845109
2013-04-11,0,634.1,257.109375,101.171875,101.171875,101.171875,0.0,0.0,86.650390625,60.0,93.515625,177.82470703125,0.38679138960892595
2013-04-11,1,611.3,184.453125,99.21875,99.21875,99.21875,0.0,0.0,182.7783203125,70.078125,258.75,150.9423828125,1.032244276440574
2013-04-11,1,634.1,223.828125,97.890625,97.890625,97.890625,0.0,0.0,88.26171875,82.578125,93.203125,173.96484375,0.12038061518034963
2013-04-11,2,611.3,172.578125,91.25,91.25,91.25,0.0,0.0,184.2626953125,88.046875,270.3125,151.36474609375,0.9891618305641678
2013-04-11,2,634.1,220.859375,91.640625,91.640625,91.640625,0.0,0.0,88.0810546875,80.9375,94.140625,175.89599609375,0.14989744442596598
2013-04-11,3,611.3,185.3125,91.484375,91.484375,91.484375,0.0,0.0,174.1552734375,56.5625,266.25,144.5654296875,1.2040261305969102
2013-04-11,3,634.1,218.59375,87.8125,87.8125,87.8125,0.0,0.0,89.677734375,81.5625,95.3125,167.51220703125,0.15332679952085376
2013-04-11,4,611.3,180.15625,95.15625,95.15625,95.15625,0.0,0.0,184.8388671875,65.9375,284.609375,152.2900390625,1.183040549465064
2013-04-11,4,634.1,228.515625,94.453125,94.453125,94.453125,0.0,0.0,87.98828125,78.984375,93.359375,175.1220703125,0.16337402885682575
2013-04-11,5,611.3,198.75,80.859375,80.859375,80.859375,0.0,0.0,183.9697265625,58.515625,274.375,149.580078125,1.1733418265785494
2013-04-11,5,634.1,236.5625,77.96875,77.96875,77.96875,0.0,0.0,88.486328125,80.390625,94.375,172.9736328125,0.15803995144023839
2013-04-11,6,611.3,196.5625,119.609375,119.609375,119.609375,0.0,0.0,198.447265625,74.765625,271.875,160.0439453125,0.9932582057969588
2013-04-11,6,634.1,225.625,124.53125,124.53125,124.53125,0.0,0.0,86.7333984375,80.78125,93.359375,183.828125,0.14502054833079997
2013-04-11,7,611.3,216.328125,106.015625,106.015625,106.015625,0.0,0.0,199.6533203125,85.546875,286.40625,160.1708984375,1.0060407444544988
2013-04-11,7,634.1,248.28125,113.671875,113.671875,113.671875,0.0,0.0,86.11328125,76.40625,92.34375,186.04736328125,0.1850759809480608
2013-04-11,8,611.3,208.28125,96.328125,96.328125,96.328125,0.0,0.0,178.2763671875,63.125,253.90625,152.34619140625,1.070143244501657
2013-04-11,8,634.1,217.8125,91.796875,91.796875,91.796875,0.0,0.0,88.7744140625,83.28125,93.59375,171.13037109375,0.11616522743523458
2013-04-11,9,611.3,200.9375,114.921875,114.921875,114.921875,0.0,0.0,194.20654296875,80.0,290.703125,158.63525390625,1.084943492526431
2013-04-11,9,634.1,250.78125,117.03125,117.03125,117.03125,0.0,0.0,86.9189453125,77.8125,91.5625,181.3916015625,0.15819335992359979
2013-04-12,0,611.3,194.375,141.484375,141.484375,141.484375,0.0,0.0,194.70458984375,104.0625,285.234375,156.20361328125,0.9304961693270304
2013-04-12,0,634.1,257.734375,147.109375,147.109375,147.109375,0.0,0.0,86.2744140625,58.75,92.5,185.1416015625,0.39119361593751767
2013-04-12,1,611.3,187.109375,118.203125,118.203125,118.203125,0.0,0.0,189.70947265625,97.1875,282.890625,153.84521484375,0.9788816678463419
2013-04-12,1,634.1,232.5,123.203125,123.203125,123.203125,0.0,0.0,87.90771484375,79.21875,92.03125,179.2431640625,0.14574943760935374
2013-04-12,2,611.3,178.671875,108.359375,108.359375,108.359375,0.0,0.0,192.80517578125,92.265625,281.796875,155.654296875,0.9830195129981133
2013-04-12,2,634.1,227.03125,113.984375,113.984375,113.984375,0.0,0.0,87.568359375,79.375,92.5,181.884765625,0.14988290398126464
2013-04-12,3,611.3,186.171875,98.984375,98.984375,98.984375,0.0,0.0,176.84326171875,87.421875,264.765625,147.5048828125,1.0028301235590529
2013-04-12,3,634.1,217.8125,104.53125,104.53125,104.53125,0.0,0.0,89.80224609375,81.796875,94.609375,171.68212890625,0.14267460511649402
2013-04-12,4,611.3,239.53125,103.671875,103.671875,103.671875,0.0,0.0,200.82763671875,100.78125,288.90625,160.5810546875,0.9367485624673288
2013-04-12,4,634.1,233.90625,106.71875,106.71875,106.71875,0.0,0.0,86.474609375,77.5,92.03125,186.0205078125,0.16804065499717674
2013-04-12,5,611.3,188.359375,102.8125,102.8125,102.8125,0.0,0.0,191.52587890625,101.40625,273.671875,154.16259765625,0.8994378513429107
2013-04-12,5,634.1,233.28125,111.953125,111.953125,111.953125,0.0,0.0,88.31787109375,80.546875,93.828125,180.42724609375,0.15038009675190048
2013-04-12,6,611.3,222.265625,137.109375,137.109375,137.109375,0.0,0.0,209.85107421875,132.8125,286.71875,171.00830078125,0.7334070152987028
2013-04-12,6,634.1,229.6875,142.5,142.5,142.5,0.0,0.0,85.71533203125,78.671875,90.859375,193.2421875,0.14218576433393146
2013-04-12,7,611.3,212.890625,104.0625,104.0625,104.0625,0.0,0.0,204.03564453125,109.453125,288.828125,161.0595703125,0.8791356059971522
2013-04-12,7,634.1,243.828125,115.15625,115.15625,115.15625,0.0,0.0,86.1767578125,77.5,93.4375,187.9638671875,0.18493965663776984
2013-04-12,8,611.3,199.765625,102.734375,102.734375,102.734375,0.0,0.0,187.2607421875,82.96875,265.078125,154.75830078125,0.972490938958567
2013-04-12,8,634.1,219.609375,108.515625,108.515625,108.515625,0.0,0.0,88.01025390625,81.71875,93.4375,177.32421875,0.13315209853255291
2013-04-12,9,611.3,203.59375,120.546875,120.546875,120.546875,0.0,0.0,207.7880859375,105.390625,287.1875,164.55322265625,0.8749148161203149
2013-04-12,9,634.1,248.984375,126.25,126.25,126.25,0.0,0.0,85.4541015625,77.265625,91.875,190.4150390625,0.17096165933375235
2013-04-13,0,611.3,194.6875,115.546875,115.546875,115.546875,0.0,0.0,191.66015625,94.296875,278.984375,159.6435546875,0.9636196881687558
2013-04-13,0,634.1,257.8125,122.421875,122.421875,122.421875,0.0,0.0,86.14501953125,60.15625,92.734375,184.248046875,0.3781776959047754
2013-04-13,1,611.3,181.796875,120.9375,120.9375,120.9375,0.0,0.0,192.65625,83.828125,281.71875,158.5986328125,1.0271695052716951
2013-04-13,1,634.1,242.109375,124.140625,124.140625,124.140625,0.0,0.0,87.37060546875,79.375,93.671875,181.88720703125,0.1636348394668455
2013-04-13,2,611.3,200.15625,118.75,118.75,118.75,0.0,0.0,195.9228515625,99.921875,270.390625,160.703125,0.8700809968847352
2013-04-13,2,634.1,220.859375,119.0625,119.0625,119.0625,0.0,0.0,86.85546875,80.9375,91.640625,184.17236328125,0.12322914324263548
2013-04-13,3,611.3,179.53125,108.515625,108.515625,108.515625,0.0,0.0,180.23681640625,88.125,283.28125,150.43212890625,1.0827768371147986
2013-04-13,3,634.1,227.8125,115.546875,115.546875,115.546875,0.0,0.0,89.2919921875,79.140625,95.546875,173.92578125,0.18373708098649313
2013-04-13,4,611.3,215.390625,131.484375,131.484375,131.484375,0.0,0.0,204.16259765625,124.6875,283.203125,171.25732421875,0.7764185351270553
2013-04-13,4,634.1,227.8125,135.3125,135.3125,135.3125,0.0,0.0,85.60302734375,79.140625,92.578125,190.51513671875,0.15697458859766705
2013-04-13,5,611.3,173.4375,101.171875,101.171875,101.171875,0.0,0.0,182.63427734375,75.546875,271.40625,153.10791015625,1.0724130094777227
2013-04-13,5,634.1,233.359375,104.21875,104.21875,104.21875,0.0,0.0,88.89892578125,80.859375,92.578125,175.40283203125,0.1318210529206602
2013-04-13,6,611.3,213.359375,122.109375,122.109375,122.109375,0.0,0.0,197.32177734375,100.703125,261.09375,164.65576171875,0.8128379297972111
2013-04-13,6,634.1,222.03125,128.90625,128.90625,128.90625,0.0,0.0,87.216796875,82.265625,91.015625,185.42236328125,0.10032471167842347
2013-04-13,7,611.3,215.390625,156.484375,156.484375,156.484375,0.0,0.0,211.85302734375,129.921875,283.75,170.7373046875,0.7261077499279747
2013-04-13,7,634.1,236.875,162.5,162.5,162.5,0.0,0.0,84.9951171875,76.71875,91.953125,194.9951171875,0.17923823749066467
2013-04-13,8,611.3,230.859375,121.09375,121.09375,121.09375,0.0,0.0,198.59130859375,109.0625,255.625,170.33203125,0.7380106462756476
2013-04-13,8,634.1,219.921875,119.6875,119.6875,119.6875,0.0,0.0,86.23046875,81.796875,92.03125,186.513671875,0.1186862967157418
2013-04-13,9,611.3,223.28125,135.546875,135.546875,135.546875,0.0,0.0,213.44970703125,112.65625,284.921875,172.62939453125,0.8070548673781011
2013-04-13,9,634.1,251.40625,134.296875,134.296875,134.296875,0.0,0.0,84.599609375,78.90625,92.578125,194.5849609375,0.16160683366039477
2013-04-14,0,611.3,206.640625,130.703125,130.703125,130.703125,0.0,0.0,194.77294921875,89.609375,276.796875,162.98583984375,0.9610549142004788
2013-04-14,0,634.1,258.125,136.015625,136.015625,136.015625,0.0,0.0,85.23681640625,57.96875,92.8125,187.56591796875,0.4087875576432847
2013-04-14,1,611.3,182.734375,113.828125,113.828125,113.828125,0.0,0.0,198.60107421875,109.140625,281.40625,160.8984375,0.8673952327682644
2013-04-14,1,634.1,238.984375,117.8125,117.8125,117.8125,0.0,0.0,86.2353515625,76.171875,92.5,186.7333984375,0.1893437517694355
2013-04-14,2,611.3,188.59375,144.140625,144.140625,144.140625,0.0,0.0,187.46337890625,96.5625,280.234375,158.87451171875,0.9797746955785636
2013-04-14,2,634.1,226.171875,139.21875,139.21875,139.21875,0.0,0.0,87.9443359375,79.53125,94.6875,179.91943359375,0.1723391260896119
2013-04-14,3,611.3,187.890625,92.578125,92.578125,92.578125,0.0,0.0,180.244140625,81.09375,263.984375,152.1875,1.0146827761824782
2013-04-14,3,634.1,217.421875,94.21875,94.21875,94.21875,0.0,0.0,89.07958984375,81.875,95.859375,175.40771484375,0.15698742017704936
2013-04-14,4,611.3,228.671875,121.328125,121.328125,121.328125,0.0,0.0,200.4248046875,109.140625,277.734375,167.8271484375,0.8411820595902259
2013-04-14,4,634.1,226.5625,127.03125,127.03125,127.03125,0.0,0.0,86.0986328125,78.359375,91.25,187.9345703125,0.14971927635683094
2013-04-14,5,611.3,181.09375,103.90625,103.90625,103.90625,0.0,0.0,185.88134765625,76.328125,268.59375,151.01318359375,1.0343459815858256
2013-04-14,5,634.1,243.203125,110.859375,110.859375,110.859375,0.0,0.0,88.4619140625,81.25,94.84375,176.50146484375,0.15366782579897334
2013-04-14,6,611.3,227.109375,136.25,136.25,136.25,0.0,0.0,214.67041015625,107.890625,285.15625,176.34033203125,0.8257571449692366
2013-04-14,6,634.1,236.09375,139.296875,139.296875,139.296875,0.0,0.0,84.6875,76.953125,92.03125,194.970703125,0.17804428044280443
2013-04-14,7,611.3,203.75,155.3125,155.3125,155.3125,0.0,0.0,214.208984375,125.3125,288.28125,170.61767578125,0.760793252792341
2013-04-14,7,634.1,241.953125,156.5625,156.5625,156.5625,0.0,0.0,84.47265625,77.421875,90.390625,196.005859375,0.15352601156069365
2013-04-14,8,611.3,202.890625,128.515625,128.515625,128.515625,0.0,0.0,194.9853515625,112.03125,275.0,166.15478515625,0.8357999649412766
2013-04-14,8,634.1,223.359375,126.953125,126.953125,126.953125,0.0,0.0,86.73583984375,80.3125,92.65625,184.74853515625,0.14231429616911082
2013-04-14,9,611.3,242.96875,138.984375,138.984375,138.984375,0.0,0.0,209.74365234375,101.71875,284.375,171.6064453125,0.8708547217469241
2013-04-14,9,634.1,239.296875,138.59375,138.59375,138.59375,0.0,0.0,84.94873046875,76.09375,89.453125,192.470703125,0.1572639747090099
2013-04-15,0,611.3,195.234375,124.765625,124.765625,124.765625,0.0,0.0,207.86376953125,114.921875,286.5625,163.388671875,0.8257361318283788
2013-04-15,0,634.1,258.046875,130.3125,130.3125,130.3125,0.0,0.0,85.361328125,57.96875,92.578125,194.7607421875,0.4054456011897952
2013-04-15,1,611.3,182.890625,119.921875,119.921875,119.921875,0.0,0.0,201.08642578125,106.25,281.40625,159.38720703125,0.8710495963091118
2013-04-15,1,634.1,241.25,130.3125,130.3125,130.3125,0.0,0.0,87.5732421875,79.375,92.65625,186.9384765625,0.15165876777251186
2013-04-15,2,611.3,198.828125,131.953125,131.953125,131.953125,0.0,0.0,202.31689453125,111.953125,270.78125,164.2236328125,0.7850462778602373
2013-04-15,2,634.1,221.09375,131.953125,131.953125,131.953125,0.0,0.0,87.3583984375,80.9375,91.484375,188.0078125,0.12073109384606785
2013-04-15,3,611.3,172.421875,103.828125,103.828125,103.828125,0.0,0.0,194.07470703125,93.984375,265.234375,158.0517578125,0.8823921603160026
2013-04-15,3,634.1,218.125,112.03125,112.03125,112.03125,0.0,0.0,88.43994140625,81.71875,93.671875,183.1787109375,0.1351552795031056
2013-04-15,4,611.3,187.109375,120.546875,120.546875,120.546875,0.0,0.0,205.04150390625,119.296875,269.765625,163.8232421875,0.7338453295231291
2013-04-15,4,634.1,220.546875,131.953125,131.953125,131.953125,0.0,0.0,86.93359375,81.09375,91.328125,189.61669921875,0.11772635362839812
2013-04-15,5,611.3,193.359375,112.34375,112.34375,112.34375,0.0,0.0,201.6796875,96.796875,282.5,159.2041015625,0.9207824907999225
2013-04-15,5,634.1,248.59375,119.453125,119.453125,119.453125,0.0,0.0,87.7294921875,79.21875,93.046875,187.01171875,0.15762230756386708
2013-04-15,6,611.3,215.78125,141.09375,141.09375,141.09375,0.0,0.0,222.919921875,130.703125,288.28125,174.66552734375,0.7068822009024401
2013-04-15,6,634.1,237.1875,151.875,151.875,151.875,0.0,0.0,84.7509765625,76.71875,88.828125,199.37744140625,0.14288183441839028
2013-04-15,7,611.3,209.140625,151.640625,151.640625,151.640625,0.0,0.0,224.66064453125,131.25,286.71875,172.568359375,0.6920159528803208
2013-04-15,7,634.1,250.859375,157.65625,157.65625,157.65625,0.0,0.0,84.2236328125,75.703125,92.03125,201.24755859375,0.193866311090498
2013-04-15,8,611.3,202.578125,116.328125,116.328125,116.328125,0.0,0.0,208.84765625,116.015625,286.25,166.97265625,0.8151126905452165
2013-04-15,8,634.1,229.453125,121.015625,121.015625,121.015625,0.0,0.0,86.474609375,78.671875,92.734375,191.513671875,0.16261998870694522
2013-04-15,9,611.3,205.625,139.140625,139.140625,139.140625,0.0,0.0,218.486328125,118.75,288.203125,171.77490234375,0.7755777052697448
2013-04-15,9,634.1,251.09375,144.21875,144.21875,144.21875,0.0,0.0,84.73388671875,73.046875,91.171875,198.44970703125,0.21390497594145275
2013-04-16,0,611.3,198.828125,150.46875,150.46875,150.46875,0.0,0.0,218.7158203125,136.5625,290.078125,171.2255859375,0.7018953854396892
2013-04-16,0,634.1,259.6875,168.515625,168.515625,168.515625,0.0,0.0,84.3896484375,54.609375,90.78125,201.69189453125,0.4286292888966036
2013-04-16,1,611.3,201.484375,138.046875,138.046875,138.046875,0.0,0.0,215.615234375,161.875,284.296875,169.3359375,0.5677793378323294
2013-04-16,1,634.1,228.359375,166.953125,166.953125,166.953125,0.0,0.0,86.962890625,78.984375,93.359375,194.08203125,0.16530039303761931
2013-04-16,2,611.3,207.421875,118.28125,118.28125,118.28125,0.0,0.0,214.61181640625,138.59375,287.421875,167.49755859375,0.6934759114953644
2013-04-16,2,634.1,230.078125,138.671875,138.671875,138.671875,0.0,0.0,87.0703125,78.515625,92.8125,193.58154296875,0.1641991924629879
2013-04-16,3,611.3,182.34375,128.046875,128.046875,128.046875,0.0,0.0,204.81201171875,120.390625,278.203125,159.24560546875,0.7705236556960818
2013-04-16,3,634.1,225.078125,145.3125,145.3125,145.3125,0.0,0.0,88.47900390625,79.84375,93.828125,188.02978515625,0.15805303385668165
2013-04-16,4,611.3,203.125,128.515625,128.515625,128.515625,0.0,0.0,221.220703125,135.9375,286.640625,170.07568359375,0.6812342736061449
2013-04-16,4,634.1,229.6875,145.3125,145.3125,145.3125,0.0,0.0,86.2255859375,78.671875,91.953125,196.88720703125,0.15402910697094965
2013-04-16,5,611.3,196.015625,129.84375,129.84375,129.84375,0.0,0.0,216.8701171875,131.25,288.28125,165.6103515625,0.7240797028031071
2013-04-16,5,634.1,246.875,150.078125,150.078125,150.078125,0.0,0.0,86.58203125,74.140625,92.265625,195.7275390625,0.20933904804872547
2013-04-16,6,611.3,207.1875,146.953125,146.953125,146.953125,0.0,0.0,229.3115234375,159.921875,278.59375,173.8623046875,0.5175137874496945
2013-04-16,6,634.1,250.703125,169.765625,169.765625,169.765625,0.0,0.0,84.87060546875,73.046875,91.328125,202.65869140625,0.21540143255760436
2013-04-16,7,611.3,195.3125,141.171875,141.171875,141.171875,0.0,0.0,227.70263671875,178.203125,288.671875,174.3017578125,0.4851447993395306
2013-04-16,7,634.1,243.59375,159.21875,159.21875,159.21875,0.0,0.0,85.400390625,77.5,89.921875,200.390625,0.14545454545454545
2013-04-16,8,611.3,189.375,131.5625,131.5625,131.5625,0.0,0.0,214.1650390625,135.15625,267.5,165.44677734375,0.6179521670732542
2013-04-16,8,634.1,223.28125,150.78125,150.78125,150.78125,0.0,0.0,87.20703125,81.40625,92.8125,193.1396484375,0.13079507278835387
2013-04-16,9,611.3,198.671875,123.828125,123.828125,123.828125,0.0,0.0,226.58203125,138.203125,291.40625,168.9013671875,0.6761486078786312
2013-04-16,9,634.1,251.484375,140.625,140.625,140.625,0.0,0.0,85.2197265625,76.09375,91.875,200.45654296875,0.18518306308371055
2013-04-17,0,611.3,207.03125,134.21875,134.21875,134.21875,0.0,0.0,207.744140625,105.9375,289.6875,163.85986328125,0.8845014807502468
2013-04-17,0,634.1,257.65625,140.546875,140.546875,140.546875,0.0,0.0,84.47021484375,58.90625,92.109375,193.4912109375,0.39307494436255386
2013-04-17,1,611.3,191.09375,108.75,108.75,108.75,0.0,0.0,197.49755859375,90.546875,289.296875,159.189453125,1.0063415538661227
2013-04-17,1,634.1,241.40625,117.5,117.5,117.5,0.0,0.0,87.10693359375,78.28125,92.34375,184.00634765625,0.16143950222820147
2013-04-17,2,611.3,192.5,124.21875,124.21875,124.21875,0.0,0.0,185.33935546875,95.234375,261.71875,153.60107421875,0.8982677995126128
2013-04-17,2,634.1,227.421875,137.96875,137.96875,137.96875,0.0,0.0,88.876953125,82.1875,92.734375,177.87353515625,0.11866827821118558
2013-04-17,3,611.3,187.96875,101.40625,101.40625,101.40625,0.0,0.0,192.52197265625,92.65625,287.65625,154.6435546875,1.012871400129348
2013-04-17,3,634.1,230.234375,113.359375,113.359375,113.359375,0.0,0.0,88.07373046875,78.515625,93.4375,180.99365234375,0.16942480942480942
2013-04-17,4,611.3,188.4375,106.25,106.25,106.25,0.0,0.0,196.09375,91.484375,276.25,158.8134765625,0.9422310756972112
2013-04-17,4,634.1,224.0625,116.015625,116.015625,116.015625,0.0,0.0,87.24853515625,80.15625,92.34375,183.6962890625,0.13968715896689704
2013-04-17,5,611.3,178.359375,107.96875,107.96875,107.96875,0.0,0.0,193.57421875,97.265625,269.609375,152.70751953125,0.8903238825547372
2013-04-17,5,634.1,249.921875,123.828125,123.828125,123.828125,0.0,0.0,88.1787109375,81.09375,94.21875,181.6455078125,0.14884545102165125
2013-04-17,6,611.3,201.171875,118.828125,118.828125,118.828125,0.0,0.0,216.6259765625,126.5625,286.40625,168.564453125,0.7378789586385665
2013-04-17,6,634.1,251.5625,129.84375,129.84375,129.84375,0.0,0.0,85.00732421875,76.171875,92.421875,196.68701171875,0.19115999885120194
2013-04-17,7,611.3,196.25,115.9375,115.9375,115.9375,0.0,0.0,203.1640625,109.53125,279.921875,161.8408203125,0.8386848682945588
2013-04-17,7,634.1,245.78125,124.375,124.375,124.375,0.0,0.0,86.31591796875,74.375,91.328125,188.5107421875,0.1964078631028143
2013-04-17,8,611.3,208.359375,125.859375,125.859375,125.859375,0.0,0.0,195.3271484375,103.203125,268.984375,157.6416015625,0.848736344774142
2013-04-17,8,634.1,220.15625,142.8125,142.8125,142.8125,0.0,0.0,87.57080078125,81.171875,93.203125,183.12255859375,0.13738883158158857
2013-04-17,9,611.3,237.1875,113.90625,113.90625,113.90625,0.0,0.0,223.66455078125,101.640625,288.671875,171.97265625,0.8362132011832382
2013-04-17,9,634.1,253.203125,120.078125,120.078125,120.078125,0.0,0.0,83.671875,75.46875,90.234375,199.91943359375,0.17647058823529413
2013-04-18,0,611.3,194.6875,117.265625,117.265625,117.265625,0.0,0.0,199.90478515625,81.640625,288.828125,160.72265625,1.036430918039594
2013-04-18,0,634.1,257.734375,133.046875,133.046875,133.046875,0.0,0.0,85.6591796875,60.0,92.8125,188.16650390625,0.3830587698797241
2013-04-18,1,611.3,201.484375,130.703125,130.703125,130.703125,0.0,0.0,192.91015625,79.53125,257.96875,159.6435546875,0.924977219803584
2013-04-18,1,634.1,241.484375,143.125,143.125,143.125,0.0,0.0,87.71728515625,82.734375,92.65625,181.6943359375,0.11311197083136185
2013-04-18,2,611.3,193.59375,115.390625,115.390625,115.390625,0.0,0.0,191.1328125,106.796875,255.390625,157.20458984375,0.7774371551195586
2013-04-18,2,634.1,228.203125,128.125,128.125,128.125,0.0,0.0,88.21533203125,82.890625,92.265625,181.40869140625,0.10627404311847895
2013-04-18,3,611.3,178.828125,119.84375,119.84375,119.84375,0.0,0.0,189.49951171875,104.0625,278.90625,155.48583984375,0.9226606887488888
2013-04-18,3,634.1,225.46875,135.390625,135.390625,135.390625,0.0,0.0,88.46923828125,79.765625,95.703125,180.19775390625,0.18014736319231725
2013-04-18,4,611.3,185.15625,117.1875,117.1875,117.1875,0.0,0.0,197.734375,125.859375,262.8125,161.89453125,0.6926116159620703
2013-04-18,4,634.1,216.796875,132.34375,132.34375,132.34375,0.0,0.0,87.21435546875,82.03125,92.65625,186.3427734375,0.12182627438904907
2013-04-18,5,611.3,179.609375,125.078125,125.078125,125.078125,0.0,0.0,195.37353515625,103.515625,279.140625,155.75927734375,0.8989190877850671
2013-04-18,5,634.1,251.015625,141.71875,141.71875,141.71875,0.0,0.0,87.79052734375,79.765625,93.90625,183.35205078125,0.16107233237854224
2013-04-18,6,611.3,188.125,145.3125,145.3125,145.3125,0.0,0.0,212.9296875,133.359375,277.34375,168.2080078125,0.6762062006971198
2013-04-18,6,634.1,251.171875,161.40625,161.40625,161.40625,0.0,0.0,85.439453125,75.78125,90.15625,195.01708984375,0.1682477997485427
2013-04-18,7,611.3,202.96875,156.5625,156.5625,156.5625,0.0,0.0,209.02587890625,125.46875,284.6875,165.0439453125,0.7617178831306867
2013-04-18,7,634.1,249.765625,172.5,172.5,172.5,0.0,0.0,85.67138671875,73.359375,91.640625,193.2666015625,0.21338804821749166
2013-04-18,8,611.3,196.25,114.375,114.375,114.375,0.0,0.0,195.5078125,115.390625,267.109375,160.12451171875,0.776023976023976
2013-04-18,8,634.1,225.15625,130.15625,130.15625,130.15625,0.0,0.0,87.54150390625,81.40625,91.71875,183.8525390625,0.11780126614050256
2013-04-18,9,611.3,203.828125,129.84375,129.84375,129.84375,0.0,0.0,204.9560546875,105.859375,270.390625,164.23828125,0.8027635497319833
2013-04-18,9,634.1,247.03125,143.125,143.125,143.125,0.0,0.0,86.3037109375,80.9375,91.09375,188.81103515625,0.11768033946251769
2013-04-19,0,611.3,197.578125,124.609375,124.609375,124.609375,0.0,0.0,189.19189453125,72.65625,291.09375,154.8583984375,1.1545817041539235
2013-04-19,0,634.1,259.0625,133.515625,133.515625,133.515625,0.0,0.0,86.6064453125,55.78125,93.359375,181.35498046875,0.4338952472233185
2013-04-19,1,611.3,204.921875,115.625,115.625,115.625,0.0,0.0,198.7890625,83.90625,291.09375,159.04541015625,1.0422479858518372
2013-04-19,1,634.1,236.40625,131.015625,131.015625,131.015625,0.0,0.0,86.572265625,76.875,91.09375,184.4580078125,0.16424139875916527
2013-04-19,2,611.3,188.90625,131.40625,131.40625,131.40625,0.0,0.0,196.92138671875,88.75,283.90625,157.92236328125,0.991036338164371
2013-04-19,2,634.1,228.203125,146.09375,146.09375,146.09375,0.0,0.0,86.9970703125,79.0625,93.59375,183.41064453125,0.16703148678228658
2013-04-19,3,611.3,207.734375,133.90625,133.90625,133.90625,0.0,0.0,194.50439453125,84.375,290.625,157.1484375,1.0603873526716792
2013-04-19,3,634.1,234.53125,156.015625,156.015625,156.015625,0.0,0.0,87.46826171875,77.34375,94.0625,182.76123046875,0.19114075976219053
2013-04-19,4,611.3,226.40625,125.0,125.0,125.0,0.0,0.0,202.275390625,86.484375,287.5,163.00048828125,0.9937720272292763
2013-04-19,4,634.1,236.484375,135.625,135.625,135.625,0.0,0.0,86.11083984375,76.875,92.03125,186.6455078125,0.17600861897876444
2013-04-19,5,611.3,182.109375,125.625,125.625,125.625,0.0,0.0,195.5517578125,71.953125,289.765625,153.99169921875,1.1138355514494744
2013-04-19,5,634.1,252.1875,136.40625,136.40625,136.40625,0.0,0.0,87.1337890625,76.328125,93.28125,182.51220703125,0.19456430372653405
2013-04-19,6,611.3,221.171875,130.15625,130.15625,130.15625,0.0,0.0,211.064453125,82.03125,290.859375,164.9072265625,0.9894045250543654
2013-04-19,6,634.1,244.6875,142.734375,142.734375,142.734375,0.0,0.0,85.17333984375,74.6875,92.8125,192.60009765625,0.21280133000831256
2013-04-19,7,611.3,194.296875,141.015625,141.015625,141.015625,0.0,0.0,204.69482421875,98.59375,284.453125,164.28955078125,0.9079827773338263
2013-04-19,7,634.1,243.515625,151.25,151.25,151.25,0.0,0.0,86.07177734375,75.0,91.328125,189.12841796875,0.18970358814352575
2013-04-19,8,611.3,216.171875,141.71875,141.71875,141.71875,0.0,0.0,197.4462890625,84.84375,257.734375,163.1884765625,0.8756337018077504
2013-04-19,8,634.1,214.0625,157.421875,157.421875,157.421875,0.0,0.0,86.884765625,82.734375,91.25,184.9609375,0.09801056535910982
2013-04-19,9,611.3,223.359375,128.984375,128.984375,128.984375,0.0,0.0,212.5439453125,85.625,287.65625,169.3408203125,0.9505387213122286
2013-04-19,9,634.1,244.765625,137.5,137.5,137.5,0.0,0.0,84.90234375,77.34375,91.015625,192.8271484375,0.1610305958132045
2013-04-20,0,611.3,202.578125,156.328125,156.328125,156.328125,0.0,0.0,242.5732421875,122.5,290.46875,177.3095703125,0.6924455001107107
2013-04-20,0,634.1,260.625,176.09375,176.09375,176.09375,0.0,0.0,82.22412109375,52.5,93.203125,212.734375,0.4950265744232311
2013-04-20,1,611.3,218.75,151.5625,151.5625,151.5625,0.0,0.0,255.37841796875,203.359375,290.859375,181.35009765625,0.3426287964972324
2013-04-20,1,634.1,253.125,173.046875,173.046875,173.046875,0.0,0.0,79.98779296875,68.125,90.3125,221.88720703125,0.2773860757561884
2013-04-20,2,611.3,206.015625,146.640625,146.640625,146.640625,0.0,0.0,245.95947265625,197.03125,291.09375,177.57568359375,0.38243088987046503
2013-04-20,2,634.1,250.9375,170.859375,170.859375,170.859375,0.0,0.0,83.671875,76.875,91.015625,209.0087890625,0.16900093370681607
2013-04-20,3,611.3,215.546875,135.625,135.625,135.625,0.0,0.0,252.18505859375,174.140625,288.046875,177.09228515625,0.4516772351033448
2013-04-20,3,634.1,245.234375,165.859375,165.859375,165.859375,0.0,0.0,82.48779296875,73.28125,94.21875,213.8427734375,0.2538254358185101
2013-04-20,4,611.3,222.734375,156.09375,156.09375,156.09375,0.0,0.0,242.47802734375,185.46875,288.125,177.373046875,0.4233631027295885
2013-04-20,4,634.1,230.46875,175.625,175.625,175.625,0.0,0.0,84.26025390625,78.4375,92.734375,206.83349609375,0.16967519485411295
2013-04-20,5,611.3,217.265625,141.796875,141.796875,141.796875,0.0,0.0,243.18603515625,173.125,289.21875,175.95703125,0.47738658153379715
2013-04-20,5,634.1,251.171875,168.671875,168.671875,168.671875,0.0,0.0,83.8916015625,75.15625,94.375,208.4423828125,0.2290902741400384
2013-04-20,6,611.3,223.28125,146.171875,146.171875,146.171875,0.0,0.0,259.3017578125,200.859375,287.34375,180.67626953125,0.3335279163920535
2013-04-20,6,634.1,251.640625,170.625,170.625,170.625,0.0,0.0,81.0986328125,74.609375,90.625,218.9599609375,0.1974832921909808
2013-04-20,7,611.3,211.796875,159.84375,159.84375,159.84375,0.0,0.0,254.3896484375,206.25,290.9375,177.3095703125,0.3329046622775869
2013-04-20,7,634.1,251.328125,187.890625,182.86201174249993,187.890625,5.028613257500069,0.0,82.30712890625,73.828125,89.6875,214.62890625,0.19268531427045946
2013-04-20,8,611.3,207.421875,138.59375,138.59375,138.59375,0.0,0.0,240.46875,179.53125,291.171875,175.71044921875,0.46426250812215725
2013-04-20,8,634.1,232.109375,167.1875,167.1875,167.1875,0.0,0.0,84.4873046875,77.96875,93.515625,205.86181640625,0.18401433277466336
2013-04-20,9,611.3,241.953125,142.5,142.5,142.5,0.0,0.0,250.4296875,198.90625,285.546875,186.30615234375,0.3459678677273436
2013-04-20,9,634.1,254.140625,168.90625,168.90625,168.90625,0.0,0.0,80.4345703125,66.09375,90.859375,219.68994140625,0.30789777211194075
2013-04-21,0,611.3,199.6875,151.171875,151.171875,151.171875,0.0,0.0,197.50732421875,92.1875,278.984375,164.13330078125,0.9457718884040593
2013-04-21,0,634.1,260.0,172.890625,172.890625,172.890625,0.0,0.0,84.2236328125,53.828125,91.5625,191.53564453125,0.4480259725201461
2013-04-21,1,611.3,191.328125,115.234375,115.234375,115.234375,0.0,0.0,205.8935546875,99.609375,286.40625,163.837890625,0.9072497450613038
2013-04-21,1,634.1,245.234375,126.40625,126.40625,126.40625,0.0,0.0,85.35888671875,74.53125,91.09375,190.98388671875,0.1940336927609187
2013-04-21,2,611.3,207.34375,139.84375,139.84375,139.84375,0.0,0.0,209.42626953125,129.453125,261.875,174.25048828125,0.6323078537205209
2013-04-21,2,634.1,236.796875,150.15625,150.15625,150.15625,0.0,0.0,85.302734375,81.796875,92.890625,193.56201171875,0.13005151688609043
2013-04-21,3,611.3,221.640625,125.3125,125.3125,125.3125,0.0,0.0,199.04296875,97.65625,277.265625,164.31640625,0.9023648317142576
2013-04-21,3,634.1,224.609375,138.75,138.75,138.75,0.0,0.0,86.91162109375,80.0,92.421875,186.513671875,0.1429253630719964
2013-04-21,4,611.3,236.015625,132.03125,132.03125,132.03125,0.0,0.0,213.98193359375,116.484375,284.21875,175.0830078125,0.7838716670279644
2013-04-21,4,634.1,236.640625,139.296875,139.296875,139.296875,0.0,0.0,84.6044921875,76.796875,90.9375,195.90576171875,0.1671379927281122
2013-04-21,5,611.3,195.234375,116.640625,116.640625,116.640625,0.0,0.0,196.4892578125,110.3125,288.28125,157.8369140625,0.9057428990333242
2013-04-21,5,634.1,251.71875,128.359375,128.359375,128.359375,0.0,0.0,87.30224609375,78.4375,95.390625,184.66552734375,0.19418887552783914
2013-04-21,6,611.3,229.921875,141.71875,141.71875,141.71875,0.0,0.0,228.4423828125,129.765625,291.328125,177.822265625,0.7072352249652667
2013-04-21,6,634.1,248.4375,154.84375,154.84375,154.84375,0.0,0.0,82.86376953125,74.453125,93.359375,204.49462890625,0.22816063168439352
2013-04-21,7,611.3,203.984375,138.28125,138.28125,138.28125,0.0,0.0,219.72412109375,138.828125,285.078125,177.1142578125,0.6656073956377293
2013-04-21,7,634.1,251.953125,148.28125,148.28125,148.28125,0.0,0.0,83.43994140625,74.375,90.46875,201.8603515625,0.19287825145565732
2013-04-21,8,611.3,211.875,121.796875,121.796875,121.796875,0.0,0.0,202.55859375,76.5625,277.421875,162.373046875,0.9916112236042812
2013-04-21,8,634.1,242.34375,126.25,126.25,126.25,0.0,0.0,86.27197265625,79.921875,92.96875,186.32568359375,0.1512295893822339
2013-04-21,9,611.3,236.953125,151.5625,151.5625,151.5625,0.0,0.0,222.9931640625,98.75,290.9375,177.431640625,0.8618537738947645
2013-04-21,9,634.1,253.28125,165.078125,165.078125,165.078125,0.0,0.0,83.1298828125,72.265625,91.171875,200.7275390625,0.2274302496328928
2013-04-22,0,611.3,205.625,129.6875,129.6875,129.6875,0.0,0.0,203.5595703125,83.046875,290.234375,160.85205078125,1.0178224471683177
2013-04-22,0,634.1,258.59375,130.0,130.0,130.0,0.0,0.0,84.9365234375,56.875,91.875,191.328125,0.41207243460764587
2013-04-22,1,611.3,187.265625,104.765625,104.765625,104.765625,0.0,0.0,209.6240234375,91.25,288.203125,159.9755859375,0.9395541683166011
2013-04-22,1,634.1,246.015625,110.078125,110.078125,110.078125,0.0,0.0,85.80322265625,78.4375,91.484375,189.9365234375,0.1520557689571774
2013-04-22,2,611.3,212.109375,129.921875,129.921875,129.921875,0.0,0.0,211.89697265625,94.6875,287.734375,166.2158203125,0.9110412130010485
2013-04-22,2,634.1,237.34375,126.25,126.25,126.25,0.0,0.0,85.26123046875,76.640625,90.390625,192.8515625,0.16126907768519314
2013-04-22,3,611.3,177.1875,107.578125,107.578125,107.578125,0.0,0.0,199.5751953125,82.421875,290.546875,159.1650390625,1.0428400166368996
2013-04-22,3,634.1,231.796875,111.328125,111.328125,111.328125,0.0,0.0,87.17041015625,78.125,93.046875,185.263671875,0.17118050693180226
2013-04-22,4,611.3,215.3125,94.140625,94.140625,94.140625,0.0,0.0,205.3271484375,96.328125,279.296875,163.78662109375,0.8911084159710827
2013-04-22,4,634.1,225.625,97.578125,97.578125,97.578125,0.0,0.0,86.298828125,79.6875,92.734375,188.154296875,0.15118252800724227
2013-04-22,5,611.3,182.1875,101.015625,101.015625,101.015625,0.0,0.0,205.76904296875,81.5625,290.234375,158.9599609375,1.0141072339617716
2013-04-22,5,634.1,251.875,102.34375,102.34375,102.34375,0.0,0.0,86.45751953125,77.734375,92.8125,187.44140625,0.17439923192048118
2013-04-22,6,611.3,211.40625,113.203125,113.203125,113.203125,0.0,0.0,223.01513671875,97.265625,289.453125,169.6044921875,0.8617688594042497
2013-04-22,6,634.1,251.328125,125.234375,125.234375,125.234375,0.0,0.0,83.47900390625,71.71875,91.71875,201.13525390625,0.23958120083057935
2013-04-22,7,611.3,187.734375,118.671875,118.671875,118.671875,0.0,0.0,220.23193359375,126.5625,290.078125,167.41455078125,0.7424700965556996
2013-04-22,7,634.1,251.953125,127.03125,127.03125,127.03125,0.0,0.0,84.1845703125,73.984375,91.40625,199.93408203125,0.2069485528681631
2013-04-22,8,611.3,207.421875,123.90625,123.90625,123.90625,0.0,0.0,203.30322265625,96.640625,288.671875,161.30859375,0.9445558584415117
2013-04-22,8,634.1,230.78125,123.515625,123.515625,123.515625,0.0,0.0,86.52587890625,78.359375,92.265625,186.9140625,0.16071781270280183
2013-04-22,9,611.3,190.78125,131.640625,131.640625,131.640625,0.0,0.0,217.4169921875,120.078125,290.78125,166.76513671875,0.7851415994789678
2013-04-22,9,634.1,250.625,132.109375,132.109375,132.109375,0.0,0.0,84.35302734375,74.6875,94.453125,196.90673828125,0.23432028016555237
2013-04-23,0,611.3,204.375,103.203125,103.203125,103.203125,0.0,0.0,196.55517578125,87.96875,284.140625,157.02880859375,0.9980499074637618
2013-04-23,0,634.1,257.890625,108.125,108.125,108.125,0.0,0.0,85.166015625,60.234375,93.125,187.00927734375,0.3861942437793831
2013-04-23,1,611.3,213.046875,115.3125,115.3125,115.3125,0.0,0.0,202.1728515625,91.328125,284.609375,158.5107421875,0.9560198043714527
2013-04-23,1,634.1,244.296875,121.09375,121.09375,121.09375,0.0,0.0,85.94482421875,76.875,92.265625,186.15234375,0.17907564696190664
2013-04-23,2,611.3,195.3125,94.53125,94.53125,94.53125,0.0,0.0,184.61181640625,72.96875,263.4375,151.23779296875,1.031725670153537
2013-04-23,2,634.1,229.609375,99.6875,99.6875,99.6875,0.0,0.0,88.486328125,81.953125,94.609375,175.263671875,0.14303057057719898
2013-04-23,3,611.3,176.015625,90.78125,90.78125,90.78125,0.0,0.0,185.04638671875,50.390625,287.03125,149.00146484375,1.2788178639751961
2013-04-23,3,634.1,235.0,86.25,86.25,86.25,0.0,0.0,88.427734375,77.265625,95.078125,174.87548828125,0.2014356709000552
2013-04-23,4,611.3,207.109375,108.515625,108.515625,108.515625,0.0,0.0,196.88720703125,83.828125,281.5625,160.70068359375,1.0043028086056172
2013-04-23,4,634.1,226.875,112.734375,112.734375,112.734375,0.0,0.0,86.77978515625,79.375,93.75,183.427734375,0.1656491770994514
2013-04-23,5,611.3,176.875,87.8125,87.8125,87.8125,0.0,0.0,194.04541015625,70.234375,290.390625,154.20166015625,1.134560460990677
2013-04-23,5,634.1,244.921875,88.28125,88.28125,88.28125,0.0,0.0,87.46826171875,76.953125,93.59375,181.6259765625,0.19024757864180647
2013-04-23,6,611.3,244.296875,120.46875,120.46875,120.46875,0.0,0.0,210.67626953125,91.953125,286.875,164.86328125,0.925219890373495
2013-04-23,6,634.1,241.5625,126.875,126.875,126.875,0.0,0.0,85.52734375,76.40625,92.8125,191.77490234375,0.1918246174925782
2013-04-23,7,611.3,196.328125,119.53125,119.53125,119.53125,0.0,0.0,212.9931640625,112.03125,289.453125,168.20556640625,0.8329932830517411
2013-04-23,7,634.1,248.90625,125.625,125.625,125.625,0.0,0.0,84.6923828125,75.078125,91.484375,195.908203125,0.19371576823292014
2013-04-23,8,611.3,219.921875,141.796875,141.796875,141.796875,0.0,0.0,200.83984375,95.0,284.609375,162.3876953125,0.94408246620636
2013-04-23,8,634.1,228.59375,140.46875,140.46875,140.46875,0.0,0.0,86.29150390625,78.90625,91.40625,186.40625,0.14485782996180507
2013-04-23,9,611.3,206.640625,115.625,115.625,115.625,0.0,0.0,213.11767578125,89.6875,289.6875,168.67919921875,0.9384486728603668
2013-04-23,9,634.1,242.8125,121.875,121.875,121.875,0.0,0.0,84.68017578125,75.46875,89.84375,193.85498046875,0.16975637883811445
2013-04-24,0,611.3,202.890625,110.78125,110.78125,110.78125,0.0,0.0,192.01904296875,80.078125,289.53125,156.85546875,1.090793505486262
2013-04-24,0,634.1,258.671875,112.96875,112.96875,112.96875,0.0,0.0,85.48828125,56.640625,93.828125,184.2236328125,0.4350011423349326
2013-04-24,1,611.3,189.609375,111.71875,111.71875,111.71875,0.0,0.0,199.09423828125,90.859375,288.28125,159.013671875,0.9916001422457663
2013-04-24,1,634.1,239.453125,117.8125,117.8125,117.8125,0.0,0.0,86.22802734375,76.09375,92.1875,185.73974609375,0.18664175089894958
2013-04-24,2,611.3,192.96875,101.328125,101.328125,101.328125,0.0,0.0,183.447265625,82.109375,245.78125,151.5185546875,0.8922012243811551
2013-04-24,2,634.1,221.484375,98.203125,98.203125,98.203125,0.0,0.0,88.51806640625,84.453125,93.828125,175.29052734375,0.10591058278401412
2013-04-24,3,611.3,206.71875,92.109375,92.109375,92.109375,0.0,0.0,189.28466796875,63.046875,284.375,155.0048828125,1.1692871238601334
2013-04-24,3,634.1,241.015625,86.09375,86.09375,86.09375,0.0,0.0,87.509765625,75.625,94.375,178.701171875,0.21426180113826582
2013-04-24,4,611.3,213.75,98.90625,98.90625,98.90625,0.0,0.0,201.84326171875,84.921875,279.765625,161.67724609375,0.9653220441487753
2013-04-24,4,634.1,225.9375,100.0,100.0,100.0,0.0,0.0,85.947265625,79.609375,94.0625,186.69921875,0.16816270878309283
2013-04-24,5,611.3,182.734375,91.25,91.25,91.25,0.0,0.0,200.2001953125,97.03125,278.984375,159.42138671875,0.9088558815638643
2013-04-24,5,634.1,252.265625,95.078125,95.078125,95.078125,0.0,0.0,86.52099609375,79.765625,93.046875,185.5908203125,0.15350320268630605
2013-04-24,6,611.3,207.8125,106.875,106.875,106.875,0.0,0.0,209.4140625,96.5625,291.25,162.2802734375,0.9296772990113785
2013-04-24,6,634.1,250.0,113.515625,113.515625,113.515625,0.0,0.0,85.33203125,75.46875,92.578125,190.849609375,0.200503547722591
2013-04-24,7,611.3,192.578125,158.046875,158.046875,158.046875,0.0,0.0,207.51953125,115.546875,285.703125,166.26708984375,0.8199529411764706
2013-04-24,7,634.1,246.640625,157.265625,157.265625,157.265625,0.0,0.0,85.48583984375,77.03125,91.40625,191.9775390625,0.16815650435527632
2013-04-24,8,611.3,211.484375,112.1875,112.1875,112.1875,0.0,0.0,197.7197265625,80.859375,272.734375,160.82275390625,0.9704393351937372
2013-04-24,8,634.1,222.109375,112.8125,112.8125,112.8125,0.0,0.0,86.5185546875,80.625,92.421875,183.720703125,0.13635080986511655
2013-04-24,9,611.3,189.84375,133.125,133.125,133.125,0.0,0.0,206.64794921875,98.125,291.40625,163.7255859375,0.9353165648665572
2013-04-24,9,634.1,252.578125,132.34375,132.34375,132.34375,0.0,0.0,85.2294921875,73.671875,94.0625,190.73486328125,0.23924376969349756
2013-04-25,0,611.3,201.171875,111.953125,111.953125,111.953125,0.0,0.0,203.5107421875,113.125,286.953125,165.79345703125,0.8541471724369587
2013-04-25,0,634.1,256.25,118.046875,118.046875,118.046875,0.0,0.0,84.9462890625,61.796875,91.875,192.29736328125,0.35408403747772604
2013-04-25,1,611.3,199.609375,123.28125,123.28125,123.28125,0.0,0.0,208.17626953125,101.953125,288.046875,166.9189453125,0.8939239348415016
2013-04-25,1,634.1,236.875,128.28125,128.28125,128.28125,0.0,0.0,85.3857421875,76.71875,90.9375,191.8505859375,0.16652370332246813
2013-04-25,2,611.3,204.296875,137.1875,137.1875,137.1875,0.0,0.0,196.38916015625,113.90625,261.5625,164.8291015625,0.7518553971233575
2013-04-25,2,634.1,233.75,134.375,134.375,134.375,0.0,0.0,86.9677734375,81.5625,92.109375,185.96435546875,0.1212733703890854
2013-04-25,3,611.3,209.0625,132.03125,132.03125,132.03125,0.0,0.0,201.0693359375,109.453125,269.375,165.9619140625,0.7953568566502344
2013-04-25,3,634.1,220.3125,132.890625,132.890625,132.890625,0.0,0.0,86.41845703125,81.09375,93.828125,187.2412109375,0.14735712065994294
2013-04-25,4,611.3,213.59375,129.609375,129.609375,129.609375,0.0,0.0,199.84619140625,117.8125,249.375,169.3212890625,0.658318775425437
2013-04-25,4,634.1,213.28125,131.71875,131.71875,131.71875,0.0,0.0,86.50634765625,80.0,90.234375,187.83935546875,0.1183077921711399
2013-04-25,5,611.3,178.125,108.75,108.75,108.75,0.0,0.0,197.3193359375,107.890625,278.125,159.013671875,0.862735393828413
2013-04-25,5,634.1,248.59375,115.15625,115.15625,115.15625,0.0,0.0,87.28515625,79.84375,94.21875,184.7607421875,0.16469008726784515
2013-04-25,6,611.3,228.4375,120.703125,120.703125,120.703125,0.0,0.0,216.1279296875,104.84375,291.09375,169.2236328125,0.8617581275557463
2013-04-25,6,634.1,241.5625,128.90625,128.90625,128.90625,0.0,0.0,84.7509765625,76.171875,91.171875,195.65185546875,0.1769891110214899
2013-04-25,7,611.3,211.015625,139.21875,139.21875,139.21875,0.0,0.0,221.86767578125,120.15625,290.625,175.08056640625,0.7683352223334837
2013-04-25,7,634.1,251.40625,146.40625,146.40625,146.40625,0.0,0.0,83.03955078125,71.484375,88.125,201.9921875,0.20039396701261283
2013-04-25,8,611.3,194.921875,142.578125,142.578125,142.578125,0.0,0.0,189.49462890625,105.15625,257.5,159.17236328125,0.8039475888014224
2013-04-25,8,634.1,213.90625,141.5625,141.5625,141.5625,0.0,0.0,87.90283203125,82.8125,92.8125,180.35888671875,0.11376197750312457
2013-04-25,9,611.3,235.625,110.46875,110.46875,110.46875,0.0,0.0,213.84033203125,86.796875,289.453125,170.87158203125,0.947698911963831
2013-04-25,9,634.1,239.765625,113.359375,113.359375,113.359375,0.0,0.0,84.599609375,76.25,91.328125,194.94384765625,0.17822925083689253
2013-04-26,0,611.3,194.140625,97.96875,97.96875,97.96875,0.0,0.0,189.3701171875,79.53125,291.328125,152.333984375,1.1184281772941753
2013-04-26,0,634.1,257.65625,105.3125,105.3125,105.3125,0.0,0.0,86.68701171875,58.90625,92.65625,180.34912109375,0.38933168107697075
2013-04-26,1,611.3,224.21875,109.765625,109.765625,109.765625,0.0,0.0,204.97314453125,99.6875,289.375,163.193359375,0.9254261109853854
2013-04-26,1,634.1,239.0625,115.9375,115.9375,115.9375,0.0,0.0,85.5029296875,76.171875,92.8125,188.99169921875,0.1946205242419051
2013-04-26,2,611.3,192.890625,101.953125,101.953125,101.953125,0.0,0.0,196.9921875,71.796875,288.203125,154.6826171875,1.0985524489391236
2013-04-26,2,634.1,230.546875,100.0,100.0,100.0,0.0,0.0,86.7822265625,78.4375,92.421875,182.5146484375,0.16114330726382714
2013-04-26,3,611.3,176.71875,102.734375,102.734375,102.734375,0.0,0.0,188.0517578125,62.421875,283.75,151.73583984375,1.1769532365694702
2013-04-26,3,634.1,228.125,100.234375,100.234375,100.234375,0.0,0.0,88.1005859375,79.0625,94.765625,177.62451171875,0.17824086903508285
2013-04-26,4,611.3,228.828125,104.375,104.375,104.375,0.0,0.0,202.255859375,108.90625,269.296875,167.55859375,0.7930085461831877
2013-04-26,4,634.1,220.234375,110.546875,110.546875,110.546875,0.0,0.0,86.103515625,80.234375,92.96875,187.58544921875,0.1478961097879097
2013-04-26,5,611.3,194.0625,83.046875,83.046875,83.046875,0.0,0.0,188.4423828125,62.265625,289.84375,151.84814453125,1.2076801492498639
2013-04-26,5,634.1,242.890625,82.1875,82.1875,82.1875,0.0,0.0,88.3154296875,78.203125,95.0,176.79443359375,0.19019185050035936
2013-04-26,6,611.3,236.328125,105.546875,105.546875,105.546875,0.0,0.0,206.82861328125,88.984375,288.90625,162.041015625,0.9666064662346401
2013-04-26,6,634.1,236.015625,113.359375,113.359375,113.359375,0.0,0.0,86.044921875,76.953125,93.4375,188.7939453125,0.19157870843264102
2013-04-26,7,611.3,208.75,124.140625,124.140625,124.140625,0.0,0.0,220.1123046875,102.890625,291.5625,172.587890625,0.8571618713813527
2013-04-26,7,634.1,252.734375,128.4375,128.4375,128.4375,0.0,0.0,83.60107421875,74.0625,90.703125,199.6923828125,0.19904798060917558
2013-04-26,8,611.3,213.671875,108.671875,108.671875,108.671875,0.0,0.0,185.81298828125,84.765625,280.390625,152.9541015625,1.0528058442496946
2013-04-26,8,634.1,226.25,115.3125,115.3125,115.3125,0.0,0.0,88.3544921875,79.53125,93.828125,175.6591796875,0.1618126554296767
2013-04-26,9,611.3,192.5,120.390625,120.390625,120.390625,0.0,0.0,203.4814453125,83.984375,279.765625,162.77587890625,0.9621577520216927
2013-04-26,9,634.1,245.703125,121.328125,121.328125,121.328125,0.0,0.0,86.13525390625,79.609375,93.046875,187.412109375,0.15600464839431988
2013-04-27,0,611.3,197.1875,115.3125,115.3125,115.3125,0.0,0.0,195.7080078125,108.203125,282.8125,161.6162109375,0.8921933085501859
2013-04-27,0,634.1,258.90625,121.796875,121.796875,121.796875,0.0,0.0,85.6982421875,56.25,92.578125,187.36328125,0.42390746965984843
2013-04-27,1,611.3,205.546875,123.203125,123.203125,123.203125,0.0,0.0,203.25927734375,109.84375,282.421875,167.37060546875,0.8490541108642123
2013-04-27,1,634.1,241.25,127.34375,127.34375,127.34375,0.0,0.0,86.08642578125,79.21875,92.65625,189.1943359375,0.15609313405745726
2013-04-27,2,611.3,225.078125,129.453125,129.453125,129.453125,0.0,0.0,206.9970703125,112.03125,282.03125,166.904296875,0.8212676621140282
2013-04-27,2,634.1,227.1875,128.90625,128.90625,128.90625,0.0,0.0,85.595703125,79.296875,90.546875,190.96923828125,0.1314318311466058
2013-04-27,3,611.3,172.34375,122.421875,122.421875,122.421875,0.0,0.0,185.93994140625,82.421875,277.734375,152.4951171875,1.0504063759667022
2013-04-27,3,634.1,224.84375,123.90625,123.90625,123.90625,0.0,0.0,88.544921875,79.921875,94.453125,177.74658203125,0.16411161354361972
2013-04-27,4,611.3,219.84375,117.03125,117.03125,117.03125,0.0,0.0,205.0537109375,109.765625,275.46875,168.23486328125,0.808096201928801
2013-04-27,4,634.1,223.59375,123.28125,123.28125,123.28125,0.0,0.0,85.86181640625,80.234375,94.21875,189.86328125,0.16287071000028433
2013-04-27,5,611.3,201.640625,78.59375,78.59375,78.59375,0.0,0.0,188.95751953125,85.390625,270.46875,154.921875,0.9794694884814656
2013-04-27,5,634.1,250.859375,77.734375,77.734375,77.734375,0.0,0.0,88.33984375,80.9375,94.0625,178.45458984375,0.1485739553393765
2013-04-27,6,611.3,243.4375,122.96875,122.96875,122.96875,0.0,0.0,215.87890625,115.0,289.921875,171.12060546875,0.8102777526463404
2013-04-27,6,634.1,239.296875,129.921875,129.921875,129.921875,0.0,0.0,84.8828125,76.875,90.78125,195.1806640625,0.16382880809940176
2013-04-27,7,611.3,229.609375,154.765625,154.765625,154.765625,0.0,0.0,213.89404296875,118.125,285.390625,173.35693359375,0.7820022599901839
2013-04-27,7,634.1,251.953125,166.640625,166.640625,166.640625,0.0,0.0,84.84619140625,76.875,90.3125,195.2734375,0.1583748165625989
2013-04-27,8,611.3,203.671875,117.890625,117.890625,117.890625,0.0,0.0,190.2294921875,102.65625,275.859375,157.89794921875,0.910495649272312
2013-04-27,8,634.1,223.828125,120.390625,120.390625,120.390625,0.0,0.0,87.87353515625,80.234375,93.046875,180.09765625,0.14580612896952186
2013-04-27,9,611.3,201.640625,103.75,103.75,103.75,0.0,0.0,208.0615234375,103.28125,289.296875,164.6826171875,0.8940414446973786
2013-04-27,9,634.1,251.09375,107.109375,107.109375,107.109375,0.0,0.0,85.205078125,72.109375,91.71875,191.63330078125,0.2301432664756447
2013-04-28,0,611.3,206.640625,127.03125,127.03125,127.03125,0.0,0.0,199.677734375,107.109375,282.34375,162.62451171875,0.8775859539296719
2013-04-28,0,634.1,258.046875,129.375,129.375,129.375,0.0,0.0,84.9072265625,60.390625,92.96875,190.7080078125,0.3836908390361723
2013-04-28,1,611.3,220.234375,134.0625,134.0625,134.0625,0.0,0.0,205.2734375,97.421875,289.375,163.7451171875,0.9351094196003806
2013-04-28,1,634.1,238.984375,139.6875,139.6875,139.6875,0.0,0.0,85.693359375,76.171875,91.796875,189.1552734375,0.18233618233618235
2013-04-28,2,611.3,214.84375,139.921875,139.921875,139.921875,0.0,0.0,207.880859375,119.6875,274.84375,173.4716796875,0.7463710245689857
2013-04-28,2,634.1,223.28125,138.515625,138.515625,138.515625,0.0,0.0,85.4736328125,80.3125,92.578125,192.3486328125,0.14350185661239645
2013-04-28,3,611.3,207.5,104.84375,104.84375,104.84375,0.0,0.0,186.4013671875,85.234375,290.9375,153.8037109375,1.1035494433529798
2013-04-28,3,634.1,232.734375,110.234375,110.234375,110.234375,0.0,0.0,88.4716796875,77.8125,94.296875,177.44140625,0.18632374855124456
2013-04-28,4,611.3,201.71875,118.984375,118.984375,118.984375,0.0,0.0,201.50634765625,89.21875,286.328125,160.70068359375,0.9781794831408944
2013-04-28,4,634.1,235.9375,122.265625,122.265625,122.265625,0.0,0.0,86.26708984375,77.03125,94.375,187.5390625,0.20104712041884817
2013-04-28,5,611.3,182.8125,100.46875,100.46875,100.46875,0.0,0.0,191.26953125,83.671875,277.03125,153.58154296875,1.0109261717553355
2013-04-28,5,634.1,250.390625,103.90625,103.90625,103.90625,0.0,0.0,88.046875,80.0,94.453125,180.56396484375,0.16415261756876665
2013-04-28,6,611.3,258.046875,116.796875,116.796875,116.796875,0.0,0.0,219.2138671875,117.34375,289.84375,172.4755859375,0.7869027731373204
2013-04-28,6,634.1,233.984375,124.0625,124.0625,124.0625,0.0,0.0,84.53125,77.5,90.3125,197.68798828125,0.15157116451016636
2013-04-28,7,611.3,240.78125,136.40625,136.40625,136.40625,0.0,0.0,221.69921875,110.9375,291.015625,174.599609375,0.8122632367192318
2013-04-28,7,634.1,246.875,143.75,143.75,143.75,0.0,0.0,83.212890625,74.140625,92.109375,201.78466796875,0.21593709658490787
2013-04-28,8,611.3,197.109375,136.5625,136.5625,136.5625,0.0,0.0,199.50439453125,103.28125,276.640625,161.2109375,0.8689501572500214
2013-04-28,8,634.1,224.21875,139.609375,139.609375,139.609375,0.0,0.0,86.6015625,80.078125,92.109375,185.595703125,0.13892647722147045
2013-04-28,9,611.3,250.703125,139.921875,139.921875,139.921875,0.0,0.0,211.8115234375,101.171875,285.9375,173.7548828125,0.8723114871251066
2013-04-28,9,634.1,246.09375,140.546875,140.546875,140.546875,0.0,0.0,85.16357421875,78.515625,90.859375,193.740234375,0.14494166212768397
2013-04-29,0,611.3,206.71875,112.734375,112.734375,112.734375,0.0,0.0,205.44677734375,84.921875,291.640625,160.75439453125,1.0061912514408622
2013-04-29,0,634.1,256.875,118.515625,118.515625,118.515625,0.0,0.0,84.95361328125,60.546875,92.34375,190.33935546875,0.37428513952352216
2013-04-29,1,611.3,199.921875,125.234375,125.234375,125.234375,0.0,0.0,205.60791015625,89.0625,291.25,162.041015625,0.9833644038614532
2013-04-29,1,634.1,240.46875,129.921875,129.921875,129.921875,0.0,0.0,85.66650390625,75.78125,91.5625,189.5263671875,0.18421727606942345
2013-04-29,2,611.3,189.296875,123.59375,123.59375,123.59375,0.0,0.0,203.26904296875,111.09375,288.59375,162.29248046875,0.8732269184112228
2013-04-29,2,634.1,234.0625,129.53125,129.53125,129.53125,0.0,0.0,86.3232421875,77.5,91.875,188.84521484375,0.16652525595339102
2013-04-29,3,611.3,169.6875,92.734375,92.734375,92.734375,0.0,0.0,184.02099609375,77.03125,260.3125,148.994140625,0.9959800995024876
2013-04-29,3,634.1,215.46875,93.75,93.75,93.75,0.0,0.0,89.033203125,82.421875,93.90625,174.84619140625,0.12898979927607765
2013-04-29,4,611.3,188.125,102.265625,102.265625,102.265625,0.0,0.0,188.45458984375,83.125,274.375,152.314453125,1.0148333354924797
2013-04-29,4,634.1,223.046875,109.609375,109.609375,109.609375,0.0,0.0,88.41552734375,80.390625,92.96875,177.83203125,0.14226149385613696
2013-04-29,5,611.3,203.046875,89.453125,89.453125,89.453125,0.0,0.0,197.1923828125,77.109375,282.34375,155.83251953125,1.0407824687383929
2013-04-29,5,634.1,243.59375,93.125,93.125,93.125,0.0,0.0,87.412109375,79.296875,93.359375,182.90283203125,0.1608758797899676
2013-04-29,6,611.3,215.15625,120.703125,120.703125,120.703125,0.0,0.0,208.8916015625,104.296875,283.59375,164.599609375,0.8583249573408757
2013-04-29,6,634.1,246.40625,129.140625,129.140625,129.140625,0.0,0.0,85.78857421875,74.21875,91.71875,191.97509765625,0.20398986880673894
2013-04-29,7,611.3,238.203125,120.234375,120.234375,120.234375,0.0,0.0,217.48779296875,97.578125,290.78125,168.35205078125,0.8883400873342837
2013-04-29,7,634.1,250.78125,128.59375,128.59375,128.59375,0.0,0.0,84.2138671875,74.84375,92.5,197.37548828125,0.20965965095378908
2013-04-29,8,611.3,195.703125,114.609375,114.609375,114.609375,0.0,0.0,192.47314453125,91.40625,269.53125,154.63134765625,0.925453784390578
2013-04-29,8,634.1,220.390625,118.90625,118.90625,118.90625,0.0,0.0,87.80029296875,81.09375,92.578125,180.3173828125,0.13080110113171872
2013-04-29,9,611.3,240.234375,125.390625,125.390625,125.390625,0.0,0.0,214.08935546875,89.453125,290.078125,167.9443359375,0.9371087112702557
2013-04-29,9,634.1,249.609375,128.046875,128.046875,128.046875,0.0,0.0,85.0537109375,78.125,92.109375,192.69775390625,0.16441816407371262
2013-04-30,0,611.3,204.453125,120.78125,120.78125,120.78125,0.0,0.0,218.3154296875,129.53125,285.9375,167.958984375,0.7164232515488359
2013-04-30,0,634.1,257.96875,133.046875,133.046875,133.046875,0.0,0.0,84.384765625,58.125,91.484375,200.41015625,0.3953246152065733
2013-04-30,1,611.3,185.78125,129.21875,129.21875,129.21875,0.0,0.0,211.04736328125,124.765625,274.453125,160.068359375,0.7092602232633466
2013-04-30,1,634.1,243.125,146.09375,146.09375,146.09375,0.0,0.0,86.943359375,80.390625,92.734375,191.97998046875,0.1419746152982141
2013-04-30,2,611.3,188.90625,131.328125,131.328125,131.328125,0.0,0.0,207.6220703125,116.328125,284.21875,160.52734375,0.808635732931963
2013-04-30,2,634.1,239.375,142.578125,142.578125,142.578125,0.0,0.0,87.0703125,76.09375,93.984375,190.34423828125,0.20547330641543293
2013-04-30,3,611.3,173.828125,115.15625,115.15625,115.15625,0.0,0.0,199.6337890625,112.8125,275.390625,155.6103515625,0.8143818026170967
2013-04-30,3,634.1,223.59375,127.34375,127.34375,127.34375,0.0,0.0,88.41796875,80.234375,93.90625,185.6201171875,0.15462778882261985
2013-04-30,4,611.3,182.8125,102.8125,102.8125,102.8125,0.0,0.0,202.4755859375,143.359375,264.0625,162.03125,0.5961366870041238
2013-04-30,4,634.1,217.8125,120.0,120.0,120.0,0.0,0.0,88.06396484375,81.875,92.1875,188.16650390625,0.11710238141443265
2013-04-30,5,611.3,184.0625,115.3125,115.3125,115.3125,0.0,0.0,203.64990234375,111.875,281.71875,159.31640625,0.8339986812923336
2013-04-30,5,634.1,250.15625,132.109375,132.109375,132.109375,0.0,0.0,88.23974609375,79.375,93.359375,187.47314453125,0.1584815870293003
2013-04-30,6,611.3,234.765625,141.09375,141.09375,141.09375,0.0,0.0,228.37646484375,133.90625,288.203125,171.0693359375,0.6756251135841271
2013-04-30,6,634.1,250.625,155.390625,155.390625,155.390625,0.0,0.0,84.24560546875,75.078125,91.875,202.939453125,0.19937983597530937
2013-04-30,7,611.3,210.859375,115.15625,115.15625,115.15625,0.0,0.0,221.171875,112.65625,277.03125,168.25927734375,0.7432002825856587
2013-04-30,7,634.1,242.1875,127.8125,127.8125,127.8125,0.0,0.0,85.400390625,75.390625,92.03125,197.97119140625,0.19485420240137222
2013-04-30,8,611.3,195.234375,114.21875,114.21875,114.21875,0.0,0.0,208.39599609375,111.5625,289.6875,160.91552734375,0.8547429093592943
2013-04-30,8,634.1,231.328125,124.140625,124.140625,124.140625,0.0,0.0,87.0849609375,78.203125,94.140625,190.1318359375,0.18301093355761144
2013-04-30,9,611.3,210.9375,154.21875,154.21875,154.21875,0.0,0.0,222.21923828125,131.796875,290.546875,170.21240234375,0.7143845925665506
2013-04-30,9,634.1,245.546875,164.53125,164.53125,164.53125,0.0,0.0,85.2392578125,75.46875,92.65625,198.7109375,0.20163831127914303
2013-05-01,0,611.3,208.90625,114.375,114.375,114.375,0.0,0.0,206.1279296875,90.703125,288.359375,159.4677734375,0.95890086462158
2013-05-01,0,634.1,256.171875,122.578125,122.578125,122.578125,0.0,0.0,84.77783203125,62.03125,92.265625,192.353515625,0.3566306695464363
2013-05-01,1,611.3,181.640625,102.03125,102.03125,102.03125,0.0,0.0,203.68408203125,83.984375,285.234375,156.58935546875,0.9880497189226768
2013-05-01,1,634.1,242.421875,110.625,110.625,110.625,0.0,0.0,86.60400390625,78.828125,92.421875,186.0595703125,0.15696445183660812
2013-05-01,2,611.3,190.78125,107.890625,107.890625,107.890625,0.0,0.0,199.03076171875,97.890625,280.390625,158.9697265625,0.9169436846043448
2013-05-01,2,634.1,226.25,116.171875,116.171875,116.171875,0.0,0.0,87.30712890625,79.53125,93.203125,185.12939453125,0.15659517351304494
2013-05-01,3,611.3,204.21875,112.109375,112.109375,112.109375,0.0,0.0,202.01416015625,71.09375,281.5625,158.5498046875,1.0418514713879994
2013-05-01,3,634.1,226.953125,116.171875,116.171875,116.171875,0.0,0.0,86.8505859375,79.375,93.515625,185.03173828125,0.16281553943891605
2013-05-01,4,611.3,187.1875,83.75,83.75,83.75,0.0,0.0,199.15283203125,90.234375,287.734375,156.76513671875,0.9917006852757653
2013-05-01,4,634.1,230.3125,88.59375,88.59375,88.59375,0.0,0.0,87.34619140625,78.515625,93.828125,184.6826171875,0.17530815887301898
2013-05-01,5,611.3,183.984375,96.171875,96.171875,96.171875,0.0,0.0,199.07958984375,73.671875,288.515625,155.693359375,1.0791852151625523
2013-05-01,5,634.1,251.40625,106.09375,106.09375,106.09375,0.0,0.0,87.5,78.359375,93.90625,183.90380859375,0.17767857142857144
2013-05-01,6,611.3,219.53125,104.21875,104.21875,104.21875,0.0,0.0,210.5322265625,106.953125,289.375,162.265625,0.8664795788204188
2013-05-01,6,634.1,236.09375,114.921875,114.921875,114.921875,0.0,0.0,86.171875,77.578125,93.984375,190.66162109375,0.19038984587488667
2013-05-01,7,611.3,224.375,108.515625,108.515625,108.515625,0.0,0.0,210.21240234375,102.03125,283.203125,162.78076171875,0.8618515034319362
2013-05-01,7,634.1,250.859375,121.796875,121.796875,121.796875,0.0,0.0,85.77392578125,75.3125,91.71875,191.7041015625,0.19127316198445907
2013-05-01,8,611.3,211.328125,107.421875,107.421875,107.421875,0.0,0.0,194.82666015625,86.484375,258.59375,156.48681640625,0.8833974511597599
2013-05-01,8,634.1,214.53125,116.40625,116.40625,116.40625,0.0,0.0,87.92724609375,82.65625,93.125,181.34521484375,0.11906150215188116
2013-05-01,9,611.3,189.375,120.390625,120.390625,120.390625,0.0,0.0,214.345703125,90.625,291.5625,163.29833984375,0.9374458973073944
2013-05-01,9,634.1,251.171875,127.8125,127.8125,127.8125,0.0,0.0,85.224609375,76.40625,91.640625,192.84423828125,0.178755586112066
2013-05-02,0,611.3,191.40625,101.5625,101.5625,101.5625,0.0,0.0,203.642578125,93.59375,291.25,158.6767578125,0.9706037500599434
2013-05-02,0,634.1,256.40625,109.140625,109.140625,109.140625,0.0,0.0,85.625,61.484375,93.203125,189.53857421875,0.3704379562043796
2013-05-02,1,611.3,183.90625,116.015625,116.015625,116.015625,0.0,0.0,205.87158203125,89.453125,283.125,157.5732421875,0.9407411799584939
2013-05-02,1,634.1,242.578125,125.234375,125.234375,125.234375,0.0,0.0,86.1181640625,75.234375,93.203125,188.79638671875,0.20865226512445428
2013-05-02,2,611.3,178.125,108.203125,108.203125,108.203125,0.0,0.0,205.4931640625,82.5,281.484375,156.7236328125,0.9683260068908162
2013-05-02,2,634.1,238.4375,108.4375,108.4375,108.4375,0.0,0.0,86.2841796875,76.328125,92.890625,188.5986328125,0.19195291720898647
2013-05-02,3,611.3,193.671875,90.546875,90.546875,90.546875,0.0,0.0,200.74951171875,89.140625,285.078125,158.43994140625,0.9760297712430224
2013-05-02,3,634.1,228.828125,90.9375,90.9375,90.9375,0.0,0.0,87.19482421875,78.90625,94.21875,185.29541015625,0.175612487750245
2013-05-02,4,611.3,206.484375,86.171875,86.171875,86.171875,0.0,0.0,193.6572265625,68.828125,282.578125,155.5029296875,1.1037543178437257
2013-05-02,4,634.1,227.421875,95.78125,95.78125,95.78125,0.0,0.0,88.17138671875,79.21875,95.546875,181.083984375,0.18518621071576907
2013-05-02,5,611.3,185.15625,102.109375,102.109375,102.109375,0.0,0.0,202.50244140625,97.734375,289.375,155.2392578125,0.9463620471396709
2013-05-02,5,634.1,251.5625,109.6875,109.6875,109.6875,0.0,0.0,87.03125,76.875,94.21875,185.93505859375,0.1992818671454219
2013-05-02,6,611.3,197.734375,104.765625,104.765625,104.765625,0.0,0.0,214.64111328125,101.71875,286.71875,164.25048828125,0.8619038411228772
2013-05-02,6,634.1,241.640625,115.78125,115.78125,115.78125,0.0,0.0,85.37109375,75.46875,92.890625,194.91455078125,0.20407229466941204
2013-05-02,7,611.3,205.3125,108.90625,108.90625,108.90625,0.0,0.0,213.6669921875,89.296875,290.3125,163.35205078125,0.9407893233391988
2013-05-02,7,634.1,239.0625,117.578125,117.578125,117.578125,0.0,0.0,85.5419921875,77.421875,93.046875,193.27880859375,0.18265882755865062
2013-05-02,8,611.3,204.53125,116.953125,116.953125,116.953125,0.0,0.0,201.767578125,106.953125,289.765625,158.60107421875,0.9060548860171337
2013-05-02,8,634.1,236.640625,120.9375,120.9375,120.9375,0.0,0.0,86.89453125,76.796875,93.75,187.28515625,0.19510002247696112
2013-05-02,9,611.3,197.5,120.3125,120.3125,120.3125,0.0,0.0,214.50927734375,102.265625,281.015625,167.71728515625,0.8332972923756302
2013-05-02,9,634.1,241.953125,131.171875,131.171875,131.171875,0.0,0.0,85.2001953125,76.015625,90.3125,195.32958984375,0.1678033125107456
2013-05-03,0,611.3,194.453125,103.046875,103.046875,103.046875,0.0,0.0,194.74365234375,80.390625,276.25,155.75439453125,1.0057291862549675
2013-05-03,0,634.1,257.421875,113.90625,113.90625,113.90625,0.0,0.0,85.97900390625,60.078125,92.96875,184.5361328125,0.3825425220774058
2013-05-03,1,611.3,192.265625,117.8125,117.8125,117.8125,0.0,0.0,204.1943359375,85.9375,288.125,157.78564453125,0.9901719314187332
2013-05-03,1,634.1,234.375,121.796875,121.796875,121.796875,0.0,0.0,86.00830078125,77.421875,92.8125,187.1435546875,0.17894348406142666
2013-05-03,2,611.3,188.59375,115.78125,115.78125,115.78125,0.0,0.0,196.25732421875,97.8125,275.546875,157.2021484375,0.9056190677597123
2013-05-03,2,634.1,223.671875,116.5625,116.5625,116.5625,0.0,0.0,87.12646484375,80.234375,92.421875,183.39111328125,0.139882870513072
2013-05-03,3,611.3,203.828125,111.796875,111.796875,111.796875,0.0,0.0,192.73681640625,80.9375,290.46875,153.134765625,1.0871366140984229
2013-05-03,3,634.1,233.046875,119.6875,119.6875,119.6875,0.0,0.0,87.78564453125,77.734375,93.28125,179.48486328125,0.17710042550824595
2013-05-03,4,611.3,223.90625,100.3125,100.3125,100.3125,0.0,0.0,193.125,82.96875,271.5625,156.2548828125,0.9765372168284789
2013-05-03,4,634.1,221.484375,106.71875,106.71875,106.71875,0.0,0.0,87.6318359375,80.78125,93.75,180.31005859375,0.14799130773945507
2013-05-03,5,611.3,181.09375,81.953125,81.953125,81.953125,0.0,0.0,192.94921875,77.734375,281.25,149.16015625,1.0547626277963356
2013-05-03,5,634.1,251.71875,83.4375,83.4375,83.4375,0.0,0.0,87.92236328125,79.453125,94.609375,179.12109375,0.17238219531835727
2013-05-03,6,611.3,213.28125,103.4375,103.4375,103.4375,0.0,0.0,211.8017578125,101.09375,286.40625,164.50439453125,0.8749337206353598
2013-05-03,6,634.1,248.203125,117.890625,117.890625,117.890625,0.0,0.0,85.32958984375,73.75,92.734375,193.29345703125,0.22248290463792167
2013-05-03,7,611.3,219.921875,109.6875,109.6875,109.6875,0.0,0.0,207.802734375,94.375,286.328125,161.62841796875,0.9237276187790779
2013-05-03,7,634.1,243.59375,118.203125,118.203125,118.203125,0.0,0.0,85.70068359375,75.0,93.90625,190.41015625,0.22060792524855424
2013-05-03,8,611.3,223.515625,122.109375,122.109375,122.109375,0.0,0.0,194.8779296875,97.1875,270.390625,157.10205078125,0.8887775300042595
2013-05-03,8,634.1,220.859375,127.890625,127.890625,127.890625,0.0,0.0,87.3828125,80.9375,93.28125,181.66259765625,0.14126061689763075
2013-05-03,9,611.3,216.484375,113.984375,113.984375,113.984375,0.0,0.0,208.02978515625,103.28125,287.03125,162.86865234375,0.8832869767278104
2013-05-03,9,634.1,250.859375,119.0625,119.0625,119.0625,0.0,0.0,85.73974609375,77.265625,91.015625,189.8876953125,0.1603690310088556
2013-05-04,0,611.3,208.203125,133.359375,133.359375,133.359375,0.0,0.0,223.27392578125,128.046875,289.53125,175.4052734375,0.7232567548358173
2013-05-04,0,634.1,260.0,146.796875,146.796875,146.796875,0.0,0.0,83.349609375,53.90625,91.640625,204.83154296875,0.4527240773286467
2013-05-04,1,611.3,227.734375,138.125,138.125,138.125,0.0,0.0,229.27001953125,134.453125,287.96875,174.0283203125,0.669584384883238
2013-05-04,1,634.1,240.234375,147.5,147.5,147.5,0.0,0.0,84.47509765625,75.859375,90.78125,202.52685546875,0.1766422935753302
2013-05-04,2,611.3,205.3125,109.140625,109.140625,109.140625,0.0,0.0,213.3837890625,118.359375,258.828125,166.1572265625,0.6582915722752339
2013-05-04,2,634.1,226.171875,115.78125,115.78125,115.78125,0.0,0.0,86.66015625,82.578125,91.484375,192.890625,0.10277214334009466
2013-05-04,3,611.3,218.046875,135.625,135.625,135.625,0.0,0.0,221.20361328125,148.125,283.671875,172.54638671875,0.612769714695657
2013-05-04,3,634.1,251.09375,142.890625,142.890625,142.890625,0.0,0.0,85.22216796875,72.109375,91.640625,199.755859375,0.22918039361732603
2013-05-04,4,611.3,213.59375,104.296875,104.296875,104.296875,0.0,0.0,213.974609375,114.53125,252.734375,167.412109375,0.6458856282232669
2013-05-04,4,634.1,213.4375,115.859375,115.859375,115.859375,0.0,0.0,86.689453125,81.71875,92.265625,193.2177734375,0.12166272389320716
2013-05-04,5,611.3,203.515625,105.9375,105.9375,105.9375,0.0,0.0,209.21630859375,113.75,291.5625,164.00390625,0.8498978936927475
2013-05-04,5,634.1,251.015625,115.078125,115.078125,115.078125,0.0,0.0,87.4658203125,76.71875,93.203125,190.44189453125,0.18846647686038073
2013-05-04,6,611.3,214.453125,128.59375,128.59375,128.59375,0.0,0.0,238.0517578125,130.9375,290.78125,174.7119140625,0.6714663713002277
2013-05-04,6,634.1,251.25,143.125,143.125,143.125,0.0,0.0,83.681640625,77.65625,91.25,206.02783203125,0.16244602637413935
2013-05-04,7,611.3,222.65625,117.578125,117.578125,117.578125,0.0,0.0,232.4462890625,133.984375,289.453125,173.994140625,0.6688373070055667
2013-05-04,7,634.1,249.921875,131.640625,131.640625,131.640625,0.0,0.0,84.306640625,76.25,90.546875,203.87939453125,0.169581837136569
2013-05-04,8,611.3,231.25,134.140625,134.140625,134.140625,0.0,0.0,218.1201171875,155.0,281.328125,173.28369140625,0.5791676926865305
2013-05-04,8,634.1,226.796875,140.859375,140.859375,140.859375,0.0,0.0,86.162109375,79.453125,91.328125,196.044921875,0.1378216026294911
2013-05-04,9,611.3,225.859375,144.296875,144.296875,144.296875,0.0,0.0,237.44140625,160.234375,290.78125,179.67529296875,0.5498066957308546
2013-05-04,9,634.1,252.109375,150.390625,150.390625,150.390625,0.0,0.0,81.85302734375,70.078125,92.421875,211.70166015625,0.2729740209383482
2013-05-05,0,611.3,197.5,135.9375,135.9375,135.9375,0.0,0.0,200.36865234375,103.828125,287.03125,162.79541015625,0.9143302750057877
2013-05-05,0,634.1,259.0625,148.125,148.125,148.125,0.0,0.0,84.9462890625,55.859375,91.328125,191.30615234375,0.4175432545841237
2013-05-05,1,611.3,188.28125,123.28125,123.28125,123.28125,0.0,0.0,212.0947265625,121.953125,290.625,164.8828125,0.7952667081059925
2013-05-05,1,634.1,242.734375,136.015625,136.015625,136.015625,0.0,0.0,84.85107421875,75.234375,92.65625,195.24658203125,0.20532297511149475
2013-05-05,2,611.3,185.078125,127.8125,127.8125,127.8125,0.0,0.0,203.44482421875,119.21875,290.15625,162.61962890625,0.8402155260347289
2013-05-05,2,634.1,247.5,130.234375,130.234375,130.234375,0.0,0.0,86.06689453125,73.984375,93.28125,190.16845703125,0.2242078688338581
2013-05-05,3,611.3,222.734375,117.421875,117.421875,117.421875,0.0,0.0,207.373046875,104.375,287.03125,167.9150390625,0.8808099835177773
2013-05-05,3,634.1,252.65625,126.71875,126.71875,126.71875,0.0,0.0,84.7119140625,69.0625,92.1875,195.19775390625,0.2729840336618825
2013-05-05,4,611.3,222.96875,116.5625,116.5625,116.5625,0.0,0.0,206.7724609375,107.1875,287.890625,164.66064453125,0.8739225919191442
2013-05-05,4,634.1,230.3125,128.203125,128.203125,128.203125,0.0,0.0,85.966796875,78.515625,93.828125,189.81689453125,0.1781210950812223
2013-05-05,5,611.3,197.5,115.15625,115.15625,115.15625,0.0,0.0,204.2919921875,106.25,280.15625,162.01171875,0.8512631755061068
2013-05-05,5,634.1,254.84375,122.96875,122.96875,122.96875,0.0,0.0,85.859375,71.71875,95.546875,190.96923828125,0.2775250227479527
2013-05-05,6,611.3,246.875,139.53125,139.53125,139.53125,0.0,0.0,223.0224609375,133.046875,285.9375,174.2626953125,0.6855391351943076
2013-05-05,6,634.1,250.703125,152.8125,152.8125,152.8125,0.0,0.0,83.6572265625,72.890625,91.796875,202.216796875,0.22599661472013075
2013-05-05,7,611.3,252.109375,111.328125,111.328125,111.328125,0.0,0.0,222.52197265625,116.25,290.703125,176.4306640625,0.7839815678314773
2013-05-05,7,634.1,250.3125,122.8125,122.8125,122.8125,0.0,0.0,83.349609375,73.203125,90.078125,202.16796875,0.2024604569420035
2013-05-05,8,611.3,183.125,109.453125,109.453125,109.453125,0.0,0.0,202.51220703125,113.828125,288.75,162.34375,0.8637596595498439
2013-05-05,8,634.1,233.984375,118.046875,118.046875,118.046875,0.0,0.0,86.4453125,77.5,91.328125,188.0322265625,0.15996384997740623
2013-05-05,9,611.3,194.53125,156.484375,156.484375,156.484375,0.0,0.0,217.900390625,138.203125,285.78125,171.80908203125,0.6772733384125846
2013-05-05,9,634.1,252.890625,166.640625,166.640625,166.640625,0.0,0.0,84.2333984375,74.21875,91.328125,199.38232421875,0.20311865978783838
2013-05-06,0,611.3,212.734375,118.515625,118.515625,118.515625,0.0,0.0,209.8779296875,94.140625,287.1875,164.19677734375,0.9198055045017798
2013-05-06,0,634.1,256.171875,132.734375,132.734375,132.734375,0.0,0.0,83.9453125,62.03125,92.890625,195.72021484375,0.36761284318287574
2013-05-06,1,611.3,228.984375,108.125,108.125,108.125,0.0,0.0,212.73193359375,87.265625,291.09375,161.83349609375,0.9581454065530499
2013-05-06,1,634.1,245.078125,123.59375,123.59375,123.59375,0.0,0.0,85.07080078125,74.609375,93.515625,192.9052734375,0.22224135457023964
2013-05-06,2,611.3,180.78125,127.1875,127.1875,127.1875,0.0,0.0,209.6533203125,110.9375,286.875,161.14013671875,0.83918298903044
2013-05-06,2,634.1,243.671875,136.5625,136.5625,136.5625,0.0,0.0,85.27587890625,75.0,92.34375,192.1240234375,0.20338400755818947
2013-05-06,3,611.3,198.59375,96.484375,96.484375,96.484375,0.0,0.0,203.88671875,93.203125,291.09375,157.26318359375,0.9705910527828336
2013-05-06,3,634.1,246.875,108.59375,108.59375,108.59375,0.0,0.0,86.03759765625,74.140625,93.59375,188.48388671875,0.2261002809227888
2013-05-06,4,611.3,212.65625,92.109375,92.109375,92.109375,0.0,0.0,190.07080078125,81.640625,271.71875,150.87646484375,1.0000385341605333
2013-05-06,4,634.1,221.5625,102.8125,102.8125,102.8125,0.0,0.0,88.49609375,80.78125,93.984375,178.01513671875,0.149194438313838
2013-05-06,5,611.3,178.671875,100.390625,100.390625,100.390625,0.0,0.0,205.98876953125,96.5625,291.484375,155.6640625,0.9462742820570562
2013-05-06,5,634.1,250.703125,112.8125,112.8125,112.8125,0.0,0.0,86.3525390625,77.65625,92.890625,187.67578125,0.17642069550466496
2013-05-06,6,611.3,219.921875,146.015625,146.015625,146.015625,0.0,0.0,225.00732421875,132.109375,291.5625,173.955078125,0.7086574872779748
2013-05-06,6,634.1,252.1875,159.6875,159.6875,159.6875,0.0,0.0,82.40478515625,70.0,91.09375,206.630859375,0.2559772464669807
2013-05-06,7,611.3,250.078125,123.28125,123.28125,123.28125,0.0,0.0,212.87841796875,93.4375,285.9375,162.2021484375,0.9042720339469006
2013-05-06,7,634.1,240.0,133.90625,133.90625,133.90625,0.0,0.0,85.3662109375,75.9375,93.984375,192.03857421875,0.21140536521192016
2013-05-06,8,611.3,216.09375,112.578125,112.578125,112.578125,0.0,0.0,209.384765625,93.75,287.109375,162.09716796875,0.923464390653421
2013-05-06,8,634.1,238.046875,120.859375,120.859375,120.859375,0.0,0.0,85.5712890625,76.484375,93.75,190.53955078125,0.20176890156918686
2013-05-06,9,611.3,183.28125,129.140625,129.140625,129.140625,0.0,0.0,215.21728515625,100.78125,291.5625,164.33349609375,0.8864587705466632
2013-05-06,9,634.1,251.640625,139.921875,139.921875,139.921875,0.0,0.0,84.35791015625,71.09375,91.015625,196.83837890625,0.23615894423060227
2013-05-07,0,611.3,225.703125,149.84375,149.84375,149.84375,0.0,0.0,213.67919921875,126.09375,290.78125,166.42822265625,0.7707231242073512
2013-05-07,0,634.1,258.203125,167.890625,167.890625,167.890625,0.0,0.0,84.3798828125,57.734375,92.8125,199.5361328125,0.4157166830623228
2013-05-07,1,611.3,208.75,121.71875,121.71875,121.71875,0.0,0.0,216.8798828125,119.375,291.171875,161.79443359375,0.7921291397437918
2013-05-07,1,634.1,244.21875,141.328125,141.328125,141.328125,0.0,0.0,85.63232421875,76.484375,93.359375,195.6103515625,0.19706343549536706
2013-05-07,2,611.3,199.0625,143.28125,143.28125,143.28125,0.0,0.0,218.02734375,133.203125,290.15625,165.70068359375,0.7198781689509989
2013-05-07,2,634.1,242.65625,158.359375,158.359375,158.359375,0.0,0.0,85.5126953125,76.875,92.109375,196.9921875,0.17815337178096272
2013-05-07,3,611.3,191.640625,134.84375,134.84375,134.84375,0.0,0.0,211.61376953125,126.015625,287.890625,161.279296875,0.7649549476793152
2013-05-07,3,634.1,249.921875,154.84375,154.84375,154.84375,0.0,0.0,85.78857421875,73.28125,94.375,195.72021484375,0.24588064543669427
2013-05-07,4,611.3,215.859375,132.890625,132.890625,132.890625,0.0,0.0,202.5146484375,115.546875,277.578125,156.4013671875,0.8000964436407474
2013-05-07,4,634.1,224.765625,154.140625,154.140625,154.140625,0.0,0.0,87.5927734375,79.296875,94.609375,186.82861328125,0.17481464964602264
2013-05-07,5,611.3,179.765625,121.328125,121.328125,121.328125,0.0,0.0,209.6142578125,119.21875,283.59375,159.57275390625,0.7841785273358336
2013-05-07,5,634.1,251.171875,142.8125,142.8125,142.8125,0.0,0.0,86.34521484375,75.234375,93.203125,192.32421875,0.20810359940057116
2013-05-07,6,611.3,200.390625,152.109375,152.109375,152.109375,0.0,0.0,228.34716796875,142.96875,290.78125,174.3359375,0.6473147940255103
2013-05-07,6,634.1,252.265625,168.984375,168.984375,168.984375,0.0,0.0,83.56201171875,69.765625,90.625,205.00244140625,0.24962748707161014
2013-05-07,7,611.3,222.8125,132.65625,132.65625,132.65625,0.0,0.0,227.87841796875,135.15625,291.09375,171.47216796875,0.6843013102775903
2013-05-07,7,634.1,251.171875,156.640625,156.640625,156.640625,0.0,0.0,83.8525390625,73.125,92.34375,203.9599609375,0.22919699528329354
2013-05-07,8,611.3,235.625,126.875,126.875,126.875,0.0,0.0,211.93359375,120.15625,285.78125,165.0146484375,0.7814947931066261
2013-05-07,8,634.1,229.21875,150.703125,150.703125,150.703125,0.0,0.0,86.40625,78.75,93.125,192.7490234375,0.16636528028933092
2013-05-07,9,611.3,216.328125,142.109375,142.109375,142.109375,0.0,0.0,223.486328125,142.421875,290.0,171.2890625,0.6603452042822809
2013-05-07,9,634.1,252.8125,161.71875,161.71875,161.71875,0.0,0.0,84.59228515625,75.78125,91.171875,200.68115234375,0.18193887269473866
2013-05-08,0,611.3,226.09375,125.0,125.0,125.0,0.0,0.0,217.76611328125,114.53125,290.46875,171.1181640625,0.8079195488637511
2013-05-08,0,634.1,260.15625,143.75,143.75,143.75,0.0,0.0,83.36181640625,53.59375,91.796875,202.51953125,0.4582808610338263
2013-05-08,1,611.3,189.84375,111.40625,111.40625,111.40625,0.0,0.0,213.662109375,96.25,285.15625,161.07421875,0.8841354723707665
2013-05-08,1,634.1,242.421875,130.3125,130.3125,130.3125,0.0,0.0,85.96923828125,75.625,94.21875,193.43994140625,0.21628375883906512
2013-05-08,2,611.3,190.46875,137.109375,137.109375,137.109375,0.0,0.0,207.72216796875,116.5625,270.3125,164.7314453125,0.740171362081732
2013-05-08,2,634.1,227.65625,149.6875,149.6875,149.6875,0.0,0.0,86.85546875,81.015625,92.96875,190.888671875,0.13762086800089948
2013-05-08,3,611.3,231.5625,119.609375,119.609375,119.609375,0.0,0.0,211.1181640625,116.875,287.65625,164.81689453125,0.8089367902490923
2013-05-08,3,634.1,240.15625,141.484375,141.484375,141.484375,0.0,0.0,86.2841796875,75.859375,93.828125,193.06884765625,0.2082508064059759
2013-05-08,4,611.3,197.578125,117.578125,117.578125,117.578125,0.0,0.0,204.501953125,108.125,272.03125,159.5458984375,0.8014899001957881
2013-05-08,4,634.1,221.796875,137.1875,137.1875,137.1875,0.0,0.0,87.5,80.703125,93.671875,188.17626953125,0.14821428571428572
2013-05-08,5,611.3,184.296875,122.03125,122.03125,122.03125,0.0,0.0,214.24072265625,135.546875,287.578125,163.11279296875,0.7096281608605973
2013-05-08,5,634.1,253.125,134.53125,134.53125,134.53125,0.0,0.0,86.43798828125,78.515625,93.046875,194.21630859375,0.16811184860895353
2013-05-08,6,611.3,222.8125,132.65625,132.65625,132.65625,0.0,0.0,230.53955078125,139.453125,287.34375,174.0625,0.6414978449417023
2013-05-08,6,634.1,252.421875,149.6875,149.6875,149.6875,0.0,0.0,83.09326171875,69.53125,91.5625,206.38916015625,0.26513882767739094
2013-05-08,7,611.3,230.0,142.96875,142.96875,142.96875,0.0,0.0,233.80615234375,132.03125,290.859375,175.15625,0.6793154218050059
2013-05-08,7,634.1,252.5,162.578125,162.578125,162.578125,0.0,0.0,82.91259765625,75.46875,90.3125,206.92626953125,0.1790288860752039
2013-05-08,8,611.3,226.875,123.828125,123.828125,123.828125,0.0,0.0,205.8056640625,123.75,274.765625,164.75830078125,0.7337777883223802
2013-05-08,8,634.1,234.765625,139.765625,139.765625,139.765625,0.0,0.0,87.3193359375,80.3125,95.15625,189.3701171875,0.16999384890678298
2013-05-08,9,611.3,194.140625,122.96875,122.96875,122.96875,0.0,0.0,213.90869140625,114.140625,290.9375,161.92138671875,0.8265062716139562
2013-05-08,9,634.1,250.78125,136.953125,136.953125,136.953125,0.0,0.0,86.11083984375,77.734375,92.5,193.2958984375,0.17147231436590968
2013-05-09,0,611.3,203.75,110.546875,110.546875,110.546875,0.0,0.0,199.47021484375,79.84375,280.15625,158.7744140625,1.0042226111648287
2013-05-09,0,634.1,257.5,121.875,121.875,121.875,0.0,0.0,85.10986328125,60.546875,93.046875,189.3603515625,0.3818593844123806
2013-05-09,1,611.3,237.96875,105.390625,105.390625,105.390625,0.0,0.0,204.58984375,87.8125,271.25,158.62060546875,0.8966109785202864
2013-05-09,1,634.1,247.96875,114.6875,114.6875,114.6875,0.0,0.0,86.21337890625,80.859375,93.75,187.0947265625,0.14952000679636396
2013-05-09,2,611.3,198.984375,102.96875,102.96875,102.96875,0.0,0.0,197.41943359375,86.25,287.109375,155.59814453125,1.0174245328518605
2013-05-09,2,634.1,236.953125,104.21875,104.21875,104.21875,0.0,0.0,87.05810546875,76.71875,92.8125,183.7158203125,0.18486216663394936
2013-05-09,3,611.3,205.625,97.8125,97.8125,97.8125,0.0,0.0,196.962890625,87.65625,284.6875,153.896484375,1.0003470672814716
2013-05-09,3,634.1,248.4375,108.984375,108.984375,108.984375,0.0,0.0,87.099609375,73.671875,92.8125,183.31787109375,0.21975557797959414
2013-05-09,4,611.3,215.15625,100.15625,100.15625,100.15625,0.0,0.0,197.1435546875,90.9375,287.1875,156.982421875,0.9954674922600619
2013-05-09,4,634.1,229.921875,110.625,110.625,110.625,0.0,0.0,87.3828125,78.59375,93.28125,182.95166015625,0.16808225301743407
2013-05-09,5,611.3,202.8125,99.765625,99.765625,99.765625,0.0,0.0,205.1806640625,78.4375,289.921875,156.97509765625,1.0307227338711598
2013-05-09,5,634.1,251.40625,106.796875,106.796875,106.796875,0.0,0.0,86.23046875,75.390625,93.59375,187.5634765625,0.21109852774631938
2013-05-09,6,611.3,206.40625,111.71875,111.71875,111.71875,0.0,0.0,216.09375,96.484375,288.125,164.94140625,0.8868402024584238
2013-05-09,6,634.1,251.015625,124.0625,124.0625,124.0625,0.0,0.0,84.8486328125,73.671875,93.125,195.56396484375,0.22926857340162282
2013-05-09,7,611.3,225.46875,113.125,113.125,113.125,0.0,0.0,219.85595703125,102.5,291.484375,168.5693359375,0.8595826901935527
2013-05-09,7,634.1,252.03125,123.828125,123.828125,123.828125,0.0,0.0,82.90771484375,70.9375,91.796875,202.2021484375,0.2515975146500191
2013-05-09,8,611.3,191.015625,96.796875,96.796875,96.796875,0.0,0.0,195.13916015625,86.71875,284.375,153.0322265625,1.012898947816187
2013-05-09,8,634.1,230.46875,108.671875,108.671875,108.671875,0.0,0.0,87.5634765625,78.984375,94.296875,181.05224609375,0.17487313890592762
2013-05-09,9,611.3,212.265625,119.6875,119.6875,119.6875,0.0,0.0,208.92578125,87.734375,285.078125,161.34765625,0.9445638964195568
2013-05-09,9,634.1,246.875,123.75,123.75,123.75,0.0,0.0,85.85693359375,76.953125,92.1875,189.6923828125,0.17743907640685871
2013-05-10,0,611.3,199.296875,101.484375,101.484375,101.484375,0.0,0.0,199.1943359375,82.578125,288.515625,157.783203125,1.0338521877681088
2013-05-10,0,634.1,259.84375,116.796875,116.796875,116.796875,0.0,0.0,85.1416015625,54.140625,93.203125,189.74365234375,0.458794517405517
2013-05-10,1,611.3,225.0,101.25,101.25,101.25,0.0,0.0,205.74951171875,78.125,273.671875,161.18408203125,0.950412340551765
2013-05-10,1,634.1,251.171875,111.328125,111.328125,111.328125,0.0,0.0,86.35986328125,80.546875,93.828125,187.3974609375,0.15378961354705567
2013-05-10,2,611.3,180.859375,125.15625,125.15625,125.15625,0.0,0.0,200.01220703125,97.109375,275.3125,158.9990234375,0.8909612450411962
2013-05-10,2,634.1,223.515625,127.265625,127.265625,127.265625,0.0,0.0,87.11181640625,80.234375,91.71875,185.78125,0.13183487009893222
2013-05-10,3,611.3,192.890625,93.359375,93.359375,93.359375,0.0,0.0,196.11083984375,76.5625,289.53125,150.234375,1.0859611338653254
2013-05-10,3,634.1,249.609375,102.5,102.5,102.5,0.0,0.0,87.4365234375,73.359375,94.84375,181.70654296875,0.24571396660523817
2013-05-10,4,611.3,187.578125,109.140625,109.140625,109.140625,0.0,0.0,193.3056640625,81.171875,268.59375,155.00732421875,0.9695622521407462
2013-05-10,4,634.1,220.625,119.0625,119.0625,119.0625,0.0,0.0,88.09814453125,81.25,93.671875,180.35400390625,0.14100041568518776
2013-05-10,5,611.3,185.78125,92.03125,92.03125,92.03125,0.0,0.0,201.50390625,64.53125,291.015625,153.02490234375,1.1239701463603762
2013-05-10,5,634.1,253.046875,102.8125,102.8125,102.8125,0.0,0.0,87.0166015625,77.8125,95.234375,183.42041015625,0.20021323158071938
2013-05-10,6,611.3,233.359375,111.640625,111.640625,111.640625,0.0,0.0,219.853515625,95.0,287.109375,165.82763671875,0.8738062452805045
2013-05-10,6,634.1,240.9375,124.296875,124.296875,124.296875,0.0,0.0,84.716796875,75.703125,93.515625,196.09375,0.2102593659942363
2013-05-10,7,611.3,225.234375,97.890625,97.890625,97.890625,0.0,0.0,215.16357421875,105.234375,290.15625,166.85546875,0.8594478673792423
2013-05-10,7,634.1,252.265625,111.171875,111.171875,111.171875,0.0,0.0,84.48974609375,71.25,91.5625,196.26953125,0.24041378911780853
2013-05-10,8,611.3,200.9375,110.703125,110.703125,110.703125,0.0,0.0,200.5615234375,112.265625,265.3125,161.8310546875,0.7630919050517346
2013-05-10,8,634.1,218.125,121.328125,121.328125,121.328125,0.0,0.0,87.138671875,81.71875,92.109375,186.279296875,0.11924240726213158
2013-05-10,9,611.3,214.21875,140.546875,140.546875,140.546875,0.0,0.0,214.0625,103.90625,288.046875,163.662109375,0.8602189781021898
2013-05-10,9,634.1,248.75,143.90625,143.90625,143.90625,0.0,0.0,85.00732421875,73.59375,91.71875,194.619140625,0.2132169217955714
2013-05-11,0,611.3,206.953125,156.796875,156.796875,156.796875,0.0,0.0,219.7998046875,86.40625,290.390625,175.76171875,0.9280462068199489
2013-05-11,0,634.1,263.046875,170.06484375,177.96875,177.96875,0.0,7.903906250000006,82.86865234375,47.109375,89.921875,205.7763671875,0.5166308222608491
2013-05-11,1,611.3,217.265625,132.8125,132.8125,132.8125,0.0,0.0,221.8896484375,158.125,290.234375,174.55810546875,0.5953832273397442
2013-05-11,1,634.1,245.390625,164.609375,164.609375,164.609375,0.0,0.0,85.33935546875,74.53125,90.15625,199.4384765625,0.18309254756115004
2013-05-11,2,611.3,198.59375,149.453125,149.453125,149.453125,0.0,0.0,224.765625,163.828125,290.625,171.71142578125,0.5641293013555787
2013-05-11,2,634.1,240.234375,168.359375,168.359375,168.359375,0.0,0.0,85.19775390625,75.859375,92.34375,199.9560546875,0.19348368054560564
2013-05-11,3,611.3,234.453125,154.921875,154.921875,154.921875,0.0,0.0,227.05078125,183.28125,281.015625,179.9609375,0.4304516129032258
2013-05-11,3,634.1,228.671875,174.609375,174.609375,174.609375,0.0,0.0,85.16357421875,77.96875,92.578125,200.38818359375,0.17154487859415762
2013-05-11,4,611.3,254.53125,146.25,146.25,146.25,0.0,0.0,223.0859375,144.0625,284.296875,174.82666015625,0.6286114515846611
2013-05-11,4,634.1,228.359375,170.703125,170.703125,170.703125,0.0,0.0,85.41015625,78.046875,92.8125,198.7841796875,0.1728790304139035
2013-05-11,5,611.3,185.078125,152.65625,152.65625,152.65625,0.0,0.0,213.2666015625,146.09375,281.796875,166.025390625,0.6363074386977128
2013-05-11,5,634.1,251.640625,173.59375,173.59375,173.59375,0.0,0.0,86.93603515625,76.40625,93.59375,193.6083984375,0.19770282793675756
2013-05-11,6,611.3,253.59375,157.5,157.5,157.5,0.0,0.0,242.3388671875,167.65625,288.984375,184.8193359375,0.5006548326650682
2013-05-11,6,634.1,251.015625,179.453125,179.453125,179.453125,0.0,0.0,82.939453125,77.109375,89.53125,208.8525390625,0.14977039915224302
2013-05-11,7,611.3,260.703125,156.25,156.25,156.25,0.0,0.0,240.87646484375,187.65625,281.71875,186.13525390625,0.3905009983479116
2013-05-11,7,634.1,253.359375,176.09375,176.09375,176.09375,0.0,0.0,83.19580078125,74.375,88.515625,208.5546875,0.16996801361622207
2013-05-11,8,611.3,197.34375,127.890625,127.890625,127.890625,0.0,0.0,214.0771484375,165.390625,272.65625,169.892578125,0.5010606026047487
2013-05-11,8,634.1,222.109375,162.34375,162.34375,162.34375,0.0,0.0,86.74560546875,80.625,91.015625,193.87939453125,0.11978272494441473
2013-05-11,9,611.3,235.703125,147.8125,147.8125,147.8125,0.0,0.0,239.50439453125,166.71875,290.390625,184.0966796875,0.5163657862814854
2013-05-11,9,634.1,251.015625,171.40625,171.40625,171.40625,0.0,0.0,82.75390625,72.34375,89.0625,209.0087890625,0.20202973802218552
2013-05-12,0,611.3,213.125,129.375,129.375,129.375,0.0,0.0,206.52587890625,108.046875,283.4375,169.7119140625,0.8492428451526722
2013-05-12,0,634.1,260.703125,143.046875,143.046875,143.046875,0.0,0.0,83.6083984375,52.265625,92.890625,198.1005859375,0.48589616305553934
2013-05-12,1,611.3,217.890625,127.03125,127.03125,127.03125,0.0,0.0,215.791015625,104.765625,285.703125,170.53955078125,0.8384848621984885
2013-05-12,1,634.1,237.734375,134.6875,134.6875,134.6875,0.0,0.0,84.81689453125,76.5625,93.203125,195.1171875,0.1961946979073717
2013-05-12,2,611.3,224.0625,106.171875,106.171875,106.171875,0.0,0.0,214.04541015625,110.625,290.390625,172.04345703125,0.8398480718123026
2013-05-12,2,634.1,236.328125,115.78125,115.78125,115.78125,0.0,0.0,85.224609375,77.65625,91.40625,194.8486328125,0.161338375157557
2013-05-12,3,611.3,264.765625,127.265625,127.265625,127.265625,0.0,0.0,211.68212890625,117.1875,288.59375,170.029296875,0.8097341560463641
2013-05-12,3,634.1,245.0,138.28125,138.28125,138.28125,0.0,0.0,85.36376953125,74.609375,91.328125,194.1357421875,0.19585299585299584
2013-05-12,4,611.3,194.0625,143.4375,143.4375,143.4375,0.0,0.0,205.70068359375,137.890625,282.421875,166.123046875,0.70262892409946
2013-05-12,4,634.1,227.421875,158.046875,158.046875,158.046875,0.0,0.0,86.5087890625,79.21875,92.65625,191.0400390625,0.15533103798611503
2013-05-12,5,611.3,225.9375,114.453125,114.453125,114.453125,0.0,0.0,209.345703125,103.515625,287.65625,164.267578125,0.8796006903951112
2013-05-12,5,634.1,253.59375,126.484375,126.484375,126.484375,0.0,0.0,85.9130859375,76.796875,93.984375,191.32568359375,0.20005683432793409
2013-05-12,6,611.3,228.90625,135.859375,135.859375,135.859375,0.0,0.0,225.35400390625,116.796875,290.234375,173.59130859375,0.7696224473213802
2013-05-12,6,634.1,243.75,146.875,146.875,146.875,0.0,0.0,84.1796875,76.796875,90.703125,200.4345703125,0.16519721577726218
2013-05-12,7,611.3,223.125,157.03125,157.03125,157.03125,0.0,0.0,228.62060546875,153.359375,289.0625,179.8291015625,0.5935734651815939
2013-05-12,7,634.1,252.34375,168.28125,168.28125,168.28125,0.0,0.0,83.3056640625,75.390625,90.234375,204.27001953125,0.1781841627102749
2013-05-12,8,611.3,212.265625,109.140625,109.140625,109.140625,0.0,0.0,200.7373046875,118.515625,279.609375,163.17138671875,0.8025102770548028
2013-05-12,8,634.1,225.859375,119.609375,119.609375,119.609375,0.0,0.0,87.4072265625,79.6875,93.28125,187.1044921875,0.15552203787497906
2013-05-12,9,611.3,255.078125,124.296875,124.296875,124.296875,0.0,0.0,218.27880859375,102.65625,284.453125,171.84326171875,0.8328654355922914
2013-05-12,9,634.1,252.03125,134.6875,134.6875,134.6875,0.0,0.0,84.67041015625,72.5,92.421875,196.7431640625,0.2352873331218823
2013-05-13,0,611.3,202.34375,132.8125,132.8125,132.8125,0.0,0.0,218.72314453125,112.8125,290.703125,169.78271484375,0.8133141345477681
2013-05-13,0,634.1,259.375,154.0625,154.0625,154.0625,0.0,0.0,83.18359375,55.3125,92.890625,203.32763671875,0.4517492369100728
2013-05-13,1,611.3,202.8125,136.171875,136.171875,136.171875,0.0,0.0,223.134765625,122.8125,282.03125,167.92724609375,0.7135542036850628
2013-05-13,1,634.1,251.09375,156.640625,156.640625,156.640625,0.0,0.0,84.66552734375,72.109375,91.328125,200.73486328125,0.22699616482597537
2013-05-13,2,611.3,218.984375,154.53125,154.53125,154.53125,0.0,0.0,226.2255859375,142.96875,291.09375,172.22412109375,0.6547667868166023
2013-05-13,2,634.1,244.453125,169.140625,169.140625,169.140625,0.0,0.0,85.07080078125,77.890625,89.6875,200.2685546875,0.13867125843019085
2013-05-13,3,611.3,216.328125,132.734375,132.734375,132.734375,0.0,0.0,221.42333984375,117.8125,288.125,167.5048828125,0.7691713986438061
2013-05-13,3,634.1,251.171875,164.53125,164.53125,164.53125,0.0,0.0,84.66552734375,71.953125,93.125,200.46875,0.25006488076357447
2013-05-13,4,611.3,203.28125,113.828125,113.828125,113.828125,0.0,0.0,207.31201171875,108.359375,288.90625,162.3779296875,0.8708944238356003
2013-05-13,4,634.1,230.9375,142.109375,142.109375,142.109375,0.0,0.0,87.75634765625,78.28125,93.359375,188.85986328125,0.17181805536235917
2013-05-13,5,611.3,195.46875,126.25,126.25,126.25,0.0,0.0,218.7109375,120.234375,290.390625,166.97998046875,0.7779960707269156
2013-05-13,5,634.1,253.203125,146.25,146.25,146.25,0.0,0.0,85.859375,75.234375,92.1875,196.80908203125,0.19745222929936307
2013-05-13,6,611.3,242.109375,152.03125,152.03125,152.03125,0.0,0.0,238.43017578125,129.921875,289.84375,177.8125,0.670728335773748
2013-05-13,6,634.1,252.890625,173.28125,173.28125,173.28125,0.0,0.0,81.9677734375,68.515625,91.09375,211.82373046875,0.2754512420325252
2013-05-13,7,611.3,232.421875,139.84375,139.84375,139.84375,0.0,0.0,237.626953125,125.546875,287.421875,178.4375,0.6812148111617967
2013-05-13,7,634.1,252.421875,162.890625,162.890625,162.890625,0.0,0.0,82.8857421875,73.359375,92.8125,208.29833984375,0.23469808541973491
2013-05-13,8,611.3,218.359375,135.3125,135.3125,135.3125,0.0,0.0,216.95068359375,126.484375,286.171875,169.63134765625,0.7360543758369625
2013-05-13,8,634.1,229.375,165.703125,165.703125,165.703125,0.0,0.0,86.4990234375,78.75,92.265625,194.8779296875,0.15625176404177252
2013-05-13,9,611.3,208.90625,138.046875,138.046875,138.046875,0.0,0.0,233.82080078125,143.671875,287.109375,176.3134765625,0.613450554958078
2013-05-13,9,634.1,252.8125,155.3125,155.3125,155.3125,0.0,0.0,82.705078125,68.75,90.0,209.0283203125,0.25693706458849924
2013-05-14,0,611.3,201.875,123.046875,123.046875,123.046875,0.0,0.0,219.404296875,119.375,287.890625,169.05029296875,0.768059821070904
2013-05-14,0,634.1,260.859375,134.765625,134.765625,134.765625,0.0,0.0,83.5400390625,52.03125,91.640625,203.9111328125,0.47413641942837104
2013-05-14,1,611.3,231.328125,128.671875,128.671875,128.671875,0.0,0.0,236.8212890625,140.546875,290.625,171.26953125,0.6337188923939713
2013-05-14,1,634.1,248.28125,145.703125,145.703125,145.703125,0.0,0.0,83.5888671875,75.546875,92.421875,206.31103515625,0.20188095099012793
2013-05-14,2,611.3,206.640625,125.390625,125.390625,125.390625,0.0,0.0,228.9208984375,138.046875,291.40625,172.8857421875,0.6699229998080327
2013-05-14,2,634.1,244.765625,133.046875,133.046875,133.046875,0.0,0.0,84.00634765625,74.6875,90.859375,204.01611328125,0.19250777412886164
2013-05-14,3,611.3,187.65625,110.15625,110.15625,110.15625,0.0,0.0,227.54638671875,130.625,291.484375,169.5947265625,0.7069300344409515
2013-05-14,3,634.1,251.171875,125.234375,125.234375,125.234375,0.0,0.0,83.6962890625,72.03125,92.578125,205.3271484375,0.2454932617700251
2013-05-14,4,611.3,193.203125,109.21875,109.21875,109.21875,0.0,0.0,212.31689453125,104.765625,265.390625,161.14013671875,0.7565342379118036
2013-05-14,4,634.1,218.203125,121.71875,121.71875,121.71875,0.0,0.0,86.87744140625,81.640625,94.375,192.07275390625,0.14657861458479696
2013-05-14,5,611.3,189.6875,98.515625,98.515625,98.515625,0.0,0.0,221.66748046875,124.140625,290.625,164.6875,0.7510545734897296
2013-05-14,5,634.1,252.96875,105.390625,105.390625,105.390625,0.0,0.0,85.3173828125,76.015625,92.890625,198.51806640625,0.19779087735363132
2013-05-14,6,611.3,207.109375,131.40625,131.40625,131.40625,0.0,0.0,233.974609375,139.21875,289.84375,170.92529296875,0.6437664343253058
2013-05-14,6,634.1,251.09375,146.015625,146.015625,146.015625,0.0,0.0,83.6962890625,74.84375,92.65625,206.38427734375,0.21282305583104835
2013-05-14,7,611.3,198.125,156.25,156.25,156.25,0.0,0.0,240.35888671875,170.390625,290.46875,176.39892578125,0.49957847050817156
2013-05-14,7,634.1,254.453125,172.890625,172.890625,172.890625,0.0,0.0,82.87841796875,73.671875,88.828125,209.8486328125,0.18287330250095737
2013-05-14,8,611.3,186.953125,114.6875,114.6875,114.6875,0.0,0.0,214.52392578125,126.09375,283.515625,162.6416015625,0.7338196633625056
2013-05-14,8,634.1,227.96875,127.03125,127.03125,127.03125,0.0,0.0,86.669921875,79.0625,91.953125,193.6376953125,0.14873239436619717
2013-05-14,9,611.3,204.765625,133.75,133.75,133.75,0.0,0.0,233.21044921875,135.3125,289.921875,171.80908203125,0.6629607529076766
2013-05-14,9,634.1,250.78125,143.515625,143.515625,143.515625,0.0,0.0,83.57666015625,75.234375,90.703125,205.4296875,0.18508456752256594
2013-05-15,0,611.3,223.671875,122.734375,122.734375,122.734375,0.0,0.0,216.19873046875,97.65625,287.265625,169.42138671875,0.8770142849076845
2013-05-15,0,634.1,258.671875,129.53125,129.53125,129.53125,0.0,0.0,82.87841796875,58.828125,90.859375,200.458984375,0.386484814563879
2013-05-15,1,611.3,240.9375,107.96875,107.96875,107.96875,0.0,0.0,217.91259765625,78.28125,290.3125,165.5712890625,0.9730105201832909
2013-05-15,1,634.1,250.625,114.53125,114.53125,114.53125,0.0,0.0,83.1494140625,73.4375,93.125,199.04296875,0.2367725644488813
2013-05-15,2,611.3,197.578125,117.34375,117.34375,117.34375,0.0,0.0,214.6875,106.5625,285.859375,166.51611328125,0.8351528384279476
2013-05-15,2,634.1,251.40625,123.828125,123.828125,123.828125,0.0,0.0,83.046875,71.5625,92.890625,200.341796875,0.2568203198494826
2013-05-15,3,611.3,216.25,106.875,106.875,106.875,0.0,0.0,221.40869140625,111.71875,288.828125,171.89697265625,0.7999206077914631
2013-05-15,3,634.1,252.03125,111.171875,111.171875,111.171875,0.0,0.0,82.705078125,70.234375,90.625,203.2470703125,0.24654622741764082
2013-05-15,4,611.3,213.046875,110.078125,110.078125,110.078125,0.0,0.0,206.38427734375,92.890625,290.859375,160.17822265625,0.9592239900632874
2013-05-15,4,634.1,236.25,118.671875,118.671875,118.671875,0.0,0.0,86.12548828125,76.875,93.59375,188.11279296875,0.19412081526206876
2013-05-15,5,611.3,189.21875,106.5625,106.5625,106.5625,0.0,0.0,212.36572265625,100.46875,291.171875,161.3623046875,0.897993906995459
2013-05-15,5,634.1,252.5,111.015625,111.015625,111.015625,0.0,0.0,85.126953125,76.25,91.484375,192.2607421875,0.1789606516003212
2013-05-15,6,611.3,247.8125,97.65625,97.65625,97.65625,0.0,0.0,223.4033203125,114.765625,287.734375,171.73583984375,0.7742443118484034
2013-05-15,6,634.1,251.09375,111.796875,111.796875,111.796875,0.0,0.0,83.4130859375,72.65625,93.359375,202.33154296875,0.24819996487736345
2013-05-15,7,611.3,218.828125,142.265625,142.265625,142.265625,0.0,0.0,232.48779296875,105.0,290.625,175.95947265625,0.7984290169804782
2013-05-15,7,634.1,251.5625,149.921875,149.921875,149.921875,0.0,0.0,81.37451171875,71.171875,91.484375,209.73876953125,0.2496174732231256
2013-05-15,8,611.3,216.875,113.046875,113.046875,113.046875,0.0,0.0,210.0,96.09375,290.78125,162.59521484375,0.9270833333333334
2013-05-15,8,634.1,236.71875,123.359375,123.359375,123.359375,0.0,0.0,85.8056640625,76.796875,93.75,191.0107421875,0.19757582655209696
2013-05-15,9,611.3,228.59375,133.046875,133.046875,133.046875,0.0,0.0,221.044921875,85.78125,289.84375,167.294921875,0.9231720786392754
2013-05-15,9,634.1,252.265625,135.78125,135.78125,135.78125,0.0,0.0,83.02490234375,69.84375,92.1875,201.064453125,0.2691210633104949
2013-05-16,0,611.3,244.6875,111.484375,111.484375,111.484375,0.0,0.0,222.52685546875,87.578125,288.984375,175.10986328125,0.9050873863100266
2013-05-16,0,634.1,259.84375,128.203125,128.203125,128.203125,0.0,0.0,81.97509765625,55.9375,92.8125,203.46923828125,0.4498317300533103
2013-05-16,1,611.3,221.25,138.28125,138.28125,138.28125,0.0,0.0,221.38671875,88.046875,291.015625,164.1845703125,0.9168063520070577
2013-05-16,1,634.1,236.953125,155.234375,155.234375,155.234375,0.0,0.0,84.37255859375,76.71875,92.109375,197.1923828125,0.182412685552244
2013-05-16,2,611.3,205.234375,146.953125,146.953125,146.953125,0.0,0.0,221.9921875,115.703125,289.140625,169.1259765625,0.7812774942811895
2013-05-16,2,634.1,243.4375,166.5625,166.5625,166.5625,0.0,0.0,83.79150390625,75.0,91.484375,201.27197265625,0.19673086448530056
2013-05-16,3,611.3,224.53125,124.84375,124.84375,124.84375,0.0,0.0,222.79296875,109.0625,289.53125,170.98876953125,0.8100289296046287
2013-05-16,3,634.1,252.890625,141.328125,141.328125,141.328125,0.0,0.0,83.3203125,68.59375,90.859375,202.14111328125,0.2672292545710267
2013-05-16,4,611.3,205.078125,130.9375,130.9375,130.9375,0.0,0.0,210.09521484375,104.6875,290.546875,160.869140625,0.8846435419208646
2013-05-16,4,634.1,236.40625,148.046875,148.046875,148.046875,0.0,0.0,86.1328125,76.875,92.8125,191.5673828125,0.18503401360544217
2013-05-16,5,611.3,190.0,144.140625,144.140625,144.140625,0.0,0.0,214.84375,90.78125,291.015625,162.37060546875,0.932
2013-05-16,5,634.1,251.875,165.859375,165.859375,165.859375,0.0,0.0,84.39697265625,71.171875,94.140625,197.18017578125,0.2721513494749631
2013-05-16,6,611.3,220.0,140.859375,140.859375,140.859375,0.0,0.0,224.404296875,98.90625,287.890625,169.08935546875,0.8421602332564515
2013-05-16,6,634.1,251.796875,161.09375,161.09375,161.09375,0.0,0.0,84.07958984375,73.515625,93.28125,200.6103515625,0.23508231946339905
2013-05-16,7,611.3,211.40625,156.40625,156.40625,156.40625,0.0,0.0,230.458984375,140.0,287.8125,179.375,0.6413831094537904
2013-05-16,7,634.1,254.609375,171.953125,171.953125,171.953125,0.0,0.0,79.8779296875,65.15625,89.140625,216.09375,0.3002628522525827
2013-05-16,8,611.3,197.8125,125.15625,125.15625,125.15625,0.0,0.0,207.82470703125,98.671875,279.375,161.884765625,0.8694977973568282
2013-05-16,8,634.1,225.703125,141.09375,141.09375,141.09375,0.0,0.0,86.7041015625,79.6875,93.359375,189.6435546875,0.15768429351804922
2013-05-16,9,611.3,230.15625,139.6875,139.6875,139.6875,0.0,0.0,227.23388671875,116.71875,291.484375,172.158203125,0.7691001880204137
2013-05-16,9,634.1,251.328125,150.703125,150.703125,150.703125,0.0,0.0,83.251953125,73.046875,91.484375,204.130859375,0.22146627565982405
2013-05-17,0,611.3,231.875,109.921875,109.921875,109.921875,0.0,0.0,210.25634765625,98.28125,291.484375,164.326171875,0.9188931851697031
2013-05-17,0,634.1,260.703125,117.96875,117.96875,117.96875,0.0,0.0,83.5302734375,52.34375,93.28125,196.2158203125,0.4900917752966622
2013-05-17,1,611.3,233.671875,123.671875,123.671875,123.671875,0.0,0.0,218.5791015625,104.0625,286.5625,170.7958984375,0.8349380096057187
2013-05-17,1,634.1,249.765625,128.125,128.125,128.125,0.0,0.0,83.01025390625,73.359375,90.9375,201.3916015625,0.2117584776918326
2013-05-17,2,611.3,210.546875,119.21875,119.21875,119.21875,0.0,0.0,211.02783203125,91.40625,285.234375,164.2822265625,0.9184955516734732
2013-05-17,2,634.1,252.96875,122.34375,122.34375,122.34375,0.0,0.0,82.255859375,68.515625,92.109375,202.060546875,0.2868336697138787
2013-05-17,3,611.3,217.578125,112.96875,112.96875,112.96875,0.0,0.0,215.16845703125,84.921875,289.140625,163.6376953125,0.9491110026891176
2013-05-17,3,634.1,253.671875,115.703125,115.703125,115.703125,0.0,0.0,83.01513671875,66.953125,93.828125,198.84033203125,0.3237361409287416
2013-05-17,4,611.3,241.640625,102.109375,102.109375,102.109375,0.0,0.0,221.62841796875,104.609375,290.859375,169.3701171875,0.8403705702860794
2013-05-17,4,634.1,242.265625,111.09375,111.09375,111.09375,0.0,0.0,83.79150390625,75.3125,93.671875,198.64013671875,0.21910783485329682
2013-05-17,5,611.3,197.5,105.546875,105.546875,105.546875,0.0,0.0,217.00439453125,98.28125,290.46875,168.14453125,0.885638746695168
2013-05-17,5,634.1,253.984375,108.203125,108.203125,108.203125,0.0,0.0,82.93212890625,71.484375,91.328125,202.04833984375,0.2392769878418558
2013-05-17,6,611.3,245.234375,114.296875,114.296875,114.296875,0.0,0.0,218.95263671875,99.6875,290.625,166.10107421875,0.8720493293043274
2013-05-17,6,634.1,251.25,125.0,125.0,125.0,0.0,0.0,84.0478515625,72.578125,93.046875,198.134765625,0.24353686167431593
2013-05-17,7,611.3,237.890625,111.640625,111.640625,111.640625,0.0,0.0,221.796875,97.65625,291.25,174.2578125,0.8728425501937301
2013-05-17,7,634.1,254.765625,125.3125,125.3125,125.3125,0.0,0.0,80.91552734375,64.765625,92.578125,208.36669921875,0.3437226563678605
2013-05-17,8,611.3,243.75,117.96875,117.96875,117.96875,0.0,0.0,215.0341796875,105.234375,291.40625,168.2275390625,0.8657780603555939
2013-05-17,8,634.1,249.53125,123.59375,123.59375,123.59375,0.0,0.0,84.86083984375,73.4375,92.34375,195.49072265625,0.22279121954026296
2013-05-17,9,611.3,209.6875,135.859375,135.859375,135.859375,0.0,0.0,220.9814453125,115.15625,291.5625,167.23876953125,0.7982853481229423
2013-05-17,9,634.1,252.8125,138.359375,138.359375,138.359375,0.0,0.0,84.24560546875,76.171875,90.9375,197.6953125,0.17526878604341148
2013-05-18,0,611.3,220.3125,117.1875,117.1875,117.1875,0.0,0.0,214.78515625,106.171875,289.375,174.37744140625,0.852959898154042
2013-05-18,0,634.1,260.78125,128.515625,128.515625,128.515625,0.0,0.0,81.4404296875,52.109375,92.34375,205.25634765625,0.4940344145332454
2013-05-18,1,611.3,268.046875,125.859375,125.859375,125.859375,0.0,0.0,227.50244140625,133.203125,288.671875,180.56640625,0.6833717873048237
2013-05-18,1,634.1,253.671875,133.046875,133.046875,133.046875,0.0,0.0,81.3671875,71.40625,90.78125,209.58740234375,0.23811809889582333
2013-05-18,2,611.3,226.015625,144.609375,144.609375,144.609375,0.0,0.0,220.79345703125,116.09375,290.9375,174.04052734375,0.7918882758163142
2013-05-18,2,634.1,254.296875,140.3125,140.3125,140.3125,0.0,0.0,81.83837890625,65.78125,89.921875,205.5712890625,0.29497926672831953
2013-05-18,3,611.3,199.21875,113.4375,113.4375,113.4375,0.0,0.0,220.22705078125,121.796875,289.453125,172.04345703125,0.7612881769303254
2013-05-18,3,634.1,251.875,126.25,126.25,126.25,0.0,0.0,83.515625,70.625,91.875,201.5576171875,0.25444340505144997
2013-05-18,4,611.3,228.4375,128.046875,128.046875,128.046875,0.0,0.0,220.13671875,131.71875,288.75,172.72216796875,0.7133351077987756
2013-05-18,4,634.1,243.75,139.21875,139.21875,139.21875,0.0,0.0,83.90869140625,74.921875,91.40625,199.99267578125,0.1964561087026099
2013-05-18,5,611.3,229.453125,97.109375,97.109375,97.109375,0.0,0.0,218.4716796875,84.453125,288.90625,171.43798828125,0.9358335382070938
2013-05-18,5,634.1,254.0625,100.9375,100.9375,100.9375,0.0,0.0,84.4091796875,75.9375,93.4375,197.20458984375,0.2073234222247932
2013-05-18,6,611.3,300.0,110.78125,110.78125,110.78125,0.0,0.0,230.08056640625,114.453125,290.703125,182.138671875,0.7660360140490869
2013-05-18,6,634.1,254.84375,121.40625,121.40625,121.40625,0.0,0.0,80.4931640625,65.46875,90.703125,213.2421875,0.31349711859266
2013-05-18,7,611.3,256.71875,158.28125,158.28125,158.28125,0.0,0.0,233.97216796875,142.65625,276.09375,190.97900390625,0.570313559764178
2013-05-18,7,634.1,253.046875,170.859375,170.01196291437492,170.859375,0.8474120856250806,0.0,78.5302734375,68.90625,89.6875,220.93994140625,0.2646272461605422
2013-05-18,8,611.3,269.921875,129.0625,129.0625,129.0625,0.0,0.0,209.5654296875,99.765625,274.140625,169.21630859375,0.832079032596286
2013-05-18,8,634.1,252.578125,137.5,137.5,137.5,0.0,0.0,85.6201171875,69.765625,90.9375,192.51953125,0.247276874821785
2013-05-18,9,611.3,218.75,129.921875,129.921875,129.921875,0.0,0.0,228.34228515625,117.03125,286.875,178.37890625,0.7438120796758225
2013-05-18,9,634.1,252.5,133.28125,133.28125,133.28125,0.0,0.0,81.58935546875,69.375,89.609375,208.6083984375,0.24800263323259225
2013-05-19,0,611.3,225.3125,126.40625,126.40625,126.40625,0.0,0.0,215.2587890625,89.140625,288.828125,176.87255859375,0.9276624702279687
2013-05-19,0,634.1,259.765625,132.96875,132.96875,132.96875,0.0,0.0,79.58740234375,54.453125,91.5625,210.72509765625,0.4662719715328691
2013-05-19,1,611.3,240.46875,135.390625,135.390625,135.390625,0.0,0.0,219.65087890625,132.578125,281.953125,178.24951171875,0.6800564638931187
2013-05-19,1,634.1,254.921875,141.328125,141.328125,141.328125,0.0,0.0,81.27685546875,64.53125,89.921875,207.3876953125,0.31239674386470817
2013-05-19,2,611.3,249.921875,129.84375,129.84375,129.84375,0.0,0.0,226.3916015625,139.140625,285.703125,188.349609375,0.6473848808368381
2013-05-19,2,634.1,254.140625,131.5625,131.5625,131.5625,0.0,0.0,79.0478515625,66.015625,89.84375,215.9814453125,0.30143924887269136
2013-05-19,3,611.3,238.28125,117.65625,117.65625,117.65625,0.0,0.0,222.080078125,119.296875,291.40625,178.9892578125,0.7749879073039884
2013-05-19,3,634.1,252.578125,125.15625,125.15625,125.15625,0.0,0.0,81.2841796875,69.140625,91.71875,208.99169921875,0.27776776596383734
2013-05-19,4,611.3,202.65625,113.4375,113.4375,113.4375,0.0,0.0,222.431640625,127.03125,290.234375,173.84765625,0.7337226149185582
2013-05-19,4,634.1,242.265625,122.421875,122.421875,122.421875,0.0,0.0,83.7451171875,75.3125,90.9375,200.56396484375,0.18657804209667075
2013-05-19,5,611.3,233.359375,117.421875,117.421875,117.421875,0.0,0.0,218.8525390625,96.328125,290.859375,166.89453125,0.8888690569152853
2013-05-19,5,634.1,252.8125,123.203125,123.203125,123.203125,0.0,0.0,83.896484375,75.703125,92.96875,198.2177734375,0.2057967640554068
2013-05-19,6,611.3,279.84375,124.53125,124.53125,124.53125,0.0,0.0,235.31982421875,145.625,288.984375,185.62744140625,0.6092107856868665
2013-05-19,6,634.1,253.828125,138.515625,138.515625,138.515625,0.0,0.0,79.365234375,66.640625,90.390625,218.1982421875,0.2992494155284853
2013-05-19,7,611.3,252.265625,144.453125,144.453125,144.453125,0.0,0.0,233.13232421875,145.546875,283.828125,189.87548828125,0.5931449037082028
2013-05-19,7,634.1,252.890625,155.15625,155.15625,155.15625,0.0,0.0,77.83447265625,68.515625,88.203125,222.99560546875,0.25294062294156394
2013-05-19,8,611.3,241.796875,127.8125,127.8125,127.8125,0.0,0.0,215.40283203125,124.765625,290.46875,169.57275390625,0.7692708746557254
2013-05-19,8,634.1,235.078125,135.234375,135.234375,135.234375,0.0,0.0,85.0732421875,77.1875,94.140625,195.5859375,0.19927681799919647
2013-05-19,9,611.3,265.390625,149.921875,149.921875,149.921875,0.0,0.0,235.59814453125,136.953125,291.40625,182.978515625,0.6555786986663351
2013-05-19,9,634.1,252.96875,150.9375,150.9375,150.9375,0.0,0.0,81.46484375,71.640625,88.75,210.302734375,0.21002157755933828
2013-05-20,0,611.3,221.796875,105.78125,105.78125,105.78125,0.0,0.0,203.20068359375,91.796875,283.90625,169.6044921875,0.9454169720416672
2013-05-20,0,634.1,260.703125,114.0625,114.0625,114.0625,0.0,0.0,78.52783203125,52.34375,92.1875,210.3173828125,0.5073838022695476
2013-05-20,1,611.3,215.546875,111.40625,111.40625,111.40625,0.0,0.0,219.912109375,105.078125,288.671875,170.3369140625,0.8348505706292464
2013-05-20,1,634.1,252.265625,121.640625,121.640625,121.640625,0.0,0.0,81.65283203125,69.765625,91.328125,207.0751953125,0.26407534758558826
2013-05-20,2,611.3,209.21875,116.796875,116.796875,116.796875,0.0,0.0,217.3486328125,103.75,291.25,171.181640625,0.8626693325545346
2013-05-20,2,634.1,253.515625,117.421875,117.421875,117.421875,0.0,0.0,81.8359375,67.34375,91.71875,205.56396484375,0.2978520286396181
2013-05-20,3,611.3,240.46875,108.75,108.75,108.75,0.0,0.0,218.38623046875,84.375,287.265625,172.998046875,0.9290449519848856
2013-05-20,3,634.1,253.359375,115.0,115.0,115.0,0.0,0.0,80.78125,67.578125,94.0625,209.33837890625,0.327852998065764
2013-05-20,4,611.3,232.1875,116.25,116.25,116.25,0.0,0.0,219.6484375,95.390625,291.5625,165.24658203125,0.8931175529077006
2013-05-20,4,634.1,245.234375,125.9375,125.9375,125.9375,0.0,0.0,84.05029296875,74.53125,93.90625,197.6806640625,0.23051674557759896
2013-05-20,5,611.3,197.734375,104.6875,104.6875,104.6875,0.0,0.0,221.18408203125,101.09375,290.9375,172.8662109375,0.8583065664425974
2013-05-20,5,634.1,254.53125,108.90625,108.90625,108.90625,0.0,0.0,82.70751953125,69.21875,91.09375,204.39697265625,0.26448622959530066
2013-05-20,6,611.3,264.921875,111.875,111.875,111.875,0.0,0.0,219.93408203125,103.046875,287.1875,172.40234375,0.8372537048343232
2013-05-20,6,634.1,253.125,122.8125,122.8125,122.8125,0.0,0.0,81.4453125,68.046875,92.421875,208.193359375,0.2992805755395683
2013-05-20,7,611.3,233.4375,142.890625,142.890625,142.890625,0.0,0.0,231.15478515625,117.96875,289.296875,181.025390625,0.7411835531944108
2013-05-20,7,634.1,252.265625,152.109375,152.109375,152.109375,0.0,0.0,79.28466796875,69.765625,90.390625,217.255859375,0.2601385681293302
2013-05-20,8,611.3,240.078125,105.078125,105.078125,105.078125,0.0,0.0,221.03759765625,104.53125,290.859375,166.5966796875,0.8429702773451738
2013-05-20,8,634.1,251.484375,112.8125,112.8125,112.8125,0.0,0.0,83.71337890625,71.25,93.984375,199.8046875,0.2715739741608096
2013-05-20,9,611.3,200.859375,128.671875,128.671875,128.671875,0.0,0.0,226.21826171875,127.65625,289.765625,173.3740234375,0.716606050140839
2013-05-20,9,634.1,255.78125,134.765625,134.765625,134.765625,0.0,0.0,80.92041015625,62.8125,90.0,210.673828125,0.33597827726655605
2013-05-21,0,611.3,261.25,97.03125,97.03125,97.03125,0.0,0.0,218.251953125,87.578125,291.40625,168.84765625,0.9339120318582487
2013-05-21,0,634.1,258.90625,111.875,111.875,111.875,0.0,0.0,80.95947265625,56.5625,93.359375,207.03857421875,0.4545098157474141
2013-05-21,1,611.3,245.078125,106.328125,106.328125,106.328125,0.0,0.0,219.7119140625,108.4375,290.703125,166.54052734375,0.8295664155388137
2013-05-21,1,634.1,250.46875,120.859375,120.859375,120.859375,0.0,0.0,83.6279296875,73.125,93.515625,200.82275390625,0.24382553862322648
2013-05-21,2,611.3,206.5625,124.921875,124.921875,124.921875,0.0,0.0,219.0234375,117.34375,291.5625,168.447265625,0.795434278580346
2013-05-21,2,634.1,254.0625,128.046875,128.046875,128.046875,0.0,0.0,82.26318359375,66.171875,93.28125,206.01806640625,0.329544442795667
2013-05-21,3,611.3,234.21875,118.359375,118.359375,118.359375,0.0,0.0,229.78515625,123.828125,291.09375,177.119140625,0.7279218019549512
2013-05-21,3,634.1,251.640625,123.59375,123.59375,123.59375,0.0,0.0,81.5478515625,71.09375,88.828125,209.86328125,0.21747200766421174
2013-05-21,4,611.3,209.375,95.703125,95.703125,95.703125,0.0,0.0,207.5341796875,89.6875,291.171875,161.03759765625,0.9708491165329506
2013-05-21,4,634.1,232.65625,115.859375,115.859375,115.859375,0.0,0.0,86.6015625,77.890625,94.0625,189.18212890625,0.18673883626522328
2013-05-21,5,611.3,210.078125,110.46875,110.46875,110.46875,0.0,0.0,217.63427734375,96.484375,289.140625,163.251953125,0.8852293505939894
2013-05-21,5,634.1,253.046875,118.515625,118.515625,118.515625,0.0,0.0,84.75341796875,75.0,92.578125,196.30126953125,0.20740313985308945
2013-05-21,6,611.3,255.9375,134.375,134.375,134.375,0.0,0.0,231.552734375,137.1875,285.625,175.7568359375,0.641052675973177
2013-05-21,6,634.1,252.8125,146.40625,146.40625,146.40625,0.0,0.0,82.10205078125,71.5625,92.890625,209.56298828125,0.2597757887537542
2013-05-21,7,611.3,242.96875,139.375,139.375,139.375,0.0,0.0,233.01513671875,127.265625,289.921875,177.26318359375,0.6980501451127898
2013-05-21,7,634.1,252.578125,148.75,148.75,148.75,0.0,0.0,80.9912109375,69.453125,91.09375,212.998046875,0.26719720262856456
2013-05-21,8,611.3,227.578125,112.03125,112.03125,112.03125,0.0,0.0,215.79833984375,106.640625,290.78125,162.95654296875,0.853299544071229
2013-05-21,8,634.1,232.8125,124.609375,124.609375,124.609375,0.0,0.0,85.64697265625,77.8125,95.0,194.58251953125,0.20067842991932955
2013-05-21,9,611.3,214.921875,135.15625,135.15625,135.15625,0.0,0.0,229.453125,102.5,291.015625,173.4228515625,0.8215866530473273
2013-05-21,9,634.1,253.359375,142.8125,142.8125,142.8125,0.0,0.0,81.669921875,67.65625,91.953125,208.525390625,0.2975008968073658
2013-05-22,0,611.3,214.21875,150.859375,150.859375,150.859375,0.0,0.0,232.95166015625,141.640625,290.703125,176.01318359375,0.6398859741974701
2013-05-22,0,634.1,259.296875,170.703125,170.703125,170.703125,0.0,0.0,79.6630859375,55.390625,92.1875,219.23583984375,0.46190622126877107
2013-05-22,1,611.3,215.078125,158.90625,158.90625,158.90625,0.0,0.0,233.30078125,147.890625,291.5625,177.44873046875,0.6158225198827961
2013-05-22,1,634.1,255.703125,182.1875,175.69665529718742,182.1875,6.490844702812581,0.0,80.4541015625,62.96875,91.484375,216.27685546875,0.35443345269163073
2013-05-22,2,611.3,227.421875,158.984375,158.984375,158.984375,0.0,0.0,247.86376953125,193.359375,291.40625,183.8623046875,0.3955675941886235
2013-05-22,2,634.1,252.265625,185.234375,174.99157717218742,185.234375,10.24279782781258,0.0,79.921875,69.84375,88.125,220.79833984375,0.2287390029325513
2013-05-22,3,611.3,222.578125,148.203125,148.203125,148.203125,0.0,0.0,239.1845703125,142.734375,287.578125,176.45751953125,0.605573134633051
2013-05-22,3,634.1,255.234375,171.5625,171.5625,171.5625,0.0,0.0,79.3017578125,63.90625,92.578125,221.4404296875,0.361554091496829
2013-05-22,4,611.3,202.890625,150.9375,150.9375,150.9375,0.0,0.0,236.689453125,160.703125,288.125,172.52197265625,0.5383504559145109
2013-05-22,4,634.1,249.21875,172.8125,172.8125,172.8125,0.0,0.0,83.62060546875,73.515625,90.546875,207.7734375,0.20367288546319814
2013-05-22,5,611.3,204.609375,154.53125,154.53125,154.53125,0.0,0.0,240.76416015625,174.140625,289.375,177.43408203125,0.47861930498798383
2013-05-22,5,634.1,253.28125,174.453125,174.453125,174.453125,0.0,0.0,81.91162109375,71.40625,90.703125,213.88671875,0.2355816518136568
2013-05-22,6,611.3,224.84375,154.375,154.375,154.375,0.0,0.0,233.603515625,170.46875,286.484375,181.0546875,0.4966347560720706
2013-05-22,6,634.1,257.265625,174.296875,170.24111330499994,174.296875,4.055761695000058,0.0,78.955078125,59.6875,90.390625,220.00244140625,0.3888682745825603
2013-05-22,7,611.3,256.09375,158.125,158.125,158.125,0.0,0.0,246.15478515625,171.953125,288.984375,189.08935546875,0.4754376394743367
2013-05-22,7,634.1,257.1875,182.34375,164.90014650812492,182.34375,17.44360349187508,0.0,76.64306640625,59.921875,87.734375,230.16357421875,0.3628834453540598
2013-05-22,8,611.3,230.15625,159.140625,159.140625,159.140625,0.0,0.0,233.48388671875,172.96875,285.78125,175.6005859375,0.48317038741046686
2013-05-22,8,634.1,251.5625,180.078125,180.078125,180.078125,0.0,0.0,82.6318359375,71.171875,92.890625,211.16943359375,0.26283755835253797
2013-05-22,9,611.3,235.390625,158.28125,158.28125,158.28125,0.0,0.0,240.89599609375,156.25,289.453125,181.3330078125,0.5529486880643756
2013-05-22,9,634.1,256.71875,182.890625,170.11772463312494,182.890625,12.772900366875064,0.0,78.41796875,60.78125,90.625,223.43017578125,0.38057285180572853
2013-05-23,0,611.3,211.25,162.421875,162.421875,162.421875,0.0,0.0,241.6455078125,138.28125,288.59375,181.904296875,0.6220372203924104
2013-05-23,0,634.1,259.53125,175.625,172.85871584406243,175.625,2.7662841559375693,0.0,79.375,54.84375,90.0,220.23193359375,0.44291338582677164
2013-05-23,1,611.3,238.046875,148.4375,148.4375,148.4375,0.0,0.0,251.84814453125,188.671875,291.5625,183.81591796875,0.40854231898950144
2013-05-23,1,634.1,251.875,171.640625,171.640625,171.640625,0.0,0.0,79.8876953125,70.546875,90.390625,222.11669921875,0.24839557484261354
2013-05-23,2,611.3,221.796875,159.609375,159.609375,159.609375,0.0,0.0,249.8388671875,209.6875,289.140625,186.45751953125,0.31801747219887816
2013-05-23,2,634.1,254.140625,186.953125,174.00446779718743,186.953125,12.94865720281257,0.0,79.33349609375,66.171875,85.46875,222.73681640625,0.24323742114171412
2013-05-23,3,611.3,251.015625,150.78125,150.78125,150.78125,0.0,0.0,250.86181640625,193.203125,290.546875,186.03759765625,0.3880373322433408
2013-05-23,3,634.1,253.671875,172.734375,172.734375,172.734375,0.0,0.0,78.83056640625,67.03125,87.421875,224.59716796875,0.25866394128031217
2013-05-23,4,611.3,213.828125,151.640625,151.640625,151.640625,0.0,0.0,244.42138671875,163.4375,288.828125,176.56494140625,0.5130100384557759
2013-05-23,4,634.1,249.6875,173.125,173.125,173.125,0.0,0.0,82.94921875,73.359375,92.34375,210.8251953125,0.22886743583706146
2013-05-23,5,611.3,209.453125,153.4375,153.4375,153.4375,0.0,0.0,241.30859375,191.25,290.78125,180.10009765625,0.41246458923512747
2013-05-23,5,634.1,253.359375,173.90625,173.90625,173.90625,0.0,0.0,80.8203125,67.734375,89.921875,217.48291015625,0.27452875785403574
2013-05-23,6,611.3,220.15625,143.359375,143.359375,143.359375,0.0,0.0,257.5146484375,201.328125,291.09375,184.67041015625,0.34858453895599084
2013-05-23,6,634.1,252.421875,169.375,169.375,169.375,0.0,0.0,79.7265625,70.625,87.5,222.96630859375,0.2116609505144537
2013-05-23,7,611.3,224.6875,157.890625,157.890625,157.890625,0.0,0.0,252.2900390625,207.34375,291.40625,185.69580078125,0.3331978555807157
2013-05-23,7,634.1,254.375,181.484375,165.55234377374993,181.484375,15.932031226250075,0.0,77.15087890625,65.703125,87.34375,230.31494140625,0.2804974526122591
2013-05-23,8,611.3,228.59375,156.953125,156.953125,156.953125,0.0,0.0,248.78662109375,199.84375,291.25,182.12646484375,0.36740822154401737
2013-05-23,8,634.1,243.046875,178.203125,178.203125,178.203125,0.0,0.0,82.71728515625,75.078125,90.78125,211.93603515625,0.189840913786488
2013-05-23,9,611.3,226.015625,156.5625,156.5625,156.5625,0.0,0.0,250.09521484375,153.984375,290.46875,182.32666015625,0.5457296537451557
2013-05-23,9,634.1,251.796875,177.265625,173.73125002374994,177.265625,3.5343749762500636,0.0,79.1650390625,70.703125,91.40625,224.12109375,0.26151853450934437
2013-05-24,0,611.3,219.453125,160.625,160.625,160.625,0.0,0.0,222.27783203125,114.21875,283.046875,175.9619140625,0.7595364929430501
2013-05-24,0,634.1,261.171875,174.609375,172.25939943781242,174.609375,2.3499755621875806,0.0,80.10498046875,51.25,92.421875,213.85986328125,0.5139739721434885
2013-05-24,1,611.3,221.640625,146.953125,146.953125,146.953125,0.0,0.0,225.90576171875,134.53125,281.71875,174.65576171875,0.6515438069403767
2013-05-24,1,634.1,253.125,169.0625,169.0625,169.0625,0.0,0.0,82.5830078125,68.046875,90.0,207.5,0.26583101756045646
2013-05-24,2,611.3,249.453125,151.25,151.25,151.25,0.0,0.0,226.71142578125,139.375,288.90625,174.4580078125,0.6595664487782815
2013-05-24,2,634.1,255.3125,169.140625,169.140625,169.140625,0.0,0.0,81.91162109375,63.75,95.0,209.4677734375,0.38150874787636735
2013-05-24,3,611.3,250.546875,156.640625,156.640625,156.640625,0.0,0.0,235.11962890625,133.203125,290.3125,175.11962890625,0.6682103732931831
2013-05-24,3,634.1,252.890625,174.53125,174.53125,174.53125,0.0,0.0,81.54541015625,68.515625,92.578125,212.11181640625,0.29508098559923357
2013-05-24,4,611.3,263.59375,154.296875,154.296875,154.296875,0.0,0.0,241.11572265625,157.96875,290.625,180.6396484375,0.5501766891789269
2013-05-24,4,634.1,246.171875,174.296875,174.296875,174.296875,0.0,0.0,82.392578125,74.296875,91.171875,209.91455078125,0.20481213701552684
2013-05-24,5,611.3,212.34375,147.890625,147.890625,147.890625,0.0,0.0,230.79833984375,143.046875,288.125,173.4423828125,0.6285925847569683
2013-05-24,5,634.1,256.71875,168.984375,168.984375,168.984375,0.0,0.0,82.03369140625,69.0625,92.421875,210.771484375,0.28475342995744174
2013-05-24,6,611.3,239.609375,143.203125,143.203125,143.203125,0.0,0.0,234.3115234375,141.71875,291.25,173.32763671875,0.6381728384770875
2013-05-24,6,634.1,252.109375,168.4375,168.4375,168.4375,0.0,0.0,82.08984375,70.15625,91.796875,211.30615234375,0.2636212229359981
2013-05-24,7,611.3,241.171875,158.046875,158.046875,158.046875,0.0,0.0,243.45458984375,155.15625,289.84375,184.697265625,0.5532345891956397
2013-05-24,7,634.1,254.6875,181.875,174.08378908624994,181.875,7.791210913750064,0.0,79.6728515625,68.203125,88.4375,219.74853515625,0.25396825396825395
2013-05-24,8,611.3,209.375,148.671875,148.671875,148.671875,0.0,0.0,224.33349609375,153.4375,288.671875,173.0908203125,0.6028273858108328
2013-05-24,8,634.1,251.328125,171.796875,171.796875,171.796875,0.0,0.0,83.8232421875,71.5625,91.796875,204.56787109375,0.2413933710025048
2013-05-24,9,611.3,239.296875,159.296875,159.296875,159.296875,0.0,0.0,236.49658203125,160.15625,291.328125,181.68701171875,0.5546459651694556
2013-05-24,9,634.1,256.328125,179.921875,176.56037600031243,179.921875,3.3614989996875693,0.0,80.0634765625,61.71875,90.3125,216.82861328125,0.35713850094529487
2013-05-25,0,611.3,219.375,112.265625,112.265625,112.265625,0.0,0.0,210.80078125,110.15625,279.609375,171.09375,0.8038543500416937
2013-05-25,0,634.1,261.015625,125.46875,125.46875,125.46875,0.0,0.0,81.74560546875,51.640625,92.421875,205.7470703125,0.498880028671266
2013-05-25,1,611.3,208.4375,156.328125,156.328125,156.328125,0.0,0.0,221.67236328125,119.921875,290.3125,170.29296875,0.768659757480974
2013-05-25,1,634.1,239.765625,169.6875,169.6875,169.6875,0.0,0.0,84.57763671875,76.015625,92.03125,198.82568359375,0.18936004387610772
2013-05-25,2,611.3,213.203125,128.046875,128.046875,128.046875,0.0,0.0,229.1552734375,114.609375,291.09375,172.95166015625,0.7701519251667341
2013-05-25,2,634.1,247.109375,138.59375,138.59375,138.59375,0.0,0.0,82.92724609375,74.0625,91.875,205.048828125,0.21479671445815054
2013-05-25,3,611.3,264.921875,142.890625,142.890625,142.890625,0.0,0.0,238.525390625,168.203125,289.53125,185.94970703125,0.5086591606960081
2013-05-25,3,634.1,251.25,156.328125,156.328125,156.328125,0.0,0.0,80.76171875,71.875,88.046875,214.248046875,0.20024183796856107
2013-05-25,4,611.3,257.03125,154.921875,154.921875,154.921875,0.0,0.0,234.12841796875,142.96875,288.75,181.12548828125,0.6226550850373831
2013-05-25,4,634.1,250.703125,174.609375,174.609375,174.609375,0.0,0.0,81.9921875,72.96875,87.890625,209.2431640625,0.18199142448785136
2013-05-25,5,611.3,230.078125,135.78125,135.78125,135.78125,0.0,0.0,225.0,129.921875,289.921875,175.33203125,0.7111111111111111
2013-05-25,5,634.1,257.734375,140.0,140.0,140.0,0.0,0.0,84.1357421875,76.328125,92.1875,201.1328125,0.1884974754802391
2013-05-25,6,611.3,275.0,132.8125,132.8125,132.8125,0.0,0.0,234.345703125,139.53125,291.171875,177.2802734375,0.6470808851106389
2013-05-25,6,634.1,252.734375,159.6875,159.6875,159.6875,0.0,0.0,82.65869140625,74.296875,91.328125,207.9443359375,0.20604306347284165
2013-05-25,7,611.3,251.171875,157.734375,157.734375,157.734375,0.0,0.0,248.89404296875,176.40625,290.78125,195.02197265625,0.45953289454324303
2013-05-25,7,634.1,253.515625,176.71875,172.81464846124993,176.71875,3.9041015387500693,0.0,78.5595703125,67.34375,87.65625,222.5341796875,0.2585617502641556
2013-05-25,8,611.3,201.015625,137.890625,137.890625,137.890625,0.0,0.0,222.34130859375,144.0625,289.6875,174.33349609375,0.6549615135443775
2013-05-25,8,634.1,250.9375,152.265625,152.265625,152.265625,0.0,0.0,82.9296875,72.421875,89.921875,206.123046875,0.2110221384832784
2013-05-25,9,611.3,257.265625,157.109375,157.109375,157.109375,0.0,0.0,229.05029296875,144.140625,291.25,189.99267578125,0.6422579648045705
2013-05-25,9,634.1,258.90625,169.84375,167.58825685968742,169.84375,2.2554931403125806,0.0,77.72705078125,56.171875,91.484375,220.34912109375,0.4543141627665923
2013-05-26,0,611.3,247.03125,136.796875,136.796875,136.796875,0.0,0.0,215.380859375,95.078125,289.375,177.890625,0.9021083654500114
2013-05-26,0,634.1,262.5,141.796875,141.796875,141.796875,0.0,0.0,79.1015625,48.359375,89.6875,212.66357421875,0.5224691358024691
2013-05-26,1,611.3,260.859375,145.15625,145.15625,145.15625,0.0,0.0,223.48876953125,126.875,286.5625,177.099609375,0.71452136201265
2013-05-26,1,634.1,252.734375,151.640625,151.640625,151.640625,0.0,0.0,81.99951171875,68.90625,90.3125,206.6064453125,0.261053383749665
2013-05-26,2,611.3,223.359375,153.359375,153.359375,153.359375,0.0,0.0,231.11572265625,131.796875,290.15625,180.9716796875,0.685195161886653
2013-05-26,2,634.1,248.4375,150.46875,150.46875,150.46875,0.0,0.0,81.4990234375,73.671875,90.0,209.51416015625,0.20034749266071536
2013-05-26,3,611.3,237.96875,147.578125,147.578125,147.578125,0.0,0.0,226.25,117.421875,289.453125,176.04736328125,0.7603591160220995
2013-05-26,3,634.1,252.34375,152.109375,152.109375,152.109375,0.0,0.0,81.3232421875,69.6875,92.734375,209.27734375,0.28339837886520564
2013-05-26,4,611.3,231.71875,141.171875,141.171875,141.171875,0.0,0.0,226.76513671875,121.640625,290.0,178.9697265625,0.7424394130249884
2013-05-26,4,634.1,250.859375,148.046875,148.046875,148.046875,0.0,0.0,82.14111328125,72.578125,90.703125,207.04833984375,0.2206568583742012
2013-05-26,5,611.3,199.21875,116.71875,116.71875,116.71875,0.0,0.0,222.64404296875,105.546875,290.9375,169.00146484375,0.8326772301113
2013-05-26,5,634.1,253.359375,120.390625,120.390625,120.390625,0.0,0.0,83.76220703125,75.703125,93.203125,199.9658203125,0.20892477192573378
2013-05-26,6,611.3,289.453125,132.421875,132.421875,132.421875,0.0,0.0,230.44189453125,135.0,291.015625,184.95849609375,0.6770280435220206
2013-05-26,6,634.1,253.046875,141.640625,141.640625,141.640625,0.0,0.0,80.8056640625,68.203125,91.015625,212.5,0.2823131307027615
2013-05-26,7,611.3,250.0,153.984375,153.984375,153.984375,0.0,0.0,236.9873046875,138.515625,283.828125,190.32470703125,0.613165756670444
2013-05-26,7,634.1,255.546875,161.5625,161.5625,161.5625,0.0,0.0,78.73779296875,66.796875,90.625,220.2490234375,0.3026262751542588
2013-05-26,8,611.3,228.59375,151.5625,151.5625,151.5625,0.0,0.0,220.673828125,124.609375,291.171875,172.48779296875,0.7547904589104748
2013-05-26,8,634.1,251.640625,167.8125,167.8125,167.8125,0.0,0.0,82.88330078125,71.09375,90.15625,204.482421875,0.2299920468938702
2013-05-26,9,611.3,221.09375,143.984375,143.984375,143.984375,0.0,0.0,232.1044921875,137.65625,289.84375,179.1845703125,0.6556852845271904
2013-05-26,9,634.1,251.953125,161.015625,161.015625,161.015625,0.0,0.0,81.552734375,70.46875,91.25,210.02685546875,0.2548197820620285
2013-05-27,0,611.3,207.65625,158.046875,158.046875,158.046875,0.0,0.0,228.095703125,166.796875,286.71875,178.7109375,0.5257524510853278
2013-05-27,0,634.1,258.671875,172.578125,171.87160646906244,172.578125,0.7065185309375579,0.0,78.4130859375,63.4375,90.703125,221.6455078125,0.3477177906469892
2013-05-27,1,611.3,235.859375,153.28125,153.28125,153.28125,0.0,0.0,240.9912109375,176.40625,290.390625,182.1826171875,0.4729814608448992
2013-05-27,1,634.1,251.40625,173.828125,173.828125,173.828125,0.0,0.0,81.32568359375,71.5625,90.625,215.11474609375,0.23439704602083397
2013-05-27,2,611.3,239.296875,158.4375,158.4375,158.4375,0.0,0.0,231.79443359375,141.71875,289.0625,178.57666015625,0.6356656098922512
2013-05-27,2,634.1,252.265625,172.265625,172.265625,172.265625,0.0,0.0,82.47802734375,69.84375,92.03125,210.1025390625,0.2690110410561525
2013-05-27,3,611.3,215.390625,133.046875,133.046875,133.046875,0.0,0.0,230.3759765625,151.171875,288.984375,177.79052734375,0.5982069053220576
2013-05-27,3,634.1,253.59375,158.75,158.75,158.75,0.0,0.0,79.228515625,67.1875,92.109375,220.47119140625,0.31455688401331194
2013-05-27,4,611.3,222.890625,121.640625,121.640625,121.640625,0.0,0.0,243.92578125,132.5,290.859375,175.83984375,0.6492113059492354
2013-05-27,4,634.1,250.46875,146.09375,146.09375,146.09375,0.0,0.0,81.5869140625,73.125,92.03125,213.515625,0.23173140223831468
2013-05-27,5,611.3,195.703125,140.859375,140.859375,140.859375,0.0,0.0,230.26123046875,136.875,289.609375,170.95703125,0.6633091236812808
2013-05-27,5,634.1,254.296875,158.359375,158.359375,158.359375,0.0,0.0,83.61328125,73.046875,91.25,206.06201171875,0.21770614342443353
2013-05-27,6,611.3,264.53125,145.234375,145.234375,145.234375,0.0,0.0,237.59033203125,160.390625,288.125,185.12451171875,0.5376244643792966
2013-05-27,6,634.1,257.34375,170.15625,170.15625,170.15625,0.0,0.0,78.984375,59.453125,90.390625,220.23681640625,0.3916913946587537
2013-05-27,7,611.3,211.953125,158.4375,158.4375,158.4375,0.0,0.0,235.08056640625,181.640625,288.828125,185.4296875,0.45596070163777797
2013-05-27,7,634.1,255.3125,182.96875,166.88317873468742,182.96875,16.08557126531258,0.0,77.24853515625,63.671875,89.140625,226.84814453125,0.3296988085079485
2013-05-27,8,611.3,213.828125,156.796875,156.796875,156.796875,0.0,0.0,236.91650390625,136.875,287.265625,178.68408203125,0.6347832359518142
2013-05-27,8,634.1,252.265625,174.375,174.375,174.375,0.0,0.0,80.93994140625,69.84375,92.34375,215.7080078125,0.2779838928603746
2013-05-27,9,611.3,208.828125,155.15625,155.15625,155.15625,0.0,0.0,238.82568359375,144.140625,290.3125,177.4560546875,0.6120442022837165
2013-05-27,9,634.1,252.65625,171.25,171.25,171.25,0.0,0.0,80.8056640625,69.0625,90.625,215.93017578125,0.2668439180615143
2013-05-28,0,611.3,234.84375,154.0625,154.0625,154.0625,0.0,0.0,237.09716796875,145.234375,288.359375,183.4033203125,0.6036554600216238
2013-05-28,0,634.1,259.0625,170.390625,170.390625,170.390625,0.0,0.0,79.29443359375,55.859375,92.03125,218.916015625,0.4561716801625666
2013-05-28,1,611.3,200.546875,148.90625,148.90625,148.90625,0.0,0.0,231.1767578125,148.125,290.3125,169.26513671875,0.6150596683915937
2013-05-28,1,634.1,244.296875,171.875,171.875,171.875,0.0,0.0,84.56298828125,76.171875,92.03125,203.14208984375,0.18754511071975055
2013-05-28,2,611.3,206.71875,138.4375,138.4375,138.4375,0.0,0.0,233.6865234375,147.34375,290.46875,171.75048828125,0.6124657849098393
2013-05-28,2,634.1,250.78125,159.140625,159.140625,159.140625,0.0,0.0,83.720703125,72.734375,92.578125,206.40869140625,0.23702321241105798
2013-05-28,3,611.3,189.6875,148.515625,148.515625,148.515625,0.0,0.0,227.74169921875,146.71875,288.59375,172.9833984375,0.6229645272986504
2013-05-28,3,634.1,255.625,165.546875,165.546875,165.546875,0.0,0.0,81.6943359375,63.125,93.203125,211.17431640625,0.36817882971729127
2013-05-28,4,611.3,216.171875,135.3125,135.3125,135.3125,0.0,0.0,238.3740234375,167.890625,288.984375,177.37548828125,0.507998934840943
2013-05-28,4,634.1,236.796875,165.703125,165.703125,165.703125,0.0,0.0,83.7158203125,76.796875,90.234375,206.50390625,0.1605132691746865
2013-05-28,5,611.3,222.8125,116.71875,116.71875,116.71875,0.0,0.0,231.85791015625,139.609375,289.921875,173.26416015625,0.6482957596689446
2013-05-28,5,634.1,256.328125,136.953125,136.953125,136.953125,0.0,0.0,83.86962890625,73.75,91.328125,205.7763671875,0.2095886822111606
2013-05-28,6,611.3,205.390625,148.90625,148.90625,148.90625,0.0,0.0,241.396484375,188.59375,290.078125,180.654296875,0.42040535620372993
2013-05-28,6,634.1,253.125,167.65625,167.65625,167.65625,0.0,0.0,80.96923828125,68.203125,89.0625,216.4208984375,0.2576209859791949
2013-05-28,7,611.3,238.671875,159.140625,159.140625,159.140625,0.0,0.0,247.79052734375,186.71875,288.984375,184.89013671875,0.412709985713582
2013-05-28,7,634.1,253.671875,175.9375,174.46276857843742,175.9375,1.4747314215625806,0.0,80.185546875,69.375,89.453125,219.61181640625,0.25039581049811227
2013-05-28,8,611.3,208.59375,148.515625,148.515625,148.515625,0.0,0.0,229.89501953125,145.3125,289.921875,170.4443359375,0.629023522540222
2013-05-28,8,634.1,237.109375,166.171875,166.171875,166.171875,0.0,0.0,84.921875,76.71875,93.203125,202.0849609375,0.19411223551057957
2013-05-28,9,611.3,229.84375,143.828125,143.828125,143.828125,0.0,0.0,245.49072265625,181.953125,291.09375,186.13037109375,0.44458146450130775
2013-05-28,9,634.1,254.140625,169.609375,169.609375,169.609375,0.0,0.0,79.91943359375,66.09375,87.65625,219.091796875,0.26980296318924696
2013-05-29,0,611.3,220.546875,107.1875,107.1875,107.1875,0.0,0.0,220.1611328125,108.515625,291.25,165.25390625,0.8300028831865865
2013-05-29,0,634.1,256.25,121.640625,121.640625,121.640625,0.0,0.0,82.81494140625,61.796875,93.28125,203.65234375,0.38017747118304296
2013-05-29,1,611.3,210.46875,117.734375,117.734375,117.734375,0.0,0.0,221.40380859375,94.453125,291.5625,164.90966796875,0.890270931886599
2013-05-29,1,634.1,248.4375,128.828125,128.828125,128.828125,0.0,0.0,84.384765625,74.375,92.96875,198.63525390625,0.2203448674921884
2013-05-29,2,611.3,187.1875,121.953125,121.953125,121.953125,0.0,0.0,219.2431640625,105.859375,286.953125,163.09326171875,0.8259949667045278
2013-05-29,2,634.1,244.453125,135.703125,135.703125,135.703125,0.0,0.0,84.89990234375,74.765625,93.515625,198.86962890625,0.22084831056793675
2013-05-29,3,611.3,221.640625,111.484375,111.484375,111.484375,0.0,0.0,217.27294921875,97.34375,290.46875,164.66064453125,0.8888589246586887
2013-05-29,3,634.1,252.1875,122.109375,122.109375,122.109375,0.0,0.0,82.021484375,69.921875,93.90625,206.259765625,0.29241576378140255
2013-05-29,4,611.3,211.09375,106.40625,106.40625,106.40625,0.0,0.0,213.88427734375,103.90625,284.84375,164.34326171875,0.8459597977330578
2013-05-29,4,634.1,238.125,122.5,122.5,122.5,0.0,0.0,85.927734375,76.40625,94.296875,192.90771484375,0.20820547789521537
2013-05-29,5,611.3,200.0,122.734375,122.734375,122.734375,0.0,0.0,221.4111328125,129.453125,289.296875,166.90185546875,0.7219318557724115
2013-05-29,5,634.1,256.015625,128.984375,128.984375,128.984375,0.0,0.0,84.27734375,72.734375,92.34375,200.88623046875,0.23267670915411356
2013-05-29,6,611.3,255.9375,119.765625,119.765625,119.765625,0.0,0.0,226.806640625,114.21875,287.65625,172.6171875,0.7646932185145318
2013-05-29,6,634.1,251.875,138.28125,138.28125,138.28125,0.0,0.0,83.701171875,71.25,92.34375,203.9111328125,0.2520126006300315
2013-05-29,7,611.3,229.453125,150.859375,150.859375,150.859375,0.0,0.0,240.48828125,128.984375,290.0,178.96240234375,0.6695362624868025
2013-05-29,7,634.1,252.578125,165.78125,165.78125,165.78125,0.0,0.0,81.2353515625,73.28125,90.390625,213.4130859375,0.21061489451223178
2013-05-29,8,611.3,208.75,121.5625,121.5625,121.5625,0.0,0.0,215.95458984375,107.8125,285.3125,164.16015625,0.8219320558476061
2013-05-29,8,634.1,246.09375,132.890625,132.890625,132.890625,0.0,0.0,85.74462890625,74.296875,94.53125,195.0439453125,0.2359841690156886
2013-05-29,9,611.3,200.78125,136.5625,136.5625,136.5625,0.0,0.0,232.10693359375,128.90625,291.484375,171.5087890625,0.7004449306307917
2013-05-29,9,634.1,252.890625,144.6875,144.6875,144.6875,0.0,0.0,83.2421875,74.53125,90.78125,205.87646484375,0.19521351478179258
2013-05-30,0,611.3,236.796875,106.796875,106.796875,106.796875,0.0,0.0,221.83837890625,117.8125,290.46875,167.41455078125,0.7782974742750234
2013-05-30,0,634.1,255.859375,120.625,120.625,120.625,0.0,0.0,83.32275390625,62.5,93.203125,201.7138671875,0.3684842802308887
2013-05-30,1,611.3,209.375,121.09375,121.09375,121.09375,0.0,0.0,219.50927734375,99.84375,289.21875,164.80224609375,0.8627198006917952
2013-05-30,1,634.1,250.78125,132.96875,132.96875,132.96875,0.0,0.0,84.84375,77.03125,92.03125,196.318359375,0.17679558011049723
2013-05-30,2,611.3,204.0625,115.390625,115.390625,115.390625,0.0,0.0,213.33251953125,109.53125,279.84375,160.70068359375,0.7983428891864364
2013-05-30,2,634.1,242.421875,124.21875,124.21875,124.21875,0.0,0.0,85.70556640625,79.609375,92.890625,192.67822265625,0.1549636803874092
2013-05-30,3,611.3,229.609375,122.03125,122.03125,122.03125,0.0,0.0,228.2666015625,118.359375,289.375,172.44873046875,0.7491924960961732
2013-05-30,3,634.1,250.78125,132.578125,132.578125,132.578125,0.0,0.0,82.1044921875,72.8125,91.171875,208.30078125,0.22360987213797204
2013-05-30,4,611.3,213.4375,103.59375,103.59375,103.59375,0.0,0.0,207.8515625,92.5,289.375,160.1025390625,0.9471903777485435
2013-05-30,4,634.1,231.171875,119.296875,119.296875,119.296875,0.0,0.0,86.6943359375,78.28125,93.828125,189.2919921875,0.1793297662630245
2013-05-30,5,611.3,194.53125,102.96875,102.96875,102.96875,0.0,0.0,219.32373046875,103.828125,291.484375,163.69384765625,0.8556130684031836
2013-05-30,5,634.1,253.515625,115.0,115.0,115.0,0.0,0.0,83.74267578125,70.78125,92.265625,200.15625,0.25655228710533223
2013-05-30,6,611.3,257.8125,119.375,119.375,119.375,0.0,0.0,228.22265625,118.4375,287.1875,169.99755859375,0.7394094993581515
2013-05-30,6,634.1,252.34375,133.984375,133.984375,133.984375,0.0,0.0,82.25830078125,71.09375,92.578125,208.2568359375,0.2611818478615736
2013-05-30,7,611.3,212.1875,132.890625,132.890625,132.890625,0.0,0.0,229.17236328125,137.109375,291.171875,173.37890625,0.6722560163632296
2013-05-30,7,634.1,252.65625,148.046875,148.046875,148.046875,0.0,0.0,81.4599609375,69.140625,91.171875,210.8984375,0.270454954144938
2013-05-30,8,611.3,226.015625,113.828125,113.828125,113.828125,0.0,0.0,219.52392578125,97.65625,289.84375,163.35693359375,0.8754740482889776
2013-05-30,8,634.1,244.53125,130.078125,130.078125,130.078125,0.0,0.0,84.9169921875,74.765625,95.546875,196.4111328125,0.2447242826749468
2013-05-30,9,611.3,206.09375,120.390625,120.390625,120.390625,0.0,0.0,222.68798828125,108.28125,291.25,164.25048828125,0.8216372666176971
2013-05-30,9,634.1,249.0625,137.109375,137.109375,137.109375,0.0,0.0,84.38720703125,73.515625,93.203125,199.45556640625,0.23329958050050628
2013-05-31,0,611.3,233.359375,113.359375,113.359375,113.359375,0.0,0.0,205.4931640625,101.71875,289.21875,160.078125,0.9124391113223239
2013-05-31,0,634.1,256.640625,129.296875,129.296875,129.296875,0.0,0.0,85.60546875,61.015625,95.0,190.27099609375,0.39698836413415467
2013-05-31,1,611.3,215.859375,118.203125,118.203125,118.203125,0.0,0.0,212.7685546875,107.8125,290.078125,160.068359375,0.8566379804934022
2013-05-31,1,634.1,242.65625,128.4375,128.4375,128.4375,0.0,0.0,85.3857421875,75.234375,94.0625,193.01025390625,0.22050666209183964
2013-05-31,2,611.3,178.4375,106.875,106.875,106.875,0.0,0.0,206.259765625,106.796875,273.515625,159.12353515625,0.8082950617868472
2013-05-31,2,634.1,232.890625,118.828125,118.828125,118.828125,0.0,0.0,86.533203125,80.546875,92.8125,189.55322265625,0.14174472407177519
2013-05-31,3,611.3,232.03125,105.15625,105.15625,105.15625,0.0,0.0,221.31591796875,100.625,291.5625,166.0009765625,0.8627373112265723
2013-05-31,3,634.1,248.75,114.21875,114.21875,114.21875,0.0,0.0,84.2626953125,73.59375,92.34375,198.759765625,0.222518398331112
2013-05-31,4,611.3,223.984375,102.03125,102.03125,102.03125,0.0,0.0,207.11181640625,108.90625,271.40625,162.28271484375,0.7846003324178091
2013-05-31,4,634.1,221.40625,118.4375,118.4375,118.4375,0.0,0.0,86.552734375,80.859375,93.984375,189.3505859375,0.15164165632404378
2013-05-31,5,611.3,190.0,107.1875,107.1875,107.1875,0.0,0.0,214.0380859375,107.65625,290.703125,162.0361328125,0.8552070263488081
2013-05-31,5,634.1,254.296875,120.859375,120.859375,120.859375,0.0,0.0,85.2734375,75.3125,92.1875,194.42626953125,0.19789280806229959
2013-05-31,6,611.3,237.421875,123.984375,123.984375,123.984375,0.0,0.0,223.56201171875,110.15625,285.078125,171.1328125,0.7824311190223979
2013-05-31,6,634.1,251.328125,137.5,137.5,137.5,0.0,0.0,83.81591796875,72.96875,92.5,202.19482421875,0.23302554542541726
2013-05-31,7,611.3,223.59375,130.15625,130.15625,130.15625,0.0,0.0,233.42041015625,125.78125,291.09375,175.29296875,0.7082178456003096
2013-05-31,7,634.1,254.375,143.28125,143.28125,143.28125,0.0,0.0,82.5537109375,69.140625,89.921875,207.255859375,0.25173005264091797
2013-05-31,8,611.3,209.21875,117.734375,117.734375,117.734375,0.0,0.0,216.6650390625,104.453125,288.90625,162.36572265625,0.8513285105807585
2013-05-31,8,634.1,241.40625,127.03125,127.03125,127.03125,0.0,0.0,85.2587890625,75.546875,94.21875,194.73388671875,0.21900234809002922
2013-05-31,9,611.3,200.15625,114.375,114.375,114.375,0.0,0.0,225.25390625,110.390625,290.46875,166.82373046875,0.7994450706667823
2013-05-31,9,634.1,243.75,124.296875,124.296875,124.296875,0.0,0.0,83.8720703125,74.921875,91.40625,200.8642578125,0.1965418874075799
2013-06-01,0,611.3,242.34375,153.046875,153.046875,153.046875,0.0,0.0,235.02197265625,143.984375,287.890625,178.515625,0.6123097699059887
2013-06-01,0,634.1,259.140625,173.75,173.75,173.75,0.0,0.0,82.71728515625,55.703125,88.515625,208.54248046875,0.3966825064195272
2013-06-01,1,611.3,228.28125,156.328125,156.328125,156.328125,0.0,0.0,237.44140625,185.46875,290.625,181.01806640625,0.4428724191823641
2013-06-01,1,634.1,252.890625,176.40625,176.40625,176.40625,0.0,0.0,82.10205078125,68.59375,91.015625,211.611328125,0.27309762407445953
2013-06-01,2,611.3,218.359375,158.4375,158.4375,158.4375,0.0,0.0,235.5712890625,161.015625,287.8125,174.4677734375,0.5382526686703285
2013-06-01,2,634.1,234.53125,183.4375,183.4375,183.4375,0.0,0.0,84.2041015625,77.34375,89.453125,204.71435546875,0.14380979994201218
2013-06-01,3,611.3,241.09375,145.15625,145.15625,145.15625,0.0,0.0,239.12841796875,177.421875,290.15625,182.84423828125,0.47143863518025053
2013-06-01,3,634.1,254.375,170.15625,170.15625,170.15625,0.0,0.0,80.59814453125,65.625,93.828125,216.37451171875,0.34992275770151154
2013-06-01,4,611.3,228.203125,146.875,146.875,146.875,0.0,0.0,237.72216796875,170.625,288.828125,177.08740234375,0.49723223547052
2013-06-01,4,634.1,238.125,170.9375,170.9375,170.9375,0.0,0.0,83.7548828125,76.40625,88.90625,206.3427734375,0.14924503002390252
2013-06-01,5,611.3,220.3125,156.953125,156.953125,156.953125,0.0,0.0,230.3662109375,173.046875,290.390625,173.79150390625,0.5093791729371119
2013-06-01,5,634.1,252.734375,175.46875,175.46875,175.46875,0.0,0.0,84.62646484375,74.453125,93.203125,202.9296875,0.22156189596976603
2013-06-01,6,611.3,238.59375,146.5625,146.5625,146.5625,0.0,0.0,232.47802734375,140.859375,288.75,173.4912109375,0.6361488295894899
2013-06-01,6,634.1,252.421875,170.78125,170.78125,170.78125,0.0,0.0,82.96630859375,69.453125,92.734375,208.9599609375,0.2806108936821352
2013-06-01,7,611.3,266.40625,152.1875,152.1875,152.1875,0.0,0.0,254.4775390625,198.671875,289.375,188.1396484375,0.35642880442082236
2013-06-01,7,634.1,253.359375,173.359375,173.359375,173.359375,0.0,0.0,79.47509765625,68.75,87.03125,222.421875,0.23002488249930883
2013-06-01,8,611.3,211.25,148.359375,148.359375,148.359375,0.0,0.0,229.7314453125,170.9375,279.0625,174.1064453125,0.47065824990966865
2013-06-01,8,634.1,240.15625,171.640625,171.640625,171.640625,0.0,0.0,85.0439453125,75.859375,91.09375,201.77490234375,0.17913532755353964
2013-06-01,9,611.3,260.78125,157.578125,157.578125,157.578125,0.0,0.0,249.599609375,166.953125,291.09375,182.81494140625,0.4973590516060879
2013-06-01,9,634.1,250.703125,180.625,177.83833010187493,180.625,2.7866698981250693,0.0,80.80078125,72.890625,88.515625,217.72216796875,0.19337684312303602
2013-06-02,0,611.3,225.859375,157.5,157.5,157.5,0.0,0.0,245.00732421875,145.078125,290.78125,184.56787109375,0.5946888545662897
2013-06-02,0,634.1,259.0625,180.3125,163.53405764093742,180.3125,16.77844235906258,0.0,76.6357421875,55.859375,92.578125,228.5888671875,0.47913348200063716
2013-06-02,1,611.3,218.984375,145.859375,145.859375,145.859375,0.0,0.0,251.8603515625,195.859375,289.921875,182.3974609375,0.3734708516701886
2013-06-02,1,634.1,254.0625,170.46875,170.46875,170.46875,0.0,0.0,79.0380859375,66.171875,91.328125,223.92333984375,0.31828010131587076
2013-06-02,2,611.3,232.65625,157.734375,157.734375,157.734375,0.0,0.0,249.81689453125,182.734375,289.609375,186.7236328125,0.4278133398485219
2013-06-02,2,634.1,256.40625,181.25,168.38146975031242,181.25,12.86853024968758,0.0,76.42578125,61.484375,90.3125,231.474609375,0.3772041911576795
2013-06-02,3,611.3,236.875,152.03125,152.03125,152.03125,0.0,0.0,229.51171875,123.90625,280.390625,187.4951171875,0.6818143136754319
2013-06-02,3,634.1,260.546875,173.28125,154.83515627374993,173.28125,18.44609372625007,0.0,74.47998046875,52.734375,93.125,231.78955078125,0.5423017668076179
2013-06-02,4,611.3,222.421875,133.515625,133.515625,133.515625,0.0,0.0,251.6259765625,190.546875,290.625,179.96826171875,0.3977257291444317
2013-06-02,4,634.1,251.640625,164.921875,164.921875,164.921875,0.0,0.0,81.3671875,71.015625,92.03125,217.59033203125,0.2582813250120019
2013-06-02,5,611.3,228.984375,145.546875,145.546875,145.546875,0.0,0.0,251.11083984375,172.109375,289.140625,181.01318359375,0.46605415390598415
2013-06-02,5,634.1,256.71875,170.390625,170.390625,170.390625,0.0,0.0,79.13330078125,65.0,94.53125,223.9013671875,0.37318359917317123
2013-06-02,6,611.3,215.390625,136.71875,136.71875,136.71875,0.0,0.0,251.69189453125,180.15625,288.4375,180.43701171875,0.43021349655165725
2013-06-02,6,634.1,256.5625,166.328125,166.328125,166.328125,0.0,0.0,79.83642578125,61.09375,87.8125,221.71142578125,0.3346686645668328
2013-06-02,7,611.3,228.359375,158.359375,158.359375,158.359375,0.0,0.0,242.75146484375,152.5,289.53125,187.0556640625,0.5644919592481218
2013-06-02,7,634.1,258.515625,183.046875,157.63784182062494,183.046875,25.409033179375058,0.0,74.13818359375,56.953125,88.515625,238.07861328125,0.4257252939045675
2013-06-02,8,611.3,234.921875,156.015625,156.015625,156.015625,0.0,0.0,247.05078125,185.390625,290.703125,182.63671875,0.426278757214009
2013-06-02,8,634.1,254.921875,175.3125,169.14824221124994,175.3125,6.164257788750064,0.0,79.15283203125,64.53125,92.734375,223.33984375,0.3563122667406928
2013-06-02,9,611.3,239.140625,156.09375,156.09375,156.09375,0.0,0.0,258.7255859375,214.375,289.84375,183.06884765625,0.29169418914073264
2013-06-02,9,634.1,254.0625,175.703125,172.99091799249993,175.703125,2.7122070075000693,0.0,79.27001953125,66.25,87.03125,224.9462890625,0.26215775046967876
2013-06-03,0,611.3,223.671875,104.140625,104.140625,104.140625,0.0,0.0,208.88916015625,102.34375,290.703125,165.27587890625,0.9017192412430898
2013-06-03,0,634.1,258.359375,119.140625,119.140625,119.140625,0.0,0.0,82.29248046875,59.53125,93.046875,202.744140625,0.4072744533776367
2013-06-03,1,611.3,216.71875,129.453125,129.453125,129.453125,0.0,0.0,226.7919921875,139.921875,288.28125,176.6552734375,0.6541649622149978
2013-06-03,1,634.1,252.734375,142.34375,142.34375,142.34375,0.0,0.0,80.53466796875,68.90625,91.015625,213.7255859375,0.27453239154818565
2013-06-03,2,611.3,206.171875,118.125,118.125,118.125,0.0,0.0,217.24365234375,108.125,290.703125,171.50634765625,0.8404301945315398
2013-06-03,2,634.1,255.9375,124.6875,124.6875,124.6875,0.0,0.0,80.9228515625,62.421875,92.890625,209.9462890625,0.3765160200325831
2013-06-03,3,611.3,233.59375,146.796875,146.796875,146.796875,0.0,0.0,221.33544921875,122.421875,290.546875,179.37744140625,0.759593642109443
2013-06-03,3,634.1,256.875,156.71875,156.71875,156.71875,0.0,0.0,78.5888671875,60.46875,90.703125,218.45703125,0.3847157502329916
2013-06-03,4,611.3,231.40625,131.953125,131.953125,131.953125,0.0,0.0,226.0791015625,111.40625,289.921875,168.0810546875,0.7896157750372562
2013-06-03,4,634.1,251.328125,143.125,143.125,143.125,0.0,0.0,83.3544921875,71.875,94.140625,203.43505859375,0.26711967664460196
2013-06-03,5,611.3,200.46875,132.65625,132.65625,132.65625,0.0,0.0,226.96533203125,128.75,288.203125,175.1318359375,0.7025439681600603
2013-06-03,5,634.1,257.578125,141.953125,141.953125,141.953125,0.0,0.0,81.54541015625,70.234375,89.53125,210.46875,0.23663962156821652
2013-06-03,6,611.3,259.21875,126.40625,126.40625,126.40625,0.0,0.0,230.576171875,123.203125,282.734375,179.248046875,0.6918809029689551
2013-06-03,6,634.1,254.21875,142.265625,142.265625,142.265625,0.0,0.0,81.8310546875,65.9375,93.125,209.62646484375,0.3322393937585775
2013-06-03,7,611.3,246.25,159.375,159.375,159.375,0.0,0.0,227.96142578125,158.28125,287.34375,186.14013671875,0.5661593822625384
2013-06-03,7,634.1,255.46875,172.734375,168.66350100031244,172.734375,4.070873999687564,0.0,77.1826171875,63.4375,88.75,223.9013671875,0.32795596887454925
2013-06-03,8,611.3,265.46875,138.515625,138.515625,138.515625,0.0,0.0,227.58544921875,125.625,286.25,176.71142578125,0.7057788648236948
2013-06-03,8,634.1,254.21875,149.765625,149.765625,149.765625,0.0,0.0,80.32958984375,65.859375,91.796875,213.93798828125,0.3228884904112087
2013-06-03,9,611.3,218.4375,141.875,141.875,141.875,0.0,0.0,233.80615234375,127.34375,289.609375,177.76611328125,0.6940177723015235
2013-06-03,9,634.1,252.734375,155.3125,155.3125,155.3125,0.0,0.0,81.08642578125,71.484375,90.859375,213.7646484375,0.2389425827236323
2013-06-04,0,611.3,229.921875,103.671875,103.671875,103.671875,0.0,0.0,224.86572265625,104.609375,290.234375,171.28173828125,0.8254926442646979
2013-06-04,0,634.1,258.28125,115.15625,115.15625,115.15625,0.0,0.0,81.50390625,60.15625,92.34375,208.1396484375,0.3949197220225258
2013-06-04,1,611.3,221.71875,100.46875,100.46875,100.46875,0.0,0.0,228.96728515625,116.5625,287.421875,173.75244140625,0.7462174121661247
2013-06-04,1,634.1,253.75,115.234375,115.234375,115.234375,0.0,0.0,81.49658203125,66.875,94.375,209.92431640625,0.337437464425871
2013-06-04,2,611.3,210.46875,110.15625,110.15625,110.15625,0.0,0.0,216.7919921875,100.390625,290.703125,168.583984375,0.8778576094056172
2013-06-04,2,634.1,253.984375,116.40625,116.40625,116.40625,0.0,0.0,82.5537109375,66.484375,92.734375,204.2529296875,0.3179748033358964
2013-06-04,3,611.3,239.765625,122.265625,122.265625,122.265625,0.0,0.0,223.57177734375,117.1875,289.6875,174.68994140625,0.7715642915642915
2013-06-04,3,634.1,253.59375,130.46875,130.46875,130.46875,0.0,0.0,79.94140625,67.109375,92.5,213.916015625,0.3176154409968239
2013-06-04,4,611.3,219.921875,151.25,151.25,151.25,0.0,0.0,229.66796875,127.890625,291.40625,170.546875,0.7119653031720384
2013-06-04,4,634.1,240.9375,167.734375,167.734375,167.734375,0.0,0.0,83.525390625,75.703125,91.484375,203.7109375,0.18893955337308546
2013-06-04,5,611.3,188.984375,105.9375,105.9375,105.9375,0.0,0.0,222.509765625,96.953125,289.609375,165.4736328125,0.8658327847267939
2013-06-04,5,634.1,254.921875,116.328125,116.328125,116.328125,0.0,0.0,83.6279296875,71.796875,92.8125,201.94091796875,0.2512991183511415
2013-06-04,6,611.3,252.890625,106.09375,106.09375,106.09375,0.0,0.0,228.50830078125,120.234375,290.859375,170.85205078125,0.7466905990576621
2013-06-04,6,634.1,255.078125,126.328125,126.328125,126.328125,0.0,0.0,82.54638671875,71.484375,93.984375,207.5,0.2725740143740203
2013-06-04,7,611.3,231.09375,144.609375,144.609375,144.609375,0.0,0.0,236.8603515625,160.546875,283.984375,185.6689453125,0.5211404069347956
2013-06-04,7,634.1,257.5,160.546875,160.546875,160.546875,0.0,0.0,78.65234375,67.265625,89.21875,221.93359375,0.27911596722125653
2013-06-04,8,611.3,211.015625,120.390625,120.390625,120.390625,0.0,0.0,228.37646484375,109.53125,290.546875,170.0390625,0.7926194370503404
2013-06-04,8,634.1,251.25,130.78125,130.78125,130.78125,0.0,0.0,82.79296875,71.953125,93.515625,206.4501953125,0.26043878273177634
2013-06-04,9,611.3,221.71875,124.140625,124.140625,124.140625,0.0,0.0,231.98974609375,139.609375,288.75,178.3544921875,0.6428759352998747
2013-06-04,9,634.1,252.96875,133.515625,133.515625,133.515625,0.0,0.0,80.43212890625,68.515625,90.546875,215.61767578125,0.2739110638943694
2013-06-05,0,611.3,216.5625,127.578125,127.578125,127.578125,0.0,0.0,230.29052734375,115.78125,284.296875,178.0029296875,0.7317523084588718
2013-06-05,0,634.1,255.859375,146.015625,146.015625,146.015625,0.0,0.0,80.28076171875,62.65625,91.71875,215.32958984375,0.3620107654411094
2013-06-05,1,611.3,213.125,127.734375,127.734375,127.734375,0.0,0.0,235.11962890625,142.5,291.09375,179.08447265625,0.6319921084055864
2013-06-05,1,634.1,253.984375,144.0625,144.0625,144.0625,0.0,0.0,79.8486328125,66.40625,92.65625,218.525390625,0.3287470188956155
2013-06-05,2,611.3,219.296875,128.28125,128.28125,128.28125,0.0,0.0,233.39111328125,143.671875,287.578125,177.158203125,0.6165883866648535
2013-06-05,2,634.1,251.71875,141.171875,141.171875,141.171875,0.0,0.0,81.86767578125,70.9375,91.640625,212.0947265625,0.2528852175468941
2013-06-05,3,611.3,224.140625,157.890625,157.890625,157.890625,0.0,0.0,243.173828125,166.015625,291.5625,186.787109375,0.5162844865668046
2013-06-05,3,634.1,257.03125,181.484375,172.75295412531244,181.484375,8.731420874687558,0.0,78.51806640625,60.234375,87.265625,222.255859375,0.3442679021174715
2013-06-05,4,611.3,212.96875,117.96875,117.96875,117.96875,0.0,0.0,233.49365234375,132.96875,283.671875,172.0654296875,0.6454270747289286
2013-06-05,4,634.1,245.78125,141.484375,141.484375,141.484375,0.0,0.0,83.19091796875,73.90625,92.578125,207.5244140625,0.22444607483492296
2013-06-05,5,611.3,207.03125,132.96875,132.96875,132.96875,0.0,0.0,236.005859375,136.875,290.78125,178.8720703125,0.6521289361526048
2013-06-05,5,634.1,255.390625,164.609375,164.609375,164.609375,0.0,0.0,81.58935546875,69.375,90.46875,212.9736328125,0.258535563601544
2013-06-05,6,611.3,208.125,139.21875,139.21875,139.21875,0.0,0.0,233.76220703125,134.84375,285.234375,174.3017578125,0.6433487556005807
2013-06-05,6,634.1,253.671875,167.5,167.5,167.5,0.0,0.0,82.17041015625,67.03125,91.71875,211.10107421875,0.3004427013697002
2013-06-05,7,611.3,250.546875,149.453125,149.453125,149.453125,0.0,0.0,246.75537109375,157.109375,290.546875,191.15234375,0.5407683707492753
2013-06-05,7,634.1,254.453125,166.40625,166.40625,166.40625,0.0,0.0,77.31689453125,65.546875,87.34375,227.50732421875,0.281916069342259
2013-06-05,8,611.3,204.140625,138.984375,138.984375,138.984375,0.0,0.0,231.52099609375,132.890625,291.484375,171.30615234375,0.6850080669823159
2013-06-05,8,634.1,252.34375,155.078125,155.078125,155.078125,0.0,0.0,82.2705078125,69.6875,93.203125,210.30029296875,0.2858329871208974
2013-06-05,9,611.3,212.96875,150.15625,150.15625,150.15625,0.0,0.0,231.4501953125,139.84375,289.84375,176.93115234375,0.6480875930887534
2013-06-05,9,634.1,253.125,164.765625,164.765625,164.765625,0.0,0.0,81.02294921875,68.203125,90.703125,214.10888671875,0.2776990990448067
2013-06-06,0,611.3,189.375,148.125,148.125,148.125,0.0,0.0,225.39794921875,140.390625,291.25,167.61474609375,0.669302340695168
2013-06-06,0,634.1,255.46875,168.515625,168.515625,168.515625,0.0,0.0,83.0712890625,63.4375,92.34375,207.81005859375,0.34796920002351145
2013-06-06,1,611.3,219.21875,138.90625,138.90625,138.90625,0.0,0.0,236.37939453125,142.265625,289.53125,172.7880859375,0.623005339750674
2013-06-06,1,634.1,254.6875,167.34375,167.34375,167.34375,0.0,0.0,82.25830078125,65.0,92.109375,211.35498046875,0.3295640043926038
2013-06-06,2,611.3,202.96875,157.65625,157.65625,157.65625,0.0,0.0,238.896484375,162.265625,291.484375,176.162109375,0.5408984997751707
2013-06-06,2,634.1,251.484375,173.515625,173.515625,173.515625,0.0,0.0,82.17529296875,71.328125,91.171875,212.7490234375,0.24148073323628153
2013-06-06,3,611.3,236.640625,147.5,147.5,147.5,0.0,0.0,234.033203125,142.890625,281.953125,177.65869140625,0.5941998748174421
2013-06-06,3,634.1,255.390625,168.046875,168.046875,168.046875,0.0,0.0,79.6435546875,63.515625,92.03125,219.7412109375,0.3580405861075348
2013-06-06,4,611.3,228.671875,148.90625,148.90625,148.90625,0.0,0.0,242.17529296875,176.484375,289.53125,177.9443359375,0.46679772165935784
2013-06-06,4,634.1,238.59375,171.875,171.875,171.875,0.0,0.0,83.22509765625,76.328125,88.90625,208.9794921875,0.1511337968259556
2013-06-06,5,611.3,192.03125,139.6875,139.6875,139.6875,0.0,0.0,235.546875,155.0,285.390625,171.0986328125,0.5535655058043117
2013-06-06,5,634.1,256.71875,165.0,165.0,165.0,0.0,0.0,84.08447265625,72.65625,91.640625,205.546875,0.22577741645132254
2013-06-06,6,611.3,232.5,141.09375,141.09375,141.09375,0.0,0.0,236.2353515625,149.6875,289.609375,174.4775390625,0.592298629627333
2013-06-06,6,634.1,252.96875,166.796875,166.796875,166.796875,0.0,0.0,82.5244140625,68.515625,93.671875,211.21337890625,0.3048340334891427
2013-06-06,7,611.3,248.28125,158.4375,158.4375,158.4375,0.0,0.0,247.96142578125,177.96875,288.203125,182.87353515625,0.4445625953822675
2013-06-06,7,634.1,255.703125,183.359375,172.73532717218745,183.359375,10.624047827812547,0.0,79.0478515625,64.296875,87.8125,223.30322265625,0.29748594724813143
2013-06-06,8,611.3,218.671875,148.203125,148.203125,148.203125,0.0,0.0,237.66357421875,172.34375,286.796875,175.7666015625,0.4815762170380186
2013-06-06,8,634.1,251.484375,168.4375,168.4375,168.4375,0.0,0.0,83.02001953125,71.328125,93.125,209.72412109375,0.26254962505513896
2013-06-06,9,611.3,230.9375,155.46875,155.46875,155.46875,0.0,0.0,243.93310546875,149.0625,291.328125,173.12255859375,0.5832157333733674
2013-06-06,9,634.1,252.578125,171.484375,171.484375,171.484375,0.0,0.0,81.50634765625,69.21875,92.734375,215.06591796875,0.2885128051520144
2013-06-07,0,611.3,195.703125,150.0,150.0,150.0,0.0,0.0,227.9931640625,156.171875,290.234375,172.79541015625,0.5880110509069882
2013-06-07,0,634.1,258.28125,170.859375,170.859375,170.859375,0.0,0.0,82.68310546875,57.5,91.171875,208.857421875,0.4072400862196238
2013-06-07,1,611.3,194.53125,147.8125,147.8125,147.8125,0.0,0.0,231.67724609375,173.359375,282.734375,170.58837890625,0.4721007429263923
2013-06-07,1,634.1,251.171875,171.09375,171.09375,171.09375,0.0,0.0,85.30517578125,79.21875,91.875,201.7822265625,0.14836438567871554
2013-06-07,2,611.3,228.359375,156.015625,156.015625,156.015625,0.0,0.0,247.2607421875,174.53125,289.296875,180.9130859375,0.46414818618061177
2013-06-07,2,634.1,249.6875,175.46875,175.46875,175.46875,0.0,0.0,81.75537109375,73.359375,88.671875,215.04150390625,0.18729656284528323
2013-06-07,3,611.3,209.921875,154.609375,154.609375,154.609375,0.0,0.0,248.5546875,176.25,291.015625,179.375,0.46173188747446176
2013-06-07,3,634.1,247.1875,171.484375,171.484375,171.484375,0.0,0.0,81.5283203125,74.0625,89.609375,215.8935546875,0.19069293885129066
2013-06-07,4,611.3,200.46875,146.328125,146.328125,146.328125,0.0,0.0,233.9404296875,158.046875,283.828125,171.4306640625,0.537663584563044
2013-06-07,4,634.1,242.03125,167.34375,167.34375,167.34375,0.0,0.0,84.541015625,75.390625,91.015625,204.46533203125,0.18482153170844404
2013-06-07,5,611.3,189.375,135.9375,135.9375,135.9375,0.0,0.0,227.5537109375,140.625,290.9375,165.12451171875,0.660558333154518
2013-06-07,5,634.1,255.46875,162.109375,162.109375,162.109375,0.0,0.0,85.4296875,75.0,94.296875,201.29638671875,0.22588020118884317
2013-06-07,6,611.3,187.03125,142.578125,142.578125,142.578125,0.0,0.0,230.83740234375,151.875,284.375,168.68896484375,0.5739971020930503
2013-06-07,6,634.1,251.796875,165.703125,165.703125,165.703125,0.0,0.0,84.775390625,70.78125,92.578125,203.72314453125,0.2571132358023269
2013-06-07,7,611.3,231.875,157.109375,157.109375,157.109375,0.0,0.0,248.47900390625,209.0625,290.078125,184.20166015625,0.3260461597413954
2013-06-07,7,634.1,255.3125,177.109375,176.40173342218742,177.109375,0.7076415778125806,0.0,80.57861328125,68.75,88.203125,218.9990234375,0.2414179669747008
2013-06-07,8,611.3,219.921875,141.796875,141.796875,141.796875,0.0,0.0,237.00439453125,130.703125,289.140625,172.38525390625,0.6685002626780803
2013-06-07,8,634.1,241.71875,168.671875,168.671875,168.671875,0.0,0.0,84.16015625,75.46875,94.84375,205.91796875,0.2302158273381295
2013-06-07,9,611.3,207.8125,160.078125,160.078125,160.078125,0.0,0.0,241.54296875,183.046875,289.53125,176.6552734375,0.4408506509258511
2013-06-07,9,634.1,252.03125,184.296875,184.296875,184.296875,0.0,0.0,82.45849609375,70.234375,91.484375,212.07275390625,0.2577054034048853
2013-06-08,0,611.3,239.84375,132.5,132.5,132.5,0.0,0.0,228.95751953125,138.75,289.921875,178.3642578125,0.6602616734733048
2013-06-08,0,634.1,259.53125,154.765625,154.765625,154.765625,0.0,0.0,81.6796875,54.921875,91.71875,211.7529296875,0.45050215208034433
2013-06-08,1,611.3,237.1875,135.46875,135.46875,135.46875,0.0,0.0,237.8125,184.53125,285.625,183.83056640625,0.42509855453350853
2013-06-08,1,634.1,255.78125,165.78125,165.78125,165.78125,0.0,0.0,80.83984375,62.8125,91.640625,215.33447265625,0.35660787629862284
2013-06-08,2,611.3,224.6875,160.859375,160.859375,160.859375,0.0,0.0,242.177734375,199.0625,291.25,182.71484375,0.3806605105044558
2013-06-08,2,634.1,252.578125,186.953125,177.49460451593745,186.953125,9.458520484062547,0.0,81.20361328125,70.46875,90.390625,215.73974609375,0.24533237124560295
2013-06-08,3,611.3,270.46875,142.1875,142.1875,142.1875,0.0,0.0,232.666015625,187.421875,290.859375,180.5517578125,0.4445750262329486
2013-06-08,3,634.1,250.703125,168.828125,168.828125,168.828125,0.0,0.0,84.11376953125,72.96875,92.03125,205.185546875,0.22662757960119584
2013-06-08,4,611.3,277.109375,143.046875,143.046875,143.046875,0.0,0.0,233.61083984375,193.828125,278.359375,182.6806640625,0.3618464368200487
2013-06-08,4,634.1,225.390625,169.21875,169.21875,169.21875,0.0,0.0,84.599609375,75.390625,91.5625,203.37890625,0.19115779752972412
2013-06-08,5,611.3,211.5625,131.640625,131.640625,131.640625,0.0,0.0,227.35107421875,152.265625,288.75,172.744140625,0.6003243022668944
2013-06-08,5,634.1,255.46875,162.8125,162.8125,162.8125,0.0,0.0,84.6923828125,72.421875,93.671875,202.87109375,0.2509080426635918
2013-06-08,6,611.3,238.984375,136.71875,136.71875,136.71875,0.0,0.0,244.8291015625,169.921875,291.5625,181.0205078125,0.4968389142617818
2013-06-08,6,634.1,253.203125,166.328125,166.328125,166.328125,0.0,0.0,82.16552734375,72.96875,90.3125,213.2080078125,0.2110830485811915
2013-06-08,7,611.3,282.5,157.890625,157.890625,157.890625,0.0,0.0,259.37255859375,219.375,290.390625,197.412109375,0.27379775788552224
2013-06-08,7,634.1,255.078125,181.640625,171.53669435968743,181.640625,10.10393064031257,0.0,77.37548828125,67.03125,86.796875,229.56298828125,0.2554507304452087
2013-06-08,8,611.3,237.34375,139.296875,139.296875,139.296875,0.0,0.0,245.83251953125,190.78125,286.953125,183.779296875,0.3912089221693663
2013-06-08,8,634.1,251.796875,167.5,167.5,167.5,0.0,0.0,81.25732421875,70.703125,89.296875,216.0205078125,0.22882552654508306
2013-06-08,9,611.3,256.640625,158.75,158.75,158.75,0.0,0.0,250.27587890625,199.921875,290.15625,190.76904296875,0.3605396388750695
2013-06-08,9,634.1,254.453125,184.453125,176.12851564874993,184.453125,8.324609351250075,0.0,79.23828125,65.390625,90.78125,222.61474609375,0.32043381809218635
2013-06-09,0,611.3,216.71875,157.890625,157.890625,157.890625,0.0,0.0,224.814453125,118.515625,284.21875,177.7880859375,0.7370661569870988
2013-06-09,0,634.1,258.75,173.984375,173.984375,173.984375,0.0,0.0,81.0693359375,60.0,91.40625,211.03271484375,0.38739986749382643
2013-06-09,1,611.3,224.765625,136.640625,136.640625,136.640625,0.0,0.0,220.302734375,118.59375,290.078125,173.14453125,0.7784032980185291
2013-06-09,1,634.1,252.578125,165.0,165.0,165.0,0.0,0.0,82.31689453125,69.21875,91.71875,206.73095703125,0.27333392650591687
2013-06-09,2,611.3,238.125,157.1875,157.1875,157.1875,0.0,0.0,237.490234375,151.953125,286.171875,185.56884765625,0.5651548172211028
2013-06-09,2,634.1,251.953125,178.984375,178.46408693781245,178.984375,0.5202880621875465,0.0,81.11572265625,70.46875,89.375,213.26904296875,0.23307750188111362
2013-06-09,3,611.3,257.8125,154.453125,154.453125,154.453125,0.0,0.0,242.3828125,149.21875,290.625,191.1865234375,0.5834004834810637
2013-06-09,3,634.1,251.484375,172.03125,172.03125,172.03125,0.0,0.0,80.48095703125,71.328125,92.96875,215.830078125,0.2688912482936448
2013-06-09,4,611.3,217.265625,147.734375,147.734375,147.734375,0.0,0.0,229.39697265625,139.21875,291.25,172.07275390625,0.6627430529687849
2013-06-09,4,634.1,247.65625,167.34375,167.34375,167.34375,0.0,0.0,83.75732421875,73.90625,92.421875,203.75,0.22106275687177543
2013-06-09,5,611.3,212.890625,141.40625,141.40625,141.40625,0.0,0.0,221.79931640625,118.515625,286.796875,170.52490234375,0.7587095069841165
2013-06-09,5,634.1,257.5,155.46875,155.46875,155.46875,0.0,0.0,84.5751953125,74.140625,90.46875,199.82177734375,0.19306044685641707
2013-06-09,6,611.3,264.0625,156.953125,156.953125,156.953125,0.0,0.0,242.88330078125,172.109375,290.9375,183.68408203125,0.48923958385686284
2013-06-09,6,634.1,248.59375,172.890625,172.890625,172.890625,0.0,0.0,81.69921875,73.671875,90.0,212.35595703125,0.19985656227587856
2013-06-09,7,611.3,255.9375,157.65625,157.65625,157.65625,0.0,0.0,239.67529296875,178.828125,289.53125,195.57861328125,0.4618879302441658
2013-06-09,7,634.1,258.671875,179.21875,171.23703615656245,179.21875,7.9817138434375465,0.0,78.21533203125,60.9375,89.453125,221.6552734375,0.3645784561600649
2013-06-09,8,611.3,220.546875,144.140625,144.140625,144.140625,0.0,0.0,233.79638671875,161.875,289.609375,181.3427734375,0.5463487985965352
2013-06-09,8,634.1,245.234375,169.6875,169.6875,169.6875,0.0,0.0,83.0859375,74.53125,90.703125,206.669921875,0.19464033850493653
2013-06-09,9,611.3,253.75,156.875,156.875,156.875,0.0,0.0,235.24169921875,132.03125,291.171875,182.68310546875,0.6764983654195423
2013-06-09,9,634.1,251.640625,172.03125,172.03125,172.03125,0.0,0.0,81.640625,71.09375,89.296875,211.46484375,0.22296650717703348
2013-06-10,0,611.3,237.03125,158.59375,158.59375,158.59375,0.0,0.0,229.5654296875,142.1875,287.34375,183.37890625,0.6323088376050197
2013-06-10,0,634.1,259.296875,172.1875,166.94487307062494,172.1875,5.242626929375064,0.0,78.30810546875,55.46875,91.328125,220.58349609375,0.4579267342166797
2013-06-10,1,611.3,257.03125,148.4375,148.4375,148.4375,0.0,0.0,232.19970703125,172.890625,285.859375,187.080078125,0.48651547172191906
2013-06-10,1,634.1,256.171875,171.640625,171.54550783624993,171.640625,0.09511716375007495,0.0,79.052734375,61.875,88.828125,218.53515625,0.3409512044471896
2013-06-10,2,611.3,297.578125,161.640625,161.640625,161.640625,0.0,0.0,245.19287109375,188.203125,290.46875,191.97509765625,0.41708237496390554
2013-06-10,2,634.1,252.96875,181.71875,173.04379885187493,181.71875,8.674951148125075,0.0,78.94775390625,68.4375,92.34375,222.03125,0.30281102143055943
2013-06-10,3,611.3,286.25,149.0625,149.0625,149.0625,0.0,0.0,241.689453125,194.6875,287.8125,191.59423828125,0.38530849731302275
2013-06-10,3,634.1,253.59375,171.953125,170.32043459406242,171.953125,1.6326904059375806,0.0,78.25439453125,67.265625,90.703125,223.388671875,0.29950394658846285
2013-06-10,4,611.3,221.484375,150.078125,150.078125,150.078125,0.0,0.0,235.5615234375,160.390625,290.859375,177.27294921875,0.5538627365628174
2013-06-10,4,634.1,254.296875,165.859375,165.859375,165.859375,0.0,0.0,82.0068359375,65.78125,89.0625,211.1083984375,0.2838940160762132
2013-06-10,5,611.3,220.546875,139.21875,139.21875,139.21875,0.0,0.0,233.92333984375,158.125,290.78125,174.35546875,0.5670928351510723
2013-06-10,5,634.1,255.234375,167.5,167.5,167.5,0.0,0.0,82.75146484375,73.59375,92.1875,209.0478515625,0.22469390765599645
2013-06-10,6,611.3,260.390625,148.90625,148.90625,148.90625,0.0,0.0,238.31298828125,139.6875,284.453125,179.6142578125,0.6074600719166504
2013-06-10,6,634.1,251.09375,170.703125,170.703125,170.703125,0.0,0.0,82.10693359375,72.109375,91.71875,212.0703125,0.23882727245695937
2013-06-10,7,611.3,259.609375,158.671875,158.671875,158.671875,0.0,0.0,246.24755859375,173.046875,290.3125,191.35009765625,0.47621030506726947
2013-06-10,7,634.1,257.5,182.34375,165.27031252374994,182.34375,17.073437476250064,0.0,76.62109375,62.1875,86.25,228.994140625,0.3140453734386949
2013-06-10,8,611.3,248.75,148.828125,148.828125,148.828125,0.0,0.0,240.966796875,151.875,285.15625,181.53564453125,0.5531104356636272
2013-06-10,8,634.1,252.734375,171.796875,171.796875,171.796875,0.0,0.0,80.64697265625,68.90625,88.75,216.396484375,0.2460569733297006
2013-06-10,9,611.3,251.328125,156.484375,156.484375,156.484375,0.0,0.0,246.37939453125,146.328125,290.9375,181.484375,0.5869377805523351
2013-06-10,9,634.1,253.203125,174.6875,171.89804689874993,174.6875,2.789453101250075,0.0,79.19677734375,67.96875,88.28125,221.62841796875,0.2564813958506736
2013-06-11,0,611.3,199.609375,115.3125,115.3125,115.3125,0.0,0.0,215.2685546875,112.890625,291.171875,165.08056640625,0.8281806428198789
2013-06-11,0,634.1,259.6875,127.109375,127.109375,127.109375,0.0,0.0,82.18017578125,54.609375,92.734375,204.5703125,0.46391966964736636
2013-06-11,1,611.3,221.796875,111.40625,111.40625,111.40625,0.0,0.0,218.37890625,87.578125,289.609375,164.052734375,0.925140863965656
2013-06-11,1,634.1,254.53125,126.015625,126.015625,126.015625,0.0,0.0,82.24365234375,65.3125,93.28125,203.8427734375,0.3400718378009321
2013-06-11,2,611.3,188.671875,114.609375,114.609375,114.609375,0.0,0.0,213.5400390625,87.109375,291.015625,161.55517578125,0.9548853268698695
2013-06-11,2,634.1,251.71875,120.546875,120.546875,120.546875,0.0,0.0,83.9111328125,70.859375,93.515625,199.84619140625,0.27000290951411116
2013-06-11,3,611.3,226.25,109.765625,109.765625,109.765625,0.0,0.0,219.9169921875,81.328125,290.3125,170.6201171875,0.9502875285863362
2013-06-11,3,634.1,254.921875,125.546875,125.546875,125.546875,0.0,0.0,81.33544921875,64.609375,94.140625,207.10205078125,0.3630796938316074
2013-06-11,4,611.3,219.6875,120.234375,120.234375,120.234375,0.0,0.0,226.48193359375,128.59375,288.359375,171.1572265625,0.7054232647385384
2013-06-11,4,634.1,238.359375,137.265625,137.265625,137.265625,0.0,0.0,83.9697265625,76.328125,91.015625,201.484375,0.17491422922602778
2013-06-11,5,611.3,228.515625,103.828125,103.828125,103.828125,0.0,0.0,225.8837890625,123.046875,291.25,170.77392578125,0.7446445169797453
2013-06-11,5,634.1,256.5625,113.046875,113.046875,113.046875,0.0,0.0,84.06005859375,77.265625,91.171875,200.95458984375,0.16543231390316865
2013-06-11,6,611.3,219.296875,126.953125,126.953125,126.953125,0.0,0.0,226.357421875,133.984375,289.21875,175.556640625,0.6857931748565512
2013-06-11,6,634.1,252.734375,141.015625,141.015625,141.015625,0.0,0.0,81.787109375,68.828125,90.703125,210.0732421875,0.26746268656716415
2013-06-11,7,611.3,211.953125,126.328125,126.328125,126.328125,0.0,0.0,237.255859375,133.28125,291.171875,178.4326171875,0.6654867256637168
2013-06-11,7,634.1,254.84375,140.78125,140.78125,140.78125,0.0,0.0,81.6357421875,71.796875,89.375,211.4697265625,0.2153238830073569
2013-06-11,8,611.3,209.296875,119.765625,119.765625,119.765625,0.0,0.0,220.19775390625,89.921875,290.9375,164.47998046875,0.9128868093976251
2013-06-11,8,634.1,252.109375,128.90625,128.90625,128.90625,0.0,0.0,83.1494140625,70.078125,95.078125,202.2607421875,0.30066357390334136
2013-06-11,9,611.3,208.125,133.359375,133.359375,133.359375,0.0,0.0,226.11083984375,103.75,291.40625,174.7900390625,0.8299303568536415
2013-06-11,9,634.1,253.515625,142.65625,142.65625,142.65625,0.0,0.0,80.8349609375,67.265625,92.1875,211.50634765625,0.30830564784053155
2013-06-12,0,611.3,224.609375,159.53125,159.53125,159.53125,0.0,0.0,248.85986328125,175.078125,290.234375,186.62841796875,0.4627353261456054
2013-06-12,0,634.1,257.5,187.03125,173.79294435968745,187.03125,13.238305640312547,0.0,79.7607421875,60.390625,88.59375,220.93505859375,0.35359657177838993
2013-06-12,1,611.3,218.4375,157.65625,157.65625,157.65625,0.0,0.0,246.943359375,195.46875,286.09375,187.14111328125,0.3669869893621228
2013-06-12,1,634.1,255.46875,180.78125,176.10207521906244,180.78125,4.679174780937558,0.0,79.45556640625,63.4375,87.734375,221.875,0.3057919803349209
2013-06-12,2,611.3,238.046875,156.640625,156.640625,156.640625,0.0,0.0,238.3056640625,191.875,291.09375,186.07666015625,0.41635078373117507
2013-06-12,2,634.1,255.15625,177.421875,174.20717775812494,177.421875,3.214697241875058,0.0,79.83154296875,63.984375,89.609375,220.27587890625,0.3209884094314811
2013-06-12,3,611.3,253.28125,146.484375,146.484375,146.484375,0.0,0.0,245.80810546875,152.1875,290.46875,192.33154296875,0.5625577306993236
2013-06-12,3,634.1,258.59375,170.78125,169.72111818781244,170.78125,1.0601318121875636,0.0,77.10693359375,56.953125,89.140625,227.37060546875,0.4174397618972232
2013-06-12,4,611.3,204.53125,148.4375,148.4375,148.4375,0.0,0.0,244.1552734375,186.171875,289.765625,178.681640625,0.42429454232746033
2013-06-12,4,634.1,246.015625,171.640625,171.640625,171.640625,0.0,0.0,82.99560546875,74.296875,92.65625,210.478515625,0.22120900132372406
2013-06-12,5,611.3,230.546875,142.5,142.5,142.5,0.0,0.0,249.9072265625,181.796875,288.4375,182.3779296875,0.4267208534417069
2013-06-12,5,634.1,253.046875,168.984375,168.984375,168.984375,0.0,0.0,80.908203125,70.46875,90.78125,218.7890625,0.2510561255280628
2013-06-12,6,611.3,224.21875,141.25,141.25,141.25,0.0,0.0,248.046875,176.25,288.515625,183.53271484375,0.4525984251968504
2013-06-12,6,634.1,253.4375,168.359375,168.359375,168.359375,0.0,0.0,79.82177734375,67.5,91.640625,221.39892578125,0.30243156445939745
2013-06-12,7,611.3,251.171875,157.578125,157.578125,157.578125,0.0,0.0,248.5986328125,206.71875,284.453125,190.6201171875,0.312690275568126
2013-06-12,7,634.1,255.859375,180.546875,169.73874514093745,180.546875,10.808129859062547,0.0,78.1103515625,65.15625,86.640625,226.19873046875,0.2750515721697818
2013-06-12,8,611.3,220.078125,146.875,146.875,146.875,0.0,0.0,230.7177734375,172.96875,289.21875,184.88525390625,0.5038623521195319
2013-06-12,8,634.1,255.390625,170.9375,170.9375,170.9375,0.0,0.0,79.13818359375,63.59375,90.859375,219.95361328125,0.34453185253740554
2013-06-12,9,611.3,244.921875,156.09375,156.09375,156.09375,0.0,0.0,253.39111328125,209.921875,287.265625,191.26220703125,0.3052346587788687
2013-06-12,9,634.1,254.765625,175.234375,173.97802736749992,175.234375,1.2563476325000806,0.0,78.45458984375,68.28125,87.734375,226.15478515625,0.24795394429749495
2013-06-13,0,611.3,232.8125,121.015625,121.015625,121.015625,0.0,0.0,217.2607421875,107.8125,288.4375,169.25048828125,0.831374311720418
2013-06-13,0,634.1,258.59375,131.796875,131.796875,131.796875,0.0,0.0,81.59423828125,56.875,93.984375,206.8212890625,0.4548038658328596
2013-06-13,1,611.3,232.5,118.671875,118.671875,118.671875,0.0,0.0,233.1689453125,110.390625,290.0,172.6123046875,0.7702971541055013
2013-06-13,1,634.1,251.71875,129.375,129.375,129.375,0.0,0.0,81.61376953125,73.203125,92.34375,210.4541015625,0.23452690777468665
2013-06-13,2,611.3,219.296875,140.703125,140.703125,140.703125,0.0,0.0,225.66162109375,124.765625,290.0,169.25048828125,0.7322218736138308
2013-06-13,2,634.1,251.40625,147.109375,147.109375,147.109375,0.0,0.0,82.04833984375,71.5625,93.125,208.271484375,0.26280239235873476
2013-06-13,3,611.3,231.484375,116.484375,116.484375,116.484375,0.0,0.0,218.740234375,118.4375,285.703125,174.29931640625,0.7646769945086834
2013-06-13,3,634.1,254.765625,138.4375,138.4375,138.4375,0.0,0.0,79.228515625,64.765625,91.796875,215.98876953125,0.3411808209047208
2013-06-13,4,611.3,228.59375,118.203125,118.203125,118.203125,0.0,0.0,225.71533203125,95.078125,291.5625,166.474609375,0.8704963603128076
2013-06-13,4,634.1,250.703125,139.6875,139.6875,139.6875,0.0,0.0,83.7255859375,72.96875,93.828125,200.96435546875,0.24913979121712254
2013-06-13,5,611.3,193.90625,127.65625,127.65625,127.65625,0.0,0.0,222.57080078125,120.703125,287.734375,169.4287109375,0.7504634454011956
2013-06-13,5,634.1,254.609375,133.4375,133.4375,133.4375,0.0,0.0,82.0166015625,70.859375,91.640625,208.03955078125,0.2533785795082455
2013-06-13,6,611.3,247.03125,123.828125,123.828125,123.828125,0.0,0.0,227.94677734375,106.796875,289.609375,170.05859375,0.8019964227189478
2013-06-13,6,634.1,251.5625,144.375,144.375,144.375,0.0,0.0,83.59619140625,74.296875,93.203125,203.68896484375,0.22616161911159136
2013-06-13,7,611.3,229.375,119.6875,119.6875,119.6875,0.0,0.0,231.30615234375,123.28125,286.25,178.96728515625,0.7045586481323158
2013-06-13,7,634.1,255.78125,133.28125,133.28125,133.28125,0.0,0.0,79.61669921875,65.703125,90.390625,217.470703125,0.3100794210542455
2013-06-13,8,611.3,237.421875,119.140625,119.140625,119.140625,0.0,0.0,230.47607421875,112.34375,289.84375,172.265625,0.7701450165778629
2013-06-13,8,634.1,252.734375,130.625,130.625,130.625,0.0,0.0,81.73828125,68.828125,92.734375,209.29443359375,0.2924731182795699
2013-06-13,9,611.3,212.5,129.453125,129.453125,129.453125,0.0,0.0,229.47021484375,123.359375,289.921875,173.93798828125,0.7258567309636029
2013-06-13,9,634.1,253.203125,138.28125,138.28125,138.28125,0.0,0.0,81.40380859375,67.96875,90.859375,211.0693359375,0.2811984524487898
2013-06-14,0,611.3,205.0,103.671875,103.671875,103.671875,0.0,0.0,220.3369140625,101.5625,290.15625,169.33837890625,0.8559335180055402
2013-06-14,0,634.1,259.375,117.890625,117.890625,117.890625,0.0,0.0,81.84814453125,55.234375,91.484375,206.005859375,0.44289336316181954
2013-06-14,1,611.3,222.265625,129.140625,129.140625,129.140625,0.0,0.0,231.15966796875,113.75,291.5625,174.0966796875,0.7692193952451866
2013-06-14,1,634.1,251.796875,139.140625,139.140625,139.140625,0.0,0.0,81.64306640625,70.703125,91.40625,209.609375,0.253580933584522
2013-06-14,2,611.3,218.203125,136.875,136.875,136.875,0.0,0.0,227.021484375,117.734375,290.15625,173.3056640625,0.7594958489267433
2013-06-14,2,634.1,254.375,143.046875,143.046875,143.046875,0.0,0.0,81.85546875,65.625,90.703125,208.1396484375,0.30637079455977095
2013-06-14,3,611.3,230.078125,117.890625,117.890625,117.890625,0.0,0.0,232.94677734375,115.78125,287.421875,174.931640625,0.7368233506262118
2013-06-14,3,634.1,253.984375,131.875,131.875,131.875,0.0,0.0,81.2060546875,66.40625,90.703125,211.45263671875,0.29920028861764175
2013-06-14,4,611.3,223.671875,135.078125,135.078125,135.078125,0.0,0.0,232.40234375,125.625,290.46875,175.0341796875,0.7093033027985545
2013-06-14,4,634.1,252.34375,146.25,146.25,146.25,0.0,0.0,81.64306640625,69.6875,91.40625,209.94140625,0.26602075296791367
2013-06-14,5,611.3,231.015625,137.8125,137.8125,137.8125,0.0,0.0,230.9130859375,103.515625,290.0,173.798828125,0.8075955255756909
2013-06-14,5,634.1,254.140625,143.984375,143.984375,143.984375,0.0,0.0,81.03515625,71.875,91.09375,211.99462890625,0.23716558206796817
2013-06-14,6,611.3,254.140625,127.03125,127.03125,127.03125,0.0,0.0,227.2119140625,112.96875,290.234375,171.93359375,0.7801775084348742
2013-06-14,6,634.1,252.421875,141.796875,141.796875,141.796875,0.0,0.0,82.04833984375,69.53125,92.734375,208.67919921875,0.28279822655994286
2013-06-14,7,611.3,226.71875,148.75,148.75,148.75,0.0,0.0,229.9169921875,149.609375,291.5625,185.36376953125,0.6174103255675664
2013-06-14,7,634.1,256.5625,163.28125,163.28125,163.28125,0.0,0.0,78.73046875,65.390625,87.578125,219.19189453125,0.28181592656908955
2013-06-14,8,611.3,220.78125,124.765625,124.765625,124.765625,0.0,0.0,230.83251953125,94.296875,290.546875,170.36376953125,0.8501835027340321
2013-06-14,8,634.1,251.328125,134.453125,134.453125,134.453125,0.0,0.0,81.669921875,71.71875,95.390625,209.423828125,0.28984814061939496
2013-06-14,9,611.3,221.796875,145.078125,145.078125,145.078125,0.0,0.0,234.63134765625,125.859375,291.015625,176.61376953125,0.7038967795640185
2013-06-14,9,634.1,252.578125,153.90625,153.90625,153.90625,0.0,0.0,80.01953125,69.21875,89.53125,216.36474609375,0.2538442762997315
2013-06-15,0,611.3,221.71875,147.578125,147.578125,147.578125,0.0,0.0,222.4365234375,118.125,290.15625,176.4990234375,0.7733947974975305
2013-06-15,0,634.1,259.921875,166.640625,166.640625,166.640625,0.0,0.0,79.84130859375,53.984375,91.40625,213.7060546875,0.46870317707855547
2013-06-15,1,611.3,244.921875,156.953125,156.953125,156.953125,0.0,0.0,242.78564453125,144.765625,289.921875,183.57421875,0.5978782241439992
2013-06-15,1,634.1,253.28125,169.921875,169.921875,169.921875,0.0,0.0,79.36279296875,67.734375,87.109375,219.60693359375,0.24413203310056295
2013-06-15,2,611.3,239.6875,155.390625,155.390625,155.390625,0.0,0.0,241.41357421875,133.359375,291.328125,179.4677734375,0.6543490792148297
2013-06-15,2,634.1,251.484375,166.5625,166.5625,166.5625,0.0,0.0,81.08154296875,71.328125,87.734375,214.541015625,0.20234259733220922
2013-06-15,3,611.3,281.71875,156.796875,156.796875,156.796875,0.0,0.0,230.65185546875,174.296875,286.015625,182.96142578125,0.4843609420481609
2013-06-15,3,634.1,255.78125,177.1875,175.26479494562494,177.1875,1.922705054375058,0.0,80.81298828125,62.734375,91.71875,213.740234375,0.3586598592187547
2013-06-15,4,611.3,225.546875,148.046875,148.046875,148.046875,0.0,0.0,240.0634765625,136.640625,291.015625,177.38037109375,0.6430590867487034
2013-06-15,4,634.1,243.59375,171.484375,171.484375,171.484375,0.0,0.0,82.40478515625,75.0,90.078125,209.62646484375,0.18297632803010103
2013-06-15,5,611.3,216.5625,154.140625,154.140625,154.140625,0.0,0.0,229.70703125,129.765625,291.25,173.98681640625,0.7030014454553184
2013-06-15,5,634.1,253.75,174.21875,174.21875,174.21875,0.0,0.0,82.84912109375,68.828125,91.328125,206.9482421875,0.2715780167968174
2013-06-15,6,611.3,265.078125,156.5625,156.5625,156.5625,0.0,0.0,245.791015625,151.5625,287.890625,187.001953125,0.5546505621995311
2013-06-15,6,634.1,254.6875,176.40625,174.49802248468745,176.40625,1.9082275153125465,0.0,79.64599609375,64.921875,90.9375,219.50439453125,0.3266407136069644
2013-06-15,7,611.3,300.0,159.0625,159.0625,159.0625,0.0,0.0,239.7900390625,179.0625,282.34375,194.74365234375,0.430715347492313
2013-06-15,7,634.1,257.03125,185.078125,165.47302248468742,185.078125,19.60510251531258,0.0,76.61865234375,63.359375,91.5625,228.29345703125,0.36809737756109995
2013-06-15,8,611.3,204.0625,147.65625,147.65625,147.65625,0.0,0.0,232.70751953125,137.578125,291.25,176.96044921875,0.6603648876905484
2013-06-15,8,634.1,251.953125,166.5625,166.5625,166.5625,0.0,0.0,80.71533203125,70.46875,91.640625,215.6103515625,0.2623030156377605
2013-06-15,9,611.3,249.375,148.4375,148.4375,148.4375,0.0,0.0,233.77197265625,134.765625,288.59375,182.1630859375,0.6580263803745052
2013-06-15,9,634.1,255.703125,167.578125,167.578125,167.578125,0.0,0.0,79.12109375,62.96875,89.453125,219.2724609375,0.33473216489755614
2013-06-16,0,611.3,221.5625,137.8125,137.8125,137.8125,0.0,0.0,212.81982421875,112.109375,289.921875,175.79345703125,0.8355072214383223
2013-06-16,0,634.1,258.59375,145.15625,145.15625,145.15625,0.0,0.0,80.2734375,57.890625,91.015625,209.97802734375,0.41265206812652067
2013-06-16,1,611.3,276.40625,139.0625,139.0625,139.0625,0.0,0.0,228.271484375,146.5625,287.734375,188.31787109375,0.6184385026737967
2013-06-16,1,634.1,255.859375,167.421875,167.421875,167.421875,0.0,0.0,78.48876953125,62.578125,87.34375,218.13720703125,0.31553080966748576
2013-06-16,2,611.3,235.46875,149.140625,149.140625,149.140625,0.0,0.0,223.20556640625,145.0,285.3125,184.54833984375,0.6286245556467049
2013-06-16,2,634.1,256.71875,152.578125,152.578125,152.578125,0.0,0.0,78.47412109375,60.78125,90.15625,217.91015625,0.3743272252123324
2013-06-16,3,611.3,254.921875,142.65625,142.65625,142.65625,0.0,0.0,224.1064453125,140.078125,290.78125,190.65185546875,0.6724622524347996
2013-06-16,3,634.1,259.453125,150.9375,150.9375,150.9375,0.0,0.0,77.33154296875,55.15625,90.3125,220.1025390625,0.4546172059984215
2013-06-16,4,611.3,261.171875,151.5625,151.5625,151.5625,0.0,0.0,235.59814453125,131.484375,291.015625,182.21923828125,0.6771328794520264
2013-06-16,4,634.1,251.875,165.546875,165.546875,165.546875,0.0,0.0,81.52099609375,70.546875,92.1875,210.88623046875,0.26546075289748733
2013-06-16,5,611.3,235.546875,130.0,130.0,130.0,0.0,0.0,227.30712890625,130.234375,291.40625,181.83837890625,0.7090489232586864
2013-06-16,5,634.1,253.984375,135.9375,135.9375,135.9375,0.0,0.0,79.8876953125,67.265625,92.03125,214.8779296875,0.3100055008862539
2013-06-16,6,611.3,255.234375,141.796875,141.796875,141.796875,0.0,0.0,231.9189453125,128.203125,287.734375,184.6044921875,0.6878750236857064
2013-06-16,6,634.1,255.703125,154.84375,154.84375,154.84375,0.0,0.0,80.08056640625,62.890625,91.171875,215.0732421875,0.35315996463522453
2013-06-16,7,611.3,259.921875,159.453125,159.453125,159.453125,0.0,0.0,232.64404296875,176.796875,281.640625,200.4248046875,0.45066165744928693
2013-06-16,7,634.1,255.859375,175.703125,161.55983889093744,175.703125,14.143286109062558,0.0,75.6591796875,62.5,89.921875,229.00146484375,0.36243949661181024
2013-06-16,8,611.3,259.21875,155.234375,155.234375,155.234375,0.0,0.0,228.86474609375,165.078125,281.40625,189.2822265625,0.508283285151958
2013-06-16,8,634.1,255.46875,168.671875,168.671875,168.671875,0.0,0.0,79.0869140625,63.4375,88.515625,217.36572265625,0.31709575847379146
2013-06-16,9,611.3,278.90625,156.171875,156.171875,156.171875,0.0,0.0,238.33740234375,161.953125,288.4375,193.134765625,0.5306946109011196
2013-06-16,9,634.1,256.171875,175.859375,166.21335451593745,175.859375,9.646020484062547,0.0,76.63330078125,61.953125,87.1875,226.62109375,0.3292873299563541
2013-06-17,0,611.3,243.828125,124.84375,124.84375,124.84375,0.0,0.0,235.16357421875,145.390625,290.625,184.98291015625,0.6175887378922998
2013-06-17,0,634.1,257.265625,151.5625,151.5625,151.5625,0.0,0.0,78.6767578125,59.6875,90.546875,220.74462890625,0.39222987649723823
2013-06-17,1,611.3,234.921875,150.390625,150.390625,150.390625,0.0,0.0,224.47021484375,140.390625,288.828125,179.09423828125,0.6612792708525934
2013-06-17,1,634.1,255.859375,171.25,171.25,171.25,0.0,0.0,79.4677734375,62.578125,90.9375,216.56982421875,0.3568663594470046
2013-06-17,2,611.3,236.640625,138.125,138.125,138.125,0.0,0.0,224.04052734375,164.921875,287.734375,188.2958984375,0.5481709111118376
2013-06-17,2,634.1,257.65625,154.84375,154.84375,154.84375,0.0,0.0,77.1875,58.828125,91.09375,222.57080078125,0.4180161943319838
2013-06-17,3,611.3,269.375,158.125,158.125,158.125,0.0,0.0,235.47607421875,165.234375,286.5625,192.68310546875,0.5152460835035406
2013-06-17,3,634.1,256.5625,174.765625,168.47841799249994,174.765625,6.287207007500058,0.0,76.37939453125,61.25,87.65625,228.017578125,0.34572478823717434
2013-06-17,4,611.3,247.03125,142.5,142.5,142.5,0.0,0.0,242.60009765625,160.3125,286.328125,184.12841796875,0.5194376515814791
2013-06-17,4,634.1,251.71875,163.671875,163.671875,163.671875,0.0,0.0,79.71923828125,70.9375,91.09375,219.90234375,0.2528404740758889
2013-06-17,5,611.3,216.25,136.09375,136.09375,136.09375,0.0,0.0,230.40771484375,153.4375,284.21875,176.76513671875,0.5676079470198675
2013-06-17,5,634.1,254.84375,153.75,153.75,153.75,0.0,0.0,81.474609375,67.96875,90.9375,212.978515625,0.28191298094210715
2013-06-17,6,611.3,243.59375,149.0625,149.0625,149.0625,0.0,0.0,240.9912109375,149.765625,291.40625,184.62646484375,0.5877418701246074
2013-06-17,6,634.1,258.046875,171.953125,171.953125,171.953125,0.0,0.0,78.49853515625,58.046875,90.0,222.10205078125,0.40705377414238175
2013-06-17,7,611.3,281.796875,159.921875,159.921875,159.921875,0.0,0.0,232.998046875,146.484375,283.203125,199.17236328125,0.5867806697682216
2013-06-17,7,634.1,258.984375,183.671875,158.62495119562493,183.671875,25.04692380437507,0.0,74.19677734375,56.09375,85.546875,231.728515625,0.39695962620512654
2013-06-17,8,611.3,253.75,131.40625,131.40625,131.40625,0.0,0.0,235.64453125,158.59375,284.375,187.38037109375,0.5337753833402403
2013-06-17,8,634.1,255.859375,148.59375,148.59375,148.59375,0.0,0.0,77.88818359375,62.65625,88.359375,223.52294921875,0.33000031345014574
2013-06-17,9,611.3,221.953125,157.1875,157.1875,157.1875,0.0,0.0,245.50537109375,161.328125,291.5625,186.0791015625,0.5304746467248084
2013-06-17,9,634.1,253.125,179.375,175.22954103937494,179.375,4.145458960625064,0.0,79.404296875,68.203125,87.34375,220.75927734375,0.24105276103800272
2013-06-18,0,611.3,225.078125,113.984375,113.984375,113.984375,0.0,0.0,213.14453125,97.890625,288.203125,170.966796875,0.8928800513149455
2013-06-18,0,634.1,257.96875,129.296875,129.296875,129.296875,0.0,0.0,79.04296875,58.125,94.140625,212.3486328125,0.4556461576476402
2013-06-18,1,611.3,235.3125,114.921875,114.921875,114.921875,0.0,0.0,219.6044921875,108.359375,287.734375,175.48583984375,0.8168093385214008
2013-06-18,1,634.1,256.328125,124.765625,124.765625,124.765625,0.0,0.0,79.84130859375,61.5625,92.265625,212.68310546875,0.3845518759746812
2013-06-18,2,611.3,226.171875,124.0625,124.0625,124.0625,0.0,0.0,208.02734375,107.734375,289.21875,175.2880859375,0.8724063468218947
2013-06-18,2,634.1,257.890625,127.421875,127.421875,127.421875,0.0,0.0,78.23486328125,58.359375,93.515625,212.6513671875,0.449368076142924
2013-06-18,3,611.3,259.453125,133.28125,133.28125,133.28125,0.0,0.0,211.69189453125,97.1875,288.59375,182.5244140625,0.9041737305239363
2013-06-18,3,634.1,261.328125,138.90625,138.90625,138.90625,0.0,0.0,76.03515625,51.015625,91.796875,221.4013671875,0.5363472900077061
2013-06-18,4,611.3,252.109375,117.421875,117.421875,117.421875,0.0,0.0,230.2587890625,118.203125,287.96875,174.55810546875,0.7372818457493056
2013-06-18,4,634.1,254.21875,130.625,130.625,130.625,0.0,0.0,80.5859375,66.171875,92.03125,212.71240234375,0.320891904992729
2013-06-18,5,611.3,216.40625,92.03125,92.03125,92.03125,0.0,0.0,222.5,80.390625,290.9375,167.69287109375,0.9462780898876404
2013-06-18,5,634.1,257.34375,101.71875,101.71875,101.71875,0.0,0.0,82.17041015625,66.5625,93.90625,205.34912109375,0.33276881480821224
2013-06-18,6,611.3,258.984375,121.5625,121.5625,121.5625,0.0,0.0,231.14013671875,123.203125,289.375,178.65234375,0.7189226300501717
2013-06-18,6,634.1,253.671875,135.3125,135.3125,135.3125,0.0,0.0,79.43359375,69.21875,90.78125,217.65625,0.2714531595770838
2013-06-18,7,611.3,229.921875,143.671875,143.671875,143.671875,0.0,0.0,207.15576171875,114.921875,291.25,190.26611328125,0.8511861969805895
2013-06-18,7,634.1,261.171875,154.296875,154.296875,154.296875,0.0,0.0,73.61083984375,51.328125,88.828125,226.90673828125,0.5094358396073099
2013-06-18,8,611.3,260.078125,119.0625,119.0625,119.0625,0.0,0.0,219.63134765625,108.90625,285.9375,177.48291015625,0.8060381720967975
2013-06-18,8,634.1,254.0625,129.21875,129.21875,129.21875,0.0,0.0,79.09912109375,66.171875,94.296875,215.6494140625,0.35556652983116765
2013-06-18,9,611.3,267.265625,153.984375,153.984375,153.984375,0.0,0.0,233.43505859375,120.15625,288.28125,183.38623046875,0.7202217225330754
2013-06-18,9,634.1,253.90625,166.484375,166.484375,166.484375,0.0,0.0,79.0087890625,66.5625,89.84375,218.44970703125,0.2946665842654966
2013-06-19,0,611.3,244.84375,159.921875,159.921875,159.921875,0.0,0.0,234.31396484375,145.234375,285.859375,188.408203125,0.6001562907007033
2013-06-19,0,634.1,259.0625,175.859375,169.71230471124994,175.859375,6.147070288750058,0.0,77.01416015625,55.859375,87.8125,225.6787109375,0.4148993501347282
2013-06-19,1,611.3,215.3125,156.5625,156.5625,156.5625,0.0,0.0,225.23193359375,145.859375,290.46875,182.52685546875,0.6420465015446317
2013-06-19,1,634.1,257.03125,171.71875,169.68586428156243,171.71875,2.0328857184375693,0.0,77.8515625,60.15625,90.15625,220.95947265625,0.3853487205218264
2013-06-19,2,611.3,225.234375,153.90625,153.90625,153.90625,0.0,0.0,236.4306640625,155.78125,291.09375,181.54296875,0.5723136655583321
2013-06-19,2,634.1,255.9375,170.15625,170.15625,170.15625,0.0,0.0,79.86083984375,62.421875,90.3125,217.80029296875,0.3492403167130323
2013-06-19,3,611.3,237.96875,157.34375,157.34375,157.34375,0.0,0.0,232.3095703125,144.609375,289.84375,193.05908203125,0.625176030434874
2013-06-19,3,634.1,259.140625,179.84375,160.80187990656242,179.84375,19.04187009343758,0.0,75.04150390625,55.78125,86.328125,228.78662109375,0.4070664020561538
2013-06-19,4,611.3,234.453125,152.65625,152.65625,152.65625,0.0,0.0,242.63916015625,176.40625,287.03125,183.3251953125,0.455923932182925
2013-06-19,4,634.1,252.890625,165.625,165.625,165.625,0.0,0.0,80.48828125,68.671875,90.15625,217.12646484375,0.2669255035185635
2013-06-19,5,611.3,226.71875,146.015625,146.015625,146.015625,0.0,0.0,232.36328125,131.328125,290.390625,181.94091796875,0.6845423215936791
2013-06-19,5,634.1,255.15625,157.65625,157.65625,157.65625,0.0,0.0,78.3056640625,64.0625,89.53125,222.08984375,0.3252478643137744
2013-06-19,6,611.3,241.796875,138.28125,138.28125,138.28125,0.0,0.0,234.89990234375,149.140625,283.203125,182.587890625,0.5707218209218937
2013-06-19,6,634.1,256.71875,163.046875,163.046875,163.046875,0.0,0.0,79.75830078125,60.859375,90.390625,218.2421875,0.37025926719520036
2013-06-19,7,611.3,257.96875,161.953125,161.953125,161.953125,0.0,0.0,218.3544921875,98.046875,282.5,202.3583984375,0.8447416087121805
2013-06-19,7,634.1,262.265625,176.26953125,147.96064455499993,186.875,38.91435544500007,10.60546875,70.4931640625,48.828125,85.703125,238.09814453125,0.5231003671122809
2013-06-19,8,611.3,267.109375,156.484375,156.484375,156.484375,0.0,0.0,234.6923828125,158.59375,289.296875,193.22021484375,0.5569125143035473
2013-06-19,8,634.1,258.125,170.0,165.94895021906245,170.0,4.0510497809375465,0.0,75.72265625,57.890625,90.390625,227.63427734375,0.4291978333763219
2013-06-19,9,611.3,243.59375,147.734375,147.734375,147.734375,0.0,0.0,240.01708984375,167.96875,288.28125,193.1494140625,0.5012663893155395
2013-06-19,9,634.1,256.328125,171.328125,167.58825685968742,171.328125,3.7398681403125806,0.0,76.13525390625,61.71875,87.421875,229.32861328125,0.3375982042648709
2013-06-20,0,611.3,233.515625,143.359375,143.359375,143.359375,0.0,0.0,224.5166015625,112.5,291.328125,174.86572265625,0.7965029033731323
2013-06-20,0,634.1,258.75,165.0,165.0,165.0,0.0,0.0,78.8818359375,56.640625,92.65625,217.9541015625,0.45657691117301147
2013-06-20,1,611.3,245.15625,157.109375,157.109375,157.109375,0.0,0.0,231.552734375,143.59375,291.40625,183.76220703125,0.6383535068111846
2013-06-20,1,634.1,255.0,177.109375,171.59838869562492,177.109375,5.510986304375081,0.0,78.125,64.375,90.9375,222.1142578125,0.34
2013-06-20,2,611.3,198.4375,153.125,153.125,153.125,0.0,0.0,217.4658203125,148.75,290.703125,176.67236328125,0.6527606259963625
2013-06-20,2,634.1,256.328125,169.765625,168.21401369562494,169.765625,1.551611304375058,0.0,79.00146484375,61.71875,89.921875,217.00439453125,0.3569949627615192
2013-06-20,3,611.3,258.125,158.75,158.75,158.75,0.0,0.0,226.26708984375,116.015625,291.40625,197.20458984375,0.7751486312972734
2013-06-20,3,634.1,261.09375,184.21875,158.88935549249993,184.21875,25.32939450750007,0.0,73.876953125,51.484375,89.21875,231.50390625,0.5107732980832782
2013-06-20,4,611.3,239.21875,154.6875,154.6875,154.6875,0.0,0.0,251.48681640625,175.078125,291.328125,187.7587890625,0.4622508712830918
2013-06-20,4,634.1,252.734375,174.453125,174.453125,174.453125,0.0,0.0,79.50439453125,68.90625,86.5625,220.79345703125,0.22207891908490712
2013-06-20,5,611.3,215.546875,146.015625,146.015625,146.015625,0.0,0.0,223.349609375,140.0,284.6875,178.94775390625,0.6478072668444755
2013-06-20,5,634.1,256.484375,162.421875,162.421875,162.421875,0.0,0.0,78.12255859375,61.328125,90.234375,220.58349609375,0.3700115628613394
2013-06-20,6,611.3,238.28125,157.03125,157.03125,157.03125,0.0,0.0,234.25048828125,149.21875,289.6875,181.48681640625,0.5996518984043606
2013-06-20,6,634.1,253.90625,173.984375,173.27294924249992,173.984375,0.7114257575000806,0.0,79.1552734375,66.5625,90.078125,220.48828125,0.29708222811671087
2013-06-20,7,611.3,284.6875,161.796875,161.796875,161.796875,0.0,0.0,214.37255859375,118.90625,285.078125,209.81201171875,0.7751546004304896
2013-06-20,7,634.1,260.859375,187.55078125,143.43051760187493,192.578125,49.147607398125075,5.02734375,67.79052734375,51.953125,81.171875,244.91455078125,0.43101523391075736
2013-06-20,8,611.3,231.640625,152.578125,152.578125,152.578125,0.0,0.0,221.16943359375,152.96875,290.078125,180.41015625,0.6199291320329834
2013-06-20,8,634.1,256.953125,169.765625,169.765625,169.765625,0.0,0.0,78.16650390625,60.390625,91.640625,219.4091796875,0.3997876128306837
2013-06-20,9,611.3,231.71875,159.140625,159.140625,159.140625,0.0,0.0,235.7763671875,135.859375,287.265625,182.39013671875,0.6421604158469153
2013-06-20,9,634.1,253.75,176.875,176.06682131281244,176.875,0.8081786871875636,0.0,79.50927734375,66.875,90.3125,219.32373046875,0.2947769214235269
2013-06-21,0,611.3,235.390625,138.203125,138.203125,138.203125,0.0,0.0,225.96435546875,115.390625,290.234375,179.2333984375,0.7737669493814489
2013-06-21,0,634.1,261.09375,163.125,163.125,163.125,0.0,0.0,78.9111328125,51.40625,90.625,218.15673828125,0.49699894808489575
2013-06-21,1,611.3,230.46875,148.671875,148.671875,148.671875,0.0,0.0,227.89794921875,152.03125,286.25,181.61376953125,0.5889423334440315
2013-06-21,1,634.1,256.484375,167.8125,167.8125,167.8125,0.0,0.0,78.37890625,61.25,90.859375,220.39306640625,0.3777722402192873
2013-06-21,2,611.3,206.484375,148.28125,148.28125,148.28125,0.0,0.0,209.96337890625,133.125,288.359375,176.4404296875,0.7393402402297647
2013-06-21,2,634.1,257.734375,165.78125,165.78125,165.78125,0.0,0.0,78.26171875,58.671875,92.5,216.50634765625,0.4322435737459446
2013-06-21,3,611.3,232.34375,157.5,157.5,157.5,0.0,0.0,219.0234375,150.78125,284.609375,190.07080078125,0.6110219368646335
2013-06-21,3,634.1,258.671875,180.234375,164.38015139093744,180.234375,15.854223609062558,0.0,75.283203125,56.71875,87.421875,226.7822265625,0.40783499805422235
2013-06-21,4,611.3,209.140625,150.9375,150.9375,150.9375,0.0,0.0,224.11865234375,122.96875,290.15625,172.40478515625,0.7459776250285951
2013-06-21,4,634.1,255.234375,167.1875,167.1875,167.1875,0.0,0.0,81.6748046875,63.828125,92.03125,209.5556640625,0.3453099778800741
2013-06-21,5,611.3,211.953125,149.765625,149.765625,149.765625,0.0,0.0,231.38916015625,140.546875,290.9375,178.43505859375,0.6499467170305032
2013-06-21,5,634.1,256.484375,167.65625,167.65625,167.65625,0.0,0.0,79.48486328125,66.640625,90.9375,217.548828125,0.30567927020302854
2013-06-21,6,611.3,235.390625,146.09375,146.09375,146.09375,0.0,0.0,214.8095703125,138.203125,287.578125,181.32568359375,0.6953833564430705
2013-06-21,6,634.1,258.203125,167.109375,165.45539553156243,167.109375,1.6539794684375693,0.0,76.93603515625,57.65625,90.234375,221.4404296875,0.42344429283152984
2013-06-21,7,611.3,248.4375,162.265625,162.265625,162.265625,0.0,0.0,209.619140625,129.375,277.734375,202.83447265625,0.7077568134171908
2013-06-21,7,634.1,260.15625,192.03125,148.55114748468742,192.03125,43.48010251531258,0.0,70.7958984375,53.515625,86.71875,234.6142578125,0.4689978619215118
2013-06-21,8,611.3,260.234375,158.4375,158.4375,158.4375,0.0,0.0,231.4599609375,156.953125,286.796875,193.9697265625,0.560977153344725
2013-06-21,8,634.1,257.734375,173.75,163.47236330499993,173.75,10.27763669500007,0.0,75.39794921875,58.75,87.65625,227.8662109375,0.3833824434154713
2013-06-21,9,611.3,274.609375,156.09375,156.09375,156.09375,0.0,0.0,243.5888671875,161.796875,289.21875,184.6875,0.5231022109968528
2013-06-21,9,634.1,252.5,175.546875,175.546875,175.546875,0.0,0.0,80.06103515625,69.296875,89.296875,218.12255859375,0.24980941054493336
2013-06-22,0,611.3,280.46875,156.25,156.25,156.25,0.0,0.0,246.806640625,123.90625,289.6875,196.22802734375,0.671704981600918
2013-06-22,0,634.1,260.546875,176.171875,173.91633303156243,176.171875,2.2555419684375693,0.0,78.125,52.65625,89.140625,224.0673828125,0.467
2013-06-22,1,611.3,300.0,157.1875,157.1875,157.1875,0.0,0.0,238.0810546875,167.34375,285.078125,205.6787109375,0.49451383334358784
2013-06-22,1,634.1,257.5,179.296875,160.93408205499992,179.296875,18.36279294500008,0.0,73.87451171875,59.21875,90.234375,234.8486328125,0.4198420304702733
2013-06-22,2,611.3,300.0,160.390625,160.390625,160.390625,0.0,0.0,247.275390625,122.5,288.4375,214.345703125,0.6710635440938352
2013-06-22,2,634.1,260.625,189.453125,160.44052736749993,189.453125,29.012597632500075,0.0,72.28759765625,52.5,86.09375,241.650390625,0.4647235637812827
2013-06-22,3,611.3,300.0,161.09375,161.09375,161.09375,0.0,0.0,223.515625,139.609375,283.4375,214.78759765625,0.6434813002446697
2013-06-22,3,634.1,259.453125,191.71875,152.47314455499992,191.71875,39.24560544500008,0.0,69.79248046875,55.078125,88.28125,244.01611328125,0.47574072130688777
2013-06-22,4,611.3,259.296875,156.5625,156.5625,156.5625,0.0,0.0,245.37353515625,177.8125,287.65625,194.17236328125,0.44765932043181933
2013-06-22,4,634.1,254.84375,177.1875,173.88989260187492,177.1875,3.2976073981250806,0.0,78.84033203125,64.765625,87.8125,222.4755859375,0.2923234137429164
2013-06-22,5,611.3,258.359375,157.890625,157.890625,157.890625,0.0,0.0,249.92919921875,195.625,288.515625,195.615234375,0.37166775747037734
2013-06-22,5,634.1,255.46875,181.640625,169.93264162531244,181.640625,11.707983374687558,0.0,77.2216796875,63.4375,83.75,226.9580078125,0.2630414163768574
2013-06-22,6,611.3,258.828125,157.03125,157.03125,157.03125,0.0,0.0,257.7197265625,215.9375,287.5,197.53173828125,0.27767567874803434
2013-06-22,6,634.1,253.046875,178.359375,171.28991701593742,178.359375,7.069457984062581,0.0,76.75048828125,68.28125,87.1875,231.4697265625,0.24633393771670326
2013-06-22,7,611.3,300.0,161.484375,161.484375,161.484375,0.0,0.0,214.42138671875,100.078125,281.015625,218.5009765625,0.8438407323488221
2013-06-22,7,634.1,262.109375,177.39765624999998,142.12612307062494,193.4375,51.31137692937506,16.039843750000017,67.373046875,49.140625,85.15625,246.6845703125,0.5345702275692129
2013-06-22,8,611.3,299.375,158.671875,158.671875,158.671875,0.0,0.0,243.42041015625,118.203125,291.171875,206.2158203125,0.7105761997893787
2013-06-22,8,634.1,260.9375,183.90625,166.30148928156245,183.90625,17.604760718437547,0.0,73.984375,51.875,84.296875,235.40771484375,0.4382259767687434
2013-06-22,9,611.3,300.0,157.34375,157.34375,157.34375,0.0,0.0,243.94775390625,158.515625,289.609375,205.72998046875,0.5373845337816875
2013-06-22,9,634.1,258.125,179.921875,159.93815920343744,179.921875,19.983715796562564,0.0,73.466796875,57.890625,82.578125,236.69677734375,0.336036155788914
2013-06-23,0,611.3,253.671875,158.28125,158.28125,158.28125,0.0,0.0,250.8251953125,134.53125,290.9375,189.39208984375,0.6235667425879421
2013-06-23,0,634.1,259.84375,182.96875,166.55708010187493,182.96875,16.41166989812507,0.0,76.81884765625,54.296875,86.40625,229.07958984375,0.4179882409025902
2013-06-23,1,611.3,288.125,156.25,156.25,156.25,0.0,0.0,243.31298828125,153.28125,288.28125,197.099609375,0.5548409106872297
2013-06-23,1,634.1,258.515625,176.25,159.00393068781244,176.25,17.246069312187558,0.0,73.89892578125,57.109375,86.484375,235.107421875,0.39750239518979813
2013-06-23,2,611.3,292.890625,161.328125,161.328125,161.328125,0.0,0.0,232.3876953125,82.1875,285.234375,196.8408203125,0.8737419368394512
2013-06-23,2,634.1,263.359375,167.80859375,152.38500978937492,192.890625,40.50561521062508,25.08203125,71.7236328125,46.484375,85.546875,239.27490234375,0.5446252297637688
2013-06-23,3,611.3,300.0,157.265625,157.265625,157.265625,0.0,0.0,227.36328125,140.78125,279.765625,203.48388671875,0.6112876900609914
2013-06-23,3,634.1,259.375,179.21875,150.57824709406242,179.21875,28.64050290593758,0.0,70.9765625,55.234375,90.0,242.1240234375,0.4898183819482664
2013-06-23,4,611.3,245.859375,156.484375,156.484375,156.484375,0.0,0.0,250.72998046875,194.296875,288.90625,188.2958984375,0.37733570920846354
2013-06-23,4,634.1,254.296875,176.40625,165.70217287531244,176.40625,10.704077124687558,0.0,76.806640625,65.703125,87.265625,229.79736328125,0.280737444373808
2013-06-23,5,611.3,300.0,144.53125,144.53125,144.53125,0.0,0.0,257.51708984375,183.28125,288.4375,194.1015625,0.408346685122157
2013-06-23,5,634.1,256.171875,169.921875,167.37673342218744,169.921875,2.545141577812558,0.0,75.9716796875,67.96875,93.046875,235.1123046875,0.33009833536859695
2013-06-23,6,611.3,258.671875,158.359375,158.359375,158.359375,0.0,0.0,240.0537109375,173.203125,290.9375,189.76806640625,0.4904501352643248
2013-06-23,6,634.1,257.109375,183.203125,160.60798342218743,183.203125,22.59514157781257,0.0,75.517578125,60.078125,89.6875,232.4365234375,0.3920858657700763
2013-06-23,7,611.3,300.0,160.9375,160.9375,160.9375,0.0,0.0,203.88671875,89.0625,273.75,206.73095703125,0.905833892135262
2013-06-23,7,634.1,262.890625,171.475,138.34514162531244,191.71875,53.373608374687564,20.243750000000006,67.15576171875,47.5,89.84375,245.17333984375,0.6305304104409787
2013-06-23,8,611.3,286.25,146.171875,146.171875,146.171875,0.0,0.0,241.45751953125,153.28125,286.796875,196.35498046875,0.5529569974014419
2013-06-23,8,634.1,258.515625,170.625,159.06562502374993,170.625,11.55937497625007,0.0,74.287109375,57.109375,88.828125,233.72802734375,0.4269751544629946
2013-06-23,9,611.3,289.6875,161.171875,161.171875,161.171875,0.0,0.0,240.60546875,171.09375,288.046875,195.56640625,0.4860784154558
2013-06-23,9,634.1,257.265625,192.5,155.98972170343745,192.5,36.51027829656255,0.0,73.41796875,59.765625,89.140625,237.8662109375,0.4001064112795956
2013-06-24,0,611.3,198.046875,134.21875,134.21875,134.21875,0.0,0.0,227.62939453125,113.75,289.921875,174.34814453125,0.7739416755150852
2013-06-24,0,634.1,258.203125,155.0,155.0,155.0,0.0,0.0,78.896484375,57.65625,93.828125,219.814453125,0.45847258324050005
2013-06-24,1,611.3,231.875,155.859375,155.859375,155.859375,0.0,0.0,240.17578125,158.125,289.53125,186.47216796875,0.5471253151175083
2013-06-24,1,634.1,255.234375,170.3125,169.37739260187493,170.3125,0.9351073981250693,0.0,76.7724609375,63.90625,91.484375,227.568359375,0.35921897856643137
2013-06-24,2,611.3,245.859375,150.234375,150.234375,150.234375,0.0,0.0,230.9619140625,150.15625,290.9375,189.6875,0.6095431386228621
2013-06-24,2,634.1,258.75,167.8125,164.21269533624994,167.8125,3.5998046637500636,0.0,74.9072265625,56.640625,89.140625,230.21728515625,0.43387002151098364
2013-06-24,3,611.3,280.859375,159.375,159.375,159.375,0.0,0.0,223.42529296875,157.109375,278.515625,196.36962890625,0.5433863301098181
2013-06-24,3,634.1,258.203125,184.296875,157.18835451593742,184.296875,27.10852048406258,0.0,72.9345703125,57.65625,86.640625,233.6376953125,0.3974024235120841
2013-06-24,4,611.3,213.4375,142.65625,142.65625,142.65625,0.0,0.0,240.6494140625,128.828125,291.09375,180.126953125,0.6742822359744344
2013-06-24,4,634.1,255.703125,164.765625,164.765625,164.765625,0.0,0.0,78.0712890625,62.96875,90.703125,224.4384765625,0.3552442304084058
2013-06-24,5,611.3,223.984375,152.578125,152.578125,152.578125,0.0,0.0,243.99658203125,173.515625,289.453125,183.1005859375,0.47516034460331597
2013-06-24,5,634.1,256.015625,169.6875,169.6875,169.6875,0.0,0.0,78.95751953125,68.125,87.890625,223.2568359375,0.2503323954113973
2013-06-24,6,611.3,223.359375,147.1875,147.1875,147.1875,0.0,0.0,236.03759765625,136.09375,286.640625,179.4970703125,0.6378088766148468
2013-06-24,6,634.1,255.625,171.09375,171.09375,171.09375,0.0,0.0,78.92333984375,63.125,91.640625,221.669921875,0.3613078850496489
2013-06-24,7,611.3,263.828125,156.171875,156.171875,156.171875,0.0,0.0,222.95654296875,138.90625,290.46875,196.0546875,0.6797849391719502
2013-06-24,7,634.1,259.53125,170.703125,152.50839846124993,170.703125,18.194726538750075,0.0,71.7431640625,54.921875,88.125,236.279296875,0.4628054175457701
2013-06-24,8,611.3,229.921875,159.921875,159.921875,159.921875,0.0,0.0,229.521484375,151.5625,289.84375,181.044921875,0.6024762796238778
2013-06-24,8,634.1,255.859375,172.8125,168.82214357843742,172.8125,3.9903564215625806,0.0,77.51953125,62.578125,92.03125,223.84033203125,0.3799445704207609
2013-06-24,9,611.3,243.515625,157.5,157.5,157.5,0.0,0.0,243.65234375,135.9375,288.203125,190.07568359375,0.6249298597194389
2013-06-24,9,634.1,256.015625,180.0,163.43710939874993,180.0,16.562890601250075,0.0,75.37841796875,62.265625,90.15625,232.58056640625,0.3700080971659919
2013-06-25,0,611.3,243.671875,152.03125,152.03125,152.03125,0.0,0.0,242.28515625,168.125,289.609375,187.88818359375,0.5014107214832729
2013-06-25,0,634.1,257.421875,172.5,171.76584475031245,172.5,0.7341552496875465,0.0,78.4619140625,59.296875,88.90625,223.623046875,0.37737258074553487
2013-06-25,1,611.3,225.46875,154.765625,154.765625,154.765625,0.0,0.0,236.87744140625,179.0625,284.0625,192.2119140625,0.44326719917547025
2013-06-25,1,634.1,254.921875,174.53125,166.89199221124994,174.53125,7.639257788750058,0.0,75.59326171875,64.53125,87.1875,230.8447265625,0.29971256015244
2013-06-25,2,611.3,240.9375,160.3125,160.3125,160.3125,0.0,0.0,222.88330078125,136.640625,288.046875,188.96484375,0.6793072853340344
2013-06-25,2,634.1,259.6875,174.921875,164.89133303156245,174.921875,10.030541968437547,0.0,76.6162109375,54.609375,89.921875,222.9931640625,0.46090115352749983
2013-06-25,3,611.3,282.96875,158.59375,158.59375,158.59375,0.0,0.0,226.494140625,86.171875,280.15625,204.716796875,0.8564653128098996
2013-06-25,3,634.1,263.046875,169.78281249999998,152.08535158624994,183.4375,31.352148413750058,13.654687500000023,70.46630859375,47.03125,82.890625,240.8447265625,0.5088868101028999
2013-06-25,4,611.3,216.40625,146.015625,146.015625,146.015625,0.0,0.0,239.326171875,177.890625,286.40625,185.97900390625,0.45342147141633005
2013-06-25,4,634.1,253.90625,170.546875,170.546875,170.546875,0.0,0.0,78.47900390625,66.640625,88.28125,224.18701171875,0.2757505055218541
2013-06-25,5,611.3,220.9375,157.03125,157.03125,157.03125,0.0,0.0,247.29248046875,183.515625,290.0,183.9599609375,0.4306009418408348
2013-06-25,5,634.1,256.640625,173.90625,173.90625,173.90625,0.0,0.0,79.8486328125,69.453125,90.3125,221.40380859375,0.2612364703724087
2013-06-25,6,611.3,248.515625,153.28125,153.28125,153.28125,0.0,0.0,248.09814453125,164.765625,288.4375,191.064453125,0.49847964495527497
2013-06-25,6,634.1,257.65625,169.53125,167.57062990656243,169.53125,1.9606200934375693,0.0,76.07177734375,58.828125,90.703125,231.56494140625,0.4190121634198787
2013-06-25,7,611.3,242.5,104.06953125,157.265625,157.265625,0.0,53.19609375,201.31103515625,28.828125,274.6875,201.50146484375,1.221291097177923
2013-06-25,7,634.1,266.71875,139.04140625,143.93288576593744,179.453125,35.52023923406256,40.411718750000006,69.3798828125,38.515625,86.71875,236.3818359375,0.6947709198395383
2013-06-25,8,611.3,233.359375,160.46875,160.46875,160.46875,0.0,0.0,235.72998046875,171.5625,286.25,189.814453125,0.486520635906996
2013-06-25,8,634.1,256.484375,176.25,166.48657228937492,176.25,9.76342771062508,0.0,75.37841796875,61.328125,90.9375,231.0986328125,0.3928097165991903
2013-06-25,9,611.3,257.03125,161.09375,161.09375,161.09375,0.0,0.0,248.07861328125,197.578125,290.0,193.5888671875,0.37255075630086704
2013-06-25,9,634.1,255.234375,192.265625,169.79162600031242,192.265625,22.47399899968758,0.0,75.90087890625,64.296875,89.765625,232.3583984375,0.3355527678600148
2013-06-26,0,611.3,226.015625,157.96875,157.96875,157.96875,0.0,0.0,243.03955078125,159.375,290.390625,181.7236328125,0.5390712111623421
2013-06-26,0,634.1,258.046875,173.203125,173.203125,173.203125,0.0,0.0,80.37109375,57.96875,88.90625,217.412109375,0.38493317132442284
2013-06-26,1,611.3,218.515625,156.25,156.25,156.25,0.0,0.0,238.42529296875,169.140625,291.40625,183.5009765625,0.5128047594179748
2013-06-26,1,634.1,253.671875,175.703125,173.03498537531243,175.703125,2.6681396246875693,0.0,78.73779296875,67.03125,88.59375,222.67822265625,0.2738519735822145
2013-06-26,2,611.3,274.375,157.65625,157.65625,157.65625,0.0,0.0,239.16015625,168.90625,288.359375,185.06591796875,0.4994691710902409
2013-06-26,2,634.1,253.125,171.640625,171.640625,171.640625,0.0,0.0,79.482421875,68.125,91.171875,220.8740234375,0.2899619117827743
2013-06-26,3,611.3,244.84375,158.515625,158.515625,158.515625,0.0,0.0,245.634765625,185.46875,289.765625,188.65966796875,0.4246014391921441
2013-06-26,3,634.1,255.9375,183.59375,170.82280275812494,183.59375,12.770947241875064,0.0,77.69775390625,62.421875,87.96875,225.90087890625,0.3287981146897094
2013-06-26,4,611.3,205.625,140.9375,140.9375,140.9375,0.0,0.0,233.94775390625,133.671875,288.203125,171.3916015625,0.6605374380380903
2013-06-26,4,634.1,251.25,164.0625,164.0625,164.0625,0.0,0.0,82.3876953125,71.71875,92.421875,211.16455078125,0.25128904166419724
2013-06-26,5,611.3,211.40625,156.484375,156.484375,156.484375,0.0,0.0,243.53271484375,172.734375,286.953125,179.5849609375,0.4690078294954437
2013-06-26,5,634.1,256.640625,173.203125,173.203125,173.203125,0.0,0.0,80.93505859375,70.46875,88.828125,216.41357421875,0.22684081928146965
2013-06-26,6,611.3,239.53125,144.921875,144.921875,144.921875,0.0,0.0,230.39306640625,137.65625,289.609375,178.92578125,0.6595386196738335
2013-06-26,6,634.1,259.609375,166.09375,166.09375,166.09375,0.0,0.0,79.34326171875,54.765625,91.796875,218.06884765625,0.46672205298624575
2013-06-26,7,611.3,264.140625,162.109375,162.109375,162.109375,0.0,0.0,236.00341796875,163.046875,289.296875,196.02783203125,0.5349498794831742
2013-06-26,7,634.1,257.578125,180.703125,159.95578615656245,180.703125,20.747338843437547,0.0,73.6669921875,59.0625,90.3125,234.82666015625,0.4242062702989329
2013-06-26,8,611.3,240.078125,158.515625,158.515625,158.515625,0.0,0.0,230.9619140625,154.0625,290.546875,178.40576171875,0.5909388807847614
2013-06-26,8,634.1,253.984375,174.6875,173.61667482843745,174.6875,1.0708251715625465,0.0,79.7705078125,66.484375,92.578125,218.14453125,0.327110240558242
2013-06-26,9,611.3,239.609375,159.296875,159.296875,159.296875,0.0,0.0,243.6865234375,170.9375,289.296875,182.27783203125,0.4857034083395115
2013-06-26,9,634.1,253.75,186.171875,179.14272463312494,186.171875,7.029150366875058,0.0,80.58837890625,66.875,89.765625,217.07763671875,0.2840437456451271
2013-06-27,0,611.3,207.03125,155.3125,155.3125,155.3125,0.0,0.0,229.775390625,123.359375,291.328125,174.873046875,0.7310127927238727
2013-06-27,0,634.1,260.546875,174.765625,174.765625,174.765625,0.0,0.0,82.07763671875,52.578125,91.640625,210.859375,0.47592135399625213
2013-06-27,1,611.3,220.625,158.359375,158.359375,158.359375,0.0,0.0,242.05810546875,193.359375,289.609375,184.51171875,0.39763179924758185
2013-06-27,1,634.1,254.6875,180.859375,175.52919924249994,180.859375,5.330175757500058,0.0,79.3017578125,65.078125,89.0625,221.37451171875,0.3024444307616526
2013-06-27,2,611.3,215.234375,158.046875,158.046875,158.046875,0.0,0.0,236.07177734375,183.59375,290.3125,181.81640625,0.4520606029267284
2013-06-27,2,634.1,255.3125,182.1875,174.98276369562493,182.1875,7.204736304375075,0.0,80.205078125,63.671875,90.3125,218.22021484375,0.3321563375136978
2013-06-27,3,611.3,261.875,158.90625,158.90625,158.90625,0.0,0.0,236.76025390625,172.96875,284.453125,188.59130859375,0.4708745372614125
2013-06-27,3,634.1,257.109375,185.0,166.75097658624992,185.0,18.24902341375008,0.0,76.35986328125,60.078125,88.75,229.873046875,0.37548358218499217
2013-06-27,4,611.3,235.0,143.59375,143.59375,143.59375,0.0,0.0,248.17138671875,176.71875,284.0625,183.5302734375,0.4325387846651779
2013-06-27,4,634.1,251.25,169.453125,169.453125,169.453125,0.0,0.0,79.794921875,71.796875,91.09375,222.1923828125,0.24183086525517072
2013-06-27,5,611.3,236.40625,158.4375,158.4375,158.4375,0.0,0.0,250.1220703125,174.140625,291.40625,181.67236328125,0.46883357735480724
2013-06-27,5,634.1,255.703125,173.4375,173.4375,173.4375,0.0,0.0,80.92529296875,73.203125,90.0,217.74169921875,0.20756026186381873
2013-06-27,6,611.3,221.875,154.84375,154.84375,154.84375,0.0,0.0,240.283203125,162.03125,290.9375,178.2568359375,0.5364763259500102
2013-06-27,6,634.1,253.046875,174.53125,174.53125,174.53125,0.0,0.0,80.75927734375,68.28125,91.796875,217.63427734375,0.29118171649687113
2013-06-27,7,611.3,229.375,163.75,163.75,163.75,0.0,0.0,247.71484375,197.265625,288.4375,189.67529296875,0.36805172277852244
2013-06-27,7,634.1,258.4375,199.84375,163.56931154718745,199.84375,36.27443845281255,0.0,75.1416015625,63.671875,84.53125,234.93408203125,0.2776008837481318
2013-06-27,8,611.3,228.125,157.34375,157.34375,157.34375,0.0,0.0,245.10498046875,181.40625,287.109375,181.796875,0.43125653668011354
2013-06-27,8,634.1,252.421875,179.6875,176.16376955499993,179.6875,3.5237304450000693,0.0,80.126953125,69.53125,89.0625,220.27587890625,0.2437538086532602
2013-06-27,9,611.3,248.90625,160.703125,160.703125,160.703125,0.0,0.0,255.8642578125,181.953125,291.015625,186.240234375,0.426251407415889
2013-06-27,9,634.1,253.828125,180.234375,176.58681642999994,180.234375,3.647558570000058,0.0,79.31640625,69.21875,90.390625,223.98193359375,0.2669293277517853
2013-06-28,0,611.3,215.703125,158.515625,158.515625,158.515625,0.0,0.0,235.0,92.734375,288.515625,180.06103515625,0.8331117021276596
2013-06-28,0,634.1,262.65625,173.44921875,170.04721682062493,182.890625,12.843408179375075,9.44140625,79.29931640625,48.046875,89.0625,220.24169921875,0.5172254548813152
2013-06-28,1,611.3,238.75,148.671875,148.671875,148.671875,0.0,0.0,258.89892578125,215.703125,290.78125,189.86328125,0.28999009854307134
2013-06-28,1,634.1,252.34375,171.796875,171.796875,171.796875,0.0,0.0,78.4423828125,69.6875,87.65625,227.1142578125,0.22906940553999378
2013-06-28,2,611.3,249.375,159.140625,159.140625,159.140625,0.0,0.0,233.52783203125,178.4375,291.5625,184.8876953125,0.4844176345749741
2013-06-28,2,634.1,256.71875,185.859375,168.76926271906245,185.859375,17.090112280937547,0.0,78.14208984375,60.859375,88.984375,221.9873046875,0.359921267222795
2013-06-28,3,611.3,227.890625,158.28125,158.28125,158.28125,0.0,0.0,242.34130859375,187.65625,290.234375,186.4306640625,0.4232795704340993
2013-06-28,3,634.1,256.015625,183.046875,166.45131838312494,183.046875,16.595556616875058,0.0,76.806640625,62.265625,89.609375,229.3603515625,0.35600762873490144
2013-06-28,4,611.3,235.546875,150.46875,150.46875,150.46875,0.0,0.0,251.07177734375,192.109375,290.703125,185.12451171875,0.39269148863757913
2013-06-28,4,634.1,253.59375,172.578125,172.578125,172.578125,0.0,0.0,79.03076171875,67.1875,88.90625,224.23583984375,0.27481387661796053
2013-06-28,5,611.3,232.5,146.71875,146.71875,146.71875,0.0,0.0,252.71240234375,180.859375,289.296875,183.38134765625,0.4290944923727913
2013-06-28,5,634.1,255.15625,170.859375,170.859375,170.859375,0.0,0.0,79.6435546875,68.046875,88.671875,222.7294921875,0.2589663417325731
2013-06-28,6,611.3,220.390625,152.96875,152.96875,152.96875,0.0,0.0,238.05419921875,181.953125,289.609375,179.0625,0.45223419857035907
2013-06-28,6,634.1,253.515625,173.671875,172.92922365656244,173.671875,0.7426513434375579,0.0,79.87548828125,67.34375,89.84375,219.97802734375,0.28168841886481033
2013-06-28,7,611.3,250.234375,160.078125,160.078125,160.078125,0.0,0.0,237.86376953125,149.0625,287.421875,190.732421875,0.5816748606677683
2013-06-28,7,634.1,258.828125,188.359375,160.59916994562494,188.359375,27.760205054375064,0.0,74.833984375,56.484375,86.171875,231.748046875,0.39671147070337986
2013-06-28,8,611.3,242.421875,158.203125,158.203125,158.203125,0.0,0.0,250.91796875,196.640625,291.25,186.748046875,0.3770530084844711
2013-06-28,8,634.1,255.078125,182.65625,170.31162111749993,182.65625,12.344628882500075,0.0,77.66845703125,64.140625,87.734375,227.548828125,0.30377518624461697
2013-06-28,9,611.3,265.0,161.484375,161.484375,161.484375,0.0,0.0,256.4599609375,217.265625,288.90625,188.212890625,0.2793442872646269
2013-06-28,9,634.1,253.046875,193.59375,171.24584963312492,193.59375,22.34790036687508,0.0,78.1689453125,68.28125,87.109375,227.626953125,0.24086451371103754
2013-06-29,0,611.3,231.953125,160.625,160.625,160.625,0.0,0.0,243.1982421875,100.9375,291.5625,185.634765625,0.7838255666874134
2013-06-29,0,634.1,262.109375,177.6796875,164.84726564874993,190.703125,25.855859351250075,13.0234375,77.0068359375,49.21875,88.28125,228.3203125,0.5072601610551012
2013-06-29,1,611.3,245.234375,156.640625,156.640625,156.640625,0.0,0.0,254.4580078125,199.921875,289.453125,188.2275390625,0.35185078579241263
2013-06-29,1,634.1,253.515625,177.03125,174.02209475031242,177.03125,3.0091552496875806,0.0,77.88818359375,67.34375,90.78125,228.37890625,0.30091213992414506
2013-06-29,2,611.3,239.53125,159.53125,159.53125,159.53125,0.0,0.0,255.7861328125,216.09375,290.0,184.71923828125,0.2889376729979956
2013-06-29,2,634.1,253.90625,187.109375,175.76716310968743,187.109375,11.34221189031257,0.0,79.404296875,66.5625,86.5625,223.623046875,0.25187553806419877
2013-06-29,3,611.3,250.3125,159.609375,159.609375,159.609375,0.0,0.0,251.04248046875,181.25,284.0625,191.1083984375,0.40954224085113833
2013-06-29,3,634.1,256.484375,187.421875,161.60390627374994,187.421875,25.817968726250058,0.0,74.93896484375,61.328125,90.703125,236.52587890625,0.3919856654178205
2013-06-29,4,611.3,237.5,156.71875,156.71875,156.71875,0.0,0.0,263.14453125,207.734375,289.453125,184.912109375,0.31054701996585765
2013-06-29,4,634.1,251.484375,177.578125,172.77939455499993,177.578125,4.798730445000075,0.0,78.88916015625,71.328125,89.6875,226.9482421875,0.23272367158728685
2013-06-29,5,611.3,220.3125,146.484375,146.484375,146.484375,0.0,0.0,265.3759765625,216.5625,290.703125,181.43798828125,0.2793795654013873
2013-06-29,5,634.1,256.328125,170.78125,170.78125,170.78125,0.0,0.0,78.95263671875,70.9375,88.515625,226.71875,0.2226413927456013
2013-06-29,6,611.3,228.359375,156.875,156.875,156.875,0.0,0.0,256.11328125,200.390625,283.59375,183.212890625,0.324868451155342
2013-06-29,6,634.1,252.65625,178.125,178.125,178.125,0.0,0.0,79.658203125,69.6875,90.703125,223.4130859375,0.2638224837562829
2013-06-29,7,611.3,247.890625,164.375,164.375,164.375,0.0,0.0,239.36767578125,178.671875,287.109375,193.50830078125,0.4530164720281503
2013-06-29,7,634.1,259.84375,202.734375,156.96801760187492,202.734375,45.76635739812508,0.0,71.6064453125,60.9375,86.484375,245.40283203125,0.3567678145243778
2013-06-29,8,611.3,243.046875,156.796875,156.796875,156.796875,0.0,0.0,256.48193359375,198.359375,288.984375,187.33642578125,0.3533387273333016
2013-06-29,8,634.1,255.234375,177.65625,167.96723635187493,177.65625,9.68901364812507,0.0,76.54541015625,63.90625,86.875,231.96533203125,0.3000669792364367
2013-06-29,9,611.3,249.0625,160.9375,160.9375,160.9375,0.0,0.0,252.15576171875,201.09375,288.828125,191.640625,0.34793722103347113
2013-06-29,9,634.1,255.0,191.5625,164.14218752374993,191.5625,27.420312476250075,0.0,75.09765625,64.296875,88.359375,236.2744140625,0.32041612483745124
2013-06-30,0,611.3,251.953125,158.125,158.125,158.125,0.0,0.0,239.85595703125,103.359375,286.640625,190.75439453125,0.7641304901012774
2013-06-30,0,634.1,261.953125,179.08984375,166.81267092218744,182.03125,15.218579077812564,2.94140625,77.841796875,49.609375,91.25,224.7802734375,0.5349391544348262
2013-06-30,1,611.3,247.890625,151.015625,151.015625,151.015625,0.0,0.0,251.2255859375,172.109375,289.6875,194.19921875,0.46801811432236495
2013-06-30,1,634.1,257.1875,172.8125,169.19230959406244,172.8125,3.6201904059375636,0.0,77.79296875,59.921875,87.34375,225.23681640625,0.35249811699723826
2013-06-30,2,611.3,262.109375,155.9375,155.9375,155.9375,0.0,0.0,247.07275390625,188.59375,289.296875,190.07080078125,0.40758490528749713
2013-06-30,2,634.1,252.890625,175.15625,175.15625,175.15625,0.0,0.0,79.248046875,68.515625,92.34375,222.2900390625,0.3006777572396796
2013-06-30,3,611.3,261.71875,160.390625,160.390625,160.390625,0.0,0.0,246.60400390625,202.1875,286.015625,193.4619140625,0.3399301052381471
2013-06-30,3,634.1,254.921875,189.84375,162.80253908624994,189.84375,27.041210913750064,0.0,75.82763671875,64.453125,89.84375,232.958984375,0.33484658231108533
2013-06-30,4,611.3,274.375,156.015625,156.015625,156.015625,0.0,0.0,257.4755859375,183.359375,291.25,186.669921875,0.41903244770628284
2013-06-30,4,634.1,251.40625,171.71875,171.71875,171.71875,0.0,0.0,80.60546875,71.71875,93.046875,219.14306640625,0.2645989823116065
2013-06-30,5,611.3,248.671875,141.875,141.875,141.875,0.0,0.0,249.97802734375,187.96875,290.625,184.7265625,0.4106610932601498
2013-06-30,5,634.1,256.015625,168.671875,168.671875,168.671875,0.0,0.0,81.66259765625,73.203125,90.0,215.0048828125,0.20568626864779216
2013-06-30,6,611.3,268.359375,157.734375,157.734375,157.734375,0.0,0.0,250.79833984375,199.453125,287.421875,195.009765625,0.3507549135086199
2013-06-30,6,634.1,255.15625,181.015625,166.80385744562494,181.015625,14.211767554375058,0.0,75.2978515625,64.0625,88.359375,235.46630859375,0.32267686920433175
2013-06-30,7,611.3,265.15625,162.265625,162.265625,162.265625,0.0,0.0,231.91650390625,152.265625,286.953125,197.68798828125,0.5807585822113208
2013-06-30,7,634.1,258.59375,195.9375,150.78095705499993,195.9375,45.15654294500007,0.0,70.7861328125,56.953125,85.46875,243.974609375,0.4028419673035801
2013-06-30,8,611.3,268.203125,156.640625,156.640625,156.640625,0.0,0.0,249.19677734375,176.640625,287.5,195.703125,0.44486680839807585
2013-06-30,8,634.1,256.796875,177.5,162.52932131281244,177.5,14.970678687187558,0.0,75.41015625,60.625,91.40625,233.26416015625,0.4081844081844082
2013-06-30,9,611.3,272.1875,158.90625,158.90625,158.90625,0.0,0.0,256.72119140625,187.265625,290.546875,195.37353515625,0.4023090163856476
2013-06-30,9,634.1,256.015625,185.0,166.16928713312493,185.0,18.830712866875075,0.0,75.21728515625,62.1875,88.046875,236.0888671875,0.343795644129962
